order_id,payment_sequential,payment_type,payment_installments,payment_value
c0db7d31ace61fc360a3eaa34dd3457c,1,credit_card,5,65.71
60ead11db6b36221fe1424e330883a9a,1,credit_card,1,44.0
f51e3c7f79d1e2c076acbb6af1588b95,1,credit_card,1,130.22
db43c1a570e28fe9da60a444e3616a2b,1,credit_card,7,186.72
242e24b7eaa9f48cde9d679f8591124d,1,credit_card,4,236.66
3f5a1c29c5881cc9902ed702efbdde45,1,credit_card,1,213.9
d087b8e096ca051f548e29b324272834,1,boleto,1,72.05
18dc026cdb7d39abde1489c336528961,1,boleto,1,134.99
c75886866a89a0c9a04fbcd4699f3772,1,credit_card,10,667.99
ebee038c5993647eb1defc78207cd187,1,credit_card,1,114.25
fd26702a3f7ee5d86580de591ff53e3f,1,boleto,1,56.42
689e8820798347950a2649f71c734bd0,1,credit_card,6,189.98
1d5912d4e665fb2a085a50fc13007c02,1,boleto,1,69.9
d82255dd8d216b8577f8f2527ce817a1,1,credit_card,4,89.57
1662797f04736ea5acb5de67d5672fcc,1,credit_card,1,74.29
8f9b2d4a6cd80dc716a380365561a133,1,credit_card,1,197.04
71749baed4a3e47f47aecfced7c70ec2,1,credit_card,1,26.38
92e3a3bff7261e031fc2901b229ce73a,1,boleto,1,212.73
816b15129b14c066ff4f5755938aefb0,1,boleto,1,126.44
48ab980d180764382cfa411d2fb63dc0,1,boleto,1,86.83
1475652ad485c6469bd02393c70fdaa9,1,credit_card,2,81.73
33ce126846ecce9afdfe8f1b93551928,1,credit_card,2,61.79
9dece38ba34c2b0050efef28e85d7bde,1,credit_card,1,32.72
675d6533ed09bea158fd932431474b82,1,credit_card,10,255.76
25e8002575a945e8d4ae84ca208daa50,1,boleto,1,104.07
15623f35d6d5eaa2fcd185a613927e86,1,boleto,1,131.8
9c83e600b8c156f1b50b753f30e93634,1,boleto,1,84.05
e326f9904d668c8e2fce637b8b1fabe6,1,credit_card,3,180.47
7ef259be178f9f06c72a57add85b71cd,1,credit_card,3,372.67
d35551f33906e01d035a5f40e1bd1732,1,credit_card,1,576.2
7c67a9f94c58c5b1c1a40953151fbccd,1,credit_card,1,35.24
b5a892962efd7d07db86cf0eee45fdff,1,boleto,1,64.44
370e2e6c1a9fd451eb7f0852daa3b006,7,voucher,1,6.82
069d921a767dfeb76fb4a7f39bc4217c,1,credit_card,1,158.21
cf40f4e7a565c0a50f13f0d95f3f3cc0,1,boleto,1,45.89
d91a712b4ecf0cba1183e01e2808599c,1,credit_card,3,154.51
1a69d5fdff0003d4571dffa1a9a10967,1,credit_card,2,94.7
63576020815760d4b5d11cef32595ada,1,credit_card,3,425.6
0c7a17af18a4180dbfee261ce22edb69,1,credit_card,5,205.45
363fe8f62de97e4334f5c88e3d9e73a8,1,credit_card,1,89.91
bf7937a823a3232d50fe7a0520ae8c0c,1,credit_card,3,138.24
7a189472050d185af07c5550a7dfc5ad,1,credit_card,5,620.68
8337da5abde9a018a9ab51bf20aee333,1,credit_card,4,197.69
caad52d4e709edbd81fa417ccc0179c0,1,credit_card,3,113.05
5b04efc47b042c9734bf6d5a67be3b6d,1,boleto,1,28.08
505a3bb5ff0c07fe7d0557cab70693ae,1,credit_card,8,193.51
198078b833ce5c6249ea278d2bb3e220,1,boleto,1,119.84
f2f99bdf2e5cc73abc5e135a2ab1767e,1,credit_card,2,46.13
028e8f5a96db8d372890e03d22829e9b,1,credit_card,1,20.75
4ef50a2c9652e429d7d7591a0712aad0,1,credit_card,1,135.72
56a726fa0f40d3678696e62aaed9690d,2,voucher,1,33.05
3ca6693c62bcb94cf84a1c9f89191483,1,credit_card,10,204.53
aae94c2aeef4dd87a92315ae2f25f67e,1,credit_card,4,126.64
66b59bf4515765f0bcfc3e42cf2ff344,1,credit_card,2,173.86
381d16906fcc904fe66028d7438ebc3c,1,boleto,1,116.94
414fe5cf5ccc8afed3c265aede6cc37d,1,credit_card,4,65.99
cc2462dfe3164edb93bf14003c301c3a,1,credit_card,6,185.94
4519eb4d4f31920150447454d2a0b560,1,credit_card,1,70.34
eede6f786783c6fc09da4a544e83e4d8,1,credit_card,4,412.42
c4cac393cb3ff78fe2823fc2222d1f04,1,credit_card,1,261.07
0229b2e398fde4545d32b5bb232973ad,1,credit_card,4,1017.63
425de35c38a6fbe5030783d1ebf2b93f,1,credit_card,1,278.11
e9a6252140ac4d9e51867934fad095eb,1,credit_card,4,114.04
e4b2030986f453ba45c63a508073e3d3,1,credit_card,3,253.07
16efc11ccab2e8a17656020f80cd39e3,1,boleto,1,255.93
93ee9cb7db8225691be98c521eac1e28,1,credit_card,2,186.92
21a00b08cbeb5716bbb66105e3dbd850,1,voucher,1,51.17
3438960569bf3e42fa63f8e7bab0ac03,1,credit_card,2,113.58
083dcf8ec0ff8aedc0d7ad8063baad80,1,credit_card,2,136.6
69b018bee00243bd10c2f8634e068f78,1,credit_card,1,53.13
c85617bff1ff615fb850f55304688d60,1,credit_card,4,305.65
56a879c57a3b6118c13d30799d1ae6a2,1,credit_card,1,94.95
50d8c54f968d5b38446e26e018dc89c9,1,credit_card,9,261.42
4a62fb19d5fa08fb514619dfcc617b3d,1,voucher,1,612.54
fdf440c2e9c4b940d8bac16acb13c7c0,1,credit_card,2,44.0
80a02feb35f630ff84f1c40179f58bf7,1,credit_card,2,116.36
0ccc4d2c7102c48188f50be5107fe442,1,credit_card,10,1738.17
b844269f8f77813365bde577805911f1,1,boleto,1,98.16
ab116cd2cf14c6bfe1c624dfaedce308,1,credit_card,6,253.22
d8af11fee1f5a13bf7b3584b9cce55fa,1,credit_card,4,42.0
40b0e6507607e122ac052bf9426dba12,1,credit_card,1,96.32
40f74de53615f2e4d81c384c983b74e6,1,credit_card,5,313.85
667a47b3d52c6e88390b50708a061561,1,credit_card,5,124.83
0794929f95ad2d3371bf525e22a2603f,1,boleto,1,181.47
36ea02534d94c9d58bbbd06fddb3fa9a,1,credit_card,7,135.08
b516aaa690f572fbb0bcd7159d394115,1,credit_card,1,30.66
e57050216cdcbc40e35c8f5667f7806e,2,credit_card,1,21.21
02be6bbf24cd996eb35dad6e9e7a09ab,1,credit_card,3,260.0
a650c3b90a4fe07df3649652c1571200,1,credit_card,10,123.05
ac21bec6ae437954a28c4db16dd5737f,1,credit_card,10,518.59
67642a6b87ab5c8cdfffd5b81da8a501,1,voucher,1,115.45
dd36773263ff4067f6b50d5a7ad9d8b8,1,credit_card,3,142.1
ee9ca989fc93ba09a6eddc250ce01742,1,credit_card,1,1.76
47120c8873cf3ca85fec9f20ec00a032,1,credit_card,1,31.75
8796f3e2ab6a3baee74225a78c550c0a,1,boleto,1,212.4
3287906d23c6e6cb0ebb48f0b766001b,1,credit_card,2,56.69
a967b2911a10315ea9e93191515fad0c,1,credit_card,1,4.18
c4cf1a86b458b000b27d777cb8232932,1,credit_card,1,45.0
446c4ce86a1a5e91febd73e589af48be,1,credit_card,6,157.55
f2d872bfea08d627b7910014e94c7e3c,1,credit_card,4,49.42
7f116bbf2524150eb7f7f2a5f0b458eb,1,credit_card,3,97.87
b178d37bc8cf0346e18f4ebeff294dcc,1,boleto,1,125.75
8df2f7a8d9fb8958675f795e2f71f27d,2,voucher,1,11.58
d21ad12ba64a2a372a9f78c1bcd003e6,1,credit_card,3,274.74
eeecf0540c4a674f123d57397790b15e,1,credit_card,1,47.03
6895a2cb864a4bdb6ae98c2328666108,1,credit_card,4,274.97
38f95affd04d115a3cf2c655d000581f,1,credit_card,3,106.07
89253d28593c5b4eec3bbc9638a055d3,1,boleto,1,143.92
23878b3366bb97c4877f944c685fc546,1,credit_card,3,54.34
dceff4e9cefb999404dd921642d20111,1,credit_card,5,55.1
1aaa0de1005b5e253fd4805a69715d65,1,boleto,1,68.63
897fab0704eda65c69520010b02a3fee,1,credit_card,1,52.05
26343f9d74c00cf82b588331730367e9,1,credit_card,4,208.88
aa4634ff761133d98df37cc039021823,5,voucher,1,9.8
6c8638c1f5868621b0dd457371188635,1,boleto,1,32.29
ed274ecbd297951203b23b1e071eb593,1,credit_card,2,64.48
b6ada13d6a3410de57d6f0268420de95,1,credit_card,1,37.77
c9229f668c1028a77a433afa8b93f122,1,credit_card,1,142.71
3ee6694bb99d5a6db0deceffcd099597,1,credit_card,5,54.92
7b9d2b13802cfc504efc515be768ee0f,1,boleto,1,305.79
fcc1d095fad4806c94b96c7bbe51188d,1,credit_card,1,54.37
7e284574be8d83b004427c79e11a1a99,1,credit_card,4,246.92
e98a7233637d3d8e07adcf92b23daaf3,1,credit_card,3,67.43
3ad21c0e40b33f2600a06e99f27a5fe2,1,credit_card,6,68.0
b32669c7ee374ba5372e0824e5ec560c,1,credit_card,1,205.76
fcaa22948cf53b9b3ff7de0c67b6391c,1,credit_card,1,36.75
fa65dad1b0e818e3ccc5cb0e39231352,4,voucher,1,29.16
b80a30ad4fad5c35fbc7904d46cb25e6,1,credit_card,3,35.75
277ab1e8a777fefb696951ae7750c810,1,credit_card,2,87.73
6c8c84221e424ef0729c9e08d70ad8c7,1,credit_card,9,92.9
b23f0b276fa55094ad39dda33c542976,1,credit_card,1,32.42
71385d0c646fbc757cfd07df085986d7,2,voucher,1,159.12
3be081dab4d2bd03cca448a1e0befbd5,1,credit_card,1,28.08
0166cc8756d58b4a30fb49de83527120,1,credit_card,3,37.77
34ac92bbb6413e7f6efd32aa6a30fe37,1,credit_card,4,195.13
ce9924e409dde4b753e2893f0835ba62,1,boleto,1,81.92
49a7909b97f9d04abf822c29353fe343,1,debit_card,1,118.93
30f571a5f7cc70ba231ce76fbe1b17f4,1,credit_card,3,172.44
0a5a2c824e893eb66abd0d869f6c45e6,1,credit_card,1,160.5
20edc82cf5400ce95e1afacc25798b31,1,credit_card,1,54.97
6582b7b59ad963f7a510455fb9185d1b,1,credit_card,2,71.91
f838a927949e184c27e9965fdb239fcf,1,credit_card,3,53.52
3e6c77a5839517805ed2f8f80e7d9054,1,voucher,1,21.38
3c3d88787b28904377716a09b10fb0e4,1,debit_card,1,151.54
e4aac63ea6f6b75b6d91ead05207fb43,1,credit_card,3,138.15
625b3de89355b67e8efec2e3c467d6e0,1,credit_card,1,23.23
102dc75f04e28c228169dedb666dcd3e,1,credit_card,2,28.0
5f8727348fdce5ad81ba441d3bf9e18c,1,credit_card,2,139.8
3f5021a01daf8329b31882a467b8da0e,1,credit_card,3,62.46
afc5e76e5cc169a08cec884d98173efb,1,credit_card,10,394.83
5ff05cd5557e3cc10ba2ef800f2b8da6,1,credit_card,8,297.16
34b3d6f518fb789c443e4ec00f9bb0ce,1,credit_card,10,355.1
7a2e13975471a7fa79bf252ac36cc095,1,boleto,1,38.99
d57afd1eb0696854d3351e5926aa9813,1,credit_card,2,139.89
395363317a9cc3945212a000edf960d3,1,boleto,1,160.76
cd9b48fbcef64e5b838f5026ac43c776,1,credit_card,5,103.36
21b2689d22f457f04c68814cb269764d,1,credit_card,1,70.38
f1c39491d69990f9682d8dc91e190fa5,1,credit_card,4,41.58
10016b700b98966403aafded9f2e168d,1,credit_card,1,10.28
f6a62f93fc38410844863ed6a061f425,1,boleto,1,167.81
a6ecc5068e6e585b2dca3e496ba4b277,1,credit_card,3,151.23
aeeb0a68040240daa8065187ca9d0770,1,credit_card,3,163.69
1428d5591252000b5c73e00f91d4889a,1,credit_card,2,109.65
154296963babe7e6f491818cb07b17ba,1,credit_card,10,176.65
b86315db97d202038cd115a7785eb2c4,1,credit_card,1,97.26
93791e16d527404f5b4e2ea370afa984,1,credit_card,8,166.82
ece456981916b0a15389f632ca95e4c4,1,boleto,1,341.02
b8831de8421ce05d880cb13b8610f9c3,1,credit_card,10,506.46
388241639571ce95ace22e76655719f9,1,credit_card,4,89.36
7588fbb6c9001d45b0f2bafb4be7ef56,1,credit_card,10,154.92
9b91ddcbd6cbceb83d4fd2462ca1f95e,1,boleto,1,19.62
fe489200f721ffaeee9f708dae591569,1,credit_card,1,149.22
03dec253b6e471bd5b0653cc53b79e95,1,credit_card,1,158.38
5855ed67c59c23f410f190aabae43591,1,credit_card,3,50.1
c0fabfdace2df4fbd9e0e958f29a2cd7,1,credit_card,4,46.84
3d6b0a5241a441368d12c56b313c6f70,1,boleto,1,61.01
03138c298bfe1ee7855eefc9442346a8,1,credit_card,5,59.47
a81be81673bee4a384c6b5468a606478,1,credit_card,3,211.07
4ec755335e77b43c823c978d570fe48f,1,credit_card,5,178.27
ff3a6dc71d198630c018885d4049ef6b,1,credit_card,1,60.75
4bf16e837c4354cd06225050a018094b,1,credit_card,6,60.0
e14ca33656133486b155bc46e5b742c1,1,credit_card,1,97.88
3c21b0106dae1dae82f648a22f94a98c,1,credit_card,1,35.01
8c2ce0a5a34c3f1e1a56aee2283a45d4,2,voucher,1,118.98
717255f43d5c9b702e9bc8c7d03a82ad,1,credit_card,5,196.36
2d582ca9251cf300ff17929c5151438a,1,credit_card,1,335.47
8c0af913eb525b355c4997a2a4166696,1,boleto,1,172.55
aa07fc0f496d65986abc9044683b8800,1,credit_card,3,397.04
f8d631ef8b5096ff7454bf32eb066adc,1,boleto,1,51.13
1ccf7e1581518166ddaa4fe829c3ca11,1,boleto,1,44.59
d014768ef3626e852218e98382169840,1,boleto,1,62.85
8ca57f2b32c00588cab243b2115441f5,1,boleto,1,1480.73
a65b4ca3851f2b54790d82614f404348,1,boleto,1,71.92
f6ed6898419c893a57cd88e7dbbdb2c7,1,credit_card,1,162.26
13915b8e35e0ca97dcbdf2cffe7233c5,2,voucher,1,100.0
27a940efdd448db29463b53ea0cfa2f4,10,voucher,1,6.06
13915b8e35e0ca97dcbdf2cffe7233c5,1,credit_card,1,11.02
2f2d19b0f7b592189062b9ba3eaecc16,1,credit_card,4,213.78
ddf7e19dc4d5ff4be22e808142f35e5d,1,credit_card,8,528.77
3b80f5f8f9c4664e52e228a8ce5752f9,1,credit_card,2,161.66
2297a47ed15e99116ac68cdb390cd700,1,voucher,1,18.0
52d39ff4d1bec82c2e57105ce078804d,1,credit_card,5,277.46
f4b76dbfe0f911217da5adaa458f5b5b,1,credit_card,5,165.71
60a33bdbdd12f868ce8db165ae533c18,1,credit_card,3,183.8
0e3338b5499d77ae55c16c4e1c9f30e9,1,boleto,1,179.86
c2e38eb887763f42dbd2417388e62b7f,1,credit_card,6,64.11
ed965f5b2d371fefa5afc3ded3835a0e,1,boleto,1,57.43
22aceb58bfd80959564e4b2ecd9ea0ef,1,credit_card,4,65.01
6b6de07ee5e837bde4aead95e9891f0e,1,boleto,1,43.41
b653d11a2d36e5f0ef423e03e28e7682,1,boleto,1,77.51
e6e2b1d0f8a98dca93bfcc801eaedc3a,1,boleto,1,100.67
bde5891c6b5d690163ceae7143c288f4,1,credit_card,5,62.82
2cbc30cc52609a954b2eda461da97579,1,credit_card,4,147.52
55ca27587481961b3a085c32da46f015,1,credit_card,4,141.55
0ce1d0a0c2f36c2ba5f02094119bbebd,1,credit_card,3,218.1
d1c2348d6bb4417cb581eb1d530ae66c,1,credit_card,3,95.21
2c40105463f11c726046975015826e55,1,credit_card,1,44.11
858dc2838532d6ec487b622925f25c56,1,boleto,1,55.0
ca8371fd938708a12fe7ddb1d5d7d14f,1,credit_card,2,104.56
0db67754b16d1c810f66a42f0f726359,1,credit_card,3,199.75
da291372a3562b947e6b2b57bbfa5b74,1,credit_card,1,115.34
3d0e84aa6695f156f958a00ca2a2745b,1,credit_card,2,109.5
c6b0f4a5ccf598922d592d8c56c044b7,1,credit_card,5,211.12
5d4641e1bc38e17f79478bb33fdfbb0e,1,credit_card,3,173.9
0ead7996f8952fba09e18bed9872414e,1,boleto,1,87.23
93e89f81c82a22b8095dd19f7f973abe,1,boleto,1,47.38
8a6b47967a3590fb66d3b0a503b7e155,1,voucher,1,874.08
214e3e63d08a54a0670daa8ce72df870,1,boleto,1,180.33
2d1e2d5bf4dc7227b3bfebb81328c15f,1,credit_card,3,134.83
b27afd384fc03b22ea356feec6f95dbf,1,credit_card,1,43.29
b826c69bf943ea295e515a1078f76086,1,credit_card,2,76.58
ac7838d68577acf6e79c465b25ce9268,1,credit_card,5,115.44
7a8adf1b52b8d3c0735699f5708bf513,1,credit_card,10,1083.78
4aaf9b9778e313ecfcfe11ba5673b136,1,credit_card,1,288.43
9dabd200c58f609f380ecd1e44898086,1,credit_card,2,260.97
e0f9722525043b60edddacd46709fea1,1,credit_card,2,83.13
d0a40dd7cfaabfc2d7f0c6de2ab71b34,1,debit_card,1,37.72
43a23a9a05a87ff4d46b5b18829fe9ae,1,boleto,1,60.55
fa65dad1b0e818e3ccc5cb0e39231352,9,voucher,1,1.08
f54fc4773a70856861f06fd47df664aa,2,credit_card,4,151.26
9d83ef2eae9001ced10bfc373722a184,1,credit_card,1,72.05
4e8c3b29f4bcb44200ab8296779d910b,1,boleto,1,216.36
5dd21baa3b88bf3e97bcc80aa1b0b52a,1,credit_card,5,75.2
65744f8262c57c8b664c16aa7ec85879,1,credit_card,1,55.01
7d6ffa9ff53fd7da04eb9025ba231be2,1,credit_card,6,326.92
5e11fe9f9a64d664e12cf549745060e0,1,credit_card,1,57.1
8e572fc4edc8dafc89bb18bf812916e6,1,credit_card,3,114.91
39900b73a172015fa77a5a451c3cbc95,1,boleto,1,29.13
c477a36e7fcc7a915483289ed00f6ee4,1,boleto,1,289.61
7c14826dc2064f880f7652f2b1da73e4,1,credit_card,2,53.37
938cf86c22cfbcdef5e04f4038fad081,1,credit_card,3,69.73
35cf1961f10100bb2198e4f935ab4173,1,credit_card,1,63.0
fa82edaf6d788f4a8a80e2f8fc4cb9b7,1,credit_card,1,82.75
893d40b53f61002a75eff0c92b557219,1,credit_card,8,197.85
4ab27bfc7c06209a6e08813ca2da35af,1,credit_card,7,268.46
47de8637746123051630916b1ab338cf,1,credit_card,1,175.82
ee2201177cf7e3f0d85cfb44a6a548d3,1,credit_card,6,738.19
30433431f5393fe9934458f0f02e04e8,1,boleto,1,31.99
699787f56da4a1d2e5ef4ac575681986,1,credit_card,1,121.4
89d9b111d2b990deb5f5f9769f92800b,1,credit_card,1,21.77
494dfa139a38449b378d01cca4c0a6a0,1,boleto,1,151.47
c1ef9804b695d6060c0964f2c6324433,1,credit_card,1,43.77
9af9ab2e5e9932c6d31b5fb79e8c844b,1,credit_card,2,74.18
523d5e9ab692bee9c8dfd7063351f696,2,voucher,1,35.08
27c60cfbe4965270943d7cdab0989038,1,credit_card,6,185.18
60587a0b83305888501192ff07ba8bb9,1,boleto,1,63.73
35e3f3cac84a02e430e53ca318ce9791,1,credit_card,1,22.84
f87e6a448c7194cbe50fa937efad03ba,1,credit_card,8,521.37
de339d3dab036509a47753ddb94f1d55,1,boleto,1,307.24
f8033eab5248939afe7fa7feb4ac4866,2,voucher,1,25.0
8880101bd698b1b1c4d7f46a246c620d,1,credit_card,2,53.01
6660a709a26684b66ea12d604ddf0579,1,credit_card,1,21.77
3ec8d477ad3b18290ba325fecaf053f3,1,credit_card,1,58.37
32c9679b14183d04c1ffea3f6e5ae12e,1,boleto,1,127.5
068c06f0ea08ab32e127f87aafaa834d,1,credit_card,4,117.85
d16e915397932f8b3510f595170d1d6b,1,boleto,1,48.22
f16cbac8a72057c2daba4b64662100ba,1,credit_card,1,99.29
024602a52e3c89ca5f963affcd2bedad,1,credit_card,3,46.2
bafb40f7e8faf993b7d5da5114f4bd56,1,credit_card,2,92.25
7d7802f0d69dc1e8aca3e936dee50912,1,credit_card,1,25.04
3f75656d4a9d4b3e18204bae2bd96925,1,credit_card,1,36.46
d43472e081e497455a0b707e249ce567,1,debit_card,1,113.97
71c903bedef48954734ef47b8a9be312,1,credit_card,1,35.77
c3e4094adfa71210e702f8e3f90b5569,1,credit_card,10,189.4
575cf745e50a19f7d43cb7831c5c76ed,1,credit_card,1,8.49
4069c489933782af79afcd3a0e4d693c,10,voucher,1,38.38
8ae04dfbb6a99bc4d4871edc08bf8ee8,1,credit_card,3,91.36
6d1f29a9262130c47ca823ee31e85c17,1,boleto,1,92.32
cdf4b0d5611fbf52e84ea0dc45f5ba8e,1,credit_card,3,172.16
29d0a45c5f4c8f6d17e390ab762df890,1,credit_card,1,134.3
a7d73128b7dc2644c342e7495ebe8e3f,3,voucher,1,150.3
64d08d57c3320c16b1e8db97bfc9b314,1,credit_card,1,73.34
c4af0542c4e80ac8948b90a8e681438a,1,credit_card,2,56.02
e006227af733ca3bcba32f5577afd6d6,1,credit_card,1,107.89
0d66368d8615f7b306db970f3ba475ee,1,credit_card,8,319.81
4b75f705b345b06e009842c77701f7cd,1,boleto,1,236.7
54afcb850639d95181bf3ee674f97c25,1,credit_card,1,30.0
1cfb210fdaf81f98065605323fe31fa3,1,credit_card,2,96.8
9c9353e8fd52f68f8442e580b5f2bba6,3,voucher,1,57.92
f76b26cd77226ba5e1e3c800cf1e6ff2,1,credit_card,1,81.74
06c2f55902daa48386515225a766e7d1,1,credit_card,2,116.36
bd1befc72cade5c00562b4bfd1a85485,1,voucher,1,55.0
4fa562ccf4105ec42bf3934fcaf418ed,1,credit_card,1,283.0
92be217451e443e50d816ab21286d00d,2,voucher,1,72.43
2efab00b70c96a73f5fed910d373957a,1,credit_card,8,252.26
fa65dad1b0e818e3ccc5cb0e39231352,2,voucher,1,8.51
ede1ae813d155e5d908cc6209fb95301,1,credit_card,1,74.47
da48c3a7c7a54b3a4fa8e4f0d0a0e49a,1,credit_card,1,128.26
fda14ed39c4cbf5c218cad0c470ce3be,1,credit_card,7,390.77
6b0918aeb353fa97d8df7b685c19e14f,1,boleto,1,161.42
c2339bbec3aaccee5dfb887e03903617,1,debit_card,1,189.0
730829b3aeb0e111d1d9bcb2b04c3179,1,credit_card,1,147.23
decf73db7f53552bc92e1720be4f0995,1,credit_card,6,100.19
607ee697173850d7eb749c1fc01be313,1,boleto,1,27.23
96c85fb240067205674e99425c5df3de,1,credit_card,1,146.56
9566b36fbba7756a79b5d2cba4e058d9,1,voucher,1,85.52
c337be7e160adf73d51a64678b8f7ede,1,credit_card,1,58.67
dcc0ebfe0fa59c24fd859aacb8e1f2e9,1,credit_card,1,33.57
a024d7476a847e0453984eecb8be6076,1,boleto,1,200.33
b0ab2270e1963a7e70de3b7b433bfc2a,1,boleto,1,55.09
8ef90bbfd83a3525620bc52b758b655d,1,credit_card,3,181.6
95e01270fcbae9863423400103359279,1,credit_card,5,115.22
1146fb180e28dfbfdbfabd7249026429,1,credit_card,2,106.54
dd12ffa175ee0c7931890dd19db54427,1,debit_card,1,165.8
f97b2bdfbaca9c2f04722d8cbc8cc8a5,1,credit_card,3,245.6
3e290444f5680a0f8a95b7d87980a358,1,credit_card,2,61.33
e1b7512618fd9b1dc5bba0cfe3a7aee4,1,credit_card,6,137.99
ccb44718a5b5b8bde31b24e888d56d09,1,credit_card,1,76.76
2aec6692fda08fb7a050a161ea7eb59c,1,credit_card,5,101.22
34ce0ca85ae4e7d8cad0c61a10236321,1,credit_card,2,163.61
3dce4634061e7ca468efb0460a7a37f2,1,boleto,1,98.27
4d43556083ebb5d85e8a49e87730add6,1,credit_card,8,249.79
42ac49d6394099d7c2a5d2d7fd813bd8,1,credit_card,2,73.68
00d50baf1bc56a3c59de1810a6b84b0d,1,credit_card,8,188.24
0286c83491d80e29a5f16c150abb76b2,1,credit_card,1,37.77
97bb7e5d1176813061e12ca420b8a8e2,1,credit_card,3,36.78
aa7d642fecef401c80602a4dcb0a82ac,1,credit_card,10,214.17
9afd8793167c97876e93424de3f01498,1,boleto,1,322.58
f8332e57ea462615c306d9c51333b744,1,credit_card,1,104.21
3386674e0363653ac5f71597d88d80fe,1,credit_card,10,1861.26
4e99d33f688f3a9af1feb6d2f50d7509,1,boleto,1,306.86
cad74364289ac320e036ecf2a457c562,1,credit_card,7,73.16
b69113e2cb7e946f2aca03d4eab65c0f,1,credit_card,1,92.97
443038d9ed6b74bc4f7bfa679ce81bf1,2,credit_card,1,46.41
27a940efdd448db29463b53ea0cfa2f4,8,voucher,1,7.8
7b27aa8a07339a1e651fce232621d0cf,1,credit_card,7,746.83
a8b6cffc34d25d7c6dea874c364232f6,1,credit_card,2,63.91
d933bc3298b938687c5aab9685d2108c,1,credit_card,3,189.72
689fb8f117f6d979dc761429176bb52f,1,credit_card,3,148.15
b7052b027c0d0f9034f466378c59248d,1,credit_card,2,48.19
518d8ea442ea12acede1c064a54cae32,1,credit_card,5,226.36
f9f91e01e98440ee1e84dbcfad27fdbd,1,credit_card,5,109.5
cfebb97f36814d6f42de3df1e03d0210,1,credit_card,10,147.39
e91e4fa5f881fa870e71c30c2c1921d5,1,boleto,1,157.3
e0e95960e8abbd803bbd543d2225c328,1,boleto,1,205.29
0d541e7454eb298f2548f6c161741ddb,1,boleto,1,123.52
c365542345d9e49d2a7b3bfe7b89b559,1,credit_card,1,48.0
96cf4805d2e98446035e05b0874255bb,1,credit_card,2,28.09
b0928556a10706af462ca2ab2c91903b,1,credit_card,1,106.73
0900f1b09f4249e09ce4735618757707,1,boleto,1,126.19
65f4f976c2281eb3c5f69547ca21893d,1,debit_card,1,49.46
fa65dad1b0e818e3ccc5cb0e39231352,25,voucher,1,3.68
50cf9a3b5a1afbf90ea3ed1b52469788,1,credit_card,3,146.46
2f3a10460f829a155fddd925f0e2f9c5,1,credit_card,8,195.0
e7deb83d07b89b75079627c99028d57a,1,credit_card,3,121.2
d85c21edbd2d9fc056908945b37bb577,1,credit_card,10,752.04
804b3f6bad007a44efd1fd85f0291070,1,debit_card,1,319.8
0bc9cc637f074aa7df9fb7f206125066,1,credit_card,5,53.1
3a8e8e947707941c5e3af4aa4da84478,1,credit_card,7,159.85
43af6866590ab60c4848da9f146fba99,1,credit_card,3,34.42
7ba66cc7f94f613ad60852e42e42e7e7,1,credit_card,1,34.0
44aec9c2be37dd0f0b954562c94ccfec,1,credit_card,2,168.29
0176a6846bcb3b0d3aa3116a9a768597,1,boleto,1,53.68
de7a40e39e02017beee1513d57ea0467,1,credit_card,2,77.97
2af88e292104c45837ffce587530757e,1,credit_card,3,242.24
12a6df267536bb8c253d9e7bb8b9e4aa,1,credit_card,3,182.91
1b68cfcb862b5d454c4812021edbe3b4,1,credit_card,10,268.84
85cc597a6403094c0e538adabc0965b6,1,credit_card,6,143.92
1175d97a3d270dddf3146abe7f5e4934,1,credit_card,1,62.93
ac71263052acddd3b2031b5937f8fc30,1,credit_card,10,133.28
e2ab87d52fec5bcac4a7a5206eba10fa,1,credit_card,5,53.99
f3d113574c163b8642fb44302c8fe0c9,1,boleto,1,1090.68
9eaeb9a3ef1fbb54f2c06d5ea38dd919,1,credit_card,1,124.28
c262d9407971d247fc7683fc716ab9ab,1,credit_card,3,143.71
5b0a937c574c108a5e2359af5665b99a,1,credit_card,3,231.6
750a504dabdd1c0910ec98db80d14ea2,1,credit_card,1,36.1
405b7a0bffb459dbc7646665024a2665,1,credit_card,4,223.54
248b9e7139f9afa6227c51a42ecb915a,1,boleto,1,138.73
95d01aa47c6ad56612e6c8e9057647bf,2,credit_card,4,51.38
d1fd0b3e5098a55e5c4a672e25527b97,1,credit_card,6,67.3
bf0310bae1a889330a16496d6f7b8628,1,credit_card,2,175.77
408e91bfedadd9e3a02ea46af7e6cb4e,1,boleto,1,20.75
7c37777bdd8b3124246796439d94e8de,1,credit_card,5,266.4
b18c7057bf0a8cf25032b7dc0a680796,1,credit_card,1,96.8
e04227003e31c861c6d5953a9ecaffb9,1,boleto,1,225.63
ad7d9326d258f80eb37b239345f12bab,1,credit_card,4,176.2
20b1d8c9683a66f9810b31604fc5f540,1,credit_card,1,1006.12
52fb3b22b5c78d0b753ffeb820ed01a1,1,credit_card,2,138.03
d4fde1071e39ee8e421d916f13291d2a,1,credit_card,4,128.22
a54a8115a2feb724778f05afb10f69e5,1,credit_card,3,147.15
4d2280f2d019f91aa6cb3e4e4188d984,1,credit_card,2,115.92
cd49c5c6f772ac87200f116a7a5499e5,1,boleto,1,116.43
26298a4e971b2abb0e472ae55f3a6cd0,1,credit_card,3,803.04
df23ed2daa7af696a5334c284dbc13ba,1,credit_card,5,54.1
6935b759d76562923a21746fce73fe75,1,boleto,1,213.98
e67c98054d83d2b7a9ba6e37eb2ca005,1,credit_card,2,57.14
7f802d7c70300edaea3d120f8c34843a,1,credit_card,3,51.5
42c2b836618db2b955ea569011464e97,1,credit_card,2,46.61
6e1e856a0fa5c51efd83408e3f8d1fe3,1,boleto,1,54.17
7c6a24cab7128145feb51412987798c6,1,boleto,1,39.97
762264d81c3f54fa5e5a4e02b84eb85c,1,credit_card,3,229.63
1a494062b68a8ed99ba9171cb9c9aef5,2,voucher,1,16.78
4381a33db9b7771fc9ace541e507972e,1,credit_card,1,67.62
efa916a75b5d88fd21c5e217c691e81b,5,voucher,1,53.81
eee0d370c2154116eb2fe9e4c75532e6,1,credit_card,2,268.24
af1f8e604dd6e52d35dd93dd7c2b46da,1,credit_card,1,75.51
dd91bcebe3c4f665242db31b800a2b59,1,credit_card,4,124.69
6f41a6473f4122e2cdc762a8988a67f0,1,credit_card,6,159.14
4ec16f88e884232366f73009df2bf045,1,credit_card,10,336.94
a2e9aa14d517e240f6e7c7243dc1f639,1,credit_card,2,127.26
4152a677b7acfa7fdab8dc8e1dd436eb,1,credit_card,1,216.15
60e2e89624c1d0711e325baf34fe2327,1,credit_card,1,90.19
31f67bef2180ffdf0dbf11db4b0a4380,2,voucher,1,50.0
7f8345ecf528aa9b47423c9cc5ab3986,2,voucher,1,250.0
d1329f2d9a7c9c972b1ab5c6b7c8d3a5,2,debit_card,1,164.8
0af905b4a536b95528b4eb5dd2c192da,1,credit_card,4,222.9
956fa289d4963732b9c806fcc3eb3d57,1,boleto,1,327.37
e4b35ca9f1267c27309ebb5b2afc0587,1,credit_card,1,48.69
e16e5b4572640ddc3de053a9b0f6432b,1,credit_card,6,230.44
502f9fab8b6ef318e23a5700a237ef1b,1,credit_card,1,94.43
4c22be46e1fe5c05c6ced534449f7432,1,credit_card,3,169.89
076d1555fb53a89b0ef4d529e527a0f6,1,boleto,1,2713.36
b0cb5e1b222437d8ee177f463fbcf464,1,credit_card,10,111.18
445cd794c7ff61866803ea314dabe645,1,credit_card,3,54.87
286799f6e867edeb5b42441294e8ce90,1,boleto,1,51.55
0ea948e1fe88f71d0724adcdf03f3a1a,1,credit_card,6,146.13
be6eea060429ae021a46df0a1990365c,1,credit_card,4,59.85
ee9ca989fc93ba09a6eddc250ce01742,3,voucher,1,12.49
f1212e6a9a3c4bb982fa155936732fc4,1,credit_card,1,149.89
d2945e686c883978378a10e49be7fb24,1,credit_card,1,99.23
fe62bcdcf8ce8da3e223a41f588abdce,1,credit_card,1,47.37
0715dfcf2383aa72c181d8b47f6cb589,1,credit_card,3,97.02
83ff9791592c2639213863eb5f08b1bb,1,credit_card,3,30.0
13ff6c4c055b81a28af3b21f157f4255,1,credit_card,2,65.71
ef4927f51923ddcf7b75fb84f51126b7,1,credit_card,4,62.78
00750f68bb64537034e93554c64b41b5,1,credit_card,4,137.16
4c0b506d42a6b9fe0951c6cc05419141,1,credit_card,5,109.59
ba6fe5e92a31200b06b69c99171eacf8,1,credit_card,3,82.68
f54fc4773a70856861f06fd47df664aa,1,credit_card,4,151.27
f46d498479ef20f7cbe0d471d9ca0bcd,1,credit_card,5,272.64
01d48ed99667ce49eaeaa7980a31b987,1,credit_card,1,31.88
92be217451e443e50d816ab21286d00d,1,credit_card,4,77.22
5685548b79358ab0ae555e21ef9cb4ea,1,credit_card,6,234.33
adb1748adc3299b13377d760724388f8,2,voucher,1,3.57
9c3580e890d4e5c7a6f8ca754b9aff45,1,boleto,1,157.29
1fed99a98b731643b3b81a56f08b4bfa,1,boleto,1,203.3
41d0cc817d720d7f3860716b335a3cb7,1,credit_card,2,131.89
4c4590c53b8582812e4bf510d3e55e58,1,credit_card,4,77.6
116916cf522fb4386293fb7cfa886e7e,1,credit_card,4,485.59
a531f18d52ebc430be165b4ea5a7bf5b,1,credit_card,8,176.99
da0b8ba8e2730558871c2f9eb672e787,2,voucher,1,55.47
66eb8c748be99c3107d318f370cd9aa2,1,credit_card,1,134.27
6a98fdd0da4868008ed2b97194165cb7,1,boleto,1,50.56
60c46973a2a9ad727ea9c45695b2b312,1,credit_card,1,404.28
4d59cc2a2e7bb6c0a851725f5888a9b5,1,voucher,1,69.46
cabfe1219e952ead9a914adde40efc42,1,boleto,1,139.52
396af24f9fbfbbb946c61236fa1cf895,1,credit_card,2,264.83
aa7793d3985f9a2e8ba25eb1907fc587,1,boleto,1,30.13
51b3d3b824ebde9c8e8d84d17e98d88b,1,credit_card,2,148.15
fe752108fc4e35deba17eca323635246,1,credit_card,5,417.83
2c049735a0947b4e13924963336e5b3c,1,credit_card,2,134.59
135873f19ffdd8c0841b7e7b7c45220c,1,credit_card,1,35.36
1e0472c015f18d557d20db713af0f356,1,boleto,1,185.34
a28afc1326ae005c8fe230354d0aee19,1,credit_card,1,77.57
962938a0eb303d087976fbcbe632723a,1,credit_card,2,49.63
27a940efdd448db29463b53ea0cfa2f4,1,credit_card,1,1.87
693d0d4622b8c4324e34ae71fe19a58f,1,boleto,1,28.34
ee9ca989fc93ba09a6eddc250ce01742,13,voucher,1,6.51
e5d3ccacd4c9d00c28a3f328f72b254f,1,credit_card,3,355.26
9cf5e2afa7553fb777a59471a72cd2bc,1,boleto,1,95.56
8ba172a5cefe32a643579fe4c0a5ceee,1,boleto,1,51.88
bfd5957bdfbc86a1882ee0dfa7a36a47,1,credit_card,4,183.5
ff8bdeef9673478654432c723a74309b,1,credit_card,10,180.51
df04e901d675a6c329be16feac866548,1,credit_card,1,81.5
87d43116721d5ee0c0748fd7d393cc9d,1,credit_card,1,123.34
bf5d8018171eeb0788be7f1c871eb981,1,credit_card,10,248.85
4d9a2be7276029d8369fbf0fe73b6c0e,1,credit_card,1,106.06
fa65dad1b0e818e3ccc5cb0e39231352,14,voucher,1,0.0
b7137352bdf2d8985750a6b13d49b2d4,1,credit_card,5,57.1
644a4d69c39a2ed9ae0b84f27a442b71,1,boleto,1,31.75
268270567c35e07af0d2f8c8cc978410,1,boleto,1,138.54
29e364dfcbd17d9ebd50456ac1cdd335,1,credit_card,6,168.2
05d7aaa733ad65477075a3b5bf0f1017,1,boleto,1,31.75
354a5b90cf468691c4b06debfd2c8115,1,credit_card,3,87.99
819928f65fed7471ab4f5a39391bd67f,1,credit_card,1,76.08
0c29afa3d55c9d983ff14ae80e79984a,1,credit_card,1,76.02
122804b6e70597eca700595473d8297b,1,credit_card,3,70.03
77d4a04d4a453d14c0a086cfd2f00fec,1,credit_card,4,68.04
b0ff49d6e778f78efe9eb70252a367d4,1,credit_card,6,308.42
914b9f8c467264d57ba0df4ee274dd0e,1,boleto,1,146.07
869bb454aa7fd93af2e620c1d34d5e49,1,credit_card,8,1341.55
3b20eefea25e9f7a1f09b7106c26da95,1,credit_card,1,55.97
1f32e76e92fc0ebf756639dad26ebaa9,1,boleto,1,220.04
f8bb4d404d187c79b86ccf852dfa345e,1,credit_card,1,24.27
5b72a0a59eaf0de6502b2959810e3dd5,1,credit_card,1,42.77
373fa646df70e5064388905c109571ec,1,credit_card,3,66.94
8b2fb881ec8d04ffa5bc7a27833ad984,1,credit_card,7,182.62
0ed85071f4330f23eb0a71d4c26ded6a,1,credit_card,2,113.56
9a50f016b349f16c4b2e42a4be02d1c3,1,credit_card,13,278.0
0312ecf90786def87f98aa19e0e0ce63,1,debit_card,1,42.78
492e8ed750e427ec9d97ca8d4d4eb69c,1,credit_card,7,75.53
f1fef02958f49028cbdab162242010b8,1,credit_card,2,123.97
43ed2e201f59c4d2f7778d8e8c526fae,1,debit_card,1,185.94
cc9bbac0ab49464c551e527df59db18c,1,credit_card,3,43.17
1ea7acde8dacf11a098d0b85b13cdc0e,1,credit_card,8,1479.51
92e0e57ece13a66d7232aa795367d00b,1,credit_card,2,39.39
73925631ba33c322f310fa0a01283e76,1,credit_card,6,79.14
d66c390445566a6735c7a703c75e4e68,1,boleto,1,110.71
18b33f2430f136a8deba8893596a53da,1,credit_card,5,196.66
179e23361d372901e40a92f8c29bd61d,1,credit_card,8,187.2
e708577dce77e8e44c1bd9534419576e,1,credit_card,1,99.9
fe157fed1771944584f95dce138eefad,1,boleto,1,305.43
c3cf2a2c2e8b5cfbe960f65bf800b91a,1,boleto,1,79.95
6cbb7541cec244760660574cd04791c8,1,credit_card,2,89.03
c111660003fe3dd242a376599653b22a,1,credit_card,1,62.28
cc6ff18551eb92a7b41171d26f847102,1,boleto,1,115.5
ef8ce968377e840a2be50d7c49a1f4ce,1,credit_card,6,455.11
4726bb2be36557009e1f231af49916e0,1,boleto,1,24.84
27c666cbe2691774436144c46aefe216,1,credit_card,2,174.86
006cb7cafc99b29548d4f412c7f9f493,1,credit_card,3,70.14
1eeaec28c1a699b3b423fba26109e197,1,credit_card,5,150.91
e05e3102d6fa4071b4a80e822231596e,1,credit_card,2,124.96
5308a8e3331c9fab38efdb6a6c1d89c4,1,voucher,1,40.0
c4e6c7d5fa7585017ea3c7bdaa32a956,1,credit_card,4,214.16
ee9ca989fc93ba09a6eddc250ce01742,16,voucher,1,6.51
64958fed45ad3cd3b84be03fd9ac01cd,1,credit_card,3,56.85
faa72e2db68f17d71fa5c725cafc53ad,1,credit_card,1,126.2
a382cb8f8029155c37cb65eed956b494,1,credit_card,4,76.51
54219c88839d9b1991f5550734f20c9f,3,voucher,1,27.39
2297a47ed15e99116ac68cdb390cd700,4,voucher,1,20.0
c8613f1f2b834e72422ddd76442f677c,1,boleto,1,54.59
6101d68c2fb03e7c4571839add1a24b0,1,credit_card,8,180.85
9c2ba52157b36c56751de3ad0e6ec01c,1,credit_card,2,110.55
482c3ed0fe2eb68b316507e78faa6783,2,voucher,1,50.0
37792549e9a1606a574bb4a8aa76136e,1,boleto,1,56.75
1b31224d12bca993297e386557c6a6d1,1,credit_card,2,129.91
bc21fd56e19626007f06da1b7f7b6c39,1,credit_card,1,53.77
8d49bed8f03eff2e3595adfc9043a4f9,1,credit_card,7,538.6
67174eff886029c2cc97d11c74eea9a7,1,credit_card,5,194.92
af392a2dadd37ee4dbdbe2dbdf4682f8,1,credit_card,2,38.09
4af5a3b197af9f20f2ad9f856fdcc301,1,credit_card,2,129.83
6657640ffd626be03509bc9226994b36,1,credit_card,1,7.18
793fe057b09c8c2bebdd48451e985432,1,credit_card,1,91.01
f30e745209cd648c475f3949b1adb2e6,1,credit_card,3,121.93
b54e7e86152b2e409b6cc7080eddc990,1,credit_card,1,44.25
b409363b150c3fc8fe6dddae1bceb1d3,1,credit_card,1,55.79
49ca71290aca256140005165217e2644,1,boleto,1,65.63
39948b49e7e68844f9f5a31d12a3c4c6,1,boleto,1,294.32
2663ce3526465b7ee9809428adabdc45,1,voucher,1,71.61
10016b700b98966403aafded9f2e168d,5,voucher,1,3.47
e99d985e66dc0f62859946b86b5beaff,1,credit_card,2,47.34
6c2df403c867a6aa913b387d92999d43,1,credit_card,2,163.08
83ce097e3397deaca1b9af25b0e0b469,1,credit_card,5,153.31
dc2c0025f3f86a410c2bc10ba8f350d2,1,boleto,1,25.13
1f57e9ff5f61f27154f91721393f9615,1,credit_card,1,38.0
2613fb342bec59126f9c5180a5bc95ec,1,credit_card,6,62.59
0942763b4318676d85b3185d80f57cd3,1,credit_card,6,267.18
81378cf8e638ced3a370966f23a32ca4,1,credit_card,1,127.92
96acc057158c055d3508b8379df12cea,1,debit_card,1,184.92
98dd966a1e38eb56010bc5d422f3d3ce,1,credit_card,2,157.98
7c0fccdcd5978f52b402a916980f127d,1,boleto,1,30.28
8dc23e32f69367ed60a8fb3979e3cc48,1,credit_card,10,114.58
5e52347cf930a594b49921ee25d22742,1,credit_card,10,294.7
6657640ffd626be03509bc9226994b36,2,voucher,1,61.17
fa65dad1b0e818e3ccc5cb0e39231352,29,voucher,1,19.26
fa65dad1b0e818e3ccc5cb0e39231352,28,voucher,1,29.05
7742297b8ce3c16600efdeca04a70937,1,boleto,1,67.62
c45408df26d1ce2b64518a9a9d65fd04,1,credit_card,4,49.55
7f539983cfeeeb17fa4a9bb2df43d4db,1,credit_card,4,182.86
444cac26abc4e08633d89fb741c242d8,1,credit_card,6,64.23
a85c8521d3ad60bf120cbacb00e099ce,1,credit_card,2,134.42
c230f6e954ab2b2aed5ad7458d539258,1,boleto,1,139.47
011c899816ea29773525bd3322dbb6aa,1,boleto,1,99.9
6685b09627204e7cd04be4b077ad21d6,1,credit_card,10,218.54
69aa05a091f9c98077f9a2ed8a2dafdd,1,credit_card,3,163.46
92cadc3e20edf9c11602105c344a717f,1,credit_card,4,159.62
4d018d28940042ac4bfd91cb21ac8b8b,1,credit_card,1,170.84
36a2993f853a2f6132cdda1475bf2acb,1,credit_card,4,40.22
0c57cbfd927d9e62af8beee6d48920b7,1,credit_card,1,167.2
82edaaa3e8d63b2f7442f3f2199e3803,1,credit_card,2,163.71
53d06d4e404736f8d7d8795474e5845d,1,boleto,1,64.57
8b3ccc5332b429f163452dc90d206891,1,credit_card,4,244.81
deb8ce115f74e504ae38e7db9bdd42e6,1,credit_card,3,65.94
fe114439ae61b71927352b185b73550d,1,credit_card,1,65.6
127808959bd2d08cdefdf3015fa205a2,1,credit_card,1,66.03
0a32aa7d8d3f344fb31eac306336daac,1,credit_card,2,255.6
f9d5cc83106322c8781e4cc0c0bce572,1,credit_card,3,250.99
3ba1f632cf89a08caf9837999bf827ef,1,credit_card,5,174.76
c823a55fefe27a1092a634398c62f2a8,1,credit_card,3,147.65
3bf55ff583973c0c06914babcbb30891,1,credit_card,3,360.76
26e388ebc7a8a0fa0998ad6cc4755bec,1,credit_card,7,169.32
6d7a867946b6ea936e0f9bff037d10a2,1,credit_card,5,259.87
d2b37f806be7546de2ce1d2bbd5cacee,1,credit_card,2,114.94
cfeb3afaa54f31d14c4d9a8107717ad8,1,credit_card,2,137.09
a7d73128b7dc2644c342e7495ebe8e3f,1,voucher,1,20.0
574accd5d1addd79bc32cb3effecf05b,1,credit_card,1,56.69
adb1748adc3299b13377d760724388f8,1,credit_card,4,40.52
a0171ff239b3463e4813e36663dac6f8,1,credit_card,1,102.0
aeb6c6dcbb894bc3055802e5a7c5d271,1,credit_card,1,51.85
efe7380fd1ca4f19193a35a028f0ce54,1,boleto,1,48.31
038eb192a216fe0c545a8ff3b1b96885,1,credit_card,5,51.75
aa7e9053d6514094d6d72f1ef2c2bbd6,1,credit_card,1,47.81
95606e8113c2e8087c09cffe458fbf82,1,credit_card,4,127.01
3b75fec4f1f6f22c7fd68becfadf57f9,1,credit_card,2,113.18
6dbf90ca92c05262ffcf5a7988ec31b6,1,credit_card,4,46.0
a8b78b69f09b2a198f5a89c1897f8c72,1,voucher,1,32.84
801ff9fd867535b5d27f82019cfef7e1,1,boleto,1,51.01
9f49bd16053df810384e793386312674,1,boleto,1,1488.59
2be69b19c3402f7c2ac375f252022d70,1,credit_card,1,44.32
ee708af463026757088ec8811920ad51,1,credit_card,7,223.14
455283c5e3bdcef4ead05938fa665e79,1,credit_card,1,92.78
72f2b0985c221947500b786ead233a87,1,credit_card,6,63.27
05646cef8f5791776e224b7967607b4f,1,boleto,1,45.42
6462b86adeb33354833daece8787cb69,1,credit_card,10,127.92
292d3c40e87d260ea28e83b76b5e352c,1,credit_card,2,160.64
481261db37f84927929168d7b183b54b,1,credit_card,10,163.18
197d48bed0d9f4a71682dfc048409b59,1,credit_card,7,381.86
7a2794a2a0fe321c8b3735dac52ca64d,1,credit_card,1,65.91
7b994fc7c7528d2098eebcb19d18ce7e,1,credit_card,3,99.7
2e8f6d00a2eaf2a625d99b8d0ec27627,1,credit_card,6,71.65
e8a9b36dea36cc9c246000b8c7cca976,1,credit_card,3,88.9
4069c489933782af79afcd3a0e4d693c,4,voucher,1,9.83
72f13434d0258f5c25927d2b4d5b2c1e,1,credit_card,10,216.26
ee79adbd6f648ea3c946d88fc8f3dd23,1,credit_card,2,114.68
9321ce4aafa9151ff2b57775c8d1ff70,1,credit_card,1,23.29
b1927b1b40d5a2c5e0d49a6bb76fc273,1,credit_card,3,231.27
7667f0eac9b433b02f42a902df87ebe7,1,boleto,1,58.62
f36968a6fff53a64b407f705a0566478,1,credit_card,4,396.31
7857d15c4666556ebb610d938f32eb4f,1,voucher,1,111.89
12fb3c36ed38cd5bf01aa6b287d4acfb,1,boleto,1,150.6
8a7541705a66fb7e0521852e4bb4a50b,1,credit_card,3,147.15
2c85015afa7245242d2f751099dd70e0,1,credit_card,10,321.78
64ae8cf0e642cc174881a66391200acc,1,credit_card,8,191.17
af8eabc10c9907fe66df1310db525200,1,credit_card,3,165.71
55af89bd3634844abc96b00c4caa76a5,1,credit_card,4,128.87
502070fa8a16306454d031307381a7de,1,credit_card,1,32.42
d0fb3aa60de69b80cdb04eb31fd28032,1,boleto,1,102.84
156254aa58b87bb7bad0f9e82f9bd5f9,1,credit_card,2,189.37
395cdd6553a4735ca1839ba756f6fbaf,1,credit_card,4,138.99
fd7f923cec63405c5df9b1f05d0572bb,1,credit_card,1,147.62
abd273cdcd250f53a125d77e6798e0d1,1,credit_card,1,48.21
bf8a5f3ed4349bd5873e69a7bf24afdd,1,credit_card,1,112.61
f008d12c8af46ec384fe7917b2991f7f,1,credit_card,10,1041.4
00f57f2ccce2a2e3f393fe8f5e616e0d,1,credit_card,8,285.81
f4264d035517830fb75d4dfced48ceee,1,credit_card,1,60.39
6a7f146c996d90e099636967012fdc8d,1,credit_card,1,60.0
0e6cacd64f68d4bc8b0cd488367ac297,1,credit_card,5,66.6
2c2ad0e6636d842e7f1eead45cdc6065,1,boleto,1,192.16
9cb899ec49b7c2411eae41cd5977de2f,1,boleto,1,87.34
78e0775b7967227a9d6f00277bed69e2,1,boleto,1,68.29
8553cd91f67faa93fd2aa45148bcc3c8,1,credit_card,1,37.59
5e5e74b102f501b1f57aa7ee1a7b84de,1,credit_card,1,47.75
e1a90f68f1eb2b0f154dbfdace7bdab6,1,credit_card,2,198.13
3d124284515fa7130862f5500fd95c2a,1,credit_card,1,42.51
67d24a8d137875c82f670c9e089f4a2b,1,credit_card,4,745.29
34801c59d6ec5c5e89bfefb6ebef314d,1,credit_card,2,29.0
297358750c4d97989ee76a22ce38764f,1,credit_card,1,115.13
83ea47ad24b5fce57aa5ade0fd069c94,1,credit_card,5,58.14
a19276c07c1ec9208f52e764a44acaa7,1,boleto,1,50.0
ffea5b26be781da4c215c0feb484f4fd,1,credit_card,7,140.07
9d8511a0b975c1aae5e2a9698a1ccae2,1,credit_card,5,173.53
d33a24a5ea67f8f5a06b0a32e53f3acf,1,boleto,1,78.19
f2710c3e65b68cfc927a8aac6ecebe83,3,voucher,1,40.0
3198a007090c3a630beb0fe82d14a0c6,1,boleto,1,32.09
f8718b67f7469531acea685ab46722a9,1,boleto,1,73.49
b10b53f757455227e8b972cb1faba733,1,boleto,1,36.43
3331e2e606f435cefac5a3ec86ebee7d,1,debit_card,1,116.93
7f88683c8e73da556d652a823d4050f4,1,credit_card,1,52.92
65959cbdb267c29a5cb0021a367df75c,1,credit_card,1,24.52
1391638490f9af630fb84f5da6f40843,1,credit_card,2,22.16
a3beebf1efa956ba70cf01a80c483367,1,credit_card,3,87.64
f5812a9fb42759e8e49d17f11e9d18ad,1,credit_card,4,214.05
b1873e7f1c0220c132db2642ecf2bf1b,1,credit_card,2,488.16
724d9ea2df2a8c8c93254d43a1016cb5,1,credit_card,7,473.98
d9a7926047f158ca6ab53261baaef77b,1,boleto,1,55.0
e088d467c07c9879ddbdaaa9b1c51e85,1,credit_card,2,31.11
e81638ffb72997c5bd2c1fa0f98918ab,1,credit_card,3,106.78
032de54ca8e40cca1098da6c68ba92b3,1,credit_card,3,53.27
ba9626798f8c12e1f020a6d8e40b9a45,1,credit_card,1,57.21
816c0409fb7624265037bcbadc488c2b,1,boleto,1,55.33
6bcce39be127575854779e39a50f2059,1,boleto,1,56.15
ec727bb2d54db32de3e2a4845988fe0b,1,credit_card,1,41.84
7d513824c667a2e85bbf10cb740bf289,1,credit_card,7,377.56
fbf2e87d7c7542aa36e1d91e5b462c60,1,credit_card,1,138.84
6ab7569ca759f8bc38432f315743fcd3,1,credit_card,3,160.57
babf3827fed8e4f27b7d8a680af07e43,1,credit_card,2,107.78
fd3634dbb2f578420b7b7dc1633766ce,1,credit_card,7,104.28
289745e1222668d6792ce3ccbb27356f,1,credit_card,1,719.74
c5883e5be24c4f0627d36a56ed34d190,1,credit_card,8,132.94
4f8aa330d043e9db140284db7a6c3359,1,credit_card,3,148.04
638a540852799faabe1c7c5647646c4e,1,credit_card,2,136.04
97400d97515bc5f8457c78d57a53ee5c,1,credit_card,2,236.0
819834742179a50790827926997ca8dc,1,credit_card,5,89.18
742e519465c1d0ed1dc1664ad04ba238,1,credit_card,1,83.76
76b5a5fc007406c38125f8d12147093f,1,credit_card,1,40.12
56bafc014f8ed2f34cfe598592c65fd8,1,credit_card,1,88.92
4409c188d231bae1d6cf351748ebdd4e,1,boleto,1,53.81
be2833555cf50be44d494f1fb8c95ec3,1,credit_card,2,27.77
82cefc0ed05913e6d19b9d6283dbf9cf,1,credit_card,1,89.96
181ff95f97fee531c4afa9e882186f18,1,credit_card,1,126.57
6810c2b3b3587a83d4af69dcb68295f9,1,credit_card,1,1989.75
1491a4777b694dc4c2e8916fd9a99b1e,1,credit_card,10,111.88
d4e4ac3c423a38f131a755f777d2f73d,1,credit_card,10,243.16
36d2f4c466cc35f518fac94f87653109,1,boleto,1,40.24
a37f223ddfb275821019dd70ef97b23f,1,debit_card,1,89.63
fd9b6d62141f417da1ea28881ad297ed,1,credit_card,2,655.67
540b0c68a4bc555477ee033cfb99b095,1,credit_card,5,52.59
22caa724849d26dec4cd73ffc70bc133,1,credit_card,1,83.55
76de574e14e58baded25a12dce8075c1,1,credit_card,8,105.38
1e9848c0cef533284eeb143f5032a34c,1,credit_card,3,77.69
7344405ad701aae9932fbabba0faa522,1,credit_card,4,103.37
3c1bdb3d635a802bc38ca0b87c14f2e5,1,credit_card,1,69.04
084420ecc28fd09f04b4d0c5fa9929e1,1,credit_card,4,237.97
fa6b736da07e6fab64807d4d37d8062d,1,credit_card,1,33.38
8c510c44b51565dc8e76fca5cb99f860,1,credit_card,1,248.55
eeb1f86a9f9c08e3eb0bbb7186dccf60,1,credit_card,6,79.52
abcf460ff11589e91290e8f95caeeef7,1,credit_card,2,27.4
7588fbb6c9001d45b0f2bafb4be7ef56,2,credit_card,10,109.7
b8827e3fbdce70200068de321b62f11c,1,credit_card,7,128.46
8e83e34d39ed0235b3460da4bd082fc8,1,credit_card,1,44.2
fb11e3f2905ee0f75ef24f40def76252,1,credit_card,6,128.88
0517f595d01e0c246ac759a754c6ca64,1,credit_card,6,102.96
2d2f7f564738bc7bbd535580aef84e09,1,boleto,1,187.53
f8033eab5248939afe7fa7feb4ac4866,1,credit_card,1,17.9
6fd7aad38ed11be7812e861b8947f7d4,1,boleto,1,73.49
90c086a01b85684eb03d4f7b99d95501,1,credit_card,3,60.95
a34f7357d374e2ef18edb18881327a0e,1,credit_card,2,94.21
f19b9413f2deb98fbb76c8f57ca52a95,1,credit_card,1,38.3
86ea637df14082deeadd7600d8c3ca98,1,debit_card,1,182.68
d7b00090ed4c28c03afc316bc0a2ec17,1,boleto,1,156.85
48972775375677a6b44d8733e4f8c812,1,debit_card,1,32.43
efab4aff7807bb9194a9f4f434820161,1,credit_card,1,72.15
71bb4b0d814139920f939608c9d37685,1,boleto,1,130.16
20530ee11f40ad96e576465649828c2d,1,credit_card,10,118.96
7a1b533ffb0d462fbbd28037d3540a13,1,credit_card,2,136.07
76a08caeac523a0cc04a06f35b8e9c5c,1,boleto,1,66.6
236c5c6711eb7864803f0f0c739e5c05,1,boleto,1,151.95
90c2eda21ac12f7fb2e6fe3db2b81def,1,boleto,1,127.25
d41b4a82416b8d3138e5b941cb3fa1bc,1,credit_card,10,163.44
a3d4051a7f847866e86aa7e6a7427898,1,credit_card,1,32.24
23ec62701b81a534e40494d279ea0b83,1,credit_card,1,146.66
c26b94aa87e95d1c1eb1b592f43eb223,1,credit_card,2,204.06
fa630bc4aa5f6aa35485ddc68bb56edb,1,debit_card,1,299.18
0a0e7f9881dffec612b28e2682242574,1,boleto,1,169.49
61b40f2b303f6b312a3563e508baafb7,1,credit_card,1,78.0
f2d4c5e2504657f6ee0b76fb979dd01d,1,boleto,1,87.83
b525cb89f39363a599eef15755cf73dd,1,boleto,1,77.57
02e4a3c7ec652c4ab1077763215580cf,1,boleto,1,55.76
69477156227df21c82fda29850060511,1,credit_card,1,87.32
9a8df1603191fe8fa15788692de6f4c3,1,credit_card,1,0.58
d8962b14d78c6bc197f6508354109936,1,credit_card,1,42.69
5935197a3a64cf91a125aa939d5eac7b,1,credit_card,3,226.22
7e7e972164339f32fadecfdb2c4e93c7,1,debit_card,1,235.83
1679d1eb7779b27771375628ff2f95f7,1,credit_card,3,32.77
675a27f901e5f0350eed10f052e09b60,1,credit_card,5,95.09
4a520a26516a2fba9ae35945ac6a2229,1,credit_card,8,95.18
ac16a498e09da326e763056460491b62,1,boleto,1,82.33
64930a85c555750a1f71af3d49b0c54b,1,credit_card,1,68.27
9a815b63a6443f94d67d6c8bf970aaaf,1,credit_card,4,49.25
c158e9806f85a33877bdfd4f607b72e7,1,credit_card,3,100.91
4d38bf00b95dbf4dcf2820177584ade9,1,credit_card,1,158.23
a809c12014a1497839f797359c3f6d3e,1,credit_card,3,176.23
6113b6607a9b3dba19df73168d0923e7,1,credit_card,3,215.15
e630382ebe09e682fd9032c7d269f62b,1,credit_card,1,166.82
b09d5d8070a14f3f95bbe313d671c57d,1,credit_card,1,47.29
bda3c40c66117ac3211d4934f4a43ec6,1,debit_card,1,20.06
44a9994228432b835c3a4e720b6a41ab,1,boleto,1,112.92
3eff3be449eaedf0e5b56e9a7d35bb82,1,credit_card,1,209.36
efa916a75b5d88fd21c5e217c691e81b,2,voucher,1,53.81
b89fe4be84bbe9ccae46504cda83162f,1,credit_card,6,137.99
6c3ebcad285020fe222c1bff5a23b15c,1,credit_card,4,133.35
fe98cb0615a7611265d8955be5ca9497,1,credit_card,5,54.36
b99f2ac35db6241badc2e0a4d74e79a7,1,credit_card,6,126.58
b08e0b030ec3af9bc4ca51134a0bfced,1,boleto,1,67.82
260c1e77793a506e09dd0f8135109966,1,credit_card,3,84.64
94d1193f2a0ae739f23399b913bd577c,1,credit_card,3,35.59
2d858f451373b04fb5c984a1cc2defaf,1,credit_card,4,194.0
93a157bd42d5aee115dbfbca895d9998,1,credit_card,3,307.14
a0aa66ea6d606142d5df626b13b033c3,1,credit_card,1,30.78
f7780ea2807db31691e83f0013294035,1,credit_card,1,67.67
a04875dac0e5be70a331df6f1abda67e,1,credit_card,1,99.09
bb6f77e22d300a3c74436c9ea8925945,1,boleto,1,149.14
a54dca1918f3c9eaa16ac953a5d8c9ba,1,credit_card,4,42.77
1bac6ce688aa1bcae651dfcfecfe7aef,1,credit_card,10,281.34
ee9ca989fc93ba09a6eddc250ce01742,11,voucher,1,1.68
5aa89bb7eb1a8dca4d70fcd37878c8a4,1,credit_card,1,232.35
f0cd188382c01c2acf331a637d869acc,1,credit_card,3,300.08
08ade2fc02096cf490d463016e5ee02e,1,credit_card,2,25.7
b8fe1ee18bb4fc8242cafbc4d3edb987,1,credit_card,1,97.72
d02a5a29d82eed1f82be00c04745ea7c,1,credit_card,1,51.92
1a3a7d56968e2833fcbb6d4f6885c1cf,1,credit_card,9,91.03
3335f13449d5b75804a0a49611cf11a4,1,credit_card,1,57.6
cce1b8a1c5f8b1d224e19628299c8f54,1,boleto,1,19.62
6286969c45053d1fd12f25d712734b67,1,credit_card,1,35.0
b650d7403dcbd0ea65de939ef388e69a,1,credit_card,1,55.13
2542fe494d4b37b79ed85377e12c53a6,1,credit_card,7,169.05
b41f51ebf23530b00f69e5602f81a653,1,credit_card,2,195.01
a2dd8c16ba2548569497fdc4a440b967,1,credit_card,2,73.03
6def17fbea3bc7076fe916d298c4b422,1,credit_card,2,94.3
eeb395f21c0508f1593722cd5058462b,1,credit_card,1,64.1
a7a6f07430f4582429b12cd0c2bcfd3e,1,credit_card,8,204.83
1dfc614ac8b1f459eef53dd1c85c2e53,1,credit_card,2,65.92
98c977c116f7779360e9fecffd3860b6,1,credit_card,4,43.34
3b43489e5e595593e63470f9e524d325,1,credit_card,6,64.4
7ae297a5353312db3c47746c3b1a8527,1,credit_card,6,370.59
c00ec2c5d2f145b694e4f478c71c5711,1,credit_card,10,704.32
76606b013751ab0fc648e671d8bbf16c,1,boleto,1,17.39
d6955d34f1d9983d21c67f279aadd306,1,credit_card,2,27.77
5e754503796f05f2ad0541feb16a6a85,1,boleto,1,56.37
8d9bb53f1ee340156de88d6a3aa01344,1,credit_card,3,352.66
1844430a4130a112771839a244829457,1,credit_card,2,74.03
8c64dfe75b003b8f1eddd9721843049a,1,credit_card,1,60.42
b2aadb128e84058f8ff560dbe7466c1c,1,boleto,1,344.33
12fd4ba303cb9951f45b3ce9b6ba764b,1,credit_card,3,58.75
20a3853f94a36870c5eff11d407f01cf,1,credit_card,8,367.11
e5bc6c7594c02f53761ea092c5c9af1d,1,debit_card,1,161.9
4625faca20a0183173ecfee87d9f92b7,1,credit_card,3,62.88
b7ee003a15e0771e300ba4fa565c1cde,1,credit_card,2,103.55
c0e6a4b9d9b4fb7364f6010863708cbd,1,credit_card,3,176.24
ef631f2168b86a6efd53a9fdfb9d4699,1,credit_card,1,71.88
f44845a8eeec9bf829093ad92c846c09,1,credit_card,6,69.69
3b6411f7911e3b69fa3f27220c7df366,1,boleto,1,77.55
04b8c60eb3cceaecde917716daa30bde,1,credit_card,1,16.75
06b0e5a0e09e97a92ab2614c36c4bea6,1,credit_card,5,146.95
22df89b611e2a03b4957043cf949e51f,1,credit_card,1,66.41
f8ff4b3861d957e056ce454bffbb4ff0,1,credit_card,1,100.91
de1a0e5b80f69f235671980dc449d278,1,credit_card,7,667.99
edbcacae5cb8f20f789d86dc0cf80ade,1,credit_card,2,91.84
c5351b62ac42d8a63b11a24ca403a30f,1,credit_card,6,310.65
370e2e6c1a9fd451eb7f0852daa3b006,10,voucher,1,13.79
442651ec03ad04b3ba5cd034cc8853c8,1,credit_card,1,54.1
418b064f8c759c498dff85001d3428f7,1,credit_card,1,168.92
b7379296b019454685a1d8bbd412f36a,1,credit_card,3,546.03
76cd472371f3f40f4019938329d21ac7,1,boleto,1,219.73
dfafca185f2fc62924f857e85569b923,1,credit_card,3,200.7
29b56ecd8b55b6089065dad2fe85a0b8,1,credit_card,7,79.61
00b1cb0320190ca0daa2c88b35206009,1,not_defined,1,0.0
45ff50616aff4d99cfaca273317a139b,1,credit_card,7,213.73
10016b700b98966403aafded9f2e168d,3,voucher,1,13.89
28b877013b30a7b9edf8ce22fe59087f,1,credit_card,3,321.67
0bb7e708846c7f44630a64e18292bb87,1,credit_card,4,113.62
8c389c12aa23b689926d20a01729206d,1,credit_card,2,93.64
3a1ce4053005d669ac4e0047a13573cf,3,voucher,1,20.72
30597e915fa41c74c59cf5f8ce640d3d,1,credit_card,1,57.04
df408c5fd9ac041cb84e393a6ff9e75c,1,boleto,1,121.62
81e54776f3bdf237512b1ceb5337a066,1,credit_card,1,29.51
bc238a82710ad46b0977e570ab085926,1,credit_card,5,128.45
b1ab9ab628993453ae0b068d4a8fcf78,1,credit_card,5,123.78
ee5cda8e001e5e116ecfadae037c5b1e,1,credit_card,6,112.59
fb2547a335f4231f46fd7b70e9aee046,1,credit_card,1,48.62
670c2c5576afd689e7694569bd7a16fc,1,boleto,1,85.14
779b6f84b404177ab8f8f5cfd0137216,1,voucher,1,183.32
e69f75a717d64fc5ecdfae42b2e8e086,1,credit_card,1,158.07
793e8a915e5cab9e60a0315c67380b12,1,credit_card,3,116.94
bfdf5728dc66ccaf9131885e9e39b5a2,1,credit_card,1,23.77
e924fd08e03d8ac96fb7bf1291eb7c9f,1,boleto,1,116.45
327c17fe3bf926f72f592503b52e3b5a,1,credit_card,5,278.43
704966e2252d9ef26bfb8203cb8fbf1b,1,credit_card,2,142.79
242c9821e1036401ddc1d061ffcb034c,1,credit_card,1,11.57
f7a282c5fe8addefb48793a1a8c2ea83,1,credit_card,10,298.48
38cd9a16e2ee3ee519de420fc15d77ff,1,credit_card,8,171.36
682d2a1eb8b2676fc3337cf90c96ca8b,1,credit_card,1,213.74
05871d52118762aaae93a3682fc5fe2f,1,credit_card,4,389.31
dc82ca767bb8a029bf346c1cb24bbdda,1,credit_card,4,48.7
c145341df96866c0282d832acbda1225,1,boleto,1,132.22
66ee5096e9bfe7cbb6d32e170dc477b7,1,boleto,1,72.36
b1cc044d321053348a5e482ca7e6b2e3,1,credit_card,1,145.58
de0daebf5103477af7117c12c057b772,1,credit_card,1,56.39
e9223fe7529db1d11fac85d4140bb536,1,credit_card,2,22.33
76050ac42e05f52668728d3b535629f4,1,credit_card,10,324.88
de8d425cef1f6b298913e9fc0c451d6f,1,credit_card,4,81.89
52b9aacc52af6fe2fa59c2f86e84a735,1,credit_card,10,103.47
e634ef64a41599a3ddcd8bcef955e364,1,credit_card,1,127.98
8dad890455db66ffac6129c12a659b6e,1,boleto,1,195.69
c6f232800bcc02894a679417a1a93822,1,debit_card,1,404.44
c6bf92017bd40729c135b58b643f64c2,1,credit_card,1,22.29
164aa207e1b3a4ae050656051249e753,1,credit_card,10,520.65
a23f4025d60af6199b5eb5631b070e7f,1,credit_card,10,1894.41
84ad418dcacad799e4a81ac24328d6fd,1,boleto,1,86.82
5e3ec924bc1a1f3793e12632c2b2f85d,1,credit_card,6,69.73
6bddfba55a760cef67198cac2bfcd0d7,1,credit_card,3,108.2
4abc32e9c706c58cae553dae3c2c914b,1,debit_card,1,283.02
4034b68eda61d53e7c3b417c10e8b252,1,credit_card,1,175.09
e13d1b8079da63aa71fa8ad68b3c3586,1,credit_card,8,245.35
62bffd187fdcb56c61d7980953e3ceb7,1,credit_card,1,169.73
eaa0211ae0667cb758713505ee149479,1,credit_card,1,13.24
0452090193a8d241f971d25e584e9ca0,1,credit_card,2,114.53
2dce16f88737c679c4fddab2b2cf88da,1,credit_card,6,122.17
76aa4331248df0c7d222f16901a12597,1,boleto,1,260.54
ad7af94fde1de7cae7f6aea90e45823b,1,credit_card,8,93.77
dd292af3ab66211a8d6e0e7a1ca5b03e,1,boleto,1,162.48
7db38640b175244483b5c37ac175566e,1,credit_card,3,102.03
f8822b6085858dd513bb20e7e0c88e83,1,credit_card,1,53.69
0286dd0f954cb641dc3eb5db5e4467e6,1,boleto,1,76.08
4a17b2645f4598da6cdcd43f785b9b1f,1,boleto,1,68.48
7f6209da874fb56bf2fd26791d83bcb8,1,credit_card,1,1.96
3501186fe160a6e3162126a1bfcb2e08,1,credit_card,3,274.58
d88484d12aee1fa5348ab2bbd1e967e1,1,credit_card,2,132.49
7be4a210a223f13fac663c64d8cb6d04,1,credit_card,1,133.85
6a3e9cd3ebd3eaf6a53cb71cb50941c4,1,credit_card,1,111.11
d9ecfbca463d0edab5f63732a812a5d1,1,boleto,1,153.09
061cafafafb36839a8ee7cf19ab807c6,1,boleto,1,166.7
576adb3745bf32808dc8207fe39f8542,1,credit_card,10,309.74
5857c4471757f3c88440e2f2f405c7c1,1,boleto,1,68.89
3d27905aa7b2ee7fc7bac918f949ea18,1,credit_card,1,29.77
b268bc99a523c42dc0bfe0149cd1446f,1,voucher,1,46.2
e4a03aa31a44aef0f584dff623119c72,1,credit_card,3,39.8
c1fbc5439e7dfc2d85fef29b7353bbdf,1,boleto,1,50.09
504b7cb87442ebd376fbcab13b114a3f,1,credit_card,2,167.51
c912c210c22a9527553521d8fda44563,1,credit_card,1,270.07
91bf2a67e8d316444406c19cf587914a,1,credit_card,3,167.42
b1726f5f5eee97d8fea5de3919216920,1,credit_card,2,229.74
2e7ca2344bf0db90bba866fa90409cfd,1,credit_card,5,96.24
3d8add25381cd597c33ad196fda3c36f,1,boleto,1,25.13
6ae15bd9804be2bd1217f4583325802f,1,credit_card,2,114.79
242c9821e1036401ddc1d061ffcb034c,2,voucher,1,188.9
ec149fdcafd89d783f2942078e182e1e,1,voucher,1,138.72
d9770884f02a4e0d5e0f9d8fc5f5b9c4,1,credit_card,1,73.15
c81f74e50f0496fa39716cc77cacd460,1,credit_card,2,70.83
0fc664e3e9937dfcef8a126f89b976ad,1,credit_card,1,88.58
d8e06a0d47d09dae630bf252bbf904b9,1,boleto,1,29.77
d95c7210ba7d2249083e45536f2d0a27,1,credit_card,5,97.8
99db47a6842959e2064fb56a7b4c91e0,1,credit_card,4,163.32
55a0842ea8508da4c9ef096cbac8bfef,1,credit_card,4,106.72
7053a93a4b7b5a66f27138c4bf8e1307,1,credit_card,3,35.38
e567001ce77d68566b016e7929c11bfa,1,credit_card,2,135.0
9764559652cd9a07586f59136848e1f1,1,credit_card,11,116.51
96d921e9bfe801df7426999a566a8aeb,1,credit_card,1,32.37
0fabec205828671bd770bcde304a41b3,1,credit_card,3,34.23
9f23214f021883350f10518588c2ad74,1,boleto,1,159.73
54219c88839d9b1991f5550734f20c9f,1,credit_card,1,9.6
4183d7a336883150da3c52cfae5688f7,1,credit_card,1,155.71
47c9687751ccee4ea76cf6386b30336d,1,credit_card,3,38.72
b51636cb252c5b72813e83843f8f73d4,1,credit_card,1,16.29
c5437b7b7a52d4dd0ed6fc0a1f18f7b7,1,credit_card,2,118.35
4a098cad947704b7e739e19a092e24de,1,credit_card,2,198.0
39f7f311dd99e8f71f8d16bda3c615ad,1,credit_card,4,286.09
1d9c50c894c0353c480222a9de8512a4,1,credit_card,1,5.27
b88684db7b8ebb92f476c54dbdf76913,1,credit_card,1,134.5
46cf76e5f4fbb3641f315f903285ce9f,1,credit_card,1,53.95
d72f653ddc9ff2fd28a70168d20aaf82,1,credit_card,3,237.29
1995226c73acf6318abfc4b4c9c74066,1,credit_card,10,1476.07
67fc16d6dc881afa68e40df4c30d510a,1,boleto,1,70.16
475daaf912c5d6077ae695875f9e02dd,1,boleto,1,48.69
c2673706bb89f4fa18b1837c6dd088e1,1,boleto,1,75.25
62b59d3fd880df7032e73ddb97f7f00f,1,credit_card,2,71.17
d4e27dc356ca647fd39f91affa4feb89,1,credit_card,4,45.09
9a2701b301b281b74ddeea78e0a24625,1,credit_card,10,122.1
8e238195658d4539944106a75adb0d60,1,credit_card,2,245.45
bf9b9000c617c6eb39e6666c98f7493d,1,boleto,1,133.18
617b248faca8fe758da0640030f82f00,1,credit_card,4,48.3
8fd10b4326b26a7131022cf8f659abef,1,credit_card,2,135.22
295c561af8870661a833aaeb65574d0d,1,credit_card,2,52.61
625b3de89355b67e8efec2e3c467d6e0,2,voucher,1,20.0
82fa967d1d3bc56f31565b771fe79181,1,credit_card,10,189.62
08ec1f862c4cca80515d39b2787601f4,1,voucher,1,54.63
0982c70ab125dee2e64f27e5aa2b4fb8,1,boleto,1,76.02
5d2360b577af310633223b53506dcfaa,1,boleto,1,67.03
1dacb75a3f524523a6521835a6787057,1,voucher,1,100.0
c8682e224367b603f0ac144e77fabe14,1,credit_card,3,76.87
58aebe1d668d109ff150b32efbffa817,1,credit_card,2,23.86
81ae37f8ac6c04f48ac5a71303729abe,1,credit_card,1,54.64
8f4d9ae2f2a9008353f4295f2985ad76,1,credit_card,8,101.93
9bc38db4ef1d6f4fd1844e03b30b843e,1,credit_card,1,37.77
d1c433d85b26e0171d6f80a9356ae7bf,1,credit_card,9,98.51
2d9d63715c81835d6114d3f608fd9f1c,1,credit_card,1,65.05
ca912a872db02043825792fbae103921,1,boleto,1,136.5
152c82feee7072e62c6496ad13cc188d,1,credit_card,1,61.96
3e67a858c3fcd6a3929e94f287d9772d,1,credit_card,1,67.36
638a5347b71204f129b75b558d79bf07,1,credit_card,7,168.24
8071505187465938d3f033c82180edc6,1,boleto,1,54.79
d7541649368af95f781177990c686696,1,credit_card,10,153.32
e54245d9ada10a3d2910565a0bc2fdbf,1,credit_card,4,245.35
fa65dad1b0e818e3ccc5cb0e39231352,15,voucher,1,14.04
a2cb7138f0dbd806834e29cecfa9f454,1,credit_card,5,187.65
d5f84dc76f08b7d977dc77f2e0e8fbec,1,credit_card,3,65.71
71319d53f28cff9869fa0650f26e9758,1,credit_card,1,54.38
b62c9d7c54bcbba4952040001348e00c,1,credit_card,4,102.07
128a17800e8fc3801c814f3f921418b0,1,boleto,1,68.96
c50e5904b30d219f4f9b89ead3bab5ed,1,credit_card,4,231.17
062b1b23a7928be5abeb406e5889e08e,1,boleto,1,508.38
fda6b3dc0172753cc6d00bddb5d4a6e7,1,credit_card,6,80.51
3544a45e2fd783c3dd0305cb5d2bac0b,1,credit_card,1,43.0
0b27e5029dd7bd0891b5da96fa33a93b,3,voucher,1,20.0
b3523c5c1899c917f8d8c7ba39cb5571,1,credit_card,1,87.32
51a7d7d26116c0eaee6bb35ea667dfda,1,credit_card,2,121.04
2297a47ed15e99116ac68cdb390cd700,3,voucher,1,20.0
36c63c436db70954885798ade7b2e30f,1,credit_card,1,64.56
d6e8839199c7ca3b2d7aede27fb9659a,1,credit_card,2,99.47
dc5e1551b7d2ac86019146035302062e,1,credit_card,1,23.28
16292a9c0445a1d618c28b154f1a6fbe,1,credit_card,8,137.31
54219c88839d9b1991f5550734f20c9f,4,voucher,1,27.39
238652e39c5fdf89a8fd44776f532501,1,boleto,1,138.15
c4c6ad1225b0e8f8c23aaf36a96431b7,1,credit_card,2,140.07
67ad8e83f26ed7bac15a552eecc412cb,1,credit_card,7,70.89
72a055afec5322997eace70e9f743482,1,credit_card,3,273.32
67c8fda9d347535e923f93614f2b44e0,1,boleto,1,28.69
817d88483f5ef3f2c934506d7d890888,1,credit_card,8,117.75
dd1d5e5b6e4be8779186eb9cafd2f44d,2,voucher,1,4.35
81d0a6db52c857218b6801cf1693aa8f,1,voucher,1,70.52
2780526e7e2cab327faf72d4ed3d2b5d,1,credit_card,1,75.15
e54fadbb3cef276c1b184ec780d06ae2,1,credit_card,1,34.24
bc9fdcff8d8146b6f6c58c294f047b3b,1,voucher,1,53.9
6fff8d853d0647fc94776d0cfac0dc79,1,boleto,1,26.69
8447ff843b2616c50c0ced28ab1dae03,1,boleto,1,238.69
ee9ca989fc93ba09a6eddc250ce01742,12,voucher,1,2.8
294b7da16c27e408f2137e10de0d9495,1,credit_card,10,226.14
27a940efdd448db29463b53ea0cfa2f4,11,voucher,1,1.99
675bc8cd15e6b9225582b9161288670f,1,credit_card,10,258.9
e86fb2abd1932ca34230cb407378e9d8,1,credit_card,6,323.72
61ce184c1c73abf33b18c98b0dff1229,1,credit_card,6,99.65
9c9353e8fd52f68f8442e580b5f2bba6,2,voucher,1,78.76
ee9ca989fc93ba09a6eddc250ce01742,4,voucher,1,3.49
99c8af04316c292e23ca57d8917db2ad,1,credit_card,1,44.0
4e4bcd8837ffdbe350288d7fa0948c01,1,credit_card,1,111.02
2a0facc85fc2b839b8c194436787402b,1,credit_card,5,223.91
93148127b5171218691072991e78bdbc,1,credit_card,3,107.24
1d9c50c894c0353c480222a9de8512a4,2,voucher,1,19.48
fdcb3d84b078ed61f1432f41e60e6aa8,1,credit_card,8,1223.06
ee23103ab94d84788e8fb686103c0954,1,credit_card,1,20.3
5730dad6ecb4f73d55da69d127c2bb6b,1,boleto,1,92.57
1a03dc5bbc2707562b5874fa0253154f,1,credit_card,1,94.26
67a98da3237e4b4d8d359f32a49bb209,1,credit_card,3,122.23
b6940503a9b26d72b8b41ae29a88e0d1,1,credit_card,10,2034.31
3a3239fa60ea2f77a53990f66c3f1a45,1,credit_card,2,186.44
75f959697b81c9b9eeddb7499941ecaa,1,credit_card,8,286.79
9d8f8e29ae80be83c9a161e3d08bb9a4,1,credit_card,1,95.25
0436c197b0ba8265af9fa94b7f444866,1,credit_card,8,83.55
6900ba78f72feb30643f7c2e2ebb3aa1,2,voucher,1,24.51
7073be83c3247747c26a69d5a689edbf,1,credit_card,2,62.45
881a5cda3b897b035971e3fcfce58aa6,1,credit_card,2,189.37
8394892177e59c9293914e83fe4c4dfe,1,credit_card,1,200.23
3cb894b9d2fb0fa0ba040e556b246c07,1,boleto,1,32.0
d56e764f8fe72cb1656efbbc36d504d1,1,credit_card,8,118.35
4069c489933782af79afcd3a0e4d693c,1,credit_card,1,0.47
f1d8785bcee63b8e0354436ac2f2a546,1,boleto,1,32.38
6248b0a9b547366913fb67922a7a2b77,1,credit_card,1,124.84
bbf8379df25b807eb1dabc84d060f8a2,1,credit_card,1,173.97
d53bb1636622626b300d199956668dcd,1,voucher,1,122.35
1f3128e8dcdc994a80f83cff1c576a35,1,credit_card,5,58.4
e2532fe843f45b7a1aa7ede9474ca960,2,voucher,1,137.1
0c4d9abe48221137e67e9d01a442df13,1,credit_card,3,62.78
195dc38d3441455e6f25b23f9cd6afc3,1,credit_card,10,155.64
6c2953724cd30669e1b904e179a2346f,1,credit_card,1,66.78
509e9d1f29c6fe103a4738b15478ac45,1,credit_card,1,66.64
9e98bdb07065bc0ef966530ecdc91ec9,1,credit_card,5,267.97
75729cd39e546ea4083ab7f3859bb745,1,credit_card,9,149.98
6d78e79c696c9f3be8ef263ead6a119b,1,credit_card,3,132.44
8c950d9b4adf24655fe399e36f89cad8,1,credit_card,1,36.23
a769126f033474696dd593d143b450d4,1,credit_card,4,56.78
aca96b69ba4057df4db12d4ca151c400,1,credit_card,2,165.7
fa65dad1b0e818e3ccc5cb0e39231352,3,voucher,1,2.95
a7c0c5a345bb63d37fc8aafab1f86a4d,1,boleto,1,362.33
a2e8f1f731b30517a6d0e1889d1c7e35,1,boleto,1,53.62
90c1f1431bde35c669aa2ccb03f78553,1,boleto,1,93.3
baac0911f2a4d722ae9402a45b7e995f,1,credit_card,1,117.25
005a1dded353107dbabf8ffc83a20365,1,credit_card,8,89.28
995cb1fde464cb3683cf2902d8827a13,1,credit_card,1,563.28
9a55824805066e5b894f07c60e254854,1,credit_card,1,128.83
042ce41927758767ec2aa0de06486b4c,1,credit_card,10,592.77
827d8ae687faef2e9c2bc79196b26f6e,1,boleto,1,92.9
6cd6ee8cba5c8dbddb25d90578edba0a,1,boleto,1,92.67
d5b98f30a5e1df17359cc0588f14b5ae,1,boleto,1,55.36
7c8582fc7ce51a091fe83cb5efa4e84e,1,credit_card,1,21.66
889e1d99762dd368ffbc599fca39bb91,1,credit_card,5,154.32
27a940efdd448db29463b53ea0cfa2f4,5,voucher,1,5.44
22ef9d3714207d9a803bd9acb19fd0cb,1,boleto,1,173.26
e4b5604780e8b0ba35b9335194254b33,1,credit_card,3,166.47
db66ad4e69244a08ca990191877c78b5,1,boleto,1,105.87
d2651bbfae1f2a0814488eea7ff6165d,1,credit_card,3,194.37
b73441a4e7a49b06d7219c969e5af0ef,1,credit_card,3,108.2
1e693ac6b55dd939e50702b971446d71,1,credit_card,1,21.4
c68482199495e3a57ca04d15b0159808,1,credit_card,6,62.47
5bbe496e9e32884e4f0260f1b6bd6c3d,1,credit_card,6,132.95
0c2ffdbbbd418a6e9f2bb7fa8ebd9b35,1,credit_card,8,191.12
cc38d740da287b3c64f4d1f3d4ee4f86,1,credit_card,2,55.02
d3cd9432f1869452249ac839d04a7964,1,credit_card,1,40.22
ce9e623dd0def1f905a5c5ba0c99f65a,1,credit_card,1,30.32
d2c021c9649e328e98f4b09574854cab,1,boleto,1,176.18
f6a88671e8773e56db1b3d82d29a01ce,1,credit_card,2,131.33
1d525c1f58c75e74697f3993a3fc80a7,1,debit_card,1,58.72
b22331e9a36bc5d09bc4d29486765554,1,credit_card,3,95.65
077700dcf4e3bb4128459fc825a4056c,1,credit_card,4,215.05
0d02b771eedf655d493ce414a9a7abd1,1,credit_card,3,113.8
aba96743af8df174b11c6b6e8a9360a2,1,boleto,1,116.94
888c01bfd57017617508bd53797100ed,1,credit_card,6,68.04
4d21276afd29a3f70e49766a9848d19c,1,credit_card,1,286.09
e61eef70c6a825396525e3f3d9a82ec9,1,debit_card,1,18.61
8d3cd96a636e59a3a47b52cedd6e9bbd,1,credit_card,5,264.83
5b944386c869819d045c1388bb686124,1,credit_card,1,32.43
fc698f330ec7fb74859071cc6cb29772,1,boleto,1,53.9
ca29d7cf8cb37d08e6a73c1128859290,1,credit_card,1,98.22
7c086fb9c0a3c91487ff8c4395bd64b6,1,credit_card,2,123.18
2ba6f4043547bc847cc055c975cb57cf,1,credit_card,10,276.49
9e1b7a7d17aa42da16ee605b5fee2e0a,1,credit_card,3,239.64
d398dcdebcb172e3625236bee43da9ec,1,voucher,1,148.49
1353506aaf9cbe711a4d41f9442d4167,1,boleto,1,117.85
87e1feb622e373e4f0d2cceb1f610886,1,boleto,1,60.96
00d03eb3425f41a599ae2f788e23c07f,1,credit_card,9,90.17
f304e3c6d822b7221cb9df972c3ecd4b,1,boleto,1,206.82
20c60f23d0f1231ad895fde039554666,1,credit_card,10,422.2
7b8ae8132da20b7b6f709b2d5fcd78c5,1,credit_card,1,62.41
ceabb3e5878fd35ef9451cb2aeda20b1,1,credit_card,9,191.75
a81be81673bee4a384c6b5468a606478,2,voucher,1,500.0
7f8345ecf528aa9b47423c9cc5ab3986,3,voucher,1,100.0
50bc1ac9db5f38b0982adba11e35b948,1,boleto,1,196.0
fe91d55ea129eb6d5a2d5fc82bcacbd0,1,credit_card,4,47.3
1170def5f575ee492231108cb5185570,1,boleto,1,166.76
0fc5deb2df203e00080d925c2c8d1dfd,1,credit_card,9,202.91
5c9657078bbc1c0b67c071d651331b9d,1,credit_card,8,219.36
a7931d1356ebfaff87f69f952ff58208,1,credit_card,2,90.96
eddf262f362444dbd097ffd397117611,1,credit_card,2,61.73
309b9de8813533826a3005f94bee92b9,1,credit_card,10,726.05
4e5128aa6e63f380424a245a12444fae,1,credit_card,3,59.0
dcedb7d667c1e037b8e0a8910c6bd8a1,1,credit_card,1,29.18
bfccbf3f4c803a60b641433bc8affe01,1,credit_card,5,73.34
1d092689be844c404abe12e678e2eef8,1,credit_card,3,227.0
f981f066bfdadabcbba7c2dc9f076303,1,credit_card,4,94.3
7af07887f8840085ae4b65cb52f4af29,1,credit_card,1,138.5
70797100fedf9c14e0d0008c876f11b5,1,boleto,1,138.73
1a494062b68a8ed99ba9171cb9c9aef5,1,credit_card,2,40.22
be75f7ef5da81750d1b2364aea5e7372,1,boleto,1,85.6
0f77d110146ab4471e3492fa504f6377,1,credit_card,2,93.28
fa65dad1b0e818e3ccc5cb0e39231352,18,voucher,1,0.73
6f6938612fdf53d7b863eec877c1fbfe,1,credit_card,3,100.26
9767781031663fd584e27336a14ee5a0,1,credit_card,3,194.37
2d3b451fae025eca7a05641e05e452bb,1,boleto,1,42.62
0c2cc9644e4c9bb77092c7971cc436bc,1,credit_card,2,168.48
f1495dcc4cf8d4ec585f058cedc68356,1,boleto,1,62.64
e38994925b350c88bd9b885f0b726439,1,boleto,1,54.51
678ec27e8a4c8d92384bd0834f21b308,1,debit_card,1,184.8
80bbfe23fd50d4ea9762ef70a8ada1be,1,credit_card,4,256.43
81e5023bc130187e464f4f8c328744fa,1,credit_card,2,25.13
370e2e6c1a9fd451eb7f0852daa3b006,9,voucher,1,6.88
4d4dd908b377956e48b6c6a89e59e37b,1,credit_card,2,112.42
6257efd6f6189754247b7a4fe4a1fe0f,1,boleto,1,365.99
739706624ef992fc93bb60f5df5e1278,1,credit_card,8,492.92
7f984c0a94661992ad50329fb29359b5,1,credit_card,8,247.11
966c914d71ae9d1b59d440bcfc72d5cc,1,credit_card,4,343.74
6e4851de3a0a02ee3f21958e7a3a9fb5,1,boleto,1,150.72
efa2e42246bfe580af1b33ae96edc78b,1,credit_card,1,36.02
820967deb14804facfa599c683438b09,1,credit_card,8,163.69
f3730b23378f3e3415e54360e5a7c844,1,credit_card,10,182.91
8f909d2a25c1618219801a24a48871de,1,credit_card,4,362.96
3190cee126ad6894778d3f21c28b0a55,1,credit_card,2,115.26
f201d0924f68c1eadbe0e527ae947481,1,credit_card,2,82.33
7aaffbd34cee1970afc42ae26489ca31,1,boleto,1,104.7
5f71bc83356f39cf9e9b8004f39a989a,1,boleto,1,241.73
81c277d38bfc8beca560a53fac3646f5,1,voucher,1,33.71
5a7ca318214b5a70fd94e277af9643f1,1,credit_card,7,74.36
d7734a834b8c2b0138d57157af28e7f1,1,credit_card,1,42.07
1d03ab3055cbeb857235ddc26b6fc88a,1,debit_card,1,95.22
5c2b36b8e747abcc27f2d9ab379ed334,1,credit_card,3,98.74
49e84824ae503af008a7cc379ebab409,1,credit_card,6,382.92
4dae49f3bd8b5abe8d252762a1c88a1f,1,boleto,1,58.78
3328fcf7fefe319b350bec31d74bfd46,1,credit_card,2,57.14
5e81354e795eec26aec91548a783b116,1,credit_card,5,89.55
370e2e6c1a9fd451eb7f0852daa3b006,2,voucher,1,3.72
cc1fe613e2c3dce712d71a852ee6726f,1,credit_card,10,148.06
263a9500469f59675e1b68ea13bc8b2a,1,boleto,1,56.85
267968a4442f2e55c2904cac31c26660,1,credit_card,1,37.37
cd61f9e20298dcb30d7e824cad10949b,1,credit_card,4,138.96
3a63202e1f2029f6ee42f498e87fa599,1,boleto,1,149.78
b9ea5c162239db0802dc052780f572c9,1,credit_card,2,116.94
1475b48ac68609bab99db5b786eb00e6,1,credit_card,1,138.73
22557cb9c7229669e351a8460240119b,2,voucher,1,100.0
e83965852a6e35ed713250e090367ff7,1,credit_card,8,143.91
873c916c2bff3ea61a59f7bf7f0879c2,1,credit_card,1,382.92
5a87769ff430e7d1873e2bb9b3968af3,1,credit_card,1,165.75
3a38a4a145c96019a17b640f053aecb9,1,boleto,1,260.36
49bf7e68b5263b604955ac02aa4fbb9a,1,credit_card,7,124.96
f888aadfaf9861131a6b24882e4c5ee4,1,credit_card,1,93.57
7052e36ae417756ec2f9d6239f311d8d,1,boleto,1,117.93
92307d93688d9465005c2cf0b6aa7480,1,credit_card,1,53.95
e5f9a6228c6f504115c5a514b109aaaf,1,credit_card,2,141.5
349de605467ed7131cc22d614313551a,1,credit_card,3,297.39
3c9bb68264b21d0acea375d7ea752fef,1,credit_card,5,551.15
e466da8b1fce311e8469cb62530c18a9,1,credit_card,3,151.34
1c009b90a698d21d53fcda6aee401ad4,1,credit_card,8,183.75
df5cc31d446df3719dde958e4f9dd5dc,1,credit_card,3,87.17
332dbacb7e4b30fa11983953ea356627,1,credit_card,1,51.61
66f914f1914a21decb9c8cd76cbca55f,1,credit_card,1,35.0
23fd789ce06f3c54f212b3b9d358579f,1,credit_card,2,166.29
f9e86e23af5d5243b44d1eebaacc32be,1,boleto,1,112.02
b027e9d1b5a30853af2663e94f2e8a00,1,credit_card,1,129.19
4fb104ec6918efe57f7e105fe598d96f,1,credit_card,10,130.03
054d2d649e0904dbf1f19399094f2826,1,credit_card,2,76.19
db901cbc067d748513fe59568a2d9f4a,1,credit_card,1,35.86
baed56f3eda9223b74c6cf175f05678e,1,boleto,1,49.56
9792283e8d46d73ee4a3d91fc3264a50,1,credit_card,1,157.89
312ca70771f7faab638a5aefeaaea172,1,credit_card,3,114.47
ca057e5d6b72a0fc19eb40cd99c188c8,1,boleto,1,112.71
a5cb0c790b2769b76dbd70429cb66d96,1,credit_card,1,109.49
43c564b825003473af9a68138631d388,1,credit_card,8,87.88
7368e14d8b9e7b886e433697b89e937c,1,credit_card,4,230.12
e72a5280a46ca876b0fd05c1a1ee605c,1,credit_card,2,72.14
0f7dc069548c19f11ff030e2433b8c08,1,boleto,1,45.0
acca926ef1cc9a37d04aac404dc87f4a,1,credit_card,4,55.0
423e3739c511dd6b0752a064f9f20527,1,credit_card,1,22.38
3598d5876c343ad3d9699be24dc09b8a,1,credit_card,1,64.32
3d5857f4fdb1061d247dea2544782580,1,credit_card,3,349.57
8b564962527dd053cfc85c8fc98ad1df,1,credit_card,4,58.11
c2e2f15f541c1823bc6d1e558f9323db,1,debit_card,1,21.77
873148516ea6e3bc8c008d756a2a228f,1,boleto,1,276.23
660ad30c11df22cad81d8a3b30af6cee,1,credit_card,1,65.54
fa65dad1b0e818e3ccc5cb0e39231352,7,voucher,1,0.32
5add03213ad417aab3988852ea890572,1,credit_card,3,96.8
106b004da4aaa8f41d0115b6a7829a1a,1,boleto,1,82.33
cf5b244fd1f7002efc7929be945f1d44,1,credit_card,10,227.27
75626319165f5a98618d8916fd5c6df8,1,credit_card,7,71.14
ed3b18e876bbc16bfe330cd934aa0f68,1,credit_card,1,69.2
9d47e048cd4a6ff635406a2212b0a7f0,1,credit_card,10,328.69
6bca1e1153602e07db22966a5b800e9c,1,credit_card,2,99.24
6912d1d57c7485dabdb724880c18671e,1,credit_card,6,335.47
f8033eab5248939afe7fa7feb4ac4866,4,voucher,1,25.0
12d46788e71b703634c01cdcd4946e7a,1,boleto,1,173.84
1c39bf040d6c444d6b306bae83f9f49e,1,boleto,1,113.93
a4f60531f70dda57689ca2b1ede162f8,1,boleto,1,89.36
45f515769238adec68b3ed763acbc3b2,1,credit_card,1,63.1
fd732412d4727a9a7e0d6231b2ca11ed,1,credit_card,2,45.69
d5cdc053cdfd98fad4a2330ff501852e,1,credit_card,4,102.03
d0dcef5f811f8e0b4f67f1f26805a8a6,1,credit_card,2,52.68
032cf75b6991a44f9583d652730066d9,1,boleto,1,141.89
4069c489933782af79afcd3a0e4d693c,6,voucher,1,16.55
4dcbd5ebfc13eef35e0fcb0ca1c2807e,1,credit_card,4,132.08
23dd9b9b8eb4352e2905bf46a41e5ad2,1,credit_card,2,81.72
a92e6290657082950fa4ebb6fe8141a6,1,credit_card,4,90.35
5a45d91a6a45708d28e1f018a24a2607,1,credit_card,2,109.59
6b654c2dc2e7c610cb22c325fb723057,1,credit_card,4,46.87
7f6209da874fb56bf2fd26791d83bcb8,2,voucher,1,36.59
19225676ff2a0f88c9d5b21fbe69494e,1,credit_card,1,85.15
4420cbe16c262f724b648cd1294c88b6,1,boleto,1,407.04
007ec946d4f798caf2b43c9d44c56421,1,boleto,1,43.0
5cca397d52ba2f962523520cc83db7ba,1,credit_card,4,98.16
d82b18538d54e63389c7a2a8bf8a875d,1,boleto,1,77.57
cac7e309df39d1f200b8ca086c4ab624,1,credit_card,3,233.04
650e96bb8f069e30f346534aa42860a7,1,credit_card,2,47.93
660020bc4184db41dc39b332230e94a6,1,boleto,1,103.64
99e4c7eebc4e218f0ef4729921038c19,1,credit_card,1,18.52
e2fca022373f1b683cf49d41e76ec1e8,1,credit_card,2,107.81
2c6e01c8eed693c9cddbaf86bdd25e31,1,credit_card,3,89.17
93cb3576b5e361f46b9a9f1720a3eb06,1,credit_card,1,37.95
4d1520659b160e48900f017af350bfb1,1,credit_card,2,125.98
ccfba4fa3ba74e9052582349a558b474,1,boleto,1,37.46
51149ebc2ec1ecbf8a2503fd49753259,1,credit_card,2,29.41
b65a9099b9f6617410e0f5fb0b9e1fdc,1,credit_card,1,45.86
2cf768ba32e4d7172e9b86a2042f5c32,1,boleto,1,76.78
5e51a64decd482cc34e99e406942efc5,1,credit_card,10,172.73
aa9b1d8c2b53c8780216ea7c3b88452f,1,credit_card,1,25.95
a3e47ceb0f0691a07708121b7a1e412c,1,credit_card,3,255.42
3faf126d8a3b0684272791cd3c6cf3fe,1,credit_card,8,368.11
2bea071a4b1ffc8f01204ba3f0721ac1,1,credit_card,2,25.1
3aebf099badf8a95a8c1831fc2373eda,1,credit_card,10,539.31
ed149e6c2ed9dc9748702e5e9cb7483c,1,boleto,1,68.33
41a1702de429a9f03364932da1ff1986,3,voucher,1,44.69
11a9088002b4fdb9c21827b2b585dcf7,1,credit_card,10,795.61
aeffea2c78ec9b15d6cd7478c9072c07,1,credit_card,12,135.22
293f1f31a342e210ff008a393e2955bd,1,credit_card,1,140.04
dc62c8d3266742ea5d47472b2c72b195,1,credit_card,1,169.62
22d5102a394ed953c1d0de4a702a5f9c,1,credit_card,2,178.34
979f8ea562e84d3ed962b250fc08976f,1,credit_card,2,61.8
eea030f97651f49c9f16e5c34475dcab,1,boleto,1,37.61
ad1ffca90f5325d0f320f2b0f54eb114,1,credit_card,4,48.69
f20750eceab3ceac5ce19312fd1a12e7,1,credit_card,4,285.26
9a7f882c95ae7d422db8ab15e1ee0a87,1,credit_card,3,65.11
22557cb9c7229669e351a8460240119b,1,credit_card,3,77.68
1c3ad9cd29b642c9eca00186785aa309,1,credit_card,1,34.51
ee9ca989fc93ba09a6eddc250ce01742,10,voucher,1,2.45
6440501490dabcc13bc292e417ca410c,1,boleto,1,550.83
f94a0462cf50552772e515493550bc4e,1,credit_card,1,53.7
1fbf5baa345604aa56a1e8a510eafd49,1,credit_card,2,50.1
73aca43a4a4709c819920271b2743341,1,credit_card,6,326.24
454645a3375b0ecfa430922acc9dc990,1,credit_card,3,247.14
d5e9734f54e05a41246389d38b732a51,1,credit_card,1,53.35
e95634044d70b26eef37fbe32fc3ea9c,1,credit_card,3,46.76
47e395802e5caea991cb407fead78614,2,voucher,1,54.97
7f8345ecf528aa9b47423c9cc5ab3986,1,credit_card,2,100.89
078012a290408a687e5802ac7ad6c0aa,1,credit_card,3,141.63
74b7f4373a78df8c16862d9d0875c5b4,1,credit_card,1,18.15
cf76d482b013f8af6dc046a3001c1c4f,1,credit_card,6,627.86
ccd7d7de58c07e32a30717c6d7f5949d,1,boleto,1,105.06
773ecfb47260922193611c913a702942,1,credit_card,9,98.8
443038d9ed6b74bc4f7bfa679ce81bf1,1,credit_card,3,250.0
84f5e6c0a0e3155e38c00f434ba90ce8,1,credit_card,1,51.11
8311aa3b9c474639d7f344868c3fe150,1,boleto,1,56.01
7dc8487f60263dbf289600757f5c6f99,1,credit_card,3,37.62
ba905c53634f259fa5738c7307a0d092,1,boleto,1,51.84
1ca44c5850de39660439deebf65c8fd2,1,credit_card,1,31.84
4fb04008f96cb74d5bd6bbc8600cb3fa,1,credit_card,1,24.17
98f80eddddaaa6c3e5dea02ff36ad263,1,credit_card,4,102.84
b539f51f7cf6a9c1a871d2bb898cdd27,1,credit_card,10,125.42
b80185240ef710443ca7ea53cb1cbce1,1,boleto,1,66.91
de38b62136dcb5ff40d44d807c460a8a,1,credit_card,8,422.59
a72ddc1e569249752806276ac7ad97b8,1,credit_card,2,92.99
a52fca56c21fd8b4564823dd3c99120c,1,credit_card,3,131.57
3ed46d0aeda8a091370db112656e55cc,1,boleto,1,25.61
d12a47d442a17b323b1a2cc05b2c217b,1,credit_card,5,113.26
5df489bf628aa872653bc4791319921f,1,credit_card,1,118.62
325cfd48a71240cb16c9f50468478c92,1,credit_card,2,138.97
564e414f20390e6417f5e6c6ad3f095e,1,boleto,1,681.42
973d67484939e1f2afd53304e125bf1f,1,credit_card,3,194.76
cc008d324278200689ee451a547b97c3,1,credit_card,10,111.21
69df1d467702671ed04aaa60c5996701,1,credit_card,1,98.97
123609d09763b3bd86c2046f54b391e6,1,credit_card,1,59.25
820749211528f2ac3c371469c8dcff94,1,credit_card,1,128.42
35b5ebbe9ea1f14657bfdfb4b52d7465,1,boleto,1,52.05
54ef7706bc8a0c0209e7aca10d463608,1,boleto,1,65.53
075cc7ce268544c780299db653d21467,1,credit_card,17,175.16
22ea5431233830227f077473a051d55d,1,credit_card,3,108.9
823d27620ee2ff69604191b087250a3b,1,boleto,1,66.67
ad443a68e64f21acbda949c91bbe9aff,1,credit_card,2,128.29
9bd1262011363cf74478ba1d6f04ab28,1,credit_card,8,149.26
777e839a3f71170e58385675ce610501,1,credit_card,2,98.65
8bf12a5b441bd86a1edbccb6137c9b0b,1,credit_card,1,11.63
3a1ce4053005d669ac4e0047a13573cf,1,credit_card,1,11.58
40ef667b4259d5f521a0fd1a093d0415,1,boleto,1,63.12
bbb149f610cf770685fa5169b6e9a48d,1,credit_card,3,32.38
a0148d30bd60b1529214a696f8be8aea,1,credit_card,4,117.93
56c52cf14c501d31e4d208bf86cecb53,1,credit_card,10,443.58
7a2226788e3271396a9eacab9c7533ff,1,credit_card,5,74.15
e58ed0440e44bc5b5e5cba33106e3f66,1,credit_card,1,57.77
f59b0460d13be0dd48e9762851d21998,1,credit_card,6,155.1
242efbf997dcc144609030002b91446e,1,credit_card,9,99.94
47bcc66b360244699053868c95917bd7,1,boleto,1,35.09
5be2326ca192b2612fd8d601f3981dca,1,credit_card,6,131.25
9d9866633100cc4ffb5fc63ee78fb52f,1,credit_card,1,54.39
4d34eb469920ba37e6cab956395a5265,1,credit_card,4,357.13
a69a40da9add4ab2edf07d939ebfb7df,1,credit_card,3,166.16
bc0feb6a96ad7552648f4183cb6ecb63,1,credit_card,10,102.75
40674b7f0ee237bb07702a45f2bd7d9b,1,credit_card,7,152.7
3cf8df3f88d9f6f82a04ecd4028c6dce,1,credit_card,5,124.44
233eebd5164efa70e2f97046c2bb804c,1,credit_card,4,71.42
82516b1bbe4b8bbcb50025b8cbd62505,1,credit_card,4,53.22
18233451c81fa4cf187fae71d8e8a299,1,boleto,1,115.25
50e8eff30cc85b5bf993d52785bc082a,1,credit_card,4,139.29
fd2b4179de3cceb73bc884f6c19d85d0,1,credit_card,6,66.14
8791e495e7f1b8d77696f42ff295d945,1,credit_card,2,35.4
fa666f44d0e5c50dad23a1bc4a8c2a50,1,boleto,1,388.54
2cc8d5dba04e5be26d748ef75e708770,1,credit_card,4,91.18
430cd6b6d3066421a8bc48ce72541ba3,1,credit_card,1,59.98
b9c43f56d5318f81019ea0687d34a9ac,1,credit_card,5,104.68
d4de0ad9ddefd13e60191fbc49925dc5,1,boleto,1,128.89
dc17c17282032d56b1ca7dfbb291cf07,1,credit_card,10,124.84
c8cb7b0f298cd146d61e1ce533494bca,1,credit_card,1,130.26
7af905809ddbaaed2af20592006857e0,1,credit_card,10,274.98
9c9036dccc18ec72597a1abafc18d3b4,1,credit_card,1,116.96
c7af2f59ff42f4410a1739111dbea489,1,credit_card,3,90.28
b324f4270850cbba23533b9a9d3434a9,1,voucher,1,159.1
97d0a7726f58ed266c7501929e1ea81d,1,boleto,1,81.76
73df7f271536068cac9f113c9d73cbb0,1,boleto,1,158.01
57edfe6486364c7777241f5ab5902715,1,credit_card,4,40.09
f878206572adfa47110fed4947806589,1,credit_card,3,182.64
a7d73128b7dc2644c342e7495ebe8e3f,7,voucher,1,20.0
940d6ffb9723c1e13bd69d602c34dce3,1,credit_card,4,305.69
1d5b194c01e762aa59a47ae8dca7199f,1,credit_card,10,235.13
47d160e3b388f73aa2dfad3c508f4ca3,1,credit_card,2,162.9
b9e60cfd587e2b40cf959a04023247a8,1,credit_card,1,61.75
deef94d95b5cf9c23e10621ad71a96b2,1,credit_card,2,110.08
c23296e1255abac91cb3a637f4f084e3,1,boleto,1,479.64
d7f71d136da2fa678c39380a22d117df,1,credit_card,1,95.26
6e41c1b023ea08cb4744bbe97eedb35c,1,credit_card,7,144.96
3c23f03a52f26c926ec48ffa9bdd82f1,1,boleto,1,81.19
9f699b61466717356c395dfd79ec616e,1,credit_card,3,157.3
f29b1fdd44f820a916d3f1946a88c333,1,credit_card,1,126.44
f7cc237b35aef540d178cf5c41095769,1,boleto,1,194.96
d8548c48e1580222bda2c86c47ce10cd,1,credit_card,1,35.0
ca586f4a85ee254cc0b4e01e30809cb1,1,credit_card,5,110.42
02bf0154cffa7eff0ce73027221834b9,1,credit_card,2,197.44
70215c7031c6fdd581a2d729c93987e6,1,boleto,1,34.92
9841304c5432e46d9cfd508835b743b1,1,credit_card,3,147.47
28fb48574c983c05540825d1abf49e26,1,voucher,1,26.68
b1efe5ab6f4610dc50fd9e55e4269b58,1,credit_card,1,65.17
ba65d70e8d6eebcfd0cb5d88c2497383,1,credit_card,5,51.84
5fc2475da462df87150a6013f0879f5b,1,credit_card,6,116.22
59bccab4e9193a9229f7d1b73fcb47c3,1,credit_card,4,236.17
fd2bcdc6e3cfe79cc7ee426bedb8d467,1,credit_card,1,27.34
6feaea9098fb736023b2e4bc246ba7fb,1,boleto,1,164.8
f7a0b8c521ea81bf3536ad4ef99fd376,1,credit_card,1,143.21
43787011f63fb232ab281d68142f504f,1,credit_card,6,69.12
e74c8d6962373b0c0e984e97fe2fa674,1,credit_card,4,129.0
05691e7046cf3a798bfce39b35377b78,1,credit_card,8,184.57
7bfa5cf288b9dab1fe987fdde74c14fd,1,credit_card,5,102.89
9fd4316339aa48df346fd744dc682ec9,1,boleto,1,641.18
b52312202c9a950b9054cb94fd040440,1,boleto,1,40.0
e94d2aa1b4e27a13571357d326e1694d,1,credit_card,8,367.2
2b509531faa45e6f3dbaa09e3f3eb839,1,credit_card,1,48.24
3f1e0bf4672b0acb6072aa40b0f99cfc,1,boleto,1,46.85
d2142399ae9975a18c099e642c5e48f9,1,credit_card,8,398.33
971dae4156d63b465b28ce4e45afc849,1,boleto,1,99.9
a3d715c13af177125a462b543a9a97f4,1,credit_card,1,99.5
776cdb75db89297ce0fd26c15adac1a4,1,debit_card,1,277.95
95e0a5152da13c4a3e8a6cbe3a0bada3,1,credit_card,8,425.2
0fe1829613c45b423f51aa8949dd8d57,3,voucher,1,100.0
575cf745e50a19f7d43cb7831c5c76ed,2,voucher,1,43.29
909d28f22490c6e78da3962ab7fd6286,1,credit_card,6,64.44
f74730419f6f2508e020bfb728606058,1,credit_card,1,83.94
ccf9f826a9a2889f396bc19425443c9c,1,boleto,1,67.24
bef67738a473b9e3dafb560907533864,1,boleto,1,184.94
f3753df1e0c5a22ca7c2ff5722387739,1,credit_card,2,57.5
73dfec91f44d4356d6abcf6cbbbcfe90,1,credit_card,10,722.05
d17257adac505bd94de0bce06cff3547,1,boleto,1,122.6
827d13f1e8fe2d4c2b3becfa2b0035ca,1,credit_card,5,196.52
34d0587652282a8e4f05da5083e1f276,1,credit_card,6,908.31
384305b9cfec8a62f309b5e5cac920bc,1,boleto,1,22.79
e9a18a01a641ece17c11a804a3651208,1,credit_card,2,115.86
ef43d5664bd1ab24fd6b38b5a8ca3cf6,1,credit_card,2,168.35
01787af385123b93ba50c5f05530ee12,1,credit_card,1,114.38
366d799ad8ce30435d27ed0f7e3eca9d,1,credit_card,2,166.74
1d8a6b3b4362492f06a5da27121fd530,1,credit_card,2,143.21
a4277113bcf10ed364a0182042fc8155,1,credit_card,1,5.19
f087f83b6e2db9f35f412e6ce337a35f,1,credit_card,4,222.68
376a342d70faa7a733b871acc701def8,1,credit_card,1,42.1
55e437ea6e09474dfdddee9b983aa798,1,boleto,1,38.17
8e031bfad27930ae71c54bd0ee2c0cc9,1,boleto,1,172.04
7e77eb1830c5ca91d26012b8e0fed483,1,boleto,1,175.56
a46ca44d1b7cf49a346dbab87d2344ac,1,credit_card,1,28.07
05d6faf8d3942006edf7cbc669faa965,1,credit_card,1,58.82
c99c7b68a239931777d626071e46895d,1,credit_card,2,76.51
c1674af37cefb68196b330a473e46d7d,1,boleto,1,39.24
50dd2a49e14604137b84567d5c9e0c8c,1,credit_card,1,47.38
e4c6165044d2aacdc886826704d0ba2f,1,credit_card,10,257.34
b7063c39fd3396dd0ad64052b0825513,1,credit_card,1,472.41
ac72d34ecba515d07fd0adc8747e1d94,1,credit_card,3,206.57
42a1ac4cb7d28070b0c76e92bac2e087,1,credit_card,5,153.84
5f0b0782790ceb15a39a61c73e13df9b,1,boleto,1,40.78
a4396e55c140360b67296ee34f56752c,1,boleto,1,189.24
e2532fe843f45b7a1aa7ede9474ca960,1,credit_card,1,25.75
c72e248317c3bee8d95d20602d8f435c,1,credit_card,1,49.03
a9ef90b7e8572edf6aa35360c03236e5,1,debit_card,1,66.44
064df82a5ad596912cc304c6c72a42bf,1,credit_card,4,150.12
7d38d0b8ab96504f2f2058ac3f01710f,1,credit_card,2,172.19
f14a4d4319ffc65a920a962e0532907d,1,credit_card,1,68.27
016e4acfc34b9f2abc69795f47c92f0e,1,credit_card,1,52.78
328d856c33d24e8aac1b90367ae7cd3a,1,credit_card,4,77.9
132ab6f8e1c86c21b064ee8832129bb1,1,boleto,1,193.98
ff98857a36b901baaa0dc19c6fcf65fe,1,credit_card,2,55.62
db16d8eeb2104cc17c8d6ca293e7bbc2,1,credit_card,1,85.14
601d20f33163e575f4eb9704e3730c1a,1,credit_card,1,81.78
b3e7ea02bc00558f1ee99a2927181b4e,1,credit_card,3,117.73
7a952bb8b9ec22220fd799cd8f9f8af7,1,credit_card,2,228.95
010ab3b1993057e91f825c672375a66d,1,credit_card,6,155.05
d2f270487125ddc41fd134c4003ad1d7,1,debit_card,1,4445.5
46f36d95da75ced0462d57df904d36d0,1,credit_card,3,34.51
f16cbac8a72057c2daba4b64662100ba,2,credit_card,2,400.0
760209837cc5c577075aeb32eb2f219f,1,credit_card,3,193.98
33003aadf0df6db944ffc35137a4573b,1,credit_card,10,420.06
a3cec8fb296bfeb57c9f6265048b23ef,1,boleto,1,68.75
0589d8b975f21fea2ad626ea99527911,1,credit_card,3,227.3
1397417a57ad1bbfe8d639df8cdee908,1,credit_card,6,173.95
48c43415ea1c4af9afa92542183b6e55,1,voucher,1,11.87
4ce2a78f4b4b1166f0e04bbdc825f7b3,1,credit_card,3,266.51
e033bdf3c0d77ce6a7c7ee1235c8d051,1,credit_card,1,32.23
3c5261ee6c155b81e82cb5cdc60b045f,1,credit_card,4,119.48
d6005403869b100d1c75019e5d92e327,1,credit_card,8,419.35
cda0a20d2df6b9c3f02aa5258c99af6f,1,credit_card,3,166.4
5b30ad24f4e7ba20015ff2f3c2c30aa5,1,credit_card,10,117.85
2277cde48c3f407bad730e1dc754edf7,1,credit_card,1,89.43
8e43f2c9b150b717ae56640b5fb64150,1,credit_card,1,56.44
d3221f47eb4afb028ea89bf72bdc8bc8,1,credit_card,7,153.46
9ce36e2fe5d89681ffcdc294ea7363ac,1,credit_card,1,86.75
96eb9d1d1588412109dae29e68f86e86,1,credit_card,1,89.55
85fb2afed45145db40381a894fed8d1b,1,credit_card,10,269.08
370e2e6c1a9fd451eb7f0852daa3b006,4,voucher,1,4.33
29d0c2dcd3c5d5fc8737f0b81bea7304,1,credit_card,2,122.36
18c2175899ae0ea38308dec32efffc22,1,credit_card,4,117.01
db5a21571d549b443f1b502b880e2358,1,boleto,1,143.7
6fcb95e455e8f30ce414c08f4a31ccd5,1,credit_card,5,233.55
7e131886d59cb8a02c847ed61228fd8c,1,credit_card,1,61.64
c5496f84549a814974881b9f211c66f0,1,voucher,1,182.59
cd9fc86d944e6e7e6845deab57fdb8bc,1,credit_card,8,337.09
dd8532619e81337caf4ddc77fb34d981,1,credit_card,2,43.1
ceae0f133957c3337b7f630eb8bf80d9,1,credit_card,2,163.82
289e6f8bee1d0394dda10569516bfb27,1,credit_card,3,228.66
d3a93984e59258e140f2bb4784be7bff,1,credit_card,6,354.76
373e33407e16fe7b1ae7de43384958fd,1,credit_card,2,279.96
19e9072a16886c91fdd5127eb6ffaa6d,1,credit_card,2,51.57
3822b25e989ac059e7f232678b67a465,1,credit_card,4,91.79
ac09156639c3a0b85f197bda6a3f42d2,1,voucher,1,195.33
64cf1005615f1de47bc3715fd74f95cd,1,credit_card,1,75.66
5fbf0b33d959fccab26b945f15707bd3,1,credit_card,1,174.56
0017afd5076e074a48f1f1a4c7bac9c5,1,credit_card,10,853.39
dd1d5e5b6e4be8779186eb9cafd2f44d,1,voucher,1,20.0
f0c8f501afe22bb7a23e3721bcc6221c,1,credit_card,1,89.88
bfd57b73f299e0d78761611486a49de9,1,credit_card,1,138.39
1a269df4715562ff85e2ca1830249246,1,credit_card,4,136.6
44440fdd29ac17b06eb5c690b95d19ed,1,boleto,1,197.79
de219d6cf606e877fc9a0df6b811ab61,1,credit_card,1,22.37
0db1181e0778609b581bf9a95b17f313,1,boleto,1,112.39
04e452498b75f049f617f5ed7ffc0633,1,credit_card,7,233.92
47f3a8b9c3d8dffb6f878768c73b0971,1,boleto,1,114.22
fcde2f7449493b4f207a23fae117b0fb,1,credit_card,7,72.64
fee41f55534a71ad5fd16ac61bc5281c,1,boleto,1,147.41
2fe324febf907e3ea3f2aa9650869fa5,1,boleto,1,55.95
457750fb17f45c74af0c5ffa002c294b,1,credit_card,1,138.53
9e99a131a8798c3985381f4f7c96d56e,1,boleto,1,164.01
9099e5808d892fd34523293254ddb621,1,credit_card,1,46.73
0550cddd79cea841641e17c802d9c403,1,boleto,1,1020.84
71603031182fa8f497b5bae069bb9361,1,credit_card,2,63.5
11b7adfd63537ace6ab5ede1feb62610,1,boleto,1,62.0
1e1bb536916a9964978ee59e6d6d0cca,1,credit_card,10,142.28
a2a3515a501b9b77129df7bff1813e76,1,credit_card,5,507.68
ae08a6e1781c8a44dfa832b70594a0d4,1,credit_card,5,51.01
fa65dad1b0e818e3ccc5cb0e39231352,20,voucher,1,150.0
ce170c4c87651a4312275b8139e76fd0,1,credit_card,1,60.85
5b1ff9c294ce6149733c6912262c60f9,1,boleto,1,186.54
89a5ef83a41559d5c8d248e28b57b193,1,boleto,1,49.49
c14280403027095676ce13109d5e2864,1,credit_card,8,488.15
237ad2054a0b3375cc64b6a7e6e08683,1,credit_card,6,147.78
889d953454eb01607e1ded9e6c9e1657,1,credit_card,2,65.71
9461233f007294d53c027b24648e02f3,1,credit_card,3,304.52
96eb7f709abac11cbb2502c63d8c1ae6,1,credit_card,6,541.08
3282bc9c548b4d233a43f5c6d96fade8,1,credit_card,4,83.6
aca3b492e82b71863328c4c288861ca2,1,credit_card,2,157.55
753ea01a5062671540a89514bd6b554a,1,boleto,1,142.53
74e98d2b01c0fd8e1357032c441f09a8,1,credit_card,10,259.88
f68d9380f798cfd964305e853071c0f8,1,credit_card,1,34.36
2bba38e2a9893d1126b133f189ee66f3,1,credit_card,3,121.09
406de5462666366ba69ee8d333eafc31,1,credit_card,10,1031.15
07460d5693ce1f6577ebd04b4ad091eb,1,credit_card,8,172.52
5f7577cc4d04d08a6edae39a0b96e281,1,boleto,1,71.14
30d2a2368488274228f1d64c2ab3231e,1,boleto,1,473.2
08bdb086a562d4a730e238d0ba09be26,1,credit_card,1,148.14
26ac15c4f69145c3a0ce4f2ebccd2a84,1,credit_card,3,112.12
ab2689fb3d9f1cf323c75b49d6a393e8,1,credit_card,10,145.76
ee46e60afd0a0052089f6729df72feec,1,boleto,1,64.13
27a940efdd448db29463b53ea0cfa2f4,4,voucher,1,2.61
81c340da0fe8e47244fa1a3fd41337e2,1,credit_card,3,167.28
b99b9205eafc5fa75cfce1be7d1d9bff,1,credit_card,2,201.04
0f57f8c8546ce0d3837910801250d944,1,credit_card,6,111.89
a2719d5230c391aa396433b5cf6cc4d5,1,credit_card,1,73.03
c9283076b0f196acde755765fcfaec9b,1,boleto,1,263.24
9ba82750c563828973f933ffcd80febd,1,credit_card,5,61.64
207899590ac0ec260af0446b68101b21,1,credit_card,5,439.0
ee9ca989fc93ba09a6eddc250ce01742,9,voucher,1,3.9
905fc82a3f92ee92e5084172bf337840,1,boleto,1,108.2
2b749af514f3e9bd00fb20b105f36a83,1,credit_card,4,602.38
d9e0e6c219155daf624e2cd31056d474,1,credit_card,1,31.88
69a1237e93bbfef907c3ae4cdae74244,1,credit_card,1,138.96
64619901c45fba79638d666058bf6be6,1,credit_card,1,52.38
c410d85093b93e495da87d8041af5ffa,1,credit_card,4,44.2
549724824079ea56bf8f03069347fe0e,1,credit_card,3,66.79
85c9164bed6016c63dab9cde6887f37e,1,credit_card,5,50.09
33a2d5e5c1eda20e8a1ce9445bec4086,1,boleto,1,107.06
95340911ff992b7a25fcc0f927146197,1,boleto,1,51.79
fa65dad1b0e818e3ccc5cb0e39231352,22,voucher,1,4.03
16e9aa07e3c0747d339a73bf9c1d275d,1,credit_card,1,68.08
151137bf7ab537c1a2da6bba1368d87d,1,credit_card,3,150.34
4296801e936343a5f6a38e29143c0f88,1,credit_card,9,91.18
e99ac811e8a9efe60a334a5a985ac28b,1,credit_card,1,146.38
16d9b91dbb8de7843ced59fe9c4ca61a,1,credit_card,1,29.85
c22a588780963010739e299de0a9bf51,1,credit_card,5,81.11
963cb654293e98ba41a3c609d2c3ca4d,1,debit_card,1,214.83
9cb31e241f37e9115ca372ccb5973ece,1,credit_card,4,40.53
1439c73f16c16e5ec78a3b2ff4e4f73e,1,credit_card,2,66.6
6bea4b3d238b2f7104807ff9f128f7e6,1,credit_card,6,76.27
99cf68b71ac96d8b4c0f20dec410d8fd,1,boleto,1,34.0
f060d1eeb07c0294f897df1ff19d4b99,1,credit_card,2,118.71
288c5544af72d827e566c9ead00316b6,1,credit_card,1,168.2
40753325f836f577dd8bab3f0e5807e6,1,credit_card,10,158.98
c3e4094adfa71210e702f8e3f90b5569,2,voucher,1,21.28
6e27f04e8947d6be930769e3ce557bdf,1,credit_card,3,35.96
730c83933acab283b21bae7b3fcc91d1,1,credit_card,1,590.62
f9a799d2f679685212cad64ee906048d,1,boleto,1,203.0
87d30b7fd5316c576377b79548be7d84,1,credit_card,5,536.3
0893ae2dd572c400965d60fa77f45076,1,boleto,1,126.9
af7f16b96e01b9947638321949f672d5,1,boleto,1,150.37
a6d306fdfa4582a936be85949cf98a50,1,credit_card,3,123.49
20176fe1ddb4756918024acdffd0cb05,1,credit_card,5,54.0
6adcecbe14853c4a59e88f497152d83c,1,boleto,1,45.78
f93bcee6c5595d8b07ad4f799fe5b590,1,credit_card,5,255.24
a9a75c64cb5e9f7bc92e68ec13f05c45,1,boleto,1,76.32
a1ecf6ff2702a73805ca6ffa3771ab05,1,credit_card,6,79.39
d79f4264e783c7bfb5a7513f811a236a,1,credit_card,1,168.2
1affc4ad6b0957720114bf91c2f39879,1,credit_card,1,27.75
1852db4cb1cd327502f1deb0b4285b54,1,boleto,1,50.55
a7ccc4df2d363b2ba9037d1ef834a250,1,credit_card,4,181.78
3041108a3798c0b8ce8a9bb8efaaebd5,1,credit_card,1,129.09
8f815207602f16cdf25a3fb1858ca6be,1,boleto,1,86.14
b00122d54463704c33f4768470c6db03,1,credit_card,5,319.66
b084a8f61aa45461c76604d752a993f8,1,boleto,1,104.37
bb931b0509f3198e76b0e87ef16db694,1,boleto,1,130.4
dec5c8b31036f767ced1d8a698be9a8e,1,credit_card,10,124.51
8328f0c360b46dfb1b46a1e9825c7fc1,1,credit_card,1,137.09
452a4cbe0a3c21aa7b7a93e9da67eaaa,1,credit_card,3,239.09
aff1be85595c5529e666a04a65b00c4b,1,debit_card,1,817.08
d1ccdaa4ae7486e10616fe4956e7512f,1,credit_card,1,221.89
5c2b38dc10cf46a3224f46dba893d26a,1,credit_card,3,66.78
9f98d6530155e3b3869f47e53834b562,1,credit_card,6,316.76
d5e892687c8916b17cafe284780d01b0,1,credit_card,1,89.17
ce19416583ee035a7a8097db2c53f98c,1,credit_card,3,52.24
cad95e56b8bc5ed2c10ee964ba21ac96,1,boleto,1,27.77
cbd4818fd2df9243a5f4698948f80bd0,1,credit_card,2,97.92
a20fd8d03db72237712932934935ab14,1,credit_card,2,56.01
a36a813c74f1991b48c5e3403bcebba5,1,boleto,1,75.88
46aedb619e3a9e3883a8d51d58269e4f,1,boleto,1,38.23
622cd02bfa274728c8d0260bc7c492a2,1,credit_card,1,91.71
16be5e70ff2ab4fa7caf1f4350750711,1,credit_card,1,40.79
d6717d9840d700bd7be08d9ca8bb791b,1,boleto,1,419.88
d1ac79e195d42ffecfe5abe8428c6535,1,credit_card,5,384.27
38774303eed7ea4f45f31ba37969381d,1,credit_card,8,300.44
c9756139ee937be234c1aafe31b8722e,1,boleto,1,80.81
4119f9ae0b1ceaaa966616d6a3ba616b,1,boleto,1,37.37
015e6682b50c824bfdab6b866f937936,1,boleto,1,168.27
1edf6220f293bb806c6d390700ccccd6,1,boleto,1,73.94
ee9ca989fc93ba09a6eddc250ce01742,8,voucher,1,5.31
8d5af908ce8ffa721a9f665abb660200,1,credit_card,2,64.0
1e7daa50f3b5b4b0325e1467947249f1,1,credit_card,2,248.33
c56e40373799e9fb580a236fd5fc72a9,1,credit_card,8,83.12
8e9168f5b8cbf3a8e5d2f6767cefa724,1,credit_card,5,111.84
c10c68068674aaf6ca04ad0387969333,1,credit_card,4,48.1
a1a43def14457b1136b6fb625b7553aa,1,credit_card,1,24.02
8c9479e56a7609daf0260e1ed2a1d674,1,credit_card,1,115.35
d57dc0719a809a0b1f533d4b150fea47,1,credit_card,1,109.75
30a461491fa262d5d6321e3194bbb452,1,credit_card,1,63.83
cd3558a10d854487b4f907e9b326a4fc,1,voucher,1,71.8
0646e0e4885dd8c69dddd6b2742b3b1b,1,credit_card,6,571.42
fd965a5e6e0a6b5d4e631551ecd45b9c,1,credit_card,1,109.75
bb39cd2f2f58e93ae10568be5cad1b58,1,credit_card,8,188.5
c6a76def310a4f508d6b11884e8a01f5,1,boleto,1,98.35
60774e7210a075fb221731434321e048,1,credit_card,2,148.69
d2ce9688abb199cda1a106b293847827,1,credit_card,1,37.37
94153bbf95f273c5b6c342d2acc6d017,1,credit_card,3,61.05
973f596fdd2295f00754dd37ab7eb684,1,credit_card,2,98.79
2e386e86851d57f3a4f9b2bde748df42,1,credit_card,1,33.75
7889e9a569a5488a0c9d93381a13d5ba,1,credit_card,8,196.41
6ca34a7e19802d00261e550467a965c8,1,voucher,1,92.57
1e721ce42c736da389dc1e266e969acd,1,credit_card,10,100.82
ea95ceffc1f14090fa639afd7f1b0206,1,credit_card,8,418.49
21cade19cb2ceb4f1e5c9f9aa0daa4a9,1,credit_card,1,137.26
466334b9ec76342cf368c99aa06375cc,1,credit_card,1,68.72
55ccd4969754c36c0e5d45ce55594aa4,1,credit_card,1,33.73
f338453ca69a4ab210fb2f6184e7f6ce,2,voucher,1,26.76
d3fa993cd95accac6c3d0b7e51dffcda,1,credit_card,4,55.28
afd09879ff7489d300d0ebeab6348e35,1,credit_card,3,38.09
c9fe3cca849fd78e942704ee0078cedf,1,credit_card,2,57.77
d73ddd98199cde252b1c0ee783374da9,1,credit_card,2,60.19
d738667fa4f31f5d89dd8dfcc07699ec,1,boleto,1,51.69
370e2e6c1a9fd451eb7f0852daa3b006,11,voucher,1,6.49
0a9578b7213cdc97d31f2e5b5a359bdf,1,credit_card,1,82.13
f26f92a3da58e9c771820a7b4d9a6800,1,credit_card,1,57.68
562f6c47e1f1b9b37763db9d5ae00e3a,1,boleto,1,57.79
242efbf997dcc144609030002b91446e,4,voucher,1,2.96
3f330c606a285a5bd1cf10b860dd6302,1,credit_card,8,647.54
a5bc722e653d42e3c7e1404d4779f19d,1,credit_card,9,951.61
52e1b92cb6de5f5bca72b3d73f59d193,1,credit_card,2,149.88
246b14cc444e8a7df0afd80495dfa052,1,credit_card,1,17.97
370e2e6c1a9fd451eb7f0852daa3b006,1,credit_card,1,38.58
c5d1a6481a4fb3684588a2c7fc970918,1,credit_card,5,148.2
898ded7ecb1e4d92997856bd8b7a8aa1,2,voucher,1,5.18
f3315317ae9053985e17b5378e2e6e51,1,credit_card,1,53.9
909848fc22bea821de7a92b2dc614338,1,credit_card,1,99.9
8d4b407022b632729179432fdecbc16e,1,credit_card,5,88.06
ef45f5b9b9146357bf702bb363b16899,1,credit_card,5,54.51
18365e069e7aa176d76d25df0a233e6a,1,credit_card,1,61.53
641fffc35cd22fa1a6092b0c0dd903b3,1,credit_card,4,194.5
9d7c75d76a63b0e133c2cc1b3b4b7faf,1,credit_card,3,63.52
d5af6d41c141d7f5e36c08e509167d01,1,credit_card,5,82.98
ad366003d331bb0eaa77c1efc5570657,1,boleto,1,93.28
567cc2038bd5fc2994630f15ba392df9,1,credit_card,3,228.41
a31768d1614db23dfc711f738b2b774f,1,credit_card,8,165.67
3c224717f735680c865cdb827b6c81bd,1,credit_card,1,48.68
15b9bbc3bfc272e14a8da450ed7867c2,1,credit_card,2,82.5
2ee76a4a1d729880a350fcda807b492b,1,credit_card,10,141.51
71d27026352e4ce6f225aa02cd8bacc3,1,credit_card,3,56.77
489b4af31f96f42648f0c0636a51b289,1,credit_card,3,157.21
9c8ffc9afe14108def96d0b1a3678eec,1,credit_card,1,169.44
f8033eab5248939afe7fa7feb4ac4866,3,voucher,1,25.0
f8327f59e5ec97d2240579e1dc6dfcdc,1,boleto,1,33.77
71a49be8a212eb4987b67078140a1434,1,credit_card,1,76.56
7af6541803424eeecb9ec5148df1f74a,1,credit_card,1,77.57
242efbf997dcc144609030002b91446e,2,voucher,1,2.78
13de2b3aeb8d30a32011cb0017beaff8,1,credit_card,1,93.68
cf1d0b87e826698d649f105224d60d8f,1,credit_card,1,95.99
d80bc8900db383324d145cfb1c1aa854,1,credit_card,3,325.83
65693cc880b8cf8c5e24798b6e042e0f,1,credit_card,1,60.09
5965b589a33443dd1f820eb7df39762a,1,boleto,1,19.62
99db775503c98bc234c5bd9e06d8593d,1,credit_card,1,40.77
99444a1ae54c5cdeb0dc5e97b57aa6e5,1,voucher,1,18.84
12e41d433221ec81392012706ab20ff7,1,credit_card,8,120.37
e5238e84a4c88c17a350b92645006c61,1,credit_card,3,178.22
2ec89189369ca4f4e76799f715c1c6d1,1,credit_card,2,87.8
aeb70ca14a984230b34a6cbf48fe6d8a,1,credit_card,8,184.1
077743f9ba8964fff85ace5b958e5284,1,credit_card,10,137.89
414643c3ed26cd6d93ac777a102a3ac0,2,voucher,1,1.8
fa65dad1b0e818e3ccc5cb0e39231352,27,voucher,1,66.02
482c3ed0fe2eb68b316507e78faa6783,1,credit_card,4,135.56
dbe267dee5dcb469508162440874551f,1,credit_card,1,55.69
f889a5a0b44adc29c5465b99395ac3c1,1,credit_card,5,59.69
8d877170b83d13fb1a69834a815d0974,1,credit_card,1,28.03
acc128e9293460781736208a647dd87c,1,boleto,1,114.24
649a327bed5a2799967cb9c666ff06c1,1,credit_card,2,134.49
f3a3becaf45a4f7799cd93b1fdeea2c7,1,credit_card,3,351.22
dd5371622a32b1a8fc1726facf274115,1,boleto,1,19.64
8df2f7a8d9fb8958675f795e2f71f27d,1,voucher,1,93.56
b72bd7bf1e84a4cde235a7ffcc7542ca,1,credit_card,8,505.27
b01c6ff869f5625618ca2aeed1f4daf3,1,credit_card,1,103.36
f338453ca69a4ab210fb2f6184e7f6ce,1,credit_card,1,26.43
4561cf6b4b4f741552d9b994141419e4,1,credit_card,3,144.01
d258d2c8bdc01ec0aa8a048d723bf427,1,credit_card,2,41.01
f27fd91fafee87eccffe0df85538c795,1,credit_card,1,66.78
c546a6c20db2388cfdf1f72285456a3f,1,credit_card,1,164.79
8af844e18cf7ddedd50343fcd0990863,1,credit_card,1,58.05
2bc1eac46ee8d6fad3f7369668f1bdf0,1,boleto,1,100.7
46513a6be6229688ac9b3144f995f95a,1,credit_card,10,141.53
99732cdec64edc7e27f1a79ca75c8b75,1,credit_card,2,49.69
8dd554aaa8e7d61ddde56ba4189c780f,1,credit_card,4,307.23
db4c181f6ac63a558233e98861beda3e,1,boleto,1,54.0
28cc666d3c85564ac6854085a36582fb,1,boleto,1,84.79
760e70b6d3136376633a2c6369da1c69,1,credit_card,1,162.83
560691faf05a5433e9617b9582948175,1,boleto,1,153.01
7a94606a015a9feffa3b4ac23e84d132,1,credit_card,1,32.38
34688497162fbb53b24e10738f912fa4,1,credit_card,3,153.55
b4e381786201d38ab725a174f011ddb2,1,credit_card,1,89.27
37a63972d6fa35618d22858e3cffefc1,1,credit_card,10,180.26
27a940efdd448db29463b53ea0cfa2f4,3,voucher,1,17.52
25ce89b82d611789988bd8dd3722c6af,1,boleto,1,74.72
9247f243c8ce8daa5f7011af7f97fecb,1,credit_card,1,67.1
dd0488bddbf592ba7d9855279f65af62,1,credit_card,1,401.24
1dc23ddb9b0da103fa2b711855d60c76,1,boleto,1,157.7
914ccbb5110ed49b96c301b5fbf8d629,1,credit_card,10,1070.74
785e8c8436f4631d009d208dd380b200,1,credit_card,2,306.78
337788b92e1812c7665aca6fd8b611e8,1,credit_card,5,51.16
3ffb5839790306f5e88e8319508dae29,1,credit_card,2,321.17
26bb5de8af735f6720c8ed5eba9c0e9c,1,credit_card,4,48.82
79d6c28185a5be065bf1931dc36a289b,1,boleto,1,105.28
728f6c4bcd81ebdfeb353bb9b0893a12,1,credit_card,3,205.3
003a94f778ef8cfd50247c8c1b582257,1,credit_card,1,57.98
bf99266f91395a536eec2caf09bad879,1,credit_card,10,104.27
8458ad0c5a4b19319109dc629ac03c8f,1,credit_card,6,600.3
6b62e435ad4cc81a538f9a279049f490,1,credit_card,5,246.79
10f69c462a2c700cf1b141b9874af717,1,credit_card,1,20.38
f7c13c71907b58b590da46643fda3bbc,1,credit_card,5,105.28
ef21ebeb08690a0a1e20959c4d9f6357,1,debit_card,1,36.82
4748c7d66bbedbf52de84b3bc4cbc482,1,credit_card,7,150.66
284b02fa3e9a13f33180080d6c8fea2e,1,credit_card,1,124.42
77e102ecf08e057581ef2ce55c80c6c0,1,credit_card,4,43.62
8c0819345572d0da947e64bfdf38e3d2,1,credit_card,4,57.09
6e8f7f46da15fa56cb1301de370968dc,1,credit_card,4,211.91
00f6ac4816d12f49026b09f2aa77d15f,1,credit_card,3,163.32
d66cdd2dee90bc354ba79f909e9dfda4,1,debit_card,1,143.64
e7df3fcd195fafd25a46f580fc96c9f3,1,credit_card,3,30.09
bd51fae4e79d90bca958267d6e6bee30,1,credit_card,2,145.06
a3c65630607c982f54a3df86ba0ba76a,1,credit_card,1,21.4
6aad8a16f17436a086a9407258c150a4,1,credit_card,4,313.86
4724d70419b2219c68e4ae60a03738f7,1,credit_card,2,135.73
03ea970e60ecfa4b84a69ddc665262a5,1,credit_card,6,132.57
9b31411d9c1c41009017a1c0a06ce069,1,credit_card,1,24.1
05dbe6bf3e09d4e05160a98d0a926bb1,1,credit_card,2,173.92
379c468e2dc90ec7cd68bacf13ecca13,1,credit_card,1,42.86
4b9e3d73bc7731420bb3f45c2cec9ed7,1,credit_card,5,218.27
6e57a0a9be49f002ca81bd94ec9b7021,1,boleto,1,167.47
b68c27cf94ce13113c69bd86e640c41f,1,credit_card,2,146.68
d27e502287dfd6690077b513380b7fbd,1,debit_card,1,102.14
b20f7bd5866f03037cbf0e8dceb92f8f,1,credit_card,5,50.86
e1cb06b1ce820a025fed0669adf9a7f9,1,credit_card,1,42.68
a85c1538df5701aa9a7c6cc423bd80f4,1,credit_card,2,164.63
885e6b2a928b8989d31fe2e7db3a55f4,1,credit_card,5,259.91
0337e9398b087d93f41230ceb2410b50,1,credit_card,1,36.73
df506acc7ef7a1311a4602005f0c982e,1,credit_card,2,48.21
0d3268bad9b086af767785e3f0fc0133,1,credit_card,4,204.62
a7b3d11d05a59e62a799d50ad789abe7,1,voucher,1,68.55
9ad8a5a07627839df5c41599153d02d7,1,credit_card,2,69.05
658677c97b385a9be170737859d3511b,1,credit_card,1,222.84
713824809fec35c7cd7125d6a6bd347c,1,boleto,1,36.78
f8db134d4ac3747d627adb962ec08f73,1,credit_card,1,88.74
bf7dc02ad247527a27900abb19306a3c,1,credit_card,4,75.24
d828bfc73f08a09b4d5e7fc4671917ab,1,credit_card,1,217.8
b9c7e6ae0060bbf1898ea61f765ca121,1,credit_card,2,86.02
d9d2ea110b9794283aa5100ac9ec718e,1,credit_card,2,105.07
21359e988a499d8217626005d16a61d6,1,boleto,1,118.5
158a3c94f1c31ab6a1e4b818c150ef70,1,credit_card,1,59.17
9cef759af57cfbaf537221a36730209f,1,credit_card,3,61.75
5bf4b0c6624c03f4a531a60082fab3b5,1,boleto,1,131.51
f6b066fe810a20c879b7a4aa8ffd30af,1,voucher,1,24.68
9fbb5075d54585f5a28a955a0f68b8c7,1,boleto,1,127.04
998c57ab2d55eb30d6de8d103034384b,1,credit_card,10,1111.61
fa0609cc7f74568f4f0b2fe9b286e76c,1,credit_card,2,157.55
22929eca5fe4738503a332952b9bfbab,1,credit_card,8,185.88
1501eaa2540a52164308d1dc061f89e0,1,credit_card,8,104.7
5ffc7455c07cb79260d36024277e417a,1,credit_card,4,49.04
b6ec449b625527c7375b5d1801d19818,1,credit_card,6,351.18
ae352cde9779081a0ca9020c7e276325,1,boleto,1,649.71
011405ae7b89def8ffb3468eb29c299d,1,credit_card,1,37.86
8917028bf3c86c1be363da721004f557,1,credit_card,1,53.7
add3094f9efba79b138dd089077c8e20,1,credit_card,4,42.27
8526252eba4c42a9b627db77f8ffcfe1,1,credit_card,1,83.89
40b1c90528443b00c5f0e9b35471aab0,1,credit_card,10,123.52
85009f731c1559c53d150e4b3fa7f8a5,1,voucher,1,39.57
8ed8d60cc2df2b29e93a93ec47189c07,1,credit_card,6,1140.23
f8033eab5248939afe7fa7feb4ac4866,5,voucher,1,25.0
bb98ebf4863602704a934e547ca8fbee,1,credit_card,2,174.88
bf5a19905dfd112e6964d76f4b21cf35,1,credit_card,1,74.94
a53b8f28c69f039a8d9ce5c30b7367a2,1,credit_card,6,141.64
08bf75dcf867b9f13026785053e87052,1,credit_card,2,57.8
2455cbeb73fd04b170ca2504662f95ce,1,boleto,1,1421.69
0c1131dcb8c6ec0c895af6aea3e70983,1,credit_card,4,218.1
99e4c7eebc4e218f0ef4729921038c19,2,voucher,1,49.31
e422e79c353461906ac09d654bd28ad7,1,credit_card,2,190.88
5f8c42f0624576e5f4c4c86cb176c613,1,credit_card,1,78.41
54e4556bb09818e0efeb30e86c4022e0,1,boleto,1,27.73
dccb282b858f9b481824964de4cda528,1,boleto,1,77.66
95d01aa47c6ad56612e6c8e9057647bf,1,credit_card,4,60.44
86fbc7823cb0bc0b27e0ccd18022aa19,1,credit_card,3,194.56
71f47871e9cf560d325f00a5628c4a94,1,boleto,1,75.11
c5fd2c7e23ffd8d1ca4c839b7c5596a3,1,boleto,1,95.02
4b3c7f8318b056586e0407857f44a136,1,boleto,1,63.78
2f3e2209a4db6baec6526ced407bbce9,1,credit_card,1,54.34
28ea88a8bad588a92fdc8933affa2d09,1,boleto,1,32.68
b3abe697965039908d3203cd063a2ce6,1,credit_card,1,57.6
ac57a5e116e95f1b04e07e0b57a5f6f5,1,credit_card,5,250.7
dc771d8720de3625596eb0b0fa043528,1,credit_card,2,127.01
37b2da18eede8674ecc05302ebb6e32b,1,boleto,1,238.34
bc4bfcffb1b6e4942fa9e911883e6c98,1,credit_card,1,61.75
788688f686c6ef04e7eb60e4ba103ffd,1,boleto,1,273.06
4da1780a79ddb7340ed2081b6c035d2d,1,credit_card,9,463.77
a698966a44dec5eb80ac9c132b5d2a53,1,credit_card,9,98.56
42dd28e31692200f58f7ab447d6c8eae,1,credit_card,1,136.08
deb53c75e6fc731052963598e2553698,1,credit_card,1,88.5
e5cf005255a551709fd938c0c57e3d6a,1,credit_card,6,418.58
9e6491dcf30125187adc8a3b5b5a571b,1,boleto,1,118.93
8d64e424b042f023526817b2f765a442,1,credit_card,3,208.64
d7b2d3b902441cf3dd12cd125533217d,1,credit_card,8,107.78
1758ad531fb74f63e2ce97f1791a1325,1,boleto,1,143.89
014f1e63f9bd4f5578edcf4e5c305a0a,1,credit_card,2,148.24
2f2df159f26ddb73d55ee72372200d3e,1,credit_card,8,166.81
db0d1ecbd182db92c44e389118dbcbe7,1,boleto,1,99.18
095e9e0811476409362d72fa70d73a6c,1,credit_card,2,99.01
09744659d8e64274cf91bb288d9c3aec,1,credit_card,3,428.8
4cab646fdec6d36f60c2febb8a595b8e,1,credit_card,1,183.73
6471b260244ab316f8331321d689aff8,1,credit_card,9,186.49
e86dc64373eaaf9fc1d9d58bfce38f2f,1,credit_card,1,117.84
3c2ce68a8ae197f1c0761e0e49486673,1,boleto,1,63.13
fea37071a9fe1444fc1ed7f316b68478,1,credit_card,4,42.5
3e5e7b5fa03b93333f27d876d4026ec3,1,credit_card,4,99.8
98889198028c9110a7e574e3969b96cd,1,credit_card,5,101.27
e5ac19b38666500c28341ce6d9bb889e,1,credit_card,4,180.37
3a1ce4053005d669ac4e0047a13573cf,4,voucher,1,20.71
b0c175f72fd1e5956743578c03b1785c,1,credit_card,7,148.69
38a37ff772f3b9f0f304d46b6ea90c09,1,boleto,1,43.27
db1cfa492610bccff9d25d439a9ff2b6,1,credit_card,1,32.56
4211e9c52967c6118ba50e4efde875a5,1,credit_card,3,68.31
fa65dad1b0e818e3ccc5cb0e39231352,1,voucher,1,3.71
f3c19ec2622d12aafeb4c32621b951b2,1,credit_card,5,137.99
1cef8c054a99de4870f9f34b4822f206,1,credit_card,9,218.63
cdc1504eb9521a2941c00363ee8288d2,1,boleto,1,241.22
653f05432280006916452a2fbb55b136,1,boleto,1,60.92
613ea91cb4b6b072a114ef3e5e9b6227,1,credit_card,6,182.84
22401427638873c7bd3cffca5c9f38bf,1,credit_card,3,101.37
b92773553b06cfc1042db69dc1a5b70b,1,credit_card,1,105.28
3e4875148a652a619d8615653b4c8e3c,1,credit_card,4,86.25
aaee808634adf6a6f4bdd2354f43f448,1,credit_card,2,131.78
573aed3067e4c429716880094b71a80b,1,credit_card,8,104.7
732c61dedcbe590b6b5d8a7609bf25b2,1,boleto,1,114.33
dcd7bf0e4548b5a99e81cca7a7160042,1,credit_card,3,34.09
1e2eefb7d4535b86f105f75ea6125a47,1,credit_card,2,116.94
d9f4838ea42729e0b08088b15492477b,1,credit_card,1,77.57
370e2e6c1a9fd451eb7f0852daa3b006,5,voucher,1,3.41
8c6bfa76e0b4be56db6c43f35db2d4e0,1,credit_card,4,57.82
aed8a6355c72e229dbe6db611871f210,1,boleto,1,94.77
27c747b711a812bafe3c276823a6bf73,1,credit_card,4,738.57
f22420a030f491fdcaabbc5573a9ff39,1,credit_card,5,53.72
4fe46529fed4601ccb07ba71cc357567,1,credit_card,8,332.96
5a0e5ad33542c79b10be87a344ee0086,1,boleto,1,86.67
422dc200156c43d69ba21c16beffd57e,1,credit_card,4,180.22
a24a47282e13a3896fb83d6f49403e95,1,boleto,1,255.38
08ad3a94339e1bddb2167b3c51faa4ac,1,credit_card,4,132.02
04b8c60eb3cceaecde917716daa30bde,2,voucher,1,61.05
309a6548116f31b315cbf53be18cda77,1,credit_card,4,238.95
7bfe238bd2ede94073ec8c6c64509b90,1,credit_card,1,137.57
38b74d37b6bb4886a9b460ef8d4ba2d7,1,credit_card,1,65.71
3ba1f632cf89a08caf9837999bf827ef,2,voucher,1,15.86
6e970ac8488781fb447ff2c2859168bf,1,credit_card,3,244.15
34445bc5a6255519c1d230b2231eeb63,1,credit_card,1,193.02
fb89dbec79bc8b1f0d12165058cb1cb3,2,voucher,1,25.27
7829b2091dbfa41a6b5731cbdbdffe1f,1,boleto,1,142.1
4a9926db4f145a7facd1709ecf22bb25,1,credit_card,10,189.37
2bc4e677f1913a63cf631fa0e18c1525,1,credit_card,3,36.77
cdbbf42ba3892a989ca5b644ee43db7f,1,credit_card,2,39.07
f2710c3e65b68cfc927a8aac6ecebe83,2,voucher,1,138.05
0dbd48af8e89b595eec029357764af2b,1,credit_card,10,454.76
1fa468994c6de461001e0d8849f60a7f,1,credit_card,1,34.82
d7dd7b5a139c49fb68a6977797599973,1,credit_card,1,377.94
3a1ce4053005d669ac4e0047a13573cf,2,voucher,1,62.15
eaec6e2d982640b10c56b8eb00049f51,1,credit_card,2,37.61
68bb4de546513f8cdd2c1d21fc3bc114,1,credit_card,4,69.81
59432b04b996ae5d0d88267d392b8d6b,1,credit_card,10,623.68
39840651d975d5a257f08661d376e085,1,credit_card,8,319.88
f6a40045364c9ef1f9405ef1d094c389,1,boleto,1,1478.95
8e75defef52610477f8662c16b16498a,1,credit_card,1,46.3
4380c4ed9da2c69163359909e4e1510e,1,credit_card,2,173.27
033ce22f1fb407d7cefcdf8d1121706b,1,credit_card,10,165.53
aa4634ff761133d98df37cc039021823,2,voucher,1,0.15
12c8abab1047518ce64899cb2c2966b7,1,credit_card,1,88.18
a7d73128b7dc2644c342e7495ebe8e3f,4,voucher,1,4.24
329c5c3b5a57c04d68cda99d7f94403e,1,credit_card,1,39.15
aa9216f0e8af39eb6edc7e44fafabb41,1,credit_card,2,68.89
34ca707f0687a186215481e5b55df48a,1,credit_card,2,78.47
f5e0327c97a90df59977a815f6e4453c,1,credit_card,4,93.55
b9fdbff1d403555f4d184966b1ac398e,1,credit_card,2,118.35
6cb134bb285a64b0425d1fdaa00d4214,1,credit_card,1,2031.09
fb89dbec79bc8b1f0d12165058cb1cb3,1,credit_card,3,129.22
ed2c57fed139a0eca6a0204624201f0c,1,credit_card,4,322.68
42b71d23c4c47ac0364517ab0ada92c3,1,boleto,1,50.45
c3d82084f95e12ecd6cc271e0c225175,1,credit_card,1,128.87
124c8d5fee5f49a8d7a8535b5bea6e69,1,boleto,1,33.44
7dccea198365e4c9f616fbf3eef62fdf,1,credit_card,1,63.61
3099fa1da8ddf6f98c8a917af87540c5,1,credit_card,1,33.78
37f61d782089bd338aff5207a31fb933,1,credit_card,8,470.46
4b9e031a205af9c7035eda4f4db1ba69,1,credit_card,2,69.33
86f1238d241a48cdbedf1a46d8532ded,1,credit_card,7,200.33
567694848ecdb6633bef4b3b48bbc4d2,1,credit_card,5,199.0
7276ebb4ef0951f006dbfb2deb76d255,1,boleto,1,149.65
c8ccd366bbf35430786a86ef073322f8,1,boleto,1,38.12
0fe1829613c45b423f51aa8949dd8d57,1,credit_card,1,16.25
89ca1c6fae0e21f0395c0e3b1d89914e,1,boleto,1,86.58
c0ac92509aa6420f0f3d6f78748793e1,1,credit_card,3,34.09
f5931f16ce0aba5c5f948d17919d04cc,1,credit_card,6,333.51
505ad05b659736f51f674522b701d9a5,1,credit_card,1,75.08
48997989a21e741f0f93be9870c82b90,1,credit_card,4,423.63
fcf380438c697a895901151d7a333c5c,1,credit_card,1,79.28
c5bc8257538b2c4e938a4e8836aa70b5,1,credit_card,2,91.48
17c378811f6ab30e2c7d554f2d4fbd44,1,credit_card,1,1300.57
c4a1796b7d23ecebfc720e4dcd2744a2,1,credit_card,1,95.67
fa65dad1b0e818e3ccc5cb0e39231352,10,voucher,1,12.86
e3369fffb9c064e20cc82f4f612ce0ca,1,credit_card,1,75.3
363ef87a97dcef74ca5b91ca4a415f3c,1,credit_card,7,72.68
be5435c57df6900352df2542b39a99de,1,credit_card,1,147.15
391cbfa45cfc95e90b2168e5afe04b25,1,credit_card,2,793.09
a3d314d074a652024b6b7ce9cf5e9275,1,voucher,1,158.37
efa916a75b5d88fd21c5e217c691e81b,1,credit_card,1,6.17
185e7ea81e4cf0fc1d2f4e8e38e8e7e3,1,boleto,1,905.93
a85b39b522ebdc78718abeca337444a5,1,credit_card,4,256.59
0627a80d6b5c65e9b212271f845e34da,1,boleto,1,76.18
64e827a2a04dc6dd5adcb685b1d26ed1,1,credit_card,10,393.38
6f211f55f5d2168a3c9d8c60e6a89c3d,1,credit_card,1,130.69
c9dacb231adb8fe3a8d4d452aa10bfe1,1,boleto,1,49.32
a3bb82a765bf828134959a50bdc5f8cc,1,credit_card,2,25.33
cd204f2c023b810c30b9d94d83549c84,1,boleto,1,102.03
4289c523d9d7daf854afd779579d63dc,1,credit_card,1,57.37
2ff4dba9b7e65ee15034ed2b0004048d,1,credit_card,10,1013.59
d9e44c3fd2ce16086619f299e92e12d8,1,credit_card,1,51.11
52b72b336dbd155b3d75bb3fcc799ac3,1,credit_card,1,56.78
cdbd981121b82988cdb4bc8229598984,1,boleto,1,151.7
724851759f03251eb3a9e209916f07db,1,credit_card,4,131.34
d43fdae293f477cfaa36000252f3973f,1,credit_card,1,61.96
fcea4bf64c9d15bef64a683ae2243e35,1,credit_card,1,40.68
a77843f2d4f89986e65fc1a4c1c0957a,1,credit_card,8,175.11
84a1a8e9b6cf26aee8cb39ffb391362f,1,boleto,1,153.85
7835af1856de332f2f3c9204b740a3a2,1,credit_card,2,64.09
5a97cb85d8737c11775451e5bcf67286,1,boleto,1,47.04
33ca67f12b946d8830eb3805cc63761b,1,credit_card,1,87.7
1c939324bacd87c65d030c7974e38338,1,credit_card,1,125.2
0229bc966620f05d9d8fc29c704aa6ff,1,boleto,1,59.87
b4ec6d93789e37e779f86f3b7a9982e5,1,boleto,1,85.23
3a47466ddf60f686bf60e6cc66ed45aa,1,credit_card,4,59.75
d11c4164f4abab90d9262e2f1adcabb0,1,boleto,1,71.43
cba50ee7d72101bacb9accfaaf1d087d,1,credit_card,2,40.69
cfc1cc329b18565c0bdb4aa77d042c93,1,boleto,1,81.5
18c7a26dfefa3c4686770ca98c0819fb,1,credit_card,1,63.53
bf40c06bf172145e8d7d468e6de69de8,1,credit_card,4,64.51
f0306b5ed43b47782c4f72497dc5e97b,1,credit_card,1,50.09
9a965cd710da5125076afbd641624600,1,boleto,1,79.93
691ae3791090baa73a918bece7c1d443,1,credit_card,10,146.17
fd2af1836362513c249c7ae85941141f,1,credit_card,1,66.2
7f9089a3fbe75385f39d5924c2928352,1,credit_card,13,130.57
6e7d56b33e25e67ee602c9bfb9a63018,1,boleto,1,43.77
c1f39bb1d57f413cc9d3086d546b3866,1,credit_card,1,103.3
85009f731c1559c53d150e4b3fa7f8a5,2,voucher,1,94.9
1073c39f7b5d5091bb6dfd342d1f4be0,1,credit_card,6,144.12
d7defcb8f59419ce565959f595bbb988,1,credit_card,3,95.67
3dd755153da335084e4f2ae10c077b5e,1,credit_card,2,99.22
7c496cea7613c2efe6033e93e573347f,1,credit_card,1,64.55
ba21f24f06b977e43ce37b317a6974f6,1,credit_card,3,113.62
eaa0211ae0667cb758713505ee149479,2,voucher,1,10.03
e186fd488370885035932d8efab4212f,1,credit_card,1,204.18
a559cc2d2bc89f9eac193ae83969579e,1,credit_card,1,37.03
01c1644529b18608f086d2ff0f3b8181,1,boleto,1,135.59
a46177e85f66471bb30ef25db0461233,1,credit_card,1,76.02
1570fe1d14badec761d75ca93916bd6a,1,credit_card,1,126.84
2b46723e0416af4c04c758c77bbf9279,1,credit_card,2,70.97
cb71499c074fd6946adf7562f592ac25,1,credit_card,1,73.53
90a2b2da168b833dcca42bdb705790c5,1,credit_card,1,79.29
e84fc9bd9b30107feb50736a4763e483,1,boleto,1,52.76
47e395802e5caea991cb407fead78614,1,credit_card,1,174.09
36fc3a00019db8f893021f9508f695c8,1,credit_card,6,184.91
339cfa1a6bf1f4f0c50db99c5255b714,1,credit_card,2,179.3
e57050216cdcbc40e35c8f5667f7806e,1,credit_card,3,47.22
387304e2b5ef64131135043b69b26c69,1,credit_card,1,100.93
9036c3ce0a28353732668a2822a0a1c8,1,boleto,1,147.98
b4eed0937529c145938bdfcb03ed14d2,1,credit_card,5,186.89
2cd1462cdfa4e911bdab5084ad3b7f34,1,credit_card,5,248.86
649aa2900b06d80727880b4e94da7919,1,credit_card,3,534.74
06b491ece3a9bd260341c1ad36870e8b,1,boleto,1,31.69
8ec55bc714dc23ff93908bdaf8b97704,1,boleto,1,42.58
7a13f61d963ef344fad29d7219a1c583,1,boleto,1,309.8
aba02e203a50c9dcf7c2b6b210b5f6eb,1,credit_card,4,186.82
14bd11245c3ec97c47db26f0e5d88743,1,boleto,1,66.87
062682155c454b125c630e1deebff4ea,1,credit_card,6,103.46
27a67bd7466cbdf5af5708129e2ca7e5,1,credit_card,5,53.95
f93e43e1c7ad8105d4644ca79c6ffe21,1,credit_card,1,62.43
8c2ce0a5a34c3f1e1a56aee2283a45d4,1,credit_card,1,24.19
67d6c5d86ba37be6774ee81dc0bed780,1,credit_card,11,116.33
3ba2a040080e83d936f7121ae9cc993d,1,credit_card,1,78.04
12bac66f44df6a103bb5b982c45f5617,1,credit_card,1,16.77
a0d3b62390e72dcfd8fc6b29c1af0061,1,credit_card,5,312.11
51c86c4487b86a4e4cb8eeec8618de9c,1,credit_card,1,134.12
0d4a6a514fd319d11eda911eda30da6a,1,boleto,1,104.12
32dad65c7c23a695894f80922d9299ec,1,boleto,1,35.69
7a2a38e90310dcc099d87233c2dd2fbc,1,credit_card,4,254.58
e980f0348ae8c85c6eb7e23e9ee42b27,1,credit_card,2,196.01
a9e41421a906ed1a2e2c882a0cfecf48,1,boleto,1,94.5
8d42bc7cf9914679406f48db0e05e571,1,credit_card,3,82.66
9dff990dca94f688d5a005c3da5d9a6e,1,credit_card,5,115.57
a465a6d5ac23c4a20c1dd7e542352106,1,credit_card,3,49.74
47bfd5091e67cf36c5d7d5e6ca97db53,1,credit_card,2,30.0
ae9e1b5ea01b4df2adbf3d1db769704e,1,credit_card,5,175.09
b63d14d5b4f36c400c5a897287b48a1e,1,credit_card,2,203.77
26e5ea27a6fddbbf4b360bdcd90c30c8,1,credit_card,2,162.75
258d79062482663262a46174dc7d38f8,1,credit_card,1,40.17
5b93109649fd0855758bb61ef5fc3d37,1,credit_card,3,153.48
f811bab9c2621b4c181ebc2cb4605614,1,credit_card,5,218.27
414643c3ed26cd6d93ac777a102a3ac0,1,voucher,1,18.08
67d3db1e6d9adab9c49e67e8a2e65b8f,1,boleto,1,22.36
41dc608dc9ebdb998dc9b63c57eca204,1,credit_card,10,299.44
b7c08284b115aea29927fb5c60c35ee3,1,credit_card,3,90.04
4174ab02f93138dbcae799299d390233,1,credit_card,1,142.2
c65d7f18a62db6a4aee08e5d0d24f84d,1,credit_card,3,33.85
2e7a8482f6fb09756ca50c10d7bfc047,1,credit_card,1,136.23
e32ebf133fb19cafd04315ff6d108047,1,credit_card,1,63.37
73dfbf97cb48a39c55ddb4425192d931,1,credit_card,1,37.47
879f83e9f2c3777d90bed2b448e144f8,1,boleto,1,27.61
997c9f908691b9dc69c3b7b3a4433c65,1,credit_card,3,169.75
4e8a81dd08968b65427a30b932a8fb0a,1,boleto,1,61.0
4069c489933782af79afcd3a0e4d693c,8,voucher,1,9.42
dcb6b3a5dfe3c868690d213b263b6dc8,1,credit_card,3,315.25
e6a6d96ae279ae5a454516029a7c43f0,1,boleto,1,295.65
cab041d8d606d6c9d3165da578795340,1,credit_card,5,50.14
2f98f40416fdda614b3c3b4539ec23cc,1,credit_card,1,107.59
bedcad246f8051ae66375615a3824588,1,boleto,1,112.84
5cd688955f6e1066065fb55213589afc,1,credit_card,10,271.2
f31cf521d461f5b8b5b1456a0448495e,1,credit_card,10,363.76
15835b4cf971838ce051b97200baa5ac,1,credit_card,1,46.58
c7d2e4441e2074bed6ad0cd9ee428f3d,1,credit_card,2,204.43
5fab73b31e4fd43344a3f2fa650807ce,1,credit_card,1,103.37
ccb6a32d73d67e9bc5000d01bf776b52,1,boleto,1,98.35
b27ffd98b450ba9120b7ebd8d6bb75db,1,credit_card,4,398.98
4964b712511de5c351d07b12d57e5cc7,1,boleto,1,110.46
33a26356ae145bf4a27c25447e5d1f01,1,credit_card,3,35.38
fac596e78a482c65c9ebe4d9f7d8eb67,1,credit_card,10,111.13
2ebdfc4f15f23b91474edf87475f108e,1,credit_card,3,158.07
493ba21a937e956c5e0e4e26c9f1b7f9,1,boleto,1,27.39
c10f283ced7431fdfdcc159b12344b11,1,credit_card,2,144.14
767dd7bdeb5f5d8f1840145a3e898bc2,1,credit_card,1,12.89
f68394e0df67be098e9ed2a84109e7d7,1,boleto,1,169.49
9c9f7b0c21d98c81b75246bb758c386e,1,credit_card,4,287.64
fa65dad1b0e818e3ccc5cb0e39231352,5,voucher,1,0.66
5f57d407fe28bd1e4601d998f6caa58e,1,credit_card,3,150.83
37d13d0bfc39d14f3e61c410340c93ae,1,credit_card,1,45.0
a916ef54d66196808d8852471ef39edf,1,boleto,1,43.98
415056cb7470ad427166fe14005a772a,1,credit_card,5,59.12
98c9c5c7df242bfccd1ad3510eff89f2,1,credit_card,5,801.11
c5989f8c23c011b7b23df896a51fa92d,1,credit_card,2,64.51
41a1702de429a9f03364932da1ff1986,1,credit_card,1,0.24
e6461bf12e723ae0324f5248219b54e6,1,credit_card,6,304.5
7d15087ec6066de9ee6e63afe93ef9b0,1,credit_card,4,112.43
354025795ae5d3d171988505159a7843,1,boleto,1,94.99
1d0acbd3a21cb00b1cede4db748fa0b1,1,credit_card,4,215.06
0ac247d71d19fc1748abb7e53af648af,1,credit_card,2,116.36
028369515408fa864cfe50091d4e76c5,1,credit_card,1,3.81
bfa75f5b708094727e17ff4ec9bb4f1c,1,credit_card,1,248.57
e77e25ad4185ce8fba142eafcd1442da,1,credit_card,10,523.31
bd0d8e38394d7cb075e6c93b3ebe1180,1,boleto,1,118.63
2fa1143e47aa3e9c10a97d47174aabb2,1,credit_card,10,431.62
a8913a7a82fc8acaeb44c6e9909944e0,1,credit_card,4,275.4
ec2a8c52ab5037c04553f10bcaccd971,1,boleto,1,77.29
27c6771e4bc936d8ef460989587acc1a,1,credit_card,3,71.13
fd7eb2117233aa5ac29e94a28e082077,1,credit_card,2,82.87
8bb61c38933e53a46312713c209dee29,1,credit_card,2,42.78
c7b4a7a4d974418197e38cc0f6c2ea85,1,credit_card,1,450.53
842cd0a979d57e29ba51a0f84a844cd8,1,credit_card,2,40.19
aafd24ce72f716e644f9d4012e1afcda,1,credit_card,3,165.64
20cebe1097b0f1c09cc5f22570566d1a,1,credit_card,9,479.77
40789dad22231468ebb1cc58cc892d6b,1,credit_card,9,98.22
fe2c0c8f40ab6263806c513fe424fa44,1,credit_card,4,127.38
e7b5bbd928c9dcaa3466502cd99b4907,1,credit_card,1,69.22
74d9e9683c40581c6efb5d3ef994c902,1,boleto,1,38.36
adb251e4a198e6d934082144c31f07fb,1,credit_card,1,87.64
6d1941372f0503efc3953bd3b24bb512,1,credit_card,3,175.72
3749ffb24b4dec6d0cab14cb31e4fa94,1,credit_card,10,213.7
2e3d2ade3d9a549848f6a576ae8f9da2,1,boleto,1,201.04
16b1ca4005cd15dce41f3431902ba314,1,credit_card,1,7.53
e5d4d06531c0f91fef9b87eb7d3b98dd,2,voucher,1,71.98
32d29d9903eaaae11d418d087f442fbd,1,credit_card,8,192.66
e778abcc21ac8c885cf25e865e3ac49b,1,credit_card,1,36.78
aa4634ff761133d98df37cc039021823,3,voucher,1,1.2
48761cfd8309604ddb00a812ae7d9473,1,debit_card,1,123.1
ee9ca989fc93ba09a6eddc250ce01742,17,voucher,1,7.19
bbbaa059721d8a17be92ed10c61d2a59,1,credit_card,7,73.76
d16f9a68b1aa5e1e872a86a474930835,1,credit_card,1,29.86
fa65dad1b0e818e3ccc5cb0e39231352,6,voucher,1,5.02
befe8fab6c34f5861b73a3645ce38e24,2,voucher,1,73.94
b68158eed8887928a1dea62a3d9fc407,1,boleto,1,151.53
a5e316a920122ee655d3a9fa01582514,1,credit_card,4,207.1
4a8c411435966af42c48f7de7714c2f6,1,credit_card,1,186.92
a409968a19f09aaa2d44cebcef64ff53,1,credit_card,3,160.03
4c5d80480b7c923ec02b8dee8c00a846,1,boleto,1,31.6
de8d4b40800d2483074fe491bd25aed4,1,credit_card,10,121.55
db851b28d3dbaa9b1b467dad083ff8fd,1,credit_card,2,60.0
72adf8902a7ccd9b21ba70c84f2d53c4,1,boleto,1,138.62
4f2478354c7836ea575c7e2f38dd1d1d,1,credit_card,6,416.56
b5ba129c3461e787bf826b827b5a03ab,1,credit_card,1,127.43
7a9436be8022293777e4f2619c171b17,1,credit_card,7,73.86
796e3c109c8740eea3d4321a8ad5ca5c,1,credit_card,1,111.58
2bd9bddf117b28b0736de5b81eea032c,1,credit_card,1,236.64
daa31883279538aaa2097f19342c2b90,1,boleto,1,37.77
689338a5ff7fc20c596ee2695dfac8c3,1,credit_card,6,63.27
e2f49525c9c3c8cd854d01239a6726d7,1,credit_card,2,198.12
dd1341091b6a6b619079944b4aa45eb7,1,boleto,1,33.68
424e1ceb3de9ad0df2ae67ce62d75bce,1,credit_card,1,209.11
46a9fa5d713a569777fb30562505588f,1,credit_card,2,145.58
09b8d47d2f753e1c1ee4da43e4429ff5,1,credit_card,1,463.71
3b81c43a73c516855c1f690e280e3466,1,credit_card,2,83.88
fb7d6ea70e823cfb1afca3524282cbf9,1,boleto,1,376.25
c93e4c73cba512f76817291e0de8bec4,1,credit_card,7,301.19
b27b73e4dc66dd3733d11cd49b3474be,1,credit_card,2,48.62
d347a4ddae83c0b8a9438522ecb7dfb6,1,credit_card,1,36.69
53f8daea6e8c8d787695830a448a3e67,1,credit_card,10,216.14
cfaa877f09b4f4bc73fc768bf5817df7,1,credit_card,5,113.14
47106caf7707ccc0552581877874349f,1,credit_card,3,37.33
366f322ad95ebd9a14346c9f8425a68b,1,credit_card,2,179.99
10a2d53148bb79d540a6a2e7cb706cea,1,boleto,1,124.96
d2f6f1bd3f3261623c3a807d0945bbd9,1,credit_card,8,81.89
0a8f35ef46160ef897c27ba8c423d823,1,boleto,1,59.42
2297a47ed15e99116ac68cdb390cd700,5,voucher,1,15.03
ca99d0db69566c10a85c187406e20b76,2,voucher,1,31.67
76c943bbe1ddef57ebe9e810f1c108e6,1,credit_card,10,142.67
ecf7e61d0f5617017f9105bf07f390f6,1,credit_card,1,32.72
fce05609044e53ac3adaa8ecc88301e0,1,credit_card,4,40.0
a045563f9a4d45a3c8669ad71edc16c7,1,credit_card,7,138.39
742a36775534b588ed2a62ba4c2d9cd7,1,boleto,1,54.94
30acc4fc5f485f20a89c9af9b0b67481,1,credit_card,1,146.66
74bbb7eea3f17308c17374bf5f572b65,1,credit_card,3,102.75
659931410d19a914a52ca0a46bc7992a,1,credit_card,10,181.39
9e7a3686660a2b85282c9b3e2111602e,1,credit_card,1,96.1
a9d12173450be22cabf7f56bfebc2565,1,credit_card,5,196.26
42df71f66e653cbe9e87913834e59873,1,boleto,1,50.27
26bafe5b8b70950ebe6c386b3aad1fe7,1,debit_card,1,62.91
df91fb38017b42722551a94382cb829a,1,credit_card,1,172.13
b8a939e0425262884b50cbd95032f71b,1,credit_card,3,287.38
cbc0f78d9e0d7cd99582cd7552cfd64f,1,credit_card,2,282.46
36138672074a247040d772897526e427,1,boleto,1,125.44
1f2b13f5168b0700a870188e1e72fb1f,1,credit_card,6,66.89
5278efafa60c7005d03202b122eaea55,1,credit_card,1,91.66
c5edb2bc00fb701345fbe2bd9aedaba4,1,credit_card,1,79.29
65e0e5b714d6228729c256106d12abd4,1,boleto,1,151.77
17220c71a949903772f1ed32292ee69f,1,credit_card,1,35.23
905b8129167452d5eb4b1bc006bb3bf6,1,credit_card,5,51.32
a8097c0d6367263ed08ac7fa6b864235,1,boleto,1,75.72
e744792a1abc89d92d36e086697eaf97,1,boleto,1,465.88
d12e769a4e50f157d2c6cdf423dd73c4,1,boleto,1,255.74
3c55e82098814e81a8a9314b9ebd0be4,1,credit_card,1,28.79
de3205739b43c0284c856d5bd725dc55,1,credit_card,5,55.24
19018a1b097164d2fadb3018902f3221,2,voucher,1,151.75
8026c598dd1215d12c3c326458788d7d,1,boleto,1,76.62
db7f983ea878a7a976b84460bfb45ff7,1,credit_card,6,577.58
534c285356eb06898b7ea7edbb14476b,1,credit_card,5,279.1
bec18cf4e07d7c422cbbeca1ba9573f2,1,boleto,1,63.83
0a2798cd0ba9166659c07e35ef5eb817,1,credit_card,1,134.76
fc10c2bcfb34da9f78f483c17714eef0,1,credit_card,1,98.8
5d0d28b0a5db80fe44a0ac53bdb979dc,1,credit_card,1,32.61
fae7ec9e7beff1d7e8ba7161738e557f,1,boleto,1,131.75
22167b7870f3c3b844087c5cbafac521,1,boleto,1,187.41
41a1702de429a9f03364932da1ff1986,2,voucher,1,44.7
f9604c62f4691fd43013cd1e6489e332,1,credit_card,1,51.75
e0ee14b660378f233bb2e93a868cffb6,1,credit_card,1,102.12
8b06c6beb946868da80b3d6c18d20917,1,credit_card,2,219.77
460281d0eeab1990c9fd04ac4705d3ed,1,credit_card,5,50.08
fc699344c004d1635c1e3a27f707c8b6,1,credit_card,1,22.69
f85b47957bb21d303dabed9052490610,1,boleto,1,86.68
39f72b79ba5e9b6b512b7fc2ba46a4a5,1,credit_card,9,96.31
892e04325197686b3f5a32eb5fb38177,1,boleto,1,37.34
787ae1110521f3a8bc19a7ac93b8c914,1,credit_card,2,25.03
c5bdd8ef3c0ec420232e668302179113,1,boleto,1,54.2
9725a1c59138f30c5dba936ca3a2de34,1,credit_card,8,107.99
fa65dad1b0e818e3ccc5cb0e39231352,11,voucher,1,4.03
3d6024a65d547d75ce7c38da01993565,1,credit_card,3,67.15
c73c7b94754de2363ea55ba35902321d,1,boleto,1,36.35
cfea2c141cacb975b65831b7ffd6d194,1,credit_card,4,45.53
941eccbab1cd0aec1888e669e608e5bd,1,credit_card,2,186.79
bb4bfc8351c7a9340b9fadd09e26be8d,1,credit_card,2,44.45
0f6c56738e9a7a30c78b735a231d3f56,1,credit_card,4,350.18
077a77e315e3b317121a0af9962e122b,1,credit_card,1,19.64
0e8b07d6fde25fe5cd3d67ad93943b4e,1,credit_card,5,378.5
ab1197da15cbff2ec70e2d58824ebaf9,1,credit_card,6,75.07
9e5fb230df649a8014388ee2cba9d347,1,boleto,1,177.9
e11ac0d86982b86bcde829263d5a38ec,1,credit_card,1,75.29
8b9563eca3fcbc37caa2455d0dadc3bb,1,boleto,1,65.92
cefe2d9b76da44f395498c94f7f516c7,1,credit_card,2,201.53
b519435b8a999cbefb70936aed23af56,1,credit_card,3,32.47
030e558867da892772c999f60d09e854,1,credit_card,3,159.21
e2ba84b9fda1f36c6b2ae25097ef72e0,1,credit_card,3,174.4
6b313b07f096e0b9354fd4f097abaed6,1,credit_card,10,227.27
65eb69791cdbfbd7bfee2c5f706af25d,1,credit_card,3,233.09
22481cdbb6f8a97cee4e2ba46d59c024,1,credit_card,1,82.19
6e3b262fc2ba819e9cfcd9e9bad5b7de,1,credit_card,6,111.17
486970ef07e7ed3cce9ac167bc49e245,1,credit_card,1,46.13
8d771479430ddcc5431d2ef4aa207204,1,credit_card,8,86.15
39e3311579afb8c467eac9a76b7e8561,1,credit_card,1,451.28
3f0f3c811e704a2423f25301eaedf047,1,credit_card,1,81.89
cda07ad4f2f777317f2d6b2e3621a5cd,1,boleto,1,50.48
41bc5a3d34a8e4ef91b2e7d9500694cf,1,credit_card,1,94.66
ce5ac3d77cca9ee37ace392eb33cee3f,1,credit_card,6,66.1
799236014ffd7f07bb4ab4172f2f9a56,1,credit_card,1,112.71
242efbf997dcc144609030002b91446e,3,voucher,1,2.24
19af64f6a5b2b246709859143e3c5c16,1,credit_card,3,98.34
40d9b709b3b6a77fcd309165705f58d7,1,credit_card,1,142.27
8023039e9b07973c9aea60155b52e41a,1,credit_card,1,150.54
7e52365eb2fa03f8f4ed8a69da1e7fc4,1,credit_card,3,462.26
3789e9b1be0db55442c1ae8b24ab51ec,1,credit_card,7,383.3
38e9133ce29f6bbe35aed9c3863dce01,1,boleto,1,48.75
2baebe65c04491d526afff8c7b67703c,1,credit_card,3,393.07
5124d1910fba5bcf45b9372eb874fe2d,1,debit_card,1,28.13
22f1399a4c5b23e40453c44942c04100,1,credit_card,3,73.42
53d87cd7f6e019f2691e10d60fb10932,1,credit_card,6,108.2
628b831e2fdf2322f2aab4ab14fc9cbb,1,credit_card,1,75.17
4b4a19bd8b1065ce9a4f227eff142150,1,credit_card,6,130.56
82171257a2cb92f1a042bbca64864a08,1,credit_card,3,115.91
e2b2feccda2c913e120d23c72b550cca,1,boleto,1,73.13
d3a543aebcdb10da36e411d1b65a7493,1,credit_card,4,197.19
dd1bd072c709a5e654fd047560eba5aa,2,voucher,1,25.0
06fa245bf2ac2f602be83224fc55ae39,1,credit_card,1,82.12
0a10c45a73c3213a1499c3989973849b,1,boleto,1,102.23
903bf628219e968e070f205a97500735,1,credit_card,1,138.91
21996e7c744554c7c4fac8896bbdf0ea,1,boleto,1,143.06
a0df4863fc2e5209b03e9c603b6009ae,1,credit_card,3,37.22
516f5de9225a8f51acf38a5d5057bdd7,1,credit_card,1,65.67
4576179bf61955429e5ddf487e7dbad7,1,credit_card,2,115.35
efa916a75b5d88fd21c5e217c691e81b,3,voucher,1,53.81
dadfdcd24f54c8c6e8aff011390e5a08,1,credit_card,1,14.95
b97ca4dfeb3b285bbbd1e7a528beba92,1,credit_card,3,70.37
7a8107927fd13f239a62ba070873fe45,1,credit_card,1,27.46
527ef7d428c7f5edbd92451ba0b7ce70,1,credit_card,1,53.79
32a5bc9d3f2a71d05c275cfb8d2adccf,1,credit_card,3,155.14
ba6ef427eddcdf12922391f524c053aa,1,credit_card,1,50.86
79c808fd4b729a968738f5b3e919c885,1,credit_card,2,180.6
f55863be6758b60482c4bdfa3cd016ed,1,credit_card,1,126.04
9ab1853460522b70139bf63d6715f4c2,1,boleto,1,241.8
64bf167fb87c4bccf7cbfde95d835ed5,1,boleto,1,81.89
028369515408fa864cfe50091d4e76c5,2,voucher,1,48.03
374287ecf047f9180fdb554bc4ae1c1d,1,credit_card,5,312.49
067c29bb966641e04d1d7a924aa3157c,1,credit_card,1,77.57
092ae7e7141e3d69ecd0935d97e14fd9,1,credit_card,7,77.34
ffa2a7fdee9759a1c69f742f0a21d371,1,boleto,1,38.01
b6718d42f2393bde8ae9b32034d0384c,1,credit_card,6,181.78
0dfa1a2ce4218fe50a09559609703829,1,credit_card,8,378.04
137135c30e53ddac60ef16b8ef6d4d54,1,credit_card,6,134.16
232f30270c13607c2184ab9980245bfc,1,boleto,1,94.72
a5d02c2843eb25d8d1be6217c7483c14,1,credit_card,5,374.52
49e4c4907bdae7153ea492e2827fe5ab,1,credit_card,1,44.17
65b2eeb525259ca3e5e6028075d8aa23,1,debit_card,1,111.93
ea8d7eb561a1c07f203cd9af8c59873b,1,credit_card,1,37.85
ceaa40707ccad8de8d4dab476a970483,1,credit_card,2,85.24
dfb28e6c33c63302a23a2166674f1864,1,credit_card,2,151.18
3331dbfe6f55503bd3b962d95445ac7f,1,credit_card,1,73.26
498e4c5508b686018306d8d363bc9d18,1,boleto,1,182.85
3da7fcd2d00d6f81453fba8a93e079c5,1,credit_card,2,88.9
9f47e04f95b2bba1442d5bbf0611733e,1,credit_card,6,66.79
add546d4d3ce43710bba09276bbe07e2,1,credit_card,1,107.47
5958ed39b1c52e9a1f4a4cbfcfcc6506,1,credit_card,1,107.93
2833a1c17a4948451b9931c440440fc5,1,credit_card,3,293.61
4069c489933782af79afcd3a0e4d693c,7,voucher,1,15.84
bd76688da0406f5c377080cc43888b5e,1,credit_card,1,115.94
a9083ea133304692d6ef21706d3a7df6,1,credit_card,1,173.25
c277dea251cfd74bf121060769a7135a,1,credit_card,2,67.18
8a8d4a399c6ef91d4c20458be5048c3b,1,credit_card,1,54.1
8003e1099872d27581e211a7cf5422cf,1,credit_card,3,227.17
36b53be88597f8fc8af05d1a35c0dc45,1,credit_card,2,106.1
4ef8fef15b3a1986d266d349b21ab021,1,credit_card,1,86.98
11500a4af311587353f096722f1ba4fc,1,credit_card,9,94.4
af9ce0d4f36308fcf461b3f497c24bcb,1,credit_card,6,162.04
c9facf1957d4cfd6bf178b54fff813f5,1,credit_card,2,188.07
a7d73128b7dc2644c342e7495ebe8e3f,6,voucher,1,300.0
898ded7ecb1e4d92997856bd8b7a8aa1,3,voucher,1,46.98
a11e916995a120fce0b1528d2555151b,1,boleto,1,51.96
d3fd3af08566edbfdd903c8f2a2d8bef,1,credit_card,3,110.43
d2d2b46f15aac179d92c40438fb3a4e6,1,boleto,1,55.54
73da42c497d6ab85df4446d41addabdd,1,credit_card,1,206.97
9a8df1603191fe8fa15788692de6f4c3,2,voucher,1,52.1
00d5fac7792747fba4b528f23930bebd,1,credit_card,1,80.23
2eed78c97ace230e8dfc0f851bed1612,1,credit_card,4,144.33
5492e5f6cccb69b3bfb5b0c1242e69b4,1,credit_card,1,27.23
4d02fcbcbf4a19682c0c09fb8fc8005f,1,credit_card,1,257.85
4d900e76023789e5f55022dc71ff16a1,1,boleto,1,62.25
bb2481cfc7467d4d8ee14699270dd7e8,1,credit_card,4,46.84
5f8772295e1adb4e4832c988d6b631b6,1,credit_card,10,199.89
af6e07a86cda553646ea0f7039453591,1,credit_card,1,61.39
8c13aa9bfa920854ca73694d94387d40,2,debit_card,1,35.77
29bf861fea8df0d2df2b141d46aea6a5,1,credit_card,9,241.15
2a02dbd2e676fcfb7ee4d2bffdc4b378,1,credit_card,1,95.37
d62c659d70b5d48e0533f60fc47d6791,1,boleto,1,1164.62
189ba95d81c72d1250e45df72f8acaa4,1,credit_card,8,173.64
4637dbe88df1c99a56490330b954471e,1,credit_card,8,634.83
cdc1ac6a94d34f438c153db4b7b5a691,1,boleto,1,237.14
4fe900d6fa9492ee36b17a34cef5d7ad,1,credit_card,2,117.82
c80568cc3de3ee4efd40e9329b74b233,1,credit_card,4,138.24
c36b0f4253481ba100d5a003cd3b6fc6,1,credit_card,1,62.11
ee9ca989fc93ba09a6eddc250ce01742,15,voucher,1,1.92
3ac9f29f627096a68b91ec5db427f94c,1,credit_card,1,62.41
8c2ce0a5a34c3f1e1a56aee2283a45d4,3,voucher,1,5.55
5f77756df7ee84e204c730c024312542,1,credit_card,2,420.58
ef519547cb72d3ac42ff707948fdb963,1,credit_card,2,318.97
6e8762ed90dc2ba796c568273539cd77,1,credit_card,1,96.1
4ff21c3d42e746cac31c00b864aa71aa,1,credit_card,3,112.35
78d406c93c4c8fcfdc38b4b1b8842b9c,1,credit_card,1,75.06
beecb33087d159cc2dc627ff4a1fb9e1,1,boleto,1,136.6
0e708996976c68e134fee66107305c6a,1,boleto,1,41.69
a2456e7f02197951664897a94c87242d,1,credit_card,1,53.84
cb668af8e8de760052440b117748f7e6,1,boleto,1,87.32
b3c2fc7374cd5dbb27c84f1a0315594d,1,credit_card,5,102.35
95502da30f1b1b49b7e29e09c961f77a,1,boleto,1,40.75
e761005140dd93f80bffda9f13eb3c7d,1,credit_card,3,48.69
36c5fe2c0135722473e275b3f5accd74,2,voucher,1,27.0
dfda82f701815b8d9306b1343ca3e2bd,1,debit_card,1,98.34
92b4d74d8984ddfd468fba03281fec49,1,credit_card,4,576.51
47c29eebd9fb0e4d67c674f78e396be4,1,credit_card,1,91.05
3776ca53eef7dc944d1b615e9ec3ad36,1,boleto,1,64.44
d082758d583505f358d7893ac95d4f0f,1,credit_card,1,150.91
7e13a2daaa4fcf44ff99139c10944291,1,boleto,1,46.01
d916aef37da586876fc49a24ecc609e8,1,credit_card,3,149.86
8624511aa767a83ed91a47c158320964,1,credit_card,8,549.7
335a3061e3498d0b3c574bea8973bb6f,1,credit_card,5,251.96
ee9ca989fc93ba09a6eddc250ce01742,14,voucher,1,4.7
54219c88839d9b1991f5550734f20c9f,2,voucher,1,27.39
6279fb07bd3980aec19cfa5c3fb66118,1,credit_card,5,231.38
577b745a85120419fe27073e3c9e1a76,1,debit_card,1,199.0
f425c83fa6d7f497e5f4a1c243401110,1,credit_card,1,167.2
40b8e198f9be930c141b807fe417dd07,1,credit_card,3,113.35
1cdcb5dad67ec14d5de2075e832f6099,1,credit_card,1,136.7
c5e7498e13b3cedcde9bbefcd98596e4,1,credit_card,1,123.5
99ebd3bc1d6ce28d10723dc71bf6f13d,1,credit_card,1,36.75
b5968d622fd956659480afc3320a104e,1,credit_card,2,45.48
a916a97323dee3f33707e4a752c22c9e,1,credit_card,3,38.76
00048cc3ae777c65dbb7d2a0634bc1ea,1,boleto,1,34.59
c8a2a495848f547a4a4a26597ca9190b,1,boleto,1,30.54
56dff4484c68636969e851203694d13e,1,credit_card,5,113.13
4069c489933782af79afcd3a0e4d693c,2,voucher,1,9.33
21f8398df3e0b6c3c2ba3efbebf46b3f,1,credit_card,1,73.03
dcd55caf6dcb4c4a54e6f09eecdb4822,1,debit_card,1,25.84
90afb8151d6aca71ae7b52a029ebc165,1,credit_card,8,1471.51
858f8fbff9d717450f931fc6e9d15029,1,credit_card,3,69.85
c77109162c3bc4ba159fa1e641f143a8,1,debit_card,1,32.38
03f83b59e7c7355647462745b18119f1,1,boleto,1,27.6
8a81337c086e3ab740913c061cf6c2d4,1,credit_card,1,54.17
27a940efdd448db29463b53ea0cfa2f4,2,voucher,1,14.26
dfaec723e43ffd36724e080018beeb1a,1,credit_card,3,265.11
df281308c4a5cd2e3f2cc5c7eb5c30c3,1,credit_card,1,32.31
847aa72b1ca97537af9c72ce7e99bf94,1,credit_card,3,142.32
818878a0bdfd8a8cf46e474a03fc5366,1,boleto,1,106.38
ac08c0b67890296c7c7c10f34b81eea4,1,credit_card,2,88.94
370e2e6c1a9fd451eb7f0852daa3b006,3,voucher,1,5.71
04127548fb3634e50ad03765c05cdc68,1,credit_card,4,177.48
4637ca194b6387e2d538dc89b124b0ee,1,not_defined,1,0.0
9e22fa092a2a1bb489823e54d3b48309,1,credit_card,2,196.52
9fe1f3d48d5a0ba5eb84e53689b8a766,1,credit_card,6,69.22
fa13f1aebd2c53df9b0ce05ba46d9336,1,credit_card,3,107.31
225ce7a56330d0d477b097a8752b22cf,1,credit_card,5,720.98
30597759d1d7db03d11b1fd56b1fcfd2,1,credit_card,2,124.52
00526a9d4ebde463baee25f386963ddc,1,credit_card,3,169.16
938110b6904380feefb719683295f04a,1,boleto,1,53.88
4cfb3a2663fccb9b2a5428dafd8331f6,1,credit_card,4,166.78
271c268d4d21a60bfad6ddb92be3ba3b,1,credit_card,1,87.54
c12658dc350b49b1970455764f1137f3,1,credit_card,6,448.39
7d21fbcf5adce98ed57bc3ce5b30b754,1,credit_card,2,20.86
e1c7bc80ff13024585f11c5d149f3c8a,1,credit_card,4,84.16
f1d6087db90cd2b8feb467f5924d4f08,1,credit_card,1,470.55
7d6e61d9e5cbe64880924d4b7c366cd8,1,credit_card,1,75.42
d8a0ebd040a2059ee8dbec7e4055b927,1,credit_card,2,106.6
4c4c18f172becac0b104709006c11a9b,1,boleto,1,279.58
41f04a2247a093f05ada3970a34a2b9a,1,credit_card,1,45.0
94334c434972d5f591d2e72330935d25,1,credit_card,4,44.36
e0d2a8f85504cc90d52a2ca9a8e64f28,1,credit_card,1,109.41
84ce3bfa332a0a5e57045f91f6dce21e,1,credit_card,6,127.4
a7664a67c4bc3ba9f5ea7d49cc369034,1,boleto,1,110.33
10a419c662c88c75ed796f78bc88d31b,1,boleto,1,57.82
eef924919d7199a92f9a37712b57885d,1,credit_card,1,233.69
38bbcca5b854ce25280e61e2ade6d7ad,1,credit_card,7,75.65
54219c88839d9b1991f5550734f20c9f,5,voucher,1,27.38
2caf51ea139cc9003d6dee63bfea1106,1,credit_card,4,244.52
96867881a8d245ffae18dd2f1c4898d2,1,credit_card,8,255.75
5b113b47da093bc2cbbc7797aeee7994,1,credit_card,1,43.4
28a32ec11abbac5c27adfa4d8cbc351a,1,credit_card,21,216.05
a30b74313d68098f40df2741bf239601,1,credit_card,10,135.51
7dfff541b2a848ecb18ceb83d02bfa6a,1,credit_card,1,145.69
ee9ca989fc93ba09a6eddc250ce01742,2,voucher,1,5.88
45231e392a71d6e8a9081c85ec33aa15,1,credit_card,2,151.42
08cce5e2a4a4d08e17cef053da98254b,1,credit_card,3,58.28
b7c32368213b1b75d2c42299f97dd088,1,credit_card,2,27.14
9eb20359fd4673317b09e18e7c96476e,1,credit_card,2,197.48
c02ba990f9573a840c307babf93b3416,1,boleto,1,76.76
193714aa21ead814cca06d425c299360,1,credit_card,4,153.54
fc94ca74e236e7bad0e7a33cd62dc474,1,credit_card,4,71.6
a7dfdfebf93719bd1ad61e569a852c31,1,boleto,1,229.02
2c9bc10b715272770d51948b929485f7,1,credit_card,3,87.05
0e6dbbc7484dc1ee0392c9ca801035c2,1,credit_card,5,312.49
8457694c62d5fbc1a63f67ce1a554cb2,1,boleto,1,55.79
4319e802aaabad931ad3a44bd949720d,1,credit_card,1,47.69
c3a6dc9afef5794ea4a867b5a18e0ad1,1,voucher,1,54.09
43c6a6a7096ab15a3baa2438ce460cfc,1,boleto,1,519.65
a72cf1dee03a23942590dff282e7182f,1,credit_card,1,270.03
564bf3fea35e87a7bae2d73a14f679cf,1,credit_card,5,112.71
ce9fc4b5d521bad32b0c3893b9b3788f,1,boleto,1,239.05
43f65aac05e035a88e4479f89cf12ea5,1,boleto,1,151.05
907ccd3dfa00fa686c55005689b891e1,1,credit_card,4,158.76
54811adf8b498ae84eb8bef759873054,1,credit_card,1,78.2
f2710c3e65b68cfc927a8aac6ecebe83,1,voucher,1,81.04
837fd76b391ccd40162b81fca0334e45,1,credit_card,2,91.64
2483fa0e74034abf26bb7843b1848564,1,credit_card,1,50.72
171a1f1ee5fb6ee190e46e3a9dbf85c7,1,credit_card,5,262.68
1782944168d9dc2fcfd025bc44d898c8,1,debit_card,1,40.86
74d882fe8bdccca5952fbe23321ecfa7,2,voucher,1,13.21
7fda376286b806cee8955685bf02fc4f,1,credit_card,1,25.84
0be5691eb4c245d190a1e194494f754d,1,credit_card,1,97.71
93404003d3192d8a2d781361faa129dc,1,credit_card,1,48.83
16e6abd6364ba99a3513c39f0e27145e,1,credit_card,8,87.64
79847bdf9821dfcc7a036271d0c6044b,1,credit_card,1,210.08
251fe947dc87c3ac12965b12bd34f160,1,credit_card,2,62.38
65320cb291f4cacd8b0114a29eafa4c7,1,credit_card,3,34.89
d3397f49eba129958cca1d4ed73dba9a,1,boleto,1,244.99
579997e88b2563ab8a3f3d6f5022a8a6,1,credit_card,10,246.26
dd1bd072c709a5e654fd047560eba5aa,1,credit_card,1,5.1
2f5c5719818df4d83050dd5174ca0288,1,credit_card,3,63.51
813ef880f4bd43a937a8c15bd672681d,1,credit_card,6,121.39
87049d4b9b8517e7f78b3724f698c4a1,1,credit_card,1,78.09
523d5e9ab692bee9c8dfd7063351f696,1,credit_card,1,7.63
9333298e9cc54a35f22242a9fc3a3ad0,1,debit_card,1,118.67
3124684fac5c06e0aa798a6c20b9413a,1,credit_card,6,61.0
28bc8f33c194dd4f636717ef490d0921,1,credit_card,2,101.73
33f11b444d480cee508b54f3cf17b079,1,credit_card,3,176.78
3b9dcb2d70c63a5eb59ebc066b9900ad,1,boleto,1,473.15
ca99d0db69566c10a85c187406e20b76,1,voucher,1,171.69
b68f6efd1214a39bd3f44cf6e6ed42d8,1,credit_card,6,418.5
982d82bc18646c6288463c134c89fc3e,1,boleto,1,120.9
d0e25f97b5c712b13e725c274a17f44c,1,credit_card,2,142.13
62bb099353a9b4d95e7612ef18f771e1,1,credit_card,6,195.48
0dac27d443a138000f35bd9137ecd1fc,1,boleto,1,161.46
61c3c1cdd42ccd14931a2fe11d77e2a7,1,credit_card,4,77.59
19cfffc221208eb22b66057b2afe98f9,1,credit_card,1,37.9
44815cc7c0caea31d6002373f52bec23,1,voucher,1,99.95
20b7f7b396dbb6dab793709e4cd89aa3,1,boleto,1,48.0
e5277018d6ad784647a82c8d0f7f8dcd,1,credit_card,1,67.56
20205e58b36d43ecc44120a373616f06,1,credit_card,4,374.37
eb8f24cf4aa474bfe99c062aff65c4c9,1,boleto,1,21.59
e26c49bee8a495cdc21b67ab5b2d413e,1,boleto,1,147.06
46c820acb13d40759d9cf3941fb7a47d,1,credit_card,1,77.57
add9b8e58a85333ecd17897517ceda1b,1,credit_card,2,133.4
b75531d67f9616e9012cea103a187c8c,1,credit_card,5,266.14
6b44342ff71a8b9c36b706c13e015cf0,1,credit_card,4,96.32
27fb2154c341bbc730063b1d16844616,1,boleto,1,220.04
0c5a7b3c5703837ef40113972224a978,1,credit_card,8,448.51
d7b464f6f1a31734fefea7eb6e9a9908,1,credit_card,3,57.51
0487007c18089d38f1492091945d7ba8,1,credit_card,15,377.07
266d1afe42f1f376499cdd8e6df164d9,1,boleto,1,41.07
b8db7d2782799267ee683bb2afa7f26f,1,credit_card,2,171.81
68e4d7b489562de5ca0a4486d7d0c3d8,1,credit_card,7,77.8
1f8bd4405ad54632f3ba92b6bd9e5661,1,credit_card,3,65.1
a8d2e3eaad4ea714202c0dd853cca757,1,credit_card,1,370.8
87a12102217bbaab0f4184b345e9177a,1,credit_card,10,659.52
7457d3d23917512e33d58f76c92b4508,1,credit_card,5,268.45
78b0a4015f5da60b5e2371d7fea67658,1,voucher,1,180.47
3ff220e93d03aad9bb6767d90ac0e846,1,credit_card,3,126.92
93a4103fd6a1562ec4442ddb02a38c5d,1,boleto,1,65.71
89b229dc09711327ecea7f124b029557,1,credit_card,2,76.55
ff0d5a38b85fbd18f685047969739467,1,credit_card,1,46.0
cac0cf69e6b636454b35048fac095f75,1,credit_card,4,316.64
b75900fba7c6652e3dc7b6ad4160fee1,1,boleto,1,35.68
6eda86a0f1499199eed71198fbb0e243,1,credit_card,1,55.0
d8b1b374baabf8ba477823087ddfb1a2,1,debit_card,1,296.33
91563e540f8b0e89389b96cf4d52296e,1,credit_card,2,199.27
05ad4f359a4235a593f41f0533fe0457,1,credit_card,7,141.9
dadfdcd24f54c8c6e8aff011390e5a08,2,voucher,1,60.19
494fa4e20c0a57c2f565a2d43a41462b,1,credit_card,6,247.38
2de931311a1cb3001070a6c567124301,1,credit_card,1,116.84
f6ed70efbc4d10c18ee1897b7d1a7ae2,1,credit_card,1,56.6
b503b740e8fd1459f15b442444b2d4ee,1,credit_card,4,210.2
b9375e83d0e27c4aae45c4c1c7c121fd,1,credit_card,2,117.53
5f4ca60a3374aa89fd1ceeb0431c0c80,1,credit_card,3,125.38
178a25841b0490cf789963c9a98cac1e,1,boleto,1,62.31
a1b54f30ed711d13163bfa0c07e8c847,1,credit_card,3,712.65
b95cae4001dc3efdaa739478cf9c92e4,1,boleto,1,226.72
3832701f27be0501b19e91bbb04e5cde,1,credit_card,7,212.11
2889a938b438bbaf4701f63a2545bb3b,1,credit_card,2,100.14
42889cba53a791dfa45f24d62019a521,1,credit_card,10,194.8
6c1e09e4c733fbc610ee1737436f8a5b,1,credit_card,3,256.43
faf1b809401b186ca28936c3e1cb07aa,1,credit_card,4,309.8
f45d4aa8bc99c39436fe3636932ea53f,2,voucher,1,174.39
6900ba78f72feb30643f7c2e2ebb3aa1,1,credit_card,1,4.35
a42738f16ac41ee9a00fb0508283dd15,1,credit_card,3,188.97
fb14d0b924669f4fedd4109bbbfbb736,1,credit_card,5,101.14
dc67745e87e769607de677683ab1fd08,1,credit_card,2,158.79
27dc874d0fc1a19c74ec77ca706be968,1,credit_card,1,48.18
a9c6c0298a1b91a7e66a387df066e225,1,credit_card,2,77.89
940586e6751748f8a6bb630c6f5e3415,1,credit_card,1,195.0
d5dda9f79ce3124e533720681c1f2284,1,credit_card,10,664.92
b050c4789515afbf9494031e52fcb0ac,1,credit_card,2,77.57
370e2e6c1a9fd451eb7f0852daa3b006,8,voucher,1,3.78
e251afd3ced38d4de3a5ece05d615ef5,1,credit_card,1,21.43
10016b700b98966403aafded9f2e168d,4,voucher,1,3.47
a967b2911a10315ea9e93191515fad0c,2,voucher,1,35.57
16b1ca4005cd15dce41f3431902ba314,2,voucher,1,50.0
409d692c7314744b643ae98e8a11e1b5,1,boleto,1,110.48
cda39e972551602661cd5e8908ee82b5,1,credit_card,1,23.41
728f6f76b6e070562457bf771c93e002,1,credit_card,8,123.37
943980abcbc522eb49346398ee2594b4,1,boleto,1,37.79
4479256715e46f9c6ec0402a14889a5b,1,boleto,1,72.28
f7e9f0f0c92fa9d46dc73e8f6d28ab96,2,voucher,1,54.72
0191bbb5166d4b9a68df11797d5acfa9,1,credit_card,4,153.07
ace58598846c21f25ac62b735a436731,1,credit_card,2,141.96
fa83e155dfa5da681c4754559e6d1043,1,credit_card,7,70.14
dde867f83e689b0167785b684ab311cd,1,credit_card,6,65.4
e907b53c6245de45677494c2348dc8cc,1,credit_card,5,57.58
9c9353e8fd52f68f8442e580b5f2bba6,1,credit_card,1,10.47
a8c73a48c9615d63b8ac5254472e9c42,1,credit_card,2,74.87
6a5f6e137c8ecd4e1389645cfee6182b,1,credit_card,7,101.74
c53079ef16fa59b2fec31f6f48dfd186,1,boleto,1,34.53
9cb058418ca948d8b6c3f369d031ab90,1,credit_card,4,112.71
56a726fa0f40d3678696e62aaed9690d,1,credit_card,1,27.81
93813bdf2d611779ff37fadaee0ae4fc,1,boleto,1,90.66
b5e1bf00261a7bbaddb0c3a06e63f039,1,credit_card,7,219.27
f0df036e9be21fc238f131bbfcdde769,1,credit_card,5,59.74
a92c76269cd2be64008c82c84d6e5d48,1,credit_card,7,212.58
add2976dccd076ad28a521b9f86c1012,1,credit_card,1,127.14
fdd1fb95516e360a47c2a3babcd4edd0,1,boleto,1,49.42
84d54e2fe6fc76e34d897b32c59dd75d,1,credit_card,2,20.28
1cbc4deb78977f04e2e3c262a613abc0,1,boleto,1,62.44
f45d4aa8bc99c39436fe3636932ea53f,1,credit_card,1,8.07
c56b1a5e46d033165cc4440b9878e64b,1,credit_card,1,169.87
55f305618744bee9d9287fa844807280,1,boleto,1,52.45
305f4f2afe70d838e381fb7a3c973838,2,debit_card,1,52.84
99bd93d530d8b588cc9fe65dddee7411,1,credit_card,2,65.71
e84f839667bdb61865f74a90bc11ec11,1,credit_card,1,177.42
6fd7c56d216a3e027f694eb725797c07,1,credit_card,2,126.53
6ce893d804dc1a09876e09ef2537b8f4,1,credit_card,1,62.44
2eeb8e6a0c5f3787936ab06ff6dfc54f,1,voucher,1,35.07
41e296c991263f9ade5507299e38fe72,1,credit_card,10,150.87
932ec6d82ea79bd299298072b7da0fde,1,credit_card,1,87.58
4631c1e3bc2f88c99b9ffcb6a8a62e37,1,credit_card,3,99.0
42a64eac09d0a6be5a307753093d45e8,1,credit_card,2,112.14
f174b7bb70b31bea3dbfdf7cf9719ce5,1,credit_card,1,116.93
3acfefca1b7d510f944c782689681753,1,credit_card,6,313.93
4b4aab4e37140cad3ae101479ec3bf47,1,voucher,1,538.6
3dfbb4a1925fb940c975dc4c5855a7d2,1,credit_card,1,64.11
6d2fbf76787b9f35b1f3c3835a8a6a01,1,credit_card,3,216.26
53172252fda6ac3410a2d093e143d2dd,1,credit_card,1,58.62
601aeff176a15b40925c874c87b0cc16,1,credit_card,2,68.89
a1ab5e252318a46e01c2429f06ce0a41,1,boleto,1,78.77
434455c454a49013064dfa54585892fc,1,credit_card,3,235.61
86c411cc5e0c28b069f3e98edc6e6290,1,credit_card,1,59.25
883bebd3f80e509963fbeaa51abf7c0a,1,boleto,1,86.37
a40078ea7fe9b53ed9111085c0e9de35,1,boleto,1,77.09
b75ec2d4ba9e40634c65c4b6be946b6c,1,credit_card,5,598.15
1871117e3b468a4dc29c82849099069b,1,boleto,1,27.85
4cb0286c9f5805ddd172e00cef67ecc3,1,credit_card,1,32.43
de4d7dbc75ae286c83ca660d77ac9f77,1,credit_card,1,89.88
7af964692dbab0c7e5f70ff30f03b7df,1,credit_card,1,41.46
cc2999bc678cab0949b90c4759d7a284,1,credit_card,10,165.05
76fa5079bacbb2380a971adbbc40676f,1,credit_card,2,83.26
4c3898f5e7ca29c2fe30781d80f88857,1,credit_card,8,618.6
97b7decf3d24b8e8db00cab51c75c372,1,boleto,1,66.67
8753234920fc250d95ea7dc9d517cef9,1,credit_card,4,92.83
f7df648b228c22aa46208224ab0fd67d,1,credit_card,3,158.38
f7a395a125a7e8815b2b8c19bcfd6967,1,credit_card,5,53.42
7b875e17a8b649ecb72124320bdfd20f,1,credit_card,3,203.96
59b4abe1af7c9b48dcc8330a65a2be81,1,credit_card,12,265.19
08d70627d548cd883ac394cc5da92d87,2,voucher,1,52.59
fd5dcd7ef5f731d33e85a73c6a76e4a9,1,credit_card,3,116.94
911caddee9193485ecfacba64e139beb,2,voucher,1,100.0
c526aa9189a06bf511e79dbc0e0e70b9,1,credit_card,4,40.09
df7f8e668092abf15eef89b947ba2ef2,1,credit_card,4,88.56
6d37c6659de0183777f4035151bd508a,1,credit_card,1,34.13
8b2fb881ec8d04ffa5bc7a27833ad984,2,credit_card,7,187.12
1f990d2b7b5a992e60e4c0ac2ff40f36,1,credit_card,2,160.71
4bdde1ba1f6aef6c851f5ba80be3433e,1,boleto,1,184.06
1e8d091c9694d77f712f6540b7b54186,1,credit_card,2,73.15
62ffdc08aacc0d5763a38e07039234d8,1,credit_card,2,184.7
59754064fe4ffec6c0149904a6573d81,1,credit_card,3,126.71
0f740a04b4f5fce0611344905b62332c,1,credit_card,3,51.84
0d06a5815afe53875fb7bf4b7437fe8b,1,credit_card,7,148.06
b0fea5446bb8ef92a53f062f4851be03,1,credit_card,1,32.0
a6cf11644446a2f66b35c06a3b61917a,1,credit_card,1,85.37
3b477558dd43ca0e069be6c79321aa26,1,credit_card,4,133.17
0a9a43ac5fe59c6c4bee2a8f9b9fcce8,1,boleto,1,58.28
4f971c4ebb15cc7cc89db8cf3acd2b33,1,credit_card,2,189.22
cd383d7a5f926abfe7b2ee1b80078b45,1,credit_card,10,780.68
a1b0f9ee69a79c509eff098467a2fbb0,1,credit_card,5,473.81
85b1e09d7a230790544ffb86902bf77b,1,credit_card,6,157.44
0330631bdb2ec8c341f487ed9c22fc8b,1,boleto,1,58.69
8ed4df9e21def5033d20475c0e568c92,1,credit_card,6,631.8
01e84dcdea7f8180214c9cf9f058f0dc,1,boleto,1,61.0
a5b16df50e965748a0f8406dd415f23c,1,credit_card,3,61.18
97ca549aa4a8d582d149002b880984f2,1,credit_card,5,126.12
7f40bccfad4d1884bacd6cb9d10e84e1,1,boleto,1,210.2
849e3b3e95cd9ad87afbce42eca00dce,1,credit_card,2,132.13
db5e341b9a765a33fd41da0b3f0944dc,1,credit_card,6,113.07
36252698cf1f3b91960c60cb2524ae78,1,boleto,1,316.26
559e3bc7d9dd587ccb23c90505340ee1,1,boleto,1,107.8
8054d343a41978d8c122045b28eb5e00,1,credit_card,1,64.22
f72c493e7f65e42101baca23c7c2fd90,1,credit_card,7,211.77
ee9ca989fc93ba09a6eddc250ce01742,5,voucher,1,3.58
f779d4c1a2d02746570b5124c38302fa,1,credit_card,2,142.96
fa65dad1b0e818e3ccc5cb0e39231352,8,voucher,1,26.02
0b8c594f80a7db56ea4927af84e45203,1,boleto,1,63.64
6d1832bd42dccbd91d1ce32da7f54492,1,boleto,1,138.46
7eeab59050f13c229ebf63251ac10d3e,1,credit_card,1,38.23
a2d2af47de3679f9a5a3d9e30c46935c,1,credit_card,4,73.49
16647da0639fd5db20f1e8de9305bc5c,1,credit_card,3,74.14
79484f19cc86692406efe3763ca1af17,1,credit_card,1,151.14
370e2e6c1a9fd451eb7f0852daa3b006,6,voucher,1,2.16
231c5fbb9dd6166904af9bad6728b5aa,1,credit_card,5,257.51
da0b8ba8e2730558871c2f9eb672e787,1,credit_card,1,2.99
72b014780c2effe0419b8bb4b534d612,1,credit_card,3,132.95
e4a15d634030ab198f2c262701ef1a43,1,boleto,1,585.92
e90fcc2b428a70a691e3b919ec4d8726,1,boleto,1,155.7
e3c67a4bac0845d3ae12bb4ba0c667f9,1,credit_card,1,31.31
543cca75b036b547b2b025a1d896895f,1,credit_card,1,62.5
dc7798b2a62765a8e3a26f86c042596d,1,credit_card,7,140.99
40dabf508156f3a0348eb2a656562b99,1,credit_card,2,97.62
efa916a75b5d88fd21c5e217c691e81b,4,voucher,1,53.83
9de38c42ea4d33af19aac6c4d6c4b146,1,credit_card,3,37.84
24cfb770f308b181cc3ae36ca3d573ad,1,credit_card,5,156.4
497ce9c1558c455c54cdc09e3f5e961a,1,credit_card,1,90.99
f7e9f0f0c92fa9d46dc73e8f6d28ab96,3,voucher,1,54.72
0b3580bfab9b4aa7c6b53769a4ee5189,1,boleto,1,227.27
1404879b6eab59758d3d92fc8f504f98,1,boleto,1,32.69
301507cc236bfc4b5eed4fd3dc664c12,1,credit_card,1,22.49
26aaee2edab376ed50356a504172fe42,1,credit_card,8,218.35
74d882fe8bdccca5952fbe23321ecfa7,1,credit_card,4,146.32
c9dff4871bed0bc5d4b917767a22d67d,1,credit_card,10,1740.39
14ec71016ffcd03db4fac8ce56278da5,1,credit_card,6,106.55
66fa22325222866162cfcbdc2841bab9,1,debit_card,1,75.37
f6ac794aa8cea9470250b0af77efcc17,1,credit_card,1,110.44
5732c4d32ae81ea346107cb61aa2061b,1,credit_card,5,69.62
ccce262c4b1775baab94c62c954014c8,1,credit_card,3,299.79
365e182cfed9e7f3b3b0bd04ce2251e2,1,credit_card,1,116.94
8497feec743d70689576b2849a5ae95f,1,credit_card,1,107.17
780dfcd5aaf2662f3f6ce2201164394b,1,boleto,1,208.55
79ba9ff956399f8ca9eaa802139851fd,1,boleto,1,115.44
3b525abce4eeb08f96537636dc59dc2f,1,boleto,1,55.0
4c77961d5a6909826862fe6d8881f1b3,1,credit_card,1,31.75
90b6cdda02bbf9ef9a404d36e11a8268,1,credit_card,12,228.52
512f4f80b07d98a492f7e38f1736e1c0,1,credit_card,1,42.78
bf11d6d45abb67220dbfb9b1f8c09efe,1,boleto,1,101.24
080d1460c228aebf236ed5800edce044,1,credit_card,3,115.35
10016b700b98966403aafded9f2e168d,2,voucher,1,13.89
496c7edde87a9059e9887b3f1fc62523,1,credit_card,10,814.3
4069c489933782af79afcd3a0e4d693c,5,voucher,1,13.6
36d41a5b60875876ac9f3dea8d233a1f,1,credit_card,10,115.58
293e34b72465ae7478f59d4d0b3e58ba,1,boleto,1,32.37
4196c75071e7c2d5ca1fb521e2dc75a2,1,credit_card,4,45.21
fd5771079a027230000ab7992a902f0c,1,credit_card,4,209.52
d1ea55f7318ed68dab3622af81e15141,1,credit_card,1,65.0
9c3225a3efe9fb83ea06492acb99d42c,1,credit_card,1,75.17
ce182b138eec89ddd69e9fca1c900aae,1,boleto,1,461.8
46cede95824dbdc8bd1549dcd43e4850,1,credit_card,1,58.09
fc66f65bd879bd459e1cb14324335727,1,boleto,1,63.35
7b8adf17d100cd7c851eff1f6496083a,1,credit_card,2,167.51
3e6378294bcb6ea2ff0ff1eb3ba7388f,1,credit_card,4,199.48
016d1bdf6efab4f6b805df1c03043113,1,credit_card,6,71.05
7e50d85d90ed82feaf9011470ce9e36e,1,credit_card,1,47.06
0f2335c85eae6c232fa46499d5e1e3d2,1,voucher,1,222.03
2f4811e66be7f928c63acd083f0e0095,1,credit_card,1,47.42
c8102ecf69e44a64b993aea77adad664,1,boleto,1,63.33
f9a56a1e02546f0d1baf56f282fa0659,1,boleto,1,126.48
d4295c2cfed0fb943b1354de24b47726,1,credit_card,4,97.47
20c93204065c1cc43ac91fe4358f8983,1,credit_card,10,142.71
d3123a8def350af103d31c2026666c25,1,credit_card,2,56.03
c1872cd219ab83c3a9a63cdc2f75a518,1,credit_card,1,59.22
546b9703cec4a0b57e4573d7ded4ae12,1,credit_card,2,117.85
431f71d848d8dc0ee88bdd5ab9697865,1,credit_card,1,232.67
9df68f730ca4706111e3d06332c5ce14,1,credit_card,1,261.24
ee038389c9f437f7c0e2d1b105a26038,1,credit_card,1,306.11
b39b424d0d3ee3397614f97926ed63b6,1,credit_card,3,173.89
3a83f1410163fa52e0679c788b31a039,1,credit_card,1,24.29
3b8a3138cb95908731feea1a6e456ecc,1,credit_card,5,57.68
7e61f390f3e0aa3b112e56091d2b9ee3,1,credit_card,8,173.67
d30ebaf399ed0c5ec1cc71ed36c0dd68,1,credit_card,6,363.99
1801ac1e33ecd0aaf015d7b7c0e70204,1,boleto,1,57.87
f4d8046ef75f7f0f6cb957b00531b6f6,1,credit_card,1,75.65
c9d0365e799572906dd4a83e17d1b6e5,1,credit_card,1,77.9
34b7f8ccf3ab2ba8512fa244c3bab225,1,credit_card,10,137.87
7aed06997400a84f154227f83f9a8f86,1,credit_card,2,133.25
48c43415ea1c4af9afa92542183b6e55,2,voucher,1,21.65
4d44526e9f5875e440f58363f5a621de,1,credit_card,1,136.77
26bf23645f5371147a72f0bfa5d9eb6a,1,boleto,1,30.86
4cdae837c07c681dc80adebc6ee90b99,1,credit_card,5,132.13
f5505d7f1cc35295b499bba485a876f3,1,credit_card,3,110.77
e8a1a86a8e4605d1b538931af504d864,1,credit_card,7,144.12
0d10abc3bc3707c914cf5197ed2eb31e,1,credit_card,1,117.87
aef2bc3845eb581cecce74b769d46c6a,1,credit_card,10,727.98
88341acc29a62edca27bdefc22a97670,1,credit_card,10,348.55
529a65336debb1c3e3327d7d67dc733d,1,credit_card,3,95.64
08030370edeb35f2f91b73f09f76a49b,1,credit_card,7,347.31
e89b13d12a0a1f7d9e4c432de0363654,1,credit_card,4,142.1
cd1afe54001178b012be992f11234a8e,1,credit_card,3,58.89
c33f6b9840953ad210b51a86f6aa13a9,1,credit_card,1,115.44
6c11e4c7d9e5f7769c8090475602f54e,1,credit_card,1,88.71
9e0584f7d8ecc18347e6ce7eb7922628,1,credit_card,7,157.48
38d53048cadc43042f82188a761f6765,1,credit_card,1,142.26
ca3625898fbd48669d50701aba51cd5f,1,credit_card,10,1157.28
fa9bb0fcd9ac91743999d13c2860dac5,1,credit_card,8,1362.37
325a9deca08aa5851eb6eea67f0414aa,1,boleto,1,119.42
030840d9a6c8137615d5a2c916667c2c,1,credit_card,2,73.36
e5bc812e034a9041261c8637e4dc4497,1,credit_card,9,91.44
03ab852861cd75d0a9225c92a3354a3a,1,credit_card,6,123.06
c9cdd7f64546202e53576e2997f112f4,1,credit_card,3,39.58
6ef172eee30cfbfa01516ce2eb2ee68f,1,boleto,1,29.86
724c63c0c7f775d58382c4fb12081867,1,credit_card,1,128.57
be33eea0051d8447b4c2ed4e7ac7be35,1,credit_card,1,31.98
245b4a117bd7a1fa176d7a590b292d7b,1,credit_card,1,100.51
37d4f4fa2c96f2b37291fbb0e85ff90e,1,credit_card,3,148.48
643efaf4eddc8f0b4f71b1674c882fa4,1,credit_card,10,347.5
a7423cff9cc4cf6f1d6b749fd95d2aa1,1,boleto,1,116.36
30593e75030fe6f0927c50b59d997305,1,credit_card,1,36.27
c6a8408a66e38da8f30bee8e73a34a67,1,boleto,1,102.79
a1c02a2ec3f8c8cbcc331d3426ad57bb,1,credit_card,6,122.27
1704f22579a5be1ff00ac2cdcc1e582c,1,boleto,1,85.14
a650c714762d0184be820c5e311c8d96,1,credit_card,1,89.31
f73b31435ce6dec43df056154c39a1ce,1,credit_card,10,775.98
129538e4bc7308e9ab041540283813f2,1,credit_card,1,29.95
0cf4406688aab4ea5593cc48304e8887,1,boleto,1,32.43
5c86a3bce0bf5ae461b06446d58b323c,1,credit_card,4,152.61
18d4e6891576559aeaaef675e25d53ad,1,credit_card,4,48.01
40df8c3397a83c958da60d5ad1e1eb85,1,credit_card,1,252.0
450c38e2c35be1d12fb07ad8c2432ebd,1,credit_card,1,177.67
a9383c949571ed7784f4bc07275752e9,1,credit_card,3,173.8
5be0a4b3c5edf92cb76efb03c61c2474,1,credit_card,2,37.37
e5ee38b54f1a799f6e122d67768cc1b2,1,credit_card,1,134.38
ec72b3cb886591a30fe474f7474720c8,1,credit_card,1,67.42
4cb8cb3ecb5dbc9df36cb56451499a0f,1,credit_card,6,208.32
1abc1d063ae36763a3bce3d08a0a4c9e,1,credit_card,6,123.69
93f27293d6f1881d4784abaf47d53ffe,1,credit_card,10,216.8
e8204ce4727e0579d7cebd304236bcc3,1,credit_card,3,33.51
0cc25005d4c6ad2b8ca080644cee93d8,1,boleto,1,35.77
f395e98fb5c1c6ce1306e80de2fe125b,1,credit_card,10,585.02
2898d74d595f1564b2df34edb8c0cfc4,1,boleto,1,96.47
350f47d61d589f6218bff053db95fe62,1,credit_card,1,57.96
911caddee9193485ecfacba64e139beb,1,credit_card,5,146.3
1473319e2ff85803b7e969a788740cda,1,credit_card,8,88.49
e58fb7bfd033514475ab0883ded704f4,1,boleto,1,18.37
203a9f020a3ddd0f46400de701b212df,1,boleto,1,1463.37
b89a164ebd4447db59b194c2b4fc90fc,1,credit_card,8,411.6
fa65dad1b0e818e3ccc5cb0e39231352,12,voucher,1,3.6
d788d36048b59fbe35707de56c2fe939,1,credit_card,1,85.42
9f775377f0750b17db861c49f3bcc8d6,1,credit_card,3,48.13
74d91ba3a172d733579d4b1b56c9c3e9,1,credit_card,3,121.79
e8abe560216dcd35d47f6c27da0c99c6,1,credit_card,2,108.76
d91340e9348bc8b0e4971c128f2c0254,1,credit_card,1,549.14
886e9aa900cc918c87009fa3bbb3a493,1,credit_card,1,37.26
84effd777e819e984c091302a37641d4,1,credit_card,1,13.78
88cad47df9afd71af2c4a4098aca44ae,1,credit_card,2,79.34
75ddd6487d905b598d5dd7ce18351b02,1,boleto,1,138.53
077a77e315e3b317121a0af9962e122b,2,voucher,1,50.0
6e163fdf1ba2f182f3a922e26d690c09,1,credit_card,4,309.28
6fc020b0ec995fb761ee385f34df5a6a,1,credit_card,6,124.16
ac7be03875c6dcaf9cbe029dceeaf54c,1,credit_card,3,31.79
5319d79dbab671824060b110de9d8346,1,credit_card,1,178.27
fa65dad1b0e818e3ccc5cb0e39231352,21,voucher,1,4.11
d47a277ee3c0a6d83aac8548c06263cf,1,boleto,1,187.99
b63262d64190314592077ae012a3e049,1,credit_card,2,123.4
3e92efabf5eaa46e4ab7f20a10864785,1,credit_card,10,189.61
45740a308b5fc8b1b65daa77e9f6a8a7,1,credit_card,1,86.02
0f38051157b7ad1d4e0b6c5d20de6ae7,1,boleto,1,142.65
8a5c6f8c338d3e4804bd969ba46d5d0c,1,credit_card,1,129.22
c23e8e36f82a11a84550ad1e7c87e24a,1,credit_card,1,35.69
a584b2acfafd53fc605e76baa4a5cfaf,1,credit_card,2,134.49
8a3c2c90a94d0d385e338f5765a86292,1,credit_card,8,137.6
9b696fcb8112df3f6719a6a1e5648e2d,1,credit_card,1,165.55
5d2331c2b9c856b5b42d3c9f0c9b97cc,1,boleto,1,48.3
fa65dad1b0e818e3ccc5cb0e39231352,19,voucher,1,5.02
5fb7dd0236cfe4fd2c620959623e4619,1,boleto,1,144.9
befe8fab6c34f5861b73a3645ce38e24,1,credit_card,1,23.25
4e1731379ed8376e1dcbaa32869b0a2c,1,credit_card,2,274.19
e49e7ce1471b4693482d40c2bd3ad196,1,voucher,1,54.42
2fdd596723c47b1dd0dcade4d2cd1df4,1,debit_card,1,97.89
771760302216bf4e6a1e0a9e6379583f,1,credit_card,1,107.31
1ac18d97e1b6b6735f1c5ff4f4757380,1,credit_card,1,105.15
df410b19c3e348fb548ae68badd49827,1,credit_card,3,35.86
103a7b5711f736d920fcb1fe4bd28bcb,1,boleto,1,148.28
b9e02f2f3a6648709578cdd17f31976d,1,credit_card,1,28.75
ee9ca989fc93ba09a6eddc250ce01742,18,voucher,1,2.33
7fc930983a4062abd3407e7d6a0141a5,1,boleto,1,245.44
85ca753c76c79d8eed79b7a31660be3a,1,credit_card,2,86.95
d302035b23b53abf7dadc4b6a0b62547,1,credit_card,1,186.27
002955b0acc63d04f6724a31967e82bd,1,credit_card,1,135.59
dc74c9cdcf62efe4b49193373730111c,1,boleto,1,115.45
3e0ff86919e2e005d7f1d59015edb415,1,credit_card,4,47.43
4069c489933782af79afcd3a0e4d693c,3,voucher,1,14.69
d8e0ad323eb1f4ae7725beb34e2aff1f,1,credit_card,2,24.77
fe6de2a2f0a13307c3b9718817d14c7c,1,credit_card,3,66.21
c5cc268cb03043a12fe9c322246d970c,1,boleto,1,35.84
52b7f26dd95604cb836ba17f96a6b056,1,boleto,1,38.01
28d54ed8d82e889932eed0c294c88a6d,1,credit_card,1,22.45
ee9ca989fc93ba09a6eddc250ce01742,19,voucher,1,4.56
6e56fd377b9d1f816af128295e5c1003,1,credit_card,1,104.37
796033ffde6ba06e0abe387e36ee8fe0,1,credit_card,3,158.97
32fea6db74ff9bb6c713d23f7328bfd3,1,credit_card,10,202.5
aa0cbb40775d50f0535c3e4a38603b3c,1,boleto,1,82.24
475ff6348f62b515f96894937c01358d,1,credit_card,6,140.08
ec36a2bdf65bba1742263a91c4f251ae,1,credit_card,10,159.27
94843ea453d12bb3fc1b4b2f73cb1f82,1,credit_card,1,110.33
5f79591dc99f5f8850f6259c80b83be2,1,boleto,1,43.56
8f413a1f9c167b4f6c5f891b6c7c7d27,1,credit_card,6,122.4
70c5ccc21360b2f9c8f0a0decfb4e41d,1,credit_card,5,67.14
58862b6204545c832643872387966329,1,credit_card,1,244.34
464a29715467046008c5aa817d1ae498,1,credit_card,4,96.97
2297a47ed15e99116ac68cdb390cd700,2,voucher,1,20.0
e32ebf133fb19cafd04315ff6d108047,2,voucher,1,73.9
60787bfeaae0862411713fa2071d87db,1,credit_card,1,174.96
0b27e5029dd7bd0891b5da96fa33a93b,2,voucher,1,20.0
550c5a737f2d08a5e934958da8fb29bb,1,credit_card,2,165.8
e5d4d06531c0f91fef9b87eb7d3b98dd,1,credit_card,1,2.2
2f9e3156d784ec07c5e1b8075263562f,1,boleto,1,232.45
e292b3a258a40c3489d65a60b9cad848,1,credit_card,3,37.5
2a6b1e93c109dcee771903291093117e,1,credit_card,1,48.34
9ab8b682f4ecc3c07216e7376007829e,1,credit_card,5,212.83
5f8af87da2123c6841b3941b3b5f478e,1,credit_card,9,143.5
a72251c0fe5a71feaa94ae55c2257e0d,1,credit_card,10,157.55
7e25a709518d3b5b51fab58d605ea0e8,1,credit_card,4,189.08
1cc4e549e16c732db4d9228fce789407,1,credit_card,6,131.55
9d71dfb3ebb4e219c2d5b658c31cc476,1,credit_card,4,63.1
35f069c19a16b1ef6a4c4fda664db415,1,credit_card,1,295.01
aa4634ff761133d98df37cc039021823,4,voucher,1,10.39
45c653bdeb327fde86e2a52bd3d33e89,1,credit_card,1,48.13
8d607893abaf69faeb1313f7cacfeca1,1,credit_card,10,245.57
9f00b61adc60e20d3af1622decd2820b,1,boleto,1,128.18
62fe29a53926ef67e73c4b5f3e1ba6f3,1,credit_card,3,42.09
b68feda578fe41870ba7a14082ce03fa,1,credit_card,1,82.02
2f1a0775fbeb87d4cc9d66070ce0f897,1,credit_card,1,49.4
bc76bb0ff492abd2cfc722349f3d62a2,1,boleto,1,64.09
1a9f85c859f73034acc85057b4899a8e,1,credit_card,3,361.27
1e963f721d264f7633716e84f2554f07,1,credit_card,1,21.0
084644a489ac88b4ca68d2aa3dc91292,1,boleto,1,106.62
6adb948b069c269ba13ff1c38ad90228,1,credit_card,3,81.89
b4afb7b9e849ab4cdaa2bf9994ab7829,1,credit_card,1,89.15
3a1c666f27c3d419d79a79a9b1a5af11,1,credit_card,1,43.09
acf31320a17ec091f71b623a3b776760,1,credit_card,2,40.16
d9a4f0796fafbfe369d8156189581cef,1,credit_card,1,186.62
0dca3fc331e8c1be1dd82ecb2689f3af,1,boleto,1,225.6
10f288cd8e6f4add2454d845e9df5af6,1,boleto,1,41.84
d47e5fbb24cade152dd968c93b0f0c66,1,credit_card,2,99.56
2af07ef80eaeea49803f4f6a3dd99280,1,credit_card,5,181.6
2d8f8f85abccae68275f423d878f2b7e,1,boleto,1,78.09
739409a92249367522a31eb8ee6161b8,1,boleto,1,223.78
2ca136ae4ca40cd3af16c1af7d324f38,1,boleto,1,67.86
23e61b7a50280ac24831f163542e5fe6,1,boleto,1,34.2
36c5fe2c0135722473e275b3f5accd74,1,credit_card,1,15.77
6265e86b71fc209d82742bcfebe33046,1,debit_card,1,77.11
5642f00882c2ab59e001778dc483135f,1,credit_card,6,65.05
5339b02466cf3545d79c1b8c2d555faa,1,credit_card,10,191.65
4d73a326dfc780a0a459f4ca37111749,1,boleto,1,72.66
08d70627d548cd883ac394cc5da92d87,1,credit_card,1,2.0
853fea10132fd987a6c350565818ba11,1,boleto,1,519.8
c0c7bd9b0f4864ea4d1e2671ce38bff8,1,boleto,1,44.0
d3506e0ae259db768a156a6c229b7f81,1,credit_card,2,91.36
71ca3bab201007339dfb592df2d185d4,1,credit_card,4,287.64
1fd64d652fae27df0e9aac1f4e605984,1,credit_card,2,197.35
59668dbabb7fd2151ea6d80d1ea0f251,1,credit_card,1,97.72
eb31fdfb332cea92e0b75fbe92b0a1cd,1,credit_card,1,383.08
8bc835be169be964f492f42b517b0a3c,1,credit_card,6,386.33
b760ac65b36c9bbc913c2dd94131faf3,1,credit_card,1,91.55
03a0133b4a72f7ca0affd3ecbc9b43f4,1,credit_card,8,307.16
27a940efdd448db29463b53ea0cfa2f4,7,voucher,1,5.44
056a21113c096b87e87743862452a7d3,1,credit_card,4,43.27
7f09bca31b66e6df150a8030c5a534cf,1,boleto,1,47.59
fd15c3951b25d11abd0fcc3518ef2b42,1,boleto,1,89.36
af92012b9c9ebac7f18b1a219e2474fc,1,boleto,1,721.98
fa65dad1b0e818e3ccc5cb0e39231352,13,voucher,1,0.0
60114243c9bedbdafe9bc312bd608936,1,credit_card,1,148.28
ab37ec75cad1f09d8ec5c5a4228eaf50,1,credit_card,1,39.42
fa65dad1b0e818e3ccc5cb0e39231352,16,voucher,1,12.86
22230cb95aa16cf1615db1cf10a0ea2d,1,credit_card,1,82.81
b58cbfb87064005d62cb9fccbc720966,1,credit_card,8,100.14
c46c54fce26cfc332abf6dc199edb7d0,1,credit_card,5,87.94
191c451ac0475419ae3c6e7dd134545d,1,credit_card,1,115.81
c6d3ba7aef0216cb6c540497c845f0ba,1,credit_card,7,350.0
27a940efdd448db29463b53ea0cfa2f4,9,voucher,1,20.5
933f646b0564df1cdc8c8b7427d7c116,1,credit_card,6,182.1
84aaa1a774e37a0a7c1a5413dc49e168,1,credit_card,1,52.77
e8a2fe3e5e58d8ed9080188f35c108ef,1,credit_card,2,108.12
34c27434e5c29d595d0398f19f461807,1,credit_card,4,117.85
1dacb75a3f524523a6521835a6787057,2,voucher,1,66.35
5f7c5a387a87c6c7a3fefa36dc21929a,1,voucher,1,63.1
d184b9c3e16c01c0507923c0ae50d1b3,1,credit_card,1,105.86
039ff75de38e514eaa8ffb2618d5227e,1,credit_card,8,84.12
7a0698ce87fc4cd3e171e7361f0bc0b5,1,credit_card,1,138.94
c37cb17f3802e061e745a83732cb1503,1,credit_card,8,277.02
2e2005a55f448272a7f91f8ec48db9ee,1,credit_card,9,128.97
27d30c300e058c28a3db99bf39aee1ad,1,voucher,1,51.53
f5218a2401f92542f87b1de5bc3f92ff,1,credit_card,4,55.52
b0220dd81253d8ca2c9dd8be8caf49b5,1,boleto,1,28.95
f7361cf43f37fb3e52d766023b2a2205,1,credit_card,1,42.78
31f67bef2180ffdf0dbf11db4b0a4380,1,voucher,1,50.0
8c855550908247a7eff50281b92167a8,1,credit_card,3,63.13
4069c489933782af79afcd3a0e4d693c,9,voucher,1,7.67
e73a10858b70339917af3b108236c820,1,credit_card,10,594.23
6d82fb84caeb4867e10314d00ee91ca1,1,boleto,1,111.72
221b863362f9e6ec4ec0a4f08608a69b,1,boleto,1,117.74
5f72c8b02beaa8a1bc3fd79ea75384e9,1,credit_card,5,67.44
f28d2797b047549663f2e82b4afbdc1e,1,credit_card,3,204.08
7527dc48e587e3cc2071e727f32a2610,1,boleto,1,147.78
52008998ed11bdd670e60f49dd40935c,1,credit_card,2,179.6
7e3e92dc3eaf5389f32da97228f7dd0e,1,credit_card,4,95.21
be46dcfc990766bfafdcc22141c7fb2a,1,credit_card,2,216.18
a2dd87f10cd0b3cdb73c6ba52e333250,1,boleto,1,64.1
564d8bd235927df0c8c8bfe8ff4aee6d,1,credit_card,2,160.22
fa65dad1b0e818e3ccc5cb0e39231352,26,voucher,1,28.27
6289ee54f79f145b31d94596c21ff419,1,credit_card,2,55.5
c9c861f958460742bade4f8d297e4d6f,1,credit_card,8,260.0
e3c2135c38233042e0bfa35a97882582,1,credit_card,1,27.69
49e19ca07e42bde08630a08e50ad980e,1,credit_card,10,133.25
6b1b8ac3b7a9f8088825fa1152811b1f,1,credit_card,1,77.57
fa65dad1b0e818e3ccc5cb0e39231352,17,voucher,1,3.72
44551b161630b0e90e73ed35fafb4268,1,credit_card,2,67.04
a601a8f0f146d6c5689c436aaabfdbb4,1,credit_card,6,217.0
61d430273ff1e88f2944acb53e99eab5,1,credit_card,3,192.28
dbf6b190a7df1df00c6afaf326098789,1,credit_card,1,53.72
4b2113709e5d5f3760113b4a980cc88d,1,credit_card,4,244.17
25343b5d23ba1a73d782fa405c9a5886,1,credit_card,10,534.69
5c9a0939b9e4b6d310a738b443bd44e2,1,debit_card,1,34.09
239960d8af96f541e9a7153b57c0f4de,1,voucher,1,55.88
670ad1c6fd20977956e8ee2e09f92baa,1,credit_card,5,201.04
5ab0f11d0dffdb3aa7084f276108fdfb,1,credit_card,1,85.78
b0af6cb248a6887f0695f4565bda91bb,1,credit_card,2,140.02
b5292e949af082478a408f61a52eac5b,1,credit_card,10,1097.94
2e143861a5240d0e457622ac38913826,1,credit_card,2,69.81
71269bfaff77cbd93b48e1dc0f548f69,1,credit_card,1,38.11
618450817fba79842e9347f1c03714d3,1,credit_card,1,82.81
581ef4e5af5c7bbdcd26579839290635,1,credit_card,1,127.3
242efbf997dcc144609030002b91446e,5,voucher,1,8.32
19018a1b097164d2fadb3018902f3221,1,credit_card,2,29.78
ae125b80547d3ba1360e23d720f43e8f,1,credit_card,6,393.15
31f67bef2180ffdf0dbf11db4b0a4380,3,voucher,1,20.04
922162cabb84e44a2efa143dd96ef464,1,credit_card,1,51.78
aa942d6c13162cf699a9ed59746af588,1,credit_card,2,145.56
e8e805e78f96e0ff9ba477f9cc5e3448,1,credit_card,1,94.3
d995bfa6db04d756cbb7368ad277887e,1,credit_card,5,249.61
a7d73128b7dc2644c342e7495ebe8e3f,8,voucher,1,7.54
45a48df7b18435ce6e3c03ba6c6c2386,1,credit_card,1,87.64
8be7e186574461ab90c1674973c58b12,1,credit_card,1,20.62
b7d49ac93afe42c4d1c6db6c1301b6d5,1,debit_card,1,205.74
6542055e71e2ba285676fe57d0822618,1,credit_card,2,40.37
969791845aebad4fe9d49530189384b9,1,boleto,1,819.32
e3c64131d3d2295829639be7b74a6533,1,boleto,1,77.29
fe9fae71b4fa7d05f1934adc54391f8d,1,credit_card,4,221.35
36a924d21368a46d4ed120b8adb1dc3d,1,credit_card,10,673.23
d9117cec0a7a5bee29c4f45cf820b930,1,credit_card,2,119.74
fa65dad1b0e818e3ccc5cb0e39231352,23,voucher,1,18.86
092ae7e7141e3d69ecd0935d97e14fd9,2,voucher,1,5.36
bc549579fe8b9728bac120abd8c20174,1,boleto,1,35.77
d3b73e2ef2f6499b266d6ff81ac7efa6,1,credit_card,5,244.31
9f625a3ed898cbfe30b9f9ef44897889,1,boleto,1,50.76
6012c4f6717daddf50ae413224098301,1,boleto,1,91.72
ac23bb5f547b54edd5f51fc7395f1b82,1,credit_card,1,107.78
3be9883ba4ef261dc194228abc739d0c,1,credit_card,1,41.32
82ae1c851b481c7c7f6fbfdfb05e5131,1,credit_card,8,424.62
3b42ad87f3292fab60e143988d332da1,1,credit_card,2,44.08
215d7142fdd00fa1b74d431776134c61,1,credit_card,4,70.03
4c2b78efad2dfa6a3bb1cac6560cd2b7,1,credit_card,6,306.1
24750706d247c4d573cae75ee4372c59,1,credit_card,3,34.24
2c688788cf900283017516f05f50ebb7,1,credit_card,1,113.09
10ed58c723182bd11f81473b383432de,1,credit_card,8,83.84
90423fbde022b7991066ba965cfe537d,1,credit_card,1,39.03
b175558ffd938e94b83e3837637604fb,1,credit_card,5,132.13
dd74aa86ac49c4818ea173b6a376d8de,1,credit_card,1,61.75
ceb533871105f7cda81fafc19e1ee38e,1,boleto,1,18.37
95e8ad87dd94e0a48ffb1fd18f13be66,1,credit_card,1,132.84
ee9ca989fc93ba09a6eddc250ce01742,6,voucher,1,3.75
53cbf33b674d602f6746cb90a9d874fd,1,boleto,1,102.03
cb6098eb0d12d5a08efe1a8d977c78a5,1,boleto,1,531.17
fc719b274382a0834f125796832ab9a5,1,credit_card,4,227.34
cc3518a32accaeeca420bab0fedd0661,1,boleto,1,70.62
aaa6f66c3f76dbaecfc60183d6a248ed,1,credit_card,3,169.36
d1f789756b59a9fb40b3becadeac90e4,1,credit_card,2,166.29
b1f632bf6d3b5bb0cb03cf91b8283c3a,1,boleto,1,77.57
fe2acdc8b73107a92358adf3005a5433,1,credit_card,4,84.0
b7261927790781e114d3a12f39ef44c0,1,credit_card,6,256.86
799be3792f7db4e84ead1a2eefccd1b2,1,credit_card,1,48.71
21aa5570514b188b031255172b1e04bd,1,credit_card,1,42.52
6e25a89b2b006e7da0ff978bdcfe66db,1,boleto,1,140.76
ca45a839acb03f8e8b45dcc0a6d1c0c8,1,credit_card,3,37.9
cd69c22f5105b415669c70af74584c86,1,boleto,1,30.39
3c179a72f1d2d9c87b18d2a0fa99079f,1,credit_card,5,167.29
c8c528189310eaa44a745b8d9d26908b,1,not_defined,1,0.0
9758e655b4d2fca01c69a4dde9d4fb5b,1,credit_card,6,134.6
52b9a4ef7e4655cb918edd7613606ce1,1,boleto,1,164.51
6cc40732b6bc944a2b6cb8aca515bfe5,1,credit_card,1,57.68
751410acff2d9dbfee9158ae8e21d6d6,1,credit_card,5,735.88
ff36f4d6d98c0b2a7e70acb7d1b3f139,1,credit_card,4,166.3
4e01c9b57e9b37add580871564686c4b,1,boleto,1,194.71
73d34a2bf529090b8e28797f2169823c,1,credit_card,5,231.27
64e32e79cb2d36bb6c9848e16fba6029,1,boleto,1,166.65
aa4634ff761133d98df37cc039021823,1,voucher,1,0.78
e87543e4e7ef577c892735018fb134a8,1,credit_card,4,62.47
c0a8c5b9536ee81202e0c08ffd9abee4,1,credit_card,9,92.79
abb72024277f9d7ed4a0dec9cbe56e03,1,voucher,1,48.3
af6abe9c52e60044f9a708a55cb9b189,1,credit_card,2,1118.05
6a7dad3734ef2c19df2e8739e4ba0e77,1,credit_card,1,67.24
c7e358703b2248a4ee0adf815936c2d3,1,credit_card,2,45.78
39176f8e4a96aef60a2f8df4431ae834,1,credit_card,1,37.13
05d46826bd0fb605d6b00e30e9141882,1,credit_card,2,61.36
92822ff2220ab001aba01e753780cfe4,1,credit_card,2,103.24
fef88a82df9affd47bdc67a4c8bbe4b2,1,credit_card,1,94.3
8a03e73a80b701470a167fc0291836b7,1,credit_card,2,70.75
bd7f6df012ed820ea52bf7f46da3026e,1,credit_card,5,104.61
cff56b4b6ab1de09fcdd6f4efa0a0fc0,1,credit_card,3,192.14
3a8120ab24d55fb6df380a431836a916,1,credit_card,8,227.01
6b24cf0591948a0a949ee51131cb78ad,1,credit_card,20,1221.52
caac03dc57366d1423cbfe4bfcd8d18f,1,credit_card,1,92.57
c5d3cee440eb83e631a641c4da2ef16f,1,credit_card,1,125.7
da792ccf2fb581023240f57c7ad5c14a,1,credit_card,2,40.79
aa7c3f20fab2d3cb0f76ab5165e47618,1,credit_card,3,35.1
ae6554cd477d704040e7a5ddb5a72886,1,debit_card,1,176.65
6c913991aedb5977cece1b1865cab730,1,credit_card,4,49.69
8d9c0dc8d5a2ce804f6b925d8f8e6c1d,1,credit_card,12,293.89
a6840c3c8bb056af9cce2e2ea459769a,1,boleto,1,52.69
83ac7baaa477085adfafa311103efaf5,1,credit_card,4,108.51
99d330b158a97e4b525cb725fa9571ec,1,credit_card,3,148.7
4295876088eaa108fede7b0b77109ed3,1,credit_card,10,111.78
e670c857f8a70c9aacdf644c59980d17,1,credit_card,3,64.32
7860e9b8501efdbdc0be993136da3c52,1,credit_card,5,120.49
6243a6ba7e6150edfa7227f96c72de74,1,credit_card,1,45.13
cbfe43d4a7e8df6def7f9247e1c6120e,1,boleto,1,54.74
946d0f6c2be5f68f7a11380b3b2ad702,1,boleto,1,49.53
12f3c6723ad757676360f2b5bd8ce007,1,credit_card,5,54.0
ea25a7c224e8ab2c05c2425da85c033d,1,credit_card,1,42.22
a7d73128b7dc2644c342e7495ebe8e3f,5,voucher,1,100.0
2ec3fb192c828ca618c797ccb2c22a3e,1,boleto,1,175.94
cb1ef5be56747ab6c5ef7271ecf4e12c,1,credit_card,2,134.5
a3fe72e4a708a8e7c2d2b686d3a457ac,1,credit_card,5,76.02
6b53b59d28af45f02a606d5ace41b854,1,credit_card,1,98.23
4f20f374acaa47920134df2f634691da,1,credit_card,1,117.9
f5dd62b788049ad9fc0526e3ad11a097,1,debit_card,1,354.24
6b9f15e7fb964b5c9e93dd511fee8f75,1,credit_card,1,45.0
ff564b0dff20427ba484d7e2efe7e7e5,1,credit_card,4,42.78
1d090f0194c35ed8b589f82f102bd758,1,credit_card,8,585.39
ee9ca989fc93ba09a6eddc250ce01742,7,voucher,1,1.92
dc3400f2dd273de43a390ec373f09efb,1,credit_card,3,253.74
e33cd806dc139902dbd4f1e2bb2d1775,1,credit_card,8,307.9
95e6053477d7169c64e6a34a3e329cb7,1,credit_card,2,862.41
a033e71a9fdc7a30404bd7a39d3ad173,1,boleto,1,27.86
3c1ceafa085d9c28c784b0ad99895a6e,1,boleto,1,87.66
92d1957925a4ee51cc53c8155c41ba02,1,boleto,1,104.3
663f5bad78ee236c44c5f31fc8c280cd,1,credit_card,7,478.14
3e30da31e3bf405f3a0b771a7d935322,1,credit_card,2,168.52
dc20710a4582a12ed1eb1504bd916272,1,credit_card,1,83.46
89bed55dd88d035e3b1b2489862e53cc,1,credit_card,1,9.6
9c0aeb926cb821f2644b956856d2d3b0,1,boleto,1,141.41
76605cf925ed0ddb1629abe46ecf0fe7,1,credit_card,5,138.5
b32d933cbb60baceeffff29dad694641,1,boleto,1,188.42
f99f5bffbe97d450126f330cd970c5e9,1,credit_card,6,325.54
3e8ef04f228ea2e33b19ff30e0e61f38,1,credit_card,6,108.36
71dab1155600756af6de79de92e712e3,1,credit_card,10,1988.55
4eb3a441cbc81bd1c7d4449e569ae605,1,credit_card,1,133.95
f7404ef9274b77e82cba63629c091e3f,1,boleto,1,80.02
6fd9d5b35f04ff5c30e58111b9ecbff4,1,boleto,1,17.24
e0ea5984952668059b3f3ef6a8554bb3,1,credit_card,4,43.22
55239e09e4cd4de5e2e69452283e9b36,1,credit_card,10,360.95
17d1c72c26f43dbcb91705626271e2f0,1,credit_card,2,202.39
7a2ea112b017a44fc1ba0eb88979f3f9,1,credit_card,1,32.77
74b7f4373a78df8c16862d9d0875c5b4,2,voucher,1,15.6
7dca7e268d48febba328f16ddec37584,1,credit_card,1,196.3
fb52772040f4324904abfd196ab908f8,1,credit_card,6,228.41
77ad790bc77b40f61485833a46bb6968,1,credit_card,20,206.99
37e0ffe09382d012cc039562b646689a,1,credit_card,1,33.84
ca3b58af42b9daa0734a85b70fefb260,1,credit_card,5,264.05
36af11f74568a0546f14fc0e5a0c2851,1,credit_card,8,1042.51
8772e0a97847589e126a8fc3d6e05782,1,credit_card,3,82.88
89bed55dd88d035e3b1b2489862e53cc,2,voucher,1,50.0
0334c2700a7e8ac0f3efeb36b4a91e68,1,credit_card,6,71.15
539d0e8a233d633cce2f53dc4280c55e,1,credit_card,5,188.69
c0b3a6ec68db87dd98bb317ea6835608,1,boleto,1,34.05
c8cdd4400eb4d108c4fb6992339c9fa1,1,credit_card,10,235.28
5cf83f6f51a8b5c52504a09006a69eb0,1,debit_card,1,67.56
c496970811b313659dbbcfd57ffd1b42,1,credit_card,1,45.1
23a2b629fd7a428b5ba4587794ff8b56,1,credit_card,2,46.78
0b27e5029dd7bd0891b5da96fa33a93b,1,credit_card,3,68.39
c0fb0c31cc56e7ddc07f5306fdff9e05,1,boleto,1,70.7
5f7d84d0a7cea1633979f2b458c740b6,1,boleto,1,60.38
c2e9150ecca583eb68c1e2e2b650caac,1,credit_card,1,88.86
7834f61a42c24bfd83ff86a2886344d9,1,credit_card,3,144.66
bf8ddc7239b0b3f5f43b0da92b85837e,1,credit_card,1,88.65
806d19127814e557e910ad0c90891886,1,credit_card,1,105.01
c831c64f0cd1f084f23944c0f1f9d123,1,credit_card,4,117.85
64eeb35d3ade7fcdff9fbb1ca5175bcf,1,credit_card,1,23.93
3af00e0602421aa412b0f4ef0ebdb6c4,1,boleto,1,46.84
94a280e9178a824b49777271fdf8e5cc,1,credit_card,4,230.66
a6055e208086fe169c0a0f191b43445c,1,credit_card,1,169.73
006127b8b9a1681a982313ed7129c3c0,1,boleto,1,556.22
71385d0c646fbc757cfd07df085986d7,1,credit_card,3,159.99
c6d3ba7aef0216cb6c540497c845f0ba,2,credit_card,4,220.63
b32b3375c9aee9e103b0c8ef64af9087,1,credit_card,1,27.77
f91346a89554e0c864ce1007a89eaad9,1,credit_card,9,373.98
eccfa9494767cbb5849832af90431606,1,boleto,1,122.1
f679d90195e7c1e11563250d98edffb6,1,boleto,1,518.95
cf73e2cb1f4a9480ed70c154da3d954a,1,boleto,1,61.85
f203ff896860dd89c812c809102145ba,1,credit_card,1,29.52
45f1ccbf2f111134d9763586f13b76d9,1,credit_card,3,63.86
3aba1edcd69ec930c8c006a5e9f0854c,1,credit_card,6,82.19
2fe8d06695835130f65178317d0be4c7,1,credit_card,1,81.39
1415b17c0425330751b1b6770dc5db23,1,credit_card,10,335.29
cd25a7c65029c84ae2f9ff0e4b968d0e,1,credit_card,5,140.08
169f444739d294d19e4103e460d963d4,1,credit_card,3,91.58
a4277113bcf10ed364a0182042fc8155,2,voucher,1,62.99
d2b5f540a6876d69b10bd2cd1edf4855,1,credit_card,2,131.57
5481cc369cb2fe41d87a0eb98c512166,1,credit_card,1,46.58
483c22865f4aa9d0bd3cceb535b176ab,1,boleto,1,35.0
bba5d3c45d232d36995ca63ee0232d7c,1,credit_card,10,123.89
0cb87161e7b8247087cc93117f44a6a6,1,debit_card,1,630.28
dfaedd65a3ca2a4cc07753c583a535d9,1,credit_card,9,90.72
d33aab7eec3e76dd7e074c6ff1121b6c,1,credit_card,3,34.09
5b57e9de57b0d980b9a9049aeacc5955,1,boleto,1,61.75
56c31c03a2fc4a10abafed9320733788,1,credit_card,10,124.27
bedc87ce363e6bf8c8868b96b2213ae4,1,boleto,1,29.69
293d3c2a058c0395d19e7d1a4aa87f41,1,boleto,1,65.71
722472fb65236469ae8a7934269a980f,1,boleto,1,131.02
2199c1bff4b83c7fbfe37f9f8818326b,1,credit_card,5,141.69
18a1c68dfdce96e96b0faf031deb6b67,1,credit_card,1,75.08
7b407def87721a29fc233b7ae9ad6013,1,credit_card,4,579.78
dd78f560c270f1909639c11b925620ea,1,credit_card,2,60.69
7d000307a29338a053287f79e225e09a,1,credit_card,2,165.98
4f531643f9a824b14d56621d4b679512,1,credit_card,3,36.35
2c559a6f1ac48c4f100f4775a1362ea1,1,boleto,1,1083.2
09badf53476a6bda72b4728e858a3433,1,credit_card,1,31.75
fdf6635fc014c7f771754eefe24ff684,1,credit_card,8,347.77
c756513ece003700723bfa5e6f8abc65,1,credit_card,1,447.0
0700ebb6d2f93a025b6ba09074cb57c2,1,credit_card,5,362.95
a02dc27653c8ef244fd7d8c4d5bc81f5,1,credit_card,6,334.02
5e682664f3f3651fbaf00a25915ef580,1,credit_card,8,437.83
ab0bb51a710692e96d316072209e1c75,1,credit_card,2,212.78
49cf32489672b15ea441df827b693bfb,1,credit_card,2,171.12
ef8f0e3dd1d5294a7bbffc78a02a21b9,1,credit_card,10,1019.34
28a591d0271b8c507e0380cd95521572,1,credit_card,1,26.29
eddf1b58726e1b53c010f681422195fc,1,credit_card,1,96.0
f7e9f0f0c92fa9d46dc73e8f6d28ab96,1,credit_card,1,2.75
fa65dad1b0e818e3ccc5cb0e39231352,24,voucher,1,0.42
88c7831d968f7cd33c64d1733cb90510,1,credit_card,3,71.82
a7d73128b7dc2644c342e7495ebe8e3f,2,voucher,1,20.0
a1a68e110acccf4536909795aef7dc9b,1,boleto,1,51.02
cdbbf42ba3892a989ca5b644ee43db7f,2,voucher,1,34.22
8755ff039d17ea91d56589e906fefc9b,1,credit_card,8,84.18
67f693e898f3412e68ecfa0035a3b0e2,1,boleto,1,40.38
b6b01d3d01c6df1ff950084e0f9ec7f4,1,boleto,1,84.12
898ded7ecb1e4d92997856bd8b7a8aa1,1,credit_card,1,1.76
d6235477014458ade86158040370fca8,1,credit_card,6,62.21
31593a3048f6d0e061a4101a6e5fe24f,1,credit_card,2,216.05
864fb7308cf63ed5141c340f258de1b5,1,credit_card,1,35.77
fffb0b1a50e65c449020434fa835e078,1,credit_card,1,15.86
2a380098d95a87f70c9b8d16dc0ee722,1,credit_card,1,36.1
9307eb406f745cbdb5934be961d05e9d,1,credit_card,3,39.84
338cd98c972c8d9b015759974ca7446c,1,boleto,1,64.42
bdb9bdd2b7e7f7fa3429262ba9cfeca4,1,credit_card,1,94.84
36f4478e93bb401c1938f739d085591a,1,credit_card,1,252.99
3c557fef5b5d9315a99f7442ef013a8e,1,boleto,1,49.48
cda39e972551602661cd5e8908ee82b5,2,voucher,1,25.0
48e785adb7ad7f98808fead60f65fd80,1,credit_card,10,195.0
02ce6664223305cea5b46ef1f2d81461,1,credit_card,1,54.8
8030ea400239674937d96cff6bf0c321,1,credit_card,10,106.87
22fee62c2b437df078309d53efb2ec30,1,boleto,1,121.9
01218a8a807fc187849529e6f12237a9,1,credit_card,1,30.1
27a940efdd448db29463b53ea0cfa2f4,6,voucher,1,4.17
dc7997edb72a765e7b39dbb9be3a63a2,1,credit_card,1,82.33
6e44a8c682fac139d29384acf3a1059d,1,credit_card,2,81.42
15fbcfbb34bc49b1bd1cdbbb676de135,1,boleto,1,128.66
94257b7c9b794f53994f042c218d8799,1,boleto,1,158.21
190c71c36bb25e9a85f3a53291e475a3,1,credit_card,5,109.5
d52d8b400bb758fb5b25ca1af464f814,1,boleto,1,296.19
c49d07f9806a006e5b310764f661e911,1,credit_card,1,57.68
f9985288469173749a1fd05693c5aa2b,1,credit_card,1,112.77
cfd0882d46442939d8457d3508170953,1,credit_card,4,246.26
eac07a0dbd3a43600f76d084fb472e63,1,boleto,1,208.48
210e60465099814a1d2c7635e4065153,1,credit_card,8,231.79
1e9bf802b8192eb97af61fd92b586471,1,credit_card,1,38.68
dbfe4e468c74ac901314aac3d2915e40,1,credit_card,3,109.86
882532a9d3af41e668e0d305aa7bfe2a,1,credit_card,4,89.72
ab7c89dc1bf4a1ead9d6ec1ec8968a84,1,credit_card,5,120.12
f7c5c5ff5045e13c98901bbbf8e871d4,1,credit_card,10,231.27
74fedc6aa056c9359846751fe21a8676,1,credit_card,3,171.09
72da19d53265a57c6e81454bb0c7add3,1,credit_card,3,174.59
737b63f784a8e20dbc2a9abd527f3923,1,credit_card,1,65.69
027b013d2186e25c2b82beb3679d0833,1,credit_card,4,139.17
d8c15550aee132ffe4ed54c7da238e35,1,credit_card,4,86.02
03515a836bb855b03f7df9dee520a8fc,1,credit_card,10,106.38
398c8e07a36c8e10448623bb36a16bec,1,credit_card,2,55.0
0fe1829613c45b423f51aa8949dd8d57,2,voucher,1,50.0
cd62738b275de1aca104da8e9ee761a8,1,credit_card,10,269.78
b489f7ae130ba3fd26b0a20f8cc81c61,1,credit_card,6,153.61
c36722bf525388104790764a7917ca07,1,credit_card,2,63.65
56f251ca89f74d06076966d5d49b9dc6,1,credit_card,4,110.4
064eacf6619a7203b06b7187bf3a3779,1,credit_card,1,37.8
570eccb41678dc30af2792b28b86bb45,1,credit_card,4,398.85
38fd5de0bdcbb66b8c100656463bc730,1,credit_card,1,83.8
518a27a223dd20b3d2030d2a5d9574e8,1,credit_card,10,312.59
71c0d1686c9b5556355dc29a0f5cf8dd,1,credit_card,1,98.2
01ae5e4c5d2549f7c05000a2f5856c28,1,credit_card,1,55.6
4069c489933782af79afcd3a0e4d693c,11,voucher,1,11.37
c3fbba8f64cc6b2e99abc0e00d5ade2b,1,voucher,1,1400.33
7c544ec2abdd2f2470ffdaf4215d8706,1,credit_card,3,155.67
d050bb999c176f3275ed9876c64e0033,1,credit_card,1,38.18
51d33e03b53c86c11bb49dac397b1a46,1,voucher,1,224.1
fbf96285c7d996a4ddcc48002f857af1,1,credit_card,2,133.83
6a8f2976398f920ad337da439b22b202,1,credit_card,1,46.54
fefeb61b51f4a30efa5d44a833e3a797,1,credit_card,1,48.79
6eb2780615aa0cfbaaef6c8d0aec411a,1,credit_card,7,158.3
60cb4dff7b70f5122c9ecd1fe2058b38,1,credit_card,2,110.19
0f121110b75ef7c38c79d67833c49830,1,credit_card,10,956.86
8b0da5e289d763ef6aa842f3927d6421,1,credit_card,9,105.08
c0412e955e8866bd36d56c196d1c9d82,1,credit_card,1,132.24
d19f4ab4bd008d9b26f5eb3afc6cc251,1,credit_card,1,26.77
7b905861d7c825891d6347454ea7863f,1,credit_card,2,96.8
