review_id,order_id,review_score,review_comment_title,review_comment_message,review_creation_date,review_answer_timestamp
a6a77c941a5f94c9ecf173271aeae205,4196c75071e7c2d5ca1fb521e2dc75a2,4,,,2018-05-08 00:00:00,2018-05-11 14:02:58
c1df364081b02bb8c35a7480e990126d,312ca70771f7faab638a5aefeaaea172,2,Produto não entregue,Gostaria de informações sobre a não entrega do produto.,2018-08-05 00:00:00,2018-08-08 04:23:11
c3cebf2cab63f7b89aaf661d1df06aa3,cfea2c141cacb975b65831b7ffd6d194,3,,,2017-12-05 00:00:00,2017-12-08 02:15:28
87907dcffd28bd5bfad86965165460b9,7dc8487f60263dbf289600757f5c6f99,4,,,2017-05-27 00:00:00,2017-05-30 13:52:12
264a90d3b5b5310d3ad16f43dbab8d0e,460281d0eeab1990c9fd04ac4705d3ed,5,,,2017-05-30 00:00:00,2017-05-31 11:37:44
a56ae95ea4642e8951919ea3e3eddb91,27dc874d0fc1a19c74ec77ca706be968,5,Super recomendo,chegou bem antes do prazo,2018-07-05 00:00:00,2018-07-09 20:49:11
a5b8eaa2899bdec6093c15ee7b15f43d,689338a5ff7fc20c596ee2695dfac8c3,5,,produto entregue conforme pedido e dentro do prazo.,2018-02-05 00:00:00,2018-02-05 18:12:13
a5d6a712d9c95f451af1568f0a3a7985,56f251ca89f74d06076966d5d49b9dc6,1,,"Nao recebi os produtos e nem o ressarcimento do valor pago. Estou reclamando e não estão me dando o devido retorno, uma completa falta de consideração pelo cliente. Estarei procurando os meus direitos",2018-03-25 00:00:00,2018-03-29 12:57:51
2c4a0cee1fb912337e09bd3c62cf8910,e5cf005255a551709fd938c0c57e3d6a,5,,"O produto chegou antes do prazo e em perfeitas condições.
Obrigado",2018-03-23 00:00:00,2018-03-26 13:16:53
b9050ad11903ca5218a85101d898f4fe,c36b0f4253481ba100d5a003cd3b6fc6,5,,,2018-08-09 00:00:00,2018-08-11 13:39:07
3d72cb91725655774fed5ea09134b733,8df2f7a8d9fb8958675f795e2f71f27d,3,,,2018-02-06 00:00:00,2018-02-07 11:52:09
6e00c5a1426fcfec2ecac522e94d0330,7a2226788e3271396a9eacab9c7533ff,5,,,2018-03-13 00:00:00,2018-03-14 19:40:48
b9889bb0b4f800aea133350eb17442e0,9ab1853460522b70139bf63d6715f4c2,3,SATISFAÇÃO,O produto é bom mas não deu certo com o espaço que desejo iluminar.,2018-08-04 00:00:00,2018-08-10 01:48:05
302a22312f569fb64c9a360742505277,47106caf7707ccc0552581877874349f,5,,,2018-08-18 00:00:00,2018-08-20 01:32:52
15624e62e12534755dfb17e71e705e07,26343f9d74c00cf82b588331730367e9,4,,,2017-08-26 00:00:00,2017-08-28 10:31:57
6db6598c0c251bd9ee3103f4dde8fe92,80a02feb35f630ff84f1c40179f58bf7,5,,,2018-02-06 00:00:00,2018-02-07 08:25:52
3fb33c49be4d375ddb15913bbb8c0f73,095e9e0811476409362d72fa70d73a6c,3,,"Comprei 2 cartuchos com o mesmo vendendor e só recebi um. Sei que pode ser entregue separadamente. Mas não consigo rastrear o outro produto que não chegou, pois aparece que toda a compra foi entregue.",2018-02-20 00:00:00,2018-02-21 02:51:10
e6881253340aed777ea0d3177792da0d,aed8a6355c72e229dbe6db611871f210,5,,,2018-06-30 00:00:00,2018-07-03 01:43:21
4219a80ab469e3fc9901437b73da3f75,84f5e6c0a0e3155e38c00f434ba90ce8,5,,Muito rápido a entrega!!!,2017-05-18 00:00:00,2017-05-19 19:12:36
6994edabd3cb1f3b6ae65626aa6cfa61,1aaa0de1005b5e253fd4805a69715d65,5,,,2017-05-12 00:00:00,2017-05-12 22:07:17
cdac7a85b1a935ef70220dc2305651f1,b99b9205eafc5fa75cfce1be7d1d9bff,1,,Não recebi os produtos e ainda veio um produto veio errado ainda to esperando o retorno de vcs?,2018-04-14 00:00:00,2018-04-16 11:28:31
2d54a0b8a88516735d2c07d8004f76ce,1d5912d4e665fb2a085a50fc13007c02,5,,,2018-05-20 00:00:00,2018-05-28 02:48:59
f542d0ff698f5272fbd13deca2349582,529a65336debb1c3e3327d7d67dc733d,5,Excelente ,,2018-08-31 00:00:00,2018-09-01 20:50:38
ef0e29eacdf863ca811683eac3d80ea5,a0aa66ea6d606142d5df626b13b033c3,5,,,2018-03-06 00:00:00,2018-03-11 15:53:48
d2f4c111dd097d851118d0e726568dd5,7be4a210a223f13fac663c64d8cb6d04,4,,Gostaria de ter recebido antes do Natal. Mas foi entregue dentro do prazo estipulado.,2017-12-27 00:00:00,2017-12-28 13:56:13
6822f986f943d0302508e2e0f1804ce6,2b509531faa45e6f3dbaa09e3f3eb839,2,Recebi o produto incomple,Comprei duas capas para chave e só foi entregue uma,2018-06-15 00:00:00,2018-06-15 14:23:44
b145bd68eaff42a64173d462127f1b65,239960d8af96f541e9a7153b57c0f4de,5,,"Recebi antes do prazo, produto excelente.",2017-07-07 00:00:00,2017-07-07 23:28:56
ad529e58dde11b492c8b2fdb492032aa,271c268d4d21a60bfad6ddb92be3ba3b,5,,Gostei muito da compra.,2018-02-07 00:00:00,2018-02-07 22:44:37
0ea4296eb7ce92c9e32c2d800d2051bf,486970ef07e7ed3cce9ac167bc49e245,5,Satisfeito com atendiment,"Vendedor entregou conforme prometeu.
Único problema é que envia através do Correios. E estou preferindo via transportadora ultimamente. ",2018-06-26 00:00:00,2018-06-29 17:58:34
48ab3ad217fd17807d425183364235bd,76605cf925ed0ddb1629abe46ecf0fe7,3,Bom,Muito bom ,2018-07-03 00:00:00,2018-07-04 13:00:09
c2bc6260c0092352e2ba4fec12e1d5d9,f4b76dbfe0f911217da5adaa458f5b5b,5,,Meu filho gostou e ficou super feliz!,2017-08-09 00:00:00,2017-08-12 14:18:17
2f48a889d5738776ab5180f2b4fbb4e5,2fe324febf907e3ea3f2aa9650869fa5,1,,Porque não me entregaram? Gostaria de saber o porquê.,2017-04-09 00:00:00,2017-04-09 09:56:36
c34714befe0a6b2b4f6be8e78ceb7cc3,4f2478354c7836ea575c7e2f38dd1d1d,1,,Além de a entrega ter atrasado 1 semana o produto não veio funcionando e a caixa que veio o produto era de amaciante de roupas. Devolvi e não compro nunca mais nessa loja! ,2018-03-10 00:00:00,2018-03-11 00:39:27
40d0bb40dd32c96990957d9f6ca647d4,08ad3a94339e1bddb2167b3c51faa4ac,5,,Positivo. Muito seguro comprar.,2017-08-16 00:00:00,2017-08-31 23:02:51
7ba85037d4e04cbc667a10a3515d26bb,730829b3aeb0e111d1d9bcb2b04c3179,5,,otimo,2017-08-23 00:00:00,2017-08-28 11:40:17
7e5cc504d8982e90475a983f91fd77e4,156254aa58b87bb7bad0f9e82f9bd5f9,3,,"Olá, o produto veio com o conctor faltando. Por favor, podem me enviar? 

Aguardo. ",2018-02-17 00:00:00,2018-02-18 08:21:26
0aa33f82a8785383306cebfd9fcb3b2e,2f4811e66be7f928c63acd083f0e0095,4,,,2018-01-23 00:00:00,2018-01-24 09:12:11
a06d2a4f4ffd059fe29c2e03df96c2de,1f8bd4405ad54632f3ba92b6bd9e5661,1,,"Comprei um produto no site como ELÉTRICO, paguei um valor mais alto por achar que o produto ERA ELÉTRICO. O produto chegou A PILHA e NÃO ELÉTRICO. Me senti enganada. ",2017-12-23 00:00:00,2017-12-27 01:19:36
ab20b39e8efea8fac9f5b6b1f5c5aec4,da48c3a7c7a54b3a4fa8e4f0d0a0e49a,5,,bom faltou a barra do suporte,2017-03-16 00:00:00,2017-03-19 11:40:00
ecb890ec2394903bb3783f6f1b2c8935,816c0409fb7624265037bcbadc488c2b,1,Produto alterado,"A placa não é nova, foi alterada e não funciona. Estou muito insatisfeita com a loja lannister, pois o produto veio do mercado livre. 
Quero meu dinheiro de volta.",2018-05-04 00:00:00,2018-05-07 10:44:23
27d8b3ce507901e94d31663319281bf5,1cef8c054a99de4870f9f34b4822f206,5,,"Produto muito bom, bem acabado e ainda vem com uma dedicatória ao pequeno e um lacinho. Acho que esta loja está no caminho certo, entregando um produto de qualidade e com carinho e respeito ao cliente",2017-07-19 00:00:00,2017-07-20 12:15:55
c90b64d20ab2f218f1e465de68d9c5b2,bf11d6d45abb67220dbfb9b1f8c09efe,3,,,2017-12-09 00:00:00,2017-12-11 16:03:58
c19cc3f3ea3e875b62fb8b26353238c3,d9117cec0a7a5bee29c4f45cf820b930,4,,,2018-04-03 00:00:00,2018-04-05 21:15:04
be89b5bb07dee0c0807a8a3c860b6220,db16d8eeb2104cc17c8d6ca293e7bbc2,5,,Bom como sempre!! Grato!,2017-07-21 00:00:00,2017-07-21 23:54:51
11bc7b9c6fd573d0a820c4d28af86e18,4cb8cb3ecb5dbc9df36cb56451499a0f,5,,,2017-09-25 00:00:00,2017-09-25 21:32:45
a2e0187253eb3f2439b880b017c403b1,10a419c662c88c75ed796f78bc88d31b,5,,,2018-03-23 00:00:00,2018-03-24 10:53:47
e39c54b8b101e0c104a17959af0ad335,6895a2cb864a4bdb6ae98c2328666108,1,,,2018-08-18 00:00:00,2018-08-20 16:59:22
2ff727f9057edbf6df3e29216f1d25f5,16e6abd6364ba99a3513c39f0e27145e,5,,Recomendo ,2018-02-03 00:00:00,2018-02-03 21:50:51
44e9f871226d8a130de3fc39dfbdf0c5,3c557fef5b5d9315a99f7442ef013a8e,5,,,2018-02-22 00:00:00,2018-02-23 10:58:06
f6b9c6ba22f882f9103cf8c24d941499,7857d15c4666556ebb610d938f32eb4f,5,,"Adorei o produto pena que chegou um pouco atrasada , mas recomendo a loja ",2018-02-20 00:00:00,2018-02-20 23:25:57
25e11638a3d01a87e8e62338a39eee28,2ebdfc4f15f23b91474edf87475f108e,5,,,2018-07-11 00:00:00,2018-07-11 19:27:46
95ad56dfa91d4ebe6a22f5673fb966c0,49e84824ae503af008a7cc379ebab409,5,,,2018-08-09 00:00:00,2018-08-13 15:04:55
c2d8b9ccf439d0bd793ce458be78f738,00f57f2ccce2a2e3f393fe8f5e616e0d,5,,,2018-07-17 00:00:00,2018-07-18 19:23:22
07f43de7f61e9d1ce12ab6a8d08f1a37,d11c4164f4abab90d9262e2f1adcabb0,3,O produto foi en avariado,"Gostaria de trocar o produto, pois o mesmo foi entregue avariado",2018-07-03 00:00:00,2018-07-10 14:50:38
b34fea1049c485e165f1a975f62b5333,d2b5f540a6876d69b10bd2cd1edf4855,5,,,2017-06-22 00:00:00,2017-06-23 11:22:03
66cc4ca7461e9ea5121fb9fa42121e00,a3d314d074a652024b6b7ce9cf5e9275,5,,,2018-01-20 00:00:00,2018-01-22 13:46:46
9b0e89862fcb8419c30f3f290e770db1,76de574e14e58baded25a12dce8075c1,5,,Amo esse baratheon....,2017-06-23 00:00:00,2017-07-01 11:42:49
431f6cde4960f0cd07ca171a34417012,56a726fa0f40d3678696e62aaed9690d,5,,,2017-02-02 00:00:00,2017-02-02 23:04:13
0d36b3ad6ed3e66fad3e1054ef20dc71,fee41f55534a71ad5fd16ac61bc5281c,5,,,2018-01-07 00:00:00,2018-01-08 00:45:19
0fb2710f4a965ab8f201ba409729e82f,1c39bf040d6c444d6b306bae83f9f49e,1,,Não recebi o produto até o momento. Já extrapolaramse todos os prazos e estimativas. Aguardo uma posição urgente. ,2018-04-22 00:00:00,2018-04-24 10:36:21
accb4772bb37df720e2c18fa87092136,3eff3be449eaedf0e5b56e9a7d35bb82,5,,Chegou antes do prazo.,2018-07-24 00:00:00,2018-07-27 14:47:30
3ccc074b71015649bf5e59240ada1496,29d0a45c5f4c8f6d17e390ab762df890,2,,fiz UMA COMPRA E JÁ PAGUEI A 1 PARCELA E ATÉ AGORA NÃO CHEGOU O MEU PRODUTO JÁ MANDEI EMAIL JÁ LIGUEI MAS NADA ESPERO UM RETORNO URGENTE POIS DESDE DE MARÇO QUE FIZ A COMPRA ESTOU AAGUARDANDO RESPOST,2017-04-20 00:00:00,2017-05-02 20:57:25
142e1d344c0c2a9aa38d642f8a472655,1d03ab3055cbeb857235ddc26b6fc88a,4,,,2017-04-01 00:00:00,2017-04-02 02:15:16
3c03c2c248b3ba21e145e96caff89a4a,aa7793d3985f9a2e8ba25eb1907fc587,1,,,2018-04-20 00:00:00,2018-04-20 05:43:45
818a5187dd832037151fffdad9e3dbf3,0286c83491d80e29a5f16c150abb76b2,4,,,2017-11-02 00:00:00,2017-11-03 14:00:23
dc3ac390b148ba3d403c3be7b08da6fe,34801c59d6ec5c5e89bfefb6ebef314d,5,,Gostei do produto bem resistente aparentemente ainda não usei.,2017-12-27 00:00:00,2017-12-29 21:09:21
9de2cd3c1f0af4b2f8997fc1dc7cc74b,823d27620ee2ff69604191b087250a3b,5,,Chegou antes da data. Muito lindo,2017-12-13 00:00:00,2017-12-14 16:59:09
22f86c2424f1bab1376203d6b4c07f87,d19f4ab4bd008d9b26f5eb3afc6cc251,4,,Ótima loja recomendo a todos,2017-06-07 00:00:00,2017-06-07 15:31:19
7fcc97c6ee8deeaf48fba7f28a7d6c64,128a17800e8fc3801c814f3f921418b0,5,,,2018-08-03 00:00:00,2018-08-06 21:07:06
8df5370d19bf27f58bbdb57e3877e765,a6cf11644446a2f66b35c06a3b61917a,4,,O produto precisa ser melhor vedado para evitar vazamentos.Mas de resto a experiência de compra foi ótima.,2018-04-19 00:00:00,2018-04-20 02:07:54
ba60393013a78f9eb6029f0650b58992,116916cf522fb4386293fb7cfa886e7e,5,,ja comprei algum tempo atraz na shptime e comprei novamente... recebi os produtos conforme solicitado.. otimos produtos.. entrega foi ate bem antes do prazo.. concerteza voltarei a comprar.. ,2017-09-12 00:00:00,2017-09-12 20:31:43
593ba0be9678356cbedc7662c3887815,0942763b4318676d85b3185d80f57cd3,1,,Ainda nao recebi o produto,2017-10-07 00:00:00,2017-10-09 22:36:56
f64b4401223603c08a959c72703c5f50,481261db37f84927929168d7b183b54b,1,,"A loja em questão descreve o produto como original, mas na verdade é um produto falso, por lei de acordo com o CDC isso é crime pois o produto tem que vir de acordo com as descrições da sua propagand",2017-11-25 00:00:00,2017-11-26 20:35:37
a9546869adacf26694d417d9b8a25178,0d02b771eedf655d493ce414a9a7abd1,3,,,2018-02-20 00:00:00,2018-02-20 23:01:21
9ad2f60ed5711c4a8c7b53616269ebd8,a0148d30bd60b1529214a696f8be8aea,3,,,2017-08-13 00:00:00,2017-08-16 17:20:19
481b67143c4bcbcf5004c14de61c9a93,7bfa5cf288b9dab1fe987fdde74c14fd,5,,,2018-08-21 00:00:00,2018-08-22 00:43:34
b0d326858e6c2927aab2a0bba89c5744,68e4d7b489562de5ca0a4486d7d0c3d8,5,,,2017-08-09 00:00:00,2017-08-09 23:47:34
600aac2914b815717d6e1601c3caa565,4f531643f9a824b14d56621d4b679512,5,,Recebi antes do prazo...o produto é de excelente qualidade!,2018-01-12 00:00:00,2018-01-12 20:08:55
0234abe22674d1798d6c3f95aea9033b,76de574e14e58baded25a12dce8075c1,5,,Bom demias!!! adoro o baratheon.,2017-06-25 00:00:00,2017-07-01 11:39:23
895875c3c072add88a74100400fb2191,3b525abce4eeb08f96537636dc59dc2f,4,,,2017-09-05 00:00:00,2017-09-06 00:52:54
60815c25b3cd61ac977e3f63d9e59eb9,64d08d57c3320c16b1e8db97bfc9b314,5,,,2017-08-04 00:00:00,2017-08-06 11:43:41
fa7752b594bca94d0e12f7872219ae79,9eb20359fd4673317b09e18e7c96476e,5,,,2018-03-16 00:00:00,2018-03-17 11:18:14
67de387cc97cba70687ab1cfda755a9f,9cef759af57cfbaf537221a36730209f,5,,,2017-06-23 00:00:00,2017-06-25 15:40:09
347cf9be0e520335bf2ec209b1c66d5d,f3753df1e0c5a22ca7c2ff5722387739,4,,,2017-11-29 00:00:00,2017-12-01 17:19:42
c6207c08c45f92d5de39fd2322d5c965,52008998ed11bdd670e60f49dd40935c,5,,,2017-10-03 00:00:00,2017-10-04 00:12:00
e5417d4fc880f9ad80d614b3d914a56f,51d33e03b53c86c11bb49dac397b1a46,5,super recomendo,Recebi meu produto no prazo e recomendo essa loja.,2018-08-16 00:00:00,2018-09-06 01:39:56
1281cf3c78b4855f1ff816e68350d663,98f80eddddaaa6c3e5dea02ff36ad263,2,,,2018-02-16 00:00:00,2018-02-18 03:53:01
0cec2819ed396278316d2017597e891d,6b24cf0591948a0a949ee51131cb78ad,5,,"Produto excelente. Rápido, boa memória, excelente processamento e uma perfeita relação de custo benefício. Além de muito bonito e design moderno, fino, chegou após quatro dias. Muito bom.",2017-09-11 00:00:00,2017-09-11 16:19:40
89f12e575d3122792a427c27379bf35d,e7deb83d07b89b75079627c99028d57a,5,,,2018-02-15 00:00:00,2018-02-19 00:28:20
f10455efcb2949921fe99880c08746fe,1397417a57ad1bbfe8d639df8cdee908,3,Atraso de um dos produtis,"Recebi no dia 09/07/2018 apenas o relógio, a luminária não ",2018-07-10 00:00:00,2018-07-11 01:57:29
c1979a4b5961978d01a3cc1b8bea04b2,cd61f9e20298dcb30d7e824cad10949b,5,,Entrega rápida e produto de qualidade,2017-10-28 00:00:00,2017-10-30 16:52:57
06d4e5c550e3382c8dcef08ad99cfa09,66b59bf4515765f0bcfc3e42cf2ff344,1,,,2017-12-29 00:00:00,2017-12-29 10:17:31
84571d616832f65d77914ac434f205b2,01e84dcdea7f8180214c9cf9f058f0dc,5,,INDICO A LIJA A TDS... A entrega a imediata...,2017-11-10 00:00:00,2017-11-10 23:21:01
477e4a7c873c4b2979f7f38e5b53c571,d5af6d41c141d7f5e36c08e509167d01,3,,,2018-01-17 00:00:00,2018-01-21 00:27:07
7c8fc98362b4f28eeecd63cd465188fd,6c1e09e4c733fbc610ee1737436f8a5b,4,,,2018-02-20 00:00:00,2018-02-21 11:48:35
1aa594a514a38e08b1eb32ada5ba71be,fa0609cc7f74568f4f0b2fe9b286e76c,1,,produto com defeito. imprimiu 30 cópias e depois parou de funcionar. o cartucho colorido fiquei com raiva e mandei pro lixo. o preto só funcionava quando eu colocava em água quente. e parou de vez de,2018-02-17 00:00:00,2018-03-24 15:42:17
18e1c86e8cc09c6560658fd96cd6e057,3c23f03a52f26c926ec48ffa9bdd82f1,5,,,2017-06-17 00:00:00,2017-06-20 12:30:22
d1ae8f3e0387baef1f48960f0b64eb3e,3e290444f5680a0f8a95b7d87980a358,5,,Compro sempre ótima loja,2018-04-27 00:00:00,2018-04-27 19:56:56
5206f365bc8b27f29ff978d54d1c3cc7,62bffd187fdcb56c61d7980953e3ceb7,1,,tá mais fácil a criança nascer antes do que a mamadeira chegar,2018-04-15 00:00:00,2018-04-23 20:19:24
cecc0d7180afe86edc2cc7637b385683,b1ab9ab628993453ae0b068d4a8fcf78,5,,,2017-06-10 00:00:00,2017-06-13 14:43:49
5d60a8a8898df2ee077a134f93d4b3e7,c6f232800bcc02894a679417a1a93822,5,Muito rapido,Excelente!!!,2018-06-30 00:00:00,2018-07-04 16:39:46
2b6125baed1569c5a17832260705932c,6dbf90ca92c05262ffcf5a7988ec31b6,1,,NÃO RECEBI O PRODUTO!!!!!,2017-12-29 00:00:00,2018-01-04 16:01:20
1444a90714ec4e520c8d6ec687e1739b,40674b7f0ee237bb07702a45f2bd7d9b,3,,,2018-06-30 00:00:00,2018-07-02 14:12:39
bdf7a9c7e5934f285976594d368ef0dc,9c3225a3efe9fb83ea06492acb99d42c,1,,,2018-08-25 00:00:00,2018-08-25 08:45:15
1a468b94f500aacc26c2a826c9a85162,34b7f8ccf3ab2ba8512fa244c3bab225,3,Bom produto ,,2018-07-13 00:00:00,2018-07-16 05:07:32
a87104de04548211cad078b4dd8feaa6,d47a277ee3c0a6d83aac8548c06263cf,5,,,2017-09-23 00:00:00,2017-09-25 11:01:56
40ee15e9d9432e64959f9e9944efd150,289745e1222668d6792ce3ccbb27356f,4,,,2018-06-06 00:00:00,2018-06-06 19:22:25
7ec54bc2d27a942e77ac34338b55391e,c9fe3cca849fd78e942704ee0078cedf,5,,,2018-05-04 00:00:00,2018-05-07 14:00:07
b5aa12ce2eb2dd8de9c623a221399ae9,ccf9f826a9a2889f396bc19425443c9c,5,,,2018-02-06 00:00:00,2018-02-06 22:03:55
bfd54fd33d88959392fb5fde54b0c4e9,c2e38eb887763f42dbd2417388e62b7f,4,,,2018-02-20 00:00:00,2018-02-20 20:05:30
53510f3172f9ccb90155b5f625c81f69,7457d3d23917512e33d58f76c92b4508,5,,,2018-07-21 00:00:00,2018-07-23 21:32:51
d48fb4aa15c3cbd3e76de7724e69315d,564e414f20390e6417f5e6c6ad3f095e,5,,,2018-01-13 00:00:00,2018-01-15 16:10:34
9944dac18308748a98f3d9aeecce9587,36d2f4c466cc35f518fac94f87653109,5,Excelente,Legal.,2018-08-23 00:00:00,2018-08-25 13:08:29
859c8ea1727f3a1c61172da25288b6ff,92e0e57ece13a66d7232aa795367d00b,5,,,2018-06-12 00:00:00,2018-06-15 02:49:12
43518160bf4ce69401c661d02f700557,9f23214f021883350f10518588c2ad74,5,Grelha pra churrasco.,"Produto de boa qualidade, atendeu minha expectativa.",2018-05-04 00:00:00,2018-05-10 02:01:35
3c9b43f19d64a00919bd4bfded52f2e9,bb4bfc8351c7a9340b9fadd09e26be8d,3,,,2018-07-15 00:00:00,2018-07-16 19:33:19
b0a1dababee5d092221979ebbe0a51ff,21aa5570514b188b031255172b1e04bd,5,,,2017-01-29 00:00:00,2017-01-31 14:20:04
6637b43cbe410620f06a3900804e42fd,4c3898f5e7ca29c2fe30781d80f88857,5,,,2017-11-14 00:00:00,2017-11-14 15:43:05
6cad5a4696fe553549bd5c4eab3c0f9a,aa9216f0e8af39eb6edc7e44fafabb41,5,,,2017-08-05 00:00:00,2017-08-07 21:39:51
57779908ca8da3ef9d110f23ca48c38b,a4f60531f70dda57689ca2b1ede162f8,3,,Site e loja bom,2018-04-15 00:00:00,2018-04-18 00:20:14
b4e30e12edd52d07231c99fceeccfd51,cfaa877f09b4f4bc73fc768bf5817df7,5,,,2018-05-19 00:00:00,2018-05-20 18:19:45
3b18ae9fda4fea6fb0748e130c27e6ad,96cf4805d2e98446035e05b0874255bb,3,,,2018-02-02 00:00:00,2018-02-04 19:37:22
3f72446757578a890b76faf186554e5e,ba6fe5e92a31200b06b69c99171eacf8,5,Entraga super rápida ,Produto entregue em dois dias muito bom ,2018-06-22 00:00:00,2018-06-23 18:30:34
54daab04440b00f318d2c9a0854aafc0,3ff220e93d03aad9bb6767d90ac0e846,4,,,2018-01-24 00:00:00,2018-01-24 21:32:10
836343e86a91c3b07e3c741ce0934f4c,0f7dc069548c19f11ff030e2433b8c08,4,,,2017-09-12 00:00:00,2017-09-16 22:00:07
7d26b66c92ddeb65927888909571fec7,94843ea453d12bb3fc1b4b2f73cb1f82,3,,,2018-05-05 00:00:00,2018-05-08 01:01:04
105434e9a5971a854f4df0e0ecbed892,335a3061e3498d0b3c574bea8973bb6f,4,,,2017-04-28 00:00:00,2017-05-01 03:34:54
ba9e9fdaa6e3654c10cecb9f13b7c404,71bb4b0d814139920f939608c9d37685,4,,,2017-09-03 00:00:00,2017-09-04 10:39:43
f0778a2013556982a2f9506e7c9c8103,3c179a72f1d2d9c87b18d2a0fa99079f,5,,RECEBI O PRODUTO BEM ANTES DA DATA PREVISTA . O PRODUTO VEIO CORRETAMENTE. MUITO SATISFEITA COM O PRODUTO.,2017-07-04 00:00:00,2017-07-06 16:57:44
db2de3fb466e30a641b0d192ac0ee7a3,d82255dd8d216b8577f8f2527ce817a1,5,bom,muito bom................................,2018-05-25 00:00:00,2018-05-28 18:22:11
18b4eff8310c3bc0af3be2f20f886921,beecb33087d159cc2dc627ff4a1fb9e1,5,,,2018-02-06 00:00:00,2018-02-09 14:10:17
984a9afa96e8641e0c0219fdffea789c,7e13a2daaa4fcf44ff99139c10944291,5,,,2017-08-12 00:00:00,2017-08-15 14:05:49
472961c73dd2846a72959a75bab3ed53,2af88e292104c45837ffce587530757e,5,,Dentro do prazo e conforme as expectativas.,2017-06-10 00:00:00,2017-06-13 10:57:57
c228a122ffc0ccc9a91558dcb49de760,f8bb4d404d187c79b86ccf852dfa345e,4,,,2018-06-21 00:00:00,2018-06-22 12:12:26
0a48c333a1aa44486943365c117c84c1,ed274ecbd297951203b23b1e071eb593,5,,"Recomendo,produto de boa qualidade.",2018-05-19 00:00:00,2018-05-20 19:37:38
ca6519993f1b0b85295171cf9ae2c47e,b23f0b276fa55094ad39dda33c542976,4,,,2018-01-11 00:00:00,2018-01-13 23:20:58
0f7279693f0cd364db08e6611b3c751a,97ca549aa4a8d582d149002b880984f2,5,,,2017-10-09 00:00:00,2017-10-10 11:09:13
589f17d5f3a03a64bb6fb4499fd0b757,2c40105463f11c726046975015826e55,5,bom,mercadoria entregue,2018-05-01 00:00:00,2018-05-04 11:21:03
ab650b00cfab207ca8c9622aa85f05c4,82fa967d1d3bc56f31565b771fe79181,5,,,2017-03-17 00:00:00,2017-03-17 23:35:06
db765038a7adb8c3699139a46a01c0e6,6e3b262fc2ba819e9cfcd9e9bad5b7de,3,,demorou a chegar e a mandar o número de rastreio ,2017-05-19 00:00:00,2017-05-19 22:10:02
0fce4f72927c94028e9fea04c02d446f,882532a9d3af41e668e0d305aa7bfe2a,5,,,2017-06-01 00:00:00,2017-06-02 20:01:20
8c1ae1c3899449056faa1eaa2268a441,dfb28e6c33c63302a23a2166674f1864,5,,Muito bom.,2017-12-08 00:00:00,2017-12-18 19:31:53
f57d5c312e8252e0c687b9294af7a066,fe6de2a2f0a13307c3b9718817d14c7c,5,,Entrega antes do prazo.,2017-07-21 00:00:00,2017-07-22 01:54:32
e8be36aeb6c9f79b021e84cccda48159,858dc2838532d6ec487b622925f25c56,5,,Muito boa loja entrega bem antes do prazo.,2017-05-23 00:00:00,2017-05-24 12:20:51
f74e01a1668a8df8cc2cbff229750aad,0f6c56738e9a7a30c78b735a231d3f56,3,Entrega Parcial,Recebei apenas um dos dois produtos. o Rolo de liberação miofascial não foi entregue.,2018-08-17 00:00:00,2018-08-18 13:23:47
0ffc524f2211bc99a8e4a3f6cdef057c,9ba82750c563828973f933ffcd80febd,5,,,2017-03-31 00:00:00,2017-03-31 18:58:44
6d132c4ab82173eda84b7306e95ba98c,225ce7a56330d0d477b097a8752b22cf,1,,Vem atrasando muito na entrega isso não é a primeira vez.,2017-03-31 00:00:00,2017-04-01 01:11:33
b756b2eb44d346bc659fc7a924e177b7,f30e745209cd648c475f3949b1adb2e6,5,,,2018-06-26 00:00:00,2018-06-28 20:03:53
cf031f16a20669eec2d4e9e5fdabb8c8,64e32e79cb2d36bb6c9848e16fba6029,4,,,2017-05-18 00:00:00,2017-05-19 17:08:17
b79a3940cd9e3f388bbba39cea8a132f,08ec1f862c4cca80515d39b2787601f4,5,,Gostei do serviço ,2017-12-01 00:00:00,2017-12-01 20:23:50
63c3c4d4d649b079f00e4b15553fcf1a,4174ab02f93138dbcae799299d390233,1,Horrivel o atendimento,"Fiz a compra, o produto não foi entregue,a nota foi emitida dia 21/05/18 a entrega era para o dia 15/05/18, estou aguardando reembolso, não recomendo a loja, horrível, nunca mais comprarei com eles !",2018-05-17 00:00:00,2018-05-22 17:52:57
5f5921381eaae5ed3db303a518ee5d6c,e0ea5984952668059b3f3ef6a8554bb3,5,,,2018-06-05 00:00:00,2018-06-07 22:25:10
3486c19ad3e2b18181e3869c7bee23cc,cac7e309df39d1f200b8ca086c4ab624,4,,,2017-06-04 00:00:00,2017-06-04 18:55:14
5660d7a94ecc8e9cbe8945bcfb06e764,94153bbf95f273c5b6c342d2acc6d017,5,,Muito bom os produtos e foi entregs bem antes do prazo ,2017-07-27 00:00:00,2017-07-27 10:22:47
86326f9d03d29514e4d73dcddc402237,36ea02534d94c9d58bbbd06fddb3fa9a,5,,,2017-12-14 00:00:00,2017-12-15 07:24:48
62e707cd3907d8766accf92b716e9edb,246b14cc444e8a7df0afd80495dfa052,4,,,2018-07-07 00:00:00,2018-07-09 22:58:50
6031e2f553fcf59db97e87e33a959a37,ce182b138eec89ddd69e9fca1c900aae,3,Postagem ,"Entrega não efetuada na residencia
mais foi cobrado o valor de frete . assim sendo ,ais correto não cobrar o envio ,seria mais coerente.",2018-06-16 00:00:00,2018-06-20 01:03:19
bdf29b2ddafbbf1c618d518b6f8344d0,ee5cda8e001e5e116ecfadae037c5b1e,4,,bom produto,2018-05-04 00:00:00,2018-05-05 21:52:29
a7c000c1cc6a1c305b47b0a72e89f147,4726bb2be36557009e1f231af49916e0,5,,,2018-02-23 00:00:00,2018-02-25 22:27:03
05bfc02874ba328dd8d96926f79c3cbe,1f32e76e92fc0ebf756639dad26ebaa9,2,,"O tapete é bonito, a entrega foi dentro do prazo, mas não tem 4 cm de pelo.",2017-07-11 00:00:00,2017-07-12 11:39:28
27157932461a3ffef3acaa9e232182bf,9cb899ec49b7c2411eae41cd5977de2f,4,,,2018-01-18 00:00:00,2018-01-22 09:33:01
916b25fdb63a60a98bae44969aaa0357,1844430a4130a112771839a244829457,4,,,2017-10-26 00:00:00,2017-10-26 23:23:58
9db6bf94580704e547e4938b05442552,d43fdae293f477cfaa36000252f3973f,5,,,2018-05-18 00:00:00,2018-05-21 08:19:10
587f1ec50275ef9ba82a9d8c6bf5fb69,2ec89189369ca4f4e76799f715c1c6d1,4,,,2017-05-30 00:00:00,2017-05-31 01:01:30
c3865a3431acd1c621a14a1a1fd787f2,81c340da0fe8e47244fa1a3fd41337e2,5,,,2017-09-22 00:00:00,2017-09-24 11:47:28
09845ea01fd9b9805ad3b7d7482546b3,9f49bd16053df810384e793386312674,4,,,2018-08-07 00:00:00,2018-08-12 01:35:44
e83b0e584ba95cc35af6376cf4bcfb11,d17257adac505bd94de0bce06cff3547,5,,,2018-06-02 00:00:00,2018-06-04 19:00:37
eee93223b9721f21d48a686aaf9e4949,b6ada13d6a3410de57d6f0268420de95,5,,,2017-12-08 00:00:00,2017-12-08 22:04:45
f072997eff8f43f37f531332b11a71b9,99cf68b71ac96d8b4c0f20dec410d8fd,1,,,2018-03-04 00:00:00,2018-03-04 15:29:43
1b0a9f3e943a85b452e1b628170ae368,a7ccc4df2d363b2ba9037d1ef834a250,1,,"Comprei o relógio dia 20/02 pensando em dar de presente de aniversário para o dia 11/03, acabou que até hoje não chegou o relógio. Mandei várias reclamações e até hj ngm me retornou TB. ",2018-03-14 00:00:00,2018-03-14 18:04:31
5b1825dbdba593f3564af385847733ac,29e364dfcbd17d9ebd50456ac1cdd335,5,,A cortina é linda! De ótima qualidade e acabamento impecável. A cor é belíssima bege bem clarinho. Voltarei a comprar.,2018-02-18 00:00:00,2018-02-18 23:56:31
2a2cf1254839024314ec620239ff91f3,0c5a7b3c5703837ef40113972224a978,5,,,2018-04-04 00:00:00,2018-04-04 19:46:51
dedae9c5c668b7a1f37d240ef8cf28dc,5f57d407fe28bd1e4601d998f6caa58e,5,,,2018-05-12 00:00:00,2018-05-14 18:27:24
e5a30b14f73c65aace5ea334264cb07e,295c561af8870661a833aaeb65574d0d,5,Ótimo,Fui muito bem atendida.,2018-08-04 00:00:00,2018-08-19 18:46:33
46b75cd8780708562b862df95b982c1a,fb7d6ea70e823cfb1afca3524282cbf9,1,,"Boa tarde,

Fiz uma compra de 5 unidades de pendentes meia de iluminação para a minha loja é só recebi dois, estou desesperado pois estou há dias da inauguração da loja, minha encomenda está incompl",2018-04-12 00:00:00,2018-04-13 12:32:53
009eaaa60b1224518ad27ae49174a26f,f46d498479ef20f7cbe0d471d9ca0bcd,1,,,2017-07-23 00:00:00,2017-07-23 19:32:34
aa7011caec8ce5b6342114a0c95169d1,7d513824c667a2e85bbf10cb740bf289,3,,,2018-04-24 00:00:00,2018-05-03 00:30:34
69b36b3932114ec8a9ae2c0c2d57bee7,03dec253b6e471bd5b0653cc53b79e95,5,,,2017-07-07 00:00:00,2017-07-07 23:37:47
f46fb0522f12abcfd8d8e5db3b81f8a2,fac596e78a482c65c9ebe4d9f7d8eb67,5,,Tudo em perfeito estado.,2017-09-19 00:00:00,2017-09-23 14:05:26
8f22e1153c9cc116520d262068a7b11c,a698966a44dec5eb80ac9c132b5d2a53,4,RECOMENDO,BOM EQUIPAMENTO.,2018-08-01 00:00:00,2018-08-07 12:37:46
b89da8bf58ac57525ae180e9c6f05e6f,fefeb61b51f4a30efa5d44a833e3a797,2,,"Esta loja targaryen não cumpre o prazo,este pedido eu recebi, porém o anterior a este ainda não chegou",2017-12-12 00:00:00,2017-12-15 17:36:46
f75e519c79948ed96a35e5d0db3aa664,a8c73a48c9615d63b8ac5254472e9c42,5,,,2018-02-23 00:00:00,2018-02-25 21:27:08
507a0b5826e993f6a7a44f7e62c3dead,d3123a8def350af103d31c2026666c25,3,Ótimo produto ,"Produto simplicidade,e funcional...",2018-08-28 00:00:00,2018-08-30 23:27:16
e8ce32d7d50765de93eeb47d79d8d474,95340911ff992b7a25fcc0f927146197,5,otimo,recomendo,2018-05-12 00:00:00,2018-05-15 13:11:54
a684aebe1863c9586aebd3e558bb4821,90b6cdda02bbf9ef9a404d36e11a8268,1,,,2018-05-23 00:00:00,2018-05-23 11:37:40
c2d66446375da587254f909da8590099,4d9a2be7276029d8369fbf0fe73b6c0e,4,,,2017-06-09 00:00:00,2017-06-10 04:22:58
da78c4312bafb53d846418ea1394b174,760e70b6d3136376633a2c6369da1c69,4,,,2018-04-03 00:00:00,2018-04-05 18:36:22
0b51553f3cd2e9606b9c0f25667dc5bb,095e9e0811476409362d72fa70d73a6c,5,,,2018-03-15 00:00:00,2018-03-15 11:00:21
4ebd94e5936c7f44247506f1d1558d9c,05d46826bd0fb605d6b00e30e9141882,4,Chegou super rapido,Chegou super rápido e bem embalado. Recomendo!,2018-08-30 00:00:00,2018-08-31 00:46:55
161b86d4d4ffa501f161932aec20babd,8be7e186574461ab90c1674973c58b12,5,,muito bom!,2017-03-09 00:00:00,2017-03-10 13:54:42
6db815c586c04877c3c17e533e8ea3c0,35b5ebbe9ea1f14657bfdfb4b52d7465,5,,,2018-03-16 00:00:00,2018-03-17 18:26:05
8b80c267f4defd196be570155c27178f,7aaffbd34cee1970afc42ae26489ca31,3,,PDOUTO CORRESPONDE À DESCRIÇÃO,2017-04-14 00:00:00,2017-04-16 17:06:51
f6c335135da8976ccad01449dd071334,dd1d5e5b6e4be8779186eb9cafd2f44d,5,,,2017-08-09 00:00:00,2017-08-10 03:39:45
6b02cda72554c259764756ea873a9f51,b2aadb128e84058f8ff560dbe7466c1c,5,,,2018-03-16 00:00:00,2018-03-19 12:07:54
a56a3b99f43ed1fced8caa100070ea10,2542fe494d4b37b79ed85377e12c53a6,5,,,2018-08-16 00:00:00,2018-08-18 17:09:33
44265ed97c0a57d4f18426e369007e80,905b8129167452d5eb4b1bc006bb3bf6,4,,Chegou conforme somente a cor que e diferente de tonalidade um amarelo um pouco mais fechado,2018-03-29 00:00:00,2018-03-31 16:38:46
251787ce15d7462abb7a00415a38c583,9a8df1603191fe8fa15788692de6f4c3,5,,,2018-01-31 00:00:00,2018-01-31 20:16:56
8d6cfab72e1d04e4d1452d32c83e2267,c2e2f15f541c1823bc6d1e558f9323db,5,,,2018-02-24 00:00:00,2018-02-25 12:01:42
1ff9deb5ae0257c7ea253ed38f7cf381,4fa562ccf4105ec42bf3934fcaf418ed,5,,,2018-06-05 00:00:00,2018-06-08 19:07:08
944ce3166e3b071ade00a5dfde359150,c5d3cee440eb83e631a641c4da2ef16f,5,,,2018-06-24 00:00:00,2018-07-01 15:06:13
f5852a6f42736470078ee38720a7849f,405b7a0bffb459dbc7646665024a2665,5,,Super recomendo,2018-08-17 00:00:00,2018-08-19 23:41:47
1ae035ac38a8ba864d9ec2b6fa353f30,71749baed4a3e47f47aecfced7c70ec2,5,Muito bom,,2018-05-16 00:00:00,2018-05-21 21:41:14
4a2630e106c1b204d2eefbe68c7e8b14,4cdae837c07c681dc80adebc6ee90b99,1,,essa parceria com outra lojas é uma porcaria até o momento não me deram nem uma sastifaçao ,2018-08-12 00:00:00,2018-08-12 11:33:07
18b94de202d11bb20603ccb68b760f99,032de54ca8e40cca1098da6c68ba92b3,5,,,2017-10-01 00:00:00,2017-10-01 17:39:57
ae5d717599f8577a7717efdfab5aa646,7834f61a42c24bfd83ff86a2886344d9,5,,,2017-12-06 00:00:00,2017-12-06 23:25:33
c276404d3a7f11c0f3585a262f26d38c,5935197a3a64cf91a125aa939d5eac7b,5,,"Produto muito bom e de acordo com a figura mostrada.Entrega muito antes da programada.
Gostei de comprar na lannister.",2017-07-30 00:00:00,2017-07-30 21:12:08
c7648b3ac575c0897be62b3b87e7adc0,06b0e5a0e09e97a92ab2614c36c4bea6,4,,,2018-05-11 00:00:00,2018-05-14 12:38:40
a3945f44c44270581b2400a0d549d5a5,c8613f1f2b834e72422ddd76442f677c,5,,,2017-12-28 00:00:00,2018-01-02 10:11:15
0072d7715e4bc93ad13b638dc5845468,e8e805e78f96e0ff9ba477f9cc5e3448,3,,,2017-07-25 00:00:00,2017-07-27 23:30:42
c44630862237df856c97ca839a98ecc6,9333298e9cc54a35f22242a9fc3a3ad0,5,,,2018-07-17 00:00:00,2018-07-28 01:18:50
e53183b7834477ccc98414c43ab3e4c8,ae125b80547d3ba1360e23d720f43e8f,5,,,2017-12-06 00:00:00,2017-12-07 12:31:20
ca627e2c77e8580bd9b37f3d682304fd,2bea071a4b1ffc8f01204ba3f0721ac1,5,,,2017-09-06 00:00:00,2017-09-07 00:38:22
dadffefd9553012c0ef0045fdb56c2e4,ca99d0db69566c10a85c187406e20b76,1,,"Comprei duas unidades e recebi apenas uma com o valor de duas. Até hj espero a resolução do problema e as respostas dos inúmeros e-mail que mandei!
Nota Zero!",2017-09-29 00:00:00,2017-09-29 22:33:25
946984a2b7110dcc4051de64d8ef04f6,b75900fba7c6652e3dc7b6ad4160fee1,4,,,2017-08-25 00:00:00,2017-08-28 10:53:35
70d87498752e6173eee5cf5378f2ec00,739409a92249367522a31eb8ee6161b8,5,,"fui bem atendido, é uma empresa séria e profissional
",2017-08-18 00:00:00,2017-08-19 01:44:10
65b4eeac5a20ebf39d33f05e2df79d3d,475daaf912c5d6077ae695875f9e02dd,5,,,2017-09-19 00:00:00,2017-09-20 00:25:42
64242b3c1b958aaae6a1777bdafb50eb,4e8c3b29f4bcb44200ab8296779d910b,4,,,2018-05-08 00:00:00,2018-05-10 18:19:12
3c58af2d366f0c4aeee1d4273b12d9f4,b95cae4001dc3efdaa739478cf9c92e4,2,,O lustre veio sem as lâmpadas ,2018-06-04 00:00:00,2018-06-04 20:21:18
667dd2be07177cdc16741b47c0ca0311,baed56f3eda9223b74c6cf175f05678e,5,,,2018-04-05 00:00:00,2018-04-05 20:42:48
f1c563b79888c90dd44a2a61ae9f9b69,816b15129b14c066ff4f5755938aefb0,4,,,2018-01-19 00:00:00,2018-01-21 23:21:46
49a30dd4d2e7bc3044675a944a5798db,a24a47282e13a3896fb83d6f49403e95,5,,,2018-07-21 00:00:00,2018-07-30 01:19:09
78fd21d8765ac9f7ed3124b3d1674f35,7344405ad701aae9932fbabba0faa522,5,,,2018-04-25 00:00:00,2018-04-26 07:22:11
d0be724110494a39081131219450b2a6,4034b68eda61d53e7c3b417c10e8b252,5,,,2018-08-22 00:00:00,2018-08-22 21:33:26
e4a2319846882cdf663624f26b324f42,50cf9a3b5a1afbf90ea3ed1b52469788,4,,,2018-04-21 00:00:00,2018-04-24 12:22:23
f81049e8a126c962a780ffba69c537a4,0ed85071f4330f23eb0a71d4c26ded6a,5,,,2018-06-16 00:00:00,2018-06-18 21:46:41
caec8f7dbd9a972270bc9972f617fa00,21996e7c744554c7c4fac8896bbdf0ea,4,,"Recebi o produto de forma correta e antes até da data estipulada, estou muito satisfeito...",2018-07-24 00:00:00,2018-07-25 11:21:28
1fecbf0dac278c0d5c219b87229a91e0,737b63f784a8e20dbc2a9abd527f3923,5,,,2017-03-28 00:00:00,2017-03-28 21:57:27
997e20b4abe2888c5a690e4a492f14db,55ccd4969754c36c0e5d45ce55594aa4,5,,,2017-10-25 00:00:00,2017-10-25 18:10:32
763fb92ef68ba85bb0c62065f36030f1,d2d2b46f15aac179d92c40438fb3a4e6,5,,,2017-08-11 00:00:00,2017-08-12 09:40:38
dee1957e269eec2d9aebb72428d4881e,b9c43f56d5318f81019ea0687d34a9ac,5,,,2018-02-17 00:00:00,2018-02-17 21:00:45
9c6cd9168c13bb3e037cf57c6ce16432,be33eea0051d8447b4c2ed4e7ac7be35,4,,,2018-05-01 00:00:00,2018-05-03 18:01:53
65f344e8f0cd1ebe74317208b882d5b7,c230f6e954ab2b2aed5ad7458d539258,4,,,2017-10-04 00:00:00,2017-10-09 19:48:59
92bac21ec3134133c3d9fa1d7eb57113,85ca753c76c79d8eed79b7a31660be3a,5,,"chegou no prazo, o produto foi o que pedir mesmo. pra finalidade é bom pesca de final de semana.",2017-07-13 00:00:00,2017-07-14 14:25:30
38e8a97782ce910dee6b0ed42ab166e5,6582b7b59ad963f7a510455fb9185d1b,1,,"Produto nao e original ,de mau qualidade nunca mais compro com ele ,as tesouras nao fecham bem vagabunda mesmo tipo deve custar uns 10 reais cada no máximo.fiquei mto puto com os produtos q veio .",2017-06-24 00:00:00,2017-06-25 23:12:20
f3c161211216269d7ad55160b0aba7b1,c823a55fefe27a1092a634398c62f2a8,4,,,2017-05-06 00:00:00,2017-05-09 19:24:42
8e9d547a532448a372796777d57fe4b8,95e0a5152da13c4a3e8a6cbe3a0bada3,5,,muito bom.,2017-04-13 00:00:00,2017-04-16 23:55:34
3a3dcab4ca940512f487ed42ff84901d,9a815b63a6443f94d67d6c8bf970aaaf,5,,,2017-04-04 00:00:00,2017-04-16 03:57:01
a9b613474f88a92a806aab2fb07b8752,418b064f8c759c498dff85001d3428f7,5,10,bom atendimento ,2018-06-12 00:00:00,2018-06-16 02:45:25
2e8825276e525c3bf4024c6cf8a02096,a409968a19f09aaa2d44cebcef64ff53,5,Recomendo,Produto chego no prazo,2018-08-07 00:00:00,2018-08-08 17:42:56
194879c93d7be0cc50463d04ac209ed0,4479256715e46f9c6ec0402a14889a5b,4,,,2018-05-03 00:00:00,2018-05-04 11:24:19
0437e19f437a02ab0d355e0fc71f22d8,03138c298bfe1ee7855eefc9442346a8,3,,,2018-07-15 00:00:00,2018-08-01 19:29:51
f3ec48a00e5a8823b6cc48625c03cf1d,2199c1bff4b83c7fbfe37f9f8818326b,1,,Produto não foi entregue e já entrei em contato com a lannister que ainda neo deu retorno ,2017-11-03 00:00:00,2017-11-03 09:50:31
95e54ea26b7cec36482ac23019b134f2,22929eca5fe4738503a332952b9bfbab,5,,"O produto é muito bom e a entrega foi rápida,eu recomendo.",2017-02-11 00:00:00,2017-02-12 02:29:01
2038361eb410df4007360391c8687967,89bed55dd88d035e3b1b2489862e53cc,5,,,2018-01-23 00:00:00,2018-01-23 15:48:47
37ed1608482095e8e628bf6cc4a9bcb7,9fbb5075d54585f5a28a955a0f68b8c7,5,,,2018-08-09 00:00:00,2018-08-10 10:05:36
ccc7b2a80f6935a5455ecff1adaf6de3,8880101bd698b1b1c4d7f46a246c620d,5,,,2017-08-29 00:00:00,2017-09-01 20:03:54
0b03fcb5a00da21a945b108b68b4df87,71ca3bab201007339dfb592df2d185d4,5,,,2017-11-01 00:00:00,2017-11-05 10:15:15
6a6738e38a88aebbc32e75d2c8c6a7dc,a3c65630607c982f54a3df86ba0ba76a,5,,O produto foi entregue antes do prazo.... Foi excelente! ,2018-05-17 00:00:00,2018-05-20 17:49:26
36f9e4706602a39c60c1925f255a56ee,23878b3366bb97c4877f944c685fc546,1,Está faltando o carregado,"O carregador não veio
",2018-08-30 00:00:00,2018-09-02 18:50:14
8094797660b57a0099a766bb217303ae,0436c197b0ba8265af9fa94b7f444866,1,"Consta que chegou, mas na",CONSTA QUE FOI ENTREGUE MAS NÃO CHEGOU NADA,2018-08-17 00:00:00,2018-08-20 18:28:27
6775506f406a3527e1bd844814b3e54e,8e9168f5b8cbf3a8e5d2f6767cefa724,5,,,2018-04-07 00:00:00,2018-04-08 14:11:16
089ca2091fff08cf3af85925e37c9a4d,dc62c8d3266742ea5d47472b2c72b195,4,,O prazo foi longo demais. O resto tudo certo,2017-05-16 00:00:00,2017-05-17 01:25:47
96df2863f53bd321444ffcdef3fdfda5,579997e88b2563ab8a3f3d6f5022a8a6,1,,"O produto é muito leve, e pequeno, muito sensível! Confesso que fiquei em dúvida se é original. Ñ veio em caixa, e sim em um saquinho plástico e uma capa de veludo com a marca impressa.",2018-02-10 00:00:00,2018-02-12 23:43:05
7d7ad2ad81ecaf00e22c5a60fab1aac8,30f571a5f7cc70ba231ce76fbe1b17f4,4,,"Muito bom, entregue antes do prazo.



",2018-04-28 00:00:00,2018-04-30 23:10:14
34b38c4d8911d07fa634e18f9be0e772,106b004da4aaa8f41d0115b6a7829a1a,5,,,2018-05-07 00:00:00,2018-05-09 21:47:26
e225453542988d76cc05f54739ee4cf8,27c60cfbe4965270943d7cdab0989038,5,Excelente!,,2018-08-05 00:00:00,2018-08-06 12:07:49
b9b61de5a487e1097bf6925074e5aa39,9f625a3ed898cbfe30b9f9ef44897889,5,,,2018-06-16 00:00:00,2018-06-18 22:40:27
a2c335a8e6dffaa23118f0cbefc00040,2e3d2ade3d9a549848f6a576ae8f9da2,5,,,2018-08-03 00:00:00,2018-08-04 14:29:13
4569097147a89b0bd60fe501a95150cd,a7dfdfebf93719bd1ad61e569a852c31,5,,,2018-05-16 00:00:00,2018-05-16 17:19:17
070dc070834a65b7bf328f093b141535,084420ecc28fd09f04b4d0c5fa9929e1,4,,"GOstei muito, veio certinho",2017-06-09 00:00:00,2017-06-13 00:00:00
4b2dadadbc8efe3d27dcd11b8680896d,4d34eb469920ba37e6cab956395a5265,5,,,2017-11-24 00:00:00,2017-11-25 11:13:04
0e9325ddc9460c7b50829520a6fdeac2,7053a93a4b7b5a66f27138c4bf8e1307,5,,,2018-04-06 00:00:00,2018-04-07 22:05:43
1ea118e5fe51b5591fbf01f91e03047c,7667f0eac9b433b02f42a902df87ebe7,5,,,2017-10-01 00:00:00,2017-10-01 05:24:10
9c956dded789e973e443b9647e93d84c,2fa1143e47aa3e9c10a97d47174aabb2,4,,"Qualidade excelente. Os correios continuam se enrolando na entrega, mas recebi no prazo. stark é ótimo! Eu confio!",2018-03-28 00:00:00,2018-03-29 03:06:40
03557726ff6e30acaff4519c8cc33765,581ef4e5af5c7bbdcd26579839290635,5,,Produto de qualidade e entrega rápida,2017-12-09 00:00:00,2017-12-11 20:42:54
8fc663ed572dac85edc7b4f1aa77a67a,bd51fae4e79d90bca958267d6e6bee30,1,,"Vende produto indisponível, não resolve o problema do cliente, não responde os e-mails.",2017-12-02 00:00:00,2017-12-02 10:14:06
00c81687a9b5c68b8d1ca2f6e8e6a94b,cad95e56b8bc5ed2c10ee964ba21ac96,5,,,2018-02-18 00:00:00,2018-02-18 08:04:59
56c32fc4598b7d7c932f34c1d2b663ce,fbf96285c7d996a4ddcc48002f857af1,5,,,2017-07-27 00:00:00,2017-07-28 18:34:21
1d91501a3fa3104efa23e70fd284f439,b525cb89f39363a599eef15755cf73dd,3,,,2017-11-08 00:00:00,2017-11-08 17:33:17
ab1c8d057df8658d54d1318d6f5ee695,d8e0ad323eb1f4ae7725beb34e2aff1f,5,,Ótima ,2017-12-03 00:00:00,2017-12-06 09:31:08
919bba755447de0d8e5d779216792ca6,08d70627d548cd883ac394cc5da92d87,5,,,2018-02-24 00:00:00,2018-03-02 01:07:31
c651091b54b4d160dacdc5eccfc53a95,92307d93688d9465005c2cf0b6aa7480,4,,,2017-06-22 00:00:00,2017-06-23 00:55:31
a935b3d67f406bac4853776d80a05220,4a62fb19d5fa08fb514619dfcc617b3d,3,Acabamento,"Estou tentando entrar em contato com a stark para verificar a troca do mesmo, pois veio com defeito de acabamento, mas não obtive exito em falar com algum atendente representante do e-commerce ",2018-05-05 00:00:00,2018-05-08 02:06:50
427bcbe840cdbd98c89f1c295720ee22,8553cd91f67faa93fd2aa45148bcc3c8,5,,,2017-06-13 00:00:00,2017-06-14 11:40:18
33540f0b6c804dd84825d4ec4d716c9a,eaa0211ae0667cb758713505ee149479,5,,,2017-08-25 00:00:00,2017-08-28 00:56:20
643a9f4521d63270034a85792c326a8c,d73ddd98199cde252b1c0ee783374da9,5,,"Recebi bem antes do prazo estipulado, tudo em perfeita ordem.",2018-07-05 00:00:00,2018-07-06 01:20:38
8094b14b328aa704fcd80c0a0b142bec,7f116bbf2524150eb7f7f2a5f0b458eb,5,,Super recomendo....,2018-01-16 00:00:00,2018-01-18 23:48:31
d267b687492657f456a390c26a1a201b,ba21f24f06b977e43ce37b317a6974f6,3,,O Acabamento das fronhas não é o mesmo da foto do produto no site! Deixou a desejar!,2017-09-21 00:00:00,2017-09-22 14:15:06
dd6f65a64d6025cfeefa3b6c34d0bbb9,a2cb7138f0dbd806834e29cecfa9f454,3,,,2018-01-18 00:00:00,2018-01-20 22:20:10
6e560a451051f3de4591b2d2dfea4a15,03ab852861cd75d0a9225c92a3354a3a,1,,"Não posso avaliar ainda, pois não recebi o produto.",2017-12-17 00:00:00,2017-12-18 08:14:50
d3c5a0cefc6bd340ccb36f7d031263bf,45a48df7b18435ce6e3c03ba6c6c2386,2,,"Só o tecido é muito fino ,mais muito linda minhas meninas amaram,entrega antes do prazo muito bom! ",2018-01-31 00:00:00,2018-01-31 21:31:38
339bfb10f7743cd521a4d0e7faeddc97,e2fca022373f1b683cf49d41e76ec1e8,5,,"Eu me surpreendi com a rapidez da entrega do produto! Em quatro dias eu já estava com ele em mãos!! Além disso, o produto veio bem embalado, e em perfeito estado. Recomendo para reparos domésticos.",2018-04-06 00:00:00,2018-04-09 01:20:46
59fb925e40c5e1cbdd38cd86e8e474d3,a559cc2d2bc89f9eac193ae83969579e,5,,,2018-07-10 00:00:00,2018-07-17 23:18:17
6288112a9d55e75f6fdd60d832bfca87,93404003d3192d8a2d781361faa129dc,4,,,2018-08-30 00:00:00,2018-09-03 13:47:16
2e2a47c5f658031efaf3661b18d0d12b,c1f39bb1d57f413cc9d3086d546b3866,5,,,2017-09-20 00:00:00,2017-09-21 20:32:36
6fad57b369fdf3b56c8b618add3a4ace,b63d14d5b4f36c400c5a897287b48a1e,5,,,2018-08-04 00:00:00,2018-08-05 17:55:34
fd750679bbe8de238e52e57ff601fa91,0900f1b09f4249e09ce4735618757707,5,Super recomendo,"Muito bom, recebi muito antes da data, super rápido!!",2018-06-30 00:00:00,2018-07-03 21:18:20
58f82ab33286c898e98bf23b3c4e8c7e,363ef87a97dcef74ca5b91ca4a415f3c,4,,"Seguro, pode comprar",2017-12-16 00:00:00,2017-12-16 22:02:49
7fd6b41ff07c831d31a7fea0e0d66b56,a6055e208086fe169c0a0f191b43445c,5,Excelente!,Excelente!,2018-05-09 00:00:00,2018-05-10 00:17:24
b510ac3990b54833e9d253170d5aff48,8a81337c086e3ab740913c061cf6c2d4,3,,Achei o tamanho muito pequeno ,2018-03-16 00:00:00,2018-03-16 21:18:19
6ef374b3566dfa94768476de1e65a39e,16647da0639fd5db20f1e8de9305bc5c,4,,Material fraco,2018-02-06 00:00:00,2018-02-07 01:30:16
ff44aa9d8025daeb75e12b7bf1d75225,54e4556bb09818e0efeb30e86c4022e0,5,,,2018-06-24 00:00:00,2018-07-10 16:56:58
4c2843f3fb94fc525e80ca9e757ae5dc,bfccbf3f4c803a60b641433bc8affe01,4,,Muito lindo meu pendente! Recomendo! ,2017-11-10 00:00:00,2017-11-10 21:51:41
7c2234d404b12b83ecca18b47bf56d29,9a50f016b349f16c4b2e42a4be02d1c3,5,,,2018-08-11 00:00:00,2018-08-14 01:56:21
9c901e2b29e944cf649a52b5dc46662c,9e6491dcf30125187adc8a3b5b5a571b,4,,,2017-11-11 00:00:00,2017-11-11 19:17:55
e77f3e773e8987d69614343767ca851e,373e33407e16fe7b1ae7de43384958fd,5,,,2018-08-23 00:00:00,2018-08-25 20:23:54
9d18e274ed1a9d6ff5273e8ce98f9e71,c4c6ad1225b0e8f8c23aaf36a96431b7,3,,,2018-03-11 00:00:00,2018-03-11 19:44:36
1a280b5e507e8bd476201ea2be5202c1,40f74de53615f2e4d81c384c983b74e6,5,Excelente ,"Ótima mercadoria,Chegou antes do prazo. Recomendo ",2018-05-09 00:00:00,2018-05-10 17:03:53
d10c5f0e60868ac9f491f8ff0f2cf2bb,010ab3b1993057e91f825c672375a66d,5,,Tudo como esperado. Excelente.,2017-03-03 00:00:00,2017-03-04 10:02:11
089d687b1ea60ff4e6c739944d6713de,79d6c28185a5be065bf1931dc36a289b,5,,,2017-07-27 00:00:00,2017-07-30 15:01:45
3394d14c869ebb4a429fb1099aad543f,a465a6d5ac23c4a20c1dd7e542352106,3,,"Eu comprei somente porque não tenho pressa, porque o prazo de entrega os produtos está muito alto. ",2018-02-01 00:00:00,2018-02-02 09:49:53
1f3e0f6460d44b374ab281101fc2ff81,f94a0462cf50552772e515493550bc4e,5,,,2018-02-22 00:00:00,2018-02-22 23:59:45
a8d561eb82a3f2f58efc7425c0f73d5d,d3fa993cd95accac6c3d0b7e51dffcda,1,,,2018-07-11 00:00:00,2018-07-11 23:17:39
eeff034df4f8096ba692c63d6945946a,873c916c2bff3ea61a59f7bf7f0879c2,1,Tablet,Recebi o produto usado estou tentando trocar porém sem êxito.,2018-08-15 00:00:00,2018-08-19 20:38:42
3a9b895e65a0e82f493361d6c930fe74,293d3c2a058c0395d19e7d1a4aa87f41,4,,,2017-05-30 00:00:00,2017-06-05 16:26:39
d7550a0fa677365ca90177311bdf0044,78e0775b7967227a9d6f00277bed69e2,4,,,2018-04-18 00:00:00,2018-04-19 17:30:16
4a48c09003f83c4de256a382705e25e4,6aad8a16f17436a086a9407258c150a4,5,,,2018-06-21 00:00:00,2018-06-22 13:30:36
b8bd4641dc64ea1a28999974f92e3f1a,b027e9d1b5a30853af2663e94f2e8a00,2,Golden Waffle 3 / Pedido:,"Comprei lente acuvue oasis + 6,00 e entregaram -6,00 (miopia)
No site esta 8,00 que é o mesmo que +6,00 (positivo), se tivesse o sinal negativo não teria comprado.
Agora preciso devolver para troca ",2018-08-23 00:00:00,2018-08-27 11:59:26
478a2bc296ebfa17527f625d0c34703c,d1ac79e195d42ffecfe5abe8428c6535,5,,,2017-12-24 00:00:00,2017-12-26 13:01:02
9e7defb4002d862e6f26da2f3d138dfa,c33f6b9840953ad210b51a86f6aa13a9,5,,,2017-06-08 00:00:00,2017-06-11 22:16:45
4219a80ab469e3fc9901437b73da3f75,d9e44c3fd2ce16086619f299e92e12d8,5,,Muito rápido a entrega!!!,2017-05-18 00:00:00,2017-05-19 19:12:36
b027af18ec34792131871915bdb55a89,2f3a10460f829a155fddd925f0e2f9c5,5,,"AMEI,TAPETE LINDO... INCLUSIVE QUERO COMPRAR OUTRO IGUAL.",2017-09-07 00:00:00,2017-09-08 13:56:45
a76162d69b58ace4545ef173bdf59379,20a3853f94a36870c5eff11d407f01cf,5,,,2018-08-03 00:00:00,2018-08-06 21:31:19
aa8f41f6f9838dc3614508a26bb72a5c,b80a30ad4fad5c35fbc7904d46cb25e6,3,,bom,2017-07-07 00:00:00,2017-07-07 23:55:47
2097099ab5d7679eea62752cd2b8fb5c,8023039e9b07973c9aea60155b52e41a,1,,"a luminária é linda , mas comprei e paguei 3 luminárias , só que foi entregue apenas uma luminária",2018-03-29 00:00:00,2018-03-29 11:30:55
f5c7c7e3d04d2f02db537f3809b87438,42dd28e31692200f58f7ab447d6c8eae,1,,NAO TIVE RETORNO E NAO RECEBI A MERCADORIA COM MAIS DE 20 DIAS DE PEDIDO APROVADO,2017-12-19 00:00:00,2017-12-19 15:31:28
04b864df69259d7372fd50fd10d05bdd,3c1ceafa085d9c28c784b0ad99895a6e,1,,Só chegou uma capa a transparente a fumê não chegou,2017-04-19 00:00:00,2017-04-19 17:05:14
55afe74c9a1ab06819e146fdd463c41b,f304e3c6d822b7221cb9df972c3ecd4b,4,,,2018-03-22 00:00:00,2018-03-24 14:52:48
641ad9be1c28a4b3f2afe781b8a8f3ed,6e8f7f46da15fa56cb1301de370968dc,5,,,2018-05-11 00:00:00,2018-05-11 19:55:17
90e95ba912c97fabd8735681e904e27f,a40078ea7fe9b53ed9111085c0e9de35,4,,,2018-01-10 00:00:00,2018-01-11 09:26:34
8e44933b5ed51f71553e328d8f760457,29bf861fea8df0d2df2b141d46aea6a5,5,,,2018-04-28 00:00:00,2018-04-29 01:09:00
c22bbc2f062c209c7da95d6f5c51a14a,49a7909b97f9d04abf822c29353fe343,5,,,2017-12-16 00:00:00,2017-12-18 19:48:55
962c7b6d46220db2cb94295f481032f1,ee708af463026757088ec8811920ad51,5,,,2017-07-15 00:00:00,2017-07-16 11:07:54
dc4a979120a9a1241aeac60d324dfd07,6d82fb84caeb4867e10314d00ee91ca1,1,,Tá demorando pra valer! Só espero não levar prejuízo!,2018-04-25 00:00:00,2018-04-25 13:48:58
ba4e6d17630a9d66f702f23eb4b9c3f7,9ce36e2fe5d89681ffcdc294ea7363ac,4,,,2018-06-15 00:00:00,2018-06-16 00:15:30
98468746db98792b45d823d00f5b5c2f,88c7831d968f7cd33c64d1733cb90510,4,,"A foto sugere que o brinquedo é maior, com mais peças mas na verdade vem somente uma",2017-11-26 00:00:00,2017-11-28 23:04:43
6923ea11ab4ed22f8b7671fdff9b8158,5e11fe9f9a64d664e12cf549745060e0,5,,,2017-04-19 00:00:00,2017-04-20 13:40:55
09944d74e06198de5f2f35c1bdeeea44,e94d2aa1b4e27a13571357d326e1694d,4,,,2018-02-08 00:00:00,2018-02-08 21:20:46
009fcbc93fdf8a960f8c12125e732e1e,81ae37f8ac6c04f48ac5a71303729abe,5,,"ainda não abri minha loja e não testei o produto.
",2017-03-29 00:00:00,2017-04-04 00:34:45
59da423887bbeee24a74e080e0bb268b,b68c27cf94ce13113c69bd86e640c41f,5,,"Entrega muita rápida, produto exatamente igual as imagens.",2017-11-09 00:00:00,2017-11-13 14:02:02
667d99bb0bb52a7e6670e511f4109e49,f91346a89554e0c864ce1007a89eaad9,5,,Ótima transação....,2017-12-13 00:00:00,2017-12-14 10:20:22
289d38b522ebdea217ca4db6f6019c24,90423fbde022b7991066ba965cfe537d,5,,Vendedor muito bom ,2017-12-08 00:00:00,2017-12-09 01:56:27
0a3b875d00f437f25215e0ac942efca2,8d42bc7cf9914679406f48db0e05e571,5,,,2017-12-28 00:00:00,2017-12-29 06:06:50
78690a4fe14375dbfbafc6c871dbaf5f,14ec71016ffcd03db4fac8ce56278da5,5,,,2018-01-16 00:00:00,2018-01-19 23:09:43
e5c604899ddf11228366256a8f459f85,0286dd0f954cb641dc3eb5db5e4467e6,5,,,2017-12-22 00:00:00,2017-12-26 12:46:23
450aa5995520172b6866a38bdf36792e,d91340e9348bc8b0e4971c128f2c0254,1,,sem comentários. ,2017-11-05 00:00:00,2017-11-05 13:30:23
682350600b46c6d6ca9a31023fccab71,4296801e936343a5f6a38e29143c0f88,2,,,2017-12-02 00:00:00,2017-12-03 13:28:58
62c8d3198a5e2a97012b3f9813252944,5b944386c869819d045c1388bb686124,4,,"A capinha parecia ser toda preta, mas é uma capinha de celular, sem grandes expectativas.",2018-08-15 00:00:00,2018-08-16 04:43:35
fc12b82f48a2fb8ed17d7d12b0929dde,a04875dac0e5be70a331df6f1abda67e,1,,Esperava no minimo pontualidade,2017-10-19 00:00:00,2017-10-20 02:44:20
9b16202b0bfd847057b558036cc644ac,540b0c68a4bc555477ee033cfb99b095,5,,,2017-06-11 00:00:00,2017-08-11 21:02:35
53146efec2baa456d82912698ebb1816,bd76688da0406f5c377080cc43888b5e,5,,,2017-07-08 00:00:00,2017-07-10 23:11:23
09abd447e65aa6f226e710aaa3c68bc8,12e41d433221ec81392012706ab20ff7,4,,,2017-10-17 00:00:00,2017-10-18 07:53:08
5ec17d7617beae931e1dfd3ea17b936e,c9facf1957d4cfd6bf178b54fff813f5,5,,,2017-07-05 00:00:00,2017-07-08 11:39:35
5061a799417e0c127c4bf591927c692d,f3315317ae9053985e17b5378e2e6e51,5,Show ,Muito bom ,2018-05-05 00:00:00,2018-05-06 01:23:34
92babff5f5b70139c627f4de3d15735f,2de931311a1cb3001070a6c567124301,5,,,2017-10-05 00:00:00,2017-10-06 02:01:58
82a56d3148883b064c86d93bf762c451,71f47871e9cf560d325f00a5628c4a94,5,,,2017-05-07 00:00:00,2017-05-07 21:51:31
a8f8491e646d6c9f1bb55a3135a19455,e0ee14b660378f233bb2e93a868cffb6,4,,,2018-03-04 00:00:00,2018-03-05 10:04:14
2dac153a16f5450098ca9765858f39aa,3f5021a01daf8329b31882a467b8da0e,5,,,2018-08-16 00:00:00,2018-08-21 13:49:46
ab09272f6a901322a9acf9bddaea8e5e,de8d4b40800d2483074fe491bd25aed4,5,,Produto excelente. Chegou antes do previsto. Excelente qualidade e acabamento. Show! ,2018-04-06 00:00:00,2018-04-07 07:45:55
b88f7135cf846fbf94161fbaf325ceea,132ab6f8e1c86c21b064ee8832129bb1,4,,"Obrigada, o produto chegou antes do prazo e é muito bonito.",2018-08-28 00:00:00,2018-08-29 11:24:35
c36b2af48975e0f1ee2c6c1405ceb560,59754064fe4ffec6c0149904a6573d81,1,,,2017-08-06 00:00:00,2017-08-12 11:03:52
d19564adffcafc836fc470da0d691db3,644a4d69c39a2ed9ae0b84f27a442b71,5,,"Produto foi entregue muito rápido, produto muito bom!",2017-10-27 00:00:00,2017-10-27 22:36:45
4c97034c560b547dc22546b8eeb0ef12,c1fbc5439e7dfc2d85fef29b7353bbdf,5,,"O produto chegou em perfeitas condições, muito bem embalado e conforme descrição do site. Além de ter chegado muito antes do prazo previsto",2017-07-27 00:00:00,2017-07-28 23:40:17
99bc468ab61793df9f3441ae7155de60,0db1181e0778609b581bf9a95b17f313,5,,"Recebi o produto bem antes do prazo informado pelo site.
",2018-01-23 00:00:00,2018-01-25 22:30:02
b2c776287bfea2bb1fbeb64e27587f3e,76c943bbe1ddef57ebe9e810f1c108e6,5,,,2018-08-22 00:00:00,2018-08-24 21:51:20
5c87609b093907a15bc57b4fac221ed3,d79f4264e783c7bfb5a7513f811a236a,4,,,2018-02-10 00:00:00,2018-02-11 02:14:56
99b91c814b41a9020cd55a56b2022d8c,f3730b23378f3e3415e54360e5a7c844,4,,,2017-11-30 00:00:00,2017-12-01 09:03:11
526422b1e00d40074041807ac1b515c9,0bc9cc637f074aa7df9fb7f206125066,5,,,2017-06-02 00:00:00,2017-07-13 14:24:36
4e5a78bef1bac2a94a00b3ce1460cda7,3af00e0602421aa412b0f4ef0ebdb6c4,5,,Produto de boa qualidade.,2017-09-15 00:00:00,2017-09-19 13:25:54
dc083e7d90eea1541b0314a7e056525e,cbc0f78d9e0d7cd99582cd7552cfd64f,1,,Não recebi nenhuma satisfação. Nem havia acompanhamento. Já passou o prazo e nada até agora!,2017-03-17 00:00:00,2017-03-17 12:23:23
f6090e21bb5e3e24ccf651f17650c267,1a03dc5bbc2707562b5874fa0253154f,5,,,2017-11-04 00:00:00,2017-11-07 12:25:45
8828d64761973315323d17c20e7a84c5,d80bc8900db383324d145cfb1c1aa854,5,,,2018-06-08 00:00:00,2018-06-11 10:08:42
a73e518402ea258190fcc7054b748953,3a1ce4053005d669ac4e0047a13573cf,5,,,2018-06-29 00:00:00,2018-07-04 07:21:48
14126bbbe7ed819bf979c6af76dfd6c5,2a6b1e93c109dcee771903291093117e,5,,,2017-12-15 00:00:00,2017-12-15 22:52:05
47dac603a0a00a2f202b35d4fde0b65b,88cad47df9afd71af2c4a4098aca44ae,3,,,2018-03-18 00:00:00,2018-03-21 12:26:50
65f154f6b34b101fea0c14341a573050,1f57e9ff5f61f27154f91721393f9615,5,,Bommm,2018-03-09 00:00:00,2018-03-11 22:00:02
e05b19bcdb0e8e1b91bb2fc0227cfc57,971dae4156d63b465b28ce4e45afc849,5,Excelente ,"Fiquei com dúvidas por causa dos comentários, mas o produto chegou em ótimo estado na caixa",2018-05-18 00:00:00,2018-05-21 01:40:50
f75df39067f4d6b92250cd3d275f68dc,6fc020b0ec995fb761ee385f34df5a6a,5,,,2017-09-17 00:00:00,2017-09-18 23:12:44
bbbe83c889be99cf0deb10686e6cef66,7eeab59050f13c229ebf63251ac10d3e,4,,,2018-08-28 00:00:00,2018-08-29 02:16:10
5311e28844a538655af1b76a193f2df3,6c2df403c867a6aa913b387d92999d43,3,,,2018-03-29 00:00:00,2018-04-02 17:18:02
3b798fcb93d50e5011b047359a1b81a3,afd09879ff7489d300d0ebeab6348e35,1,,Não entregou nem entra contato,2017-11-18 00:00:00,2017-11-20 07:19:45
9fdf51ed03ffa1995fd22d514e8bda64,58aebe1d668d109ff150b32efbffa817,1,,não recebi o produto,2017-04-21 00:00:00,2017-04-21 21:28:26
150f88c7559f089ad1a437cdc586548b,0dfa1a2ce4218fe50a09559609703829,5,,,2018-06-27 00:00:00,2018-06-27 20:31:29
e3a6fb0831945edde71668eb782f39d5,aca96b69ba4057df4db12d4ca151c400,5,,Recebi tudo certo e antes do prazo de entrega,2018-02-02 00:00:00,2018-02-03 15:23:17
45a2ab56cc7840f34d0a03e99800e96c,a382cb8f8029155c37cb65eed956b494,4,RAPIDA ENTREGA ,"RÁPIDA ENTREGA, PRODUTO MUITO LINDO",2018-08-31 00:00:00,2018-09-03 16:08:29
3bf350c6d76ad3260c78d61507589e9e,a1a68e110acccf4536909795aef7dc9b,5,,tudo ok.,2017-03-21 00:00:00,2017-03-24 01:02:13
30d2eb24bdb6d31fff108367b8a2d64f,e1c7bc80ff13024585f11c5d149f3c8a,4,recomendo,produto bom pelo preço.,2018-05-27 00:00:00,2018-05-28 13:28:09
23a7365831eeeacc446cb8b66b391c2a,fc94ca74e236e7bad0e7a33cd62dc474,5,,,2017-05-24 00:00:00,2017-05-26 23:04:03
0b2e42b710154101bbc6e96dfffb435d,67d6c5d86ba37be6774ee81dc0bed780,5,Muito bom. ,Excelente produto. ,2018-06-29 00:00:00,2018-06-29 21:06:19
b921f3a8fef7f1e894ed3a10669ca26c,54ef7706bc8a0c0209e7aca10d463608,5,,,2017-09-12 00:00:00,2017-09-15 04:56:54
fff879e16f5afcc79d31222c02801549,fd965a5e6e0a6b5d4e631551ecd45b9c,5,recomendo,,2018-05-18 00:00:00,2018-05-21 11:21:19
c4bd09119849ac98bea3dd7666ccab08,f6a62f93fc38410844863ed6a061f425,3,,,2018-01-05 00:00:00,2018-01-08 11:18:21
d30a303de458190ca6dc446b7ce68ca2,08bf75dcf867b9f13026785053e87052,3,,,2017-09-01 00:00:00,2017-09-03 20:40:39
3e165ba71cdc6c2a5dd18136eb8a3bb1,6e163fdf1ba2f182f3a922e26d690c09,1,,"As malas vieram com rebites todos soltos.

Tive que gastar para arrumar as 3 malas

Não recomendo ",2018-02-01 00:00:00,2018-02-07 11:08:37
a39bd27f4b9e912a4acdc579fdbe13d8,54811adf8b498ae84eb8bef759873054,5,,,2018-05-03 00:00:00,2018-05-03 20:42:22
4c55cc4cb7a0b1da50c462481706db86,c4a1796b7d23ecebfc720e4dcd2744a2,5,,,2018-02-23 00:00:00,2018-02-24 17:33:48
1ec5084ba02accfee1accbc47f00e3c0,76fa5079bacbb2380a971adbbc40676f,5,,Produto ótimo .,2017-12-05 00:00:00,2017-12-24 14:16:37
afa581bb9cc556675fd85cbb4950ea07,0c1131dcb8c6ec0c895af6aea3e70983,1,,Ainda não recebi o produto é nenhuma satisfação do vendedor,2018-04-15 00:00:00,2018-04-15 12:22:03
cef142075735408d5b248b8056baf232,9c3580e890d4e5c7a6f8ca754b9aff45,5,,,2018-08-15 00:00:00,2018-08-16 12:56:15
c3e5280949d6a2c5bc8e1a3b5867d5bb,f6b066fe810a20c879b7a4aa8ffd30af,5,,Entrega super rápida e o produto é ótimo. ,2017-05-25 00:00:00,2017-05-26 10:25:54
17bf66548da55f35f0fe2af9b679fd6b,06fa245bf2ac2f602be83224fc55ae39,5,,"bons produtos 
sao pequenos mas bons",2017-06-28 00:00:00,2017-06-28 23:47:18
9db043a63b54e244ad49089aa4dd4b4d,01d48ed99667ce49eaeaa7980a31b987,1,,"Não recebi o produto até agora é não falaram nada como vai ficar, quando vou ter o dinheiro de volta ,ou o reenvio do produto porque tem quase 30 dias da compra e continuo sem saber. Não recomendo. ",2018-03-29 00:00:00,2018-03-29 11:06:46
972ff59d53707c4659882f84b7057f0b,84d54e2fe6fc76e34d897b32c59dd75d,5,,Recomendo ,2017-07-04 00:00:00,2017-07-04 16:01:46
37b94a1079608cfcbf51167856d26e50,e744792a1abc89d92d36e086697eaf97,1,,Comprei mas estava indisponível aí não recebi no prazo 🤔 ,2017-04-02 00:00:00,2017-04-02 05:12:36
3388112184744332eff218f52f976618,077743f9ba8964fff85ace5b958e5284,3,,,2018-01-05 00:00:00,2018-01-08 20:15:17
81349dd121c33d0b9ac97ec1dbe29099,446c4ce86a1a5e91febd73e589af48be,5,,,2018-06-07 00:00:00,2018-06-08 02:34:10
a38316533ccf2d395e5d77e2cd6f1a0f,2baebe65c04491d526afff8c7b67703c,5,,,2017-12-01 00:00:00,2017-12-02 21:16:02
9a950fef55ee6382f301183f24988fbf,8ed4df9e21def5033d20475c0e568c92,4,Entrega errada,"Eu adquiri 2 (duas) unidades do produto, mas só enviaram (1) uma, porém na NFe enviada na caixa diz que foi faturado 2 (dois) produtos e foi debitado no meu cartão o valor total compra. Como resolvo?",2018-05-22 00:00:00,2018-05-23 14:14:52
1a58178871c1a35734dde54428d35c72,d8548c48e1580222bda2c86c47ce10cd,5,,"Site muito bom, super recomendo ",2017-09-13 00:00:00,2017-09-16 01:13:01
27c03f594741601ebd5eb80f20a0c574,e99ac811e8a9efe60a334a5a985ac28b,5,Vale a pena! ,"Entrega bem antes do prazo, produto muito bem embalado! Muito bonito, do jeito que esperava! ",2018-05-15 00:00:00,2018-05-17 20:42:23
380363fe864ce28304d6d92b5ab17c38,8ef90bbfd83a3525620bc52b758b655d,5,,,2017-12-16 00:00:00,2017-12-16 22:21:09
2d431694b18091f86a9d63234ee6512f,576adb3745bf32808dc8207fe39f8542,5,,,2017-06-22 00:00:00,2017-06-25 00:12:17
1bb0a396fbcced9d23673e18e7981fb8,3ad21c0e40b33f2600a06e99f27a5fe2,5,Adorei,Recomendo,2018-04-26 00:00:00,2018-04-27 00:57:48
17f05bdffb5d96f6af3f472419e71251,71dab1155600756af6de79de92e712e3,3,,Falta uma parte da compra.,2018-03-13 00:00:00,2018-03-13 23:22:07
87a806f818492808e43ea552dd601c7c,0d541e7454eb298f2548f6c161741ddb,4,,"Só precisam melhorar a logística de entrega, para que a encomenda possa ser entregue mais rápido.",2018-03-07 00:00:00,2018-03-08 19:56:14
d8f90d3a9ae2cdf2d66df7ace9dd9a9a,bbb149f610cf770685fa5169b6e9a48d,4,,,2018-05-24 00:00:00,2018-05-27 10:28:45
68994f64a8b646a99cb7f10b2295f5fa,21359e988a499d8217626005d16a61d6,5,10 super recomendo,,2018-04-28 00:00:00,2018-04-30 20:56:44
7ba6967995b8f8b3079f2f0347c3726f,cb668af8e8de760052440b117748f7e6,5,,,2018-07-27 00:00:00,2018-07-28 11:59:33
5d6d0bd7afd235fad7988d4025a4f7f5,73da42c497d6ab85df4446d41addabdd,5,,,2018-01-12 00:00:00,2018-01-12 15:22:10
65fe0875e3f79f89be2d903863899df3,ccb44718a5b5b8bde31b24e888d56d09,3,,,2017-11-07 00:00:00,2017-11-07 22:46:09
543b12408511558b8e4f3df1cf6cea5e,36138672074a247040d772897526e427,5,Super Recomendo,,2018-05-11 00:00:00,2018-05-14 15:34:40
212bef0edc912401fa781172ad4ae9bc,28b877013b30a7b9edf8ce22fe59087f,5,excelente produto!,,2018-05-17 00:00:00,2018-05-21 14:19:49
41847621e02b227e0ab3109564b98f3a,e73a10858b70339917af3b108236c820,5,,,2018-04-25 00:00:00,2018-05-04 20:18:30
693ec4993d38d7a87d418a26fcdafbf1,c526aa9189a06bf511e79dbc0e0e70b9,5,,"A equipe da baratheon estão de parabéns!! Recebi bem antes do prazo!! Super recomendo!
",2017-09-13 00:00:00,2017-09-13 20:43:35
0fd208180598aaaef9db37f11a52dcb0,dfafca185f2fc62924f857e85569b923,5,,,2017-10-04 00:00:00,2017-10-05 00:05:34
9fce506a03332fc1151d996ad657b0c2,567694848ecdb6633bef4b3b48bbc4d2,5,Ótima ,"Produto entregue com sucesso, no prazo, excelente produto, a loja está de parabéns.",2018-05-30 00:00:00,2018-05-30 20:46:04
aa9e5ca111b301637a5419b3f21d1498,e7df3fcd195fafd25a46f580fc96c9f3,5,,"Entrega antes do prazo, produto conforme.

Página não permite escrever o título da avaliação!",2017-12-13 00:00:00,2017-12-14 13:45:05
c9a52841a3f22ec95ef565be667ff90f,819928f65fed7471ab4f5a39391bd67f,5,,,2017-08-26 00:00:00,2017-08-28 12:45:26
d7d53f841df29b980cc31927cd01e862,dc771d8720de3625596eb0b0fa043528,1,,nao compro mais neste site,2017-12-14 00:00:00,2017-12-14 09:35:52
8626eeb7efecabacbfdaa46325fd4517,415056cb7470ad427166fe14005a772a,5,,Produto de qualidade excelente e muito bonito!,2018-05-15 00:00:00,2018-05-15 22:56:25
3e0e225a7d9c0b78abe2152ac84ddbba,cdbbf42ba3892a989ca5b644ee43db7f,3,,,2018-08-14 00:00:00,2018-08-14 22:00:23
a40c8e976bdaf508fe27a3c54fc89a0d,80bbfe23fd50d4ea9762ef70a8ada1be,5,,,2017-05-26 00:00:00,2017-05-30 13:13:17
488687128eb9b6df35281c054e54118e,28ea88a8bad588a92fdc8933affa2d09,5,,,2017-12-19 00:00:00,2017-12-21 21:31:21
7cfc19a5f5b7bb3ea79adb3442895edb,3b20eefea25e9f7a1f09b7106c26da95,4,,Chegou bem antes da data prevista,2018-04-17 00:00:00,2018-04-18 13:42:52
5751bd404e988489c5b3ff0dbe3c0ac3,69477156227df21c82fda29850060511,1,,"Eu só queria receber o meu produto, estarei aguardando de novo, sei que alguns ai estão com dificuldades ou sei lá o que, mas eu queria muito esse produto, eu gosto muito da lannister.",2018-06-08 00:00:00,2018-06-08 21:35:19
9ed9a45da2571174bb728777487f40d2,6b313b07f096e0b9354fd4f097abaed6,4,,"Produto ótimo ,entregue no prazo recomendo",2017-08-16 00:00:00,2017-08-17 01:45:28
bc341e4c0d17be74bcb8d5f6dfcd5687,b52312202c9a950b9054cb94fd040440,5,,Muito bom o serviço,2017-10-10 00:00:00,2017-10-11 13:41:46
8f3ebfcd5e5fe4e7b62d17838ad7c0dc,3c224717f735680c865cdb827b6c81bd,5,,Entrega certa produto bom!!,2017-06-08 00:00:00,2017-06-10 23:44:42
4d1fde04ecdd948298f2df8943ffda7d,d0e25f97b5c712b13e725c274a17f44c,5,,Chegou antes do prazo,2017-11-01 00:00:00,2017-11-01 21:35:14
27bdd97931938b6da5e8224642953fe7,973d67484939e1f2afd53304e125bf1f,5,,,2017-06-28 00:00:00,2017-06-29 09:59:04
4248b545694442d41ebceefb65b9bcc8,f060d1eeb07c0294f897df1ff19d4b99,5,,"Ameiii o produto lindo, assim como esperava .",2018-08-23 00:00:00,2018-08-24 19:08:05
18ed830fbdfa070fd9100df11e19bc4f,0a10c45a73c3213a1499c3989973849b,4,,,2018-01-24 00:00:00,2018-01-27 13:55:55
61de3aaf2cabbb8c5c26d9cd0b9323b4,d2651bbfae1f2a0814488eea7ff6165d,4,,,2018-08-23 00:00:00,2018-08-23 20:11:07
92e8d41f920d6f35e1a23fc085a1cad8,e1b7512618fd9b1dc5bba0cfe3a7aee4,5,,,2017-08-04 00:00:00,2017-08-07 08:28:32
0436a133738f4a3458afe451a151eb22,df5cc31d446df3719dde958e4f9dd5dc,4,,produto atingiu meu desejo. gostei da qualidade ,2018-08-15 00:00:00,2018-08-16 11:53:16
e19f31db602ae8378c04a6d0608aa476,00d03eb3425f41a599ae2f788e23c07f,1,,"LOJA NÃO CONFIÁVEL, MEU PRODUTO NÃO FOI ENTREGUE.",2017-03-31 00:00:00,2017-03-31 10:57:01
55cefc672cbef1250300c990688fa748,a7664a67c4bc3ba9f5ea7d49cc369034,5,,Arranhador encaixou direitinho no sofá minha gatinha usou imediatamente e o barulhinho da bolinha foi um bom atrativo pra ela brincar.,2017-08-15 00:00:00,2017-08-15 17:15:00
4214d0f93529bd03c82c6cfe30d0b57f,d3506e0ae259db768a156a6c229b7f81,5,,,2017-07-25 00:00:00,2017-07-26 12:01:54
a4257f2b32ed95bface953283830a762,3dfbb4a1925fb940c975dc4c5855a7d2,5,,"O que foi vendido foi entregue corretamente e antes da data prevista. Excelente
",2017-11-07 00:00:00,2017-11-09 12:38:55
6c00ecb33deb030ecd696bc3ed43f5c4,02be6bbf24cd996eb35dad6e9e7a09ab,4,,,2018-02-08 00:00:00,2018-02-09 12:56:09
0b53cf183208d86d3f79b537d70c7c50,e67c98054d83d2b7a9ba6e37eb2ca005,5,,,2017-07-06 00:00:00,2017-07-09 09:14:52
41ecf198711d7f48cd76b2431b0dd9e2,3282bc9c548b4d233a43f5c6d96fade8,5,,,2018-01-28 00:00:00,2018-01-30 15:35:57
c6a8781fcd7f1a54021221fa93196218,40b8e198f9be930c141b807fe417dd07,3,,funciona,2018-03-03 00:00:00,2018-03-08 12:38:22
2980a6920abc5541851bf77df2a5816a,061cafafafb36839a8ee7cf19ab807c6,1,,RECEBI O PRODUTO AVARIADO E ATÉ O MOMENTO NÃO FOI TROCADO,2018-03-23 00:00:00,2018-03-26 09:13:03
1d3e2dde9193d619f26781be9a13eb87,f425c83fa6d7f497e5f4a1c243401110,5,,"Tudo conforme o esperado,obrigada.",2017-07-14 00:00:00,2017-07-15 15:19:01
44df1441fd493f986b7017888f7f09eb,bef67738a473b9e3dafb560907533864,1,,"Meu produto não foi entregue errado, no lugar de um trampolim entregaram uma bola de pilates. Revoltante, já abri reclamação mas até agora nenhum retorno.",2018-01-23 00:00:00,2018-01-23 21:59:36
1e23e6b71ca0755a949a85c9ee0f44fb,289e6f8bee1d0394dda10569516bfb27,5,,,2018-02-10 00:00:00,2018-02-12 14:19:39
6c41dfde8e2e13f0afe27ebefc28bcee,7b407def87721a29fc233b7ae9ad6013,5,,,2018-08-09 00:00:00,2018-08-11 02:23:13
6abaf5679e075703853ec12fc278ce39,aca3b492e82b71863328c4c288861ca2,3,,,2018-03-15 00:00:00,2018-03-16 00:40:01
eb96f010a4f8476587e69bdbe5926854,30597e915fa41c74c59cf5f8ce640d3d,5,,,2018-08-01 00:00:00,2018-08-01 14:07:33
987119ac18e3549a688fba877f19c6e8,422dc200156c43d69ba21c16beffd57e,5,,,2018-04-28 00:00:00,2018-04-28 10:55:12
7ba316e2293202668c9606372eed2b73,643efaf4eddc8f0b4f71b1674c882fa4,1,Entrega incompleta,"Foi entregue só uma cortina e eu comprei duas,tô aguardando a segunda e um feedback do vendedor se vai enviar....",2018-07-10 00:00:00,2018-07-11 12:12:05
5137d52bcc61418881204b6b9f928362,c6b0f4a5ccf598922d592d8c56c044b7,3,,,2018-02-12 00:00:00,2018-02-16 00:20:39
694bf8c8e501f0972b45473242f71dae,3832701f27be0501b19e91bbb04e5cde,4,,Excelente loja.,2017-09-20 00:00:00,2017-09-22 17:40:08
8fe3c0b7ab2391269491bd89807c2729,b0c175f72fd1e5956743578c03b1785c,5,,,2018-03-31 00:00:00,2018-04-02 09:53:25
963fdf18483307c062e3a3623c99ad12,c546a6c20db2388cfdf1f72285456a3f,1,,nAO RECEBI O PRODUTO,2018-02-18 00:00:00,2018-02-23 14:22:22
954bc842865a7a6e47c8f7b5e42bdf80,e634ef64a41599a3ddcd8bcef955e364,3,,"o produto chegou com uma prateleira amassada. Fora isso é bonita, aparentemente resistente e firme.",2017-05-24 00:00:00,2017-05-28 00:37:12
a8b5993ff92a13c064d8250a1ec7ce07,52fb3b22b5c78d0b753ffeb820ed01a1,5,,,2018-04-24 00:00:00,2018-04-25 00:14:11
bc397a1ca49e7616f9bf0b842e33b9fe,36fc3a00019db8f893021f9508f695c8,5,,Muito bom mesmo recebir meu produto antes da data .. muito satisfeito...,2017-05-17 00:00:00,2017-05-20 23:58:59
0013fd55e98d2d16c086831682d69a34,64eeb35d3ade7fcdff9fbb1ca5175bcf,4,,,2018-08-24 00:00:00,2018-08-24 11:56:51
5e13c53c6f76ec48a29dfd7a15d814fd,e81638ffb72997c5bd2c1fa0f98918ab,5,,,2017-07-07 00:00:00,2017-07-10 03:20:17
7112a3f8ffb5038f5e819b55d57aedd2,bafb40f7e8faf993b7d5da5114f4bd56,5,,,2017-06-09 00:00:00,2017-06-11 04:00:20
e1b0f069eafafa7f6b1028c542e43987,a045563f9a4d45a3c8669ad71edc16c7,4,,,2018-04-07 00:00:00,2018-04-07 23:28:24
9570a079331ad10f7c9f1bb05a939c15,87e1feb622e373e4f0d2cceb1f610886,5,,,2017-03-28 00:00:00,2017-03-29 12:37:14
6a263d82bb15d5569a7e274b12e7d78a,09b8d47d2f753e1c1ee4da43e4429ff5,5,,,2018-08-07 00:00:00,2018-08-08 17:12:03
b3b89e07533206d7b819fa37048b263b,5855ed67c59c23f410f190aabae43591,4,,,2017-09-16 00:00:00,2017-09-18 18:37:05
a8618e617f23ff1f98349417726fe06a,5642f00882c2ab59e001778dc483135f,4,,,2018-03-08 00:00:00,2018-03-10 21:33:54
7db4d8d69f77bfbb62dd7a002d4697b4,7a13f61d963ef344fad29d7219a1c583,3,,,2018-06-08 00:00:00,2018-06-13 19:51:36
99768d5f5ef555679f5989a75f3e928d,0334c2700a7e8ac0f3efeb36b4a91e68,3,,"O produto chegou no prazo, é um boneco bem bonito. ",2017-09-20 00:00:00,2017-09-21 12:26:42
84762a8413d2e8afa028fc922c466bb8,71385d0c646fbc757cfd07df085986d7,1,,"Não recebi, tive que buscar no correio, por alegação de tentativa de entrega sem ninguém em casa, ma é mentira na data alegada tinha gente em casa sim. ",2017-11-25 00:00:00,2017-11-27 23:00:38
1c6c3b21b6c7a5aa8a59182bf3191a98,e6a6d96ae279ae5a454516029a7c43f0,5,,,2018-07-25 00:00:00,2018-07-25 15:37:57
405c07de088993ca454364910f3b49e3,b5ba129c3461e787bf826b827b5a03ab,4,,Bom,2017-10-25 00:00:00,2017-10-25 19:15:43
a6a8e08c5712dfe45642af2646f1846a,c5e7498e13b3cedcde9bbefcd98596e4,1,,Não é o produto que queria tento fazer a devolução e não me respondem.,2017-12-29 00:00:00,2018-01-03 00:55:44
91deb72a60b199a360675a87833f40c7,fc10c2bcfb34da9f78f483c17714eef0,4,,,2018-01-18 00:00:00,2018-01-28 18:49:35
e46859e3b71876ea0957990d5580d105,f8db134d4ac3747d627adb962ec08f73,5,,,2017-05-19 00:00:00,2017-05-22 15:05:50
36b1395c17974fc04d2bbcee0adf8c0e,dbf6b190a7df1df00c6afaf326098789,4,,Só sugiro que coloquem as medidas no site!,2017-12-14 00:00:00,2017-12-14 15:29:30
afbdf26640449d5578df299e3642b5bd,d53bb1636622626b300d199956668dcd,4,,,2018-05-24 00:00:00,2018-05-28 17:28:42
7f778679441776572845ce95663ad9cf,b1927b1b40d5a2c5e0d49a6bb76fc273,4,,,2017-08-11 00:00:00,2017-08-14 03:24:29
a386932f3a300d313e5d373abdf3647a,b68feda578fe41870ba7a14082ce03fa,1,,,2017-04-07 00:00:00,2017-04-07 21:10:21
4b03a7d041388b8b1b4ce0176be1a6da,add2976dccd076ad28a521b9f86c1012,5,,,2018-03-09 00:00:00,2018-03-12 00:59:49
5d9e701391b67b1b524f29ef4df772d9,a1a43def14457b1136b6fb625b7553aa,5,,"A entrega foi super rápida. Fiz o pedido no dia 27 a noite, recebi o produto no dia 29 na hora do almoço.
Ótimo produto segura bem até as facas maiores, veio muito bem embalado.
Loja está de parabén",2017-12-30 00:00:00,2017-12-30 14:41:44
9f368b1268ba433bbd346788b7bd1c7c,1353506aaf9cbe711a4d41f9442d4167,4,,,2017-08-03 00:00:00,2017-08-05 21:10:58
b2c87db966cf97ccc4f7528b239c3c1b,e5f9a6228c6f504115c5a514b109aaaf,1,,meu produto era pra ser entregue dia 06/03/2018 e ate agora nada ,2018-03-08 00:00:00,2018-03-08 18:35:29
3d16e971fb5574e79a10aa2612090096,1cbc4deb78977f04e2e3c262a613abc0,5,,Otimo produto.,2017-12-08 00:00:00,2017-12-09 14:35:28
05c819e17200cc10ca9b9879c1370c0b,70797100fedf9c14e0d0008c876f11b5,5,,,2018-04-13 00:00:00,2018-04-16 14:53:10
ec46c6527c637e6b1688b3268dc425a9,bb931b0509f3198e76b0e87ef16db694,5,lindo,,2018-08-21 00:00:00,2018-08-23 19:24:33
c648d79f5543b492520622e3da236b7b,36a2993f853a2f6132cdda1475bf2acb,5,,,2018-05-08 00:00:00,2018-05-16 11:15:15
2dfdbde440f361dbdb121cd8673f15c4,293e34b72465ae7478f59d4d0b3e58ba,4,Primeira compra,"Produto similar ao original, testei funcionou todas teclas e aparentemente será útil na substituição do original.",2018-07-26 00:00:00,2018-07-26 22:07:34
1ff249634925158b25984cce51606626,92d1957925a4ee51cc53c8155c41ba02,5,,,2018-08-19 00:00:00,2018-08-20 12:02:25
bf53bdf36f9fd0e2fe12f4d8e974dd81,27a940efdd448db29463b53ea0cfa2f4,5,,,2017-05-24 00:00:00,2017-07-13 12:33:06
f60b6748a16fd2b42c5d146318c3bb4b,e9a6252140ac4d9e51867934fad095eb,4,,MUITO LINDA !!!,2018-02-18 00:00:00,2018-02-19 11:19:53
3b9d2731ef41da3abf012c37c90aa926,0a9578b7213cdc97d31f2e5b5a359bdf,1,,O Produto entregue não foi o que comprei. Estou tentando contato com a loja e não estou conseguindo,2018-05-11 00:00:00,2018-05-11 23:28:41
544643da7fae08180108266400b1ce26,eea030f97651f49c9f16e5c34475dcab,5,,,2018-04-21 00:00:00,2018-04-21 20:55:56
ccb443941619f0d254701894435990a7,c0b3a6ec68db87dd98bb317ea6835608,5,,,2018-06-22 00:00:00,2018-06-22 20:44:19
a4721432101505c07511070fae329db6,5fc2475da462df87150a6013f0879f5b,5,,Vendedor excelente mas o site do stark deixou a desejar...,2017-05-20 00:00:00,2017-05-22 16:07:32
de04a97f8c2db797c57eab43ae7dbb77,be6eea060429ae021a46df0a1990365c,5,,,2018-02-06 00:00:00,2018-02-19 18:48:11
e7146a44f7bb7288534dedade873c48f,998c57ab2d55eb30d6de8d103034384b,1,péssimo negócio,"Recebi um produto completamente diferente do que foi pago, já enviei mensagem por email, pelo site da lannister e ninguém se manifestou. Quem entregou o produto não foi a targaryen conforme comprado.",2018-05-04 00:00:00,2018-05-05 18:32:38
dec5976bdb0c01b5ee70db58841558b4,94a280e9178a824b49777271fdf8e5cc,5,,,2018-06-27 00:00:00,2018-06-28 10:21:21
2f832e1059b126da8db2ecec44a64f95,9d8f8e29ae80be83c9a161e3d08bb9a4,5,,Recebi o produto com duas semanas de antecedência. ,2017-03-18 00:00:00,2017-03-19 15:55:54
7ca5ce17b6e618cc6b5f09b831224fa6,8d9c0dc8d5a2ce804f6b925d8f8e6c1d,5,,,2018-04-11 00:00:00,2018-05-02 20:09:50
72ee82fa313da24ed6e7a3c1887dc93f,804b3f6bad007a44efd1fd85f0291070,5,,Recebi dia 10-10 .veio tudo perfeito! Amei o produto 💟 muito obrigada pela atenção de todos.💖💖💝💝,2017-10-10 00:00:00,2017-10-13 23:46:38
5b4361f26b6a626aca823fba8256868e,909848fc22bea821de7a92b2dc614338,4,,,2018-05-16 00:00:00,2018-05-17 12:31:13
6ed3376312754b094a06d6a8349fa3bd,d35551f33906e01d035a5f40e1bd1732,4,,,2017-03-24 00:00:00,2017-03-25 12:27:21
d83bc8053517cbc65296b5ce291bcd11,18dc026cdb7d39abde1489c336528961,5,super recomenndado,muito bom mercadoria entregue antes do prazo e do jeito que pedimos,2018-07-13 00:00:00,2018-07-16 18:23:06
cbcbd74ed60210cb9370308d2c18f52b,d33aab7eec3e76dd7e074c6ff1121b6c,5,,,2017-08-16 00:00:00,2017-08-24 20:56:00
97414d1c7068513bbafd5e68a0e4145e,7889e9a569a5488a0c9d93381a13d5ba,1,MEU PRODUTO NAO CHEGOU,Gostaria de uma posição porque meu produto nao chegou ,2018-07-11 00:00:00,2018-07-13 11:11:55
bb186d7a0993d07f2b2090a54c0c9b4e,adb251e4a198e6d934082144c31f07fb,5,,,2018-03-13 00:00:00,2018-03-14 10:37:32
a563e660370e0c8052fef5cd73c24509,693d0d4622b8c4324e34ae71fe19a58f,3,,,2017-11-04 00:00:00,2017-11-07 09:58:55
c8914dc3f175bb27547fe20b628a11e1,785e8c8436f4631d009d208dd380b200,3,,,2017-12-05 00:00:00,2017-12-07 20:05:13
60f08e83c8ae8957c4bf5867b7be20b4,d57afd1eb0696854d3351e5926aa9813,1,,,2018-03-16 00:00:00,2018-03-16 15:18:52
dc4744d42039931c560913a239cbcb73,246b14cc444e8a7df0afd80495dfa052,4,Bom,,2018-07-07 00:00:00,2018-07-07 22:33:21
7d56ca1aedd67078f9c8ad049120d05a,0a5a2c824e893eb66abd0d869f6c45e6,4,,,2017-09-06 00:00:00,2017-09-09 22:59:25
47b6afbebaefdf9b0a07a015f9590b6c,45740a308b5fc8b1b65daa77e9f6a8a7,5,,,2018-01-17 00:00:00,2018-01-20 02:44:08
d0233fbba83f61318f600b4f27d4e57d,3a3239fa60ea2f77a53990f66c3f1a45,1,,Entregaram cartucho errado. Pedi 02 cartuchos 60 xl preto hp e entregaram 01 cartucho 662 xl preto e 01 cartucho 662xl colorido. Aguardo a troca ,2018-04-05 00:00:00,2018-04-05 22:37:19
48330125da9256304bc0a3d773981b6a,ac71263052acddd3b2031b5937f8fc30,3,,,2018-05-05 00:00:00,2018-05-06 00:45:20
80562d94e7f7e765c7f624f58e68a054,776cdb75db89297ce0fd26c15adac1a4,5,Muito bom ,"Muito boa, chegou antes do previsto,superou minha expectativa. Muito obrigada .",2018-07-21 00:00:00,2018-07-24 19:59:57
1eb81ad7e76a0f2a50366540c600e404,08ade2fc02096cf490d463016e5ee02e,5,,,2018-01-12 00:00:00,2018-01-12 15:20:12
3f01296d02cc38c5e1c700eb160e2228,2a0facc85fc2b839b8c194436787402b,1,Gostaria de trocar. ,Eu escolhi o conjunto safari dourado e veio branco! Não gostei é quero trocar.,2018-05-24 00:00:00,2018-05-24 15:12:26
22269ec03837532df34cbd4cdeceeb20,3dd755153da335084e4f2ae10c077b5e,5,Muito bim,,2018-05-19 00:00:00,2018-05-21 00:44:59
3e1e7563f6bf41eac1e9c3711c598f82,0ead7996f8952fba09e18bed9872414e,4,,,2017-05-07 00:00:00,2017-05-09 21:24:46
a2152daa40c6f4f7732db1bc478eb7c0,231c5fbb9dd6166904af9bad6728b5aa,5,,,2018-06-19 00:00:00,2018-06-20 11:59:11
bdb2491546722e86e6e7b7970880e361,93ee9cb7db8225691be98c521eac1e28,5,,,2017-08-08 00:00:00,2017-08-09 10:07:14
c0f898ccb4f47ea8cf4e9490c7c2da3b,89253d28593c5b4eec3bbc9638a055d3,3,,"Ótima compra chegou bem antes do prazo, ainda não usei mas fiquei hiper feliz recomendo 👏👏👏👏👏",2017-08-18 00:00:00,2017-08-19 11:39:47
304aaea0a61ca9e8c661cc7a403be82f,006cb7cafc99b29548d4f412c7f9f493,5,,,2018-02-26 00:00:00,2018-02-26 17:00:30
4c6b9aa4da8a8efa3b3629cf2b116d0f,6a8f2976398f920ad337da439b22b202,5,,Produto chegou antes do previsto.,2018-05-16 00:00:00,2018-05-21 10:16:04
ebb4b8ac707740494948ecdcc7f2c42d,aeffea2c78ec9b15d6cd7478c9072c07,5,,,2018-02-17 00:00:00,2018-02-21 16:15:24
a8f505ff0322a3d6e68f753ae2dedd51,50e8eff30cc85b5bf993d52785bc082a,5,,,2017-11-28 00:00:00,2017-11-29 01:48:32
d13eeaced7485b83f4b2b7d2a6521b2c,e980f0348ae8c85c6eb7e23e9ee42b27,1,,,2018-03-28 00:00:00,2018-03-29 19:38:50
05679ae6cfef57d3dea06c81d2302671,670c2c5576afd689e7694569bd7a16fc,5,,,2017-12-06 00:00:00,2017-12-06 11:54:59
01d817b2d16271b3d0940e39f63b8154,27a67bd7466cbdf5af5708129e2ca7e5,4,,,2018-08-03 00:00:00,2018-08-04 11:36:15
c91fe2f90c8035ff26c2301fa3da7166,1edf6220f293bb806c6d390700ccccd6,5,,,2018-02-21 00:00:00,2018-02-26 12:07:12
284567d74f8cfdef28764885579fd137,eeecf0540c4a674f123d57397790b15e,5,Atenção sobre a entrega,"Vocês tem que reclamar com os Correios devido a demora.Não é possível já se passaram 5 dias além do prazo segunda feira irá completar.
Fico no aguardo da reclamação dos Correios.
Agradeço atenção.",2018-04-27 00:00:00,2018-04-29 00:00:40
b7d0583e133003af1febf93f29aa8caf,add3094f9efba79b138dd089077c8e20,5,,,2018-07-27 00:00:00,2018-07-27 19:48:33
4a60b6727f5971e92ef753440a8c70f7,f203ff896860dd89c812c809102145ba,1,,"Falta de educação! Além de não enviar em, sequer deram satisfação. Não recomendo a loja, despreparada.",2017-06-08 00:00:00,2017-06-08 15:01:04
f24d807ccfd0f46df1eb35abaaf31148,db851b28d3dbaa9b1b467dad083ff8fd,5,,,2017-11-01 00:00:00,2017-11-02 00:41:29
15c0cb309548f38b7eceb4c5c1dce401,a6840c3c8bb056af9cce2e2ea459769a,4,,Acho que para ficar mais vantajoso poderiam avaliar o frete,2018-03-17 00:00:00,2018-03-18 17:20:23
4db4231e228f6e5c5d8985598cc1335a,3776ca53eef7dc944d1b615e9ec3ad36,5,,,2018-07-05 00:00:00,2018-07-05 20:25:23
fc52e28ed7b534d2fabc3c52c556d0f5,408e91bfedadd9e3a02ea46af7e6cb4e,5,,,2017-08-09 00:00:00,2017-08-09 19:51:33
83963224a4ebff3af10c5f9d094cd3e6,028e8f5a96db8d372890e03d22829e9b,2,,Comprei para adaptar um aspirador de pó veicular 12v em uma tomada elétrica 110v mas o aspirador não funciona.,2018-04-22 00:00:00,2018-04-24 04:39:07
17a87c6d2690a9123a94531ea4f16bbc,3b80f5f8f9c4664e52e228a8ce5752f9,1,,"Faz mais de 15 dias que fiz uma compra e nada do produto chegar. Mas receber que é bom eles receberam! Agora tenho que correr atrás de empresa, é o fim mesmo viu...",2018-03-15 00:00:00,2018-03-15 16:38:34
e056b95486d42478e3d556dade479f84,3198a007090c3a630beb0fe82d14a0c6,3,,"Produto extremamente barato e ótimo para quebrar o galho, para não ter perigos de estragos no celular. Porém, somente para isso, pois a qualidade do produto é baixa, e a película veio estragada.",2017-06-02 00:00:00,2017-06-04 21:39:54
df542625760e3ca4692a69b7c66645ba,dec5c8b31036f767ced1d8a698be9a8e,4,,,2018-03-23 00:00:00,2018-03-26 12:19:28
012ca82bdd1009bab87ad329245d744b,73dfec91f44d4356d6abcf6cbbbcfe90,5,,,2017-12-01 00:00:00,2017-12-04 07:16:21
beeaa15edb2cf7cb180d603779163e3a,6462b86adeb33354833daece8787cb69,5,,,2017-06-27 00:00:00,2017-06-28 12:14:00
d627a8b10222ea4eb5406ab662af2a71,efe7380fd1ca4f19193a35a028f0ce54,5,,,2018-08-15 00:00:00,2018-08-18 15:32:32
5128df14d2f86ba910946acabd9220c5,ccb6a32d73d67e9bc5000d01bf776b52,3,,,2018-02-15 00:00:00,2018-02-16 17:07:33
7ca1ff592b0139cc3a0a5c34bcd01287,f9985288469173749a1fd05693c5aa2b,5,,,2018-02-15 00:00:00,2018-02-16 13:14:20
3453e65166c73df76df2c75114208639,41a1702de429a9f03364932da1ff1986,4,,,2018-02-26 00:00:00,2018-02-27 00:07:20
56e028dd8c27aa7b183d9532db11faff,1704f22579a5be1ff00ac2cdcc1e582c,5,,,2017-08-18 00:00:00,2017-08-20 21:33:57
e5930b518e3b8bdb32eea90fd3f15428,5cf83f6f51a8b5c52504a09006a69eb0,5,,,2018-01-09 00:00:00,2018-01-10 04:04:13
1f6dd7c9d19f2d47811b229555fcf8a2,123609d09763b3bd86c2046f54b391e6,5,,,2017-08-30 00:00:00,2017-08-30 22:48:47
2dc10355cd4c16a2850882da88dec09f,39e3311579afb8c467eac9a76b7e8561,3,,Entrega muito demorada e ainda houve atraso!,2018-02-11 00:00:00,2018-02-15 16:31:20
2e3e7df856dfaaebf9129454301f2efa,a36a813c74f1991b48c5e3403bcebba5,5,Otimo,"Parabéns
",2018-06-05 00:00:00,2018-06-06 00:31:15
8701f0ea777f43cc020f6ce038add652,691ae3791090baa73a918bece7c1d443,5,,,2017-08-10 00:00:00,2017-08-13 02:13:15
7a35fa6246d3cc67f1b2214d5b237e24,3a38a4a145c96019a17b640f053aecb9,5,,,2017-12-19 00:00:00,2017-12-21 11:16:20
322a93f271a89be0b355fdeabc0007b4,6bca1e1153602e07db22966a5b800e9c,5,,,2017-11-14 00:00:00,2017-11-23 10:12:06
fbfaa32dda764eaaa8625b96d7573ecf,a9083ea133304692d6ef21706d3a7df6,4,,O produto chegou bem embalado e antes do prazo. Gostei muito do vendedor.,2017-05-09 00:00:00,2017-05-11 13:39:56
9ad36c0035135652c7f9c0d8e6e7c253,66eb8c748be99c3107d318f370cd9aa2,1,,"Veio faltando componentes de montagem!!
Precisei comprar outra carneira..
Veio com vários defeitos!!
",2018-04-27 00:00:00,2018-04-29 21:40:22
d9a0ea668340ff32317307168bbb49e6,3438960569bf3e42fa63f8e7bab0ac03,1,Atenção,Não recebi nada!,2018-08-12 00:00:00,2018-08-12 14:25:49
bbe6392cbb1d90212c6587d4b2c23ffa,7835af1856de332f2f3c9204b740a3a2,3,,,2018-01-04 00:00:00,2018-01-07 14:17:27
b4f66ba61f9dcd826ddef4db2fc93934,5319d79dbab671824060b110de9d8346,5,,,2017-11-29 00:00:00,2017-11-29 16:48:50
146e6d16d9f5746a4c14a6c1f8b20ce3,b9c7e6ae0060bbf1898ea61f765ca121,5,,,2017-07-08 00:00:00,2017-07-10 21:54:54
33004a15e778fcaba84456e7667cef92,26e5ea27a6fddbbf4b360bdcd90c30c8,5,,,2017-11-10 00:00:00,2017-11-10 14:56:54
4272279363b2313eebad345c6f1b3326,f76b26cd77226ba5e1e3c800cf1e6ff2,5,,,2018-07-21 00:00:00,2018-07-25 17:53:06
6e358d5462a9c5a8134fade0f7e7f768,f22420a030f491fdcaabbc5573a9ff39,5,,"Produto excelente, embalagem muito boa, prazo perfeito. Recomendo a todos.",2018-01-21 00:00:00,2018-01-26 20:14:10
7337b856a5cea18215db02118a157746,e91e4fa5f881fa870e71c30c2c1921d5,5,,"Ótimo produto, entrega muito antes do prazo!! Super recomendo a loja!!",2018-01-17 00:00:00,2018-01-18 09:33:05
33ace47e226f256e187b8c3e7dd90127,077a77e315e3b317121a0af9962e122b,4,BOA,,2018-05-22 00:00:00,2018-05-23 12:47:24
f45a6fc6537406572a422d87a295b6f6,997c9f908691b9dc69c3b7b3a4433c65,2,,demorou demais a entrega. produto nao muito reforçado mas bonito,2018-05-01 00:00:00,2018-05-02 16:29:32
8262ae27cc3f1cbe1fb5606699fbe081,9d83ef2eae9001ced10bfc373722a184,5,,,2017-10-03 00:00:00,2017-10-04 03:35:42
a961869480b9217c62542f7a512caf0d,883bebd3f80e509963fbeaa51abf7c0a,5,,,2018-08-28 00:00:00,2018-08-29 14:00:47
63f7901c8d81ccea49eb75afbb1e2af7,4aaf9b9778e313ecfcfe11ba5673b136,2,,Meu produto ainda não recebi preciso de uma posição a respeito do meu produto.,2018-04-29 00:00:00,2018-05-01 11:29:15
2eab04a8f45efa131d44cf58b37ab595,0191bbb5166d4b9a68df11797d5acfa9,5,,Recebi o patines em perfeitas condições bem antes do prazo dado pela loja.,2017-08-25 00:00:00,2017-08-28 12:57:25
b8017a9ca639f71a9a4a745985f4a729,ca3625898fbd48669d50701aba51cd5f,3,,,2018-08-22 00:00:00,2018-08-24 17:07:04
930efa8891898bd0f68aa652e1e78dc3,12d46788e71b703634c01cdcd4946e7a,5,,,2018-01-10 00:00:00,2018-01-21 18:07:20
e64fb393e7b32834bb789ff8bb30750e,658677c97b385a9be170737859d3511b,5,,Recebi bem antes do prazo estipulado.,2017-04-21 00:00:00,2017-04-21 22:02:06
540e7bbb2d06cfb7f85f3a88ba7ac97f,cf73e2cb1f4a9480ed70c154da3d954a,5,,,2018-01-18 00:00:00,2018-01-18 19:12:30
3dc0777d97733a1d066f5b781e91577f,44a9994228432b835c3a4e720b6a41ab,4,,,2018-03-29 00:00:00,2018-03-31 00:13:07
c0dbf9a325d2a2fece43873be47191e1,b324f4270850cbba23533b9a9d3434a9,4,,"Ótima loja para parceria: rápidíssima, produtos bem embalados e de qualidade! Só o custo do frete que foi meio azedo.",2018-04-04 00:00:00,2018-04-06 15:43:39
77ed4f94b3638d1f0b0a2dd781c11a8c,5f8772295e1adb4e4832c988d6b631b6,5,,,2018-04-10 00:00:00,2018-04-12 10:28:20
8c6537ae1519a3c0375e4fd45438344b,a9a75c64cb5e9f7bc92e68ec13f05c45,5,,,2018-04-06 00:00:00,2018-04-07 03:11:49
4d36f8266245b00faebc520e9cd963c0,b1cc044d321053348a5e482ca7e6b2e3,2,,,2018-03-17 00:00:00,2018-03-17 09:29:47
0c8b57ea62de568f13a0e101d344977e,41bc5a3d34a8e4ef91b2e7d9500694cf,5,,,2017-07-12 00:00:00,2017-07-13 01:02:28
c3dc53293222872c90de63a9dc56902e,617b248faca8fe758da0640030f82f00,1,,,2018-06-22 00:00:00,2018-06-22 20:59:02
0beb430df734fb96c4f353165408b439,1e721ce42c736da389dc1e266e969acd,5,,,2017-08-08 00:00:00,2017-08-10 19:27:20
a60dfbe4f5ccf7fb015fd9e3b33930d1,cd383d7a5f926abfe7b2ee1b80078b45,5,,,2017-02-24 00:00:00,2017-04-01 02:29:39
ea12cd666e65ef6cfc48e7ddd8596833,93a157bd42d5aee115dbfbca895d9998,4,,parabéns para loja e revendedor apesar de ter demorado um pouco,2017-09-23 00:00:00,2017-09-24 21:45:56
4ab6671319156f978e972e2ac2c48ad8,897fab0704eda65c69520010b02a3fee,4,,,2018-05-19 00:00:00,2018-05-21 12:29:51
dc92cf357f5eb4d61b6a95fed53d17e1,c277dea251cfd74bf121060769a7135a,5,,Entrega bem antes do prazo perfeito!!,2018-08-14 00:00:00,2018-08-15 17:18:14
06aa3111724159bb69b8568181ec05c4,8458ad0c5a4b19319109dc629ac03c8f,5,,bem rapido a entrega e bom comprar com vcs,2017-10-20 00:00:00,2017-10-23 20:54:29
5cc650061ffd7b80549a8152c95ae925,9cb31e241f37e9115ca372ccb5973ece,5,,,2017-11-10 00:00:00,2017-11-10 22:13:00
f677a419ee4910ae12bf8cb73dc0d332,7368e14d8b9e7b886e433697b89e937c,3,,Faltaram os cabos e o manual,2018-02-27 00:00:00,2018-03-02 00:24:24
0b6fafdd0e2584fe9906429c198b2b71,fd26702a3f7ee5d86580de591ff53e3f,5,,,2017-07-13 00:00:00,2017-07-13 19:22:56
50b88e7c4f0429b5286b130ed45df434,e907b53c6245de45677494c2348dc8cc,5,,,2018-07-11 00:00:00,2018-07-14 02:42:00
5cb4c44204ec343a1f49960a6359d29e,b00122d54463704c33f4768470c6db03,5,,,2018-01-16 00:00:00,2018-01-18 21:28:35
949127f36b466d3e93a6f3688062cd77,6d2fbf76787b9f35b1f3c3835a8a6a01,5,Captador Presys Blend,Tudo ok!,2018-08-04 00:00:00,2018-08-06 12:54:45
ff3a1044a7a8dfad3e9c8eae2a39420c,09744659d8e64274cf91bb288d9c3aec,5,,,2018-07-31 00:00:00,2018-07-31 22:16:27
9072e81ff1f444c1d074eecafb27e15f,24750706d247c4d573cae75ee4372c59,3,,,2017-06-14 00:00:00,2017-06-15 00:41:21
9f47b47620392148a6b42f7e9dc6a0de,dc20710a4582a12ed1eb1504bd916272,5,,,2018-04-07 00:00:00,2018-04-10 02:32:42
5f6c597337e14b64ddfe5f7a2175d3a4,eeb1f86a9f9c08e3eb0bbb7186dccf60,5,,,2018-08-02 00:00:00,2018-08-03 11:41:10
94d91bb24cb49c1e51270f27677648a1,f8718b67f7469531acea685ab46722a9,5,,,2018-07-03 00:00:00,2018-07-04 12:58:35
eb5be90ba891b7b7e4c25228c23ad3c1,c0412e955e8866bd36d56c196d1c9d82,5,,,2017-10-31 00:00:00,2017-11-02 23:31:28
822d2aa4928821a5cc6bd01f363ea266,25e8002575a945e8d4ae84ca208daa50,4,,,2018-06-23 00:00:00,2018-06-25 09:50:32
1506b122a0432756e345ff579504c59f,6bea4b3d238b2f7104807ff9f128f7e6,5,,,2018-04-19 00:00:00,2018-04-25 13:53:07
43d22e7ad4b610ad6eea390fb72b6a9d,0fe1829613c45b423f51aa8949dd8d57,4,,,2017-04-12 00:00:00,2017-04-17 10:49:50
3a9cc3b90bc22af3b6edec6ac5e899c8,8071505187465938d3f033c82180edc6,1,,"Boa noite , não gostei pois nunca conseguimos falar com vcs pelo telefone
",2017-07-18 00:00:00,2017-07-22 01:41:26
830636803620cdf8b6ffaf1b2f6e92b2,0176a6846bcb3b0d3aa3116a9a768597,5,,,2017-12-30 00:00:00,2018-01-02 10:54:06
f885031c3c69455f00e5c411774a65ab,3f330c606a285a5bd1cf10b860dd6302,5,,,2017-09-30 00:00:00,2017-10-02 11:07:47
4be8dd6cec619a0c8984651cfc3a32c2,9f47e04f95b2bba1442d5bbf0611733e,5,,,2017-05-18 00:00:00,2017-05-19 16:17:31
390d3ec71ebfc30fac16c7a8fe933657,43787011f63fb232ab281d68142f504f,5,,,2018-08-17 00:00:00,2018-08-18 16:45:13
0a354009b25a2fbe0b25a6dd5c2a00ac,3b42ad87f3292fab60e143988d332da1,5,,,2018-03-16 00:00:00,2018-03-17 12:18:46
75ee2eb06a5a7fcce52cb67ddc6506ab,d3397f49eba129958cca1d4ed73dba9a,5,,"Entrega muito rápido, e produto excelente ",2017-10-07 00:00:00,2017-10-08 20:07:36
2f896d71c734a1eb76ed3f6ed7aea06d,6e1e856a0fa5c51efd83408e3f8d1fe3,4,,Bom,2017-10-27 00:00:00,2017-10-27 19:12:51
27fbcb5b1968f2a7962a116c864b2c0e,0a2798cd0ba9166659c07e35ef5eb817,5,,,2017-11-25 00:00:00,2017-11-25 22:48:45
3b52937c42afbe9534c6e77e1c40ba1d,20cebe1097b0f1c09cc5f22570566d1a,4,,,2018-02-28 00:00:00,2018-03-01 02:05:10
3beac5d450c96b321a8e8b71394ececb,e58ed0440e44bc5b5e5cba33106e3f66,5,,Produto chegou rapidamente e conforme o anunciado.,2018-01-11 00:00:00,2018-01-12 20:51:06
49673f9eaf3b9b23234dc2c7301f5b95,e86dc64373eaaf9fc1d9d58bfce38f2f,1,Produto com avaria,"Comprei 2 unidades do produto, veio avariado visto que a embalagem é muito fraca, sendo que veio com dois buracos no fundo da panela, devido a pressão que dog colocado em cima dele.",2018-05-18 00:00:00,2018-05-20 19:29:12
2fbf86e8c3cadd127773be0cf8a84da3,5685548b79358ab0ae555e21ef9cb4ea,5,,,2017-02-22 00:00:00,2017-02-24 19:41:39
6ca11f1297156d3351a86c3b13b794b0,7e61f390f3e0aa3b112e56091d2b9ee3,1,Pedido cancelado,Pedido foi cancelado e mesmo assim a loja enviou o produto. Devolvi o produto e quero o estorno da compra em meu cartão de crédito.,2018-08-30 00:00:00,2018-08-30 07:49:02
60ef633993197390978284101385bbf7,c14280403027095676ce13109d5e2864,3,Bom relógio entrega ruim,"Produto de qualidade, entrega muito demorada",2018-04-17 00:00:00,2018-05-04 05:41:13
631c883f5e3635d7836731e2b0dc92aa,f44845a8eeec9bf829093ad92c846c09,5,,,2018-07-25 00:00:00,2018-07-25 21:43:51
179527c47972453d440d9f65626945e4,20c60f23d0f1231ad895fde039554666,2,,"Comprei 2 relógios, mas só foi entregue 1",2017-07-25 00:00:00,2017-07-26 00:16:24
9376bf7d9d828774c24d324a7d172bc0,05d6faf8d3942006edf7cbc669faa965,3,,,2017-09-19 00:00:00,2017-09-21 23:01:41
b0d430ed9495cb7bac03457bed6e2ab3,0700ebb6d2f93a025b6ba09074cb57c2,5,,,2017-04-28 00:00:00,2017-05-12 18:25:04
36616d6d454efa4f7e3d4ae66699a318,55af89bd3634844abc96b00c4caa76a5,5,Top,"Excelente chegou antes do combinado, parabéns!",2018-08-11 00:00:00,2018-08-15 16:24:31
82feb36da07b5e45e37b6fb7eff9decb,853fea10132fd987a6c350565818ba11,1,,,2018-01-06 00:00:00,2018-01-06 14:15:17
0f82ca43c84146c8080720bcd97091bf,bc76bb0ff492abd2cfc722349f3d62a2,5,,,2017-10-14 00:00:00,2017-10-16 18:06:11
3620d6e5d561991af5ff9f6a8bdcc3c4,2c9bc10b715272770d51948b929485f7,5,exelente,atendeu as expectivas,2018-06-01 00:00:00,2018-06-27 15:33:40
1226ec6e120aebd5ae29bb59859aac9b,ef519547cb72d3ac42ff707948fdb963,1,,Prazo esgotado. Produto ainda não entregue,2018-05-06 00:00:00,2018-05-07 18:11:09
434316c844abf32a4e0dbd3f8aef51f4,cbd4818fd2df9243a5f4698948f80bd0,3,,Apesar do tamanho a escova é leve e de fácil manuseio,2017-12-15 00:00:00,2017-12-18 10:24:34
1aa3d8d7d1b099cc3f23485f7c563024,69df1d467702671ed04aaa60c5996701,4,,,2018-03-17 00:00:00,2018-03-21 05:27:32
36e6365afe243a6f81851adae71156ed,40ef667b4259d5f521a0fd1a093d0415,4,,,2018-07-14 00:00:00,2018-07-14 22:04:51
668fcfc39b15a8751fd9f9c3721c6533,a0d3b62390e72dcfd8fc6b29c1af0061,5,´´Otimo,Muito obrigada,2018-08-18 00:00:00,2018-09-10 16:59:46
2d754171e0710717a23e9e24f57bc60e,c111660003fe3dd242a376599653b22a,5,,,2017-11-02 00:00:00,2017-11-03 00:03:17
2286d28fbb1e4ffd4de21ac50544d1a7,3d0e84aa6695f156f958a00ca2a2745b,5,,Bom demais,2018-02-15 00:00:00,2018-02-16 14:06:20
990dfa45a416064a5b1926347326ebe0,a7c0c5a345bb63d37fc8aafab1f86a4d,4,,"entregue antes do prazo, sistema de acompanhamento do produto credibiliza a loja. ",2017-03-17 00:00:00,2017-03-21 14:47:55
bd90607f4a5e655bd1b13e545620eecc,189ba95d81c72d1250e45df72f8acaa4,1,Não recebi ,Tá demorando mt,2018-05-23 00:00:00,2018-05-25 12:32:38
642be66d80f7dc6f5947f84daf557d4b,22df89b611e2a03b4957043cf949e51f,5,,,2018-08-28 00:00:00,2018-08-28 13:07:10
121024c33eef254d9bb44c07ea1ece9c,98c977c116f7779360e9fecffd3860b6,5,,,2017-09-01 00:00:00,2017-09-05 15:29:58
ba63b5226fa00a4a33c8962c16444a8b,aff1be85595c5529e666a04a65b00c4b,5,,,2018-08-16 00:00:00,2018-08-18 18:22:49
e4470a3ebe27cc4c84cbc5c330032aef,91bf2a67e8d316444406c19cf587914a,1,,"No site da lannister a data de entrega seria 04/01, mas no código de rastreio o produto foi postado no correio no dia 04/01, ou seja, o produto ainda está em trânsito no dia de hoje 06/01. ",2018-01-06 00:00:00,2018-01-06 18:30:10
93bff38e529369b84919d539aa3dc449,0715dfcf2383aa72c181d8b47f6cb589,5,,,2018-02-28 00:00:00,2018-03-06 23:17:46
9d8340fe730f994047b0a54b59d99871,e54245d9ada10a3d2910565a0bc2fdbf,5,,,2018-03-16 00:00:00,2018-03-18 17:57:59
3cfb3c79f7884fe9e5c40f3b14d6763c,a1b0f9ee69a79c509eff098467a2fbb0,1,,"Entregaram os produtos, mas, Não cumpriram o prazo de entrega passou do prazo.",2018-04-14 00:00:00,2018-04-15 18:18:42
8ea6704aa2159a173d862db54016e6e1,016e4acfc34b9f2abc69795f47c92f0e,5,,,2017-09-19 00:00:00,2017-09-21 22:00:26
f03ce36bcc7f29ebefdf0c98fedb7f62,64930a85c555750a1f71af3d49b0c54b,5,,Ótimo,2018-05-17 00:00:00,2018-05-20 21:51:49
18c8925d8e5d6ebab478ef19bd4fc1e0,9dece38ba34c2b0050efef28e85d7bde,5,,Ótima,2018-05-19 00:00:00,2018-05-21 11:03:42
af88debcd885e0835f98f62adfe0fbd3,2bc4e677f1913a63cf631fa0e18c1525,5,,,2017-10-25 00:00:00,2017-10-26 01:29:07
04a5c7d1df1876406d973dc4848a5e77,9ad8a5a07627839df5c41599153d02d7,4,,,2017-09-07 00:00:00,2017-09-08 13:43:57
a7b4445e4244897253f3dc642bd3c23f,670ad1c6fd20977956e8ee2e09f92baa,2,,Nao consegui fazer contato com o fornecedor para solicitar a troca. Veio o modeo errado do relógio,2017-07-11 00:00:00,2017-07-11 23:50:38
bad6a5d27793fde8cc5d214ea5cb1ffa,96eb9d1d1588412109dae29e68f86e86,4,recomendo ,,2018-06-08 00:00:00,2018-06-08 20:34:20
ebbc1cf5b811e7a6eb5032d0a05b039a,943980abcbc522eb49346398ee2594b4,5,,,2018-04-06 00:00:00,2018-04-06 19:37:47
ed362fadefe7e36c9aeb81ff292ba798,f9a56a1e02546f0d1baf56f282fa0659,5,,,2017-10-04 00:00:00,2017-10-05 17:32:57
ea1ffc972226c511516d05e33d35ba6c,d258d2c8bdc01ec0aa8a048d723bf427,4,,,2017-12-22 00:00:00,2017-12-22 19:30:09
084bbd00f0701136c68cdd5813a48de4,59bccab4e9193a9229f7d1b73fcb47c3,1,,,2018-04-05 00:00:00,2018-04-07 19:36:24
b4b5ada90c525bf54d28d2133f868b07,a024d7476a847e0453984eecb8be6076,3,Recomendo,Tudo ok,2018-08-23 00:00:00,2018-08-27 11:16:28
26602aef997b6d095672a4eff10d8ff9,e5ee38b54f1a799f6e122d67768cc1b2,5,,,2018-01-12 00:00:00,2018-01-12 23:07:33
9927df53e5a183f8e308ae683ad77655,ef631f2168b86a6efd53a9fdfb9d4699,5,,,2018-02-07 00:00:00,2018-02-07 20:48:47
49bdbcb2266a76900091f54ed2e24ceb,129538e4bc7308e9ab041540283813f2,5,,Muito bom....,2017-03-24 00:00:00,2017-03-30 19:30:13
a25d460bc81393a795dd32b3e7bf207b,34c27434e5c29d595d0398f19f461807,5,,Adoro comprar na loja ,2018-02-02 00:00:00,2018-02-03 11:01:58
10ed043a9d893d57d470ad0eb208b67e,97400d97515bc5f8457c78d57a53ee5c,5,,Recomendo,2018-02-09 00:00:00,2018-02-15 10:53:25
f2395ab617ccf04f0c89abfd9f0334b1,8624511aa767a83ed91a47c158320964,1,Informação\preocupada,"Minha avaliação ta sendo esta pq aqui aparece q recebi o produto e ainda não chegou em casa.Por favor, queria saber o q está acontecendo ???
Atenciosamente, 
Juliana",2018-08-31 00:00:00,2018-08-31 21:00:34
639d737f089c8db7b4f3fad9bc0063e6,c36722bf525388104790764a7917ca07,5,,Parabéns pela presteza no atendimento,2017-05-16 00:00:00,2017-05-17 11:52:14
6652e22f127527e2639c401c48da7922,a1c02a2ec3f8c8cbcc331d3426ad57bb,5,,,2017-08-14 00:00:00,2017-08-14 13:48:12
5916aa36ba691b7414bad28e12bdef9b,decf73db7f53552bc92e1720be4f0995,5,Muito bom!,Material entregue no prazo .,2018-06-03 00:00:00,2018-06-03 17:47:33
f20bbd142779aa576cabc302d65eae63,0f57f8c8546ce0d3837910801250d944,4,,,2017-08-25 00:00:00,2017-08-27 20:20:47
653ba0acdd44d5817cece9edb11262b8,a8b6cffc34d25d7c6dea874c364232f6,4,Satisfeita,Recebi o produto em bom estado e antes do esperado.,2018-07-28 00:00:00,2018-07-30 23:28:55
509dcafaeae00d95a643eeafc89856d4,181ff95f97fee531c4afa9e882186f18,5,super recomendo,"chegou super rapio...o produto eh excelente, vou comprar mais 3 pra dar de presentes.",2018-06-28 00:00:00,2018-07-03 13:09:02
381e5a0339dc771f17afe88250d4dfda,d5cdc053cdfd98fad4a2330ff501852e,4,,,2017-05-17 00:00:00,2017-05-22 10:02:31
43fd5a322f0f3cfbe2f09477c5ce8fa5,238652e39c5fdf89a8fd44776f532501,4,,,2018-08-16 00:00:00,2018-08-17 13:44:16
e3c99d7ada09d8ab54562e58160533d7,f888aadfaf9861131a6b24882e4c5ee4,4,,,2017-07-19 00:00:00,2017-07-20 00:02:23
ce90b620b5f241839e9e1113693bce07,1e0472c015f18d557d20db713af0f356,4,,,2017-09-19 00:00:00,2017-09-20 00:44:02
118319a7454d668a87bbf73fbe09935b,3cb894b9d2fb0fa0ba040e556b246c07,5,,,2017-08-31 00:00:00,2017-09-03 03:41:01
f25d2336346fc4fd7a60abe2240f8c16,cf40f4e7a565c0a50f13f0d95f3f3cc0,4,,,2018-07-24 00:00:00,2018-07-26 20:40:51
b5666f6f3ff0d12f933f6e97460aa9fc,0b3580bfab9b4aa7c6b53769a4ee5189,5,,,2017-07-05 00:00:00,2017-07-09 14:34:03
7e3d5fecebbc26b074f4c1f3c71c7de5,f7361cf43f37fb3e52d766023b2a2205,5,,,2017-05-28 00:00:00,2017-05-30 15:00:45
6108bdbfd2f8e0a8d10ea52e834051a6,1570fe1d14badec761d75ca93916bd6a,5,otimo,recomendo...,2018-06-08 00:00:00,2018-06-09 11:44:24
b8308e1a2f6c61ff253c116183aab14b,395cdd6553a4735ca1839ba756f6fbaf,5,,,2018-07-31 00:00:00,2018-08-03 16:51:08
165bef5979bc57501c6acfa72d8cece6,4cab646fdec6d36f60c2febb8a595b8e,1,,A nota fiscal foi emitida no dia que deram de prazo para entrega. Até agora o produto não chegou!,2018-02-18 00:00:00,2018-02-20 10:28:04
488f5ad66f112743c91ae61731522375,5e3ec924bc1a1f3793e12632c2b2f85d,1,,"muito obrigado
",2017-06-24 00:00:00,2017-07-01 16:03:54
aa193e76d35950c4ae988237bb36ed2b,cf73e2cb1f4a9480ed70c154da3d954a,5,,,2018-01-18 00:00:00,2018-01-18 17:36:45
73d9821739602509f6be35c5baf5a6b2,efab4aff7807bb9194a9f4f434820161,4,,"Apesar de ter demorado mais do que o esperado, recomendo a loja pois o produto chegou como esperado, creio eu que a demora se deu por motivos do correios.",2018-03-30 00:00:00,2018-03-31 12:07:52
3345654595456eae69d47e727b3aa59e,33a2d5e5c1eda20e8a1ce9445bec4086,5,,,2017-10-26 00:00:00,2017-10-30 21:25:25
b3e541365f5f262467b8ff6c47c4b906,d995bfa6db04d756cbb7368ad277887e,5,,,2018-08-01 00:00:00,2018-08-01 20:39:13
31e7f167400b4df03be41e69617ba0d4,6d37c6659de0183777f4035151bd508a,1,,Ainda não recebi o produto nem nenhuma orientação sobre o que fazer da loja,2018-04-19 00:00:00,2018-04-19 12:01:44
3fc841f85c8ae312683275fa89b1f34f,42889cba53a791dfa45f24d62019a521,3,,Excelente produto ,2017-12-24 00:00:00,2018-01-01 11:29:16
16be3a9b567301e2d31afb89e28d6251,22d5102a394ed953c1d0de4a702a5f9c,5,,,2018-02-24 00:00:00,2018-02-25 15:33:28
66b994e29ad2545df76fd8fb2bedbe6b,74d882fe8bdccca5952fbe23321ecfa7,1,Passou o prazo de entrega,Já passou o prazo de entrega e ainda não recebi o produto.,2018-06-09 00:00:00,2018-06-10 00:16:39
f84cf1ac03867081ae7fe2b54d87cd97,22ea5431233830227f077473a051d55d,4,99,"Foi entregue antes do prazo, continua com este ótimo atendimento
Abraços",2018-05-19 00:00:00,2018-05-20 12:06:23
7561e9627b480c44f49ed03cfc2bc14a,c9756139ee937be234c1aafe31b8722e,5,,,2017-09-25 00:00:00,2017-09-27 20:00:00
e5d83c519c93f6b54532ccbe860a3e89,197d48bed0d9f4a71682dfc048409b59,5,,"o produto chegou bem antes do prazo estipulado,super recomendo e vou voltar a comprar novamente",2018-04-04 00:00:00,2018-04-04 22:59:39
a930a3f9b8c51fa9f1d04a1acd073392,3ec8d477ad3b18290ba325fecaf053f3,4,,,2018-03-09 00:00:00,2018-03-12 12:08:12
acbed469c0dc194ff0223099d5e11453,32dad65c7c23a695894f80922d9299ec,5,,"Entrega e produto ok, recomendo!",2018-03-14 00:00:00,2018-03-15 11:37:25
9af3df24d1eb0c3b6b0d10273035af73,4da1780a79ddb7340ed2081b6c035d2d,1,Não recomendo,"Achei o produto muito leve em relação aos modelos antigos. Ele é completamente feito em plástico, entenda-se, uma ducha corona mais potente. ",2018-06-08 00:00:00,2018-06-08 20:41:34
b81b6fd1169f65bd6eb77802ae8c30fd,f31cf521d461f5b8b5b1456a0448495e,1,,"Comprei dois pneus, paguei dois pneus, pedido efetuado e pago de dois pneus. Recebi em casa nota fiscal referente aos dois pneus, mas só um pneu dentro da embalagem.
Aguardo posicionamento à respeito",2017-06-08 00:00:00,2017-06-08 11:35:02
55f32b238c2aa1ddb73646ed0db46ff7,4d1520659b160e48900f017af350bfb1,5,,,2018-05-15 00:00:00,2018-05-21 10:41:05
8fca97544a1d5a56a7077b1b9f9c6df7,e58fb7bfd033514475ab0883ded704f4,1,,,2017-11-15 00:00:00,2017-11-30 14:37:47
6689aabfeb781e9fc59aceb91b5de579,df410b19c3e348fb548ae68badd49827,3,,so demorou um pouco mais valeu,2017-01-25 00:00:00,2017-01-26 02:28:29
f815b446699c5364a8703dd69f0bc278,b5a892962efd7d07db86cf0eee45fdff,5,Perfeito,,2018-07-15 00:00:00,2018-07-15 03:45:04
8a6cb6a769a18d9a920b7f812bc68404,4625faca20a0183173ecfee87d9f92b7,4,,,2018-03-30 00:00:00,2018-03-31 17:08:24
2503e3803e873bd4808ab1019fba46f9,fc699344c004d1635c1e3a27f707c8b6,3,,,2018-06-09 00:00:00,2018-06-10 22:06:31
84924adba5247ddfbf4c8553fbef949f,6810c2b3b3587a83d4af69dcb68295f9,5,,,2018-04-27 00:00:00,2018-04-30 13:24:30
759938330d991e182c296bae42de3331,760209837cc5c577075aeb32eb2f219f,5,,,2018-08-19 00:00:00,2018-08-20 03:00:28
99ba5efd7bb4bf372203323c9d2481ce,64cf1005615f1de47bc3715fd74f95cd,3,,,2017-09-22 00:00:00,2017-09-24 00:23:28
025e7989212b48834e8b5bde1fdffdf2,d30ebaf399ed0c5ec1cc71ed36c0dd68,1,, Tudo de acordo com o combinado.,2018-04-05 00:00:00,2018-04-08 14:47:58
41c52a83195713e43dcc951630433f9e,fa83e155dfa5da681c4754559e6d1043,1,,"Por favor, reenviar!",2017-06-15 00:00:00,2017-06-21 15:16:42
9282abfe58d78e52d913d724d12c6547,492e8ed750e427ec9d97ca8d4d4eb69c,5,,"Boa
",2017-02-15 00:00:00,2017-02-17 22:55:10
1f9a43cb98259a2e56373364159adb4c,5e5e74b102f501b1f57aa7ee1a7b84de,3,,,2017-10-24 00:00:00,2017-10-27 01:11:25
f436d913b24e86f7520f537fc803c88b,039ff75de38e514eaa8ffb2618d5227e,5,,Gostei muito. Recomendo!Produto de qualidade e entrega rápida.,2018-01-10 00:00:00,2018-01-14 20:16:38
03943775c3690d08e4cce3d5198fc2a4,d8c15550aee132ffe4ed54c7da238e35,4,,,2017-05-24 00:00:00,2017-05-25 00:22:07
287ad282a167c89fe196978cee506bd3,005a1dded353107dbabf8ffc83a20365,5,,"Excelente,bonito e ajusta facil no braço. Nao é grande, tem o tamanho ideal e muitas funçoes. Super recomendo.",2018-03-03 00:00:00,2018-03-06 02:11:43
5a99d3776c60fed50da181fb9405de35,ef43d5664bd1ab24fd6b38b5a8ca3cf6,5,,,2017-12-12 00:00:00,2017-12-12 23:58:46
f4dfedf4b8e312a368ff090dcbcd53a6,ccce262c4b1775baab94c62c954014c8,1,,"Boa tarde, pedi 3 gorros mas só recebi, é agora que faço?",2018-03-23 00:00:00,2018-03-26 19:41:18
3311a20995d9f17e305b7f4c4a667a8f,4211e9c52967c6118ba50e4efde875a5,5,,,2018-02-02 00:00:00,2018-02-03 08:22:41
8166812f4ad9f370eae219ef5b914c3c,bfd57b73f299e0d78761611486a49de9,5,,,2018-08-01 00:00:00,2018-08-01 22:12:48
5b2781e2cbe2e115d25f8f4012bd3751,9b696fcb8112df3f6719a6a1e5648e2d,5,,,2018-04-05 00:00:00,2018-04-05 22:52:38
82488e45d588d3618444484d99baeca9,b10b53f757455227e8b972cb1faba733,4,,,2017-09-01 00:00:00,2017-09-02 02:07:17
228d42d59bab8eb598ebb9adf6335bec,699787f56da4a1d2e5ef4ac575681986,5,,,2017-12-29 00:00:00,2018-01-03 00:54:19
88620f09a36d9fad9c440b50b2fa3e06,ae9e1b5ea01b4df2adbf3d1db769704e,5,,,2018-08-07 00:00:00,2018-08-08 01:23:21
e502a760dba743f9529f4619b1b27f60,889e1d99762dd368ffbc599fca39bb91,4,,,2017-09-26 00:00:00,2017-09-26 21:53:23
ee1323bbd07c190c275ca217872171d0,af6abe9c52e60044f9a708a55cb9b189,5,,"Ainda não instalei, mas gostei do fornecedor ter ligado para confirmar se o era para gás enviando ou gás de botijão... Evitou que o aquecedor viesse errado e conseguiu ajustar o pedido para gás GN...",2018-03-01 00:00:00,2018-03-03 23:07:48
5ac7c61eb91e5f9376568f3e24047e74,dd1341091b6a6b619079944b4aa45eb7,1,,"Muita demora para avisar que não tinha o produto, venderam o que não tinham, demora para devolver o dinheiro, absurdo.",2017-10-13 00:00:00,2017-10-15 15:05:55
938a61beb270ef1e023813b73378f65a,0f121110b75ef7c38c79d67833c49830,4,,,2017-10-11 00:00:00,2017-10-11 23:26:20
83fd11bf4165b019cad01e2c4f2db687,0337e9398b087d93f41230ceb2410b50,4,10,Ótimo ,2018-04-28 00:00:00,2018-04-29 11:04:35
e8ea3d83611914b5a445adbdd5c37072,0715dfcf2383aa72c181d8b47f6cb589,5,,,2018-03-10 00:00:00,2018-03-10 20:42:13
cff1ea52d9752ad057a095ff8b58c08d,6ca34a7e19802d00261e550467a965c8,5,,,2018-01-04 00:00:00,2018-01-05 09:49:04
ee2d30652e2f7fc00861074f795f5bf0,0d3268bad9b086af767785e3f0fc0133,5,Excelente!,"O produto chegou muito antes do prazo previsto, veio em ótimas condições e muito bem embalado. Recomendo!",2018-07-06 00:00:00,2018-07-07 18:48:09
6a692d1b9c31643443fa6d2a87750e52,12f3c6723ad757676360f2b5bd8ce007,1,,"Tive que cancelar o pedido, pois a empresa entrou em contato e disse que não tinha como efetuar o envio do produto... Uma situação um tanto chata, você paga, espera e depois de dias tem que cancelar.",2018-02-22 00:00:00,2018-02-23 02:18:02
813220b56ffcbf145779ead1899c55c8,37d4f4fa2c96f2b37291fbb0e85ff90e,5,,,2018-03-23 00:00:00,2018-03-29 20:01:55
67a5dcf88b21058c69967d5331119381,cefe2d9b76da44f395498c94f7f516c7,4,,,2017-12-21 00:00:00,2017-12-22 00:58:25
254678842ac8b22cf557b91105b760e7,46c820acb13d40759d9cf3941fb7a47d,5,,,2017-12-13 00:00:00,2017-12-16 14:08:40
633da4eed7dc9d1bab50782537ae3cc4,50d8c54f968d5b38446e26e018dc89c9,4,,,2018-01-19 00:00:00,2018-01-19 21:50:23
5a61a9f35bdb41a247718ae2484867cf,7fc930983a4062abd3407e7d6a0141a5,1,,a Entrega não foi realizada. ,2017-12-14 00:00:00,2017-12-14 02:51:17
ced99d6e885b706137896741547cdc71,ad366003d331bb0eaa77c1efc5570657,4,,,2018-01-23 00:00:00,2018-01-26 09:21:29
f7a9643ab887fb628f0fbce74d3943f9,fcea4bf64c9d15bef64a683ae2243e35,5,,,2018-02-27 00:00:00,2018-02-28 17:58:41
05a03fade0fd026f6c60eaf6fdf4e9c6,9036c3ce0a28353732668a2822a0a1c8,5,10,O produto chegou antes do prazo determinado,2018-06-20 00:00:00,2018-06-23 08:26:38
eef80d182614e11838540dcfd2c03779,062b1b23a7928be5abeb406e5889e08e,5,,,2018-04-27 00:00:00,2018-05-03 11:05:40
c0c0b975da1af7dc205e7e35cec4e7d3,6289ee54f79f145b31d94596c21ff419,5,,bom produto no prazo e embalado,2017-11-04 00:00:00,2017-11-05 16:07:02
4a4dbc511d64564b81992388d7852e43,a967b2911a10315ea9e93191515fad0c,5,,,2018-01-27 00:00:00,2018-01-28 00:43:35
81ed2023b3dd23a2e0e762cad1617d93,a7d73128b7dc2644c342e7495ebe8e3f,4,,,2018-05-01 00:00:00,2018-05-02 16:08:31
5d321e1c68400d4872b61c4671861a0e,36252698cf1f3b91960c60cb2524ae78,5,,,2018-06-19 00:00:00,2018-06-21 21:26:05
4c44973038c8fe3b43c613b1b48f0886,771760302216bf4e6a1e0a9e6379583f,5,,,2018-06-14 00:00:00,2018-06-14 20:12:40
010bbc0130dafa459ccd25d2bcf82cdb,b653d11a2d36e5f0ef423e03e28e7682,5,super recomendo,Produto excelente e otimo atendimento!! Muito grata!!!!,2018-08-10 00:00:00,2018-08-10 23:36:34
120dd78453e45befe447687fe333b7bc,34ce0ca85ae4e7d8cad0c61a10236321,4,,,2018-07-24 00:00:00,2018-07-24 17:50:41
bf2710a8f9f13fac97a257df966f55af,26bb5de8af735f6720c8ed5eba9c0e9c,5,,,2017-08-12 00:00:00,2017-08-15 19:41:02
f698859b8d976b9e85f380bb9be3c61e,a72251c0fe5a71feaa94ae55c2257e0d,4,,,2018-06-07 00:00:00,2018-06-13 19:16:30
acf97a6a9e69ba14150422de35fd5afe,da792ccf2fb581023240f57c7ad5c14a,2,,"

Pilha Recarregável Kit 4 Pilhas Aaa 2700 Mah 1.2v Ni Mh",2017-10-20 00:00:00,2017-10-22 10:40:58
85917381d01000383208201c82d05739,34ac92bbb6413e7f6efd32aa6a30fe37,5,,,2018-05-19 00:00:00,2018-05-21 14:27:08
c1db6daedbd1c6acde2667ee4a314371,2833a1c17a4948451b9931c440440fc5,4,recomendo,"O material é bom, o problema é que a bolsa não fecha, não possui zíper, é como uma sacola. Isso me deixou insatisfeita, pois na foto não dá pra perceber e não há informação ou foto interna sobre isso.",2018-05-06 00:00:00,2018-05-07 17:43:27
abf61b99bc7101baaae96052d4a64519,89ca1c6fae0e21f0395c0e3b1d89914e,1,,Produto não chegou e não obrive resposta de nenhuma das duas solicitações que enviei para site da lannister e nem da targaryen. Aguardado resposta.,2018-04-15 00:00:00,2018-04-16 00:23:36
65895b807ac5dfe062c82400b3f210b8,f395e98fb5c1c6ce1306e80de2fe125b,4,,,2017-04-20 00:00:00,2017-04-21 11:31:32
a008729bde516f9e5bbc4c2e3c5fffd6,3c5261ee6c155b81e82cb5cdc60b045f,5,,Compra fácil com entrega rápida.,2017-07-25 00:00:00,2017-07-25 23:26:02
1b0cc1fe715ce0bbccfd4d3443a5e97c,51c86c4487b86a4e4cb8eeec8618de9c,4,Otimo,Produto entregue ,2018-04-26 00:00:00,2018-04-26 12:56:00
cec1b824b214f60adac219a4c54b1a4d,575cf745e50a19f7d43cb7831c5c76ed,5,,,2018-04-11 00:00:00,2018-04-14 09:54:11
02c2e703ac1ec44d3e84d8479670868e,455283c5e3bdcef4ead05938fa665e79,1,Péssimo,"Relógio mal acabado e frágil, qualidade muito ruim, parece de barraquinha de camelô. Não vale o preço de jeito nenhum.",2018-05-23 00:00:00,2018-05-24 02:07:44
b0846e798e7d1ee0485f77020b5c242f,23fd789ce06f3c54f212b3b9d358579f,1,,,2018-03-24 00:00:00,2018-03-24 15:24:53
5debee958428b781c950371b4121e80c,90afb8151d6aca71ae7b52a029ebc165,5,,,2017-11-23 00:00:00,2017-11-23 17:28:38
0fdb93c96bcacb37101b6c9c0d887a51,7ae297a5353312db3c47746c3b1a8527,4,," O meu produto não veio conforme a compra,faltou um item. (planilha de avaliação). ",2017-12-06 00:00:00,2017-12-06 18:40:35
b89feb4ce63d0237871eee01d22cd009,e33cd806dc139902dbd4f1e2bb2d1775,5,,"Eu estou muito feliz com, os produtos da loja americana, pois tudo que eu comprei chegaram no prazo. Estou muito agradecida.
Obrigado loja americana",2018-04-24 00:00:00,2018-04-24 18:43:22
693d2c0172b28a418ccf4d8cd8180a37,99c8af04316c292e23ca57d8917db2ad,1,,não recebi as mercadorias até a presente data nem tão satisfação o porquê da demora da entrega no processo pós-venda.,2018-02-10 00:00:00,2018-02-19 15:24:32
5c464b51434a6c2aa4e22721b5872ff6,88341acc29a62edca27bdefc22a97670,4,,,2017-07-11 00:00:00,2017-07-12 12:56:16
3d0eaebdafb0fe5ab9c03c628cdfcafa,9afd8793167c97876e93424de3f01498,5,,produto otimo preço bom e entrega rapida eu recomendo,2017-08-15 00:00:00,2017-08-18 14:51:33
b3620d79edb079316c54935ec063c5fc,b0ab2270e1963a7e70de3b7b433bfc2a,5,,,2018-01-20 00:00:00,2018-01-23 23:12:27
b1cbbfc3693531af8025c75c670b8232,c2673706bb89f4fa18b1837c6dd088e1,1,,,2018-04-19 00:00:00,2018-04-21 17:25:06
6996e4ed06e237f64c125d1769c5b676,9c9036dccc18ec72597a1abafc18d3b4,5,,,2017-08-15 00:00:00,2017-08-15 23:44:37
4f8617e63b7edcc271f2f2cc5e553e28,e422e79c353461906ac09d654bd28ad7,1,,Produto não entregue,2018-03-29 00:00:00,2018-03-30 17:22:05
55db7ce9dbdf83f96111351e34c89259,a584b2acfafd53fc605e76baa4a5cfaf,1,,"As pessoas não conseguem contato. Inclusive estou indo atrás dos meus direitos como consumidor e por estar me sentindo lesado. A pessoa a qual comprei a mochila, está levando com saco plástico.",2018-02-28 00:00:00,2018-03-02 04:48:31
9b6c54b01b3b3fb7df80e777e74a689d,d62c659d70b5d48e0533f60fc47d6791,4,,,2018-05-23 00:00:00,2018-05-24 01:00:21
fdbb53b52d6cb0ec569424e96f7bfd03,2780526e7e2cab327faf72d4ed3d2b5d,5,,Gostei muito do produto. Chegou bem embalado e dentro do prazo. ,2017-12-12 00:00:00,2017-12-13 17:10:26
37db5b458ea72ee2318eeea4e077bc47,bec18cf4e07d7c422cbbeca1ba9573f2,2,,,2018-07-31 00:00:00,2018-07-31 21:07:34
d2d106baaa8aa76b7c7ec332dec7f657,d5f84dc76f08b7d977dc77f2e0e8fbec,4,,,2017-12-04 00:00:00,2017-12-04 20:09:12
8d54361a91a8814ae02fb630f5779bb9,86ea637df14082deeadd7600d8c3ca98,4,,,2018-07-29 00:00:00,2018-07-29 15:36:29
bcb18b28fb1698977e6e80d71c6f5d5d,ff3a6dc71d198630c018885d4049ef6b,4,,,2017-12-07 00:00:00,2017-12-07 18:41:24
f26e96eabc492fea5dc8ba7626c0dd77,d1c2348d6bb4417cb581eb1d530ae66c,3,,,2017-06-22 00:00:00,2017-06-24 23:43:13
e08ac0b6ac991fb706fac167b59ac898,ec2a8c52ab5037c04553f10bcaccd971,5,,"O produto veio em ótimas condições e antes do prazo estipulado, porém o único mal entendido é que no anuncio ele era Branco mas, veio na cor preta. ",2017-03-29 00:00:00,2017-03-30 01:39:46
3badca346615dcff87d612944aca79b8,242e24b7eaa9f48cde9d679f8591124d,3,,,2018-05-12 00:00:00,2018-05-14 20:30:46
ea06213fafdcc76cc3bd0ce40cf5bb7d,95e6053477d7169c64e6a34a3e329cb7,1,Não recebi e foi cancelaf,,2018-05-31 00:00:00,2018-05-31 14:40:18
56c7e8550fee2d451969534529323d64,450c38e2c35be1d12fb07ad8c2432ebd,4,,,2018-02-20 00:00:00,2018-02-20 22:49:21
ab5669522df8553f40ca6cf103bc8081,90c086a01b85684eb03d4f7b99d95501,5,,,2017-04-06 00:00:00,2017-04-06 16:14:48
065183cbc0814c827f36d39530d67613,c49d07f9806a006e5b310764f661e911,5,,,2017-05-11 00:00:00,2017-05-12 01:11:28
92490fc7dfcfd1df3965634767cffc3f,22caa724849d26dec4cd73ffc70bc133,5,Otimo,O produto veio exatamente como no anúncio gostei muito obrigada,2018-06-29 00:00:00,2018-06-29 17:56:30
3d547106e52864f3948cb02f57b1b5fc,efa2e42246bfe580af1b33ae96edc78b,5,Exelente,"Já uso esta pastilha à algum tempo, ótimo produto.",2018-08-09 00:00:00,2018-08-10 11:08:41
1688de133e4711920d31e5b326d2a0b0,64619901c45fba79638d666058bf6be6,5,,"Este é apenas uma parte do pedido.
Falta enviar o HD",2017-05-25 00:00:00,2017-05-28 13:31:40
808a3c0213477660e0a6e83f485ed40c,ba6ef427eddcdf12922391f524c053aa,5,,o produto ainda não instalei mas a entrega foi super rápido,2017-02-16 00:00:00,2017-02-17 12:33:05
73847c60cc6ac5907a19cb4195bd7dc4,b6b01d3d01c6df1ff950084e0f9ec7f4,5,,"Produto muito bom, gostei!",2017-08-08 00:00:00,2017-08-08 23:55:53
ce442737af69f46ce3474a5e864c8494,263a9500469f59675e1b68ea13bc8b2a,4,,,2017-10-22 00:00:00,2017-10-23 15:34:17
30be2b9bc6bb32324fed2b589f427790,a42738f16ac41ee9a00fb0508283dd15,1,,"Não veio o produto que eu queria, veio foi outro produto estou chateado com a loja gosto muito da loja lannister mas dessa vez me chateou",2018-04-26 00:00:00,2018-04-27 00:40:04
3f1a74622dd62a78429b1d7ec30ff1c8,ed965f5b2d371fefa5afc3ded3835a0e,5,,,2018-02-22 00:00:00,2018-02-23 13:05:12
34d5cdc76f6a0a4e6a49c0e74cae400f,9b91ddcbd6cbceb83d4fd2462ca1f95e,5,,Recebi antes do prazo de entrega informado e o produto veio devidamente embalado e com NF. Recomendo 100%,2017-01-17 00:00:00,2017-01-17 12:49:22
c4e166529e6ac120209fac3f13750304,acc128e9293460781736208a647dd87c,5,,,2018-02-15 00:00:00,2018-02-15 21:51:11
9ecba2bd2fb12d3ed1792c13b63eafce,b08e0b030ec3af9bc4ca51134a0bfced,5,,,2017-07-06 00:00:00,2017-07-10 11:42:34
b85b90967750254d4579c7d06353dbf7,1073c39f7b5d5091bb6dfd342d1f4be0,5,,,2018-03-23 00:00:00,2018-03-26 02:12:12
ac67906010be5e19d0ec8a9feb7a844f,5d2360b577af310633223b53506dcfaa,3,,"O produto é muito inferior do q demonstra na foto. Esse tipo de produto ""depõe "" contra a americana. Com ",2018-06-30 00:00:00,2018-06-30 22:41:10
a66d3c06f6b4382ee6c1e025992d6455,64ae8cf0e642cc174881a66391200acc,1,,a loja em si não apresentou problemas porém houve um imprevisto com a entregadora (correios) que atrasou a entrega e acabei por pedir o cancelamento do produto por motivos pessoais,2017-12-16 00:00:00,2017-12-17 01:53:25
68f52eed810dbf29cdcd087c3a7321f7,6286969c45053d1fd12f25d712734b67,5,,,2018-01-31 00:00:00,2018-02-01 00:27:47
642cb84c8284cd83039d200377f488ba,4576179bf61955429e5ddf487e7dbad7,5,,"Produto excelente e entrega rápida.
Tudo de bom!",2017-11-25 00:00:00,2017-11-28 19:06:43
a1cdd61d328c81c1a4e2418b8ee02288,414fe5cf5ccc8afed3c265aede6cc37d,1,,Produto nao foi entregue. ,2018-02-16 00:00:00,2018-02-16 02:46:50
17a9db7a9e16ea64d6f4f913d851c062,99732cdec64edc7e27f1a79ca75c8b75,5,super recomendo,"me entregou com 8 dias antes do prazo, excelente ",2018-05-15 00:00:00,2018-05-16 12:27:50
7f560b419fcc190e16cb86dd2dc49348,6ce893d804dc1a09876e09ef2537b8f4,4,,"Leve parece plástico mais pelo preço compensa
",2017-12-05 00:00:00,2017-12-06 15:54:55
cc579434b2ea3b8f4c575918420dae53,8f9b2d4a6cd80dc716a380365561a133,5,,,2017-10-20 00:00:00,2017-11-19 15:31:16
181558c031e9a0df40cee5e873eb379d,00f6ac4816d12f49026b09f2aa77d15f,3,,"BOM ATENDIMENTO, FACIL DE COMPRAR ENTREGA RAPIDA.",2018-08-14 00:00:00,2018-08-14 20:35:57
0a77c5df3e0e7404b09bfa70ad2fd95b,7b8ae8132da20b7b6f709b2d5fcd78c5,5,,,2017-12-04 00:00:00,2017-12-06 23:45:50
5e854075455ce3320aa53a11dfca352d,85c9164bed6016c63dab9cde6887f37e,4,,Bom custo benefício e acabamento. ,2018-02-23 00:00:00,2018-02-26 22:23:32
297fc4b1c429bac6ae8f42d37a486bfd,47bcc66b360244699053868c95917bd7,5,,,2017-12-01 00:00:00,2017-12-03 20:40:21
f25910172cec8625caad2d0659c9032d,0229bc966620f05d9d8fc29c704aa6ff,3,,,2018-07-29 00:00:00,2018-07-30 18:29:39
08731db8b3098c0c6ab00534b86bae91,b18c7057bf0a8cf25032b7dc0a680796,5,,,2017-10-07 00:00:00,2017-10-09 16:58:00
b1fc5b2f18ceffcdd42e2df0087d5a64,eeb395f21c0508f1593722cd5058462b,4,,,2017-08-09 00:00:00,2017-08-10 09:36:39
6d28b1d287d7b62166d2f50411d78c50,8054d343a41978d8c122045b28eb5e00,5,Muito bom,Gostei do produto e chegou antes do prazo!,2018-08-08 00:00:00,2018-08-10 15:25:42
0232421580625d7f28addcba03b40e3b,820749211528f2ac3c371469c8dcff94,5,Ótimo ,"Produto ótimo, chegou certinho e um detalhe , sem risco , td nos conforme ",2018-08-04 00:00:00,2018-08-05 12:05:37
3322460564fc8f370b077b7e49d733ad,b75ec2d4ba9e40634c65c4b6be946b6c,4,,Veio super rapido excelente,2018-08-30 00:00:00,2018-08-30 23:16:48
c6d9eddfe7f8eb33028b8c830b31328e,5732c4d32ae81ea346107cb61aa2061b,1,,,2018-03-24 00:00:00,2018-04-07 01:12:41
61ceeebf64f061bfc9f2068b5c1e1597,9f775377f0750b17db861c49f3bcc8d6,5,,muito boa a empresa que entrega,2018-06-10 00:00:00,2018-06-10 15:30:43
399dc2841960d663c76f5e57f831e115,83ff9791592c2639213863eb5f08b1bb,5,,,2017-12-21 00:00:00,2017-12-28 12:40:41
c2cafb89ecf5d3513cbbd90126f77771,37792549e9a1606a574bb4a8aa76136e,4,,,2017-12-05 00:00:00,2017-12-05 22:57:18
3a042894853ccc7ef4136a1eca883981,1170def5f575ee492231108cb5185570,1,Entrega ,"O produto não foi entregue, retornou ao destinatário há 15 dias e ainda não me procuraram para devolver o dinheiro, não consigo falar com ninguém pelo sac",2018-06-01 00:00:00,2018-06-19 12:42:07
c0dd6bec0375c376f044af102118526f,f5dd62b788049ad9fc0526e3ad11a097,5,Entrega super rápida.,"Produto novo, muito bom.",2018-06-29 00:00:00,2018-06-29 16:26:37
778a5b297ce32bfb9470a294f18b8f3c,f8033eab5248939afe7fa7feb4ac4866,5,,Muito bom produto,2017-11-08 00:00:00,2017-11-08 14:30:47
d333646610d54ca6f003271fe92f8bb4,f9a799d2f679685212cad64ee906048d,5,,Muito bom o produto! ,2018-03-23 00:00:00,2018-03-26 13:02:29
728dfb1d28a9ca228ddcce273a1a6cb6,8a6b47967a3590fb66d3b0a503b7e155,1,NÃO RECOMENDO,"O PRODUTO VEIO COM DEFEITO E NÃO ME DEVOLVEM O DINHEIRO. CANCELEI O PEDIDO, DEPOIS DO RECEIBIMENTO, DENTRO DOS 2 DIAS UTEIS E ATÉ AGORA NÃO FUI ATENDIDO.",2018-07-27 00:00:00,2018-07-31 13:26:09
467e668b373b6d2b4db646614ec66039,7a8adf1b52b8d3c0735699f5708bf513,1,,Boa noite. venho por deste comunicar que recebi apenas o bebe conforto. No ato da entrega faltou o carrinho. Preciso que resolvam o mais rapido possivel. att Alssandro. No aguardo.,2018-03-14 00:00:00,2018-03-24 00:31:49
10d344b9b666fae23809e61096668f53,a7423cff9cc4cf6f1d6b749fd95d2aa1,5,,,2018-03-09 00:00:00,2018-03-10 01:04:01
0e249472bec47b0c4b88a8e8bfa8d241,7b994fc7c7528d2098eebcb19d18ce7e,1,,Deveriam contratar transportadora e não correio até o momento não recebi minha encomenda ,2017-10-01 00:00:00,2017-10-01 04:07:46
4de93dac8f790551d2d807e487032572,0d66368d8615f7b306db970f3ba475ee,4,,,2017-09-13 00:00:00,2017-09-14 10:32:16
248ffdbce5c6e3b613a7e0be0fd9435a,dcc0ebfe0fa59c24fd859aacb8e1f2e9,5,,Eu recomendo lojas lannister,2018-03-27 00:00:00,2018-03-28 00:01:54
632db7ca1c17e61349a00d2762357240,1d8a6b3b4362492f06a5da27121fd530,4,,Produto excelente recomendo. ,2018-04-20 00:00:00,2018-04-21 18:30:14
3bb214e8d410c114837da67ab75165f7,37e0ffe09382d012cc039562b646689a,5,,,2018-02-01 00:00:00,2018-02-01 22:48:22
733608b355581c3668cefd6d283180cb,237ad2054a0b3375cc64b6a7e6e08683,2,obrigado produto bom,"bom produto , vou ainda fazer o teste da lavagem ainda ",2018-06-12 00:00:00,2018-06-13 16:45:02
04cd76cca1bf536bc91637aaa249e588,f1212e6a9a3c4bb982fa155936732fc4,5,10,,2018-04-26 00:00:00,2018-04-27 14:46:54
c2987a239b0d98d208167a564f480266,d2f6f1bd3f3261623c3a807d0945bbd9,4,,,2017-07-14 00:00:00,2017-07-18 21:27:19
5e5b48663d332dfb794beaff3f0e7867,7dca7e268d48febba328f16ddec37584,5,,,2017-09-12 00:00:00,2017-09-14 01:53:33
801c0bdd7a66663ce656105ddd3ad369,bb2481cfc7467d4d8ee14699270dd7e8,5,,"Entrega antes do prazo estimado, ficou muito linda no pézinho do meu filho.",2017-06-27 00:00:00,2017-06-29 11:26:19
e83c6ce36bc7d44ccf4006058221d9b3,fea37071a9fe1444fc1ed7f316b68478,5,,,2018-07-07 00:00:00,2018-07-11 21:51:03
81a5e31cb7b1810377526db18d248463,34445bc5a6255519c1d230b2231eeb63,5,,,2017-02-17 00:00:00,2017-02-18 15:44:53
71f529ca41184f765cc82333ab77c9af,1f2b13f5168b0700a870188e1e72fb1f,5,,"O relógio é muito bonito, um pouco maior do q eu esperava, mas adorei assim mesmo.",2017-10-05 00:00:00,2017-10-05 17:01:05
4bf97d8be049123207f44202f1f9ed38,3dce4634061e7ca468efb0460a7a37f2,3,,,2017-11-23 00:00:00,2017-11-26 02:03:41
00359b57348e32f42f35ff40257cd0e5,6f211f55f5d2168a3c9d8c60e6a89c3d,5,super recomendado,muito bom ,2018-05-18 00:00:00,2018-05-21 15:47:15
44bc54254723d2c4a41c7c3e02c5efc5,b5968d622fd956659480afc3320a104e,3,," A balança digital é bonita,porém não calcula com precisão o peso corporal!",2018-01-28 00:00:00,2018-01-28 17:38:30
27c91b3139e08898fe73608714e2b1aa,10016b700b98966403aafded9f2e168d,4,,otima loja recebi antes do prazo,2017-12-13 00:00:00,2017-12-14 11:21:44
7e3e9014750733de8c809b6cea8988b7,b6718d42f2393bde8ae9b32034d0384c,5,,"Empresa de confiança, mais q indicado.",2017-09-13 00:00:00,2017-10-03 01:58:03
bfbf4b17684cf0b2dbc7a48dcd406252,6b6de07ee5e837bde4aead95e9891f0e,5,,,2018-08-01 00:00:00,2018-08-03 23:54:34
053202adeac6b58667fa55e069b16f8a,b539f51f7cf6a9c1a871d2bb898cdd27,4,,,2018-08-23 00:00:00,2018-08-27 20:54:03
670f2cf9a839fe211089521400a469cd,1852db4cb1cd327502f1deb0b4285b54,3,,,2018-03-02 00:00:00,2018-03-03 12:18:02
43da29b6435b6dbedffd2143af9d08d3,d4de0ad9ddefd13e60191fbc49925dc5,3,Bom,Estou satisfeito,2018-07-26 00:00:00,2018-07-27 09:29:00
be85ad4dc7015528991b25325f6ab5ad,914b9f8c467264d57ba0df4ee274dd0e,5,,,2018-02-12 00:00:00,2018-02-12 22:28:37
3a57511cd8fb19c7877e59e82cef13ed,f9d5cc83106322c8781e4cc0c0bce572,5,,,2018-01-16 00:00:00,2018-01-18 06:45:23
bb3b79a438775aaf55fba02bdc8b82f1,b72bd7bf1e84a4cde235a7ffcc7542ca,5,,,2018-06-15 00:00:00,2018-06-18 18:45:47
08ec98a01d702afc8fb1ed605a2f7a6a,659931410d19a914a52ca0a46bc7992a,1,,Antes do produto ser entregue eu pedi o cancelamento da compra. Estou aguardando o reembolso. Obrigada.,2017-12-03 00:00:00,2017-12-03 11:12:27
e6d88085552942976649fdd9ec41761a,4e4bcd8837ffdbe350288d7fa0948c01,5,,,2017-09-21 00:00:00,2017-09-21 21:52:53
b24192f1d214888dbd7ec5a908d9df03,d8a0ebd040a2059ee8dbec7e4055b927,5,,,2018-04-01 00:00:00,2018-04-02 15:39:27
55466d420814a65da21f300ba70bcbe8,04127548fb3634e50ad03765c05cdc68,5,,,2018-02-07 00:00:00,2018-02-09 11:46:24
3be88530f5492f7ed949337764aaffda,6440501490dabcc13bc292e417ca410c,5,,,2018-07-31 00:00:00,2018-08-02 16:16:39
b0b59a29be475f376f8aabc18853b669,b6ec449b625527c7375b5d1801d19818,4,,,2018-04-13 00:00:00,2018-04-16 14:05:53
b6c09b5e7c55ec8e617841c80e5748f0,a11e916995a120fce0b1528d2555151b,4,,,2018-05-17 00:00:00,2018-05-22 11:29:01
8b607cfee954a2d591239bbfad4a62fd,6e7d56b33e25e67ee602c9bfb9a63018,5,,,2017-08-12 00:00:00,2017-08-14 19:40:48
d3a4d080b8d324465fa420f62b9f79ae,19af64f6a5b2b246709859143e3c5c16,4,Excelente,"Produto muito lindo, chegou bem antes do prazo.",2018-05-09 00:00:00,2018-05-12 08:37:30
0249e083542be0c7999fed3441dbae0c,6b654c2dc2e7c610cb22c325fb723057,1,,,2018-07-15 00:00:00,2018-07-15 17:59:57
b11e51a7beb67b92f80d24135bd021b4,4ec16f88e884232366f73009df2bf045,5,,,2017-09-01 00:00:00,2017-09-04 12:27:04
2ce6d292e591249ee445317cc7bcb8ed,e4b35ca9f1267c27309ebb5b2afc0587,5,,,2017-11-24 00:00:00,2017-11-24 20:15:53
388282bffd02bd2a7ae4972289d7d839,92822ff2220ab001aba01e753780cfe4,5,,,2018-08-30 00:00:00,2018-09-01 19:50:33
e2a266293ba4e06e7d11a625558d01d8,67a98da3237e4b4d8d359f32a49bb209,5,,,2018-08-15 00:00:00,2018-08-18 02:36:35
ddf35688e6a8825e43f2d6c66ab70f60,db0d1ecbd182db92c44e389118dbcbe7,4,,,2018-05-23 00:00:00,2018-05-24 09:23:45
0c0b58839bdc7b7d49396ddf94a3dbf7,892e04325197686b3f5a32eb5fb38177,5,,,2018-03-01 00:00:00,2018-03-02 11:00:31
bdde71529d08389b14de3e271aa4c2e9,1d525c1f58c75e74697f3993a3fc80a7,5,,chegou bem antes do prazo previsto,2018-01-11 00:00:00,2018-01-11 17:58:39
2c3546f4c9fe0c9f2b10bfb6d1aeeddd,0fc5deb2df203e00080d925c2c8d1dfd,5,,,2018-07-29 00:00:00,2018-07-30 09:52:43
36e28d19c635f1427f52d364f300b0aa,932ec6d82ea79bd299298072b7da0fde,4,,,2018-08-18 00:00:00,2018-08-27 09:56:17
2853a7a48bd098a324c449c46b5b0453,442651ec03ad04b3ba5cd034cc8853c8,4,, Tudo ok. Exceto q a caixa de dentro veio violada.,2017-10-20 00:00:00,2017-10-22 18:50:43
fdebc3bc5d2e815ce6fbd06e981bdf3c,f7a395a125a7e8815b2b8c19bcfd6967,1,,"Não gostei da colcha, material muito fraco. Na foto estava linda, mas quando chegou fiquei triste, acabendo muito 
mau feito.Mas isso acontece com quem compra na internet",2017-05-04 00:00:00,2017-05-05 10:23:00
2e4b8331c7be99dadd0c2db785bb1134,c7b4a7a4d974418197e38cc0f6c2ea85,5,,Muito bom,2018-03-03 00:00:00,2018-03-04 10:26:40
5d9c2f20cda9424f49c9b374efdc4d6c,77d4a04d4a453d14c0a086cfd2f00fec,1,,,2017-08-30 00:00:00,2017-09-02 02:15:41
2b3c4bddf20098f65032cc67a6560fc0,4d018d28940042ac4bfd91cb21ac8b8b,2,,,2018-01-04 00:00:00,2018-01-16 09:49:49
223511a77d5d3b007a13ede760427754,b519435b8a999cbefb70936aed23af56,5,,,2017-05-31 00:00:00,2017-05-31 23:06:50
57a1e6c084f97876772935b2c694e31a,1dc23ddb9b0da103fa2b711855d60c76,5,,,2017-05-20 00:00:00,2017-05-21 18:00:39
4d6f945a7c6e4418cfcfbd32e292b7ad,47120c8873cf3ca85fec9f20ec00a032,5,,,2017-06-27 00:00:00,2017-06-30 00:52:50
b0ea40dbf1ae316148b1e295f879d402,858f8fbff9d717450f931fc6e9d15029,4,,"me venderam o produto, no estoque constavam 03 paguei mas não recebi",2017-11-10 00:00:00,2017-11-13 22:11:07
7714bbf3e88f397ef7a2750c9d782906,71603031182fa8f497b5bae069bb9361,5,,,2017-09-14 00:00:00,2017-09-15 15:57:57
6ec9e09aade8909180b60b991f3583d8,af92012b9c9ebac7f18b1a219e2474fc,5,,,2017-05-08 00:00:00,2017-05-08 21:24:36
efa71f49f51230bb0bae1933e5a12d4c,0229b2e398fde4545d32b5bb232973ad,3,Eu quero saber cadê mprod,Eu só quero saber cadê meu pedido que não chegou ainda ? Pois já venceu o prazo,2018-04-28 00:00:00,2018-04-28 04:06:30
7b1a021deb42134bc8b6e2b328ebb570,87d43116721d5ee0c0748fd7d393cc9d,4,,,2017-02-11 00:00:00,2017-02-12 19:46:53
8fca97544a1d5a56a7077b1b9f9c6df7,ceb533871105f7cda81fafc19e1ee38e,1,,,2017-11-15 00:00:00,2017-11-30 14:37:47
7834d53a22d0a4cca31ce9af275afdd7,8a3c2c90a94d0d385e338f5765a86292,2,,,2017-12-19 00:00:00,2017-12-19 14:35:56
54079bac91412b15c2b65bfa3a545f31,4289c523d9d7daf854afd779579d63dc,5,,,2018-07-31 00:00:00,2018-08-02 15:54:19
0c76e7a547a531e7bf9f0b99cba071c1,98c977c116f7779360e9fecffd3860b6,5,,,2017-08-31 00:00:00,2017-09-05 15:27:17
578e3df9d37dc86f623de1835e67f5bd,742e519465c1d0ed1dc1664ad04ba238,5,,,2018-08-23 00:00:00,2018-08-24 10:56:30
7f9de071ad65187aa23d41084e9c980c,9c8ffc9afe14108def96d0b1a3678eec,5,,"Recomendo o vendedor , muito atencioso e preocupado ",2017-04-22 00:00:00,2017-04-22 21:33:43
98b7288eab50b56ad78f9e9f23839aaf,b178d37bc8cf0346e18f4ebeff294dcc,3,Produto mal cuidado,Produto apresentava bordas amassadas. Infelizmente não fui eu que recebi a encomenda para notar.,2018-08-29 00:00:00,2018-08-31 22:16:32
2d939908d6db6500844660da464cfdf5,9099e5808d892fd34523293254ddb621,5,,Os correios estão demorando muito para entregar as encomendas.,2018-03-30 00:00:00,2018-03-30 20:10:00
e1853d95a55afe1017b5b30b366be37b,4abc32e9c706c58cae553dae3c2c914b,5,,,2017-10-18 00:00:00,2017-10-22 21:07:32
e3738497bb9eb31b2340b20c75e61f0e,d4fde1071e39ee8e421d916f13291d2a,1,,O pedido foi de 2 unidades. recebi apenas uma por Casa Lider,2017-11-07 00:00:00,2017-11-07 15:16:03
ae9079c747a27dbcd092defc2278ce05,42ac49d6394099d7c2a5d2d7fd813bd8,4,,,2018-04-06 00:00:00,2018-04-07 17:50:43
bcf9280c556fb9e0a1872236d93ed622,a54dca1918f3c9eaa16ac953a5d8c9ba,2,,chegou no ultimio dia de prazo,2018-04-04 00:00:00,2018-04-07 14:18:31
e3bd8a6eb7cdbec470814cf01d07a756,38bbcca5b854ce25280e61e2ade6d7ad,5,,Gostei revendedor super rápido entrega muito rápido recebi muito antes do prazo,2017-12-12 00:00:00,2017-12-17 21:45:30
7393aa30bb4b3c4ce2353c6f8b2a4b67,d5e9734f54e05a41246389d38b732a51,4,Indico,Cumpriu prazo e produto correto.,2018-07-03 00:00:00,2018-07-03 23:57:09
daa6deed220cd3beeb7bfe4648a6a912,36a924d21368a46d4ed120b8adb1dc3d,1,,estou tendo problemas com a entrega do produto é lamentável.,2018-07-26 00:00:00,2018-07-26 22:11:35
ee19ce506c02c04d924f56e1fe0994f0,0b27e5029dd7bd0891b5da96fa33a93b,1,prazo,"apesar de entregar no prazo, este prazo é muito longo, não recomendo, além do mais o frete é um absurdo.",2018-08-31 00:00:00,2018-09-06 13:32:05
1a1a196fc83ebd14174d17095a5f7daa,7b8adf17d100cd7c851eff1f6496083a,4,,,2017-11-17 00:00:00,2017-11-20 11:03:22
da042f18cadcd73c4bea7835abf98201,881a5cda3b897b035971e3fcfce58aa6,1,,,2018-03-03 00:00:00,2018-03-06 03:09:10
a4f803219e0795da1d45250b24cf4070,41dc608dc9ebdb998dc9b63c57eca204,5,,,2017-11-08 00:00:00,2017-11-08 09:01:34
2df8335141bfb806fa6bc649cbc4f986,8e75defef52610477f8662c16b16498a,5,,,2018-06-28 00:00:00,2018-06-29 03:58:43
9d75d838c363f5acee5323b1d398890d,4cfb3a2663fccb9b2a5428dafd8331f6,4,,,2018-04-01 00:00:00,2018-04-03 10:54:19
a31b92ba884926313aaf896d6d00e55d,7f6209da874fb56bf2fd26791d83bcb8,5,,,2017-06-14 00:00:00,2017-06-15 13:08:01
180424d0b7f1e28f196fdd3f45a4e3cd,95d01aa47c6ad56612e6c8e9057647bf,5,,competente,2018-03-12 00:00:00,2018-03-13 17:37:13
a19438bb6e38ec4de4e7f14ab6d27024,31593a3048f6d0e061a4101a6e5fe24f,5,,,2017-10-17 00:00:00,2017-10-18 10:04:52
c86d431108482a9031e5f4b6311644a4,092ae7e7141e3d69ecd0935d97e14fd9,4,,,2018-02-09 00:00:00,2018-02-10 01:00:02
dd065231d3137dfcbfb56eb8ac9deef5,48c43415ea1c4af9afa92542183b6e55,3,,"gostei do produto, funciona bem. nao gostei de pagar o frete e ter que retirar na agencia do correio.",2016-11-02 00:00:00,2016-11-03 09:21:24
a9fe50d9e67aa02cf85685bec09fc594,35e3f3cac84a02e430e53ca318ce9791,1,,,2018-02-23 00:00:00,2018-02-24 23:27:15
3bc3ccef0b1f315fd4415cb437a55003,e3c67a4bac0845d3ae12bb4ba0c667f9,5,,,2018-04-21 00:00:00,2018-04-22 09:15:57
c679c8c3907a52ce09699a1acf60cc04,43f65aac05e035a88e4479f89cf12ea5,5,,,2018-08-02 00:00:00,2018-08-03 11:38:05
0eb9eab72e3b906e1b5dce9cf8fd2297,72f13434d0258f5c25927d2b4d5b2c1e,5,,Acho uma loja super competente no que faz.,2017-07-14 00:00:00,2017-07-16 20:03:34
d9871014581b0e8b0a43034c1aabbfe4,033ce22f1fb407d7cefcdf8d1121706b,5,,,2018-03-22 00:00:00,2018-03-23 17:09:28
9fd305e0a854c0708322c1a6759a8045,cb71499c074fd6946adf7562f592ac25,5,,"Envio rapido, chegou antes do esperado",2018-05-02 00:00:00,2018-05-04 15:16:44
1e7d0ffde1025ee93214600c976ec55a,95606e8113c2e8087c09cffe458fbf82,4,,,2017-05-26 00:00:00,2017-05-29 12:07:42
b7ef31b88a669f2f51ac0f65c1755b76,e9223fe7529db1d11fac85d4140bb536,5,,,2017-10-19 00:00:00,2017-10-20 20:00:38
f328b680e2a2775807e64ad2c7ba68fa,38774303eed7ea4f45f31ba37969381d,1,,,2018-04-20 00:00:00,2018-04-20 16:17:59
7ee8c673e31fa5a504d39caeb0e99861,1a9f85c859f73034acc85057b4899a8e,5,,,2017-08-01 00:00:00,2017-08-02 13:52:20
e72759d03ef1725ea0c7eefff0cdf09d,193714aa21ead814cca06d425c299360,3,,,2017-05-27 00:00:00,2017-05-28 03:25:33
8500506e14b5f4c105326276dc45731e,c145341df96866c0282d832acbda1225,5,,Entregaram dentro do prazo e o produto está sem nenhum dano. Gostei!,2017-05-13 00:00:00,2017-05-15 00:39:53
9dbce1d246dfd9df89b97c7d65a002b9,d1ccdaa4ae7486e10616fe4956e7512f,4,,,2017-10-20 00:00:00,2017-10-20 21:34:40
821bae3ca898cef32e2008d57e50fe10,06b491ece3a9bd260341c1ad36870e8b,5,,muito bom,2017-06-13 00:00:00,2017-06-14 23:01:16
32a5337a9938cc4698bf7fe166e24cc7,82cefc0ed05913e6d19b9d6283dbf9cf,4,,"Produto bom,Boa loja pra comprar,bom atendimento e Boa entrega.",2018-04-18 00:00:00,2018-04-19 00:08:34
041288d6294f6cb5449c7b233f7a0053,ee23103ab94d84788e8fb686103c0954,5,,,2018-02-17 00:00:00,2018-02-20 02:36:11
fdc67283dcaf85f96bff0e7497e371d9,560691faf05a5433e9617b9582948175,5,,,2018-05-15 00:00:00,2018-05-15 22:56:43
71d84fb5166c71b5a763c990fa270d77,67d24a8d137875c82f670c9e089f4a2b,5,,atendimento profissional correto,2018-05-22 00:00:00,2018-05-28 17:30:53
c76d214753231e86d69154aca0bdfdda,28a32ec11abbac5c27adfa4d8cbc351a,5,,,2017-12-13 00:00:00,2017-12-13 16:56:06
f7626bb548db2d361d1d89473ef27b2a,497ce9c1558c455c54cdc09e3f5e961a,5,,,2018-05-01 00:00:00,2018-05-02 02:21:46
4e68f994fd9e0a6448b07aa972bdd8d0,a4396e55c140360b67296ee34f56752c,5,,,2018-08-08 00:00:00,2018-08-08 19:45:00
dcdbdbfe422fa969511e44b9e06844dd,02bf0154cffa7eff0ce73027221834b9,5,,,2018-06-28 00:00:00,2018-06-28 19:57:41
4e6678fd20923162d9d5897dee289ce1,a54a8115a2feb724778f05afb10f69e5,5,,"Produto chegou no prazo e bem embalado. A única reclamação a fazer é o preço do frete que, de tão alto, quase fez-me desistir da compra.
Contudo, recomendo a loja.",2018-01-31 00:00:00,2018-02-03 18:40:50
ceea1f7a0d8f9c6d139da6813f09344f,89d9b111d2b990deb5f5f9769f92800b,5,,,2017-11-01 00:00:00,2017-11-02 01:42:01
7ce43134cd68a0f9c3ac301eedb46fd6,4dcbd5ebfc13eef35e0fcb0ca1c2807e,1,,FICAMOS ESPERANDO UMA ENCOMENDA PAGA QUE NUNCA CHEGOU E AINDA NÃO FOI EXTORNADO O VALOR DA COMPRA,2017-11-09 00:00:00,2017-11-14 18:39:14
a12d0b5e76d63f45366ec7ea4063d617,9767781031663fd584e27336a14ee5a0,5,"preço justo, bom produto ","Entrega a jato, vendedor correto",2018-07-11 00:00:00,2018-07-11 19:39:27
ed61bd3c0d072279ee7af94c22fb21f1,8526252eba4c42a9b627db77f8ffcfe1,2,,Não estou entendendo?! Por q desta avaliação?? Cadê meu produto??,2017-03-11 00:00:00,2017-03-13 00:03:53
1a8e049e7515b455847430db0ccb3703,ebee038c5993647eb1defc78207cd187,5,,,2018-06-05 00:00:00,2018-06-07 19:02:25
a992ea104847f117ecbc2291a60fb40d,db66ad4e69244a08ca990191877c78b5,5,,Confiavel,2018-01-12 00:00:00,2018-01-13 13:33:34
9c01d29282d21ad5ab4385a71c53ec85,0646e0e4885dd8c69dddd6b2742b3b1b,5,,"Eu recebi mas compreo o produto errado,queria ver para poder trocar. obrigado",2018-02-22 00:00:00,2018-02-23 00:46:12
a134a2171f091fb407569251363ad5ff,203a9f020a3ddd0f46400de701b212df,5,,"Produto chegou perfeito, antes do prazo!",2017-12-02 00:00:00,2017-12-03 00:19:26
ad894f4ddedf2ed0c227108e97426d88,1a3a7d56968e2833fcbb6d4f6885c1cf,3,,,2018-08-18 00:00:00,2018-08-19 01:10:53
a2d08cd4e916a8ac318913366ca6a51f,6cc40732b6bc944a2b6cb8aca515bfe5,5,,,2017-08-19 00:00:00,2017-08-20 12:46:02
fe97335dce77b76022045bccaa06de22,1dacb75a3f524523a6521835a6787057,2,,,2018-08-22 00:00:00,2018-08-22 11:18:35
fdd67e47babc07e334ee96a88c11da39,b7c32368213b1b75d2c42299f97dd088,5,,Produto correto e conforme a descrição no site. Entregue antes do previsto.,2018-04-06 00:00:00,2018-04-06 23:33:20
5e076f0af26e6de93217d215c81f010b,a30b74313d68098f40df2741bf239601,5,,,2017-12-06 00:00:00,2017-12-06 21:16:57
4f01834baa95e8393c109248cc1fdcf9,7dc8487f60263dbf289600757f5c6f99,4,,,2017-05-31 00:00:00,2017-06-01 01:06:27
9ed2eeadd21c01dfac7855f5da2d7b78,16d9b91dbb8de7843ced59fe9c4ca61a,5,,,2017-09-06 00:00:00,2017-09-06 22:18:07
34fd85f78afc5ef394e8c14630a9975b,f2f99bdf2e5cc73abc5e135a2ab1767e,5,,recomendo sim!,2018-04-08 00:00:00,2018-04-12 14:05:16
305579186840fbd30addc2cdccd57b08,be46dcfc990766bfafdcc22141c7fb2a,5,Produto muito bom.,Peça muito bem feita. Robusta e bonita.,2018-04-27 00:00:00,2018-05-01 15:46:23
5e26c4acb29f0c5710fa359e32297227,f45d4aa8bc99c39436fe3636932ea53f,4,,,2018-08-23 00:00:00,2018-08-26 15:22:12
5eb5ded38f6d9a220178683767246f28,4b75f705b345b06e009842c77701f7cd,5,,,2018-06-22 00:00:00,2018-06-23 17:54:34
5fbcdda2f387f4bb1605f16dc80753c2,601d20f33163e575f4eb9704e3730c1a,4,,,2018-07-14 00:00:00,2018-07-17 00:54:51
48167618a5632ded840394105619ba67,37f61d782089bd338aff5207a31fb933,5,,"Entrega super rapida, antes do prazo, a cuba é linda, veio td certinho! Melhor preço ! Recomendo ",2018-03-06 00:00:00,2018-03-09 13:16:26
e6acde707b2ae2f44e09e76d211f76b9,2bba38e2a9893d1126b133f189ee66f3,5,,Gostei muito do produto veio como estava no site entrega rápida tô amando minha compra ! ,2017-12-09 00:00:00,2017-12-12 10:46:43
8d7dfa7a5e1db03e2143fca6dab12d56,b27afd384fc03b22ea356feec6f95dbf,5,Recomendo.,Sempre recebi os produtos comprados com bastante antecedência e em ótimo estado.,2018-08-10 00:00:00,2018-08-10 21:47:37
9299828f605e71d956e8935c4c47ed9a,cd204f2c023b810c30b9d94d83549c84,4,,,2018-03-30 00:00:00,2018-03-31 12:02:46
201c8292d23f777d7112e1cc763a455c,c3a6dc9afef5794ea4a867b5a18e0ad1,1,,o produto nao foi entregue,2017-12-20 00:00:00,2017-12-20 12:21:09
1adbf471f5b16ba38eb5fc64f7fb0432,6912d1d57c7485dabdb724880c18671e,5,,Feliz pelo produto e a entrega rápida.,2017-11-19 00:00:00,2017-11-19 22:57:00
b738027f17e1e99d1f28383e84ed8948,0c7a17af18a4180dbfee261ce22edb69,5,Super recomendo,"Entrega extremamente rápida, satisfeito com o serviço!",2018-03-21 00:00:00,2018-04-29 16:30:39
62a3696829c9eebf0aff19f66c1e7096,6c3ebcad285020fe222c1bff5a23b15c,5,,,2018-05-09 00:00:00,2018-05-12 01:02:10
84da81b31ceebea3c9058ac29854833e,befe8fab6c34f5861b73a3645ce38e24,5,,,2018-05-10 00:00:00,2018-05-12 07:50:51
a5c5d58d5c426642e63a7e0b0b092eb5,2a02dbd2e676fcfb7ee4d2bffdc4b378,5,,,2018-04-18 00:00:00,2018-04-21 05:23:18
dfd52eee4457d9fbcf7820707f3f93a1,a3e47ceb0f0691a07708121b7a1e412c,5,,,2017-05-26 00:00:00,2017-05-28 20:55:28
f643835df8d52fae17f49124b80516b7,849e3b3e95cd9ad87afbce42eca00dce,5,,,2017-03-03 00:00:00,2017-03-03 23:46:31
2c00029fd778ac903d51e4652f026d77,12a6df267536bb8c253d9e7bb8b9e4aa,4,,,2017-12-07 00:00:00,2017-12-09 21:28:21
83ec703e32715388f5d5710bba26ffa1,6e4851de3a0a02ee3f21958e7a3a9fb5,5,,,2017-03-25 00:00:00,2017-03-26 23:05:22
feaa7070679d31b2a353afd21c7ab3ba,b9fdbff1d403555f4d184966b1ac398e,5,,,2018-08-08 00:00:00,2018-08-08 22:29:06
1f02ce9eac84bfa55ed84f4e69e54026,aaa6f66c3f76dbaecfc60183d6a248ed,2,não recebi o produto,,2018-04-26 00:00:00,2018-04-27 09:02:45
890fd5853e35b5b346ee00015d321810,f5505d7f1cc35295b499bba485a876f3,5,Excelente ,O produto chegou dentro do prazo e exatamente como anunciado!,2018-06-29 00:00:00,2018-06-29 21:38:24
fa0e440b88430bb4de2b498fd0a9b197,34d0587652282a8e4f05da5083e1f276,5,,,2017-09-14 00:00:00,2017-09-15 10:54:29
a20abad782e7b4b72860add003c6c2c9,abd273cdcd250f53a125d77e6798e0d1,5,,,2018-08-18 00:00:00,2018-08-26 13:13:43
c5b73a47f58d063dacf26d7113b7e6bb,8bb61c38933e53a46312713c209dee29,5,,Meu filho ficou muito feliz,2017-12-19 00:00:00,2017-12-19 23:18:47
71ebe82d36e901e69a59158784a9a8fb,e4a15d634030ab198f2c262701ef1a43,5,,,2017-07-23 00:00:00,2017-07-26 15:41:12
8cbf8a46afb31e23d7af669a79b61d6f,941eccbab1cd0aec1888e669e608e5bd,5,,,2017-07-22 00:00:00,2017-07-25 22:08:20
23b741875b003f10cfce15d4bc794559,4d21276afd29a3f70e49766a9848d19c,5,,"A entrega chegou bem antes do prazo, super confiável ",2017-02-19 00:00:00,2017-02-19 19:19:13
d8af82d062f6f259e2d80ec6a16708ca,d0dcef5f811f8e0b4f67f1f26805a8a6,5,,,2017-08-11 00:00:00,2017-08-12 11:52:38
5120ad7c8c9bc7ccb09aecb0eb138f92,c0c7bd9b0f4864ea4d1e2671ce38bff8,5,,,2018-03-07 00:00:00,2018-03-07 18:03:15
b30505cf101a32ec31fd32e6d4cf02ef,01787af385123b93ba50c5f05530ee12,5,,,2018-05-18 00:00:00,2018-05-21 00:41:20
1dee9d450a2b8533d2085cef898ca4a2,03515a836bb855b03f7df9dee520a8fc,5,,,2018-02-06 00:00:00,2018-02-06 17:19:21
369d198e711437d4f0eb2fdd26ba1fab,39900b73a172015fa77a5a451c3cbc95,5,,,2018-08-30 00:00:00,2018-08-30 23:05:18
ede0a036848880035edf5079eb107e5b,d1329f2d9a7c9c972b1ab5c6b7c8d3a5,1,,"O produto é um lixo, já chegou descascando, além de ser falsificado ",2018-01-18 00:00:00,2018-01-21 01:02:20
99b80faeef717b427ff486c8419fc6aa,8753234920fc250d95ea7dc9d517cef9,4,,,2018-04-10 00:00:00,2018-04-10 22:55:56
0226436224ed3dfed49472f95b8d76e8,e2ab87d52fec5bcac4a7a5206eba10fa,5,,,2017-12-27 00:00:00,2017-12-31 11:54:31
5feecc4d5c0b57b4efe5eaf364c350ff,788688f686c6ef04e7eb60e4ba103ffd,5,,,2017-12-12 00:00:00,2017-12-15 01:22:07
041896a9fd42687876a8b9d430c57b1b,ca586f4a85ee254cc0b4e01e30809cb1,3,,Produto é razoável ,2017-06-13 00:00:00,2017-06-16 13:23:16
bff331909566bde590680a74d76a3339,751410acff2d9dbfee9158ae8e21d6d6,5,,ótima loja o pedido chegou em perfeitas condições e dentro do prazo combinado,2018-03-28 00:00:00,2018-03-29 01:30:12
0b89f3c0f951f92c28d0efff189178c2,59668dbabb7fd2151ea6d80d1ea0f251,4,,,2018-03-09 00:00:00,2018-03-10 00:57:12
72925946d415360087c4474baaaca7a0,ee79adbd6f648ea3c946d88fc8f3dd23,5,,,2018-04-15 00:00:00,2018-04-15 19:19:15
5fab5ca2c372e6f67074e4be03466f7f,1871117e3b468a4dc29c82849099069b,5,,,2018-01-24 00:00:00,2018-01-25 10:06:26
a035a479c495964629d9b0ebc021ebd5,5b57e9de57b0d980b9a9049aeacc5955,5,,,2017-11-14 00:00:00,2017-11-15 00:07:46
172626f10983d733bf1f3bb25085aefb,5481cc369cb2fe41d87a0eb98c512166,5,,,2018-03-01 00:00:00,2018-03-02 01:53:15
a763aef23e581325df3ce049c5bd24ad,97b7decf3d24b8e8db00cab51c75c372,5,,,2018-07-29 00:00:00,2018-07-30 10:50:42
105e973b13bd471490865db82fa064c6,aa7d642fecef401c80602a4dcb0a82ac,5,,,2018-01-07 00:00:00,2018-01-25 02:38:38
22ebfff9ab2524b10f1b1ca588f3870c,4f8aa330d043e9db140284db7a6c3359,5,,,2017-11-21 00:00:00,2017-11-26 01:37:09
06099a1414e41b3cedfad6f8a0f446e0,724d9ea2df2a8c8c93254d43a1016cb5,4,,,2018-08-24 00:00:00,2018-08-26 18:36:41
96e5ecbc9aeef6bbde04819106e9d9ef,354a5b90cf468691c4b06debfd2c8115,5,,,2017-02-16 00:00:00,2017-02-16 22:50:24
b2325d6d82d6e1be301c1d5dce4871e8,3acfefca1b7d510f944c782689681753,5,,Bem rápido e tudo ok,2017-10-21 00:00:00,2017-10-22 20:44:53
c897e33a89aa55ac82e2296d65b651a7,a3beebf1efa956ba70cf01a80c483367,1,,"Não fui comunicado do motivo da demora da entrega, nem fui informado se irei receber o produto",2017-11-08 00:00:00,2017-11-09 00:38:17
0dffd165e867d39c0a11188abeb75949,171a1f1ee5fb6ee190e46e3a9dbf85c7,5,,,2018-08-02 00:00:00,2018-08-02 19:04:22
9cdbb9437692233d6aff6eb14a868e7a,66ee5096e9bfe7cbb6d32e170dc477b7,4,,,2018-04-27 00:00:00,2018-04-27 23:08:46
45e08b19cd2131ab155551245d568213,12fb3c36ed38cd5bf01aa6b287d4acfb,5,,,2017-12-23 00:00:00,2017-12-27 16:00:32
1097b008e2d3cfd7c45d44a5cf119f07,982d82bc18646c6288463c134c89fc3e,5,,,2018-08-08 00:00:00,2018-08-09 11:28:56
dd06a022ddae719aaa1448da62ea605e,49bf7e68b5263b604955ac02aa4fbb9a,5,,Produto excelente e entregue no prazo certo.,2017-08-08 00:00:00,2017-08-11 23:03:20
1d0e899be04963555f1f385f56bfa1b2,58862b6204545c832643872387966329,4,,,2018-08-18 00:00:00,2018-08-23 21:05:42
ecb10e3f87dd26c443d34383df1d2a9d,232f30270c13607c2184ab9980245bfc,5,,,2018-08-09 00:00:00,2018-08-10 10:13:43
58952bfb8b871d18d59f6564c8cd9b99,1f990d2b7b5a992e60e4c0ac2ff40f36,5,,,2018-02-06 00:00:00,2018-02-14 21:32:37
e102947d031780b456c6f0bf87c74b45,fe752108fc4e35deba17eca323635246,3,,,2017-12-29 00:00:00,2017-12-29 21:28:35
436b65f57ed783d874d869a2f45e7559,d5b98f30a5e1df17359cc0588f14b5ae,5,,,2018-03-29 00:00:00,2018-04-01 13:38:21
71c578d79c27a6b55335ac05d30f0cd5,39948b49e7e68844f9f5a31d12a3c4c6,4,,,2018-03-29 00:00:00,2018-03-30 09:43:18
76b661ae3f0f157e0ef0416b23e9b9fb,653f05432280006916452a2fbb55b136,4,, O produto não foi entregue em minha casa tive que ir no correio para buscar Paguei o frete mais o correio não entregou na minha casa tive q ir buscar você deveria questionar o serviço dos correios ,2017-03-25 00:00:00,2017-03-27 21:49:25
06eb17fd3e1c11929f0fdf971880193a,b9e60cfd587e2b40cf959a04023247a8,5,,,2018-02-10 00:00:00,2018-02-12 21:52:55
8a4b914a131ed257354255b7f42066fb,29d0c2dcd3c5d5fc8737f0b81bea7304,5,,,2018-05-12 00:00:00,2018-05-13 02:15:04
314b049e3edaa4b01cc7b157cee26dff,a52fca56c21fd8b4564823dd3c99120c,3,,,2018-01-17 00:00:00,2018-01-22 11:11:06
913a936c24177299b7573c1a8c8232d1,f201d0924f68c1eadbe0e527ae947481,4,,Muito Bom.,2018-04-25 00:00:00,2018-04-27 19:41:47
250b7fa662cfc3628e3870bfd09e22a9,71a49be8a212eb4987b67078140a1434,5,,Adorei!,2017-11-11 00:00:00,2017-11-14 09:18:45
860f30b8604aae49d7df4145f09bd2b1,a8b78b69f09b2a198f5a89c1897f8c72,1,,Solicitei cancelamento da compra. Prazo de entrega muito demorado,2018-03-15 00:00:00,2018-03-15 08:54:55
a70708b30ec9885da556771cfd632a52,a3bb82a765bf828134959a50bdc5f8cc,5,,,2017-10-03 00:00:00,2017-10-03 21:53:52
07c3cd9243ede8b5e924ace3f7bacba1,d9f4838ea42729e0b08088b15492477b,5,,A entrega do produto chegou bem antes do prazo! E o produto veio todo lacrado. Parabéns a loja!,2017-09-04 00:00:00,2017-09-04 11:59:53
f567ccbfb81b8c66cb9b02d0fcdab85f,a28afc1326ae005c8fe230354d0aee19,5,,"Lindo, amei,recomendo.
É grande,cor forte, material forte.lindoooo, vou comprar mais um.",2017-11-14 00:00:00,2017-11-14 20:17:26
8b299ff48cdce4dcc7a6ae338ec0c921,038eb192a216fe0c545a8ff3b1b96885,1,,,2018-01-06 00:00:00,2018-01-08 21:02:04
b9bd80836e20ca73774ea7e1e6d45d85,245b4a117bd7a1fa176d7a590b292d7b,3,,,2018-04-06 00:00:00,2018-04-07 02:03:33
6ce2b7d94739f0a5c728213dad72e241,ef21ebeb08690a0a1e20959c4d9f6357,4,Bom ,"Gostei da mercadoria , chegou rápido, mas não veio na voltagem certa ",2018-07-21 00:00:00,2018-07-24 12:51:24
dbeff6f5d05134840e0566f3a73b4bd6,d6005403869b100d1c75019e5d92e327,5,,É impressionante os efeitos positivos do produto.,2018-04-17 00:00:00,2018-04-17 18:53:23
5bc0807890ce805b69a9f2398593219c,fd7f923cec63405c5df9b1f05d0572bb,5,Tudo certo,,2018-08-17 00:00:00,2018-08-17 20:24:32
4dbb0787588f28909efbc886f439aa59,430cd6b6d3066421a8bc48ce72541ba3,5,Otimo,.,2018-07-06 00:00:00,2018-07-07 13:35:46
5af48d7c9750ca39d0f67d404492f475,ecf7e61d0f5617017f9105bf07f390f6,5,,,2017-02-25 00:00:00,2017-02-26 01:13:27
60e294d71718f21165b1b46655aab3b4,05ad4f359a4235a593f41f0533fe0457,5,,,2017-08-30 00:00:00,2017-08-31 00:27:34
dcb88ddd3638a85095df40fc27788a1e,d66c390445566a6735c7a703c75e4e68,3,,,2018-08-02 00:00:00,2018-08-04 23:13:53
a2c00d8492a0a5550c57aabfb91f29db,36c63c436db70954885798ade7b2e30f,5,,,2017-04-13 00:00:00,2017-04-14 15:53:48
7b6a03164df8cf7ddb7a59454d6f9113,f3a3becaf45a4f7799cd93b1fdeea2c7,5,,,2018-08-21 00:00:00,2018-08-22 12:14:12
e5e416ef74d4af97afcdb6c765a36367,77e102ecf08e057581ef2ce55c80c6c0,5,,"Entrega rápida, ótimo preço loja muito boa.",2017-01-27 00:00:00,2017-01-28 00:09:20
b3bac502a71f9d52d1691a96fe13e437,e99d985e66dc0f62859946b86b5beaff,4,,,2017-08-10 00:00:00,2017-08-11 02:46:07
bde4647b16e0bd5f8d2af64f1a84754c,cc2462dfe3164edb93bf14003c301c3a,5,,PErfeito!!,2018-02-08 00:00:00,2018-02-08 21:37:10
9e4c8acfdc782eef696149db69ac13ea,bbbaa059721d8a17be92ed10c61d2a59,5,,,2017-06-27 00:00:00,2017-06-28 13:10:45
e5a3f60f0380960622e4ee779b88ca48,37d13d0bfc39d14f3e61c410340c93ae,4,,,2017-10-11 00:00:00,2017-10-12 00:34:46
d9de70c2b76a47c50b9c8d5d0b8783f7,48e785adb7ad7f98808fead60f65fd80,5,,"Produto entregue antes do prazo descrito
Veio exatamente o que comprei
Pode confiar ",2017-12-23 00:00:00,2017-12-24 09:37:58
3e5c7755051155a4445fa60d88fe62d1,4183d7a336883150da3c52cfae5688f7,4,,,2017-12-03 00:00:00,2017-12-04 22:04:28
6fc5c4248deacbe849c40ff18238bed7,4e8a81dd08968b65427a30b932a8fb0a,5,,,2017-09-05 00:00:00,2017-09-06 16:55:27
03a2e9679955d4028fa5a854a6c8684d,dc5e1551b7d2ac86019146035302062e,5,Excelente,,2018-05-03 00:00:00,2018-05-06 14:04:25
3e91db71c8822867a12959fc8f7d554a,103a7b5711f736d920fcb1fe4bd28bcb,5,,,2017-06-29 00:00:00,2017-07-04 00:14:54
456aaae6fcfdf4f7ff64b64e15d1ba95,5a45d91a6a45708d28e1f018a24a2607,5,,,2018-04-27 00:00:00,2018-04-29 21:39:24
ce48b02551c9463a38de0435568ba5d4,373fa646df70e5064388905c109571ec,4,,,2018-08-10 00:00:00,2018-08-13 13:51:40
7b98cdf6d8addeaa2322d1d9c8a10d91,7a2e13975471a7fa79bf252ac36cc095,5,,"Ótima, charmosa e linda! Ideal para o dia a dia.",2018-02-01 00:00:00,2018-02-02 23:03:28
e9217c55098505c40159b77ace640758,aba96743af8df174b11c6b6e8a9360a2,5,,,2018-01-24 00:00:00,2018-01-31 22:34:08
2eab2ffb8d90cef84f44dbcf1297a39d,5bbe496e9e32884e4f0260f1b6bd6c3d,4,,,2017-07-25 00:00:00,2017-07-28 18:57:02
ca3d826e071e51f9ccb5815c068d4806,33ca67f12b946d8830eb3805cc63761b,5,,,2017-09-01 00:00:00,2017-09-02 17:51:01
bd1dcfd26e525cbbae5ec69ddd506c29,007ec946d4f798caf2b43c9d44c56421,5,,,2017-12-07 00:00:00,2017-12-08 08:43:36
923fa4fc354ec3831b6b39f1dc688e7d,08bf75dcf867b9f13026785053e87052,5,,Ótima qualidade amei...,2017-08-24 00:00:00,2017-08-28 18:38:22
ecfc997616115e9db8d7d9f635669f33,5f7c5a387a87c6c7a3fefa36dc21929a,4,,,2017-08-13 00:00:00,2017-08-15 19:36:50
fbe97ffa0cc3fd60bb01c24d5ed6befd,5ffc7455c07cb79260d36024277e417a,5,,Adoro comprar nas lannister ,2017-02-22 00:00:00,2017-02-23 00:49:02
b32f0ed53f16c1beda567e3e1748bfff,3aebf099badf8a95a8c1831fc2373eda,5,Super recomendo,Os parceiros da Americana estão de parabéns...prazo de entrega e tudo muito bem embalado,2018-07-04 00:00:00,2018-07-04 23:13:50
7d400aa28e519424833b57866df4ca84,406de5462666366ba69ee8d333eafc31,5,,,2017-08-12 00:00:00,2017-08-17 22:31:26
505900eea2f3436bf7e69835b8b0762f,bc4bfcffb1b6e4942fa9e911883e6c98,4,,,2017-05-26 00:00:00,2017-05-27 02:07:09
ee48fa706a8c3f39e9a67c025a3c7987,3da7fcd2d00d6f81453fba8a93e079c5,4,,"Adorei ,vem com estojo. Lindo.",2018-04-04 00:00:00,2018-04-05 00:34:14
ba4830e47c062d40eb304e6075e29180,078012a290408a687e5802ac7ad6c0aa,5,,,2017-05-26 00:00:00,2017-06-02 14:20:03
a6dfd04b6be7e5a851d872fd578782a3,8c9479e56a7609daf0260e1ed2a1d674,5,,,2017-11-25 00:00:00,2017-12-01 17:00:57
174f410f1bf02d4e1a9396bdcd4c7b10,573aed3067e4c429716880094b71a80b,5,,Bom.,2017-03-08 00:00:00,2017-03-11 22:48:06
81ce3fcd851783df347a8e7dab3b737c,d5dda9f79ce3124e533720681c1f2284,4,,,2018-03-10 00:00:00,2018-03-11 12:48:21
90b582924c8a22472d5bbff1a9bf327f,1dfc614ac8b1f459eef53dd1c85c2e53,1,,Entrega rapida mas o produto horrivel.,2018-06-13 00:00:00,2018-06-25 17:38:04
f28281373ab8815bafafe371218f02ce,fa65dad1b0e818e3ccc5cb0e39231352,1,,A mercadoria não foi entregue. Entrara em contato no dia 22/05 e avisando que a mercadoria seria devolvida para cidade do Paraná. Solicitei o estorno da mercadoria.,2017-05-21 00:00:00,2017-05-24 16:21:27
7116ad252c735383081c3e63feaece9b,de339d3dab036509a47753ddb94f1d55,4,,Bom,2017-08-12 00:00:00,2017-08-15 12:29:41
0d48b39157e86a6f70dd9e2c6c854960,ace58598846c21f25ac62b735a436731,5,,,2018-04-17 00:00:00,2018-04-20 13:46:20
aec7e16d58b8477cd596f9970b52b5c0,32c9679b14183d04c1ffea3f6e5ae12e,5,,Entrega rapida produto otimo ,2017-04-07 00:00:00,2017-04-08 11:25:05
b5624a4fa9fd5c2b489d327e9958a653,8e83e34d39ed0235b3460da4bd082fc8,5,Bom,Bom,2018-07-28 00:00:00,2018-07-30 21:38:22
f56e0a08e5f3df2afdc49b16eb4393db,7f9089a3fbe75385f39d5924c2928352,5,,,2017-12-06 00:00:00,2017-12-06 09:53:56
dde02d7b2794ea87806ce654f4761707,6c913991aedb5977cece1b1865cab730,5,,produto entregue no prazo,2017-08-17 00:00:00,2017-08-25 14:47:55
e36e401e3e47d442f1b56fd873eaa3c9,966c914d71ae9d1b59d440bcfc72d5cc,5,,Ótimo entregue no prazo,2018-08-07 00:00:00,2018-08-08 20:37:30
5faa9b3f6d786ad1781c8bdc7a573645,b92773553b06cfc1042db69dc1a5b70b,5,,"Estou muito satisfeita com a minha compra,as toalhas sao lindas e de qualidade!",2017-07-26 00:00:00,2017-07-27 00:21:39
7f2bc80552ac81bc0f6972735d9c71f7,9e99a131a8798c3985381f4f7c96d56e,1,,vendeu e não entregou,2018-02-18 00:00:00,2018-02-22 00:37:53
d13266923a22ae30c9627ecbd0ff96ef,2eed78c97ace230e8dfc0f851bed1612,5,,,2018-01-24 00:00:00,2018-02-01 01:00:00
c8f1e24972cbe5a3a4a9fdc4a099ad1b,bbf8379df25b807eb1dabc84d060f8a2,5,muinto bom,Muimto bom gostei,2018-04-22 00:00:00,2018-04-26 21:53:12
598c90923dc623eb685f9fdc548e29ec,2bc1eac46ee8d6fad3f7369668f1bdf0,3,,A mercadoria foi roubada nos correios. Estou aguardando reposição. ,2018-08-23 00:00:00,2018-08-23 15:05:46
e8ae7ef5b9a6931a082607b921c0ee56,ee9ca989fc93ba09a6eddc250ce01742,1,,,2017-05-25 00:00:00,2017-05-26 14:48:04
59a028542df571d74d14c12088dacfb4,1bac6ce688aa1bcae651dfcfecfe7aef,1,,"Boa tarde!
Fiz a compra de três porta papel higiênico com lixeira, até o momento só entregaram duas, ainda resta um para ser entregue. Gostaria de saber quando vão entregar o que está faltando.",2017-10-10 00:00:00,2017-10-11 20:57:37
e1acc33172041ae53598701d8ca5d17d,2e386e86851d57f3a4f9b2bde748df42,5,,,2018-01-12 00:00:00,2018-01-15 10:17:16
6d7a89fa7d2594dbe4dae3106e89ed5c,b9e02f2f3a6648709578cdd17f31976d,3,,,2018-02-16 00:00:00,2018-02-16 19:05:48
4034d5929ee3bac7788ac2ccbd864bae,65eb69791cdbfbd7bfee2c5f706af25d,1,0,,2018-06-20 00:00:00,2018-06-23 23:28:06
13d4cefb6d63e2f727c32cd1831e7602,4e99d33f688f3a9af1feb6d2f50d7509,5,,,2018-01-16 00:00:00,2018-01-17 10:07:33
4503b46c0d76b396b43d131bb515f726,c37cb17f3802e061e745a83732cb1503,5,super recomendo,produto muito útil,2018-05-09 00:00:00,2018-05-10 09:29:32
3f4dda7e12d0ecfd006b5a8a41346c5a,55e437ea6e09474dfdddee9b983aa798,5,,Loja ótima preço bom dia bom entregou certinho porteiro entregou bonito,2018-01-13 00:00:00,2018-01-14 01:16:45
21060efc7bb3f58e203b021a06211c0c,40b1c90528443b00c5f0e9b35471aab0,3,,,2017-12-14 00:00:00,2017-12-15 11:54:54
f76daa93dd80d170731001b394da6a85,f7a282c5fe8addefb48793a1a8c2ea83,4,,"Entregaram o pedido em duas etapas, ou seja, deu a impressão que veio incompleto no primeiro momento, falando do produto é de excelente qualidade, fiquei satisfeito.",2017-07-26 00:00:00,2017-07-26 23:50:01
45205fa09b3d9bd6c46fe2438ed0f350,ffea5b26be781da4c215c0feb484f4fd,4,,,2017-06-29 00:00:00,2017-07-04 00:03:38
e5ceaf549703db2df2ca9d7fd6250592,2fe8d06695835130f65178317d0be4c7,5,Produtouito bom,Produto MT bom,2018-05-30 00:00:00,2018-05-31 22:19:13
24a8ccb00976d11305c6dcffec9e60e7,cd69c22f5105b415669c70af74584c86,4,,,2018-03-22 00:00:00,2018-03-23 19:49:05
c2d7b341874a17e8fd680001be32e7fd,3e4875148a652a619d8615653b4c8e3c,3,,"Recebi dentro do prazo, material do produto frágil, porém atende as necessidades.",2017-11-30 00:00:00,2017-12-05 10:19:16
f530dad51df9b383a91bc6e0de4edac5,325cfd48a71240cb16c9f50468478c92,4,,,2018-07-13 00:00:00,2018-07-17 15:12:34
2f1dd030a7ccdf71471bbeeffe734a58,301507cc236bfc4b5eed4fd3dc664c12,5,,,2018-04-06 00:00:00,2018-04-08 19:25:38
6c66cd7285dd79916c9d440a19b8e28f,8328f0c360b46dfb1b46a1e9825c7fc1,4,,"Imaginei que o material fosse um pouco superior , mais é bom. Espero ser resistente e duradouro. A entrega chegou bem antes da data prevista isso foi muito bom. Conferir tá tudo em perfeitas condições",2017-11-10 00:00:00,2017-11-11 02:12:32
036a0665e392e513236e7dbb403f692f,704966e2252d9ef26bfb8203cb8fbf1b,5,,,2018-05-01 00:00:00,2018-05-03 22:24:42
1574b7a8e80a457b751be73e14174aa7,d9770884f02a4e0d5e0f9d8fc5f5b9c4,5,,,2018-07-25 00:00:00,2018-07-30 11:33:18
ac937af7538c779a2699ba3798211c75,4381a33db9b7771fc9ace541e507972e,5,,,2017-11-21 00:00:00,2017-11-21 15:51:11
a1a4dc241605c94d40ed31737f34ffc9,57edfe6486364c7777241f5ab5902715,1,,Quando vou receber meu dinheiro de volta??,2017-07-12 00:00:00,2017-07-14 07:49:37
d3bc90256f463f1d4aae8c2e71d03925,5f8727348fdce5ad81ba441d3bf9e18c,5,,,2018-05-16 00:00:00,2018-05-16 22:42:18
58b0c21c8a5f5920abf2e5799efcc106,ea95ceffc1f14090fa639afd7f1b0206,4,,,2017-12-10 00:00:00,2017-12-12 23:44:52
71231fd7d40238ab154dcf26c9ae0e9c,f1d6087db90cd2b8feb467f5924d4f08,4,,,2018-08-22 00:00:00,2018-08-25 00:10:17
a2029de50753630e07c39164be56250a,e033bdf3c0d77ce6a7c7ee1235c8d051,5,,muito bom gostei ,2018-06-23 00:00:00,2018-06-26 13:59:31
c710351fee2542c4ff17ce107456c28e,eede6f786783c6fc09da4a544e83e4d8,5,Otima,Vendedor bom ,2018-05-12 00:00:00,2018-05-12 11:26:21
5d4b9d006f25dbfdcb801b524747b172,8d771479430ddcc5431d2ef4aa207204,5,,otima,2017-06-20 00:00:00,2017-06-21 23:01:49
7b0d91f95b139f694b210c876622f5b0,6b53b59d28af45f02a606d5ace41b854,1,,Até o momento nada do produto chegar. Esperarei mais uns dias antes de procurar meus direitos perante a justiça.,2017-08-18 00:00:00,2017-08-19 00:39:34
67142b0dd10a089042669ede4f971ee3,b844269f8f77813365bde577805911f1,4,,,2018-05-04 00:00:00,2018-05-05 06:06:34
f0797ab1b53feea89f2bb993625f62cb,c9229f668c1028a77a433afa8b93f122,3,,"Tudo certo, produto recebido e nota fiscal enviada com o mesmo.",2017-05-20 00:00:00,2017-05-23 14:13:41
ab5775576855836c26a45e27fd72c503,8772e0a97847589e126a8fc3d6e05782,4,,,2018-04-14 00:00:00,2018-05-10 23:49:48
36149d709e45fc944a2ce1ad688d6003,53cbf33b674d602f6746cb90a9d874fd,1,,,2017-05-23 00:00:00,2017-05-23 12:27:17
4a57b77d844594f24904a568218a2d96,38e9133ce29f6bbe35aed9c3863dce01,1,,nao recebi o produto que ja paguei ! nao recomendo a compra nesse site. ,2017-11-03 00:00:00,2017-11-06 18:50:22
10b46c399d03fa3b754b8d4a6108ddf5,99db47a6842959e2064fb56a7b4c91e0,5,Tudo Certo!Satisfeita ,"Gostei da experiência o produto conforme o anunciado, bonito as medições corretas.
Muito satisfeita. ",2018-08-26 00:00:00,2018-08-26 21:53:44
1eb3b9363e4125bd9b198c5bcf92fb05,267968a4442f2e55c2904cac31c26660,5,,,2018-08-28 00:00:00,2018-08-29 02:41:19
f5abe05962e90915a4b48b2a12327ace,011c899816ea29773525bd3322dbb6aa,2,Achei estranha a embalage,"Recebi o produto numa embalagem de papel, geralmente esses relógios vem numa embalagem de materiais duro etc, fiquei com medo de ser falsificado. ",2018-05-16 00:00:00,2018-05-20 11:58:09
fb1b67e824e22754d133d809d90f5aa7,66f914f1914a21decb9c8cd76cbca55f,5,,"lindo aparelho, recomendo a todos.",2017-12-15 00:00:00,2017-12-20 17:19:00
8da62a83951492a66d59d55bb1368cff,d88484d12aee1fa5348ab2bbd1e967e1,5,,,2018-05-04 00:00:00,2018-05-06 22:11:22
17193ca8f3197c134bd170d3650c45c5,fd3634dbb2f578420b7b7dc1633766ce,5,,,2017-07-20 00:00:00,2017-07-23 13:02:09
c471ba2e1125392f2479d6dff4e394e9,b5292e949af082478a408f61a52eac5b,5,,,2017-05-08 00:00:00,2017-05-09 18:12:01
c4213f4db2f4bbd58a484316f9ead1d3,3c3d88787b28904377716a09b10fb0e4,5,,,2018-08-09 00:00:00,2018-08-11 19:54:37
08e5c844e133acfe63da4e7b6f269b04,48761cfd8309604ddb00a812ae7d9473,4,,,2018-08-24 00:00:00,2018-08-24 09:52:20
1a7e87c664815b658bee1a9526d56b8e,bf5a19905dfd112e6964d76f4b21cf35,5,,,2018-01-25 00:00:00,2018-01-30 11:25:47
eff6cc3f38f7f2bb66a457cacd94559b,63576020815760d4b5d11cef32595ada,5,,ESTAVA PREVISTO PARA SER ENTREGUE DIA 12/09 E FOI ENTREGUE DIA 07/09.,2017-09-07 00:00:00,2017-09-11 01:58:41
c02e0de6f4549736cc2526a2e14f8f89,b80185240ef710443ca7ea53cb1cbce1,4,,"O pé do personagem veio descolando. Mas pelo preço , valeu.",2017-12-29 00:00:00,2017-12-30 03:44:29
4a8dff5b67ffda2b123810acdfd5b761,3a83f1410163fa52e0679c788b31a039,5,,,2018-05-30 00:00:00,2018-05-30 14:43:10
7ad526713c05aef02533f1dd26da23da,01218a8a807fc187849529e6f12237a9,5,,,2017-11-02 00:00:00,2017-11-05 01:08:08
e7bbcd5c3047bcf060c70925a8ea3a9d,69aa05a091f9c98077f9a2ed8a2dafdd,5,,,2018-01-05 00:00:00,2018-01-13 01:12:42
1920f5465f4d0bfe31ee8a5d94809d05,38b74d37b6bb4886a9b460ef8d4ba2d7,4,,Produto lindo.,2018-01-26 00:00:00,2018-01-27 14:04:48
6ff582eacf68f54cf0b790fab3f54e33,9792283e8d46d73ee4a3d91fc3264a50,1,,O produto consta como entregue mas nao recebi,2018-04-14 00:00:00,2018-04-17 16:13:31
8390e4ee7ef8df007b81040926af7213,30a461491fa262d5d6321e3194bbb452,1,material não foi entregue,entrega deficiente.,2018-05-19 00:00:00,2018-05-21 22:40:33
0aa6d671769398497e8f7d152de00be7,86f1238d241a48cdbedf1a46d8532ded,4,,,2018-08-17 00:00:00,2018-08-18 07:49:25
3ca245474dab7e9a69f2f87bb4ffea25,d52d8b400bb758fb5b25ca1af464f814,4,,"Produto original.Bem embalado, só não veio com a nota fiscal/danf.",2017-12-03 00:00:00,2017-12-05 21:50:26
702734ad4589b9b068891f2d8624883f,a5d02c2843eb25d8d1be6217c7483c14,5,,,2018-08-14 00:00:00,2018-08-16 20:28:43
983df327e26b3e86a10a1c33ab815232,b8db7d2782799267ee683bb2afa7f26f,1,,Péssimos...,2018-01-11 00:00:00,2018-01-11 06:00:53
ba419feba136bb54911db351ca12b9a5,5b1ff9c294ce6149733c6912262c60f9,5,,Produto ótimo ,2017-02-24 00:00:00,2017-02-25 01:41:54
76b1c6e085de67368d0807a592414ba2,af7f16b96e01b9947638321949f672d5,5,,,2018-07-15 00:00:00,2018-07-15 18:25:35
0b4e781eb80776c8327618e765681c3f,6248b0a9b547366913fb67922a7a2b77,4,,,2017-02-07 00:00:00,2017-02-07 20:38:34
f25c49d9f6c0d0de06b3f5151b381b5a,b09d5d8070a14f3f95bbe313d671c57d,5,excelente,,2018-05-24 00:00:00,2018-05-25 16:52:11
6c444ef1bac3c18ef0a2841285f4e46f,a2719d5230c391aa396433b5cf6cc4d5,5,,recebi dentro do prazo,2017-12-01 00:00:00,2017-12-04 10:33:13
2bcd70415964431c4723a58be1283080,b3c2fc7374cd5dbb27c84f1a0315594d,5,Recomendo,Tudo ok,2018-07-11 00:00:00,2018-07-11 18:14:33
5e2e62cfe04ecbe3d038b72664e2b3b2,e4c6165044d2aacdc886826704d0ba2f,4,,Bom,2018-01-04 00:00:00,2018-01-05 16:40:38
66fb251b40d0d47d2fce20fb4d0ade8f,6e41c1b023ea08cb4744bbe97eedb35c,5,,,2018-07-05 00:00:00,2018-07-05 19:27:16
0d2b06a1c383c420591bb62de6764d20,10f288cd8e6f4add2454d845e9df5af6,5,,,2017-12-09 00:00:00,2017-12-09 21:58:09
52e4d1e928f19ae9b57b5bfb17a2d266,869bb454aa7fd93af2e620c1d34d5e49,5,,excelente serviço prestado ,2017-09-14 00:00:00,2017-09-18 18:09:31
8f0c493900f638ca0c083b20148c33cd,5d4641e1bc38e17f79478bb33fdfbb0e,4,,A qualidade da impressão não é muito boa ,2018-04-14 00:00:00,2018-04-16 23:45:33
58552f60702e61f3bd4f1200f71ff20a,1a69d5fdff0003d4571dffa1a9a10967,4,,,2018-03-09 00:00:00,2018-03-10 10:28:55
82050dd6a5856305f24edd692643f032,4964b712511de5c351d07b12d57e5cc7,3,Recomendo.,"Recebi parte dos produtos, ou seja, uma manta na cor palha. A cor ROSA não chegou, até esta data (28/05/2018).",2018-05-25 00:00:00,2018-05-28 12:24:45
7e1b4695796c1ce19c3299085297e9d3,45f515769238adec68b3ed763acbc3b2,5,,,2017-06-20 00:00:00,2017-06-21 01:10:08
2ab6391e8106131e67723413306b9608,f55863be6758b60482c4bdfa3cd016ed,5,,"Tudo perfeito, produto veio corretamente e sem atrasos",2018-01-06 00:00:00,2018-01-07 00:42:25
529b87cc3e83002e72b9346a2aea5b83,cc9bbac0ab49464c551e527df59db18c,5,Satisfeito,"Conforme combinado, produto de qualidade.",2018-08-08 00:00:00,2018-08-08 20:09:00
210d98b48197e77a37ce13a0be9bf2b4,74bbb7eea3f17308c17374bf5f572b65,5,,"Muito bom, produto entregue no prazo, embalado direitinho, tudo certo",2017-05-03 00:00:00,2017-05-10 14:21:02
7e73de20650f2e7a576bf5911098df30,4d43556083ebb5d85e8a49e87730add6,5,,Perfeito ,2017-05-13 00:00:00,2017-05-16 02:43:45
1c88500fb94695ef3f1bbc47727d2784,e5d3ccacd4c9d00c28a3f328f72b254f,5,,xx,2017-03-07 00:00:00,2017-03-09 11:58:00
cbfd64e2f1191cf115b2a31fa5de163a,aaee808634adf6a6f4bdd2354f43f448,5,,,2018-06-10 00:00:00,2018-06-10 23:26:48
161a5fbb76adb8ba80008e5053308b79,8796f3e2ab6a3baee74225a78c550c0a,2,,O produto chegou incompleto ,2018-04-07 00:00:00,2018-04-09 12:16:06
7d89abf5447cc3f4a5e383ad591bddd0,7af964692dbab0c7e5f70ff30f03b7df,5,,,2018-08-18 00:00:00,2018-08-19 02:06:59
ce76bb420b97f2455b9cd5aa3165ba6c,c477a36e7fcc7a915483289ed00f6ee4,5,,,2017-09-15 00:00:00,2017-09-22 14:21:15
18a8ccfcc9ade81c05d45325cfa9aec4,67d3db1e6d9adab9c49e67e8a2e65b8f,5,,,2018-08-05 00:00:00,2018-08-07 16:48:17
908965dd1cff48683f872f7dc2df1db2,c02ba990f9573a840c307babf93b3416,4,,,2017-09-22 00:00:00,2017-09-26 10:54:07
dec84812dfad43f68e8107ae5047a4cd,d738667fa4f31f5d89dd8dfcc07699ec,5,,,2017-05-16 00:00:00,2017-05-17 18:00:52
9015c40b8315b595c0fcd378a6f109db,5c9657078bbc1c0b67c071d651331b9d,1,,Comprei 2 cobertores KING e recebi de Casal,2017-03-18 00:00:00,2017-03-19 01:49:07
143f6db7fc05f38965da560ef1c44ed3,00526a9d4ebde463baee25f386963ddc,1,,Eu comprei 4 agaveas so veio uma,2018-08-17 00:00:00,2018-08-18 14:54:07
d522ce89534860fb92c10bf9f6aaaa99,f878206572adfa47110fed4947806589,5,,Muito bom a entrega foi muito antes do dia marcado.,2017-01-27 00:00:00,2017-01-27 20:05:22
7c24fef27a52d7cd1fd915434c1342d1,56c31c03a2fc4a10abafed9320733788,5,,,2017-11-23 00:00:00,2017-12-01 14:59:24
b07a4283d08e15564baca2e90d54ba8e,d7dd7b5a139c49fb68a6977797599973,4,,,2018-04-17 00:00:00,2018-04-18 10:53:50
91c56a6b7b0aa7d1df2be095d62b1bbe,75f959697b81c9b9eeddb7499941ecaa,5,,,2018-08-09 00:00:00,2018-08-13 11:47:57
631e8ebb3afc538a9127caf5537cfa63,7b875e17a8b649ecb72124320bdfd20f,5,,,2018-02-16 00:00:00,2018-02-19 14:59:00
af6abb5eb51736a07037702522809738,b0ff49d6e778f78efe9eb70252a367d4,5,,,2017-11-25 00:00:00,2017-11-26 18:34:59
a49ba9394f918d87d8e768c77cfafca8,a72ddc1e569249752806276ac7ad97b8,5,,,2018-02-20 00:00:00,2018-02-21 11:27:39
fd1a831120f959256d6b18101c271f0f,a92c76269cd2be64008c82c84d6e5d48,5,,,2017-09-13 00:00:00,2017-09-13 20:52:27
e4e9b7685b06b5432ef9161493b15f88,1e693ac6b55dd939e50702b971446d71,5,Tudo correto ,"Tudo como descrito, chegou muito antes do prazo! Ótimo! Recomendo ",2018-06-15 00:00:00,2018-06-16 03:17:54
c3f1969ad660407df339b5fe68218e49,46aedb619e3a9e3883a8d51d58269e4f,5,,,2018-07-03 00:00:00,2018-07-03 20:05:36
c0881b2797529c9af9325018e7fbb694,fd7eb2117233aa5ac29e94a28e082077,1,*****,o produto era exatamente o que eu precisasa,2018-07-31 00:00:00,2018-08-01 11:35:01
757a2b69826c2d29526d748bc488b841,b650d7403dcbd0ea65de939ef388e69a,5,Excelente,O Produto tinha uma previsão de entrega para o dia 23/05/2018. Contudo de forma surpreendente recebi em 10/05/2018. Parabéns!!!!,2018-05-11 00:00:00,2018-05-11 17:29:03
b99699b6116aad6a25582b0d27124e33,b7d49ac93afe42c4d1c6db6c1301b6d5,5,Excelente,Somente o Frete que acho ainda muito caro,2018-04-25 00:00:00,2018-04-27 00:23:22
56628151ff579e75168ae253991dfbb6,466334b9ec76342cf368c99aa06375cc,4,,,2017-12-09 00:00:00,2017-12-10 08:39:16
f01d1292f0cdd12b184e7e0c49528da2,cc38d740da287b3c64f4d1f3d4ee4f86,2,Veio errado,Comprei bege e veio preto com desenho diferente,2018-08-01 00:00:00,2018-08-01 16:15:12
0b6a4ccb6d49fb1f00aacb64bf3f338e,7d000307a29338a053287f79e225e09a,1,,"Não embalaram bem, como veio de muito longe acho por isso veio com aranhões , por ser preta mostra bem",2017-09-28 00:00:00,2017-10-01 02:01:27
9d86b7ecea432f6dc464ca2f24a9165e,675a27f901e5f0350eed10f052e09b60,5,,"Maravilhoso,,,,",2018-03-16 00:00:00,2018-03-17 11:20:24
92e9cb73c715259fdbe3aeebff10a2a3,b8fe1ee18bb4fc8242cafbc4d3edb987,5,,Ótimo produto e chegou antes do prazo informado,2017-11-02 00:00:00,2017-11-02 04:50:20
84d6dfe76d6e67a35a3574c4b19ee6d6,e5277018d6ad784647a82c8d0f7f8dcd,5,,O pedido chegou antes do previsto e o produto é de otima qualidade.,2018-01-17 00:00:00,2018-01-20 09:55:42
125dc56c06da65545bb41b26a21d3b61,641fffc35cd22fa1a6092b0c0dd903b3,4,,,2017-06-27 00:00:00,2017-06-29 23:33:09
81112c133caaf6a3b82704ecc5a2859b,f0306b5ed43b47782c4f72497dc5e97b,1,,,2017-11-10 00:00:00,2017-11-13 11:57:57
b345674ec43617422403146bd715594b,b7ee003a15e0771e300ba4fa565c1cde,1,,Até agora o produto não foi entregue e não tenho nenhuma resposta ou notícias... ,2017-06-29 00:00:00,2017-06-29 10:07:45
9be57a8e60e179ae1ad946aecf29c513,5c2b38dc10cf46a3224f46dba893d26a,4,,,2018-02-01 00:00:00,2018-02-02 20:32:08
bb433230aca43cad3c407839c94f3832,d0a40dd7cfaabfc2d7f0c6de2ab71b34,5,,,2017-12-10 00:00:00,2017-12-12 10:12:18
3cc2484239176fb06659f71121cad6fe,8c950d9b4adf24655fe399e36f89cad8,5,,,2018-07-07 00:00:00,2018-07-10 23:53:21
6786dd98e31ce30e742df1a0e0bcab9b,2e143861a5240d0e457622ac38913826,2,,,2017-12-13 00:00:00,2017-12-17 03:21:18
a4215b3b623cfb89495171f6fa19dcb6,71319d53f28cff9869fa0650f26e9758,5,Super recomendo,Entrega rápida !,2018-05-22 00:00:00,2018-05-25 14:10:26
2435d9e352232b919f22189b5cf2666a,13915b8e35e0ca97dcbdf2cffe7233c5,4,,Atende,2017-07-06 00:00:00,2017-07-08 21:07:40
e1d89efdb8423975fe7eb2e694a7cf93,15b9bbc3bfc272e14a8da450ed7867c2,4,,,2018-06-10 00:00:00,2018-06-11 10:56:56
b982b99d9af2ca733f9892d65dc056e7,bba5d3c45d232d36995ca63ee0232d7c,5,,Chegou conforme o esperado e antes do prazo!,2018-01-05 00:00:00,2018-01-06 12:01:44
8136c265a0b695cb384f9cd6ae75af6a,c8682e224367b603f0ac144e77fabe14,5,Super recomendo,Rapidez na entrega,2018-06-13 00:00:00,2018-06-14 18:59:10
a912a49f3bb228e61160660acc79f7fc,7e25a709518d3b5b51fab58d605ea0e8,1,,,2018-04-19 00:00:00,2018-04-19 22:06:18
81167f7b449895d1bdbfe110bbfbb8d8,251fe947dc87c3ac12965b12bd34f160,5,,Chegou antes do prazo... amei,2018-05-17 00:00:00,2018-05-20 13:58:49
d0bc1f6f7005d12fcfea32e7d6a0e52e,762264d81c3f54fa5e5a4e02b84eb85c,4,,,2017-11-07 00:00:00,2017-11-07 14:37:43
5a59e822e6b6dad710a7594df63871dd,caad52d4e709edbd81fa417ccc0179c0,4,,Nao veio a luva mandaram um relogio feio no lugar sem me consultar antes,2018-05-17 00:00:00,2018-05-20 20:14:23
0c38382b875d84aab2ff21a4aa8015cb,f68394e0df67be098e9ed2a84109e7d7,5,,"Produto entregue dentro do prazo, sem avarias e horário adequado... excelente atendimento",2018-03-02 00:00:00,2018-03-02 20:56:07
05c42ee43a8890e7db8d145011909679,b1873e7f1c0220c132db2642ecf2bf1b,5,,,2018-08-08 00:00:00,2018-08-09 14:11:35
3924096b56bd80929b9c08d1d680026e,53d06d4e404736f8d7d8795474e5845d,5,,otima empresa ,2017-10-11 00:00:00,2017-10-13 14:37:40
b78f1120dff1463550c8b758000fd690,d02a5a29d82eed1f82be00c04745ea7c,4,Foto mais real,"Estava quase tudo perfeito, exceto que na foto parece ser uma coisa e o produto físico é diferente! 
 ",2018-06-28 00:00:00,2018-06-28 19:36:33
60eea5f1c9c79f924bda431edcca294c,7ef259be178f9f06c72a57add85b71cd,3,Recomendo,"O produto é bem simples! O problema é que vem com o tampo solto e o meu apresentou uma leve diferença na altura de um cavalete e veio com ranhuras na madeira, sendo que há um pedaço quebrado.",2018-07-13 00:00:00,2018-07-18 12:26:45
ffdf8176b672953eccab1c05a7f7036c,8f413a1f9c167b4f6c5f891b6c7c7d27,5,,"Recebi como contratado, e ainda antes.",2018-02-09 00:00:00,2018-02-09 21:57:12
13841eca376d078220fb50bb33308161,d788d36048b59fbe35707de56c2fe939,5,,,2017-03-15 00:00:00,2017-03-16 11:39:40
3ca527fed5caddb402cdc1011fc6561c,40b0e6507607e122ac052bf9426dba12,5,,,2018-01-26 00:00:00,2018-01-29 09:20:44
36f3b92a47c2b2539d5b510e8a8c4f2d,260c1e77793a506e09dd0f8135109966,2,,"Comprei duas caneleiras e uma porta caneleira,as duas caneleiras chegou mais a porta caneleira nao",2018-08-22 00:00:00,2018-08-23 09:08:50
a816125df56aed4ceb50ab707dd69381,d014768ef3626e852218e98382169840,4,,,2018-06-08 00:00:00,2018-06-15 15:23:12
ecee28768abf316fafd9a17f9014738d,7dccea198365e4c9f616fbf3eef62fdf,4,,,2018-05-18 00:00:00,2018-05-21 00:43:40
935f6ced53879802325ea3dab4712133,054d2d649e0904dbf1f19399094f2826,5,,,2018-01-18 00:00:00,2018-01-19 01:46:21
ecbbcef20572e1bda676b1d56fb6a844,577b745a85120419fe27073e3c9e1a76,5,,,2018-05-08 00:00:00,2018-05-15 00:14:25
14bff8d3addf41c90d52c3cb24f51690,0cc25005d4c6ad2b8ca080644cee93d8,3,,,2017-12-02 00:00:00,2017-12-04 16:24:09
a814fbbde876f65574f1e447e6547d82,7f802d7c70300edaea3d120f8c34843a,5,,,2017-07-11 00:00:00,2017-07-13 09:54:33
13459b4d536e273de97f3484d6576b54,4ff21c3d42e746cac31c00b864aa71aa,4,,,2018-01-13 00:00:00,2018-01-13 19:35:06
68f2d11b4a02da0f1fa1d895e5d5637f,3f75656d4a9d4b3e18204bae2bd96925,5,,,2018-08-08 00:00:00,2018-08-13 09:15:49
13db06e90f5bfc56b8dd33cd2b8ee688,c0fabfdace2df4fbd9e0e958f29a2cd7,5,,,2017-12-13 00:00:00,2017-12-13 21:54:05
58f45622655a51c5dac8c7eaa25dc519,4295876088eaa108fede7b0b77109ed3,5,,,2018-08-11 00:00:00,2018-08-12 11:04:26
446f1f8531a9e0fc2e775045760f3ae6,c56e40373799e9fb580a236fd5fc72a9,5,,,2017-06-10 00:00:00,2017-06-11 22:48:18
3397ce253cdb4ef3fa6efaa47de330b2,6f6938612fdf53d7b863eec877c1fbfe,4,,,2018-04-18 00:00:00,2018-04-18 22:32:51
cee2caef945ea3250bdf7ae76bfcd7a9,e0d2a8f85504cc90d52a2ca9a8e64f28,1,,"Paguei pelo frete, deveria receber o produto em minha casa , não vou busvar nos correios, eu trabalho",2018-03-03 00:00:00,2018-03-03 16:49:40
243e3bdaa1e2e70da9877964117cccd2,32a5bc9d3f2a71d05c275cfb8d2adccf,1,,Comprei dois produtos e só chegou um até o presente momento ,2017-08-04 00:00:00,2017-08-06 02:19:50
b6b0661d82a4a51d41e8e5425fbb6816,284b02fa3e9a13f33180080d6c8fea2e,1,,,2018-03-18 00:00:00,2018-03-18 22:26:10
a7f0f65397d081914196bf9ba25b8b7f,625b3de89355b67e8efec2e3c467d6e0,3,,,2018-06-06 00:00:00,2018-06-08 23:08:13
8849323d603bb48d17f212c67ae07606,946d0f6c2be5f68f7a11380b3b2ad702,2,,,2017-05-27 00:00:00,2017-05-30 02:57:28
0575abfca9cb2ec2398dbae23a0fa470,a19276c07c1ec9208f52e764a44acaa7,5,,,2017-12-14 00:00:00,2017-12-15 02:20:13
cd7d04c6df908fddf4b2a7d954fa230c,36af11f74568a0546f14fc0e5a0c2851,5,,,2018-01-12 00:00:00,2018-01-15 11:11:04
60eb803a09fefe46e94bd88e6ff2f23a,8755ff039d17ea91d56589e906fefc9b,1,,"Perdi tempo pesquisando, e agora vou ter que perder mais tempo para ver como resolver o problema, foi cobrado e não foi entregue a mercadoria conforme pedido.",2018-01-25 00:00:00,2018-01-29 04:10:38
77d212e9b0687cc6d20927e8e46f60a3,570eccb41678dc30af2792b28b86bb45,5,,,2017-05-12 00:00:00,2017-05-13 13:42:43
4305368300e501cd44693056d2242758,b39b424d0d3ee3397614f97926ed63b6,5,,,2018-08-15 00:00:00,2018-08-15 17:23:28
5e0bf9c08d48d5397a576f666506974f,19cfffc221208eb22b66057b2afe98f9,5,,,2017-12-09 00:00:00,2017-12-10 12:48:21
7c7f6b5236e918e833cb6e3f5c6e7b35,fa13f1aebd2c53df9b0ce05ba46d9336,4,,,2017-12-28 00:00:00,2017-12-28 22:37:56
3b3c4285babc5ada121c163460da6ca2,f97b2bdfbaca9c2f04722d8cbc8cc8a5,1,,,2018-08-17 00:00:00,2018-08-20 22:11:42
8bf54468a5b8fdc7228acb5a6bfabbb7,c410d85093b93e495da87d8041af5ffa,3,,,2018-08-02 00:00:00,2018-08-12 01:06:05
87a89f5cf94cb9dc0f81ba2a41b547cf,00d5fac7792747fba4b528f23930bebd,5,,Obrigada ,2018-03-15 00:00:00,2018-03-15 23:44:37
9932dc646141c91f786d6a94e7c7c3c7,73aca43a4a4709c819920271b2743341,5,,,2017-02-22 00:00:00,2017-02-22 19:25:31
23a47a30580eb5cefffbd948311557be,0db1181e0778609b581bf9a95b17f313,5,,,2018-01-30 00:00:00,2018-01-30 21:41:53
c664f3718bbe3563fa5af68dc34c9e5e,e186fd488370885035932d8efab4212f,5,,,2018-08-09 00:00:00,2018-08-10 08:56:52
6ec6bfd7379d317a61d3deb6a5b2942a,22167b7870f3c3b844087c5cbafac521,4,,,2018-03-27 00:00:00,2018-03-27 18:35:21
d1e0fae0b63d7f4d2c3ebea3f84d768b,65744f8262c57c8b664c16aa7ec85879,5,,"Entrega no prazo, produto batia com a descrição. Adorei",2018-02-02 00:00:00,2018-02-07 17:27:45
8c1014a74edbe19fc14b214dac6da6ac,024602a52e3c89ca5f963affcd2bedad,4,,,2018-07-17 00:00:00,2018-07-17 22:36:40
32857bad6da193e931f34a96b4501a8f,ca3b58af42b9daa0734a85b70fefb260,1,,Mercadoria queimada no centro de distribuição em Fortaleza-CE. Cancelei a compra para ressarcimento do valor pago.,2018-03-14 00:00:00,2018-03-15 13:16:08
b75dc7805531d56ff9440e7114d88a34,799236014ffd7f07bb4ab4172f2f9a56,5,,,2017-07-27 00:00:00,2017-07-27 20:59:24
bc815bbe9f2507c6e7872cb73a5e73e5,cd49c5c6f772ac87200f116a7a5499e5,5,,,2017-03-15 00:00:00,2017-03-16 21:34:33
96fcb85bf56e49fb725e119a0e6025d6,f338453ca69a4ab210fb2f6184e7f6ce,5,,,2018-04-17 00:00:00,2018-04-19 00:54:59
5cdc35ff756e338d971c9b9862d574d3,c46c54fce26cfc332abf6dc199edb7d0,1,,"O produto foi entregue trocado eu comprei erva de São João e recebi outro remédio chamado Moringa Oleifeira
Tentei contatar o vendedor por telefone, número que estava na nota fiscal, não atende",2018-05-22 00:00:00,2018-05-23 16:22:52
a3b0d82f28ecdb309456572d80a08c7a,30597759d1d7db03d11b1fd56b1fcfd2,3,,,2018-02-10 00:00:00,2018-02-14 13:51:55
fde2e6abaf5bb64f7407a44741c24dec,c0db7d31ace61fc360a3eaa34dd3457c,5,,,2018-02-17 00:00:00,2018-02-19 19:28:59
ec3a2509b80269bc8eef5450e9f65589,38fd5de0bdcbb66b8c100656463bc730,5,Ótima ,"Sempre muito confiável.mesmo com o prazo mudado devido a greve. Tudo foi informado.
E chegou antes do prazo
",2018-06-05 00:00:00,2018-06-05 20:01:01
8bf8045aab97acf15f02087cbbf7bde3,2455cbeb73fd04b170ca2504662f95ce,1,,Ainda quero o produtoq que comprei ou a lannister deve devolver meu dinheiro.,2017-07-01 00:00:00,2017-07-03 10:49:55
8a3e75928427af464f981d8e99ed6657,af8eabc10c9907fe66df1310db525200,1,,"ultimamente estou com problema em compra no saite lannister.
agora esse carregador também não funciona correto espero ser atendido logo pois preciso do aparelho urgente .",2017-03-24 00:00:00,2017-03-27 18:52:47
b6a8a0f48aa53c7b6ffff5b1ba35c2b4,6a7dad3734ef2c19df2e8739e4ba0e77,5,,,2017-09-26 00:00:00,2017-09-27 01:50:22
4799e73ec255a03191f4bcc5e50ceb3e,332dbacb7e4b30fa11983953ea356627,5,,,2018-05-08 00:00:00,2018-05-10 19:55:21
7abf3ef911ed8ede3a1e3d02e8606221,a85b39b522ebdc78718abeca337444a5,1,não recomendo,"os pendentes vieram descascando, um deles amassado e com o acabamento dourado com defeitos.",2018-07-05 00:00:00,2018-07-09 23:29:22
1796647cacbc755d9dc93263b9950d2a,064df82a5ad596912cc304c6c72a42bf,1,,"Fiz a solicitação de cancelamento do pedido e não obtive resposta da empresa. Ainda por cima consta no site como produto entregue, porém não o recebi.",2017-03-23 00:00:00,2017-03-24 23:06:41
6d9e026755d4aec54a2334e9b6d35b08,d16f9a68b1aa5e1e872a86a474930835,1,,Ainda não recebi o cinto.,2017-03-09 00:00:00,2017-03-09 09:54:48
e0932118a8c455301e8b9314343ed5c9,e04227003e31c861c6d5953a9ecaffb9,5,,,2018-07-04 00:00:00,2018-07-05 14:59:25
1309e136a41c9f8d07407d21c32c42f7,e567001ce77d68566b016e7929c11bfa,1,,Recebemos apenas uma luminária e o pedido era duas. Estamos aguardando resposta da loja. ,2018-02-03 00:00:00,2018-02-03 20:10:56
85671c1f5aceb80a9124fb531bdc60c7,a72cf1dee03a23942590dff282e7182f,5,,"Ótimo vendedor, recebi o produto um dia após a compra, em perfeitas condições. Foi super rápido, surpreendeu-me, - sem a menor dúvida recomendo a todos.",2017-10-11 00:00:00,2017-10-11 18:15:36
9be3d2459f9f1fb3a1ce67b34713e1b4,3b9dcb2d70c63a5eb59ebc066b9900ad,4,,,2017-09-20 00:00:00,2017-09-21 11:20:28
f764cc9ca5bec64c216a6ea65984d7de,9764559652cd9a07586f59136848e1f1,5,,,2018-01-17 00:00:00,2018-01-18 10:25:06
f9e94a3ea72eb008714223dbd5165041,f6ed70efbc4d10c18ee1897b7d1a7ae2,5,,,2018-07-26 00:00:00,2018-07-26 21:30:56
a510ad51f41f70454eb3d5f10edfeb49,2483fa0e74034abf26bb7843b1848564,3,Dificuldade na troca,"Logo após a compra tentei cancelar o pedido porque queria todas as cores mas não achei onde fazer isso no site. Fora isso, tudo conforme o combinado",2018-05-19 00:00:00,2018-05-20 16:49:35
a19bb73533609291999c16079e7aec8f,45f1ccbf2f111134d9763586f13b76d9,5,,,2017-03-30 00:00:00,2017-04-02 01:16:52
2c2432d857c4900d81ee671aba383ab9,4d900e76023789e5f55022dc71ff16a1,5,,,2018-05-01 00:00:00,2018-05-01 15:34:39
284b2e534f8694766f0c48cc12ded586,6012c4f6717daddf50ae413224098301,5,Linda Manta,A manta é muito bonita e um tecido muito bom! Recomendo,2018-07-20 00:00:00,2018-07-20 12:27:57
39e9747c4486b9683a235cf27b2bb9f2,258d79062482663262a46174dc7d38f8,5,,,2018-06-29 00:00:00,2018-07-01 22:58:26
d8d252ce5a3f36b441c97ea363680bc7,93a4103fd6a1562ec4442ddb02a38c5d,4,,Estou satisfeita ,2018-02-09 00:00:00,2018-02-09 22:00:32
16e5f6944cc9b5831fc993dd381aafcc,6c8c84221e424ef0729c9e08d70ad8c7,4,,,2017-12-31 00:00:00,2018-01-02 20:06:59
dfa407ceaae231c41d20affc7c20775d,8dad890455db66ffac6129c12a659b6e,5,,,2017-05-06 00:00:00,2017-05-08 13:09:00
438b499f54607ad80054d89b02a1b72c,48997989a21e741f0f93be9870c82b90,5,,,2018-04-06 00:00:00,2018-04-06 23:34:58
863ae91a5e641fa070dfed4ada12f877,b75531d67f9616e9012cea103a187c8c,4,,,2017-03-24 00:00:00,2017-03-24 21:59:19
87ff234dd040bf7f8618079f3a15e284,2f9e3156d784ec07c5e1b8075263562f,4,,,2018-06-19 00:00:00,2018-06-20 13:00:42
f9056df5097377c6e002bfedaaf3c50a,ceae0f133957c3337b7f630eb8bf80d9,5,Muito bom,Muito bom!,2018-07-21 00:00:00,2018-07-23 18:49:27
f77f1876763c2056f9ccc3ac18dce51a,deb53c75e6fc731052963598e2553698,5,,,2018-05-10 00:00:00,2018-05-10 09:14:31
8d5d39fcfc845e18b213944553fe14a6,f7cc237b35aef540d178cf5c41095769,5,super refcomendo,"Entrega super rapida, bem antes do esperado .",2018-04-20 00:00:00,2018-05-02 11:40:04
448fe45d6a425cfec99b4751375beffe,39f7f311dd99e8f71f8d16bda3c615ad,3,,O produto foi entregue em um prazo menor que o programado. ,2017-04-13 00:00:00,2017-04-14 01:24:03
4a02a700b8ef996c8806eee6e1302476,717255f43d5c9b702e9bc8c7d03a82ad,2,Recomendo parcialmente,Eu sofro de uma dor muscular no ombro esquerdo e no pescoço também lado esquerdo já fiz vários testes com o referido produto seguindo o que manda o manual porém até o momento ainda não obtive sucesso,2018-08-15 00:00:00,2018-08-16 17:43:59
c2207b69c65711a326924e522ae08f9e,6ef172eee30cfbfa01516ce2eb2ee68f,5,,,2016-12-02 00:00:00,2017-03-02 22:32:26
27ea031ffe88a17acd94076339738ce5,1801ac1e33ecd0aaf015d7b7c0e70204,4,,,2018-08-03 00:00:00,2018-08-04 04:17:57
36e9eaab7bbcb12637acac943b8bc40c,d7defcb8f59419ce565959f595bbb988,5,,,2017-03-18 00:00:00,2017-03-21 08:42:11
da92fae29238c703d94608b747eaa856,af6e07a86cda553646ea0f7039453591,5,Ótimo ,,2018-06-19 00:00:00,2018-06-20 00:08:42
95ae1e11bf6059749dfb6a05f83ae081,28fb48574c983c05540825d1abf49e26,5,,,2017-07-19 00:00:00,2017-07-20 03:41:58
ba713bbe88a797ad0df56cae1ef9087e,8e572fc4edc8dafc89bb18bf812916e6,1,,Não cumpriu o prazo de entrega!,2018-03-07 00:00:00,2018-03-09 14:55:54
1f02ac57c8d0d283f911b40a4185768b,65b2eeb525259ca3e5e6028075d8aa23,1,,,2018-06-27 00:00:00,2018-07-02 15:04:45
48fe29ff7afb01dc5420dd679a48ef1a,1a494062b68a8ed99ba9171cb9c9aef5,5,,"Gostaria apenas que a empresa que me enviou o produto cuidasse mais com a embalagem, pois recebi o aromatizador numa caixa de sapatos com imagens de pantufas rosas e pantufas de estampa de tigre.",2017-05-22 00:00:00,2017-05-23 12:46:20
0d2d40c7c16cc302231bf648aae65d90,92e3a3bff7261e031fc2901b229ce73a,4,,"Só não recebeu 05 estrelas porque não enviou a nota fiscal em PDF não emitimos nota então consigo ter acesso a DANFE. Gostaria que me enviasse, Grata.",2017-08-08 00:00:00,2017-08-08 20:00:11
01291a39bf79eea405012fdd541442f3,e326f9904d668c8e2fce637b8b1fabe6,5,Ótimo,Produto chegou em perfeito Estado. Bem embalado e protegido. ,2018-08-02 00:00:00,2018-08-04 13:03:49
17a6e5ebf97d583b0ca21315561a019f,2b749af514f3e9bd00fb20b105f36a83,5,,,2018-08-22 00:00:00,2018-08-22 19:56:40
87666b7fe11059899bd6306a0bebb955,5d2331c2b9c856b5b42d3c9f0c9b97cc,5,,,2018-08-25 00:00:00,2018-08-25 21:51:53
60a1928866d63f15ac3f418f4cafa030,da291372a3562b947e6b2b57bbfa5b74,5,,,2017-03-03 00:00:00,2017-03-04 13:52:59
19238036379b1539c2f70ce6b3c196a0,8a5c6f8c338d3e4804bd969ba46d5d0c,1,,"A entrega de produtos de parceiros deveria ser baratheon . Correios é complicado, detona um nome bem construído.",2018-04-05 00:00:00,2018-04-05 13:40:24
bb8eb72d64b74167188fe7dc139ee303,94334c434972d5f591d2e72330935d25,3,,,2018-07-03 00:00:00,2018-07-03 13:58:09
6503d3a860c491de8f1bc29d1b9bf3f3,3b8a3138cb95908731feea1a6e456ecc,5,,,2017-02-17 00:00:00,2017-02-18 14:45:12
0abc4570f1c6d241d4a1b4bd28617c54,46513a6be6229688ac9b3144f995f95a,5,,,2018-06-14 00:00:00,2018-06-18 12:38:34
08a06f52e27f694f6d0cd2b5785188e4,df408c5fd9ac041cb84e393a6ff9e75c,3,,,2018-02-23 00:00:00,2018-02-26 02:19:15
2b962c7bbbd275fe7099a6a337aabccb,84ce3bfa332a0a5e57045f91f6dce21e,5,,,2017-08-11 00:00:00,2017-08-14 12:29:53
114242cd3e81185d6106d34bd189a183,dd8532619e81337caf4ddc77fb34d981,1,,,2017-06-04 00:00:00,2017-06-06 11:50:35
33665b06a550a3afdc054dc51218044a,2f5c5719818df4d83050dd5174ca0288,4,,"Foi tudo bom, só os correios que entraram em uma greve que atrasou a entrega, nada mais, não foi culpa da loja.",2017-05-06 00:00:00,2017-05-08 22:37:45
943fb4aa7f8cdb920331ae80cb83edae,3c2ce68a8ae197f1c0761e0e49486673,5,"Recomendo, claro ",O produto é de primeira qualidade,2018-06-02 00:00:00,2018-06-20 20:17:03
cda088a545d86fd6bfeb377de0b6c8c2,6c2953724cd30669e1b904e179a2346f,5,,,2018-03-13 00:00:00,2018-03-13 17:36:14
41788a46649ca7a7bdb56e6559dba633,3d27905aa7b2ee7fc7bac918f949ea18,5,,,2017-12-13 00:00:00,2017-12-17 00:55:27
af22abbe992b1420279ec0bd0dee946b,30d2a2368488274228f1d64c2ab3231e,4,,,2018-06-27 00:00:00,2018-06-27 06:05:35
2e3787c866225119d7c933dc263c8f2d,527ef7d428c7f5edbd92451ba0b7ce70,4,,,2017-06-20 00:00:00,2017-06-21 11:40:01
c96769103822c4f918ab8fc26b676a14,7af07887f8840085ae4b65cb52f4af29,3,,,2018-07-24 00:00:00,2018-07-25 10:48:57
c872fc1e9874e770dacebabc9b4027b5,55239e09e4cd4de5e2e69452283e9b36,4,,,2017-08-10 00:00:00,2017-08-11 16:12:16
7a41efd81fbfb6bbaf72015c62b81134,8bf12a5b441bd86a1edbccb6137c9b0b,5,,"ótimo, entrega antes do prazo.",2017-09-14 00:00:00,2017-09-23 00:36:10
3c663ff1b7a1bb2e03a17f6addc145ac,3124684fac5c06e0aa798a6c20b9413a,4,,Recebe o produto que tem baixíssima caloria e preço acessível. Muito gostoso. Valeu a pena!,2017-06-29 00:00:00,2017-06-30 14:39:48
9e63415a8d62e432073925b2f70979ff,65959cbdb267c29a5cb0021a367df75c,1,,"Os produtos comprados no baratheon sempre haviam chegado, porem a lanterna de led que comprei não chegou e não foi me dado nenhuma explicação para isso.",2017-03-23 00:00:00,2017-03-23 15:18:07
46601fb68263754fe4c2cdcc1ba7d0b9,96d921e9bfe801df7426999a566a8aeb,4,,,2018-07-27 00:00:00,2018-07-29 22:08:00
53e2d5ec5fdab02bebe8dd72e5c369e8,f4d8046ef75f7f0f6cb957b00531b6f6,5,,,2017-08-22 00:00:00,2017-08-22 23:28:33
60be01443832142af0a9244ac8315d59,a37f223ddfb275821019dd70ef97b23f,5,,,2018-08-22 00:00:00,2018-08-25 09:33:17
01c6532b7914560b5051daebd3210c38,886e9aa900cc918c87009fa3bbb3a493,4,,,2018-07-04 00:00:00,2018-07-04 22:23:57
3e759ce638297814f0c8d04e28981a26,36d41a5b60875876ac9f3dea8d233a1f,5,,"Comprei de presente para minha mãe que adorou , pelo preço achei que seria algo ruim mas me.surpreendi e a empresa foi rápida no envio só não chegou antes do prazo por causa dos correios.Recomendo",2017-12-19 00:00:00,2017-12-20 10:36:30
69f9ea4cac44db3a5185460e51181da7,379c468e2dc90ec7cd68bacf13ecca13,5,,,2018-07-21 00:00:00,2018-07-23 23:44:49
921869635d4f812d1ade6418a6ff442d,6660a709a26684b66ea12d604ddf0579,5,,,2017-09-28 00:00:00,2017-09-28 22:53:15
cbdae08a49d4bfed49c9e7fd705d964b,f20750eceab3ceac5ce19312fd1a12e7,5,,belo trabalho recomendo recebi antes do praso,2018-04-24 00:00:00,2018-04-25 16:11:08
1f58fdeec8f079e90b3d2d7f64b87c59,562f6c47e1f1b9b37763db9d5ae00e3a,5,Bom,Muito bom a loja entrega no prazo ,2018-05-15 00:00:00,2018-05-16 10:19:47
c78307b38de6734fa593c77da0e0d81e,28a591d0271b8c507e0380cd95521572,2,,,2018-04-15 00:00:00,2018-04-15 22:53:10
470b44f206bde3c37b8cf9870fa53180,164aa207e1b3a4ae050656051249e753,5,,"PRODUTO ÓTIMO, EMBALAGEM NÃO ESTAVA EM MUITO BOM ESTADO, MAs O PRODUTO ESTAVA",2017-07-15 00:00:00,2017-07-17 22:31:12
f854863d59d31f12678b32df07d00ef1,c56b1a5e46d033165cc4440b9878e64b,5,,,2018-04-10 00:00:00,2018-04-11 11:01:50
b2662cf1dc97d8cd24ea1279717e74eb,628b831e2fdf2322f2aab4ab14fc9cbb,5,,,2017-10-18 00:00:00,2017-10-20 17:35:31
084b791f559fea2ad57293e9ba597fab,81378cf8e638ced3a370966f23a32ca4,5,,,2017-12-08 00:00:00,2017-12-09 10:13:16
05f951c3ffa5712f2efef3a681bc6924,069d921a767dfeb76fb4a7f39bc4217c,4,,"Gosto muito de comprar neste site , nunca tive problema , sempre chega antes do previsto. Espero não ter problemas nasnpriximas compras. Continuem assim !!! ",2018-07-12 00:00:00,2018-07-12 23:15:56
ae98b702c5e10d497bf76b7d620bad0a,1d9c50c894c0353c480222a9de8512a4,5,,"adorei o produto, chegou no prazo e super otimo o produto. ",2017-12-29 00:00:00,2018-01-02 10:32:09
b85476ba79cb6e9994f1d86a60d645f8,9725a1c59138f30c5dba936ca3a2de34,5,,,2017-02-09 00:00:00,2017-02-12 10:02:29
0f2cfa19a4bb553cc1f97f243409def5,4c4c18f172becac0b104709006c11a9b,5,,"Produto ótimo, demorou pra chegar mas a loja cumpre o que promete ",2018-01-04 00:00:00,2018-01-04 20:29:39
018563b9dda5ddf341632220ac9d2384,f5931f16ce0aba5c5f948d17919d04cc,5,,,2017-09-30 00:00:00,2017-10-10 15:32:14
0e7fa08b4fb918001c116540de8f5f70,db43c1a570e28fe9da60a444e3616a2b,5,,entregue dentro do prazo super recomendo,2017-10-04 00:00:00,2017-10-05 13:05:35
838df1ee16b54bda93983a488c82dea9,0c2cc9644e4c9bb77092c7971cc436bc,3,,"Quem embalou devia ter colocado o produto em pé e não deitado, pois o referido produto vazou da embalagem!",2017-09-06 00:00:00,2017-09-26 21:57:56
f179a0b75e24a44035b19a9f3e1a6540,b6940503a9b26d72b8b41ae29a88e0d1,5,Muito bom ,Gostei bastante ,2018-05-24 00:00:00,2018-05-26 20:08:26
ed63513cdf5d9a5cfb2a2aafd68da92f,2c688788cf900283017516f05f50ebb7,4,,,2018-03-30 00:00:00,2018-03-31 12:35:59
ed043fc00ac06c61be5204dd3f5ad65e,cfebb97f36814d6f42de3df1e03d0210,5,recomendo,produto chegou antes do prazo. excelente material superou minhas expectativas.,2018-08-04 00:00:00,2018-08-05 10:38:56
45d3b5cec11477992fcc61334ad43dd6,956fa289d4963732b9c806fcc3eb3d57,5,,"Produto muito bom . 
Excelente custo /benefício .",2017-11-01 00:00:00,2017-11-02 10:19:21
d0e393ba4b8737b280accb18203a6c51,9dabd200c58f609f380ecd1e44898086,4,,,2018-06-28 00:00:00,2018-07-02 10:16:04
25dcc2346c773556af19ff747e9d1e58,7829b2091dbfa41a6b5731cbdbdffe1f,5,,"Tenho em prazer em comprar na lannister, nunca falharam em nada comigo!",2018-03-27 00:00:00,2018-03-28 11:10:51
fc9b798e5c52ca68bcb7f1e98ad1d988,d050bb999c176f3275ed9876c64e0033,4,,,2018-04-03 00:00:00,2018-04-04 15:24:06
28099406ffefbaa66085cb05bf540a75,ce9e623dd0def1f905a5c5ba0c99f65a,5,,,2018-07-14 00:00:00,2018-07-16 11:07:09
0b441e62822d1cfea3d81152750efc34,6b62e435ad4cc81a538f9a279049f490,4,,MUito bom,2017-04-28 00:00:00,2018-03-01 16:13:09
9b9d23b5fef18b97161b0201e4b9f412,0a32aa7d8d3f344fb31eac306336daac,1,PEDIDO INCOMPLETO,"Cobrado duas caixas de lente, com a nota fiscal e chegou apenas uma das caixas , utilizo lentes de grau diferente . aconteceu erro na separação do produto e empresa não entrou em contato até o momento",2018-05-03 00:00:00,2018-05-03 18:53:37
ca2fb34d8c9fc880f0f94dde4b17e8e3,fcde2f7449493b4f207a23fae117b0fb,4,,Faltou os acessórios.,2017-06-14 00:00:00,2017-06-17 15:18:36
8f451e1cf55dd3f4a5c6e9607a07c561,47c29eebd9fb0e4d67c674f78e396be4,2,,"Bom vendedor , porém foi entregue um produto diferente da compra efetuada.",2017-11-16 00:00:00,2017-11-16 10:34:58
3ec9cc2323512ce30a5dc1b24f60ea27,370e2e6c1a9fd451eb7f0852daa3b006,3,,"Boa loja
",2017-03-31 00:00:00,2017-04-03 01:44:43
bc66d7115cce183b449d10201f143197,137135c30e53ddac60ef16b8ef6d4d54,1,,,2018-04-07 00:00:00,2018-04-13 13:57:33
24d0028af180cdbe3c1a8fb9dfe839e0,750a504dabdd1c0910ec98db80d14ea2,5,,,2017-08-01 00:00:00,2017-08-02 14:08:26
3de641269ae1417d4d654c53d2f02889,933f646b0564df1cdc8c8b7427d7c116,5,Amei o produto ,"Produto original, de excelente qualidade. Uma cor bonita bem viva e bem grosso. Eu recomendo. ",2018-06-06 00:00:00,2018-06-11 02:10:45
8c490d0ee5db7c70a8fa86a70cb821b8,4c4590c53b8582812e4bf510d3e55e58,3,,"Produto tem um tom de cor diferente da foto. Houve um problema em relação a entrega nos correios, mas a entrega foi feita antes do prazo. Não usei o produto ainda. Mas acredito que seja se boa qualida",2017-08-18 00:00:00,2017-08-19 00:30:45
4ea5bd6b6a71de8aa325bf0b356aad51,3a8e8e947707941c5e3af4aa4da84478,5,Produto excelente,Chegou em 4 dias super recomendo,2018-05-08 00:00:00,2018-05-10 17:08:32
d5ffe9efa3f34c16a4ca93f77592215c,e83965852a6e35ed713250e090367ff7,1,,Aguardo o produto,2018-01-06 00:00:00,2018-01-06 10:11:02
0f8087f913359425e04d835aa8adb635,ad443a68e64f21acbda949c91bbe9aff,5,,,2017-10-21 00:00:00,2017-10-21 18:13:30
bcc883eaa198137671b06cc4d5594c5f,7f984c0a94661992ad50329fb29359b5,4,,,2017-11-04 00:00:00,2017-11-06 13:05:25
2cac0f6c4ca90b9d3d27f03c64ef2a8f,338cd98c972c8d9b015759974ca7446c,5,,,2017-02-03 00:00:00,2017-02-04 07:17:26
07baf5016e68c72ea2b98dd4a2953230,b268bc99a523c42dc0bfe0149cd1446f,4,,,2018-07-04 00:00:00,2018-07-04 23:59:01
3351ad1a5c81cc3587ba93222a0b1683,52b9a4ef7e4655cb918edd7613606ce1,5,,,2018-05-10 00:00:00,2018-05-16 00:31:18
fc6104bdd818d947edb612c4156b3c70,1d0acbd3a21cb00b1cede4db748fa0b1,5,,Preço bom entrega rapida,2017-09-16 00:00:00,2017-09-29 17:58:29
041aafa39218443dc4c39a63eec90ccd,6fd9d5b35f04ff5c30e58111b9ecbff4,5,,,2017-07-01 00:00:00,2017-07-06 23:01:25
9ad8f4ee004921fa381e87e966a2d96d,b409363b150c3fc8fe6dddae1bceb1d3,5,,,2018-04-12 00:00:00,2018-04-13 03:00:09
0eb80057f6811de4563947653af69579,d7b2d3b902441cf3dd12cd125533217d,5,,,2017-11-14 00:00:00,2017-11-17 15:58:07
239b7bccf014ad1f54bc97eb219582bf,9461233f007294d53c027b24648e02f3,1,,Eu não gostei demorou muito passou do prazo é o produto não chegou e por isso tou cancelando o pedid5,2017-05-10 00:00:00,2017-05-10 10:58:15
dcc213bab55564cd4b4bdf11e36c91a0,16e9aa07e3c0747d339a73bf9c1d275d,4,4,bom atendimento,2018-05-04 00:00:00,2018-05-07 12:28:25
aeed23162014d941565b064d8fd272f1,5bf4b0c6624c03f4a531a60082fab3b5,4,,,2017-04-04 00:00:00,2017-04-05 13:14:21
2a2d19cadff365b42d1eab1f98e2801a,de219d6cf606e877fc9a0df6b811ab61,5,,,2018-01-31 00:00:00,2018-02-02 09:19:54
c8692865914c2efea9beeabd8cad1136,74b7f4373a78df8c16862d9d0875c5b4,1,,,2017-07-28 00:00:00,2017-07-28 19:36:22
0ef97c82c59f66e42b21758007ed94d4,c5edb2bc00fb701345fbe2bd9aedaba4,5,,,2018-05-22 00:00:00,2018-05-24 12:53:45
2a80fec37779cd98fc3313e823ed5071,dc3400f2dd273de43a390ec373f09efb,5,Confiavel 10 ,,2018-08-14 00:00:00,2018-08-16 21:37:56
68ba53481e164d5cc52fd94f1d6e746b,ab1197da15cbff2ec70e2d58824ebaf9,4,,,2017-09-14 00:00:00,2017-09-18 19:25:16
f598b37f58120c7faea2eced033beac8,c3d82084f95e12ecd6cc271e0c225175,5,,,2018-08-10 00:00:00,2018-08-10 21:58:03
7a8c6bc0ba8421c51f3e69323f45a5cb,9d9866633100cc4ffb5fc63ee78fb52f,5,,,2018-04-12 00:00:00,2018-04-12 14:45:34
7415ece6343760e1f9e77fe5ba5edf5a,dd36773263ff4067f6b50d5a7ad9d8b8,5,,,2017-05-16 00:00:00,2017-05-17 10:38:53
954560462db3380721033b76fd9c4f20,179e23361d372901e40a92f8c29bd61d,4,,"Ainda estou esperando , recebi um produto comprei 4 ",2017-12-28 00:00:00,2018-01-02 02:55:54
61ecd45a5400f6d8c1dc0925240b7bb5,1fed99a98b731643b3b81a56f08b4bfa,5,,,2018-07-26 00:00:00,2018-07-27 15:41:36
6d023d8504a44a13ace21c65739ea94c,eaec6e2d982640b10c56b8eb00049f51,5,,,2018-05-17 00:00:00,2018-05-20 20:01:05
3db43ad3bf533b0278722d16daede7ab,f26f92a3da58e9c771820a7b4d9a6800,5,,,2018-02-20 00:00:00,2018-02-20 23:04:58
3da814d9b7b26f06ed712edb6a28c9c6,d2ce9688abb199cda1a106b293847827,5,,,2018-08-31 00:00:00,2018-09-01 17:35:09
1d594d66e5130cee09042d7179bc2525,2e8f6d00a2eaf2a625d99b8d0ec27627,5,,Muy hermosa.,2017-06-15 00:00:00,2017-06-16 08:47:14
420a200b64eec725b52bf2257f5a30e0,3d6b0a5241a441368d12c56b313c6f70,5,,,2017-06-23 00:00:00,2017-06-23 19:27:18
8fbe9aac661c168d64b2651548ef89a8,67642a6b87ab5c8cdfffd5b81da8a501,4,,"A mochila é linda e de material de ótima qualidade, meu filho amou",2017-11-28 00:00:00,2017-12-02 11:35:31
a4ae4006a57aba757e20b2224497432d,c73c7b94754de2363ea55ba35902321d,5,,,2017-12-20 00:00:00,2017-12-20 17:21:33
94c3a8b54240c9cd574b74a2c2cd59a7,4c22be46e1fe5c05c6ced534449f7432,5,,Excelente,2017-11-09 00:00:00,2017-11-10 00:00:09
aa5fe66430218028c33d4652fdc06c70,6d1941372f0503efc3953bd3b24bb512,4,Muito bom,Foi bem rápido parabéns ,2018-07-06 00:00:00,2018-07-10 15:03:18
27f20f535972b8ddfcf21eb0b191dc3d,fe2acdc8b73107a92358adf3005a5433,5,,,2017-09-09 00:00:00,2017-09-10 14:58:12
5c87f963622e1ddb9e933f82114f4a01,1b68cfcb862b5d454c4812021edbe3b4,5,Excelente,Nota 10,2018-07-25 00:00:00,2018-07-26 11:25:13
94fd7f22b7726946bd37cfca8b5e0399,2cc8d5dba04e5be26d748ef75e708770,5,Adorei ,"Comprei uns 4 produto para vem ser via,chegou os 3 ante da data para chega,só falta um produto meu chega .Agora só vou compra as coisa no baratheon.",2018-08-03 00:00:00,2018-08-10 13:01:53
c6217f72e7cc770cf87850f919db81fb,41d0cc817d720d7f3860716b335a3cb7,5,,,2018-08-08 00:00:00,2018-08-09 16:15:01
41be391f2c1f4d409e45042996953460,0d10abc3bc3707c914cf5197ed2eb31e,5,,,2017-09-05 00:00:00,2017-09-06 01:03:43
447744ca33548b7b5a09676894e021e1,1fd64d652fae27df0e9aac1f4e605984,5,,,2018-08-04 00:00:00,2018-08-04 22:28:24
e6680db736f52c334cfc5608cb667300,ed2c57fed139a0eca6a0204624201f0c,4,,Produto entrgue dentro do prazo,2017-05-17 00:00:00,2017-05-17 21:56:20
81405cb411490464980cc8bb7204c3bc,51a7d7d26116c0eaee6bb35ea667dfda,5,,"Cuba impressionante de bela, nas lojas aqui custam cerca de 220,00, vale muito a pena!!!",2017-05-05 00:00:00,2017-05-08 00:09:29
47eedc7decefbfea3a4ecd78fadec39f,518a27a223dd20b3d2030d2a5d9574e8,1,,"Boa tarde.

Recebi o produto sem funcionalidade e solicitei a devolução.

Mas não estou tendo retorno.",2017-08-18 00:00:00,2017-08-30 17:48:02
eaaa41bee6848e426757573b8a2b9b5e,7c67a9f94c58c5b1c1a40953151fbccd,5,Ótimo ,Muito bom o produto,2018-08-31 00:00:00,2018-08-31 16:48:59
e192d07a7fef2a711062ed27f51cfde3,26298a4e971b2abb0e472ae55f3a6cd0,3,,Ainda agreo a entrega,2018-04-21 00:00:00,2018-04-21 22:30:06
aedca79b984f8ad69044ea48a8f91be7,93e89f81c82a22b8095dd19f7f973abe,4,,,2018-02-24 00:00:00,2018-02-28 04:45:08
15e7e581808bda9dcc02eba05aca20e4,3e6378294bcb6ea2ff0ff1eb3ba7388f,5,,,2018-05-22 00:00:00,2018-05-24 22:08:03
bcbf6d6aa71dee14608994e468c2b900,45ff50616aff4d99cfaca273317a139b,5,super recomendo,"adorei o produto, a cortina é lindíssima, vocês estão de parabéns, chegou antes do prazo, serviço excelente.",2018-05-08 00:00:00,2018-05-10 21:32:22
7b7bd6cc0d8eecc2f7fc6110ec1f0201,210e60465099814a1d2c7635e4065153,4,Bom,Espero que seja sempre assim rápido e produto perfeito.,2018-05-23 00:00:00,2018-05-26 00:40:44
0d15750b6094880358ceec278e20d406,7c496cea7613c2efe6033e93e573347f,2,,"O prazo para entrega era até 14/12/2017,e até ontem,18/12,não foi entregue. A loja não cumpre o prometido, mesmo com o produto já pago.
",2017-12-16 00:00:00,2017-12-19 10:18:58
8c0c9e4d1f0bf2a308f8ad49ea1691b3,3331dbfe6f55503bd3b962d95445ac7f,4,,,2018-04-10 00:00:00,2018-04-10 19:09:32
900b2d55195236c687254b8d60beb704,aa4634ff761133d98df37cc039021823,5,,,2017-11-28 00:00:00,2017-11-29 04:44:15
0397ce926405f4c8530f7859b6967d4e,f1d8785bcee63b8e0354436ac2f2a546,5,,muito prestativo ,2018-04-19 00:00:00,2018-04-19 17:03:10
3d87b8a149c9ff347b0dbe3474e99aa2,a2dd87f10cd0b3cdb73c6ba52e333250,2,,,2017-11-11 00:00:00,2018-01-11 18:50:58
30ed41912d9ca9c27704a92fbe905696,f2710c3e65b68cfc927a8aac6ecebe83,2,,"O cor e estampa não é igual que a foto,mas ...gostei..",2018-01-17 00:00:00,2018-01-19 15:11:32
f92413c1da9ca78c5aedb013f620bf3b,431f71d848d8dc0ee88bdd5ab9697865,1,,Comprei duas capas no formato gota e me entregaram outro tipo. ,2018-01-27 00:00:00,2018-01-30 12:44:29
f47d028b504f238cbfdd2bde03f7dfd3,aa07fc0f496d65986abc9044683b8800,2,,"Estou tentando ligar, mas não consigo. Meu produto chegou antes do prazo informado, porém veio com rachadura, quero trocar.",2017-08-26 00:00:00,2017-08-26 21:45:16
59b12e70f7d01dcd4081a80c5fdd857c,90c1f1431bde35c669aa2ccb03f78553,4,,,2017-09-09 00:00:00,2017-09-11 14:33:37
1b18142d0bfd83185648dc78e81ba925,aa9b1d8c2b53c8780216ea7c3b88452f,4,,,2017-05-06 00:00:00,2017-05-08 15:48:26
fe444d0bec2b89da1a94f55a33a8930c,e5bc812e034a9041261c8637e4dc4497,5,,,2017-07-29 00:00:00,2017-07-31 13:16:30
22ec6c32e69b64118c0bfaa4443b7204,c10c68068674aaf6ca04ad0387969333,5,,,2017-05-25 00:00:00,2017-05-28 16:43:21
2486dec8ac0f7cb4d8a894cc6b3c3338,8d771479430ddcc5431d2ef4aa207204,5,,,2017-06-20 00:00:00,2017-06-21 23:03:26
443de2650a9ec7697c8630cd35c928b9,963cb654293e98ba41a3c609d2c3ca4d,5,,,2018-02-16 00:00:00,2018-02-17 10:54:08
f1f06eeff2e2c92a6a4bd4b338ab05d9,cda07ad4f2f777317f2d6b2e3621a5cd,4,,Transação rapida e segura.,2017-09-30 00:00:00,2017-10-02 10:36:51
dbc7c9c6472b461c9a92de317f0cf176,c26b94aa87e95d1c1eb1b592f43eb223,5,,atendimento ótimo em todos os sentido,2017-07-11 00:00:00,2017-07-12 02:45:48
56647f8fbe7430f42719c0510d99e636,21a00b08cbeb5716bbb66105e3dbd850,1,Produto trocado,"Trocaram meu produto, me enviaram o produto de outra pessoa.",2018-08-25 00:00:00,2018-08-27 14:39:04
063b9793774bd3df87799328d1f560d2,248b9e7139f9afa6227c51a42ecb915a,5,,"Super indico o Site,... Entregaram bem antes do Prazo indicado na Compra!!!",2018-04-12 00:00:00,2018-04-14 15:08:49
1d1521df8ddf476269870edf7be74a73,22481cdbb6f8a97cee4e2ba46d59c024,5,,O produto veio dentro do prazo e em bom estado.,2017-05-10 00:00:00,2017-05-11 10:36:01
6f28490842d1cee592ee8c8a0c4e961d,bf5d8018171eeb0788be7f1c871eb981,5,,,2017-08-05 00:00:00,2017-08-11 01:03:26
a37a4df08414757e210e830244543497,0487007c18089d38f1492091945d7ba8,4,Boa ,,2018-06-09 00:00:00,2018-06-09 21:43:58
7096ad4bffd239f78cdba05aaae3e889,92b4d74d8984ddfd468fba03281fec49,5,Compra Berço,,2018-05-04 00:00:00,2018-05-05 11:47:52
325230ecdee34dd4cecb36a5838b205e,7c14826dc2064f880f7652f2b1da73e4,4,Boa,,2018-08-04 00:00:00,2018-08-05 04:15:58
fa0c005904a32427ab97a3d3d2d62730,a85c8521d3ad60bf120cbacb00e099ce,3,,,2018-06-19 00:00:00,2018-06-19 16:53:22
9905d967d23f44ace960f7f73102d63c,817d88483f5ef3f2c934506d7d890888,5,,,2017-11-07 00:00:00,2017-11-07 16:49:30
4ffce642e2d875cee1f58ae187621408,03ea970e60ecfa4b84a69ddc665262a5,5,,,2017-09-27 00:00:00,2017-10-03 19:41:09
b1335ab6369036a1935af133cea0b009,0589d8b975f21fea2ad626ea99527911,3,,"Falta entregar o resto dos produtos, dessa vez não demorou, muito da primeira vez demorou um mes e 10. ( vcs deveriam abaixar mais frete de vcs que é muito caro. 
Obrigada",2018-03-08 00:00:00,2018-03-09 12:06:05
51189ef7b599ff019ba242f384468319,c262d9407971d247fc7683fc716ab9ab,1,,"Deixar o cliente sem notícia do produto fica complicado, o aplicativo só diz que a nota fiscal foi emitida e agora recebi um e-mail dizendo que não tem mais previsão para entrega",2017-12-21 00:00:00,2017-12-21 10:24:46
a7b93742ddd10d4d5bb24a743873b6d2,4e5128aa6e63f380424a245a12444fae,2,,"produto chegou correto, ainda não foi usado",2017-11-25 00:00:00,2017-11-27 19:05:45
c400fd7c5672253a34d7d8a51693f8d4,d2f270487125ddc41fd134c4003ad1d7,5,,,2018-06-06 00:00:00,2018-06-07 03:00:11
e7b23b015000d93205923171b39862d9,979f8ea562e84d3ed962b250fc08976f,4,,"entregas via transportadora muito demorada
",2017-06-29 00:00:00,2017-07-02 20:15:48
2ce76fa8c03f046a65c538409cdcf4b3,f008d12c8af46ec384fe7917b2991f7f,5,,Recebi antes do prazo estabelecido o lustre é lindo ,2018-01-17 00:00:00,2018-01-20 11:31:31
9110bbd14e46009baaac803def704f63,793e8a915e5cab9e60a0315c67380b12,5,,Excelente,2017-10-17 00:00:00,2017-10-18 02:22:38
bcae0069c2a5101d0a6c5d5d620b3175,7d15087ec6066de9ee6e63afe93ef9b0,5,,,2018-02-28 00:00:00,2018-02-28 16:37:18
9f8139f7502f94239e935c24f07a0145,e466da8b1fce311e8469cb62530c18a9,5,,,2018-08-18 00:00:00,2018-08-21 17:20:59
3f56d83123a71a838316b37076069d26,56bafc014f8ed2f34cfe598592c65fd8,5,,,2018-06-20 00:00:00,2018-06-21 15:26:03
f69b2b66d97e1785964c4e93e01d2ebb,d9d2ea110b9794283aa5100ac9ec718e,4,,,2017-12-29 00:00:00,2018-01-01 00:12:45
6ab53d298ae9487aa3a78898900e9e90,b51636cb252c5b72813e83843f8f73d4,3,,,2018-03-17 00:00:00,2018-03-17 06:52:55
84ad6c4d36a2c3b2703b066bb81cd225,84ad418dcacad799e4a81ac24328d6fd,5,,,2017-05-10 00:00:00,2017-05-11 14:04:12
6fa9fbc2b60c44ea8662f6f6ca184f57,b0cb5e1b222437d8ee177f463fbcf464,5,,,2018-02-01 00:00:00,2018-02-02 11:51:39
a4196a17948c86d94e33f05513f0c481,4b9e031a205af9c7035eda4f4db1ba69,5,,,2018-04-21 00:00:00,2018-04-23 12:04:25
8ba3773999e3da3fda42bcf36d8343b9,39176f8e4a96aef60a2f8df4431ae834,4,Produto de boa qualidade,Produto atende as expectativas.,2018-05-19 00:00:00,2018-05-21 20:12:47
15a1e5b8834c018cb2215242a6b010c3,4119f9ae0b1ceaaa966616d6a3ba616b,5,Touca ,Eu adorei o produto e eles entrega antes da data prevista ,2018-08-03 00:00:00,2018-08-03 15:28:11
4b891f49beb7d3442aa3f5ac43e80b3a,fdd1fb95516e360a47c2a3babcd4edd0,4,,,2017-04-28 00:00:00,2017-04-30 15:47:11
46ddeb35ab249871ad2c2dbafcb714a7,122804b6e70597eca700595473d8297b,3,,,2017-07-25 00:00:00,2017-07-26 22:17:11
cef1ee03ded4d6272894a2eead6e1328,2e7a8482f6fb09756ca50c10d7bfc047,1,,1 mes de atraso na entrega !!! ultima compra q faço,2016-10-22 00:00:00,2016-11-15 16:00:34
b927a247e9eb669815a113f2196b2b83,909d28f22490c6e78da3962ab7fd6286,4,,,2018-07-28 00:00:00,2018-07-29 01:36:26
87ff27f3e5698bde2a27b2880007664a,083dcf8ec0ff8aedc0d7ad8063baad80,4,,,2018-05-04 00:00:00,2018-05-10 18:45:19
adc950e32f51db21eb93e1b394199b1b,65693cc880b8cf8c5e24798b6e042e0f,4,,,2018-02-16 00:00:00,2018-02-19 13:43:28
13cb954a1d65950b6df4aaad2f79b33a,1e9bf802b8192eb97af61fd92b586471,5,,,2017-03-24 00:00:00,2017-03-27 11:20:50
1ad3acfe2c9abc75f0ed307e8565d188,ed149e6c2ed9dc9748702e5e9cb7483c,5,,,2017-11-17 00:00:00,2017-11-18 02:22:03
ef6db1c46b044ccaf3a738f03a9ec2f3,c4af0542c4e80ac8948b90a8e681438a,5,,,2018-04-04 00:00:00,2018-04-04 15:13:57
b5bd3b3e27ccc04b4e6b25baa02bc9c9,bedcad246f8051ae66375615a3824588,5,recomendo,chegou antes do prazo ,2018-08-03 00:00:00,2018-08-06 19:15:12
5528f9d631a7f57d127876cd0c5bb6c4,e8abe560216dcd35d47f6c27da0c99c6,5,,,2018-03-30 00:00:00,2018-03-30 23:26:55
10e635121d85204118f97d37b98b4f4b,41e296c991263f9ade5507299e38fe72,4,,,2017-12-06 00:00:00,2017-12-08 04:15:01
33762e6a6fe3aeb2546053abc05584b3,938cf86c22cfbcdef5e04f4038fad081,5,,,2018-01-30 00:00:00,2018-01-31 14:46:15
afbbeb501600053f6666ce1fbbf204fc,dd1bd072c709a5e654fd047560eba5aa,5,,,2017-08-29 00:00:00,2017-09-18 20:03:22
78f2148aa1875aa08ba678b1f32d9b19,f0c8f501afe22bb7a23e3721bcc6221c,5,,,2018-02-17 00:00:00,2018-02-18 11:08:19
0b675fa55c2d552f90a5b15c6b57654e,0f38051157b7ad1d4e0b6c5d20de6ae7,1,,Não recebi até o momento o produto: porta lápis caneta lembrete (organizador de mesa tela aço).,2018-08-07 00:00:00,2018-08-13 11:33:46
5becfbe4968a27cc782b0a5d017d96a7,309a6548116f31b315cbf53be18cda77,3,,Demorou muito pra entregar..,2018-04-06 00:00:00,2018-04-09 10:24:44
b3b7e976f3cba16fc7592800fd656e96,d9e0e6c219155daf624e2cd31056d474,5,,,2018-04-11 00:00:00,2018-04-12 11:39:41
fbccd01cdbf352d0e691f22d6bf3a12e,f9e86e23af5d5243b44d1eebaacc32be,5,,,2018-05-05 00:00:00,2018-05-06 02:08:35
20fa39f262b589c1e1c52b24c0d587f3,48ab980d180764382cfa411d2fb63dc0,5,,:),2017-08-24 00:00:00,2017-08-25 15:05:17
7eb72e6da37271bd2a023ccb44fddfae,7c6a24cab7128145feb51412987798c6,5,super recomendo,,2018-07-24 00:00:00,2018-07-25 11:11:58
2bf2913f793ffd3739c41cccfc43c8c5,cd3558a10d854487b4f907e9b326a4fc,1,,Produto não tem clareza na informação. ,2017-04-21 00:00:00,2017-04-22 13:34:04
ac7033ca801479f954ccd443ecffe0c9,4f971c4ebb15cc7cc89db8cf3acd2b33,1,,"Recebi só parte de minha compra, pois comprei duas araras e só recebi uma. Sou cliente há mais de vinte anos e é a primeira vez que isto acontece.",2018-04-24 00:00:00,2018-04-24 23:05:25
29a386b840ba3eab0985d34a1ff3b7b3,d3b73e2ef2f6499b266d6ff81ac7efa6,1,,"A voltagem veio errada, e demorou de mais pra chegar.Inclusive fiz hj a logística reversa. 
Espero que o inflado certo não demore a chegar.",2017-07-20 00:00:00,2017-07-20 23:37:32
7124882c0161dcb0d9f866412b462653,f16cbac8a72057c2daba4b64662100ba,4,,,2018-08-15 00:00:00,2018-08-18 16:52:37
5f182ecd1992b23986f3b208bcbb4093,fc66f65bd879bd459e1cb14324335727,5,,,2018-01-25 00:00:00,2018-01-25 18:01:19
45b51bca1255a81fe0747fe7c198fc33,6feaea9098fb736023b2e4bc246ba7fb,4,,,2018-05-10 00:00:00,2018-05-16 00:43:18
492c2da6a25cc1ae0d5e9edc950d7fb0,5b0a937c574c108a5e2359af5665b99a,5,,Excelente,2018-08-01 00:00:00,2018-08-01 23:51:52
be661001e069149352aa8b5722773b3a,11b7adfd63537ace6ab5ede1feb62610,5,Excelente.,Parabéns pela eficiência.,2018-07-04 00:00:00,2018-07-07 09:57:26
5f68a210962a01dd9add2d4c1be733c0,fd732412d4727a9a7e0d6231b2ca11ed,4,,,2017-09-01 00:00:00,2017-09-02 02:19:15
d5698ecdfb7bc56987cc8be2155055bb,5730dad6ecb4f73d55da69d127c2bb6b,5,,,2017-12-27 00:00:00,2017-12-29 00:35:14
0197d74523990ee54ffd59752d8cc58f,8e43f2c9b150b717ae56640b5fb64150,5,,,2018-08-09 00:00:00,2018-08-10 02:08:37
67904467df350a66376e3a42fbe02139,dd78f560c270f1909639c11b925620ea,5,,"Lindos. 
Acabamento incrivel, muiro macios e super em conta.",2018-03-22 00:00:00,2018-03-25 02:36:39
404c24ad75e8285ccb904e41fd6ab0ec,f3c19ec2622d12aafeb4c32621b951b2,1,,,2018-01-12 00:00:00,2018-01-12 10:32:56
370f32f7121891adcf53fc5ef9719d07,46a9fa5d713a569777fb30562505588f,5,,,2018-03-03 00:00:00,2018-03-06 16:45:20
b266b5605c6477291ebd2e99c8d0fbeb,f68d9380f798cfd964305e853071c0f8,4,,,2018-04-24 00:00:00,2018-04-24 22:54:36
e0ccea7f1e7ac0c3567c90e7bc468e80,60774e7210a075fb221731434321e048,4,,,2018-04-20 00:00:00,2018-04-22 21:24:07
a3d2622729772e64544ec5dbc540c640,c81f74e50f0496fa39716cc77cacd460,5,,,2018-03-14 00:00:00,2018-03-16 02:22:50
6badbe99a91ea5c5934b7b824f7c44e4,e1a90f68f1eb2b0f154dbfdace7bdab6,1,Fui enganado!,Comprei um produto e vocês me entregaram outro.,2018-05-18 00:00:00,2018-05-20 17:40:11
473cb8ec2a0b5a090ab4f97d8190c089,5dd21baa3b88bf3e97bcc80aa1b0b52a,5,Super Recomendo,"Entrega antes da data, muito bom",2018-06-06 00:00:00,2018-06-09 14:00:05
32d54dfdc150e264679e252c9007353a,d3cd9432f1869452249ac839d04a7964,5,,,2018-05-18 00:00:00,2018-05-20 12:01:10
edab52e0e4ab712d7a59af047a1d38c2,c5fd2c7e23ffd8d1ca4c839b7c5596a3,5,,Produto prático e uma ótima opção para liberar espaço no guarda-roupa. ,2017-12-08 00:00:00,2017-12-11 23:18:37
e47baa6f1fc01d472c5c97f9c96bff2a,8c2ce0a5a34c3f1e1a56aee2283a45d4,4,,,2017-05-26 00:00:00,2017-05-28 15:18:38
0123950fd29373d9f927a03e43ff54b9,1e2eefb7d4535b86f105f75ea6125a47,4,,recebi antes do previsto,2018-01-21 00:00:00,2018-02-06 21:15:22
5621fb46b52d7aa11a51df46716d867d,44aec9c2be37dd0f0b954562c94ccfec,5,,"CHEGOU ANTES DO PRAZO. Isso já conquista o cliente e o produto veio direitinho, embalado e a qualidade muito boa! ",2017-10-04 00:00:00,2017-10-05 12:26:28
402e27a5538607aaaadfaae5c79534d7,e89b13d12a0a1f7d9e4c432de0363654,5,,Gostei do produto ótima qualidade.,2017-08-20 00:00:00,2017-08-20 19:39:51
8ac0cf857bd496fa33b8d9ee21d59fd9,724851759f03251eb3a9e209916f07db,4,,,2017-08-05 00:00:00,2017-08-06 01:25:13
e818fd73e862d77c71e926019120ff8b,40d9b709b3b6a77fcd309165705f58d7,5,,,2018-08-21 00:00:00,2018-08-24 01:41:17
96d918dfb3f3a57329f1f59bcf013e62,fce05609044e53ac3adaa8ecc88301e0,3,,,2018-01-31 00:00:00,2018-02-01 09:52:11
3679842847ae942c0fe8573459d5e53b,94d1193f2a0ae739f23399b913bd577c,4,,,2017-05-24 00:00:00,2017-05-25 15:17:18
90d573b74dc8626f56778120fe8dc8c7,df506acc7ef7a1311a4602005f0c982e,5,RECOMENDO,OTIMO,2018-07-10 00:00:00,2018-07-11 01:17:29
994330f3adb2c6cba24292ec591dd9d9,215d7142fdd00fa1b74d431776134c61,5,,,2018-03-02 00:00:00,2018-03-07 12:54:12
09ac44849749477ad2c5f4103fe3a712,ff564b0dff20427ba484d7e2efe7e7e5,3,,,2017-09-28 00:00:00,2017-10-01 15:47:52
65fa5505b0042a4e574090431f9d69f1,27c6771e4bc936d8ef460989587acc1a,5,,,2017-12-30 00:00:00,2017-12-30 21:57:02
65cb6b0da4af7554240a8f538d69e262,38f95affd04d115a3cf2c655d000581f,3,,,2017-12-21 00:00:00,2017-12-21 20:37:44
938b07fc5bdfcdf3f89daea93524ee17,387304e2b5ef64131135043b69b26c69,4,,,2018-01-16 00:00:00,2018-01-23 11:21:21
9642ff62c0c6ec657f91c3ec9704981a,20b1d8c9683a66f9810b31604fc5f540,5,,produto de otima qualidade,2017-11-23 00:00:00,2017-11-26 11:17:07
791573167b2b6165649fbfc68e73757a,c3e4094adfa71210e702f8e3f90b5569,3,,"Só encontrei dificuldade de receber este material, pois tive que ir em duas agencias dos correios para conseguir retirar, mesmo tendo pago o frete para receber em minha residencia.",2018-01-04 00:00:00,2018-01-04 20:00:06
80ed8e787e71cc1e7c80576c5a3ca219,b41f51ebf23530b00f69e5602f81a653,5,,,2018-02-26 00:00:00,2018-02-27 02:50:21
570e97d7a448680f0fe8b0485194a76b,613ea91cb4b6b072a114ef3e5e9b6227,5,tudo ok,,2018-07-06 00:00:00,2018-07-06 21:35:05
2663cc00033eb8e91a202e6c0fc7522b,c8a2a495848f547a4a4a26597ca9190b,5,,,2018-01-09 00:00:00,2018-01-13 01:18:20
0bdc4441eba9a906a5b2729bd9201d39,e4aac63ea6f6b75b6d91ead05207fb43,5,,,2017-06-03 00:00:00,2017-06-03 18:57:26
b837effd8feeff80efb2ce5d354e59da,0ccc4d2c7102c48188f50be5107fe442,5,,,2018-07-15 00:00:00,2018-07-16 13:25:22
288045cb8f2ff7461b05a4972f21eea3,abcf460ff11589e91290e8f95caeeef7,5,Top,"Recomendo , top o produto",2018-07-14 00:00:00,2018-07-14 23:17:47
c76d214753231e86d69154aca0bdfdda,7f9089a3fbe75385f39d5924c2928352,5,,,2017-12-13 00:00:00,2017-12-13 16:56:06
683ef27d2a68024d03e0242b48280d64,e74c8d6962373b0c0e984e97fe2fa674,5,,"Serviço prestado de forma elogiável. Rogo que permaneçam sempre assim, pois o produto foi entregue bem antes do tempo.",2017-06-06 00:00:00,2017-06-09 13:44:45
5bb9e3c42a034b907f6ddc4cbecc7073,1175d97a3d270dddf3146abe7f5e4934,4,,um bom produto,2018-08-28 00:00:00,2018-08-31 13:45:43
70fe50a23e51da3277a9cadd8f9d8862,21b2689d22f457f04c68814cb269764d,5,,,2018-08-09 00:00:00,2018-08-10 11:32:14
bb4c3b8d838951366cb5c9ecca2e80ca,ec72b3cb886591a30fe474f7474720c8,3,,,2017-02-18 00:00:00,2017-02-21 12:32:49
29c6d7429d5f7be495b3a9b1b262842b,1439c73f16c16e5ec78a3b2ff4e4f73e,3,,,2017-09-23 00:00:00,2017-09-25 06:18:13
5c7c905269239efe682adb5761086e54,8e031bfad27930ae71c54bd0ee2c0cc9,3,,"Boa tarde 
Meu pedido eram 2 wheys, porém até agora só foi entregue um. Gostaria de saber se o outtro está vindo separadamente ou se houve falha no envio. Obrigado ",2018-01-19 00:00:00,2018-01-23 16:54:29
46bfe95c427f489d5a48e92909495b46,f174b7bb70b31bea3dbfdf7cf9719ce5,5,,,2018-02-02 00:00:00,2018-02-05 05:17:50
6adf77c19e7a413cfd2409f6cb52f3b4,3190cee126ad6894778d3f21c28b0a55,1,,não chegou na minha casa e veio faltando peca estou esperando vcs entrarem em contado comigo se não vou no procon,2017-10-24 00:00:00,2017-10-25 09:41:03
a2759aa07ccca874be8aa9f2c80ee273,72a055afec5322997eace70e9f743482,1,,,2018-03-18 00:00:00,2018-03-18 15:18:07
a71de566515775290ed9d6dbbe863849,384305b9cfec8a62f309b5e5cac920bc,4,,,2018-08-17 00:00:00,2018-08-19 23:38:48
19cd571c2d558eb4ceef4b43afa594be,638a5347b71204f129b75b558d79bf07,4,,,2018-06-02 00:00:00,2018-06-04 17:55:20
ae0168f2e47894c05ea03613ba8c108b,76aa4331248df0c7d222f16901a12597,5,,Chegou antes do prazo muito bom o produto,2017-07-05 00:00:00,2017-07-09 17:41:34
23aac3950adc8e8bedad67875f11c6c0,df23ed2daa7af696a5334c284dbc13ba,5,,Dispensa comentários estou muito satisfeito com o produto e o serviço de entrega.,2018-01-29 00:00:00,2018-01-30 16:32:01
e94675e51d740d153114de2a971ebc92,18a1c68dfdce96e96b0faf031deb6b67,5,,,2017-12-12 00:00:00,2017-12-16 15:19:44
e1892bec08462af39037dadc0ee18b3d,6cd6ee8cba5c8dbddb25d90578edba0a,2,,Já comprei muitas coisas neste saite é a primeira vez que fico insatisfeita. Espero que me devolva o valor pago .e vou devolver o produto .mas já estou tentando a 2 dias mais o sait diz ERRO .,2017-10-17 00:00:00,2017-10-17 12:05:55
365a560d8207b3bfa990bae1c7043348,c5bdd8ef3c0ec420232e668302179113,1,produto não veio completo,Eu comprei dois produtos tais como: testador de cabo de rede Rj45 e RJ11 e um pacote com 100 conectores Rj45. Só q no pacote da entrega estava o pacote com 100 conectores e de 50 quero o testador,2018-05-06 00:00:00,2018-05-06 19:57:24
8ef874edb4a804da84f99ce835b08f39,32d29d9903eaaae11d418d087f442fbd,1,,"Bom, o relógio é lindo, porem estou desconfiada se é original ou uma boa replica. Ele veio em uma caixa estranha da Casio que não é igual as que vejo por ai, dos originais que são pretas e quadradas.",2017-09-12 00:00:00,2017-09-13 00:24:27
dd4c2bf03270ca39c4eb6f243d1313e6,bf7dc02ad247527a27900abb19306a3c,5,,,2017-09-20 00:00:00,2017-09-22 02:24:32
512b70ae68fb417ea5c5a56d847a2ef3,543cca75b036b547b2b025a1d896895f,2,,,2018-08-01 00:00:00,2018-08-02 11:38:28
9e9ae475c7804bc881000f0411bb403e,502f9fab8b6ef318e23a5700a237ef1b,5,,"Adorei.
Tudo perfeito. 
Rastreamento, entrega rápida e o produto. ",2018-04-14 00:00:00,2018-04-15 09:16:15
725208dac7a4ccb0c3aebc3efd2ac4d3,aeeb0a68040240daa8065187ca9d0770,1,,,2017-07-09 00:00:00,2017-07-20 01:08:44
0998ef1d6919ca4348e28bafaa7935f5,6a7f146c996d90e099636967012fdc8d,3,,,2018-03-20 00:00:00,2018-03-20 22:25:50
cad400d5c4ada448543b3f2b8968daeb,5f8c42f0624576e5f4c4c86cb176c613,5,,,2018-08-18 00:00:00,2018-08-19 00:04:59
859cd3c43a3505dc1ce6cf1fbf2ebdd8,c10f283ced7431fdfdcc159b12344b11,4,,,2018-06-19 00:00:00,2018-06-20 11:46:22
c0e523dd293488c7f0c859afded5f9bf,a5e316a920122ee655d3a9fa01582514,1,,"Esta loja, não entrega os produtos juntos. Quando são comprados mais de uma unidade, e se entra em contato com eles, fazem pouco caso da situação. ",2018-02-03 00:00:00,2018-02-03 19:50:37
5493cc3575da99853500b591b6245ab6,a85c1538df5701aa9a7c6cc423bd80f4,5,,,2018-08-16 00:00:00,2018-08-16 12:49:25
2106c2c02f575c56a0117024b1162d32,a650c714762d0184be820c5e311c8d96,5,,,2018-08-11 00:00:00,2018-08-12 10:00:59
2d2d0dc1b097075491bd4efaccb6cb0d,22fee62c2b437df078309d53efb2ec30,5,bom,,2018-07-03 00:00:00,2018-07-04 03:07:08
aaeadf569b70f67d2468130187ad0b17,7d38d0b8ab96504f2f2058ac3f01710f,4,,,2018-07-15 00:00:00,2018-07-19 21:12:58
6699aa51516927dfa9ad0434351bd68a,19018a1b097164d2fadb3018902f3221,5,,,2018-08-03 00:00:00,2018-08-05 16:08:05
4de5a2a22fc9c8c25bae007b39d257ec,ac72d34ecba515d07fd0adc8747e1d94,5,,Produto de excelente qualidade. E otimo prazo de entrega.,2017-06-04 00:00:00,2017-06-07 19:59:37
841e62e7a3a44d4553a838b47a44bae2,425de35c38a6fbe5030783d1ebf2b93f,5,,"Nas duas últimas compras fiquei satisfeito.
Eu havia ficado anos sem comprar nas lannister porque havia sido atendido muito mal um uma compra de livro. Agora sei que posso voltar a confiar.",2017-09-12 00:00:00,2017-09-13 12:15:54
9efef4d70190c1bdb9b12872cc8144fc,4637ca194b6387e2d538dc89b124b0ee,3,Produto Avariado,Recebi o Diario do Bebê c um pequeno rasgo na contra capa e varias paginas amassadas. Gostaria de troca-lo. Obrigada. Andreia,2018-08-17 00:00:00,2018-08-18 15:32:40
50e656f4859249e2944b6c556779706e,76606b013751ab0fc648e671d8bbf16c,5,,,2018-05-04 00:00:00,2018-05-07 18:41:34
f57d610814ace21f74f63e0858c4622b,75ddd6487d905b598d5dd7ce18351b02,5,,,2018-01-27 00:00:00,2018-01-27 20:10:11
88a125e70071fc60ddf81f76fa0cfa30,191c451ac0475419ae3c6e7dd134545d,4,,,2017-04-20 00:00:00,2017-04-21 01:46:50
be0ef05a5e93e6003542b662fb5b507a,bda3c40c66117ac3211d4934f4a43ec6,4,,,2018-08-11 00:00:00,2018-08-12 12:16:59
fc405f6f9410fd8ebf4afe8b241da5bb,e2b2feccda2c913e120d23c72b550cca,4,,,2018-02-28 00:00:00,2018-03-02 15:18:35
a5a7ca483d05217226e3b2a7544e88b2,16be5e70ff2ab4fa7caf1f4350750711,2,,,2018-03-23 00:00:00,2018-03-23 13:58:13
04f83e65e0029d388aa9eb55a0877324,fa630bc4aa5f6aa35485ddc68bb56edb,5,Ótima loja!,Produto conforme anunciado e entrega rápida.,2018-08-30 00:00:00,2018-08-30 19:27:47
e06572912812e2267b7777828ddc6ab9,a20fd8d03db72237712932934935ab14,5,,"como era para ser entregue até o dia 26/02, estão dentro do prazo, só recebi 01 produto dos 2 que adquiri.",2018-02-06 00:00:00,2018-02-07 18:21:53
869af40c8358e6f03b1bbda5785870b9,7c37777bdd8b3124246796439d94e8de,5,,,2018-03-16 00:00:00,2018-03-19 00:04:27
b5895dc6f83b2676b85cc5710fa75c6b,67c8fda9d347535e923f93614f2b44e0,5,,otima compra,2017-12-14 00:00:00,2017-12-19 17:51:48
1fa2ebe0047bdf268533b007ce34e07e,6fd7c56d216a3e027f694eb725797c07,5,,Adorei meu porta chaves ,2018-03-02 00:00:00,2018-03-05 16:43:59
792a2b3ec1426acc9250aafef95a78a5,135873f19ffdd8c0841b7e7b7c45220c,5,,,2018-07-24 00:00:00,2018-07-25 05:07:00
8fbe54506cfa06d2a2fb9ca7089574c3,39f72b79ba5e9b6b512b7fc2ba46a4a5,3,recomendo o produto,,2018-03-21 00:00:00,2018-05-22 10:39:27
b7b7981471faf87159e1da1a95084c52,65e0e5b714d6228729c256106d12abd4,5,,,2018-03-08 00:00:00,2018-03-09 12:27:36
655941f75383384e35643a5af556d1d2,ea25a7c224e8ab2c05c2425da85c033d,4,,,2018-08-22 00:00:00,2018-08-22 22:44:38
be84c66d28ff87043f5b079b46e62849,9bd1262011363cf74478ba1d6f04ab28,5,,,2018-05-01 00:00:00,2018-05-02 14:30:47
22597de9c3970a6f58621793cb1e5aae,dd292af3ab66211a8d6e0e7a1ca5b03e,5,,"Acho que deveria emitir a NF de acordo com a loja fornecedora, toda vez que compramos no site da lannister vem o fornecedor e a NF veio com outro fornecedor, informar o fornecedor que ira faturar aNF",2018-04-10 00:00:00,2018-04-11 10:48:00
78d9307d88a4c8e3d692f1a759dcd6f0,f74730419f6f2508e020bfb728606058,5,,,2018-08-14 00:00:00,2018-08-15 11:30:44
bc3d2072e98d66a65cfc93e6ef64d0c7,e8a9b36dea36cc9c246000b8c7cca976,4,,,2018-04-26 00:00:00,2018-04-28 21:50:23
eb4c5678120e3fb24927cb82e560fdf6,5958ed39b1c52e9a1f4a4cbfcfcc6506,5,,,2017-11-24 00:00:00,2017-11-26 00:35:27
3cd0cdb556ae14cfc2d463954c86aff4,ce5ac3d77cca9ee37ace392eb33cee3f,3,,,2017-10-31 00:00:00,2017-11-01 10:51:17
6ffeba08769d43748c55c3f83df89452,8447ff843b2616c50c0ced28ab1dae03,4,,,2018-01-10 00:00:00,2018-01-11 10:02:04
003df9e2eb74d2d8b35718c0ac81eb01,85cc597a6403094c0e538adabc0965b6,5,,Bom produtos entrega rapida,2017-12-21 00:00:00,2017-12-23 18:46:59
0a318769edb720420e6e362dc6beb200,72f2b0985c221947500b786ead233a87,5,,,2018-02-28 00:00:00,2018-03-03 21:14:01
6759d3b25116f802bea2ab0644509e56,6f41a6473f4122e2cdc762a8988a67f0,5,,,2017-09-12 00:00:00,2017-09-12 16:36:48
d8e8c42271c8fb67b9dad95d98c8ff80,0176a6846bcb3b0d3aa3116a9a768597,5,,,2017-12-30 00:00:00,2018-01-02 10:54:47
4b2421547069ecc7e785568e5b074c88,376a342d70faa7a733b871acc701def8,1,,Ainda nao recebi minha compra,2018-01-07 00:00:00,2018-01-07 11:40:25
c35d505748a080bb0e4274ad1b6ca8b6,60e2e89624c1d0711e325baf34fe2327,5,,"Ótimo, chegou super rápido e o produto é do jeitinho que eu esperava!! Muito bom! Recomendo!!",2018-01-20 00:00:00,2018-01-22 12:28:55
9dd5805192277efb79e0e38a4b633bcc,e11ac0d86982b86bcde829263d5a38ec,1,,Mandei email pra targaryen e nem resposta obtive. Nao recebi o produto. Péssimo vendedor. Quero cancelamento da compra ,2018-04-07 00:00:00,2018-04-09 11:12:22
7298b942509deda13f1be7127bbf29e5,bf8ddc7239b0b3f5f43b0da92b85837e,4,,,2017-12-14 00:00:00,2017-12-18 18:52:15
111eeea66526887eb67413fc83d5fe2b,ea8d7eb561a1c07f203cd9af8c59873b,5,,,2017-11-02 00:00:00,2017-11-06 09:28:01
05a156b6eb9d7ae73f0338e1474764af,cd25a7c65029c84ae2f9ff0e4b968d0e,5,,Produto de qualidade e entrega antes do prazo,2017-11-15 00:00:00,2017-11-17 21:45:46
d276cdfd0455e656b0f247353c5f094b,084644a489ac88b4ca68d2aa3dc91292,4,,,2018-08-31 00:00:00,2018-09-03 19:14:39
622903a829003023455a4006003a7328,d916aef37da586876fc49a24ecc609e8,1,não recebi o produto ,"não recebi o e nem avisos dos correios etb nenhum telefonema, não sabia que teria de ficar checando email, pois foi incluso a taxa de entrega",2018-05-26 00:00:00,2018-06-10 21:55:45
e1534f2c4a071bebdecd6018d4f0934d,e778abcc21ac8c885cf25e865e3ac49b,5,,"Minha namorada adorou, recomendo como presente para todos.
Muito bonito e com design estiloso.",2017-08-10 00:00:00,2017-08-11 02:33:02
101b5be953b8f481967df4b9b9b8b5c4,767dd7bdeb5f5d8f1840145a3e898bc2,4,,,2018-05-31 00:00:00,2018-05-31 22:19:33
217c82e96cff6b77a652bc921b7b7261,494fa4e20c0a57c2f565a2d43a41462b,2,Produto Ruim,Relógio com Defeito,2018-06-29 00:00:00,2018-07-03 19:55:12
477e76574f03b3e13f734bf24e3a17b5,40dabf508156f3a0348eb2a656562b99,5,,,2018-03-06 00:00:00,2018-03-09 17:52:21
b795c8243d5018238bf65f350553aec9,e0e95960e8abbd803bbd543d2225c328,5,,,2018-05-09 00:00:00,2018-05-11 18:41:26
310c2573e65555ef4ab15fa6ffbe3b6f,8ed8d60cc2df2b29e93a93ec47189c07,3,,,2018-04-04 00:00:00,2018-04-06 17:14:36
460d65f0a537230f242a63d817226bb0,ff36f4d6d98c0b2a7e70acb7d1b3f139,4,,,2017-04-06 00:00:00,2017-04-17 22:07:07
d678c82ad4df87b52f694badd29adbc2,3b81c43a73c516855c1f690e280e3466,5,,,2018-04-06 00:00:00,2018-04-06 21:35:32
91329ecf8da4b2cf8c0a867f8d9ac4c7,b69113e2cb7e946f2aca03d4eab65c0f,5,,"compra entrege no prazo e produto ok

",2018-03-21 00:00:00,2018-03-22 13:18:59
c3ed2596ccb14d1d8b3e6562b3e83286,adb1748adc3299b13377d760724388f8,5,,,2018-03-02 00:00:00,2018-03-04 19:45:37
49f3989fdff3c465e56b11bea4009ac5,47c9687751ccee4ea76cf6386b30336d,1,,Não recebi o pedido,2017-12-20 00:00:00,2017-12-22 12:12:01
17a6a73e75d934392edce600c35fde90,325a9deca08aa5851eb6eea67f0414aa,4,,"Produto ok 
 ",2018-04-19 00:00:00,2018-04-20 00:44:33
712899ac7cc81153012f010c10034b95,a4277113bcf10ed364a0182042fc8155,5,Boa,Gostei!,2018-05-15 00:00:00,2018-05-15 23:16:15
45541a8fbc48632c76498f3289c548a6,56dff4484c68636969e851203694d13e,3,,,2017-12-12 00:00:00,2017-12-15 11:22:16
28a230c48605d5c175d470f65b4e58dd,3b477558dd43ca0e069be6c79321aa26,1,,"O produto não chegou e nem tem um código rasteador para que eu possa verificar o status da entrega, o prazo já passou e nada.",2017-05-31 00:00:00,2017-05-31 11:36:11
488bff5a8b4b505a5b63b4f7fdd4c827,0e6cacd64f68d4bc8b0cd488367ac297,5,,,2017-12-14 00:00:00,2017-12-16 12:30:45
eea1e18ef237f9b4f8bd60d6bf92bdc8,28bc8f33c194dd4f636717ef490d0921,1,,Um lixo esse serviço nunca mas na minha vida comprou com vcs.,2018-03-15 00:00:00,2018-03-17 21:24:02
45cf6282457273d37513d87d120de92f,81e54776f3bdf237512b1ceb5337a066,5,,,2017-04-01 00:00:00,2017-04-03 03:21:14
68e90accfbf01ecdbab85a5888a3d3e7,cc6ff18551eb92a7b41171d26f847102,4,,,2018-01-27 00:00:00,2018-01-29 22:39:53
c848c5de51a83fee254374dd6f8b6a0d,a9383c949571ed7784f4bc07275752e9,5,,"boa loja, facil de comprar e entrega no prazo",2018-04-20 00:00:00,2018-04-20 18:30:18
8db7adaa1f1c199bc056b7d6f13ca849,f87e6a448c7194cbe50fa937efad03ba,4,,,2018-04-19 00:00:00,2018-04-27 22:24:14
a39ed3ccd146ff485b8977d68df3606d,8a8d4a399c6ef91d4c20458be5048c3b,5,,,2018-01-16 00:00:00,2018-06-07 14:27:55
50a4cdf48e356497174b7e190eb82ba8,68bb4de546513f8cdd2c1d21fc3bc114,1,,Pedi um produto e recebi outro! ,2018-01-19 00:00:00,2018-01-20 14:00:14
6c6894eb668a09f6e352f20e517eea6c,6cbb7541cec244760660574cd04791c8,1,,"O fone não é original LG, e veio faltando componentes.
Só avaliei com uma estrela porque o sistema não aceita ""zerar"".",2017-12-19 00:00:00,2017-12-19 22:00:06
3e988f2206deba2bb5eb4968d4e0ff96,9a7f882c95ae7d422db8ab15e1ee0a87,2,,Fiz pedido de dois produtos e um eu não recebi ainda. Isto me gera duvidas quanto ao recebimento.,2017-08-18 00:00:00,2017-08-21 10:48:43
6d6d17bc79d4324de46178ffadeb6739,5308a8e3331c9fab38efdb6a6c1d89c4,3,,,2017-06-21 00:00:00,2017-06-22 19:46:48
7c070900e55b6e95aec2f71b87522254,5e52347cf930a594b49921ee25d22742,1,,Não recebi o produto. Não recomendo. ,2018-03-21 00:00:00,2018-03-21 12:27:18
43073637626cf913bba47627a5d48fbd,7a8107927fd13f239a62ba070873fe45,4,,,2018-08-02 00:00:00,2018-08-05 02:38:00
0ae08f5e71cb57be76c64f5b99df5d3e,350f47d61d589f6218bff053db95fe62,3,,Frete muito caro. ,2017-02-10 00:00:00,2017-02-11 02:29:36
bc963886fa35a3ef780c8437c863cf8e,cad74364289ac320e036ecf2a457c562,3,,,2017-11-14 00:00:00,2017-11-17 01:12:33
a6ff1ac1d4a714deca28eee92021e07b,8dd554aaa8e7d61ddde56ba4189c780f,3,,,2018-02-21 00:00:00,2018-02-21 19:13:32
3a43f8a37419d7d0ffbc03506d1804e1,9247f243c8ce8daa5f7011af7f97fecb,5,,,2017-09-09 00:00:00,2017-09-12 00:31:23
f4f5dd8828eaedeef13097a7b4e9c99e,64958fed45ad3cd3b84be03fd9ac01cd,3,,,2018-03-08 00:00:00,2018-03-12 11:45:36
5de209d70ee69e128ceb33e804e504d6,05dbe6bf3e09d4e05160a98d0a926bb1,3,,,2017-10-17 00:00:00,2017-10-18 00:08:51
7ab3f030df3945b6719008b265ea595d,1cdcb5dad67ec14d5de2075e832f6099,4,,,2018-05-25 00:00:00,2018-05-27 00:27:54
7e50967d433830a50de7ebcb5099b49d,36f4478e93bb401c1938f739d085591a,5,Muito recomendado,"Nem todos os parceiros de baratheon são idôneos como este; Estou me incomodando com um Purificador de Água marca POLAR, adquirido através o baratheon..............",2018-08-28 00:00:00,2018-09-01 14:52:16
805bdb0f96e9c48e0e3dd9e1bc26f33c,49cf32489672b15ea441df827b693bfb,3,,Não recebi o produto como anunciado no site. ,2018-04-12 00:00:00,2018-04-13 22:51:16
e984c213383a57ed4be6f3d8f34e9d0a,40753325f836f577dd8bab3f0e5807e6,2,,,2018-08-24 00:00:00,2018-08-26 20:51:53
32f2529ca19e548aa4ea2f5a0ffa440d,4d4dd908b377956e48b6c6a89e59e37b,3,,,2017-12-13 00:00:00,2017-12-13 17:11:05
0a2d1206f8b2473cd3ddf69b51bca98a,8c389c12aa23b689926d20a01729206d,5,,,2018-03-14 00:00:00,2018-03-16 09:05:13
43280506a3d8d2c879f01a4a98701f45,3789e9b1be0db55442c1ae8b24ab51ec,1,,comprei 5 lustre pendente e me enviaram só 3,2018-01-10 00:00:00,2018-01-11 23:06:56
e94793598b1dcbfbcd7191ba8f69a6b8,de7a40e39e02017beee1513d57ea0467,5,,,2018-04-11 00:00:00,2018-04-14 04:43:35
4ef1beefd4aabdae125552a34ac8eb47,4b3c7f8318b056586e0407857f44a136,1,,O relógio não veio com manual de instruções.,2017-11-04 00:00:00,2017-11-07 16:19:31
78f8ba147b53fa7ee0afed59b847d260,2b46723e0416af4c04c758c77bbf9279,4,,O acabamento podia ser melhor.,2018-08-09 00:00:00,2018-08-10 13:55:20
b239d4b1b71e594fd21a80bcfcacd862,ff8bdeef9673478654432c723a74309b,5,,"Produto de otima qualidade, chegou antes do prazo ",2018-03-06 00:00:00,2018-03-06 16:50:17
98647d266a9aca582be10f5b3a6102a2,1146fb180e28dfbfdbfabd7249026429,2,,"Em 27/2 fiz a compra, solicitando 2 lustres pendentes do tipo bola mexicana, mas recebi só 1. O tempo de entrega até surpreendeu, mas do que adianta se veio metade do pedido? Aguardo esclarecimentos.",2018-03-04 00:00:00,2018-03-04 22:33:17
af052a50e2aae9e6291e0c1fb5b31bdd,a650c3b90a4fe07df3649652c1571200,5,,,2017-12-09 00:00:00,2017-12-11 11:28:49
b94f5266422c272f17117f0535ef54d8,c5989f8c23c011b7b23df896a51fa92d,4,,,2018-07-14 00:00:00,2018-07-14 12:04:52
c111252cff36b973df393947d63a5b19,d1f789756b59a9fb40b3becadeac90e4,1,,,2017-12-15 00:00:00,2017-12-18 12:47:03
46aaae0ad66af27f3486d70c382a817c,b69113e2cb7e946f2aca03d4eab65c0f,5,,,2018-03-21 00:00:00,2018-03-24 12:10:07
8a028595937aeb4dc171bea2436a6f7b,4d73a326dfc780a0a459f4ca37111749,1,,Era a panela de pipoca vermelha não sinza,2017-11-23 00:00:00,2017-11-23 14:54:30
8d57a64b781097d7fd2c1b3176b8df9c,45231e392a71d6e8a9081c85ec33aa15,5,,,2018-01-06 00:00:00,2018-01-09 09:39:47
7d328e5f4c412177a817676731631e8e,aa7c3f20fab2d3cb0f76ab5165e47618,1,,"Previsão era até o dia 10, mas até agora não chegou.",2018-03-11 00:00:00,2018-03-13 13:21:56
9f5c5ec0bcd2403bacab8e2fe5b1cdb9,de8d425cef1f6b298913e9fc0c451d6f,5,,,2017-06-15 00:00:00,2017-06-27 13:27:35
940a22ecefab3f0c63188982c77caa08,e6461bf12e723ae0324f5248219b54e6,1,,Enviei e mail comunicando q o produto tem defeito e solicitando reembolso. Até agora estou aguardando resposta.,2018-01-13 00:00:00,2018-01-13 12:20:28
7dd3c7f97612fb2ed354eaf7aca3558a,8c6bfa76e0b4be56db6c43f35db2d4e0,3,,,2018-04-12 00:00:00,2018-04-13 08:38:10
4cf601f1287d4ba20b3db6f3e744c02a,e14ca33656133486b155bc46e5b742c1,5,,,2017-06-17 00:00:00,2017-06-17 19:10:40
bd683d1d22fd28810feeee2f3d342b0e,89a5ef83a41559d5c8d248e28b57b193,4,,,2017-09-06 00:00:00,2017-09-12 21:58:11
37bab755d3e3f49e6214f9db762651f9,50bc1ac9db5f38b0982adba11e35b948,5,,,2017-11-07 00:00:00,2017-11-08 01:09:36
bd66cc964da8c6430479a92f82d45ca9,ae352cde9779081a0ca9020c7e276325,3,,,2018-03-24 00:00:00,2018-03-26 09:30:56
913ebd92c8cd63ee54f6391cc5ebbc1e,61ce184c1c73abf33b18c98b0dff1229,5,Adorei,Produto lindo e de excelente qualidade super recomendo a compra os utensílios são maravilhosos.,2018-07-12 00:00:00,2018-07-12 23:58:49
a86a018be2c08778fe3f46c8371bb313,09badf53476a6bda72b4728e858a3433,5,,,2018-02-20 00:00:00,2018-02-26 20:52:51
1c904a02bb226029600ed457bd8a47a5,2d2f7f564738bc7bbd535580aef84e09,3,,"Produto veio embalado de mau jeito, tudo embolado muito feio pra uma loja como essa",2018-01-26 00:00:00,2018-01-27 10:45:54
b4971c3e0667f073b41fb688c4ee8d7c,dd12ffa175ee0c7931890dd19db54427,5,,,2018-01-11 00:00:00,2018-01-29 13:03:42
78812f1d7fd2ac286d7103ddb089bf8b,6c8638c1f5868621b0dd457371188635,5,Super recomendo,Recebi o produto nas condições e prazo combin ado.Recomendo esse fornecedor.,2018-08-28 00:00:00,2018-08-30 01:18:39
f48c6c944a5d52dcca8ac5c4ec417cf2,2d1e2d5bf4dc7227b3bfebb81328c15f,5,,Chegou rápido tudo ok,2017-12-19 00:00:00,2017-12-19 04:15:39
bcb07258bada3f6ec84dccba47b17b65,24cfb770f308b181cc3ae36ca3d573ad,1,,,2017-04-28 00:00:00,2017-04-28 18:49:19
060bed23e3ffd7680c3f1e97381a7760,813ef880f4bd43a937a8c15bd672681d,5,,Produto de ótima qualidade!,2018-04-14 00:00:00,2018-04-16 17:33:15
38880880c1ce54ca8b1784aaa25da8d3,4a9926db4f145a7facd1709ecf22bb25,4,,,2018-02-20 00:00:00,2018-03-05 11:09:02
6536882c2cc49e5aaa6c958653ce9435,064eacf6619a7203b06b7187bf3a3779,4,,,2018-01-17 00:00:00,2018-01-20 11:59:56
b8ccc0bf9bf104ddd2ed1cf83c6e90d8,49ca71290aca256140005165217e2644,5,,Muito bom ,2017-09-15 00:00:00,2017-09-16 00:45:47
de4edb08985f69905ca45ff69651ebc1,08bdb086a562d4a730e238d0ba09be26,1,,Produto falso vocês são enganadores mentiros,2018-02-27 00:00:00,2018-02-28 21:06:28
1c292da369c7e335c2ff410187ce262e,c2339bbec3aaccee5dfb887e03903617,5,ótima,Entregou antes do prazo ,2018-06-13 00:00:00,2018-06-18 11:10:25
0a36d2a18619f88ec626df8429b40757,c9cdd7f64546202e53576e2997f112f4,5,,,2018-05-25 00:00:00,2018-05-26 02:35:11
16c9343b992649ddef0e1ea14ab26f63,f0df036e9be21fc238f131bbfcdde769,1,,,2017-04-09 00:00:00,2017-04-09 15:11:16
b926fce9a5983f5d2284ad5bc48059eb,837fd76b391ccd40162b81fca0334e45,5,,,2018-07-27 00:00:00,2018-07-31 02:30:24
b36cf1c8bede354ef191a052cad98581,ccd7d7de58c07e32a30717c6d7f5949d,5,,,2017-10-25 00:00:00,2017-10-25 18:18:34
73c709570d1dfcb3f732dec67e15e294,4420cbe16c262f724b648cd1294c88b6,1,,até o momento não recebi nenhum produto,2017-04-08 00:00:00,2017-04-09 14:21:25
97bac95d9faed3817b6fb72b3e0d64a2,e3369fffb9c064e20cc82f4f612ce0ca,5,,"Produto entregue antes do tempo previsto pela loja. Estão de Parabéns!!
",2018-05-11 00:00:00,2018-05-13 23:40:16
f9d34f1bf960efd04c807069c5803ae7,22ef9d3714207d9a803bd9acb19fd0cb,5,,,2018-08-07 00:00:00,2018-08-08 19:28:08
bfa38fbdad01e8a92f0680a246240ed2,549724824079ea56bf8f03069347fe0e,5,,,2018-01-04 00:00:00,2018-01-08 09:41:43
ccb104f97a55291489b7314ab022607e,02e4a3c7ec652c4ab1077763215580cf,1,,E veio 1 só pedi 2 produtos,2018-03-25 00:00:00,2018-03-27 01:30:24
3ec00172fbdac20fb385122dfc49f942,9de38c42ea4d33af19aac6c4d6c4b146,5,Muito bom ,,2018-06-20 00:00:00,2018-06-21 02:29:55
f66367c78a081112ff932ec5795972bd,22557cb9c7229669e351a8460240119b,4,,,2017-08-23 00:00:00,2017-08-24 12:40:23
988f510e4dc95095d23bd3eecd9087bc,328d856c33d24e8aac1b90367ae7cd3a,5,,,2018-03-15 00:00:00,2018-03-28 15:19:13
3b589466d2f706b849cd69a3a76f39b8,dc2c0025f3f86a410c2bc10ba8f350d2,5,,,2018-07-01 00:00:00,2018-07-02 04:54:28
fe223e578862d6da150088b7578896b0,d1ea55f7318ed68dab3622af81e15141,5,,"Produto cfe. o combinado, entrega bem antes do prazo previsto.",2017-09-01 00:00:00,2017-09-05 00:26:42
2e889c6549d409921641e5a39242f9d2,54afcb850639d95181bf3ee674f97c25,5,,,2017-11-22 00:00:00,2017-11-24 03:09:55
ada6b6b111555572496c8b72cec24e70,b0928556a10706af462ca2ab2c91903b,5,10,otima,2018-08-15 00:00:00,2018-08-16 01:16:12
1a13c45a78478ba4063c475bd4703c60,3e92efabf5eaa46e4ab7f20a10864785,5,,,2017-04-22 00:00:00,2017-04-23 00:34:27
45b0b6dbf68a6a11e3647e789be4be61,1ca44c5850de39660439deebf65c8fd2,5,,,2017-06-07 00:00:00,2017-06-07 23:02:10
a959ae2b148b730cb1861bd04a6253f9,b32669c7ee374ba5372e0824e5ec560c,5,,"O produto chegou bem antes do prazo, eu adorei o aparelho, da um trabalhinho mas ele deixa o pelo tão pequeno que fica invisível, parecendo que foi depilação com cera.",2018-01-18 00:00:00,2018-01-18 16:12:42
fddef16292d80be8cefaa10341b4589f,ddf7e19dc4d5ff4be22e808142f35e5d,3,,Achei apenas que a entrega foi bastante demorada,2018-03-27 00:00:00,2018-04-01 21:12:51
5b69fc1db4c912e605f7e450797ca4ab,7588fbb6c9001d45b0f2bafb4be7ef56,4,,,2017-10-26 00:00:00,2017-11-15 23:35:33
feddd80b19843ef4d7aa2c573e4bcd4c,86c411cc5e0c28b069f3e98edc6e6290,2,,"A loja eu recomendo mas o produto não.. ele trava e não funciona corretamente,",2018-07-13 00:00:00,2018-07-13 21:51:47
9c0167dccdcc71c78c2889f9bcc13d56,914ccbb5110ed49b96c301b5fbf8d629,4,bom.,"O produto foi entregue antes do prazo, porém, está desmontado em caixas, como devo proceder para a solicitar a montagem. 
Aguardo, por favor, um retorno para as devidas providencias. 
Muito obrigado",2018-05-19 00:00:00,2018-05-21 12:09:55
e60dca18c389ea239db99d31ca5a6a7c,be5435c57df6900352df2542b39a99de,4,,,2017-12-20 00:00:00,2017-12-20 16:36:21
176928607a1d6dea7751c3f495feff94,efa916a75b5d88fd21c5e217c691e81b,4,,,2018-06-22 00:00:00,2018-06-22 20:56:20
9d970232c44081ec9fcac8057009f41f,3be081dab4d2bd03cca448a1e0befbd5,5,,,2018-01-26 00:00:00,2018-01-27 11:39:55
28d7dc286c7c580c3135e45d96cc1a39,c9dff4871bed0bc5d4b917767a22d67d,1,,"estou com problemas em dois toners, nao funciona",2017-12-12 00:00:00,2017-12-16 13:59:16
87891fe8c5f088362bff2402fcdf04d8,c53079ef16fa59b2fec31f6f48dfd186,1,,"O produto até o momento não chegou, já passou e muito do prazo, e ninguém me da um retorno. ",2017-12-07 00:00:00,2017-12-09 06:01:34
6c926abe82d89f7d962772b92f52c3ab,ef45f5b9b9146357bf702bb363b16899,5,,"Lindaaa veio tudo certinho, no prazo, recomendo . ",2017-04-18 00:00:00,2017-04-24 02:52:58
e7fec4f296de23ae5b3abc6f2bed305c,db5a21571d549b443f1b502b880e2358,5,,,2017-12-10 00:00:00,2017-12-11 15:39:56
e090a8c264b25368b737f79d30ced5be,fcf380438c697a895901151d7a333c5c,3,,"O cartucho parece igual/compatível, mas não encaixa perfeito na máquina. Conferi o pedido e os códigos e estão corretos, a falha é de encaixe. Por sorte encaixou noutra máquina que usa o mesmo tipo de",2017-10-27 00:00:00,2017-11-02 22:46:25
c343b834bea093e899406f72afd92fc8,365e182cfed9e7f3b3b0bd04ce2251e2,3,,,2017-12-21 00:00:00,2017-12-21 23:25:27
7ed8f1a0aa1537443230b7bd6011d32c,3f1e0bf4672b0acb6072aa40b0f99cfc,5,,,2018-04-05 00:00:00,2018-04-07 18:59:39
014e553e9f71de0274566400a5902b3d,e2f49525c9c3c8cd854d01239a6726d7,5,,,2018-05-11 00:00:00,2018-05-12 02:57:05
21c766f30e55e32278b0aa76d325b821,8d9bb53f1ee340156de88d6a3aa01344,4,,,2018-01-20 00:00:00,2018-01-21 14:46:37
487a705ac90960cc6ad2d4fbe658d5a5,9e7a3686660a2b85282c9b3e2111602e,5,,,2018-06-05 00:00:00,2018-06-06 11:33:06
2b585390c74de3e93b40b0ff53f05689,05646cef8f5791776e224b7967607b4f,5,ótima!,"Produto entregue no prazo, dentro das especificações, conforme o anúncio.
",2018-04-26 00:00:00,2018-04-27 01:18:37
15a3c5e26bb759b934981a4dcc1fde06,0f740a04b4f5fce0611344905b62332c,5,,"Sempre comprei no baratheon, é pontual na s entregas, cumpre com responsabilidades. Parabéns.",2017-12-19 00:00:00,2017-12-26 09:42:31
326f0451018258ac03c45c086ee0a299,d9ecfbca463d0edab5f63732a812a5d1,5,,Chegou no prazo conforme combinado,2018-03-17 00:00:00,2018-03-19 12:50:21
aca8abe8385bba274cf56944bb80021d,9eaeb9a3ef1fbb54f2c06d5ea38dd919,5,,,2018-03-02 00:00:00,2018-03-03 03:55:23
f827ad18b1b440f0761dcacb5a15dbe4,11a9088002b4fdb9c21827b2b585dcf7,3,Entrega faltando produto,"Eu comprei dois produtos, um adesivo de parede e um estoscopio, só recebi um produto, o esto, falta o adesivo e está constando como recebi no site",2018-05-19 00:00:00,2018-05-22 12:59:47
499e75467c3c2d8a99174bf2d5d3196d,b760ac65b36c9bbc913c2dd94131faf3,5,,,2017-12-12 00:00:00,2017-12-13 12:27:15
6215fb2125a72e9e13126e1f3a07ea68,eccfa9494767cbb5849832af90431606,5,,,2017-04-24 00:00:00,2017-04-25 14:49:09
bfa7fa709c0d6f3f11876301252acf0b,268270567c35e07af0d2f8c8cc978410,5,,,2017-08-31 00:00:00,2017-09-01 09:46:40
e96f4ba29c2120274112796e96a6fbba,7db38640b175244483b5c37ac175566e,5,,,2017-05-27 00:00:00,2017-05-28 21:41:20
e997d6d2bd327b236d110d4889929903,e006227af733ca3bcba32f5577afd6d6,5,,Entrega rápida!,2018-01-06 00:00:00,2018-01-06 20:30:39
e97614d82dec52305cf19b34ece5d7f4,6657640ffd626be03509bc9226994b36,5,,,2018-08-28 00:00:00,2018-08-29 14:58:58
8726d3a6221447015d54845af8852736,60cb4dff7b70f5122c9ecd1fe2058b38,5,,,2018-02-23 00:00:00,2018-02-24 01:37:08
835a5762f5aea26f5bcc043c715057f9,81d0a6db52c857218b6801cf1693aa8f,4,,,2018-03-03 00:00:00,2018-03-05 15:55:00
04f8004889e24549f490f57ffa2e792c,12c8abab1047518ce64899cb2c2966b7,4,,O produto foi entregue no prazo e tem boa qualidade.,2017-12-13 00:00:00,2017-12-15 13:25:46
46ffc5a0cb2d7ef92751b3b83a50dab0,60114243c9bedbdafe9bc312bd608936,5,,,2017-12-28 00:00:00,2017-12-28 19:25:45
d8caf32d508cf4c570b223e38eb23b0a,9f699b61466717356c395dfd79ec616e,1,,"Produto comercializado não é o original da marca Oakley, trata-se de réplica, total desrespeito ao consumidor!",2018-01-12 00:00:00,2018-01-15 21:15:00
173ca7a132cf0c880d829cf4248582c2,2277cde48c3f407bad730e1dc754edf7,5,,,2018-04-05 00:00:00,2018-04-06 02:56:26
8c4485f92b1890a2d78e4a870cc47a7c,3ac9f29f627096a68b91ec5db427f94c,5,,,2017-12-05 00:00:00,2017-12-06 13:35:17
80dd8b07d8f52e6f6d60e33c0b93c7fc,f2d4c5e2504657f6ee0b76fb979dd01d,4,,,2018-06-28 00:00:00,2018-07-11 03:11:17
37149588be2e4650cfaf184b3c8410ff,acca926ef1cc9a37d04aac404dc87f4a,4,,Recebido no prazo,2017-06-24 00:00:00,2017-06-26 12:23:46
81ed7664d927037c18a41148b327d545,ca057e5d6b72a0fc19eb40cd99c188c8,4,,,2017-10-12 00:00:00,2017-10-14 17:05:11
656dbd8c0743a1ed96d769026d0badfd,4ab27bfc7c06209a6e08813ca2da35af,2,,A caixa do produto chegou amassada. Os correios informaram q o vendedor nao optou pela embalagem apropriada e quem deveria responder por isso seria o proprio vendedor e nao quiseram levar a mercadoria,2017-10-31 00:00:00,2017-11-03 00:42:30
59356df14c5580f140dbfdf711efea5d,d7b464f6f1a31734fefea7eb6e9a9908,4,,,2018-07-27 00:00:00,2018-07-27 19:42:56
c444f81a9dd837d92ac9ccc7f3dcda9b,2cbc30cc52609a954b2eda461da97579,5,,,2018-06-05 00:00:00,2018-06-06 12:39:22
d194f3e6dfe9509b788c14b1483b823f,c3cf2a2c2e8b5cfbe960f65bf800b91a,5,,"Entrega boa porém ainda não deu tempo de usar o produto...mas pelas resenhas que vi é otimo
",2017-03-07 00:00:00,2017-03-07 22:59:22
58ed2cd4d7022a4aebbae6814c444060,e6e2b1d0f8a98dca93bfcc801eaedc3a,5,,,2018-08-28 00:00:00,2018-08-29 16:45:45
bed2740168a131cb9b891e13bd85d4b2,59432b04b996ae5d0d88267d392b8d6b,5,,,2018-01-10 00:00:00,2018-01-14 22:44:04
f443ffad49fa1038720193157887d60a,3501186fe160a6e3162126a1bfcb2e08,4,,,2018-05-19 00:00:00,2018-05-22 04:47:52
a8e2e1f2fc3d7773a6527adf9de96d75,f8d631ef8b5096ff7454bf32eb066adc,5,,,2018-06-05 00:00:00,2018-06-06 14:42:46
b6a475dcd452dfeab3a59bca8dcf89b3,f811bab9c2621b4c181ebc2cb4605614,5,,,2018-03-30 00:00:00,2018-04-04 15:07:14
af135616375bc121feac10a8a3a8234a,6900ba78f72feb30643f7c2e2ebb3aa1,1,,"Não consigo obtive nenhuma posição quanto ao estorno, produto não chegou.",2017-05-13 00:00:00,2017-05-15 15:24:09
73a0290fb355f3027d74c4d32017ea12,fda6b3dc0172753cc6d00bddb5d4a6e7,5,cinco estrelas,otimo produto,2018-06-16 00:00:00,2018-06-19 02:08:56
869c6ab5623de2d783b54744cab27150,016d1bdf6efab4f6b805df1c03043113,1,,Ainda não recebeu nem a capa do tablet nem o hd externo.,2017-11-02 00:00:00,2017-11-02 18:49:36
76facd4f51dd761890602224897a40e5,82edaaa3e8d63b2f7442f3f2199e3803,5,,,2018-04-26 00:00:00,2018-04-26 23:53:53
af6a415368b54be90f0c12722acf07c6,73d34a2bf529090b8e28797f2169823c,5,,,2017-07-25 00:00:00,2017-07-27 00:22:45
bdaf0a25f20d4e77a37793eeb5e4be1b,08cce5e2a4a4d08e17cef053da98254b,5,,,2018-06-29 00:00:00,2018-07-02 02:00:29
500ee08591e89f9a89561aa6b5f720d1,52b9aacc52af6fe2fa59c2f86e84a735,1,,,2018-04-08 00:00:00,2018-04-11 03:01:18
9d5537ed0272fa5dd7d620dd3e86f68e,242c9821e1036401ddc1d061ffcb034c,5,,,2018-05-11 00:00:00,2018-05-12 23:49:24
37680aaaa05c4feca6dc54850acc4bda,7dfff541b2a848ecb18ceb83d02bfa6a,5,,,2018-03-29 00:00:00,2018-03-30 22:28:38
720e1e93d7f0bd70b3fc2da91df2d058,3598d5876c343ad3d9699be24dc09b8a,5,,,2018-06-08 00:00:00,2018-06-08 10:35:14
aaac65fee32769a69e22e13613010c3e,0794929f95ad2d3371bf525e22a2603f,5,,super recomendo,2017-11-22 00:00:00,2017-12-07 23:51:04
d9fef99119517bdee0e2f5f3cc13dc07,847aa72b1ca97537af9c72ce7e99bf94,4,,"Entregue dentro do prazo direitinho só acho que está com defeito pq coloquei p carregar uma noite ineira e não funcionou. Queria saber como trocar.
",2018-08-23 00:00:00,2018-08-25 12:25:01
d055795a562efffefe47ef81e5435322,20edc82cf5400ce95e1afacc25798b31,5,Muito bom,Adorei,2018-07-06 00:00:00,2018-07-06 20:30:17
8846201a35308a8ac7726baf4e3fdbfc,9a2701b301b281b74ddeea78e0a24625,3,,,2018-07-21 00:00:00,2018-07-26 18:12:51
e4a04f99cee6a385a84e02ead338056d,c00ec2c5d2f145b694e4f478c71c5711,5,,,2018-01-23 00:00:00,2018-01-29 10:16:27
ffd8e9b5b3f1cdffac61270f19695279,d3a543aebcdb10da36e411d1b65a7493,5,,,2018-05-26 00:00:00,2018-05-28 01:42:05
d7c914d0d58cbc3f06887ba1e9ef6544,3be9883ba4ef261dc194228abc739d0c,5,,otimo produto entregue muito antes do prazo,2017-02-04 00:00:00,2017-02-06 02:50:49
e00b6d1d2fe6bd3b0d9d412abf786640,30433431f5393fe9934458f0f02e04e8,4,,,2018-03-29 00:00:00,2018-03-29 19:12:35
9008792b65fc7031ebecc0a150258826,34ca707f0687a186215481e5b55df48a,5,,,2018-03-03 00:00:00,2018-03-06 16:16:24
4dc0971d78c949606de7cfc35dae908e,9cb058418ca948d8b6c3f369d031ab90,5,,Excelente atendimento e entrega obrigado lannister...,2017-08-02 00:00:00,2017-08-02 23:33:21
ab1cff9b36e46cea468b5bf58eadac40,8ca57f2b32c00588cab243b2115441f5,1,Produto veio errado,"Gostaria de saber sobre a devolução do produto,pois informaram que seria 48 horas pra confirmar a devolução e até o momento nada.",2018-08-19 00:00:00,2018-08-23 12:53:30
5a5c8c8ec373bfc1aa726acf149bfdb6,b68f6efd1214a39bd3f44cf6e6ed42d8,5,,Fácil instalação ,2018-03-08 00:00:00,2018-03-08 09:44:15
16d5d313a59d1c9dbcad31cb8205e819,52b7f26dd95604cb836ba17f96a6b056,4,,,2017-07-22 00:00:00,2017-07-24 13:47:40
375bf47e2ea1aa34beb16b72ee9b1f5c,b97ca4dfeb3b285bbbd1e7a528beba92,5,,,2018-06-05 00:00:00,2018-06-06 03:22:42
a8d887f2300326bbcc47d028780cc8a7,20530ee11f40ad96e576465649828c2d,5,,,2017-11-28 00:00:00,2017-11-29 01:10:26
dcdec65d933a9e253950ddd847a825b4,85009f731c1559c53d150e4b3fa7f8a5,5,,,2017-09-14 00:00:00,2017-09-18 20:39:42
7d7f05d4d9e59dbba57637d7cc5eb0a8,e4a03aa31a44aef0f584dff623119c72,5,,,2018-08-24 00:00:00,2018-08-27 10:19:38
5332b72bdb781ad2bd607c774c450563,8fd10b4326b26a7131022cf8f659abef,1,,sem pontualidade,2018-01-14 00:00:00,2018-01-19 08:29:01
cb548ac3fa30631c7885ec348366ab78,f72c493e7f65e42101baca23c7c2fd90,5,,,2017-08-04 00:00:00,2017-08-05 10:07:02
65d7761e876008ee5728561644e75df2,be2833555cf50be44d494f1fb8c95ec3,5,,Produto conforme anunciado!!!,2017-07-22 00:00:00,2017-07-30 18:26:00
2aa01dde51d3706b7cbcb99472d111ad,f93e43e1c7ad8105d4644ca79c6ffe21,4,,,2018-04-13 00:00:00,2018-04-13 18:20:32
9846ea60fea5dd117221c609f12f3202,3822b25e989ac059e7f232678b67a465,5,,,2018-07-31 00:00:00,2018-07-31 19:34:22
3c6b115e919a94cafc35c465a456cb9c,71269bfaff77cbd93b48e1dc0f548f69,5,,,2017-03-10 00:00:00,2017-03-10 12:13:11
bc35920fdb46a393b518c7e5caa79fa1,10ed58c723182bd11f81473b383432de,3,,,2017-05-18 00:00:00,2017-06-01 11:40:10
e9de07dc30df1f38c40f934cfc6c36ba,47d160e3b388f73aa2dfad3c508f4ca3,5,Ótima entrega e produto p,O produto e excelente e a entrega foi super rápida! Super recomendo!,2018-08-12 00:00:00,2018-08-12 20:40:17
0820684b9ad1c78177fd0030e0a6f84c,18233451c81fa4cf187fae71d8e8a299,2,,..,2017-12-18 00:00:00,2017-12-19 05:06:14
49d2ce40d5b4c39a5891510326fe2c19,3b75fec4f1f6f22c7fd68becfadf57f9,2,,A loja fez a entrega antes do prazo mas o produto veio com bastante defeito de 104 sombras da paleta veio faltando 15 isso pra mim é número bem significante! ,2017-04-02 00:00:00,2017-04-02 17:39:23
e67d9aa51c2d2422f205739a7052744e,d398dcdebcb172e3625236bee43da9ec,5,Ótimo produto,,2018-06-19 00:00:00,2018-06-20 03:09:07
c7f11f6eb4c0e0d8ef0da8f06b4b54b5,3ba2a040080e83d936f7121ae9cc993d,5,,Exatamente o demonstrado no anúncio e entrega rápida.,2017-10-19 00:00:00,2017-10-19 20:38:26
308fb813a1409451b334c691329a1b42,7b994fc7c7528d2098eebcb19d18ce7e,1,,,2017-09-27 00:00:00,2017-09-27 20:11:54
509baad58b0bc4a2383b1b01c6e6c554,1ac18d97e1b6b6735f1c5ff4f4757380,5,,,2017-11-23 00:00:00,2017-11-24 14:46:54
caa3458f25808cd6dcacd02d7ca155f7,dcedb7d667c1e037b8e0a8910c6bd8a1,5,,,2017-06-24 00:00:00,2017-06-25 10:21:55
b00428fd1320ee922a886975e355cff6,7e7e972164339f32fadecfdb2c4e93c7,5,Qualidade exelente! ,"Tapete macio, peludo, qualidade excelente cor igual a da foto, superou minhas expectativas! ",2018-07-25 00:00:00,2018-07-25 20:16:05
ffa91419c3521af8c9d224a198f59a27,93f27293d6f1881d4784abaf47d53ffe,5,,Comprei o produto como original e veio um compatível. ..,2017-07-11 00:00:00,2017-07-12 14:09:19
18c0606d2a106e9e6109ee2f59c265a8,b3abe697965039908d3203cd063a2ce6,5,,,2018-08-03 00:00:00,2018-08-05 17:37:34
e8fb055a8a09e65fdfc2cd9fe69ec03f,9fe1f3d48d5a0ba5eb84e53689b8a766,1,,Falta receber um carrinho fórmula vermelho,2018-04-06 00:00:00,2018-04-09 22:01:52
a4b471528fd2dd31764b0cf7c8fffcc7,3c55e82098814e81a8a9314b9ebd0be4,4,,,2018-06-09 00:00:00,2018-06-15 01:34:05
c466228a765aa733da1e17e33291d1de,ff0d5a38b85fbd18f685047969739467,4,,,2017-10-12 00:00:00,2017-10-16 01:39:10
82ba8525b9ca710a3ada0e1d134e3a8f,92be217451e443e50d816ab21286d00d,5,,Rapidez e eficiência na entrega. Produto de boa qualidade.,2017-09-14 00:00:00,2017-09-15 11:35:42
0622395467dc1b7e8831a21612e611a1,fc719b274382a0834f125796832ab9a5,5,,,2018-07-10 00:00:00,2018-07-14 15:22:09
b970bf0e5a0bfaed23724aa1a3401ecb,6113b6607a9b3dba19df73168d0923e7,5,,,2017-11-22 00:00:00,2017-11-22 14:51:29
fc6ca4288685017f316425202c012f58,ce9fc4b5d521bad32b0c3893b9b3788f,1,,,2017-12-09 00:00:00,2017-12-09 19:49:12
5604be28fcbdc6ba94889a2b4207e1f4,e924fd08e03d8ac96fb7bf1291eb7c9f,5,,,2017-07-01 00:00:00,2017-07-01 23:21:25
e277c835864f032174a08d488c393f6d,c99c7b68a239931777d626071e46895d,5,,,2018-06-24 00:00:00,2018-06-24 22:42:25
32af425ef344385044f30feea5932f76,b4afb7b9e849ab4cdaa2bf9994ab7829,4,,,2018-07-06 00:00:00,2018-07-07 20:09:11
a44d92dfb26fb7149e6129cc100b9c50,297358750c4d97989ee76a22ce38764f,1,,"ESSA LOJA É UMA PORCARIA , SEM SUPORTE NENHUM AO CLIENTE !! ATÉ AGORA NÃO RECEBI MEU PRODUTO .. ALEGANDO QUE O MEU INDEREÇO ESTA INCORRETO",2017-09-22 00:00:00,2017-09-26 19:04:24
d8832240a59edd8366ec14bdeb8a496d,9e0584f7d8ecc18347e6ce7eb7922628,5,super recomendo,"Loja confiável, entrega rápida.",2018-07-21 00:00:00,2018-07-25 14:04:06
c7f428807d8a7f93fab6970908c28879,3ed46d0aeda8a091370db112656e55cc,5,,,2018-08-21 00:00:00,2018-08-21 23:13:38
8c9557936286091faaf737133f68d287,a2e9aa14d517e240f6e7c7243dc1f639,4,,,2018-08-31 00:00:00,2018-09-02 00:02:55
369ebe16efc8288288f752b2d299cb14,4380c4ed9da2c69163359909e4e1510e,1,,,2018-02-02 00:00:00,2018-02-04 20:59:00
2a978c06f8df13f0b31fb504aa40f463,5cd688955f6e1066065fb55213589afc,2,,"Olá, faltou a bolsa transparente para guardar os blocos, que aparece nas fotos no site da loja lannister. Veio tudo solto numa caixa de papelão. Aguardo retorno",2017-06-28 00:00:00,2017-06-30 20:26:01
7d73123f841914efd0009fe29c31c1bc,266d1afe42f1f376499cdd8e6df164d9,5,,Good. Very good.,2017-12-01 00:00:00,2017-12-04 10:06:25
b7597ba6e4447f3364fc9885b89aa0d5,faa72e2db68f17d71fa5c725cafc53ad,5,,,2018-04-21 00:00:00,2018-04-24 00:56:17
2a0a8450719d968fe78df5c6eada9430,38a37ff772f3b9f0f304d46b6ea90c09,5,,"Loja com ótimo atendimento e produto lindo, de ótima qualidade. Recomendo. ",2017-12-05 00:00:00,2017-12-05 20:06:21
234935830c7357b5df6eb0dc4774f1db,72b014780c2effe0419b8bb4b534d612,5,,"Bom, mas esquenta um pouco",2017-11-22 00:00:00,2017-11-23 11:16:08
eaba85ba0dad34697e161aa12f653ea6,7a2794a2a0fe321c8b3735dac52ca64d,3,,,2017-12-21 00:00:00,2017-12-21 22:12:27
d9be618210a4ba7b92dd6eaa0b102a52,6adcecbe14853c4a59e88f497152d83c,5,Muito bom,Produto muito bom para pequenos diagnósticos do veiculo. recomendo...,2018-07-05 00:00:00,2018-07-05 16:02:56
c2f1a1237fb5c0a5635a9610bd39e90d,638a540852799faabe1c7c5647646c4e,5,,"Produto excelente, gostei muito, não só eu como toda familia gostou. Pipoca sequinha sem gordura.",2017-05-13 00:00:00,2017-06-01 12:51:17
4f83fb8a1b50ea54a4fbbd30389b1a9f,38cd9a16e2ee3ee519de420fc15d77ff,3,fraco,,2018-06-08 00:00:00,2018-06-11 00:11:03
6665ffaf462f7c1829a05523c0895c42,18c2175899ae0ea38308dec32efffc22,1,,Comprei um cartucho HP original e recebi um cartucho PIRATA!,2018-04-15 00:00:00,2018-04-15 19:04:44
8cbd846c0060448ce5b365fe96adbe43,eddf262f362444dbd097ffd397117611,5,,,2017-07-19 00:00:00,2017-07-20 15:25:37
f0db82ccf3207f0988e9d72e627d0bac,6a98fdd0da4868008ed2b97194165cb7,5,,,2018-08-02 00:00:00,2018-08-05 13:16:59
44a2381c6da2de3501a4de18266de6dc,498e4c5508b686018306d8d363bc9d18,5,,,2018-08-03 00:00:00,2018-08-03 23:45:41
5eaed6ae168734eb117a9479d7b2b48f,889d953454eb01607e1ded9e6c9e1657,5,,,2017-09-07 00:00:00,2017-09-09 04:07:55
a136943471146adece540ec44ef3342f,3328fcf7fefe319b350bec31d74bfd46,5,,,2018-02-20 00:00:00,2018-02-21 02:03:43
765ba204ffdc662f5bc54651edcfb0a1,56a879c57a3b6118c13d30799d1ae6a2,3,, Pedidos anteriores foram recebidos. Somente essa ultima compra não foi entregue ainda.,2018-04-27 00:00:00,2018-05-07 14:37:54
83635039487401971c1971ddc2a76e56,660020bc4184db41dc39b332230e94a6,4,,,2017-09-13 00:00:00,2017-09-14 08:40:46
bd3738bee4f8aee6f2f8ade566419793,e9a18a01a641ece17c11a804a3651208,4,,,2018-08-03 00:00:00,2018-08-06 14:36:41
366d10cedeb521fbb39bebe4b3202720,7f09bca31b66e6df150a8030c5a534cf,5,,,2018-01-24 00:00:00,2018-01-24 20:31:56
55ee97c1d6ec1a575a83ec108af4b9c6,327c17fe3bf926f72f592503b52e3b5a,4,,,2018-01-27 00:00:00,2018-01-27 21:30:47
ce6f0f87db1a3c082e32bda0286bf5aa,ba905c53634f259fa5738c7307a0d092,1,,"Produto muito fraco, não recomendaria a ninguem.",2018-01-04 00:00:00,2018-01-04 15:08:41
30b67a7f2a3e845e24216fcc6d480ad0,eef924919d7199a92f9a37712b57885d,5,,,2017-07-28 00:00:00,2017-07-29 10:27:38
6285fc2fbbc8905c61c70c0262a8b699,49e4c4907bdae7153ea492e2827fe5ab,1,,,2018-08-10 00:00:00,2018-08-10 19:59:20
5b96ca8d3c4d4a99cb9c4ab5d0415370,742a36775534b588ed2a62ba4c2d9cd7,4,,"Ótimo, entregaram na datacert",2017-08-13 00:00:00,2017-08-13 20:06:09
67f300be4fddb206e5fad4e8a3bcda0c,fcde2f7449493b4f207a23fae117b0fb,5,,Não tem,2017-06-02 00:00:00,2017-06-03 13:13:32
65d64436b2623546b1e39afa72de4b66,6fd7aad38ed11be7812e861b8947f7d4,4,recomendo,gostei do produto,2018-08-14 00:00:00,2018-08-14 22:36:43
25b99cf7e5fb19558b4ab0279cc9a4d7,d8962b14d78c6bc197f6508354109936,5,,,2018-04-17 00:00:00,2018-04-24 22:19:16
6de88c959f8877e1d63c2522343d9099,363fe8f62de97e4334f5c88e3d9e73a8,4,,"Sempre compro, produtos de qualidade... ",2018-03-30 00:00:00,2018-03-31 00:57:42
6207c8c1b3c782f6b5e1218c4df6b87a,4152a677b7acfa7fdab8dc8e1dd436eb,1,,,2017-02-03 00:00:00,2017-02-04 01:16:45
7803111200a769af32f7d4ac83537145,8ae04dfbb6a99bc4d4871edc08bf8ee8,5,,,2017-12-01 00:00:00,2017-12-03 17:56:56
cbc71df9275ee8f1b27f523b362010c5,158a3c94f1c31ab6a1e4b818c150ef70,5,,,2018-01-12 00:00:00,2018-01-15 12:57:30
d1b9ad1b9049f15789abae7baab3ef6d,2ff4dba9b7e65ee15034ed2b0004048d,5,Otimo,Muito satisfeito .,2018-06-09 00:00:00,2018-06-09 22:04:19
4481c09f10fb51f3bdc67b0296172d05,7c8582fc7ce51a091fe83cb5efa4e84e,5,,,2018-01-18 00:00:00,2018-01-19 00:39:55
483c9a84d77551a8a8c45c6ec5d5cc75,dccb282b858f9b481824964de4cda528,1,,"Insatisfação total. Paguei o produto prontamente, depois de quase um mês recebi a mensagem que o produto estava indisponível.",2017-09-24 00:00:00,2017-09-24 14:48:56
1d7f905ffb43bc0510b85591f91b8b82,7073be83c3247747c26a69d5a689edbf,5,,,2018-07-24 00:00:00,2018-07-26 16:16:34
61abfe9a23ba1cd1067ac859a8ebc19a,ff98857a36b901baaa0dc19c6fcf65fe,4,,Tudo certo. Mas a qualidade do produto nao foi o que eu esperava.,2017-11-24 00:00:00,2017-11-30 02:45:34
5d858cb57b57ca49764f5881d69f6e02,2eeb8e6a0c5f3787936ab06ff6dfc54f,4,,O pacote veio rasgado,2017-11-11 00:00:00,2017-11-12 13:03:45
d54259fe5f923e4b55c6c4f81e156cf4,d12a47d442a17b323b1a2cc05b2c217b,4,,,2018-07-04 00:00:00,2018-07-05 03:15:33
6f7c371f3b4f640aecb18a312a4c8d14,aa0cbb40775d50f0535c3e4a38603b3c,5,,,2017-09-15 00:00:00,2017-09-19 19:11:40
f78d2909c6c202d3cabb8bac3fc00e75,7b905861d7c825891d6347454ea7863f,5,,,2017-08-24 00:00:00,2017-08-25 19:38:31
0af6e5e3b5f6231c1e85a814849dceda,5b04efc47b042c9734bf6d5a67be3b6d,4,,,2018-01-24 00:00:00,2018-01-26 21:18:28
408efa996740b354388cc618c65081b1,60ead11db6b36221fe1424e330883a9a,5,,,2017-09-05 00:00:00,2017-09-06 03:09:09
caf7a99ff4aadd5a5d885f762eaf5b1c,92cadc3e20edf9c11602105c344a717f,5,,,2017-11-04 00:00:00,2017-11-06 18:56:13
fd3612302fdd36f9327385ab7aa8b7fa,3cf8df3f88d9f6f82a04ecd4028c6dce,3,,,2017-03-08 00:00:00,2017-03-11 14:49:47
d91178c8a801992ba72d604c2cebc36a,3e30da31e3bf405f3a0b771a7d935322,4,,,2018-02-09 00:00:00,2018-02-09 23:08:17
cb77d3d713bf89998a893f7fe54a1bb6,4631c1e3bc2f88c99b9ffcb6a8a62e37,3,,,2018-01-22 00:00:00,2018-01-22 20:00:45
b54d02f7f1520b3995f84b77ab0dacb3,c8c528189310eaa44a745b8d9d26908b,1,Péssima meu produtdefeito,,2018-08-24 00:00:00,2018-08-25 02:24:54
16b9b76c4dc617925d8b4cea45d44d8f,3e5e7b5fa03b93333f27d876d4026ec3,5,10,muito bom e sempre um prazer comprar no baratheon ,2018-08-04 00:00:00,2018-08-05 04:15:01
ed296f90dad48a800c5f2b7174b2cf37,e630382ebe09e682fd9032c7d269f62b,3,,"Só não dou nota máxima porque os cartuchos que comprei vieram em uma embalagem sem proteção, e um dos cartuchos chegou a ficar com a caixa rasgada e aberta.",2018-04-13 00:00:00,2018-04-13 15:28:26
a884339bc62d9508a42820d54066cd8a,0a0e7f9881dffec612b28e2682242574,1,,,2018-03-19 00:00:00,2018-03-20 22:06:27
0d4c56af896dd6eb9de8edbaa1902d22,ab7c89dc1bf4a1ead9d6ec1ec8968a84,1,Péssimo,Comprei um produto de uma marca e recebi outro inferior ao que comprei sem falar que me cobraram frete é tive que pegar no correio,2018-06-16 00:00:00,2018-06-16 13:55:00
3241cf92fd3f7d82748cc0424bb7564a,154296963babe7e6f491818cb07b17ba,5,,,2018-04-21 00:00:00,2018-04-22 12:33:18
228c2cf136bc5b2c9213d78b8c4674bf,e5d4d06531c0f91fef9b87eb7d3b98dd,2,,"Comprei duas cortinas e recebi apenas uma. Na foto ela é dividida em duas partes, porém recebi apenas uma. Corrigindo, não recebi, tive que retirar nos correios.",2018-03-04 00:00:00,2018-03-06 01:45:05
4a9e8581274744af7fa4473b9b9477d5,f838a927949e184c27e9965fdb239fcf,5,,,2018-08-11 00:00:00,2018-08-12 02:34:27
6c84747111a5ce1eae5b79f705a5ef76,e86fb2abd1932ca34230cb407378e9d8,1,,Não recebi o produto,2018-03-29 00:00:00,2018-03-31 10:29:52
9bd0077d08645b60245d5f6b8896bbd7,7e3e92dc3eaf5389f32da97228f7dd0e,5,,,2017-07-12 00:00:00,2017-07-12 23:08:09
b9348ed23cd4c1e6ce95a2c3e3441eb1,a31768d1614db23dfc711f738b2b774f,4,,,2017-12-12 00:00:00,2017-12-14 19:01:19
31141dfed2926370722234f0f344ac70,96867881a8d245ffae18dd2f1c4898d2,5,,"Chegou em perfeitas condições e dentro do prazo estabelecido, produto simplismente maravilhoso.",2017-02-09 00:00:00,2017-02-23 17:55:53
1a7848d91afbeb67724d83248f4b55ae,0ea948e1fe88f71d0724adcdf03f3a1a,5,,,2018-07-12 00:00:00,2018-07-12 19:02:40
e5de87a08e845282db6249246d886958,bde5891c6b5d690163ceae7143c288f4,5,,Atendimento rápido ,2017-11-17 00:00:00,2017-11-17 21:57:58
cc35f762b41608b511297a2a0a0f1041,1391638490f9af630fb84f5da6f40843,1,,,2017-05-24 00:00:00,2017-05-24 15:11:17
38824c08a7c28d3062c428a80b03ef94,689fb8f117f6d979dc761429176bb52f,5,,"entrega rápida, dentro do prazo. produto de boa qualidade, foi para presente à escolha da mãe/gestante e ela adorou, atendeu as expectativas. ",2017-09-16 00:00:00,2017-12-21 14:45:03
2c54c29170fa048c74dd7c41905223c1,b050c4789515afbf9494031e52fcb0ac,5,,,2017-12-19 00:00:00,2017-12-19 19:35:35
4a7118b1f9c3d06869e0cd9d5c1b4ccb,b7052b027c0d0f9034f466378c59248d,1,,meu produto nao chegou esta atrasado.,2018-06-23 00:00:00,2018-06-24 06:54:42
b3e036b137161850e83bb9e20f6a326f,6bcce39be127575854779e39a50f2059,5,,,2018-05-09 00:00:00,2018-05-11 01:00:22
934ebce9c735e652d16eca979fa8aa53,e77e25ad4185ce8fba142eafcd1442da,1,,,2018-01-13 00:00:00,2018-01-13 08:55:07
c179ff2f38088ab1cdabb914679fe574,827d8ae687faef2e9c2bc79196b26f6e,1,,"Comprei um
Mosqueteiro para cama king para NÃO entrar pernilongo . O véu véu parecendo podre e com vários furtos . Para fazer a devolução que EU TENHO DIREITO vai me custar mais caro do que o produto",2018-01-25 00:00:00,2018-01-28 00:54:01
4aa2719610746aacbeb48524dfea8839,c1ef9804b695d6060c0964f2c6324433,5,,,2018-02-10 00:00:00,2018-02-11 14:37:32
3f6dc3d7a268249b780625351bac1edf,1cfb210fdaf81f98065605323fe31fa3,1,,Não recebi meu produto,2018-01-04 00:00:00,2018-01-04 21:37:47
9ca37df09ed59ac6aac36e45752edde8,864fb7308cf63ed5141c340f258de1b5,5,,"Item chegou 2 dias após a compra! Muiuuito antes do prazo!
Capinha bem simples, material ?pobre? mas é exatamente como anunciado.",2017-11-18 00:00:00,2017-11-18 21:24:23
977d30b3ffbd2388524f59be7b22306b,18c7a26dfefa3c4686770ca98c0819fb,5,,,2018-02-22 00:00:00,2018-02-23 00:43:53
67d186b8f847299ea4a0e31b885259c3,6a3e9cd3ebd3eaf6a53cb71cb50941c4,4,,Bom Custo X Benefício!,2017-12-13 00:00:00,2017-12-14 02:37:34
05d8766820ce7f9146be59674e7a6477,2889a938b438bbaf4701f63a2545bb3b,5,,"Super prática,fácil de limpar e ocupa pouco espaço, recomendo a todos.",2017-02-22 00:00:00,2017-02-23 09:04:19
0c6b8a9f6f67326e9aa3c52dc289c9c5,242efbf997dcc144609030002b91446e,4,,,2017-12-09 00:00:00,2017-12-11 04:49:21
7cc0a671a9441f2da752bac9b9d0b183,713824809fec35c7cd7125d6a6bd347c,1,,,2017-11-17 00:00:00,2017-11-20 20:08:27
80c02d8cf99a5c5ffb46228451d105f0,5f7577cc4d04d08a6edae39a0b96e281,3,,Prazo de entrega muito extenso,2017-08-23 00:00:00,2017-08-24 14:08:04
3aa0567dc5d85f829ed68c96bbbd6393,eb8f24cf4aa474bfe99c062aff65c4c9,4,,,2018-03-21 00:00:00,2018-03-23 21:19:03
3f062ab67b433ed4b7c85fdb0cc55141,fa9bb0fcd9ac91743999d13c2860dac5,5,,Produto conforme anunciado. ,2018-02-23 00:00:00,2018-02-25 19:35:10
e28d992b1a6f24242ea0eb1a510c56bc,4a8c411435966af42c48f7de7714c2f6,5,,,2017-06-30 00:00:00,2017-07-03 18:14:37
b795009cfd6cbf8e13f0dfddf25a7a56,409d692c7314744b643ae98e8a11e1b5,5,,Foi entregue antes do prazo estabelecido,2018-08-21 00:00:00,2018-08-22 17:36:41
baa45284e4c7d9e91a4080475e1910b6,bb98ebf4863602704a934e547ca8fbee,5,,,2018-02-26 00:00:00,2018-03-01 01:27:43
a75ea7bd0d906846ba70b7888d00b05e,b89a164ebd4447db59b194c2b4fc90fc,5,,"Produto recebido antes do prazo 
Relogio de boa qualidade chego intacto.",2017-09-27 00:00:00,2017-09-27 22:00:24
dc79e8d039157db1ee4eecfd2f6b7d88,e2532fe843f45b7a1aa7ede9474ca960,5,,,2018-04-07 00:00:00,2018-04-10 01:30:04
61e04d21fe72564feb860d5649218c53,1428d5591252000b5c73e00f91d4889a,5,,,2018-06-06 00:00:00,2018-06-07 18:54:21
df4951a3f63885d35e3fc7ede47be729,17d1c72c26f43dbcb91705626271e2f0,5,,,2017-11-24 00:00:00,2017-11-26 15:05:19
d8f9f8728cda86ac4e8bf28e924da80a,70c5ccc21360b2f9c8f0a0decfb4e41d,5,Ótimo produto.,A loja cumpre corretamente com as vendas que realiza. Eu recomendo essa loja.,2018-08-30 00:00:00,2018-08-30 22:45:15
fc83b1bf60ba3f4fc8e533ba568bf8b9,cd9b48fbcef64e5b838f5026ac43c776,1,Produto não entregue,Produto não chegou.não posso avaliar,2018-06-30 00:00:00,2018-07-02 14:16:56
20fc31c1cb366cd0686108bcd9d038a7,a531f18d52ebc430be165b4ea5a7bf5b,5,Recomendo,"As bolsas são lindas!!! E o prazo de entrega,foi mais de um mês de antecedência,super rápido! Só estou aguardando os outros produtos que são de fornecedores diferentes,mas espero que cheguem logo!",2018-08-29 00:00:00,2018-08-30 10:46:44
37e6a7ca9b8c81d833a6cf026707b0ec,f5218a2401f92542f87b1de5bc3f92ff,3,,só acho que eles deveriam usar a msm postagem para entregas de produtos iguais... liberam 2 etiquetas para cobrar 2x o frete ai recebi 1 produto em 1d e o outro 7 dias depois,2018-03-07 00:00:00,2018-03-14 12:58:54
4aac91be14788a7d501474b289977ca2,add9b8e58a85333ecd17897517ceda1b,5,,,2018-07-27 00:00:00,2018-07-30 01:33:21
46b088320b5800c5fce735c77101ac05,db901cbc067d748513fe59568a2d9f4a,5,,,2017-03-22 00:00:00,2017-03-22 20:59:22
c647ed9355080c42ed0519cc6ab76d2a,74d9e9683c40581c6efb5d3ef994c902,1,Não recebi o produto,,2018-08-19 00:00:00,2018-08-21 12:09:58
38bc0c44cc5840fd4089624f15ea262c,abb72024277f9d7ed4a0dec9cbe56e03,4,,,2018-07-03 00:00:00,2018-07-10 21:23:17
732d5a1c973ec3bdd8141d39ad6b2cc0,c9d0365e799572906dd4a83e17d1b6e5,5,,"Achei ótimo, era para demorar até 20 dias, chegou 4 dias depois que meu pedido foi aprovado. 
Ainda não testei, mas pelo que dizem ele é maravilhoso!",2017-02-08 00:00:00,2017-02-09 14:57:42
0a957052c9cc97271a96da63dad8895b,8311aa3b9c474639d7f344868c3fe150,1,,Ainda não recebi,2018-02-07 00:00:00,2018-02-09 13:17:34
b7013a9e63f944b85e8e44ee177f0b0c,6adb948b069c269ba13ff1c38ad90228,1,,mandaram meu pedido errado ja mandei o email e nao me responderan,2017-05-31 00:00:00,2017-06-01 09:30:03
53dd188a571009a71a2ba99bf02acb7d,27c747b711a812bafe3c276823a6bf73,1,,"a loja deveria disponibilizar uma forma de haver contato entre o vendedor e o comprador, pois até o momento só me resta aguardar e dizer ao meu filho que aguarde seu presente.",2018-03-11 00:00:00,2018-03-13 14:51:31
96c73b4dd713c8787d7996fc194aad4a,fc698f330ec7fb74859071cc6cb29772,5,Ótimo,Loja confiável e o produto chegou como eu esperava,2018-05-10 00:00:00,2018-05-10 22:18:38
355f4ed76c7cf7ae756f8e67c80e9a36,4ec755335e77b43c823c978d570fe48f,5,,Esse creme é maravilhoso ,2017-12-29 00:00:00,2018-01-01 19:10:00
70a8116eca10985774c366724e7c57d4,ccb44718a5b5b8bde31b24e888d56d09,5,,"O produto chegou dentro do prazo, tudo certo e sem nenhum problema. Recomendo a todos! ",2017-11-09 00:00:00,2017-11-11 12:57:17
6fda8978599edf0f42e3f19e90c51d79,84aaa1a774e37a0a7c1a5413dc49e168,5,,,2017-07-27 00:00:00,2017-07-28 14:11:10
e616848e9ea7c84b41065b938cea1c66,20176fe1ddb4756918024acdffd0cb05,5,,,2017-10-25 00:00:00,2017-10-25 20:20:20
97acba613c83730c6ce4a2b7ededd93b,1b31224d12bca993297e386557c6a6d1,5,,Site bom e barato,2017-08-29 00:00:00,2017-08-30 14:49:26
44e9f871226d8a130de3fc39dfbdf0c5,892e04325197686b3f5a32eb5fb38177,5,,,2018-02-22 00:00:00,2018-02-23 10:58:06
ebeeb367309de853484e57f44fad721d,d21ad12ba64a2a372a9f78c1bcd003e6,5,,,2018-03-14 00:00:00,2018-03-17 13:53:18
6ca3daed1771ab409789d583f29a13bf,52e1b92cb6de5f5bca72b3d73f59d193,5,,,2017-12-13 00:00:00,2017-12-14 00:59:16
6abcd8e99b883789a8a899f6efa8362d,424e1ceb3de9ad0df2ae67ce62d75bce,5,,,2017-03-23 00:00:00,2017-03-24 09:54:44
1da583753937fd517c2d5ab0a4afa855,3c1bdb3d635a802bc38ca0b87c14f2e5,5,,,2018-05-25 00:00:00,2018-05-28 11:54:24
d932f00daac681b02c5742ab0c18cd04,5f8af87da2123c6841b3941b3b5f478e,4,,,2018-08-11 00:00:00,2018-08-11 21:24:01
68943d08a20deb9b08c7de80a0927214,b27b73e4dc66dd3733d11cd49b3474be,1,,"Produto veio correto, só achei muito pequeno. Não gostei por isso. Mas produto foi entregue no prazo tudo certinho. ",2017-06-14 00:00:00,2017-06-19 19:46:26
cf960207b2961dbcaf39dfeffe75b2a5,787ae1110521f3a8bc19a7ac93b8c914,1,,,2018-03-31 00:00:00,2018-03-31 12:36:47
c2ce9da468aa662a2bf2d62cd2623a5d,62ffdc08aacc0d5763a38e07039234d8,5,,,2017-08-11 00:00:00,2017-08-29 15:25:06
11679e4a019f84b3fd07af3197ddcacc,f28d2797b047549663f2e82b4afbdc1e,4,,,2017-04-13 00:00:00,2017-04-14 13:58:48
70eaee0a132874ef99992662c1d1dafe,f59b0460d13be0dd48e9762851d21998,4,,,2018-08-30 00:00:00,2018-08-31 00:22:08
094ba9bf1808f9460d82d21b2bbe91a2,4ec16f88e884232366f73009df2bf045,5,,,2017-08-25 00:00:00,2017-09-04 12:28:59
8c00f8c26f6fbd7c8fb15a6c7cf2a551,82171257a2cb92f1a042bbca64864a08,1,,"OS PRODUTOS ANUNCIADOS NÃO CORRESPONDEM AS IMAGENS APRESENTADAS EM SUA DIVULGAÇÃO,PRODUTOS DE PÉSSIMA QUALIDADE, NÃO GOSTEI.",2018-03-17 00:00:00,2018-03-20 11:17:13
6360532ddf1f8e1bcc499b51374ced9c,d43472e081e497455a0b707e249ce567,3,,Demorou muito a entrega e ainda não coloquei no carro ,2018-04-17 00:00:00,2018-04-18 17:09:17
5733b8536dde63f3eab3f702ff686197,d933bc3298b938687c5aab9685d2108c,4,,"Entrega rápida e relogio muito bonito. Porém eu comprei com os números na cor azul e veio na verde, mas como também gostei, nao fiz a troca. O relógio nao fica muito grande no braço!",2017-09-09 00:00:00,2017-09-10 00:58:38
3c6984372c74a8f5547fa868267cbfe4,660ad30c11df22cad81d8a3b30af6cee,1,,"Propaganda enganosa, comprei porque na descrição estava claro que ela flutuava, porém ela não FLUTUA. A faca afunda. PÉSSIMA, PROPAGANDA ENGANOSA ",2017-10-14 00:00:00,2017-10-16 23:56:46
208366104e45c33a0b4d053da7197b42,acf31320a17ec091f71b623a3b776760,5,,,2018-06-06 00:00:00,2018-06-09 17:12:20
66c73d1c21afdaf23a0d358c3299f4bf,8394892177e59c9293914e83fe4c4dfe,5,,,2018-07-01 00:00:00,2018-07-03 15:41:44
16e7439172ec279091c4e2ae23c8b37d,9841304c5432e46d9cfd508835b743b1,5,,,2017-12-06 00:00:00,2017-12-10 21:38:24
dfbe730d26f0163c1ebd4268000b5257,15fbcfbb34bc49b1bd1cdbbb676de135,4,,,2018-06-26 00:00:00,2018-06-26 21:35:23
014f70270fa59804f14eb3df2ca690d2,496c7edde87a9059e9887b3f1fc62523,5,,........................,2017-03-10 00:00:00,2017-03-11 00:58:57
ca42bfb53eb4a0f39eceb790858878c9,62fe29a53926ef67e73c4b5f3e1ba6f3,4,,,2018-01-10 00:00:00,2018-01-10 21:34:16
0288d42bef3dfe36930740c9588a570f,f889a5a0b44adc29c5465b99395ac3c1,3,,,2017-07-29 00:00:00,2017-07-31 17:11:04
0816ed9e2dfbf75dbede67066bd91bee,db5e341b9a765a33fd41da0b3f0944dc,5,,ótimo produto,2018-02-23 00:00:00,2018-02-26 11:11:11
845d7abc8b0d6e31275402808e4eebf1,cda39e972551602661cd5e8908ee82b5,5,Parabéns ,Entrega no prazo e produto conforme anúncio. ,2018-06-30 00:00:00,2018-07-01 17:35:53
02621e9255fb0e58914cd9d8ee18a549,31f67bef2180ffdf0dbf11db4b0a4380,4,,,2017-07-22 00:00:00,2017-07-25 10:27:57
0e8c8daeec85491bdd5d42f72d02bd15,ab0bb51a710692e96d316072209e1c75,4,,"Ok, entregue correto e no prazo.",2018-04-04 00:00:00,2018-04-04 20:45:50
67f16f021652050698b734c23d148b5d,42df71f66e653cbe9e87913834e59873,4,acusação de recebimento ,acuso positivamente o recebimento do produto.,2018-07-06 00:00:00,2018-07-08 16:56:37
20c67869224a1b0e897b1bcdead87175,36b53be88597f8fc8af05d1a35c0dc45,4,,,2018-01-10 00:00:00,2018-01-10 16:33:04
2e3c9a87917228a764779ce46e7a8e1f,893d40b53f61002a75eff0c92b557219,4,,"Ainda não utilizei o produto, mas a entrega foi dentro do prazo. então, na verdade, essa avaliação não é do produto",2017-04-02 00:00:00,2017-04-04 21:11:24
3c48a258cb22b6c463efd159f2b2f7e3,2f1a0775fbeb87d4cc9d66070ce0f897,5,,"Estou satisfeito com o atendimento,e a agilidade na entrega. obrigado!",2018-02-16 00:00:00,2018-02-19 00:27:19
3058610035f58a80f084503722792c85,dc7798b2a62765a8e3a26f86c042596d,3,,,2018-04-11 00:00:00,2018-04-11 22:58:57
f910d8f0cedf90753a41b3b2f1293f72,3d5857f4fdb1061d247dea2544782580,4,,"Produto de boa qualidade, mas muito caro aqui no Brasil. Como ia demorar para viajar decidi comprar por aqui mesmo...",2017-10-28 00:00:00,2017-10-30 10:22:54
323a6254454bac273ba228c71c32bcd8,2f98f40416fdda614b3c3b4539ec23cc,5,,,2018-08-21 00:00:00,2018-08-24 13:17:45
5cf0e5fa9c944ced63bfd3e72a1b4729,475ff6348f62b515f96894937c01358d,4,,,2018-01-06 00:00:00,2018-01-08 11:12:44
57e2288e1467520196a4936d6f7eb077,e57050216cdcbc40e35c8f5667f7806e,5,,,2018-08-01 00:00:00,2018-08-02 21:40:47
6c904b0061c02430552f7cf288d8a477,faf1b809401b186ca28936c3e1cb07aa,1,,quero saber cade o meu produto ,2018-05-19 00:00:00,2018-05-21 11:35:40
46aba8f0c97dc89296e61399fa3caa08,d91a712b4ecf0cba1183e01e2808599c,3,,"Tudo dentro do previsto, obrigada!",2018-01-30 00:00:00,2018-01-30 22:54:47
91ca5bd393677eef3e3abc9ae73e7ce9,7a0698ce87fc4cd3e171e7361f0bc0b5,5,,"peoduto muito vom atendeu minhas expectarivas, indico a loja e vendedor ",2018-06-29 00:00:00,2018-06-29 22:54:14
882fa541845d3be31f79769605eb655b,445cd794c7ff61866803ea314dabe645,5,,,2018-07-25 00:00:00,2018-07-25 19:32:54
db716a8bb87a56b3af367bf29b198402,1501eaa2540a52164308d1dc061f89e0,5,,Excelente tudo no prazo.,2017-04-29 00:00:00,2017-04-30 18:19:02
3c234260eabd70795c4c3e5e78dbd1e9,398c8e07a36c8e10448623bb36a16bec,5,,top,2017-08-23 00:00:00,2017-09-21 17:37:24
90a3c6524413abf494461aba2a994572,1fbf5baa345604aa56a1e8a510eafd49,5,,"A previsão seria para o dia 5, mas temos que dar um desconto por causa dos correios.",2018-01-07 00:00:00,2018-01-08 17:24:31
bf796bbf98859accfb3e19189995b931,39948b49e7e68844f9f5a31d12a3c4c6,3,,"Então Gostei Mais veio diferente do que eu pedi, mais Gostei também, a entrega foi bem rápida",2018-03-30 00:00:00,2018-04-05 02:08:02
480752333c7ba4fb14623f7985a66d10,185e7ea81e4cf0fc1d2f4e8e38e8e7e3,5,,,2018-06-19 00:00:00,2018-06-22 01:20:09
8a3f251c63a731ba318b54c99b2811c6,27fb2154c341bbc730063b1d16844616,4,,,2018-06-16 00:00:00,2018-06-18 00:20:59
e51bde91950aa0a29920d87799f2b886,534c285356eb06898b7ea7edbb14476b,5,,,2018-03-28 00:00:00,2018-03-28 23:50:11
3c3af66071d04f16ca094ab723ed1b93,2e7ca2344bf0db90bba866fa90409cfd,3,,Nenhuma,2017-10-12 00:00:00,2017-10-14 16:19:57
ac5ed14402e3fbc7eb6684ac4eb8bf51,067c29bb966641e04d1d7a924aa3157c,5,,,2017-10-12 00:00:00,2017-10-12 17:49:10
c8de6eb13570f02a224d34c5294602d5,0fc664e3e9937dfcef8a126f89b976ad,3,,,2018-08-07 00:00:00,2018-08-09 18:29:24
e23746e5303d5309fceb35e67328ce43,dd91bcebe3c4f665242db31b800a2b59,1,,,2017-07-09 00:00:00,2017-07-10 03:52:55
741cd5dcf64e6b0587c1a00b54c2753f,8026c598dd1215d12c3c326458788d7d,4,,,2017-05-26 00:00:00,2017-05-27 12:51:08
16a26b8cbbe0f0f5cc3ea274299ffaa6,17c378811f6ab30e2c7d554f2d4fbd44,5,,,2017-08-30 00:00:00,2017-08-31 01:02:36
e2f18229b58569d271cd2d386dcd6a2d,b7137352bdf2d8985750a6b13d49b2d4,5,,,2017-07-27 00:00:00,2017-07-29 18:11:38
15d80d132b2dca0d2338ad7a72365ba0,b3e7ea02bc00558f1ee99a2927181b4e,5,,,2018-08-18 00:00:00,2018-08-18 19:22:56
45e364aa3cc5d342a39fac1fce53fbcb,60c46973a2a9ad727ea9c45695b2b312,5,,,2018-08-18 00:00:00,2018-08-18 19:22:28
63dfe1439da731ec060d19bc76df1ba8,539d0e8a233d633cce2f53dc4280c55e,5,,,2018-04-03 00:00:00,2018-04-03 18:45:45
653b2c7b60472ca589776b1a7ca2c0ea,4a17b2645f4598da6cdcd43f785b9b1f,5,,Chegou na data correta. Produto como esperado.,2018-08-30 00:00:00,2018-08-30 04:39:53
44e2156db14a59676d3ae28a755300cd,99444a1ae54c5cdeb0dc5e97b57aa6e5,2,,"Cheiro ruim e muito forte, frete mais caro que o produto.",2017-08-10 00:00:00,2017-08-10 23:31:45
37f323420399e7f09726c66d99bfb87a,f5812a9fb42759e8e49d17f11e9d18ad,5,,,2018-08-10 00:00:00,2018-08-11 11:22:55
1d8c8bf681a2bda5503b1460c2275a4d,34688497162fbb53b24e10738f912fa4,1,Cadê meu produto,Porque toda vez que tento rastrear meu produto não é possível ,2018-08-24 00:00:00,2018-08-25 15:09:16
88799c9ece425f5f40f02678520071d3,03f83b59e7c7355647462745b18119f1,3,,"O produto em si é bom, mas a entrega deixou muito a desejar.. Entregaram em sim a do prazo",2017-08-08 00:00:00,2017-08-11 02:21:20
08ee38bf49598d818f7ce6d0b0820ff2,50dd2a49e14604137b84567d5c9e0c8c,5,,,2017-07-15 00:00:00,2017-07-18 11:54:08
0610eed16d94fc86929db6f57c756e61,bb39cd2f2f58e93ae10568be5cad1b58,5,,chegou rápido e achei lindo .. !! ,2018-01-06 00:00:00,2018-01-08 18:22:56
d369cb2feb24adca233998445b4b23b0,601aeff176a15b40925c874c87b0cc16,5,,Chegou antes do prazo estipulado. ,2017-08-19 00:00:00,2017-08-19 23:41:08
c671583373877acef8c371d622b1f212,7527dc48e587e3cc2071e727f32a2610,5,Lindo relógio!,"Amei o relógio, ele só é bem pequeno, mas é lindo! E chegou bem antes do prazo. Comprarei novamente, com certeza! ",2018-05-18 00:00:00,2018-05-20 21:37:10
a14c3936e17eb1ba49474e1880bc7bfc,e38994925b350c88bd9b885f0b726439,5,,,2017-12-05 00:00:00,2017-12-06 10:08:21
c6169d61c0ff2861c5668e0c288b84f1,87049d4b9b8517e7f78b3724f698c4a1,4,Recomendo,"Ok, tudo previsto",2018-07-08 00:00:00,2018-07-10 16:09:44
3a297d8192e417ffccb7b5a3a3f077a1,014f1e63f9bd4f5578edcf4e5c305a0a,5,,,2017-04-18 00:00:00,2017-04-19 01:00:15
6b9d72d4994c48f9e06ec706286efccd,a23f4025d60af6199b5eb5631b070e7f,5,,,2017-12-23 00:00:00,2017-12-24 20:47:21
c045ec55f83541a8b95740e4c693e868,ae6554cd477d704040e7a5ddb5a72886,5,,,2018-02-08 00:00:00,2018-02-14 09:09:57
32569eaab738fe7755350775673be47a,14bd11245c3ec97c47db26f0e5d88743,5,," O produto foi entregue sem problema,só posso 
 dizer se está certo depois que consultar o 
 mecânico. obrigado.",2018-01-26 00:00:00,2018-01-29 23:09:02
32a8c00eb081fc345ea6604845b82c3c,62b59d3fd880df7032e73ddb97f7f00f,2,,,2018-04-18 00:00:00,2018-04-20 10:08:00
70a789628e1e5960e94ff56844c4fa42,d4e27dc356ca647fd39f91affa4feb89,4,,,2017-06-01 00:00:00,2017-06-01 23:16:09
6f8d4f8563b073dea5c2151438d93cf2,5124d1910fba5bcf45b9372eb874fe2d,5,,,2018-04-28 00:00:00,2018-04-30 21:49:19
5a85def9346ca53558638b778b99950d,0b8c594f80a7db56ea4927af84e45203,5,,,2018-04-12 00:00:00,2018-04-13 13:02:23
66f90f694c8d7d847846eb2c83c641de,62bb099353a9b4d95e7612ef18f771e1,5,,,2017-09-29 00:00:00,2017-09-30 01:24:32
153e5b38080c623fb9d4a8fc4feb5251,cdc1ac6a94d34f438c153db4b7b5a691,5,,,2018-08-15 00:00:00,2018-08-16 12:58:43
8ae90d960cb871f44ebf423568e2985d,baed56f3eda9223b74c6cf175f05678e,5,,,2018-04-10 00:00:00,2018-04-10 19:10:35
6af2ff25a100ee35edf61a3b07ad4f61,2297a47ed15e99116ac68cdb390cd700,5,,gostei muito linda,2018-04-21 00:00:00,2018-04-22 13:55:20
0af0c4d8f8d2055d8e423935af1e0bd9,6243a6ba7e6150edfa7227f96c72de74,5,,,2018-06-03 00:00:00,2018-06-03 23:39:07
f43ac477ef34e8a8d2445bc098aba705,753ea01a5062671540a89514bd6b554a,4,,,2017-11-08 00:00:00,2017-11-08 17:44:10
9c6dc4a9e9d3532bf73335c908a8b9be,f2f99bdf2e5cc73abc5e135a2ab1767e,5,,"EU RECOMENDO SIM!
",2018-04-03 00:00:00,2018-04-10 14:38:27
ae3f1e58153474fd2b9402fa3bf785c0,c80568cc3de3ee4efd40e9329b74b233,5,,,2017-08-10 00:00:00,2017-08-10 23:28:22
92c36e240530980236cfbc0e7d5ee8f3,516f5de9225a8f51acf38a5d5057bdd7,5,,,2018-08-21 00:00:00,2018-08-22 01:59:02
724a11f608f2832e6cab2e4fe6f5c495,eee0d370c2154116eb2fe9e4c75532e6,1,,"Adquiri o Aparador de pelos Seco & Molhado BG2024/15 Bivolt - Philips, no valor de R$ 257,87. Entretanto, recebi em minha residência o Aparador de Pelos Philips QT4015/15, que no próprio site American",2018-02-17 00:00:00,2018-02-20 21:42:59
f3d4074b2d8b27c50499d6d2563c964b,d8e06a0d47d09dae630bf252bbf904b9,5,,Produto bom e a entrega antes do prazo,2017-11-02 00:00:00,2017-11-06 15:41:19
4b6cd767441c0b315647811079dfad24,4409c188d231bae1d6cf351748ebdd4e,5,,,2018-04-24 00:00:00,2018-04-26 20:26:24
c3a6aefc90569e07725d800e6aca22d1,414643c3ed26cd6d93ac777a102a3ac0,3,,,2018-02-21 00:00:00,2018-02-22 13:38:58
9aa8d732bbb721f34fb279ba1e81b67b,b516aaa690f572fbb0bcd7159d394115,1,,Até o momento não recebi o produto pago ,2017-12-20 00:00:00,2017-12-20 07:59:07
967f10eeb5dc6d6fa6da02f7f81b66da,b1efe5ab6f4610dc50fd9e55e4269b58,4,,,2017-12-18 00:00:00,2017-12-20 16:14:10
ca0db1524a31dc8a5e84ece5cd8f0b01,c68482199495e3a57ca04d15b0159808,1,,,2018-03-27 00:00:00,2018-03-29 22:56:56
dfb3db02188d809d5cd199496b6da87e,c0db7d31ace61fc360a3eaa34dd3457c,5,,,2018-02-17 00:00:00,2018-02-19 19:29:19
828cf7b09e2eeab1620f7958498ed710,015e6682b50c824bfdab6b866f937936,5,,,2018-02-04 00:00:00,2018-02-06 23:03:02
8b46f9e835a1644a414a9753b1d9539d,4b2113709e5d5f3760113b4a980cc88d,5,Excelente,,2018-08-15 00:00:00,2018-08-15 21:47:01
e0023cbe85aeadce263b613d00b94a49,969791845aebad4fe9d49530189384b9,5,,,2018-02-20 00:00:00,2018-02-21 11:24:26
e2dd27d7a32004a51a2134f48a669911,ee2201177cf7e3f0d85cfb44a6a548d3,5,,,2017-07-28 00:00:00,2017-07-29 13:48:21
076d66677a8421745011f0b2012f6198,deef94d95b5cf9c23e10621ad71a96b2,5,,,2017-03-28 00:00:00,2017-03-29 00:54:11
cbb99d421721a111bcaa97e4328fd083,d347a4ddae83c0b8a9438522ecb7dfb6,1,,"Pedido sendo dado como entregue, sendo que eu ainda nao recebi.",2018-02-09 00:00:00,2018-02-12 01:24:19
2dda99ebbe17f1567808292e2806b04f,464a29715467046008c5aa817d1ae498,5,,,2018-03-29 00:00:00,2018-03-29 14:55:48
e02bff6f1a322faaf040a54b31c63358,d2945e686c883978378a10e49be7fb24,5,,,2016-10-19 00:00:00,2016-10-22 00:25:28
94904c3b948e6fc944607b992630ea21,4dae49f3bd8b5abe8d252762a1c88a1f,5,,,2018-04-17 00:00:00,2018-04-19 22:35:42
940407ff7a7f973d424950e2eb8ae3b8,cd62738b275de1aca104da8e9ee761a8,4,,,2017-11-25 00:00:00,2017-11-25 22:25:55
554b680b6e76f7e680e126b25f11a323,f1c39491d69990f9682d8dc91e190fa5,4,,"Tudo ok, a entrega foi rápida comparando ao prazo informado. Ainda não testei o produto mas está tudo ok!",2017-12-13 00:00:00,2017-12-15 15:54:16
4db0484f5ee6730dd03f25db422c3345,b65a9099b9f6617410e0f5fb0b9e1fdc,2,,"Veio com defeito, assim que liguei ela, ela estourou. Solicito a troca do produto",2017-03-15 00:00:00,2017-03-29 15:29:02
066d03d436a71fe34ff23a3252666ddd,818878a0bdfd8a8cf46e474a03fc5366,1,,"Mas uma vez a entrega está demorando muito, até agora não tenho nenhuma notícia do meu pacote ",2017-11-10 00:00:00,2017-11-12 20:35:14
af4730fbd920cb1c1d08faf9f3ba0438,6e25a89b2b006e7da0ff978bdcfe66db,2,,"Comprei dois produtos, mas recebi somente um.

Entrei em contato e ainda não recebi resposta
",2018-08-21 00:00:00,2018-08-22 19:45:39
d0426ebd83e70c1222b50b18d4aed651,5965b589a33443dd1f820eb7df39762a,5,,"Chegou antes do esperado, produto é lindo e perfeito.",2017-01-17 00:00:00,2017-01-17 12:47:37
dc142072b4992dc666ea70fdaffbc448,f54fc4773a70856861f06fd47df664aa,5,,,2017-06-22 00:00:00,2017-07-21 22:41:18
2cd4329c0feded63f8d72235d9b5659e,e87543e4e7ef577c892735018fb134a8,5,,,2017-08-05 00:00:00,2017-08-08 04:20:54
38f159e1308f0fbbd6d674adc93b7fee,3ba1f632cf89a08caf9837999bf827ef,5,,tudo certo,2017-05-12 00:00:00,2017-05-13 01:45:16
7440009d7a0e3a423c6b588cbd2cdf76,94257b7c9b794f53994f042c218d8799,3,,"Recebi o produto bem antes do prazo previsto. 
Mas veio faltando 2 parafusos da cadeira.",2017-07-06 00:00:00,2017-07-07 15:15:06
e48dbe4390b182197e850df5eb3350f2,5b113b47da093bc2cbbc7797aeee7994,5,recomendo,produto igual ao descrito no site - fiquei satisfeita,2018-07-29 00:00:00,2018-07-31 00:47:08
4771a63bad5c46252eff2fd09c6a11fd,0ac247d71d19fc1748abb7e53af648af,5,,muito bom,2017-11-30 00:00:00,2017-12-02 17:47:25
d41a8b1303330f909cca0b3ffa3a86a8,f8ff4b3861d957e056ce454bffbb4ff0,5,,,2017-04-05 00:00:00,2017-04-08 01:38:14
262a1b267720935453748058d7b915a7,1782944168d9dc2fcfd025bc44d898c8,5,,,2017-03-22 00:00:00,2017-03-22 11:32:20
2a6de16a1944afd29d3176eab9c1c663,44815cc7c0caea31d6002373f52bec23,3,,,2017-10-05 00:00:00,2017-10-06 00:34:12
e8d55855256ab7981cb6682f66c029aa,70215c7031c6fdd581a2d729c93987e6,5,,,2018-05-10 00:00:00,2018-05-14 12:05:49
b21706493cfb53416357e803a0b93413,bc9fdcff8d8146b6f6c58c294f047b3b,3,,,2018-05-08 00:00:00,2018-05-10 14:03:18
4ceb8975c91cc74a21a1284bb259d3d5,fd2af1836362513c249c7ae85941141f,5,,,2018-03-04 00:00:00,2018-03-07 11:56:21
5e2a24ceca7e81553f99b0e7082c7412,374287ecf047f9180fdb554bc4ae1c1d,2,,"Não recebi o produto ainda, já passou do prazo estipulado pela loja, só me informaram que o produto não chegou em Porto 
Alegre, que houve um imprevisto.",2018-03-30 00:00:00,2018-04-02 12:11:59
e1138f8b6ac36e61a4737cfb17c4e171,ad7af94fde1de7cae7f6aea90e45823b,5,,Excelente ,2017-08-22 00:00:00,2017-08-23 00:42:06
6eed2d0df39a1afa42c2f95b76835c22,032cf75b6991a44f9583d652730066d9,5,,,2017-10-07 00:00:00,2017-10-10 17:11:34
97d7f67d6f0605710e20b19636dc7359,7d6e61d9e5cbe64880924d4b7c366cd8,4,,,2018-08-16 00:00:00,2018-08-18 23:35:11
d6778abfc7a8ed53ed5ca124b803eb0e,6685b09627204e7cd04be4b077ad21d6,5,,produto entregue no prazo recomendo o site,2018-02-20 00:00:00,2018-02-26 00:44:39
fb1321b312a6afbf2fb5d308d66dca71,bf9b9000c617c6eb39e6666c98f7493d,2,,"É MUITO CHATO, QUANDO RECEBEMOS UM PRODUTO FORA DA DATA MARCADA PARA RECEBER E PRA PIORAR AINDA VEIO COM DEFEITO.......!",2018-04-21 00:00:00,2018-04-21 10:49:26
859e93fe2fd01fa3ea775f928d56de8d,4b4aab4e37140cad3ae101479ec3bf47,5,,Fiquei muito satisfeito com o produto original chegou antes do prazo recomendo a loja,2018-04-05 00:00:00,2018-04-05 22:20:01
9364ac5f9db46b2ea389cea4e5389529,4ef8fef15b3a1986d266d349b21ab021,1,,O produto ainda não chegou!!!!,2017-04-06 00:00:00,2017-04-06 12:31:20
0c392f49ba4a7f59c28503291685831d,2d3b451fae025eca7a05641e05e452bb,5,,,2018-08-01 00:00:00,2018-08-01 19:50:50
7b5e6f6a5fd4bdb9eabc2df825bf0731,505ad05b659736f51f674522b701d9a5,1,,Nao recomendo pois não recebi o produto e tambem não consigo o resarcimento do produto ,2017-10-18 00:00:00,2017-10-18 03:42:49
7ecbbc8d64bf4ddfb32b2c4aec2ead09,d56e764f8fe72cb1656efbbc36d504d1,5,Melhor que esperava,Adorei o produto,2018-06-23 00:00:00,2018-06-24 02:25:25
1be3ae006fb3a3b754bdbd016fa600e6,cf76d482b013f8af6dc046a3001c1c4f,4,,,2018-07-13 00:00:00,2018-07-14 03:09:15
6076396935c379377f1d6abe4a160d63,fe489200f721ffaeee9f708dae591569,5,,Excelente. ,2018-02-07 00:00:00,2018-02-10 10:23:51
da8dade7047202720c91256b9a957940,15623f35d6d5eaa2fcd185a613927e86,4,EXCLENTE,PRODUTO DE PRIMEIRA QUALIDADE E CHEGOU NO PRAZO PREVSITO.,2018-05-11 00:00:00,2018-05-14 17:49:47
ce25f9bf9d5e96843c65a2a6a9259a84,51b3d3b824ebde9c8e8d84d17e98d88b,2,,O material não é de boa qualidade,2017-05-25 00:00:00,2017-05-28 03:14:18
9d3bf3fdd815aec81c2d3a8b68d9ba90,f7a0b8c521ea81bf3536ad4ef99fd376,4,,,2018-08-29 00:00:00,2018-08-30 00:35:25
65ccd8bb97904e3e7415ceac8428875f,7052e36ae417756ec2f9d6239f311d8d,4,,,2017-08-05 00:00:00,2017-08-08 22:14:04
6c3ed1c8621bcf11c84c92e1733dde4d,7fda376286b806cee8955685bf02fc4f,4,,Bom,2017-10-26 00:00:00,2017-10-26 20:56:35
424c4c80158e8aa58563722065c825cd,82516b1bbe4b8bbcb50025b8cbd62505,5,,,2018-01-04 00:00:00,2018-01-05 11:07:11
0bb9f261c20c1af4830a65490847e178,b8831de8421ce05d880cb13b8610f9c3,3,Ótimo produto péssima ent,"O produto é excelente, cumpriu minhas expectativas , porém a entrega paguei caro no frete e tive que buscar nos Correios uma falta de respeito, quero meu valor do frete de volta , estou aguardando !",2018-08-18 00:00:00,2018-08-18 21:23:50
50b131fdfb88788fdccc872e57154fed,e088d467c07c9879ddbdaaa9b1c51e85,4,,,2017-10-28 00:00:00,2017-10-28 23:33:14
1d3d62c93eda32b11e5373d35b9a6858,1a269df4715562ff85e2ca1830249246,5,,Chegou antes do prazo.,2018-02-27 00:00:00,2018-03-09 22:38:43
d826659f38d063663d1d1e8fe27f1a0e,d27e502287dfd6690077b513380b7fbd,5,,,2017-12-14 00:00:00,2017-12-14 16:37:53
56630943200a9a87a85e12da27b6ed34,26aaee2edab376ed50356a504172fe42,5,,"Produto certo,data da entrega certa,tudo dentro do esperado!!!!",2017-10-28 00:00:00,2017-10-28 21:09:14
e1289f2956266527faa7eee859e5fcc7,b175558ffd938e94b83e3837637604fb,5,,,2018-07-05 00:00:00,2018-07-05 20:32:37
f374fe11ad7189b6a30e5268f28aa88e,903bf628219e968e070f205a97500735,5,recomendo,,2018-06-13 00:00:00,2018-06-14 13:32:49
06195b65b563f26d759825703f7629dd,3f5a1c29c5881cc9902ed702efbdde45,5,,O produto e muito bom ,2017-09-20 00:00:00,2017-09-21 08:09:53
937e357a8bb6dbf45aabfb208b79fbce,96acc057158c055d3508b8379df12cea,5,Tudo perfeito!,Muita rapidez e ótimos produtos.,2018-07-14 00:00:00,2018-07-14 13:35:38
5f52332c33493f6013146ca201312cdf,27c666cbe2691774436144c46aefe216,4,,,2017-09-28 00:00:00,2017-09-29 12:12:07
9e53a66854239ac3f1fb829a7018166e,d3a93984e59258e140f2bb4784be7bff,5,,,2018-05-22 00:00:00,2018-05-22 17:58:07
e4d69bc8294d73b4d2b80f63d3d7f25a,2fdd596723c47b1dd0dcade4d2cd1df4,5,,,2018-08-07 00:00:00,2018-08-07 23:06:10
a72bcc3766058672f286f09b3787d9df,c4cac393cb3ff78fe2823fc2222d1f04,4,,,2017-11-11 00:00:00,2017-11-14 22:23:17
99ec6c9579e4552dd6f9a15cb441afac,26e388ebc7a8a0fa0998ad6cc4755bec,5,Excelente,"Adoro comprar nas lojas lannister, recomendo sempre. Abraços.",2018-07-27 00:00:00,2018-07-28 13:37:09
4a4d404f020136a1f1ecc3be3b70c411,233eebd5164efa70e2f97046c2bb804c,5,,,2018-04-03 00:00:00,2018-04-04 23:23:16
97d4a52f9cff8c70e0f8296d3817af9b,baac0911f2a4d722ae9402a45b7e995f,5,,,2018-06-02 00:00:00,2018-06-04 20:51:53
0a5cf76c870f196c37c0292da942b336,8ec55bc714dc23ff93908bdaf8b97704,4,,,2018-01-25 00:00:00,2018-01-27 22:30:25
2db6e60632d7a5bc2f5f807a9d448d24,d9a4f0796fafbfe369d8156189581cef,1,,Paguei por 2 kits e só recebi 1. O que houve?,2018-02-10 00:00:00,2018-02-11 11:35:11
cc0aa7cdb397c8598504707eff3fa9cb,6def17fbea3bc7076fe916d298c4b422,4,,,2017-08-23 00:00:00,2017-08-28 12:34:18
b7113dd0e2d78074dd3d6db389d22ce3,483c22865f4aa9d0bd3cceb535b176ab,1,,O produto não foi entregue até o momento. Estou insegura quanto ao recebimento,2018-01-19 00:00:00,2018-01-19 21:54:33
204ac4641368e2fe50aac394c2d438fe,2dce16f88737c679c4fddab2b2cf88da,3,,,2017-08-27 00:00:00,2017-08-28 14:07:27
5814216a79c16218907f1b48f9cf5e00,c337be7e160adf73d51a64678b8f7ede,2,,Sé melhorassem o tempo de entrega para região norte tenho sertesa que aumentariam as vendas é teriam clientes muito mais satisfeitos. Obrigado é até próxima.,2017-10-10 00:00:00,2017-10-11 12:46:02
c4edfdcb2379f6b8bd67cb765969e3d4,820967deb14804facfa599c683438b09,2,,"Comprei três colchas no mesmo pedido, chegou apenas uma. Não tem um canal de apoio ao cliente adequado.",2017-10-28 00:00:00,2017-10-29 19:42:58
006bcd01f85609bdf065fd6a2ca1b78c,9e1b7a7d17aa42da16ee605b5fee2e0a,5,,,2017-02-04 00:00:00,2017-02-06 19:26:18
92c9007a4103cda018e0666b2191fdb6,c5883e5be24c4f0627d36a56ed34d190,2,,"de felpuda não tem nada, fina camada, a propaganda deixa a desejar e infringe o código do consumidor,",2017-10-17 00:00:00,2017-10-18 13:58:33
5bb860eb74b844cd5856af33029e13d8,c8cb7b0f298cd146d61e1ce533494bca,1,,É a primeira vez que compro pela stark e o prazo dado da entrega foi de 17 dias e hoje dia 02/05 não recebi e o site é de difícil navegação.,2017-04-30 00:00:00,2017-05-02 16:24:17
a1da44342fbe18756b422dd6b501d12a,19e9072a16886c91fdd5127eb6ffaa6d,5,Ótima,"Chegou antes do prazo, muito bem embalado, voltarei a comprar com certeza. Em breve.",2018-07-25 00:00:00,2018-07-26 01:40:04
a8c25a8399cef111ed517fe8e1b4073d,ec149fdcafd89d783f2942078e182e1e,2,,,2018-04-11 00:00:00,2018-04-13 12:53:38
1422561645d5ca46cdf7e2b37e162c0d,00d50baf1bc56a3c59de1810a6b84b0d,3,,quero saber o motivo de não ter sido entregue o produto - 2 pares de anjos de rede,2017-06-25 00:00:00,2017-06-27 11:53:57
e0a364f63595f455c923c40d4284cd03,f7c13c71907b58b590da46643fda3bbc,5,,,2017-07-23 00:00:00,2017-07-26 12:38:45
7742cd05864fbfeeb6acb41e8f56c49b,aae94c2aeef4dd87a92315ae2f25f67e,5,,,2018-03-23 00:00:00,2018-03-27 17:18:35
9a10f8060c69a03b3486e2babf7105ea,59b4abe1af7c9b48dcc8330a65a2be81,5,,,2018-06-06 00:00:00,2018-06-07 16:07:27
1ae4c8e3bfb1ecf291da5ce6e3f0c708,5add03213ad417aab3988852ea890572,4,,,2017-09-12 00:00:00,2017-09-13 14:43:58
1c88367765b7c74933b2b650147ef442,d0fb3aa60de69b80cdb04eb31fd28032,5,,,2018-02-03 00:00:00,2018-02-04 00:59:08
d7928124b4a0b16ae8b391339a7576d8,780dfcd5aaf2662f3f6ce2201164394b,5,,,2018-08-30 00:00:00,2018-09-06 17:56:26
4cb70e72c44d6358edfa5d5d1fe7ea35,a0df4863fc2e5209b03e9c603b6009ae,4,,,2018-04-04 00:00:00,2018-04-04 19:46:26
7781ef072db542a5715d6665754f1155,22f1399a4c5b23e40453c44942c04100,5,,,2017-08-23 00:00:00,2017-08-24 14:00:48
638e67a3134636325e69d7880cac58a2,f7404ef9274b77e82cba63629c091e3f,5,,,2018-04-19 00:00:00,2018-04-21 21:03:34
81d10fcd7806dbadc56109cb7cfaa105,062682155c454b125c630e1deebff4ea,1,Negativo,"O produto realmente foi entregue no prazo, entretanto chegou todo quebrado creio que por causa do acondicionamento",2018-05-03 00:00:00,2018-05-07 12:36:29
9aba90bb01eba393b19c10adf5a2b878,c75886866a89a0c9a04fbcd4699f3772,5,,Amei o meu produto!,2017-10-22 00:00:00,2017-10-22 16:50:17
6f329eacc783bae484a0855b7acc0e6a,71c903bedef48954734ef47b8a9be312,5,,Voltarei a comprar,2018-02-27 00:00:00,2018-02-28 10:08:24
9b9d1634c1dd596afeb30fc03f53253f,52b72b336dbd155b3d75bb3fcc799ac3,5,,"Gostei muito é recomendo para todos essa não é a minha primeira compra eu vou continuar comprando
",2017-07-27 00:00:00,2017-07-27 23:31:15
e60acec46fed601eb4601f3c8c6cf25b,93cb3576b5e361f46b9a9f1720a3eb06,4,,,2018-08-08 00:00:00,2018-08-13 13:47:28
290bb8230d375b058b86204431e79b15,83ce097e3397deaca1b9af25b0e0b469,1,PÉSSIMO FORNECEDOR,"COM O PÉSSIMO SERVIÇO DE ENTREGA NAS COMPRAS ATRAVÉS DA INTERNET, VOU CANCELAR TODAS AS COMPRAS. NÃO ESTOU SATISFEITO COM O ATENDIMENTO NA ENTREGA DOS PRODUTOS COMPRADOS. PEÇO PROVIDÊNCIAS.",2018-06-08 00:00:00,2018-06-08 15:31:58
f41fd1ed4eaf49703999e5ba3601779b,5fab73b31e4fd43344a3f2fa650807ce,5,,,2018-01-13 00:00:00,2018-01-14 12:20:31
4ebeae23ed52ebd8fc3416e49a88842d,8b0da5e289d763ef6aa842f3927d6421,5,,,2018-02-23 00:00:00,2018-02-26 02:33:33
9426e4ff4da5290995bae190be01dc7c,fb89dbec79bc8b1f0d12165058cb1cb3,5,,"Equipe está de parabéns,são pontuais,produto chegou com embalagem reforçada e exatamente o produto anunciado.",2018-03-09 00:00:00,2018-03-10 09:34:17
64debf5ae13d632d8f8f4475ef970533,dc74c9cdcf62efe4b49193373730111c,5,,,2017-12-06 00:00:00,2017-12-09 03:10:27
b76130997bf30123847d27525081371f,f981f066bfdadabcbba7c2dc9f076303,5,,,2017-07-26 00:00:00,2017-08-01 09:49:04
5217a8ea8e33da6b64a5e2dd44270b3e,83ea47ad24b5fce57aa5ade0fd069c94,4,,,2017-10-14 00:00:00,2017-10-17 00:11:26
2fb6213f1594a44e726f0ae3d3a26db5,76cd472371f3f40f4019938329d21ac7,5,,,2018-04-11 00:00:00,2018-04-11 23:51:29
03cc9d6acf67d527b906c43b3762f8d5,d82b18538d54e63389c7a2a8bf8a875d,4,,,2017-08-08 00:00:00,2017-08-10 19:30:49
b86b60b19d7ff8f19b2e7998ab14f5ca,10f288cd8e6f4add2454d845e9df5af6,5,,,2017-12-07 00:00:00,2017-12-08 01:56:11
7bd6084cf6fbff1c2e786a7b356cd86f,cf1d0b87e826698d649f105224d60d8f,4,,,2017-11-23 00:00:00,2017-11-23 23:11:15
40d60ce68e2f9de31d71d1d661e98ccd,28d54ed8d82e889932eed0c294c88a6d,1,,"A capa veio errada. Um tamanho maior que o telefone, e não encaixou com o buraco onde fica a câmera.",2018-02-28 00:00:00,2018-03-06 11:36:47
6650bebd45266c2ab012d43c0eff7330,d082758d583505f358d7893ac95d4f0f,3,,"Chegou bem fora do prazo. Mas, o site estava me informando do status do pedido. ",2018-04-04 00:00:00,2018-04-05 14:52:17
9cc587c90e3b61361c2a9ec96c9a71c2,030e558867da892772c999f60d09e854,5,,,2017-12-19 00:00:00,2017-12-24 13:31:58
2ed7c6543a8307d612fa7ccc98fd6113,46cede95824dbdc8bd1549dcd43e4850,5,,Excelente atendimento,2017-05-20 00:00:00,2017-05-21 12:35:49
2222ccc5597a0349a0c8328b1429db38,8af844e18cf7ddedd50343fcd0990863,5,,,2018-03-15 00:00:00,2018-03-17 12:00:31
3415c9f764e478409e8e0660ae816dd2,4d59cc2a2e7bb6c0a851725f5888a9b5,5,,,2018-07-31 00:00:00,2018-07-31 23:11:57
874c31c407b6e043d73083c1ef03085f,42c2b836618db2b955ea569011464e97,5,Entrega perfeita,"Excelente produto, entregue no prazo. Recomendo.",2018-06-03 00:00:00,2018-06-06 19:10:41
ca0c1440a2eef16b423ea3823113f86b,ceb533871105f7cda81fafc19e1ee38e,1,,,2017-11-15 00:00:00,2017-11-30 14:37:33
7b0001714b86c036ec00df4fe2ca8d41,02ce6664223305cea5b46ef1f2d81461,5,,,2017-08-09 00:00:00,2017-08-12 18:25:29
c3b6aac7eaf0ff615a83700a280d9b87,6fff8d853d0647fc94776d0cfac0dc79,1,,,2017-12-07 00:00:00,2017-12-07 22:34:19
521bd5c97114facb3a774d73c4633a49,ec36a2bdf65bba1742263a91c4f251ae,1,,,2017-03-29 00:00:00,2017-03-29 16:47:05
68479ef4db29f5039cae306b83cf9ef2,e26c49bee8a495cdc21b67ab5b2d413e,5,,,2017-08-16 00:00:00,2017-08-18 18:44:25
a8ad7f16d83c1b066f24a05a96d8e20f,dcb6b3a5dfe3c868690d213b263b6dc8,4,Boa,Muita praticidade e pontualidade.,2018-05-10 00:00:00,2018-05-10 21:11:19
a1f066d07030449db926c4a74c43180b,7f40bccfad4d1884bacd6cb9d10e84e1,3,,Produto de qualidade ! Porém na próxima vez vou me atentar nas características do produto ! Infelizmente é pequena para o meu uso ! Mesmo assim deixo bem claro novamente que o produto tem ótima qualid,2018-05-20 00:00:00,2018-05-21 01:23:30
b3671ea8ee6d654d798c42ca44eea676,e4b5604780e8b0ba35b9335194254b33,1,,Não recebi meu produto! ,2018-04-05 00:00:00,2018-04-05 08:25:43
a3c1b17c1a1c5afc44285c50566bd084,73925631ba33c322f310fa0a01283e76,5,Recomendo ,"Gostei muito do produto, pelos macios ",2018-08-15 00:00:00,2018-08-18 13:50:05
cffada0021ba90a6c3add8367222619d,7d6ffa9ff53fd7da04eb9025ba231be2,5,,MUITO BOM!,2018-03-07 00:00:00,2018-03-23 01:01:43
0ec270f222cecf44951f4d7e8e8ea5d2,9f00b61adc60e20d3af1622decd2820b,4,,,2017-06-03 00:00:00,2017-06-04 11:37:32
d2a171215ddd370f5c874cc7652310f8,6bddfba55a760cef67198cac2bfcd0d7,1,,Produto falsificado código de autênticidade falso.,2018-04-10 00:00:00,2018-04-11 01:51:49
eb573099e09dc357866ec86bf55b0b7a,2cd1462cdfa4e911bdab5084ad3b7f34,5,Ótimo ,Uma excelente loja e produto maravilhoso ,2018-06-19 00:00:00,2018-06-20 11:18:46
83e3aec1ac11f6cc5eb4bc831a1acb60,724c63c0c7f775d58382c4fb12081867,5,Relógio muito bom ,"Recebei o relógio dentro do prazo ,tamanho grande e muito bonito .",2018-08-11 00:00:00,2018-08-12 23:39:01
368345f5a941e8757376276bf39c5b6d,7e52365eb2fa03f8f4ed8a69da1e7fc4,2,,"comprei 2 toner hp ce278a e só recebi 1 e ainda emitiram a nota fiscal com 2 produtos. Estou até agora, esperando a entrega do segundo toner já entrei em contato com a targaryen e ainda não me retornaram",2017-04-07 00:00:00,2017-04-10 10:46:07
3899628a92b9a9de9f7240b0c73ad83f,730c83933acab283b21bae7b3fcc91d1,5,,,2018-07-12 00:00:00,2018-07-12 20:44:19
6cfdfc74562f0f31abe62adf8f8fcf9c,a9ef90b7e8572edf6aa35360c03236e5,5,Recomendo ,"Recebi o produto como anunciado, o mesmo funciona como prometidos.",2018-08-28 00:00:00,2018-08-29 00:59:29
9b61dd84d4d036f21900c328deba5445,0fabec205828671bd770bcde304a41b3,4,,,2018-03-27 00:00:00,2018-03-27 20:34:03
8ea37a946daf7b93d1fd59869cb5048f,98889198028c9110a7e574e3969b96cd,1,FALTA ,"foram comprados 2 itens
CACHEPOT - RECEBIDO
BUXINHO - NAO RECEBI
",2018-07-05 00:00:00,2018-07-05 20:20:54
0897cac972d6802fd16947dc6fe89dd5,16efc11ccab2e8a17656020f80cd39e3,1,,"Quando inciei com as lojas lannister achei otimo, mais devido a falta de consideração nesta ultima compra que realizei fico muito triste com a falta de atenção para o cliente. Até presente data.",2017-12-31 00:00:00,2017-12-31 14:01:09
2bc124d42c6fbdb75fddabf2f1b3ce89,5f79591dc99f5f8850f6259c80b83be2,5,,,2018-07-04 00:00:00,2018-07-05 00:34:59
e19ce1d048b0451a3867b655edc3a367,32fea6db74ff9bb6c713d23f7328bfd3,5,,Preço x qualidade = Excelente,2018-03-15 00:00:00,2018-03-18 16:14:56
29e16c744407c89798aa9fb89d2035d0,74d91ba3a172d733579d4b1b56c9c3e9,5,chegou antes do prazo,excelente,2018-07-06 00:00:00,2018-07-06 22:02:20
9a33d50ae24b3288d75c45da7e786bc4,b8a939e0425262884b50cbd95032f71b,5,,,2017-10-12 00:00:00,2017-10-31 18:15:16
0bff53c1cb1a70f97891b10ed11d7a28,6471b260244ab316f8331321d689aff8,4,,Amei o tapete muito lindo ,2017-10-06 00:00:00,2017-10-12 01:01:32
4850e8b44df17f7e3623b662064dd97d,127808959bd2d08cdefdf3015fa205a2,3,,,2018-05-24 00:00:00,2018-05-24 16:28:32
4206f370ee5624a7959562466beda8b9,4d44526e9f5875e440f58363f5a621de,5,,,2018-04-27 00:00:00,2018-04-29 21:42:50
29aeeca2ed21aedc552cc21421eeb983,cc2999bc678cab0949b90c4759d7a284,5,,,2017-07-13 00:00:00,2017-07-18 00:24:04
6f2319ffdc28de7c37dacdeb65cf7c77,74fedc6aa056c9359846751fe21a8676,1,Produto falsificado ,"Comprei o relógio casio rose Gold e o que chegou é completamente diferente da imagem, após fazer umas pesquisas na internet descobri que se trata de uma replica. Fiquei bastante chateada com a compra.",2018-07-28 00:00:00,2018-07-29 02:12:25
2c4636ace1c870c8e03499a7f98692c0,d828bfc73f08a09b4d5e7fc4671917ab,5,,,2017-12-02 00:00:00,2017-12-03 03:40:37
8a3b6339b928fac4314192d9d6f31389,a916ef54d66196808d8852471ef39edf,3,,,2018-02-01 00:00:00,2018-02-04 13:15:20
2ba1d6d667ae4cf94d6ad931170f79e1,f7e9f0f0c92fa9d46dc73e8f6d28ab96,2,,Descosturou logo que abri o pacote,2017-11-23 00:00:00,2017-11-26 19:31:47
c92bb5ae7ac1487097e9d330d4e972c7,f7c5c5ff5045e13c98901bbbf8e871d4,5,,ótimo vendedor,2017-08-08 00:00:00,2017-08-11 10:54:28
ecada8df725d0e24cada06f01139934b,bfd5957bdfbc86a1882ee0dfa7a36a47,5,,Produto entregue antes do prazo máximo. Bem embalado.,2018-02-08 00:00:00,2018-02-10 21:36:48
fac050e468382a07907d535b8b5ecf66,b27ffd98b450ba9120b7ebd8d6bb75db,5,Muito satisfeito!,A entrega foi extremamente rápida e o produto é excelente. Estou muito satisfeito com a compra.,2018-07-07 00:00:00,2018-07-09 22:27:37
9d07ec439341a730f81cc3a8c35af760,aeb70ca14a984230b34a6cbf48fe6d8a,3,,,2018-07-31 00:00:00,2018-08-01 00:12:47
86ecdb1c61cc0479ca3150564e0d811f,ed3b18e876bbc16bfe330cd934aa0f68,3,,faz um mes que comprei a ate o momento nao recebi toda a mercadoria comprada.,2017-10-04 00:00:00,2017-10-04 13:38:41
54c9762711808a04ae39b9c648c1c29c,7d7802f0d69dc1e8aca3e936dee50912,3,,ENTREGA RAPIDA E OTIMO PRODUTO!,2018-04-14 00:00:00,2018-04-16 14:50:00
13fea75bbd6f39eafc35056546042107,2f3e2209a4db6baec6526ced407bbce9,5,,,2018-02-24 00:00:00,2018-02-24 04:54:23
5c7095d006e885101dd4755d97e08c30,6c11e4c7d9e5f7769c8090475602f54e,4,,,2018-08-28 00:00:00,2018-08-31 13:52:49
02e11c450141050a030c651604251de9,6a5f6e137c8ecd4e1389645cfee6182b,5,,,2017-10-17 00:00:00,2017-10-20 15:59:57
dc1123ea10464a32f5ae2a949a6f85b1,0d06a5815afe53875fb7bf4b7437fe8b,4,,,2017-12-08 00:00:00,2017-12-11 17:45:32
2ec3f4ce2088464b9bf8fec507eac54b,e05e3102d6fa4071b4a80e822231596e,1,,,2017-07-07 00:00:00,2017-07-14 17:12:18
c98a457ac3aa6e1ae645162c22ae6f40,e8a2fe3e5e58d8ed9080188f35c108ef,5,,,2017-06-21 00:00:00,2017-06-21 21:58:41
7b20d0b4d2848290c26f47cc787b47ec,cd1afe54001178b012be992f11234a8e,4,,"O produto chegou antes do dia marcado, adorei, recomendo!!!! ",2017-12-16 00:00:00,2017-12-18 00:23:25
accbc4ba53c6e7bc3bdbe4e5e7482649,0e3338b5499d77ae55c16c4e1c9f30e9,4,Muito bom,Ótimo custo benefício ,2018-06-13 00:00:00,2018-06-14 11:24:44
0c0b58839bdc7b7d49396ddf94a3dbf7,3c557fef5b5d9315a99f7442ef013a8e,5,,,2018-03-01 00:00:00,2018-03-02 11:00:31
0b51553f3cd2e9606b9c0f25667dc5bb,ac08c0b67890296c7c7c10f34b81eea4,5,,,2018-03-15 00:00:00,2018-03-15 11:00:21
64be44dcef693892cce5e7c9268df339,3ee6694bb99d5a6db0deceffcd099597,5,,,2017-07-12 00:00:00,2017-07-17 11:27:40
ae2a3aa074cb22a9ce7fce7b6b4df86d,df281308c4a5cd2e3f2cc5c7eb5c30c3,5,,,2018-04-07 00:00:00,2018-04-08 00:01:46
b226f53422588402db66dbc9ed51db18,a2d2af47de3679f9a5a3d9e30c46935c,5,,,2018-07-24 00:00:00,2018-07-24 20:36:14
f845895146438770ca982c9df06411d8,67ad8e83f26ed7bac15a552eecc412cb,5,Bom,Bom produto. Entregue antes do prazo. Parabéns ,2018-07-14 00:00:00,2018-07-16 23:27:41
298a8ef64cf5aced55964933cedc056a,5a0e5ad33542c79b10be87a344ee0086,1,,,2017-06-21 00:00:00,2017-06-24 00:37:45
fe3601f45accb4fb92f2f1e57b59a75e,3c9bb68264b21d0acea375d7ea752fef,5,,,2018-04-21 00:00:00,2018-04-21 23:46:41
49b0f225dfa5b53d9848b415fec78c0f,5be2326ca192b2612fd8d601f3981dca,5,,"Produto excelente,veio como descrito e dentro do prazo ",2017-06-13 00:00:00,2017-06-14 08:58:47
deaad770ebffbffa9a78dfa336131569,4637dbe88df1c99a56490330b954471e,4,,,2017-12-28 00:00:00,2017-12-28 20:12:10
326674e05d9604847ed858d387347259,fe2c0c8f40ab6263806c513fe424fa44,2,,,2017-11-15 00:00:00,2017-11-17 22:29:18
c47cb536edd63d11a1335a40f4b99b03,1995226c73acf6318abfc4b4c9c74066,5,,,2018-04-19 00:00:00,2018-04-19 18:30:07
4742655b1e39dd8f4ae75fa947d35bb0,0a8f35ef46160ef897c27ba8c423d823,1,,Cadê a minha torneira?,2017-04-09 00:00:00,2017-04-09 23:00:39
49d719e3eda0882a35f3d3694cdef383,fef88a82df9affd47bdc67a4c8bbe4b2,5,,Tudo origginal,2018-03-02 00:00:00,2018-03-03 09:25:35
3dff305304edd8541a87902459ad57b1,78b0a4015f5da60b5e2371d7fea67658,4,,,2018-01-04 00:00:00,2018-01-06 21:17:06
9c4af94147d21299b6ceaa9306db4bbf,152c82feee7072e62c6496ad13cc188d,5,Ótimo ,Qualidade garantida,2018-08-03 00:00:00,2018-08-20 03:30:07
9c6c5dda159b4e852b5d7524e1694695,f85b47957bb21d303dabed9052490610,5,,,2018-07-06 00:00:00,2018-07-07 05:59:51
282a6950471a8527430c7ce55336d65a,fda14ed39c4cbf5c218cad0c470ce3be,5,,,2018-08-07 00:00:00,2018-08-08 00:19:48
282c587306444ba24614b51e3cf9e224,f0cd188382c01c2acf331a637d869acc,5,,Quem entregou foi outra distribuidora. Mas o pedido estava certo. ,2018-04-19 00:00:00,2018-04-19 20:34:40
39c3509454d02c7318101b6f8282139d,f6a88671e8773e56db1b3d82d29a01ce,5,,"Produto foi entregue em perfeitas condições,ótimo produto,inclusive já estou usando,bom preço,tudo de bom,nota 11.",2017-07-18 00:00:00,2017-07-22 15:03:03
2cba8735d659be8b4f640465bfb02201,354025795ae5d3d171988505159a7843,5,,,2017-10-03 00:00:00,2017-10-04 01:28:59
ceb1c8f0eaceb93c2a1a95f85884de74,3386674e0363653ac5f71597d88d80fe,5,,,2018-08-01 00:00:00,2018-08-06 11:38:30
4e1e8db0e953c67349d27a4e72f45662,d12e769a4e50f157d2c6cdf423dd73c4,5,,Otimo,2017-10-14 00:00:00,2017-10-16 23:43:58
f824aa85aa76932d26a1bb040d56ac5f,ffa2a7fdee9759a1c69f742f0a21d371,4,,,2018-02-17 00:00:00,2018-02-20 15:05:44
c82c5a36408d4ca405138a5093625960,0c29afa3d55c9d983ff14ae80e79984a,3,,Recebi parte da minha encomenda apenas. É uma pena porque o produto é ótimo e veio no prazo. Não entendi porque não veio completo.,2018-01-12 00:00:00,2018-01-14 08:44:54
81aae8ed71e002e1b101c896312e33a3,eb31fdfb332cea92e0b75fbe92b0a1cd,1,,O produto não é o quê eu imaginava Quero devolvê-lo pequeno demais não consigo enxergar nada,2017-12-13 00:00:00,2017-12-14 09:24:14
eb5551151e2cfbf3841f6162e3db2ccc,79847bdf9821dfcc7a036271d0c6044b,5,,,2018-07-07 00:00:00,2018-07-07 22:48:38
c32fd756db55ff07fd24cbb5907ab6cc,4eb3a441cbc81bd1c7d4449e569ae605,5,,,2017-03-17 00:00:00,2017-03-17 16:03:16
78b31d0345ff53bbcfa7f75a6bf066db,d2b37f806be7546de2ce1d2bbd5cacee,5,,,2018-06-21 00:00:00,2018-06-23 01:29:30
6a7ad955489c53582a523e1965baac8b,682d2a1eb8b2676fc3337cf90c96ca8b,1,,Me deram um prazo gigantesco para enviar o produto e no ?último dia? me enviaram um e-mail dizendo que não tem o produto. Agora tenho a burocracia para receber meu dinheiro de volta. ,2018-03-23 00:00:00,2018-03-23 12:05:46
3761ccb2e093c302567d5f2d9bf42960,fe157fed1771944584f95dce138eefad,3,,,2018-06-27 00:00:00,2018-07-02 16:48:41
79e6b31a12874880068b9654bdd89b5c,4bdde1ba1f6aef6c851f5ba80be3433e,5,,Muito bom,2018-03-09 00:00:00,2018-03-09 10:08:01
a99dfeeadcc9b9cfb95550a5ec0ae2d8,b1726f5f5eee97d8fea5de3919216920,1,,Era pra ter chego dia 14 e até agora nada ,2018-03-16 00:00:00,2018-03-16 13:40:57
f72845e745915608cece367542d9d93f,7742297b8ce3c16600efdeca04a70937,4,,,2017-06-13 00:00:00,2017-06-13 23:14:55
eff48b0746085d4c9a3448df15e32592,74e98d2b01c0fd8e1357032c441f09a8,2,,,2017-12-24 00:00:00,2017-12-24 22:46:40
16ab2fe39f3b8604f473443d41e29f1f,f19b9413f2deb98fbb76c8f57ca52a95,5,,,2017-08-04 00:00:00,2017-08-05 19:05:16
a8f9ee4117a3ad781539a116bc507f9d,9de38c42ea4d33af19aac6c4d6c4b146,5,Muito Bom,Excelente produto e entrega rápida,2018-06-20 00:00:00,2018-06-20 15:43:14
1bd6a27d2b28255c7e5aceb6a9caae0b,ceabb3e5878fd35ef9451cb2aeda20b1,5,,,2017-06-14 00:00:00,2017-06-17 11:20:21
b2e441c74f9f2e394501970d1d256602,618450817fba79842e9347f1c03714d3,5,,,2017-11-08 00:00:00,2017-11-08 15:28:24
c48b70b8f5246ded290716a5e7ef03b4,ac21bec6ae437954a28c4db16dd5737f,5,,,2018-08-15 00:00:00,2018-08-18 04:31:28
a7081be8b504ba4a7a211a48203f2fe9,e13d1b8079da63aa71fa8ad68b3c3586,5,,,2017-06-09 00:00:00,2017-06-12 14:03:53
e76a173e1522c9b20f0dd3910e608650,5be0a4b3c5edf92cb76efb03c61c2474,4,,,2018-08-07 00:00:00,2018-08-08 03:25:02
a4ad19fe937038fe54effad733fc5e06,cc3518a32accaeeca420bab0fedd0661,5,,,2018-01-24 00:00:00,2018-01-25 18:12:30
b3874b240b3a3725e71e4823d9885871,8c13aa9bfa920854ca73694d94387d40,5,Otima,Eu indico a todos a comprarem pelo site lannister pois recebi meu pedido antes do combinado cinco dias antes vcs estão de parabéns mercadoria realmente boa nota 1000,2018-05-25 00:00:00,2018-05-27 23:16:41
942d9846199e11075064a83215e5b225,9c83e600b8c156f1b50b753f30e93634,5,,,2017-11-09 00:00:00,2017-11-11 15:44:10
c9b5f91372c06ab7078016809246916c,bfa75f5b708094727e17ff4ec9bb4f1c,5,,,2018-05-26 00:00:00,2018-05-28 11:49:39
d505a7f18a4774ae4aac8827fcc95883,d2c021c9649e328e98f4b09574854cab,5,,"Recebi o livro certinho,sem nenhuma avaria,gostei muito",2017-05-25 00:00:00,2017-06-01 17:06:29
6d6bb0ca40705a2ec114ec7205726bc4,b62c9d7c54bcbba4952040001348e00c,5,,muito bom,2018-04-25 00:00:00,2018-04-26 11:59:53
c57abbc3c7c8e0c8023af0f4f97a3fdb,381d16906fcc904fe66028d7438ebc3c,5,,Lindo o kit de mochila e lancheira frozen. Produto de muita qualidade.,2017-07-12 00:00:00,2017-07-15 23:18:56
ec90270399cd6db5915edab857cdd15d,3041108a3798c0b8ce8a9bb8efaaebd5,3,,,2018-06-03 00:00:00,2018-06-03 19:18:20
ac610dca69f531a6ac4c5ccfaf324a54,6fcb95e455e8f30ce414c08f4a31ccd5,5,,,2017-09-06 00:00:00,2017-09-07 03:32:39
f331dd1543d366942d1e9e13b35f0dd5,151137bf7ab537c1a2da6bba1368d87d,4,,,2017-09-19 00:00:00,2017-09-22 10:29:28
5ed1cf8e408fab8222231475b1153b17,bdb9bdd2b7e7f7fa3429262ba9cfeca4,3,,,2018-02-09 00:00:00,2018-02-10 00:51:40
9c0d840dfe562debfa52a1792bd64bff,00b1cb0320190ca0daa2c88b35206009,1,Entregaram produto errado,"Comprei dois fones de ouvido com valor de R$ 50, 32 e entregaram o cabo para para iPhone no valor de r$ 10",2018-08-28 00:00:00,2018-08-28 18:25:55
47e7ec9382d118983a7bc963586cac40,33f11b444d480cee508b54f3cf17b079,1,,"Não verifiquei sobre a essa empresa targaryen antes, após a compra vi que é uma péssima empresa, muitas reclamações, americas porque vocês ainda tem uma empresa tão irresponsável como parceiro?? ",2018-03-24 00:00:00,2018-03-24 11:30:19
e6cd89f319b7c69b9b4c6babc632db08,df91fb38017b42722551a94382cb829a,5,,,2018-05-04 00:00:00,2018-05-05 22:45:43
9dbc445c15c5ea2670c56275f912ab5e,dd74aa86ac49c4818ea173b6a376d8de,4,,,2018-02-27 00:00:00,2018-02-28 10:46:27
f59c080f18cfcd635d62513b48bcf8f8,1475652ad485c6469bd02393c70fdaa9,4,,,2018-01-19 00:00:00,2018-01-20 11:03:53
db5556a5c339631480dc7d4486f7e7c5,5e51a64decd482cc34e99e406942efc5,1,,"Colocam no site que o produto já está entregue mais não chegou no destino , quando reclama aí com dois ou três dias chega",2018-04-04 00:00:00,2018-04-07 14:51:45
771e823ccea14b79a440908c29d44883,90a2b2da168b833dcca42bdb705790c5,3,,"Gostei, chegou bem, porém o produto é menor do que eu esperava. Muito pequeno.",2018-04-28 00:00:00,2018-05-02 10:17:57
572266e2f457997bdbadfce488390905,7a9436be8022293777e4f2619c171b17,5,,,2017-12-20 00:00:00,2017-12-21 11:13:45
7010df3ec6587b28bea487d3031ec487,53172252fda6ac3410a2d093e143d2dd,5,,,2018-02-03 00:00:00,2018-02-06 11:47:11
9a0dcabb3587eed3092fc417dd497514,86fbc7823cb0bc0b27e0ccd18022aa19,5,,,2018-08-24 00:00:00,2018-08-27 00:02:44
c86dfa5d78e9987281962d628c5ed9ee,3544a45e2fd783c3dd0305cb5d2bac0b,5,,,2017-09-28 00:00:00,2017-09-29 02:51:52
31ea10d1351bccdee9ee720cd9ce94f3,17220c71a949903772f1ed32292ee69f,2,bom,ok,2018-07-28 00:00:00,2018-07-30 13:42:35
f7bbac6b6901d7636435ea406a856e34,0017afd5076e074a48f1f1a4c7bac9c5,1,,,2017-05-21 00:00:00,2017-05-21 11:30:42
5f6868e0bc16b3fa58ad010deed17803,c158e9806f85a33877bdfd4f607b72e7,4,,,2017-05-09 00:00:00,2017-05-10 17:34:48
8adf68d81eb07dd1e50948c94b81aa8b,3e0ff86919e2e005d7f1d59015edb415,4,,,2018-03-29 00:00:00,2018-03-29 23:31:12
b02193bc78546b548c99ccfd3aff3f2b,ad1ffca90f5325d0f320f2b0f54eb114,5,,,2017-12-30 00:00:00,2017-12-30 16:56:53
cf8a2414f3f4ba2b83717a20ef364958,fdf6635fc014c7f771754eefe24ff684,5,,,2018-02-02 00:00:00,2018-02-04 21:09:51
b16d4274e57ac7a920972fbeb1cc9c79,96c85fb240067205674e99425c5df3de,1,,,2018-03-18 00:00:00,2018-03-18 12:38:26
818eccd60e925c79192738171b9a1462,dc82ca767bb8a029bf346c1cb24bbdda,4,,,2017-05-06 00:00:00,2017-05-08 18:45:09
a5393ee7577c61897bf913a863dbd0ae,1fa468994c6de461001e0d8849f60a7f,3,,,2018-01-04 00:00:00,2018-01-05 01:08:21
bd255976fef34fdc72428a574f9810f7,c6bf92017bd40729c135b58b643f64c2,5,Ótimo,Perfeito e recomendo chegou dentro do prazo,2018-08-16 00:00:00,2018-08-16 23:12:44
45fe1f264beed651c351e834b984bf31,ce19416583ee035a7a8097db2c53f98c,5,,,2017-09-13 00:00:00,2017-09-19 15:25:41
2857f758858ba75d551a9944f0ec01c9,bc0feb6a96ad7552648f4183cb6ecb63,4,,Produto de boa qualidade e chegou antes do prazo previsto.,2017-03-14 00:00:00,2017-03-16 22:57:07
a00aad6a8b841544df863c9996c274c8,53f8daea6e8c8d787695830a448a3e67,1,,,2017-12-30 00:00:00,2018-01-02 08:33:11
83fcb6e8612cbd047718462b779eb4db,77ad790bc77b40f61485833a46bb6968,5,,,2017-12-19 00:00:00,2017-12-20 01:45:46
707499a6bf06efa5f1b76cebd54936aa,d7f71d136da2fa678c39380a22d117df,1,O arejador veio errado,"Infelizmente o arejador não é articulado e nem 3/4, pois não coube na torneira do tanque.

Quanto a mangueira, ainda não testei. Espero que de certo.",2018-08-31 00:00:00,2018-09-07 22:33:42
4931aa38a70a1e4304314c6b9cf2ea9c,9dff990dca94f688d5a005c3da5d9a6e,4,,,2018-06-19 00:00:00,2018-06-26 21:48:35
c862e54572772be767d3458c9b33e5fe,e54fadbb3cef276c1b184ec780d06ae2,5,,,2017-02-18 00:00:00,2017-02-21 23:46:04
b0938b7c73a2458310287df2d95f8a58,c0ac92509aa6420f0f3d6f78748793e1,5,,,2017-08-31 00:00:00,2017-08-31 21:22:15
f2c8290ed1ce3f72e8d326e058955aa0,aeb6c6dcbb894bc3055802e5a7c5d271,5,,,2018-01-09 00:00:00,2018-01-09 23:38:05
274e38de8990f74fc03894fa488b5cd5,f73b31435ce6dec43df056154c39a1ce,3,PRODUTO,"NÃO TENHO COMO AVALIAR POIS AINDA NÃO RECEBI O PRODUTO POR FALHA DO CORREIO, O QUAL JÁ EFETUEI UMA RECLAMAÇÃO",2018-08-29 00:00:00,2018-08-30 12:07:35
acbc33de7f06d53348b68f6830cb1883,73dfbf97cb48a39c55ddb4425192d931,5,,,2017-12-23 00:00:00,2017-12-23 18:03:27
65476d61defb673c8bc13ba0fc594216,93148127b5171218691072991e78bdbc,5,,,2017-06-08 00:00:00,2017-06-09 11:12:09
5a47ab1b56106d7ae110f52b4a0317e3,47e395802e5caea991cb407fead78614,5,,,2018-05-22 00:00:00,2018-05-29 02:05:04
bc5663dd5bf4d4c3f7b2d1abfaf6416e,d7b00090ed4c28c03afc316bc0a2ec17,5,,,2018-04-21 00:00:00,2018-04-22 11:33:36
e39dd47c5ef8861e48dab62d1efc1f85,0312ecf90786def87f98aa19e0e0ce63,5,,,2017-05-19 00:00:00,2017-05-20 02:53:13
0f8631f82228ced7e3161b63f6a844b8,f7780ea2807db31691e83f0013294035,5,,,2018-08-04 00:00:00,2018-08-04 10:47:42
561b27f6f330a8bd92b8fd47f86f086b,885e6b2a928b8989d31fe2e7db3a55f4,5,,,2017-12-17 00:00:00,2017-12-18 22:34:27
98cc5f705b44c080ef56d14aec5f418d,21cade19cb2ceb4f1e5c9f9aa0daa4a9,5,,,2018-01-19 00:00:00,2018-01-20 01:46:29
b764c2314b1745df4f59f3f279888f68,a3d715c13af177125a462b543a9a97f4,5,,,2017-10-20 00:00:00,2017-10-23 15:46:52
260df7a65139f749ff1a56c3a680c260,cdc1504eb9521a2941c00363ee8288d2,5,,,2017-09-28 00:00:00,2017-09-28 20:55:50
4bf941552bb2faaf87b9d2197341258d,6b1b8ac3b7a9f8088825fa1152811b1f,5,,,2017-11-14 00:00:00,2017-11-21 17:47:27
bb99eaa2c511827c81007347ed4daa23,95e8ad87dd94e0a48ffb1fd18f13be66,4,,,2018-03-20 00:00:00,2018-03-21 10:34:22
5e460f150e0b40e0816bd21272d4382a,214e3e63d08a54a0670daa8ce72df870,5,,,2018-07-31 00:00:00,2018-08-01 22:10:50
62cd02747c2ba10921de1cebcc394cc6,4bf16e837c4354cd06225050a018094b,4,,,2017-09-05 00:00:00,2017-09-06 14:37:52
a6941b3de32bba2bc5d5e75a008104be,60587a0b83305888501192ff07ba8bb9,4,,,2017-12-11 00:00:00,2017-12-12 01:00:24
9ee7348bc6250ab721ee036555a2bfd3,905fc82a3f92ee92e5084172bf337840,4,Ótimo,"Pelo preço o produto está ótimo. Material não é de ótima qualidade, mas é bem bonito até.",2018-05-09 00:00:00,2018-05-11 23:26:40
e02b0532a6ddbc986002f9447137ac16,c0fb0c31cc56e7ddc07f5306fdff9e05,5,,,2017-05-26 00:00:00,2017-05-27 03:27:34
218576fe07b9a59c8b41fa2edc8adc56,ca45a839acb03f8e8b45dcc0a6d1c0c8,4,,,2017-12-28 00:00:00,2018-01-10 23:31:41
72caa63f8ea8018e3149fe5b52c40a92,43ed2e201f59c4d2f7778d8e8c526fae,5,,,2017-06-02 00:00:00,2017-06-03 08:06:46
68fbc2efa80bcd747c95aedf9d210c6c,e16e5b4572640ddc3de053a9b0f6432b,4,,Produto entregue antes do prazo.,2018-03-18 00:00:00,2018-03-18 15:14:16
d0bc460a51f5a4e6813a03f4d0092ac3,26ac15c4f69145c3a0ce4f2ebccd2a84,5,,Produto bom relativo ao preço,2017-12-28 00:00:00,2017-12-28 12:26:10
27acaf676cac9934419219b4b79a846a,395363317a9cc3945212a000edf960d3,4,,,2018-03-15 00:00:00,2018-03-16 23:10:07
b292162b037173c8f9e018b222081bd1,38d53048cadc43042f82188a761f6765,4,,,2018-07-28 00:00:00,2018-07-30 11:14:29
f9306ef54d4adecf8cca0377b9b0f957,4c0b506d42a6b9fe0951c6cc05419141,5,,,2018-03-22 00:00:00,2018-03-23 03:47:35
5fdd46fa084a95a557d6a695f08056c4,8f909d2a25c1618219801a24a48871de,4,,,2017-03-29 00:00:00,2017-03-31 21:21:53
313236b309b21c67144097dc66223ac7,5e81354e795eec26aec91548a783b116,5,,,2017-05-18 00:00:00,2017-05-19 02:28:11
5e5e30140baaee38bc946fa7aa1e887c,388241639571ce95ace22e76655719f9,4,Gostei,"Produto muito bom, porém comprar pelo site tem o inconveniente de não ter como saber se o produto (nesse caso) é forte e resistente. Vou ter que usar por um período para avaliar melhor.",2018-05-19 00:00:00,2018-05-26 01:03:30
43016f8b5074045293e1756f2cd2c568,489b4af31f96f42648f0c0636a51b289,3,,produto veio diferente do que comprei e ja fiz a devolução ,2018-02-19 00:00:00,2018-02-21 20:01:39
7077d31bd4502da7d1287d93d6414f1c,1404879b6eab59758d3d92fc8f504f98,3,,,2018-05-17 00:00:00,2018-05-21 12:44:37
73c6da3685976160572306568c04fc6c,c6a76def310a4f508d6b11884e8a01f5,5,,,2018-02-28 00:00:00,2018-03-01 13:17:32
5f61483b72efdbff007d6d028ed4c17b,8d49bed8f03eff2e3595adfc9043a4f9,5,,,2018-04-24 00:00:00,2018-04-27 16:14:09
6a3fba82de14232496691b56554a7cc9,f29b1fdd44f820a916d3f1946a88c333,5,Ótimo,,2018-05-08 00:00:00,2018-05-11 11:51:46
feff01c5af2eea3c124a93ec198ec18a,d16e915397932f8b3510f595170d1d6b,4,,,2018-05-17 00:00:00,2018-05-25 02:22:30
cffe94653d9e632d1c42357cf6d7237f,b4ec6d93789e37e779f86f3b7a9982e5,1,,"Não recebi nem ao menos, nenhuma notificação do destino do produto... É uma falta de respeito com o cliente.",2017-11-01 00:00:00,2017-11-02 01:08:15
525137f4bf4248051613ef8bd5940132,3e67a858c3fcd6a3929e94f287d9772d,5,,Como sempre a entrega antes do prazo e um ótimo atendimento,2018-03-28 00:00:00,2018-04-10 18:10:47
6861fc65fb471291c3fb766f00326eda,9c2ba52157b36c56751de3ad0e6ec01c,5,,,2018-04-24 00:00:00,2018-04-27 17:53:17
164567e5b47e3860f967afd567e8e5f6,f9604c62f4691fd43013cd1e6489e332,5,,Excelente produto entregado no prazo obrigado,2017-06-27 00:00:00,2017-06-28 13:00:31
44ee1d72759534d74ec07bd7da8bb813,f3d113574c163b8642fb44302c8fe0c9,5,,"Amei o produto,amei comprar nesse site. Fácil de fazer a compra e chegou no prazo,melhor ainda bem antes do prazo..parabens comprarei mais nesse site..ah o preço tbm estava ótimo ",2017-07-14 00:00:00,2017-07-16 18:29:11
08023fd9c32897606fae4aa0a533231c,799be3792f7db4e84ead1a2eefccd1b2,5,,,2017-03-11 00:00:00,2017-03-12 01:16:42
ccd4540b5d6583a78dc7216e39a9ff70,dceff4e9cefb999404dd921642d20111,5,,,2017-09-16 00:00:00,2017-09-18 17:26:20
40b857aabb6a18e82be596914dc8439d,3287906d23c6e6cb0ebb48f0b766001b,4,,,2017-09-20 00:00:00,2017-09-21 02:38:04
e4526a7f2926ab1f7e24174dd1e71a22,9d7c75d76a63b0e133c2cc1b3b4b7faf,5,,,2017-05-05 00:00:00,2017-05-08 00:13:17
0e95954f02747c30208c87719e97b470,e670c857f8a70c9aacdf644c59980d17,5,,,2018-04-28 00:00:00,2018-04-29 03:27:22
18d292bb9d50b6f91bda57687ff38c42,fe62bcdcf8ce8da3e223a41f588abdce,4,,,2017-10-10 00:00:00,2017-10-11 03:17:18
eff5ec5da9d2454ae5bea1043129da85,bfdf5728dc66ccaf9131885e9e39b5a2,5,,,2017-11-18 00:00:00,2017-11-18 23:24:37
328c7c1bab25287cd9f78e89b140682a,f93bcee6c5595d8b07ad4f799fe5b590,3,,,2018-03-14 00:00:00,2018-03-15 00:49:23
5f903b17c605fe524ddd11b30d1c5ca6,0e6dbbc7484dc1ee0392c9ca801035c2,3,,,2018-03-17 00:00:00,2018-03-18 23:17:41
58629fc7409404e2c08880bce92c99d1,4561cf6b4b4f741552d9b994141419e4,5,,,2018-08-09 00:00:00,2018-08-10 18:23:35
d43d9bbdc90e18879c9dfca1cafbe05e,366f322ad95ebd9a14346c9f8425a68b,5,,,2017-12-05 00:00:00,2017-12-07 08:43:40
a4cffdbd3ec8f3c78f31c5e2c5f3f9f0,9c9f7b0c21d98c81b75246bb758c386e,5,,,2017-10-28 00:00:00,2017-10-28 22:08:30
bbf51519a5001e3b4cf19da0edb69ea3,c5d1a6481a4fb3684588a2c7fc970918,5,,,2018-08-10 00:00:00,2018-08-10 19:11:03
89d00006ae17938866ed70830c845fbb,fdf440c2e9c4b940d8bac16acb13c7c0,4,,As sacolas são menores do que aparentam.,2018-03-09 00:00:00,2018-03-11 14:05:33
c981f815883bab004b7356eeb1e63510,2c049735a0947b4e13924963336e5b3c,4,,Entrega no prazo.,2017-12-07 00:00:00,2017-12-07 20:09:26
12323ae943861d2cacf25a95630d5e2d,518d8ea442ea12acede1c064a54cae32,3,,,2017-03-28 00:00:00,2017-03-28 18:11:32
6e914f7160e0ff38eae0314fffc3918f,337788b92e1812c7665aca6fd8b611e8,5,,,2017-02-11 00:00:00,2017-02-12 04:47:36
ecaedd91141c26f8f2d350a6bde8b6d5,9bc38db4ef1d6f4fd1844e03b30b843e,5,,,2017-12-09 00:00:00,2017-12-10 02:13:35
ddbf26cb55d2c1374e24e7d17790771f,9321ce4aafa9151ff2b57775c8d1ff70,3,,,2018-08-07 00:00:00,2018-08-08 00:02:32
b5a48d750f1197767102b21fd7aa2a80,4519eb4d4f31920150447454d2a0b560,5,,,2017-08-24 00:00:00,2017-08-25 14:01:10
0d04f003649cea9d3cb16710f97532d3,bd7f6df012ed820ea52bf7f46da3026e,5,,,2018-06-14 00:00:00,2018-06-18 14:59:35
ce78834d279d1ef82c477f40ce51fdb7,622cd02bfa274728c8d0260bc7c492a2,5,,,2017-08-10 00:00:00,2017-08-11 12:15:54
74e67e92be415fe9f3c11b370561de4a,12bac66f44df6a103bb5b982c45f5617,5,,,2018-05-12 00:00:00,2018-05-12 22:10:19
f68209d93f90e8292602599d4baeb35e,8d4b407022b632729179432fdecbc16e,2,,,2018-03-28 00:00:00,2018-03-28 09:36:09
17ff172994b49a1679ad7c51dc3dd1ab,8791e495e7f1b8d77696f42ff295d945,4,,,2018-03-29 00:00:00,2018-03-29 10:40:55
84fcd91f03abdced139142caceae3230,4c2b78efad2dfa6a3bb1cac6560cd2b7,5,,,2017-04-28 00:00:00,2017-04-30 18:12:28
8d5c94767f299be3d6f88fd407377fa8,fffb0b1a50e65c449020434fa835e078,1,,"A compra foi feita Há mais de um mes e ainda nao recebi o produto, sendo que a necessidade dele para o projeto já passou",2017-05-17 00:00:00,2017-05-17 12:51:43
b05aff7208f4118737cd68c3444ae226,fd15c3951b25d11abd0fcc3518ef2b42,5,,,2018-05-04 00:00:00,2018-05-07 00:53:30
0fd39ce70bbb9b832a4432aa8ccdd9b3,6d78e79c696c9f3be8ef263ead6a119b,1,,,2018-07-28 00:00:00,2018-07-28 15:11:47
2a00151fe71823fe81069266dae99de3,a7931d1356ebfaff87f69f952ff58208,5,,,2018-08-23 00:00:00,2018-08-24 12:13:02
224dfa8d1d5af835fab83b23120e0486,aba02e203a50c9dcf7c2b6b210b5f6eb,4,,,2017-12-10 00:00:00,2017-12-13 15:39:37
73b899d4c4781a59ac657e1402734790,dde867f83e689b0167785b684ab311cd,5,,,2017-10-26 00:00:00,2017-10-26 14:56:54
ef2d0fd3ba5f4c191319e1989c5ed8c9,e3c2135c38233042e0bfa35a97882582,2,,Já havia até desistido de esperar quando o produto chegou,2018-02-20 00:00:00,2018-02-25 01:16:37
7081f72209330c5ce5ffdcdcb59208aa,027b013d2186e25c2b82beb3679d0833,1,,Até o presente momento o produto não foi entregue,2018-05-04 00:00:00,2018-05-07 12:40:36
3fb33c49be4d375ddb15913bbb8c0f73,ac08c0b67890296c7c7c10f34b81eea4,3,,"Comprei 2 cartuchos com o mesmo vendendor e só recebi um. Sei que pode ser entregue separadamente. Mas não consigo rastrear o outro produto que não chegou, pois aparece que toda a compra foi entregue.",2018-02-20 00:00:00,2018-02-21 02:51:10
76b830a91e0cb27a5684ed5cd0df6cd0,8d64e424b042f023526817b2f765a442,4,,,2017-12-04 00:00:00,2017-12-05 22:27:57
976e77d0c36f07a31c73e5590ade2859,98dd966a1e38eb56010bc5d422f3d3ce,5,,,2018-08-22 00:00:00,2018-08-23 10:40:33
b0fd08c22ab26385dbb09838bf0f1738,1ea7acde8dacf11a098d0b85b13cdc0e,3,,"Mandei email com reclamação de que meu produto estava com a etiqueta/código na parte interior muito danificada, aparentando que o produto já foi usado por muito.Gostaria de explicação pq comprei novo.",2017-11-07 00:00:00,2017-11-09 15:06:05
ed1492cf3da46344dd9f4878f08e33a0,3a8120ab24d55fb6df380a431836a916,5,,,2018-05-23 00:00:00,2018-05-23 22:13:38
409448d47b60fd75fe16bfe0fef1c971,4f20f374acaa47920134df2f634691da,5,,"Ótimo.
Deram 19 dias úteis e me entregaram em 3",2018-01-11 00:00:00,2018-01-12 13:49:33
5f30cce57d39804ff528c5f3a5041746,8b2fb881ec8d04ffa5bc7a27833ad984,4,,"Da compra a entrega tudo certo,quanto ao ventilador,ainda não foi instalado.",2017-03-22 00:00:00,2017-03-23 03:35:14
31142c69450023d6059550c561a8a45b,2be69b19c3402f7c2ac375f252022d70,5,recomendo,Tudo certo.,2018-05-15 00:00:00,2018-05-21 21:41:52
6264d86d307eb4e7fe9a430d9f4b5c21,bc549579fe8b9728bac120abd8c20174,5,,,2018-05-16 00:00:00,2018-05-18 18:36:04
e935f42d8ed125abe3db64c64a893632,85b1e09d7a230790544ffb86902bf77b,5,Surpresa Excelente,"Super Recomento, meu produto chegou no dia seguinte da comprar super bem embalado. Parabéns!!",2018-06-07 00:00:00,2018-06-07 18:22:55
8f2c9ea900b9548f71b242fba9335a24,6279fb07bd3980aec19cfa5c3fb66118,5,,,2018-05-17 00:00:00,2018-05-20 17:45:12
31a662fa3857e4779f0527f61a40c426,a1ecf6ff2702a73805ca6ffa3771ab05,5,,,2017-04-06 00:00:00,2017-04-06 21:36:31
16968a1e1027818ebc015541b0a22089,a8913a7a82fc8acaeb44c6e9909944e0,5,super recomendo,"o produto chegou bem antes do prazo, da maneira que eu imaginava..parabéns",2018-05-25 00:00:00,2018-05-28 11:29:12
33029e7d12360eb78820a06cf1a7221c,81c277d38bfc8beca560a53fac3646f5,5,,,2017-09-15 00:00:00,2017-09-16 02:20:38
01bd58d254b84405fdf45c3e0572c36c,c1872cd219ab83c3a9a63cdc2f75a518,3,,"achei que era de pelucia a capa, mas é um tecido",2018-08-04 00:00:00,2018-08-06 22:40:18
0efebc2c5add22c5b45867716919dcdd,afc5e76e5cc169a08cec884d98173efb,4,,"faltou entregar 1 cortina, mandei msg ontem mesmo, o porteiro recebeu pq eu não estava em casa, a nota consta 3 cortinas mas só foram entregues 2, verificar por favor pq deve ter sobrado 1 no carro ",2017-10-15 01:00:00,2017-10-15 15:30:44
da317947e7c9cbb0d2fed0b7df01518d,d7734a834b8c2b0138d57157af28e7f1,4,,recomendo,2017-06-22 00:00:00,2017-06-24 22:02:03
249201ab1bb9354c9e290f30bd64b808,1415b17c0425330751b1b6770dc5db23,4,,"PEDIDO ENTREGUE ANTES DO ESPERADO, RECOMENDO.",2018-04-25 00:00:00,2018-04-25 17:44:56
94a03ac3c41b06ec69acd69c0e72d369,f2d872bfea08d627b7910014e94c7e3c,4,,,2017-03-21 00:00:00,2017-03-22 11:16:51
89d95576a835e4f0fbe9ecd09ded5252,eddf1b58726e1b53c010f681422195fc,1,,Eu comprei a bateria interna para samsung Galaxy A5. O produto que eu recebi não foi o que eu comprei. ,2017-08-18 00:00:00,2017-08-22 15:27:58
f09eb55a7410e8624c0d538b856b9580,3ff220e93d03aad9bb6767d90ac0e846,3,,,2018-01-31 00:00:00,2018-01-31 21:29:46
d7b640f981859e90a9d8e659fd86ce66,84a1a8e9b6cf26aee8cb39ffb391362f,4,,,2017-10-12 00:00:00,2017-10-12 22:15:44
268378070acd02da1f228e9d49062aa0,8e238195658d4539944106a75adb0d60,5,,,2017-05-16 00:00:00,2017-05-17 01:16:26
5ec7dc3e1775562281db6fc65bd748cc,b20f7bd5866f03037cbf0e8dceb92f8f,5,,,2017-02-25 00:00:00,2017-03-01 13:21:39
520c226fde65236d88a0a7acb4a61ffb,9c0aeb926cb821f2644b956856d2d3b0,5,,Gostei demais entrega muito rápido bem antes do prazo muito obrigado amei.,2018-02-02 00:00:00,2018-02-06 19:40:17
977164f62f61d1500d55b7be5c84fd16,1eeaec28c1a699b3b423fba26109e197,5,,,2018-04-04 00:00:00,2018-04-05 01:33:52
6e7b0eaca5f7f16fb91454e4b3cfb950,5339b02466cf3545d79c1b8c2d555faa,5,,,2018-01-11 00:00:00,2018-01-15 06:08:21
a4f428c05fd8ebf924ff36b627421c8c,d95c7210ba7d2249083e45536f2d0a27,3,,,2017-11-27 00:00:00,2017-11-28 01:15:29
ac9a4a88d2755be464d894c6e1e22013,3d124284515fa7130862f5500fd95c2a,5,Super recomendado,ótima relação custo benefício,2018-06-22 00:00:00,2018-06-24 10:54:53
53cdbc6f376335acb34fd5a4d2523399,7f88683c8e73da556d652a823d4050f4,5,super recomendo,recomendo,2018-08-28 00:00:00,2018-10-16 05:04:50
76b7f392d84986f8c04c229fa4783d5e,ce5ac3d77cca9ee37ace392eb33cee3f,3,,"Prazo compatível ao preço cobrado, ágil.",2017-10-25 00:00:00,2017-10-27 16:12:43
fcd6f69344bc98a62f042ebcdf4bea9e,a53b8f28c69f039a8d9ce5c30b7367a2,5,,,2018-08-01 00:00:00,2018-08-01 22:03:00
47b494fec5be263833eb1dda03f54814,505a3bb5ff0c07fe7d0557cab70693ae,5,,Recebi antes do esperado. E gostei muito do produto. ,2017-09-14 00:00:00,2017-09-15 09:45:14
210140e21ac9472d51d900fb8bed90b4,55a0842ea8508da4c9ef096cbac8bfef,4,Recomendo,"Muito bonita a estética do produto... Designer bem legal, espero que meu irmão goste, pois achei linda.",2018-08-07 00:00:00,2018-08-10 17:53:42
14cf2de9e9dedefd915cf9f6c7a3d692,69b018bee00243bd10c2f8634e068f78,1,,"Compra efetuada em 12/03/2018, postada dois dias depois e até a presente data, com até agora 2 dias de atraso não recebi a mercadoria",2018-04-05 00:00:00,2018-04-05 03:55:03
bd2c091c73496b39eb294c71fdc7eee1,e292b3a258a40c3489d65a60b9cad848,4,,,2017-05-23 00:00:00,2017-05-26 14:30:37
50d27a373b1bae5606c80b107ba146e4,05691e7046cf3a798bfce39b35377b78,5,,,2018-06-27 00:00:00,2018-06-28 10:43:15
d3bc49c36329401e4f845faf9bb6742c,003a94f778ef8cfd50247c8c1b582257,1,,,2018-08-17 00:00:00,2018-08-17 11:30:40
52673d81784723f9d94815b1806d6dea,edbcacae5cb8f20f789d86dc0cf80ade,3,,,2017-02-09 00:00:00,2017-02-11 17:48:30
b5da8c372f190911d1218077c3e432cf,9a965cd710da5125076afbd641624600,5,,,2017-05-24 00:00:00,2017-05-27 20:58:18
381613b86d1baacd7e8b6f3f3f5ab621,f27fd91fafee87eccffe0df85538c795,5,,"Ainda não usei, mas chegou tudo certo.",2017-06-29 00:00:00,2017-06-30 10:46:19
0f042c0a68601b27685dc9de7822da64,b7261927790781e114d3a12f39ef44c0,5,,,2018-04-03 00:00:00,2018-04-04 21:33:01
31cf4119c8cfde73700978c1d4457286,7a94606a015a9feffa3b4ac23e84d132,5,,"Produto atendeu perfeitamente minhas expectativas. Entregue no prazo, como sempre. Parabens Lojas lannister",2018-02-10 00:00:00,2018-02-12 09:33:36
8d66aaad00cff1f004d8418d1c3f09fd,667a47b3d52c6e88390b50708a061561,1,Produto não foi entregue,O produto não foi entregue,2018-08-03 00:00:00,2018-08-04 16:07:48
69b8c3ed30740098f41f03d06ea7c8fb,4748c7d66bbedbf52de84b3bc4cbc482,1,,Eu não gostei. Meu produto não foi entregue ,2017-06-10 00:00:00,2017-06-10 09:10:03
15996625ce58ca03e5b9c6c5d29b5346,55ca27587481961b3a085c32da46f015,4,,Gostei muito do atendimento e a entrega muito rápida!!!,2018-01-06 00:00:00,2018-01-09 01:38:00
91178de0274f6a2d33925b62b2064b35,fe98cb0615a7611265d8955be5ca9497,5,,,2018-08-11 00:00:00,2018-08-12 00:10:44
e2e91613591bd10e7dbeaad576e201d2,44440fdd29ac17b06eb5c690b95d19ed,1,,,2017-06-24 00:00:00,2017-06-25 21:29:51
7b1508df3adab409eae8397dddfee71c,1c939324bacd87c65d030c7974e38338,5,,Boa,2018-02-20 00:00:00,2018-02-23 00:15:35
c6fa0942e60b41f885ecbc3ab454fac3,fdcb3d84b078ed61f1432f41e60e6aa8,5,,,2017-10-26 00:00:00,2017-10-27 09:52:03
0f913738a93b072189186596eccc94ea,502070fa8a16306454d031307381a7de,3,,,2018-02-09 00:00:00,2018-02-12 16:40:08
c2901c066e9e11b83096d434df7970f4,75729cd39e546ea4083ab7f3859bb745,5,,,2017-02-21 00:00:00,2017-02-22 00:45:57
02ee0688ff58defd03e85eb242498c98,fcaa22948cf53b9b3ff7de0c67b6391c,5,,Bom produto.,2018-02-17 00:00:00,2018-02-17 17:29:00
3d33fe0e1a463975187574f2b9a7e510,842cd0a979d57e29ba51a0f84a844cd8,5,,entrega super rápida,2017-12-28 00:00:00,2018-01-19 01:20:57
395eb0e825826b3a7d4bb24950dcf482,779b6f84b404177ab8f8f5cfd0137216,1,,estou tentando trocar este produto a qualidade é péssima..o kit segurança é para 14 anos..e indica que é infantil..meus filhos tem 6 anos..a estampa veio diferente do que mostra a imagem.,2017-09-29 00:00:00,2017-10-02 13:22:42
b5d5c9ff159e7f437154c3a6c37a624d,076d1555fb53a89b0ef4d529e527a0f6,4,aaa,OK,2018-08-08 00:00:00,2018-08-13 13:06:49
8ea18ed5395661b0660ad1c8e390d693,5492e5f6cccb69b3bfb5b0c1242e69b4,5,100%,"a primeira vez tudo otimo aprovado
",2018-07-06 00:00:00,2018-07-09 21:13:48
11e5e3a223de22712cfd6141cffb4d05,6265e86b71fc209d82742bcfebe33046,5,*****,"satisfeita com produto eu já conhecia quando vi baratheon por esse valor corri comprar ,recomendo a todas mulheres , o perfume é suave, bom é bem de meu gosto, permanece no corpo por bom tempo, espet ",2018-08-21 00:00:00,2018-08-22 11:55:17
4371f9996c12284456e5b65e6733fcfa,190c71c36bb25e9a85f3a53291e475a3,3,,,2017-05-26 00:00:00,2017-05-29 17:19:00
bbb484abfa8d62d51da84adf471be3fa,102dc75f04e28c228169dedb666dcd3e,4,,,2018-01-05 00:00:00,2018-01-08 12:43:32
bc43cf7b2062e5c8cd798f410c973294,c8ccd366bbf35430786a86ef073322f8,5,,Produto chegou rápido e funcionou perfeitamente,2018-05-19 00:00:00,2018-05-20 12:42:54
05c3cd43e787648fdc416a8349abe406,c912c210c22a9527553521d8fda44563,5,,,2018-04-27 00:00:00,2018-04-28 01:33:29
85110eedf5dc420ec905b72c2cee2432,ca912a872db02043825792fbae103921,5,,,2017-09-13 00:00:00,2017-09-15 13:58:05
f6fec4a96093ba4734c285881de0e4ee,a81be81673bee4a384c6b5468a606478,5,,Melhor do Brasil,2017-11-22 00:00:00,2017-11-29 21:32:17
9897fd6c675811c8db6f42d283f02b6e,47de8637746123051630916b1ab338cf,5,,,2017-11-26 00:00:00,2017-11-27 20:50:16
1ef17c31c6a710e3cee7853fb387dcc3,94153bbf95f273c5b6c342d2acc6d017,5,,Muito bom os produtos e foi entregs bem antes do prazo ,2017-07-26 00:00:00,2017-07-27 03:34:07
f157e7b51b9b8b49472e0021999c50e3,a9c6c0298a1b91a7e66a387df066e225,5,,,2018-03-27 00:00:00,2018-03-28 21:14:13
4240de2869256f080df0359086106dff,4fb104ec6918efe57f7e105fe598d96f,3,entrega parcial,"recebi apenas a forma de gelo e a forma de bolo amarela. A forma de bolo girassol, na cor rosa, não me foi entregue. ",2018-07-08 00:00:00,2018-07-08 17:48:22
3c9f20f6ba1bbead0cc88d2bcca0334b,5f0b0782790ceb15a39a61c73e13df9b,5,,Super Recomendado. Muito Obrigado.,2017-08-25 00:00:00,2017-08-26 13:13:46
8c66dd624cd8603b364f4548c5a729c7,aa7e9053d6514094d6d72f1ef2c2bbd6,3,,"O produto demorou bastante para chegar, e recebi email avisando q estavam com dificuldade na entrega, acredito q foi por conta dos correios e nào da loja... Mas foi no prazo",2018-01-09 00:00:00,2018-01-09 21:49:32
b9370b76459f77bde2b75e8bbdf3f99f,305f4f2afe70d838e381fb7a3c973838,5,PODEM COMPRAR!,"ERA PRA CHEGAR DIA 05/07, CHEGOU DIA 01/07, DOMINGO. ",2018-07-02 00:00:00,2018-07-02 21:58:48
c0e7d454f2a0c484785d15034db90244,678ec27e8a4c8d92384bd0834f21b308,4,,"Um parafuso veio com defeito
Tive que adaptar 
Deveriam testar antes

Mas no geral produto ok",2018-08-26 00:00:00,2018-08-26 23:14:45
84cbccf6eccd95e3beb22024986ad4bd,ceaa40707ccad8de8d4dab476a970483,3,,"Caixa da mercadoria arranhada mesmo estando bem embalada. Pino do relógio desenroscado(solto).Prazo, preço, feedback ok.
Mas mercadoria não chegou 100%.",2017-12-19 00:00:00,2017-12-19 19:40:00
09ec08404b3860a963a67e08747dc4fa,ba65d70e8d6eebcfd0cb5d88c2497383,5,,,2018-02-19 00:00:00,2018-02-20 00:37:20
068bffe1fa8f42bfde4ddb046dbc82b4,dfaec723e43ffd36724e080018beeb1a,5,,,2018-03-06 00:00:00,2018-03-06 21:29:54
58c5a25b9be9dc6d419f9db27e9d9d48,2c559a6f1ac48c4f100f4775a1362ea1,4,,,2018-02-03 00:00:00,2018-02-05 10:20:35
5ca5ba101ba004ab0dc25dfda9180778,fe114439ae61b71927352b185b73550d,5,,,2018-05-19 00:00:00,2018-05-21 18:52:10
80354b376abf3ffec0dcbef1fabcc92c,2d582ca9251cf300ff17929c5151438a,4,,atendeu a expectativa,2017-03-28 00:00:00,2017-03-29 11:34:37
7aea47bc13d2cd4417cab5ce96cea3cc,a9d12173450be22cabf7f56bfebc2565,5,,,2017-09-23 00:00:00,2017-09-24 16:42:30
b787240dc7e803dd0918bcd3163dbfdc,c4e6c7d5fa7585017ea3c7bdaa32a956,5,Execente atendimento ,Pedido chegou antes do previsto. A postagem foi imediata. E o produto de ótima qualidade. Parabéns pelo atendimento!!,2018-05-10 00:00:00,2018-05-11 00:39:42
d5f7adc3119dc0c15562f2c72f076c10,1679d1eb7779b27771375628ff2f95f7,4,,,2017-12-01 00:00:00,2017-12-07 14:14:09
f8a272bf3bf5a166b325e54dbe40efa3,4e01c9b57e9b37add580871564686c4b,2,,Medio,2017-06-21 00:00:00,2017-06-23 19:14:45
0b196989c76885d778d81b65098c1354,db4c181f6ac63a558233e98861beda3e,5,,Ótima,2018-03-24 00:00:00,2018-03-27 11:56:29
05306996d86efe48604bda75076e6a43,b32d933cbb60baceeffff29dad694641,5,,,2018-08-22 00:00:00,2018-08-24 16:57:59
9da3e2cb7b2f35cc55fdaafb4f19c31a,8bc835be169be964f492f42b517b0a3c,5,,,2017-12-13 00:00:00,2017-12-14 12:21:30
012e3a6c9f7f897f931c174cf10650ea,b5e1bf00261a7bbaddb0c3a06e63f039,5,,Gostei Recebi o produto no prazo certo.,2018-03-24 00:00:00,2018-03-26 20:35:51
4e58994a5fac8d55a82471641d34433c,67fc16d6dc881afa68e40df4c30d510a,5,,Entrega e produto ótimo.,2018-04-25 00:00:00,2018-04-25 22:59:46
5af48b86528dc7c2761d67bdcb0bfb97,6ab7569ca759f8bc38432f315743fcd3,5,,,2017-10-28 00:00:00,2017-11-06 13:04:48
2fad9ff7106365e96daca663338850ca,b0220dd81253d8ca2c9dd8be8caf49b5,5,,,2017-04-18 00:00:00,2017-04-21 13:41:23
63100ac76554c37432e404c0546dd50d,cff56b4b6ab1de09fcdd6f4efa0a0fc0,4,,,2018-03-09 00:00:00,2018-03-10 12:18:21
8afdca061cb79a444a596d3e934cf363,1e8d091c9694d77f712f6540b7b54186,5,,,2018-08-30 00:00:00,2018-09-03 22:36:53
9d78c404c3daddcd699e4eab9889b8a7,3331e2e606f435cefac5a3ec86ebee7d,5,,,2018-08-21 00:00:00,2018-08-22 01:25:25
8334e9382f55df1a5696680190ce2b9f,c496970811b313659dbbcfd57ffd1b42,5,,"Novo, lacrado, otimo atendimento, recomendo",2018-03-10 00:00:00,2018-03-14 22:41:35
419edb27236d7b3c83003a934370b6de,6e57a0a9be49f002ca81bd94ec9b7021,4,Recomendo,"Chegou antes do prazo e ainda não pude utilizar todos os cabos, mas já usei o da bmw e funcionou certinho",2018-05-05 00:00:00,2018-05-05 22:23:16
a22e3a66cadc793b4d591aa8e69af46a,b4eed0937529c145938bdfcb03ed14d2,5,,"Muito, obg.
Recomendo muito e serei um cliente muito presente.
Estou, satisfeitissima. ",2017-11-10 00:00:00,2017-11-11 19:30:45
4d3095680e860ed2a458dc363cb847b4,649aa2900b06d80727880b4e94da7919,5,,,2018-07-25 00:00:00,2018-07-27 10:11:58
531b0d2422eb8a9e328982e600bc197e,739706624ef992fc93bb60f5df5e1278,5,Produto entregue,Chegou mais rápido que o previsto! ,2018-08-24 00:00:00,2018-08-27 02:15:51
0af1799d44acdab2b28a034916396066,4d38bf00b95dbf4dcf2820177584ade9,1,,Não entregou no prazo por isso a avaliação ruim. Ainda não recebi o produto ,2018-03-17 00:00:00,2018-03-18 01:58:03
108a0b719ac5ee187371bfa5973c2e09,689e8820798347950a2649f71c734bd0,1,,,2017-11-01 00:00:00,2017-11-04 01:41:22
fcd5083f1167356906492ea19b49c174,e4b2030986f453ba45c63a508073e3d3,5,Muito bom!!,O produto superou minhas expectativas!,2018-05-19 00:00:00,2018-05-20 21:24:47
7df47f50d2ddad0edf25e8017449459d,7bfe238bd2ede94073ec8c6c64509b90,5,,,2017-05-03 00:00:00,2017-05-04 13:29:53
aee11551cf05e4fd076399c2c7f0f457,d57dc0719a809a0b1f533d4b150fea47,3,,"Lustre bem pequeno , nao era o q eu esperava",2018-05-22 00:00:00,2018-05-23 00:42:42
5305671b38758e83055fb5c847f0dcdf,69a1237e93bbfef907c3ae4cdae74244,5,,"Entrega antes do praso previsto, recomendo muito bom.",2017-08-25 00:00:00,2017-08-27 09:10:27
e3e17e95ddfc3efd351ce78e328877d4,6eb2780615aa0cfbaaef6c8d0aec411a,1,,Gostaria de saber quando vou receber meu relogio,2018-02-08 00:00:00,2018-02-08 13:27:23
2ea5a68a002987fb0d7b0846d44bc3e2,a46ca44d1b7cf49a346dbab87d2344ac,4,,"O produto foi entregue no prazo, chegou sem nenhum defeito, porém o celular não carrega quando está com a capa.",2017-08-02 00:00:00,2017-08-03 12:54:36
2010607afc6e3f5e0068273b6365bea4,e95634044d70b26eef37fbe32fc3ea9c,5,,,2017-09-26 00:00:00,2017-09-27 12:28:35
7bc5e55d0cfe90e29152303ab9810e5f,0893ae2dd572c400965d60fa77f45076,5,,,2018-07-25 00:00:00,2018-07-25 21:08:26
ff5a7a095cc5ddb6db4518438daac7cb,a9e41421a906ed1a2e2c882a0cfecf48,5,,,2018-05-19 00:00:00,2018-05-21 00:21:40
9309eda5074f503438075d83df44ffde,d8b1b374baabf8ba477823087ddfb1a2,5,,,2017-10-28 00:00:00,2017-11-04 12:25:51
25552d573fa00033c9552447584ced33,ab37ec75cad1f09d8ec5c5a4228eaf50,5,,se abaixar o frete comprarei mais.,2017-04-06 00:00:00,2017-04-08 17:21:43
f8fed98db87d376ed8e2ad754b1fac73,328d856c33d24e8aac1b90367ae7cd3a,5,,,2018-03-15 00:00:00,2018-03-28 15:19:46
0397ded358c087211addc65bf7be14f0,2cf768ba32e4d7172e9b86a2042f5c32,5,,A entrega e o atendimento foi otimo super recomendo,2018-02-23 00:00:00,2018-02-26 09:38:04
097a61fc86e765d26a1d13315c76482b,8c855550908247a7eff50281b92167a8,4,,,2018-06-09 00:00:00,2018-06-13 18:34:25
bf40d97f6003b62f493bff381ee68b6d,0330631bdb2ec8c341f487ed9c22fc8b,5,,,2018-06-08 00:00:00,2018-06-09 02:57:19
7cb4dd27a270fe3374ff2cd58ec36561,5ab0f11d0dffdb3aa7084f276108fdfb,4,,,2018-05-23 00:00:00,2018-05-25 22:53:12
cc8884cc9cc09dd7b9cd6a762c7f19fd,97bb7e5d1176813061e12ca420b8a8e2,1,,"Super atrasado a entrega , prometeram em 12 dias e até agora não chegou 02/01/2018 era um presente , agora já perdeu o sentido ",2017-12-30 00:00:00,2018-01-02 15:30:26
8f8ab5a821c02c9c6641b66ce82b4e69,03a0133b4a72f7ca0affd3ecbc9b43f4,4,,,2018-01-25 00:00:00,2018-01-27 19:46:45
d955029fabd3469f8f6c684db712c702,8497feec743d70689576b2849a5ae95f,5,,,2018-01-27 00:00:00,2018-01-30 07:13:34
b4f2d87d97feb72f3c6340e1e90d5175,c0e6a4b9d9b4fb7364f6010863708cbd,5,,,2017-10-22 00:00:00,2017-10-23 00:52:23
b32e5d462794e70a6e61ed17f6c51609,cc008d324278200689ee451a547b97c3,4,,,2017-02-09 00:00:00,2017-02-10 13:20:20
6f0bd210eec56287b7939b049fab066d,339cfa1a6bf1f4f0c50db99c5255b714,3,,,2017-02-17 00:00:00,2017-02-21 11:28:55
f6a4741267cc97931b8198d5ca50dd99,51149ebc2ec1ecbf8a2503fd49753259,3,,O produto tem que vir com os parafusos para fixação do mesmo na moto. Pra ser completo na questão de compra sem ir nas lojas físicas.,2018-03-12 00:00:00,2018-03-13 14:02:00
9edabb7172e113d84d164066258b7f1c,434455c454a49013064dfa54585892fc,5,,,2018-04-10 00:00:00,2018-04-10 14:31:55
374b7b2d3ea0a96efdb987cb1234e476,7f8345ecf528aa9b47423c9cc5ab3986,5,,,2017-08-05 00:00:00,2017-08-06 00:32:10
dbbb85afdb88d4f32df681c6d7281604,a5cb0c790b2769b76dbd70429cb66d96,5,,Produto entregue rapidamente! Sempre bom e seguro comprar com lannister.com!,2017-12-13 00:00:00,2017-12-14 17:04:12
01785907f851fae8d29e1e9bf8ec8f84,c8102ecf69e44a64b993aea77adad664,5,,"lannister + a empresa partner bateram o recorde
com relaçao ao prazo de entrega.
Foram extremamente eficientes e rapidos......me 
surpreendeu !!!!",2017-12-31 00:00:00,2018-01-01 19:08:25
114e6ea938cd9d025783c811d8520f90,c45408df26d1ce2b64518a9a9d65fd04,5,,,2018-08-23 00:00:00,2018-08-24 19:26:53
bb9c485f8e2dd38a3af6f38187144722,006127b8b9a1681a982313ed7129c3c0,5,,"vou comprar de novo , gostei e é excelente os produtos obrigado!",2018-03-21 00:00:00,2018-04-05 17:13:26
33684f59cc1570a8b9b62a7ad7ebd35a,39840651d975d5a257f08661d376e085,5,Recomendo Sim,"Como de costume, a lannister manda muito bem no serviço e o relógio era tudo que eu esperava, estou muito satisfeito",2018-05-04 00:00:00,2018-05-06 02:31:44
48bd0076a55ff7f5b7d519a548f99bc1,fd9b6d62141f417da1ea28881ad297ed,1,,Ate agora não estornou minha compra Que não foi enviada por causa de estoque e so fui comunicado depois de abrir cancelamento no pedido.,2018-01-17 00:00:00,2018-01-22 18:16:01
47ff18d217d86cd7a9ddef80e7e090e4,fcc1d095fad4806c94b96c7bbe51188d,1,Quantidade errada,Comprei 10 e recebi somente 5. ,2018-08-10 00:00:00,2018-08-17 20:09:34
a4bcd8df333f631854ecb2d39958448d,6101d68c2fb03e7c4571839add1a24b0,5,,,2018-06-27 00:00:00,2018-06-28 22:49:49
882b626f3a9b240272b8efa5802c609f,0c4d9abe48221137e67e9d01a442df13,1,,"O produto veio com a pulseira descascada, paguei pelo frete e eles enviaram via Correios resultado tive maior transtorno para retirar nos Correios e quando fui ver o produto com defeito.",2017-12-21 00:00:00,2017-12-21 11:06:02
10ae83b03f5ec41ce7a2414ce9efbaea,a3cec8fb296bfeb57c9f6265048b23ef,4,otimo,"vale a pena compra produto




",2018-06-02 00:00:00,2018-06-03 23:04:15
810cf061c335a755b9651d37f83711cf,cda07ad4f2f777317f2d6b2e3621a5cd,4,,,2017-10-17 00:00:00,2017-10-19 22:31:50
a96c1852497cb561bff2e1d06ccd1fd2,5c2b36b8e747abcc27f2d9ab379ed334,5,,,2018-07-25 00:00:00,2018-07-25 21:08:04
d8ee4e86fe4febfe60d9d97e2b0a56fc,06c2f55902daa48386515225a766e7d1,1,,Sempre compro na lannister mas dessa vez demorou muito a me entregarem e fiquei mais triste pq comprei o presente dos meus sobrinhos para o Natal e não pude dar no dia eles ficaram muito chateados,2017-12-28 00:00:00,2017-12-28 23:28:49
8e7d4f7bb1ccbe00b65ff8a7347e2a4c,9e98bdb07065bc0ef966530ecdc91ec9,5,,,2018-08-01 00:00:00,2018-08-06 11:58:58
d6be05d20d16fbf40d7ca95538a68584,fb11e3f2905ee0f75ef24f40def76252,5,,,2017-03-23 00:00:00,2017-03-23 21:09:05
8cd2dc76b1f5ba50503eaa19efd3c202,366d799ad8ce30435d27ed0f7e3eca9d,4,,,2017-09-27 00:00:00,2017-09-30 10:43:36
29a36b1d233f0c446decbb5b894bf5c9,00750f68bb64537034e93554c64b41b5,5,,,2017-11-15 00:00:00,2017-11-19 17:03:41
f45e3373e177f56944a549ff601f838b,2663ce3526465b7ee9809428adabdc45,2,Insatisfeita,"Comprei na cor amarelo, entregaram na cor rosa.",2018-08-23 00:00:00,2018-08-24 00:31:45
616e124ee42a0c49fc4bad878feb3669,97d0a7726f58ed266c7501929e1ea81d,5,,,2018-01-12 00:00:00,2018-01-12 21:40:18
2e28448cff63395e2a177cc56470ee52,9fd4316339aa48df346fd744dc682ec9,4,,,2017-03-14 00:00:00,2017-03-15 11:53:24
1a3b9e59d5713cb64101a5049b8c2735,bc238a82710ad46b0977e570ab085926,5,,,2018-02-27 00:00:00,2018-02-28 09:32:35
76ab0973cdcaf98b08d9064ddbc3b452,d7541649368af95f781177990c686696,1,,,2018-01-12 00:00:00,2018-01-12 23:47:51
53c254bc4c488c7d52765bdb97849514,dfaedd65a3ca2a4cc07753c583a535d9,3,,,2017-07-29 00:00:00,2017-07-30 00:52:55
1a4571ae1035e61c2abf13417052f6d5,3b43489e5e595593e63470f9e524d325,4,,,2018-07-25 00:00:00,2018-07-27 18:06:28
68bb1b7ba043b8bb8b007ae9edac4127,ef8f0e3dd1d5294a7bbffc78a02a21b9,4,,"pelo valor do produto, achei que faltou recursos nos botões do relógio, O próprio mostrador do horário é pequeno para um relógio desse porte. Produto muito bonito, estiloso. Entrega rápida.",2018-04-29 00:00:00,2018-06-26 19:59:19
50b09c811df96a297bf8824830d01bc6,01ae5e4c5d2549f7c05000a2f5856c28,5,,,2017-11-17 00:00:00,2017-11-18 10:46:01
560ed6f56c40989ba9bdcc039ec78284,ca8371fd938708a12fe7ddb1d5d7d14f,5,,,2018-03-07 00:00:00,2018-03-08 02:39:25
84bff47e070ccc33c428c930b0faee80,e2ba84b9fda1f36c6b2ae25097ef72e0,1,,"A entrega foi super rápida, está de parabéns. A bolsa é bonita, mas eu pensava que o material era melhor.",2018-03-08 00:00:00,2018-03-12 16:29:39
9341eee5faf85eae346bf98ec0075ece,cfc1cc329b18565c0bdb4aa77d042c93,4,Vendedor honesto.,"Produto original, entrega no prazo. ",2018-04-28 00:00:00,2018-04-29 12:58:44
24c4e16fec78e183e91c1bcbcb42e7ae,3ca6693c62bcb94cf84a1c9f89191483,1,,,2017-08-11 00:00:00,2017-08-14 02:40:42
1eb7a0040532e7ec9971202a986b82c6,5278efafa60c7005d03202b122eaea55,1,,"Recebi o skate com duas avarias.
O kit de segurança é de má qualidade e todo desbotado, além de o skate ser com personagem para meninos e o kit de segurança ser rosa.....
Estou muito descontente. ",2017-08-24 00:00:00,2017-08-26 02:28:14
93ca518787084e4f3df5a97a7be63e1f,4af5a3b197af9f20f2ad9f856fdcc301,4,,,2017-10-12 00:00:00,2017-10-12 23:35:55
e9c0b6a5dc5df5db1c454c326bdaf43f,99bd93d530d8b588cc9fe65dddee7411,5,,Produto entregue sem atraso e sem restrições. Amei os pincéis! ,2017-11-04 00:00:00,2017-11-04 22:46:23
d9dd9569b5102b5bb6b3460bfcfc4e14,47f3a8b9c3d8dffb6f878768c73b0971,5,,,2018-04-18 00:00:00,2018-04-20 16:47:09
c53552959161d9bea08b38d843eeaa65,075cc7ce268544c780299db653d21467,1,Vergonha para o stark,"Uma vergonha um parceiro destes. Vendeu o produto, confirmou, descontou o valor do cartão e agora quer cancelar o pedido pois alega não ter em estoque. Isso é crime. E o stark segue em silêncio.",2018-05-10 00:00:00,2018-05-10 11:35:49
be37a11f32f52b67298a617ce2a595f4,30593e75030fe6f0927c50b59d997305,3,,"sim recebi...chegou rápido , porém o produto não é o que aparece no site....o produto veio faltando a adesivagem na peça...sendo assim uma propaganda errada..pq mostra uma coisa é vem outra....😡",2018-02-10 00:00:00,2018-02-10 16:38:21
8b26ab69591a242b9580d26432a4aa45,cac0cf69e6b636454b35048fac095f75,3,Bom ,,2018-05-24 00:00:00,2018-05-25 18:13:55
c02a2bb0a98e9af31be0646b4625aa73,f8822b6085858dd513bb20e7e0c88e83,5,,,2018-05-16 00:00:00,2018-05-16 20:35:21
52c97eaa8423be300b20474053645896,068c06f0ea08ab32e127f87aafaa834d,2,,A cor não veio vermelho como na descrição do produto e sim vinho... O material achei q fosse melhor.. Porem vale a pena pelo preço...,2017-09-27 00:00:00,2017-09-29 20:37:46
c7528903f66f3c8400f50ae8525e77f6,f7c5c5ff5045e13c98901bbbf8e871d4,5,,lindooo,2017-08-08 00:00:00,2017-08-16 18:16:08
74f774d58799cb727ea4fd9ceda4c62d,36c5fe2c0135722473e275b3f5accd74,5,,,2017-11-17 00:00:00,2017-11-19 22:41:50
d94e4abea93b24cc3d31e74c30900505,0550cddd79cea841641e17c802d9c403,5,,"Melhor que esperava. Ótimo projetor 
Excelente acabamento e ótima projeção.
O produto entrega rápida,em 4dias exceto final de semana recebi em casa.
Me encontro feliz e satisfeito pela compra.",2017-08-15 00:00:00,2017-08-16 00:53:16
c8edd4a49cace19502ec12f53b70e048,9af9ab2e5e9932c6d31b5fb79e8c844b,4,,,2018-03-22 00:00:00,2018-03-22 21:57:28
aa70831ebcdfb70b6cfb417b077de4b7,ee46e60afd0a0052089f6729df72feec,1,,,2018-04-07 00:00:00,2018-04-09 20:53:05
c931a4fceda6009a7773b093e69316f5,7a2ea112b017a44fc1ba0eb88979f3f9,4,,,2017-12-05 00:00:00,2017-12-07 19:35:27
f01a302c3c1b0fa79c3d045a079242e3,2bd9bddf117b28b0736de5b81eea032c,5,ok,bom,2018-08-28 00:00:00,2018-08-31 03:06:52
e253ac247ec200536e6bff9371978b64,567cc2038bd5fc2994630f15ba392df9,5,,Eu amei muito obrigada ,2018-04-14 00:00:00,2018-04-14 15:55:31
98a3d398350fe29005e23133e52dbe46,dcd7bf0e4548b5a99e81cca7a7160042,5,,,2017-08-09 00:00:00,2017-08-10 13:48:34
ac61581c41d598176817ae1d797221bc,43c6a6a7096ab15a3baa2438ce460cfc,5,,,2017-08-18 00:00:00,2017-08-21 22:29:10
20ea72bf9f9cb4f4450f4473c3c261ab,e761005140dd93f80bffda9f13eb3c7d,4,,,2017-12-01 00:00:00,2017-12-01 15:06:46
54424fbef659f8e2c6602e574e1f78d7,7f539983cfeeeb17fa4a9bb2df43d4db,3,,,2017-12-11 00:00:00,2017-12-11 20:12:11
788d9544a3a3be5f77df004c7a549891,0c2ffdbbbd418a6e9f2bb7fa8ebd9b35,5,Mochila de rodinhs,Otimo produto resistente e bonito. Chegou bem rápido.,2018-06-23 00:00:00,2018-07-02 12:24:08
a2972efa957e39d88c02a7d0824b7e43,b54e7e86152b2e409b6cc7080eddc990,5,,,2018-03-22 00:00:00,2018-03-22 23:34:30
d1184d16e8403fdd27a56368c4bf45cd,27d30c300e058c28a3db99bf39aee1ad,5,,,2018-03-09 00:00:00,2018-03-09 19:56:37
8c77e08bfb1a672847766479d851f7d2,c5496f84549a814974881b9f211c66f0,5,,,2017-09-14 00:00:00,2017-09-15 10:45:08
636b46b89d42c2313ae016ba50cd64c4,0bb7e708846c7f44630a64e18292bb87,5,,,2017-09-30 00:00:00,2017-10-02 20:28:27
1686bca09c7be45162427995db82d480,5a7ca318214b5a70fd94e277af9643f1,4,,"Baixar o valor do frete, tem sido um pouco caro",2017-12-13 00:00:00,2017-12-16 10:33:17
153c3a1b1935b3d84d5ae94455db3164,d6e8839199c7ca3b2d7aede27fb9659a,5,,Ótimo,2017-11-17 00:00:00,2017-11-18 00:52:16
fd04bb1cd4c02ed6dda9e1fa633c0412,daa31883279538aaa2097f19342c2b90,5,,Entrega dentro do esperado,2017-10-20 00:00:00,2017-10-21 00:48:46
0f45a7a6cab5ac1c9cc25ce1eb2357d2,43c564b825003473af9a68138631d388,5,,,2017-08-13 00:00:00,2017-08-13 23:34:28
4b8c824edc9ab1ae879ec309e8d4659a,3d8add25381cd597c33ad196fda3c36f,1,Não Recomendo,Comprei um produto e enviaram outro completamente diferente e com a nota fiscal descrita com o produto que eu comprei.,2018-06-05 00:00:00,2018-06-05 16:53:18
42c0d82d38e3f5e95b6f0b31cd267faa,349de605467ed7131cc22d614313551a,4,,Eu recomendo ! No momento não tenho nada contra .,2017-08-06 00:00:00,2017-08-08 19:33:07
f1629bd50df4846d9032763509ba3bac,0db67754b16d1c810f66a42f0f726359,5,,,2018-05-03 00:00:00,2018-05-06 00:12:11
04ef6f8670ae8734745ccb62b0824290,e1cb06b1ce820a025fed0669adf9a7f9,5,,,2017-05-18 00:00:00,2017-05-19 03:13:44
78e31490c6afe87e9d72164fa9100bf8,c3fbba8f64cc6b2e99abc0e00d5ade2b,3,,,2017-04-21 00:00:00,2017-04-24 13:54:14
78132b1547a4ed99fa24bd5020c812ee,25ce89b82d611789988bd8dd3722c6af,5,,,2018-08-02 00:00:00,2018-08-03 16:43:14
424bf7d8698bf2962702df071a624123,ce9924e409dde4b753e2893f0835ba62,5,,,2018-05-22 00:00:00,2018-05-25 13:06:14
94abc85a970d230e11ee2bf1c1071d47,9c9353e8fd52f68f8442e580b5f2bba6,1,,,2018-03-23 00:00:00,2018-03-27 23:14:17
44b1361b031050f473b3202b268ea5eb,9cf5e2afa7553fb777a59471a72cd2bc,3,,,2018-04-01 00:00:00,2018-04-03 16:42:02
0edfd5e36197dc8a9a0a96a9b98db47d,9307eb406f745cbdb5934be961d05e9d,5,,,2017-11-29 00:00:00,2017-11-30 10:15:56
2cf92abf05f63249a25a792db08a1514,aef2bc3845eb581cecce74b769d46c6a,5,,,2017-10-11 00:00:00,2017-10-16 14:45:01
2627e017da1c7aa18211876ff1a8e5c9,c12658dc350b49b1970455764f1137f3,1,,AINDA NAO RECEBI MINHA MERCADORIA,2018-03-23 00:00:00,2018-03-26 18:52:23
451cba223bef44c794efd257c91527e7,5f77756df7ee84e204c730c024312542,5,,,2017-08-29 00:00:00,2017-08-29 21:15:04
15331ca731030ba8574fb739308b7b70,d72f653ddc9ff2fd28a70168d20aaf82,5,,,2017-10-11 00:00:00,2017-10-16 01:57:44
3271035afff611d6c97467e01f58c8b7,ee038389c9f437f7c0e2d1b105a26038,5,,,2017-07-12 00:00:00,2017-07-17 11:35:19
919dde37061c854b7f26821c0c9046a1,879f83e9f2c3777d90bed2b448e144f8,5,,Muito bom!,2018-05-17 00:00:00,2018-05-24 23:05:12
b189bb0d5101615e08b1754ff6277325,42b71d23c4c47ac0364517ab0ada92c3,5,,,2018-07-13 00:00:00,2018-07-15 22:08:44
1cc3671e6ebcb2429314d7b7f5e1a31f,07460d5693ce1f6577ebd04b4ad091eb,5,,,2017-10-03 00:00:00,2017-10-04 00:16:48
92fef703cb01a944afa91875646a0f68,cb6098eb0d12d5a08efe1a8d977c78a5,5,,Super recomendo maravilhosa muito boa ,2017-12-09 00:00:00,2017-12-12 22:08:08
9352dcf28e9d140e684f93b8ad3aa2ca,b89fe4be84bbe9ccae46504cda83162f,5,,,2017-07-13 00:00:00,2017-07-14 16:02:18
fc4e2b53f6d0e4742bccf83bb2cdd83b,c9283076b0f196acde755765fcfaec9b,3,,Atendeu as minhas expectativas.,2018-03-15 00:00:00,2018-03-16 13:07:19
9bf69047ae2d11ebb995e61f0781581c,5c86a3bce0bf5ae461b06446d58b323c,5,,,2017-06-27 00:00:00,2017-06-29 00:14:50
e1231edcac2870baf6c501c2f0919ef1,b0af6cb248a6887f0695f4565bda91bb,5,Entrega muito rápida!,Produto excelente e entrega muito antes do previsto!,2018-08-07 00:00:00,2018-08-08 01:33:57
bab851b09bae8ad15abbb6be56cc38c2,b63262d64190314592077ae012a3e049,5,,,2018-08-18 00:00:00,2018-08-20 21:46:59
17108573b9e269e3a6b6fa3ccf9715d6,d8af11fee1f5a13bf7b3584b9cce55fa,4,,,2018-02-27 00:00:00,2018-02-28 01:51:37
c7efd85165beadf4915bef62c1913bf5,512f4f80b07d98a492f7e38f1736e1c0,4,,,2017-05-30 00:00:00,2017-05-31 15:11:16
e09dfb49a4ae97c06e3cd65bffae1b00,bb6f77e22d300a3c74436c9ea8925945,4,,,2018-01-05 00:00:00,2018-01-06 03:58:26
85152f1d6b267f9f9aa3149d4c62c048,dd0488bddbf592ba7d9855279f65af62,5,,"Muito satisfeita com a entrega, pois chegou bem antes do prazo estipulado. ",2017-05-20 00:00:00,2017-05-20 07:15:11
7e4f61573b629d994cdfd4781bad77ff,7af905809ddbaaed2af20592006857e0,4,,,2018-04-22 00:00:00,2018-04-22 23:02:21
2d5b6f14eed843802a986cd81419d290,22aceb58bfd80959564e4b2ecd9ea0ef,5,,,2017-10-05 00:00:00,2017-10-08 23:11:21
d6d3a70ce6de5a74c81380ca1b5760e0,18d4e6891576559aeaaef675e25d53ad,5,,,2017-06-30 00:00:00,2017-07-03 21:44:27
3b86a295a1257420b580220b5d734de3,c23e8e36f82a11a84550ad1e7c87e24a,5,,,2017-07-06 00:00:00,2017-07-06 23:07:15
fdd7b6542420229911b58977a34e7503,7d21fbcf5adce98ed57bc3ce5b30b754,5,,,2017-03-30 00:00:00,2017-03-31 03:24:18
083e71bf744a3219a07a948f12243f9a,898ded7ecb1e4d92997856bd8b7a8aa1,5,,,2017-03-28 00:00:00,2018-08-18 01:36:09
139d5416c4599a19930485d2d749a65e,a65b4ca3851f2b54790d82614f404348,5,,"Gostei muito ! Parabéns pela dedicação aos clientes...
",2018-03-11 00:00:00,2018-03-11 22:09:39
6793e4ef8be3253a7e7e52376d35cf79,f779d4c1a2d02746570b5124c38302fa,4,,,2017-06-27 00:00:00,2017-06-27 22:03:21
64e4aa693851cee39cf0fe7aecbb7b36,4c5d80480b7c923ec02b8dee8c00a846,5,,Ótimo,2017-12-12 00:00:00,2017-12-15 07:39:38
85b02e0969ebaa0caef6323399411ee8,6b44342ff71a8b9c36b706c13e015cf0,5,,,2018-01-30 00:00:00,2018-02-02 02:04:29
d2d04f94d8006cdf8fe4b23b6a4f5626,a769126f033474696dd593d143b450d4,5,,,2017-12-02 00:00:00,2017-12-06 14:50:04
c8c68ea9f27fc36be3d6b8a9e55bd294,aef2bc3845eb581cecce74b769d46c6a,4,,,2017-10-14 00:00:00,2017-10-16 14:44:35
d01c6e5682d258471539a5084b0425a7,e708577dce77e8e44c1bd9534419576e,5,,,2018-05-15 00:00:00,2018-05-19 20:26:39
41e3754ca6af628865ed1743863c348b,030840d9a6c8137615d5a2c916667c2c,5,,"recebi certinho e antes do prazo
",2017-08-16 00:00:00,2017-08-18 18:43:03
9d165d5925a8bf442b2f8ff7abb20d44,40789dad22231468ebb1cc58cc892d6b,5,,,2017-10-17 00:00:00,2017-10-17 22:51:21
7494d871faec5af3406e43ce906bd341,5cca397d52ba2f962523520cc83db7ba,5,,"produto muito bom , adorei",2018-04-13 00:00:00,2018-04-16 20:50:31
6bac381e52c2cb10fe3f7180fb28eebb,29b56ecd8b55b6089065dad2fe85a0b8,5,,Produto de qualidade e entrega rápida.,2017-03-14 00:00:00,2017-03-15 10:20:05
cd005d6440a89633f59c6c21c2eac122,d4295c2cfed0fb943b1354de24b47726,5,,,2018-05-04 00:00:00,2018-05-06 21:11:54
54cc4cdee42f62eedb7f816c82b52a87,663f5bad78ee236c44c5f31fc8c280cd,4,,,2018-08-29 00:00:00,2018-08-29 14:49:27
5e4e50af3b7960b7a10d86ec869509e8,00048cc3ae777c65dbb7d2a0634bc1ea,4,,,2017-05-23 00:00:00,2017-05-24 19:00:09
ff2c6bbc2f35b85a8af9cea39023d592,4ef50a2c9652e429d7d7591a0712aad0,2,entrega Pifia,desde que começara a trabalhar com parceiros a entrega ficou ridícula,2018-06-08 00:00:00,2018-06-08 13:49:46
a54035ea12126417d1ac4b0db7af2b10,96eb7f709abac11cbb2502c63d8c1ae6,5,,,2017-12-09 00:00:00,2017-12-09 08:31:16
1ee668940fd991b0793b2607209b7d23,d3221f47eb4afb028ea89bf72bdc8bc8,5,,EU RECOMENDO PRA MEUS MELHORES AMIGOS!obg .,2017-05-09 00:00:00,2017-05-12 01:22:38
ca99bcb77a1e66b6083edaa00feaee66,61c3c1cdd42ccd14931a2fe11d77e2a7,5,,,2018-08-05 00:00:00,2018-08-06 14:40:09
b33f57b813383749cf0ae0f0b64c64ee,ce170c4c87651a4312275b8139e76fd0,3,,"Como faço para devolver o produto, ",2017-07-01 00:00:00,2017-07-03 22:39:25
76a1d2782f63b81646978a0d026f6adb,42a64eac09d0a6be5a307753093d45e8,5,,,2017-10-27 00:00:00,2017-10-27 17:14:30
03dc54839158de366f7de8c325a605cb,76050ac42e05f52668728d3b535629f4,5,,,2017-06-03 00:00:00,2017-06-04 00:35:30
04e323877e9438de5b5cb985f8b5fca4,4a520a26516a2fba9ae35945ac6a2229,5,,,2017-11-17 00:00:00,2017-11-23 14:45:12
f72bb4576880f9e19f8bb95646302bf1,1affc4ad6b0957720114bf91c2f39879,5,,Excelente produto recomendo comprar ,2017-03-24 00:00:00,2017-03-25 02:12:39
d1f7d5549127c23d5bb8a54e94d7fced,ccfba4fa3ba74e9052582349a558b474,5,,,2018-08-15 00:00:00,2018-08-16 09:43:15
924b23ca2ffa5f46e9e320c3b6b8dc31,bf99266f91395a536eec2caf09bad879,1,,Péssima loja,2018-02-25 00:00:00,2018-02-25 12:32:14
cd92b5ab93e77278eb297a6027eb5574,1c009b90a698d21d53fcda6aee401ad4,5,,,2018-06-26 00:00:00,2018-06-28 18:16:31
1ac2eb0985d44a51a90309053d7c148b,bf7937a823a3232d50fe7a0520ae8c0c,5,,"Veio mais linda que na foto e chegou 10 dias antes do prazo
Amei, super indico 👏👏👏",2017-10-26 00:00:00,2017-10-28 14:18:42
7a669198a98cd697d90509a8c4b6b8c1,8ba172a5cefe32a643579fe4c0a5ceee,5,,,2017-09-07 00:00:00,2017-09-22 03:13:38
95d9b32ceb14e27ec00467d1792b457e,c23296e1255abac91cb3a637f4f084e3,1,,O produto veio com dimensões erradas e avariado.,2017-05-17 00:00:00,2017-05-20 17:57:24
96e28a430f63ecaff86e347df6ebfabe,cd9fc86d944e6e7e6845deab57fdb8bc,4,,"Recebi antes do prazo, em perfeitas condições, super recomendo, o preço é bem acessível e o produto com ótimos acabamentos!",2018-04-10 00:00:00,2018-04-11 01:59:59
bf7e4b06c1b46fa08aff0f89a278f24d,e0f9722525043b60edddacd46709fea1,5,,,2017-05-20 00:00:00,2017-05-23 20:35:35
647cba60eb99fba7728251269b07650a,a2a3515a501b9b77129df7bff1813e76,1,,,2018-02-22 00:00:00,2018-02-22 17:06:33
1b94396a7654b7a31621ad3cf7873d9c,973f596fdd2295f00754dd37ab7eb684,5,,,2017-02-16 00:00:00,2017-02-17 00:05:56
d021663c03b27c25a76c9b2793fb1945,a92e6290657082950fa4ebb6fe8141a6,1,,"N recebi o produto ainda, o prazo era pra ate o dia 8 e hoge é 10, na espera",2018-06-10 00:00:00,2018-06-10 20:02:26
71fc06c13070bb4a02420ee2c6285d65,b9375e83d0e27c4aae45c4c1c7c121fd,5,,Produto chegou antes do prazo. ,2017-04-19 00:00:00,2017-04-19 21:29:08
a311aa746629294907d39d46d204cf67,dc67745e87e769607de677683ab1fd08,5,super recomendo,perfeito,2018-08-04 00:00:00,2018-08-04 19:32:43
2f0d5321c003e445d17639cb5afef1cc,e72a5280a46ca876b0fd05c1a1ee605c,3,,,2017-09-22 00:00:00,2017-09-23 14:26:46
a1ef36377259738004db4e7618a12a1d,329c5c3b5a57c04d68cda99d7f94403e,4,Bom,,2018-08-29 00:00:00,2018-08-30 19:58:50
917305ce4bda7b53f08d67159a52fbb3,30acc4fc5f485f20a89c9af9b0b67481,5,,,2017-08-10 00:00:00,2017-08-14 12:18:54
858a151925c7b7903d5f2f23455747c2,a7a6f07430f4582429b12cd0c2bcfd3e,5,,Tapete top ,2017-09-13 00:00:00,2017-09-15 21:27:26
2e1a0837d7fedbf81eda0e4261e79336,22230cb95aa16cf1615db1cf10a0ea2d,4,,,2017-12-20 00:00:00,2017-12-20 12:08:02
e3e79f612bd05a11fab1454c3477f439,79484f19cc86692406efe3763ca1af17,5,,,2018-06-29 00:00:00,2018-06-29 21:27:54
db24bd72339057671774328d2259eeec,6d1f29a9262130c47ca823ee31e85c17,5,,,2018-07-25 00:00:00,2018-07-27 22:42:12
ef9b17a1f93b9ad65ab50fda8f9caf4d,a1b54f30ed711d13163bfa0c07e8c847,4,,,2018-04-11 00:00:00,2018-04-11 23:26:18
6b4ccb23ffd201e84d6d467c4faa3469,10f69c462a2c700cf1b141b9874af717,5,,,2018-07-24 00:00:00,2018-07-26 23:14:09
778aa341d2339c45b3689865c74304dd,d184b9c3e16c01c0507923c0ae50d1b3,5,,,2017-08-09 00:00:00,2017-08-10 10:10:37
231320977535e31a5093260b20454e38,d087b8e096ca051f548e29b324272834,3,,,2018-03-22 00:00:00,2018-03-23 09:16:07
aaa62220844a72c39b2e2aa5ab730517,ac09156639c3a0b85f197bda6a3f42d2,4,,,2017-03-29 00:00:00,2017-03-29 12:00:19
b278ebe8dc0da71385dbf062710028bb,650e96bb8f069e30f346534aa42860a7,5,,,2018-08-15 00:00:00,2018-08-15 21:40:58
57fe0de5d835af005d26e56fe42b0cf2,5a87769ff430e7d1873e2bb9b3968af3,5,,,2017-10-04 00:00:00,2017-10-05 02:57:07
69e03d7d3aa2abaaaecdee987fc59c28,ece456981916b0a15389f632ca95e4c4,5,,"Muito bom, super recomendo 😍",2018-02-20 00:00:00,2018-02-21 00:34:03
2f9aeb19f47d00c832ecd86ac5ee99ef,7e284574be8d83b004427c79e11a1a99,5,,Excelente,2017-09-01 00:00:00,2017-09-02 10:40:15
133a3090b07b5e49da643388f6cf9b67,de38b62136dcb5ff40d44d807c460a8a,5,,,2018-07-28 00:00:00,2018-08-02 23:17:08
0655af56f10bc3ef8e3810610828f294,84f5e6c0a0e3155e38c00f434ba90ce8,5,,Muito rápido a entrega ,2017-05-18 00:00:00,2017-05-19 19:15:22
17b252dcc35632f2e08a3a8edd5dd88c,c8cdd4400eb4d108c4fb6992339c9fa1,1,,Demorou um a entrega,2018-01-16 00:00:00,2018-01-18 22:33:33
3ffa51dd3323823d6dc3ab34d590a08e,25343b5d23ba1a73d782fa405c9a5886,5,,,2017-12-01 00:00:00,2017-12-01 21:23:23
857a9cd23eacdd9b7f7ae09946bc6b3a,8dc23e32f69367ed60a8fb3979e3cc48,3,,,2018-08-17 00:00:00,2018-08-18 02:24:46
eb95b652760dbb3dbc42cd89e7bb840d,af9ce0d4f36308fcf461b3f497c24bcb,4,,"Como o produto foi violado, já entrei em contato com o baratheon que segundo a atendente será reenviado outro quite.Quero salientar ainda que o único produto que me entregaram foi o fixador de cachos.",2018-03-29 00:00:00,2018-04-03 13:02:01
e5f3262ed713a85b712280747e6934f3,3e6c77a5839517805ed2f8f80e7d9054,3,,,2018-06-09 00:00:00,2018-06-11 20:08:19
ed0dd82189dae85027b5c40c59f79263,6e56fd377b9d1f816af128295e5c1003,3,,pedi 03 unidades e so recebi 2,2018-02-22 00:00:00,2018-02-26 16:37:02
7b65fbff9369ca6a496ff4735fb2b32a,c85617bff1ff615fb850f55304688d60,5,,,2018-07-25 00:00:00,2018-07-26 10:53:48
6068c8dbaa1314e0668a9f42fce02940,7e77eb1830c5ca91d26012b8e0fed483,4,,Ainda não instalei o pneu mas visualmente o produto parece bom e de procedência.,2018-01-12 00:00:00,2018-01-13 21:31:29
9dd4e07418658b73fafa1c3b293fe2ab,a5bc722e653d42e3c7e1404d4779f19d,5,,,2018-06-27 00:00:00,2018-06-27 20:50:49
92d481cb4d10c321c83f3e92333c2522,7a2a38e90310dcc099d87233c2dd2fbc,4,Cancelamento da compra ,Desde o dia 15 de agosto eu solicitei o cancelamento da compra em questão e até a presente data não obtive retorno. ,2018-08-16 00:00:00,2018-08-18 16:01:40
28f8028ebbb0332db80c70bcffcf8f61,cba50ee7d72101bacb9accfaaf1d087d,4,,,2018-01-30 00:00:00,2018-01-31 10:08:33
72f0e1c14b7b245563914d13eda516f0,84effd777e819e984c091302a37641d4,3,,,2017-11-30 00:00:00,2017-11-30 23:58:17
bb311d9562ecbefc8e4be756d8999892,e69f75a717d64fc5ecdfae42b2e8e086,5,,,2018-07-07 00:00:00,2018-07-10 11:38:13
157d0b0e4295ddb2258d4fe07a83aca7,e84f839667bdb61865f74a90bc11ec11,5,Muito bom,Chegou rápido e como eu pedi. ,2018-07-27 00:00:00,2018-07-27 22:06:48
d3f1931933db943740e78a25f303a274,3d6024a65d547d75ce7c38da01993565,5,,,2018-06-03 00:00:00,2018-06-06 18:16:04
ff76ca1390fbe8f6f443638b5cd2250b,2d9d63715c81835d6114d3f608fd9f1c,5,,,2017-09-01 00:00:00,2017-09-02 03:33:11
295769bfa53f605b6a00d2141980e81f,dd5371622a32b1a8fc1726facf274115,4,,,2018-05-01 00:00:00,2018-05-03 21:41:09
a072203a5df2e2392c074c1a3e579b5e,c756513ece003700723bfa5e6f8abc65,5,,,2018-03-20 00:00:00,2018-03-21 11:46:02
3e15438508751af0038baf5b403293ec,8b564962527dd053cfc85c8fc98ad1df,1,,,2017-11-10 00:00:00,2017-11-10 11:30:46
505923b53bd1c52c1ee60b4237d98f7d,5e754503796f05f2ad0541feb16a6a85,5,,,2018-08-30 00:00:00,2018-08-30 21:12:02
0bdfdc89875905314e7d51951a8c6a33,6d7a867946b6ea936e0f9bff037d10a2,4,,,2017-03-22 00:00:00,2017-03-23 19:44:04
65d0c6182ac939c3f1bd8fa7b988d84c,391cbfa45cfc95e90b2168e5afe04b25,5,,xxx,2018-02-28 00:00:00,2018-03-08 17:33:48
c26b6df817496dec9356ec34768f8b85,cdf4b0d5611fbf52e84ea0dc45f5ba8e,1,Não recomendo,"Recebi a caixa lacrada, mas a caixa do relógio estava vazia. Procurei um site de confiança para comprar meu relógio e acabei recebendo uma caixa vazia. Isso é um absurdo.",2018-07-29 00:00:00,2018-07-29 22:43:26
39b4603793c1c7f5f36d809b4a218664,2613fb342bec59126f9c5180a5bc95ec,5,,Otimo ,2017-09-01 00:00:00,2017-09-02 12:13:03
42cfda3dd343229c2a8c98a434b336f7,bf8a5f3ed4349bd5873e69a7bf24afdd,4,,O produto chegou conforme o pedido e o único senão foi a demora. ,2017-12-23 00:00:00,2017-12-27 23:47:32
7d6dd5bbd42b83ad804e393c19ff18cf,ac23bb5f547b54edd5f51fc7395f1b82,3,,,2017-07-04 00:00:00,2017-07-05 03:30:06
c76af533bb572735ae71429edd5ae64f,9e22fa092a2a1bb489823e54d3b48309,5,,,2017-09-14 00:00:00,2017-09-15 04:15:15
8383e00dd8ab8e91bbeb4bcf4d0a61fc,286799f6e867edeb5b42441294e8ce90,5,"Bonito, como esperava!",Adoramos e coube certinho em nosso sofá ,2018-05-11 00:00:00,2018-05-14 21:12:04
c14bc501ce111bf917ebec261681a548,0d4a6a514fd319d11eda911eda30da6a,4,,,2017-12-30 00:00:00,2018-01-06 17:15:31
d977c9deb5cc356de64519a6895d7e44,42a1ac4cb7d28070b0c76e92bac2e087,5,,,2018-04-18 00:00:00,2018-04-19 03:55:13
56a1dd079ed8fe7a42f67ff1b0be1466,a8097c0d6367263ed08ac7fa6b864235,4,,,2017-05-17 00:00:00,2017-05-18 10:49:45
5a326757ea6367a9f9b0327c6453ea1e,e61eef70c6a825396525e3f3d9a82ec9,5,,,2018-06-20 00:00:00,2018-06-20 21:49:30
72c7fd18328aa86f8183b321dac527e7,0e8b07d6fde25fe5cd3d67ad93943b4e,4,,Entregue conforme prazo estabelecido.,2018-04-07 00:00:00,2018-04-10 18:12:23
eb27b15370d093febf7badcd4740e6ba,f4264d035517830fb75d4dfced48ceee,5,,,2018-05-08 00:00:00,2018-05-12 10:53:37
68c3385b4bb41af5847346c3552ba744,e49e7ce1471b4693482d40c2bd3ad196,2,Troca de produto.,Preciso trocar os copos pois vieram errados. O produto que eu pedi foram 2 copos do liquidificador Philips Walesa código RI 2044 na cor PRETA e vieram outros.,2018-08-04 00:00:00,2018-08-04 13:57:25
d82da3d7a8fe89d15794f2574c85c758,56c52cf14c501d31e4d208bf86cecb53,1,,"A EMPRESA ENVIOU DOIS (2) NUMEROS DE SEDEX E ALERTOU QUE DEVERIA RECEBER OS DOIS. RECEBI O PRIMEIRO COM UMA CAIXA VAZIA COM UM BILHETE ESCRITO A MAO.
O SEDEX INFORMA QUE NAO RECEBEU OUTRA MERCADORIA.",2017-12-16 00:00:00,2017-12-18 23:33:24
2c58f4bddf6295cd8bd8bdf364f8cd53,b503b740e8fd1459f15b442444b2d4ee,5,,,2018-06-02 00:00:00,2018-06-05 20:09:57
ed9eeebf36d57f0c8aed1c9925d207ef,bd0d8e38394d7cb075e6c93b3ebe1180,5,,,2018-08-14 00:00:00,2018-08-15 00:47:36
ed561b9d54bb437f1b35957cf0300b44,e8204ce4727e0579d7cebd304236bcc3,5,,,2017-04-13 00:00:00,2017-04-14 01:07:06
1cd7a39bdb2122b31a4f2f7015b15f91,4724d70419b2219c68e4ae60a03738f7,5,,,2017-02-20 00:00:00,2017-02-22 11:21:43
c1f2d857306b4b921e58da82c2bb1524,b084a8f61aa45461c76604d752a993f8,5,,,2017-05-26 00:00:00,2017-05-29 01:33:38
98a67f9c878373658e8f931d6ff973ad,6e970ac8488781fb447ff2c2859168bf,5,,as bolsas são de otima qualidade e um bom material,2018-01-27 00:00:00,2018-01-30 10:27:34
8d7cad07ea42b8464474400ab5edeca8,7aed06997400a84f154227f83f9a8f86,5,,,2018-06-07 00:00:00,2018-06-11 12:23:14
b56ec94fe1015ee71f6924dcba0d3b33,33a26356ae145bf4a27c25447e5d1f01,5,Perfeito!,"Se contar ninguém acredita! A capa chegou ANTES do smartphone, ambos foram comprados no mesmo dia, mas a lannister nem emitiu a nota fiscal ainda.",2018-06-07 00:00:00,2018-06-07 22:25:10
94bf6b1d3742edf3b173f59ddff502e1,be75f7ef5da81750d1b2364aea5e7372,1,,Ainda não chegou o que faço,2017-07-05 00:00:00,2017-07-08 20:58:09
070bf81056c1ed4ea1d0adde12b3e780,c365542345d9e49d2a7b3bfe7b89b559,5,,,2018-01-24 00:00:00,2018-01-25 18:53:45
81c5669fa311c2c445ae5edd0508bdae,a6ecc5068e6e585b2dca3e496ba4b277,5,,,2018-07-25 00:00:00,2018-07-26 10:29:04
502c7fb9afb4e24d14d62ad74cbbe0f5,8917028bf3c86c1be363da721004f557,5,,,2018-04-10 00:00:00,2018-04-11 10:48:31
08cc9f060db41839a87cfac6a8f6f6a9,1f3128e8dcdc994a80f83cff1c576a35,1,,,2017-08-06 00:00:00,2017-08-07 12:56:56
765ba5b03658dfacc616a53e41d9cf82,60a33bdbdd12f868ce8db165ae533c18,5,super recomendo,,2018-07-11 00:00:00,2018-07-12 01:46:31
cda3e008c389d62e10fbbf62c69ba5fe,0dca3fc331e8c1be1dd82ecb2689f3af,4,,"Na vdd paguei por 3 produtos e recebi somente 2 produtos, quero saber qd chega o terceiro? Não posso ficar no prejuízo,. Pois confio muito nesta empresa, obgdo",2018-03-29 00:00:00,2018-03-30 12:43:48
845ecdf5a831f9ca61c0fff9e2933c8d,20c93204065c1cc43ac91fe4358f8983,4,,,2017-04-21 00:00:00,2017-04-21 22:23:33
a6701394a00cf127b658a03407ce0649,722472fb65236469ae8a7934269a980f,2,,Comprei o produto anunciado e me entregaram outro. Aguardando correção por parte da loja.,2017-08-01 00:00:00,2017-08-02 00:36:11
fd05af12820b96d70027184af7f072cf,db1cfa492610bccff9d25d439a9ff2b6,5,,,2018-04-24 00:00:00,2018-04-26 18:54:57
c72b47688f59d276b313a98fbb605abd,23a2b629fd7a428b5ba4587794ff8b56,4,,,2017-12-29 00:00:00,2017-12-31 00:11:59
69bd892e6286a3532be900bc28335268,0af905b4a536b95528b4eb5dd2c192da,5,,"Recebi antes do prazo estou muito satisfeito
",2018-03-21 00:00:00,2018-03-21 19:54:50
d7d997831123876319a567aca77f9327,49e19ca07e42bde08630a08e50ad980e,5,Muito bom,Foi muito bom fazer a compra,2018-06-16 00:00:00,2018-06-16 23:26:49
391dd88a8318a344628f021e0994b10f,16292a9c0445a1d618c28b154f1a6fbe,3,loja desorganizada,"Comprei o papel de parede e após confirmação de envio, recebi um telefonema dizendo que não tinha mais o produto e que fariam um estorno do valor. Após 10 dias recebi o produto correto pelos correios.",2018-06-22 00:00:00,2018-06-23 14:38:25
51ddb0a143cdfdb07c5a5a15fdcfea2f,dbe267dee5dcb469508162440874551f,5,,,2018-01-31 00:00:00,2018-02-01 19:16:54
b4dca786d897a66bf7d9a0e4fd9b9760,5f7d84d0a7cea1633979f2b458c740b6,2,Não recomendo,Produto de baixa qualidade.,2018-04-27 00:00:00,2018-04-29 19:01:39
af16f22d69b1898ad689d1b9f54f0ebf,0cb87161e7b8247087cc93117f44a6a6,1,voltagem errada,"No anúncio não informa a voltagem do produto, ",2018-06-24 00:00:00,2018-06-24 11:41:17
bba30ceb8a4d8ab812a46e54b1813a38,a0171ff239b3463e4813e36663dac6f8,5,,"O produto corresponde ao anúncio, qualidade muito boa preço até inferior à ela. O prazo de entrega previsto foi bastante antecipado, pedido chegou na hora que mais precisava do produto.
Sou agradecid",2017-07-19 00:00:00,2017-07-24 22:03:13
77d427beb34a26b489b34209b61bb974,9d71dfb3ebb4e219c2d5b658c31cc476,3,,"O produto é bom. É maior q eu imaginava, mas os documentos não cabem. Quem tem CNH tem q tirar o plástico pra guardar na carteira, pois não cabe com o plástico. Identidade não cabe. No geral é boa",2017-07-28 00:00:00,2017-07-28 23:34:35
9bf366bcf9b879a52e78008e7874e2d1,aafd24ce72f716e644f9d4012e1afcda,5,,Muito.rop,2017-09-22 00:00:00,2017-09-23 14:34:35
00a94c6eefaf318ce0d3b56ce51b4d31,550c5a737f2d08a5e934958da8fb29bb,5,,Chegou no tempo certo,2018-01-27 00:00:00,2018-01-28 01:13:41
c1ec4ef5c97758f790673ed33f51a0bd,6b0918aeb353fa97d8df7b685c19e14f,5,,,2017-02-16 00:00:00,2017-02-16 22:30:35
db42968ec306b78acd29e15aa0916bef,de1a0e5b80f69f235671980dc449d278,5,,,2018-02-21 00:00:00,2018-02-22 18:07:10
48198628b2d43ed394089750acc59c3f,0f2335c85eae6c232fa46499d5e1e3d2,5,Gostei,Os produtos são de boa qualidade e o preço que adquiri foi excelente. ,2018-06-27 00:00:00,2018-06-30 01:48:53
864b0d112bcde665d73ea760dba0731c,452a4cbe0a3c21aa7b7a93e9da67eaaa,5,,A entrega foi super rápida. Produto lindo e de excelente qualidade! Recomento!,2018-01-19 00:00:00,2018-01-21 21:45:34
d2bd0605af8fe4caa1b821281d083716,05871d52118762aaae93a3682fc5fe2f,5,,,2018-08-16 00:00:00,2018-08-18 00:24:01
6446897796cce442db509af44b66f6c0,40df8c3397a83c958da60d5ad1e1eb85,5,,,2017-12-19 00:00:00,2017-12-19 21:28:14
6a9a4bf50e8a157849d602ea98ccdbee,f1fef02958f49028cbdab162242010b8,5,,,2018-08-01 00:00:00,2018-08-03 18:22:18
bbed99d0f15b2e7f2e5a4ff63ec72d5f,c50e5904b30d219f4f9b89ead3bab5ed,5,,"Produto de ótima qualidade e lindo.
Recebi antes do previsto.
",2018-07-27 00:00:00,2018-07-28 01:14:07
7917e88cd78b73516c8014175591aac4,28cc666d3c85564ac6854085a36582fb,4,,,2018-03-02 00:00:00,2018-03-03 20:26:59
41d58c18173883383e7657682cb1fe35,a033e71a9fdc7a30404bd7a39d3ad173,5,,,2017-02-26 00:00:00,2017-05-06 17:37:49
be8d98bb39828b729ad62f5d09bceb93,53d87cd7f6e019f2691e10d60fb10932,4,,frete muito caro,2018-04-13 00:00:00,2018-04-16 13:25:24
bab919772a70c09a968e86ead418cc5e,d41b4a82416b8d3138e5b941cb3fa1bc,5,Excelente!!!,Seriedade e eficiência!!,2018-05-16 00:00:00,2018-05-20 14:08:12
c2fd74a1465d4e8fdffbcedb8f0651ff,98c9c5c7df242bfccd1ad3510eff89f2,5,,,2018-02-21 00:00:00,2018-02-22 10:46:31
f45abfd8b363d4cd5c626a979dd82c3e,8f4d9ae2f2a9008353f4295f2985ad76,1,,Demorou muito e cancelei a entrega,2017-04-28 00:00:00,2017-04-29 10:36:32
b8df1de890229f7b5ea387fd4edb3576,e5238e84a4c88c17a350b92645006c61,5,,,2018-07-25 00:00:00,2018-07-26 00:10:19
1321a5806db4dc8bf3f95f855c5bec31,dbfe4e468c74ac901314aac3d2915e40,5,recomendo,Valeu,2018-08-16 00:00:00,2018-08-17 19:52:23
c8f1c247c1cca718d76ba7489ac19fd5,8c510c44b51565dc8e76fca5cb99f860,3,,,2018-03-10 00:00:00,2018-03-12 15:20:24
f5e80c8192e74de7ba46efee4939cf8b,3bf55ff583973c0c06914babcbb30891,4,,A ENTREGA PODERIA SER MAIS RÁPIDA,2018-01-23 00:00:00,2018-01-23 22:05:10
69dc29f9f23f550bf25d3752bdcf96ef,3a63202e1f2029f6ee42f498e87fa599,5,Recomendo,Produto correto e entregue no prazo.,2018-06-13 00:00:00,2018-06-19 12:49:39
ebd50f59a95371292a542ea79444e38d,60787bfeaae0862411713fa2071d87db,4,,,2018-04-11 00:00:00,2018-04-11 17:36:25
207b12f4c140df45469bf136f3c6934d,5b30ad24f4e7ba20015ff2f3c2c30aa5,5,,"Adorei a mercadoria, os espelhos são como os do anúncio, a cola é super resistente, não solta da parede e vem com uma película de proteção que protege os espelhos contra arranhões. Recomendo",2017-11-17 00:00:00,2017-11-17 21:54:16
9119b56c4664c6d0b568c64dec87396e,d6235477014458ade86158040370fca8,4,,,2018-03-17 00:00:00,2018-03-18 05:31:07
643c166b582199a7a229ad7912dd410c,99ebd3bc1d6ce28d10723dc71bf6f13d,5,,Oi bom dia eu recebi o produto mais não foi o q eu comprei eu tinha comprado uma saia Box com babados e q vcs me mandaram foi um simples com furinhos de formato de rosinha ,2017-09-04 00:00:00,2017-09-04 11:41:39
0f4cf07efbc1b89cd556bd6ace1dfc71,26bafe5b8b70950ebe6c386b3aad1fe7,5,,,2018-08-09 00:00:00,2018-08-10 01:38:08
9dd0d1667176b379cf2b2e1452e863b7,9d8511a0b975c1aae5e2a9698a1ccae2,5,,"Produto de ótima qualidade, linda exatamente como na foto. Ficou perfeita. Amei. Recomendo a todos",2018-03-21 00:00:00,2018-03-26 20:45:29
176b712f0febd778055ec91a79eccfc5,b1f632bf6d3b5bb0cb03cf91b8283c3a,5,,,2017-09-30 00:00:00,2017-10-03 18:59:32
b987c908e0fdd2387bc20cda8704ec52,b86315db97d202038cd115a7785eb2c4,1,,"Faltou cuidado no empacotamento ou fabricação de peça do produto, montagem impossível. Tentando com o fornecedor, que não é a targaryen, mas Storecadeiras envio de peça certa.",2017-11-27 00:00:00,2017-12-21 10:48:53
743e8f86d50028df252f8e9412017bf9,873148516ea6e3bc8c008d756a2a228f,4,Entrega incompleta ,"Recebi parcialmente o pedido, veio as duas luminarias pendentes. Faltou o lustre aramado, entrei em contato aguardando retorno de uma posição de entrega do produto. ",2018-05-13 00:00:00,2018-05-13 22:12:02
1d456b070df9796a1a94674c543132c8,6257efd6f6189754247b7a4fe4a1fe0f,3,,,2018-04-19 00:00:00,2018-04-23 22:34:29
a60dde52c343b2f124a60ed6c958046e,dc7997edb72a765e7b39dbb9be3a63a2,5,,,2018-05-09 00:00:00,2018-05-09 23:44:10
58893da8ba7d4185a32b913f13609eed,61b40f2b303f6b312a3563e508baafb7,5,,,2018-03-02 00:00:00,2018-03-02 06:51:27
2ca520d417c2a0ae2fe872b76aa2fafd,2caf51ea139cc9003d6dee63bfea1106,2,,"O produto não foi entregue totalmente, Cobraram 4 embalagens e só entregaram duas. Valor cobrado no cartão 4x61,13",2018-03-24 00:00:00,2018-03-27 12:33:20
781d33aad20513c4fa64fe0a0c8fc8ed,3b6411f7911e3b69fa3f27220c7df366,4,,"Recebi o produto como descrito , entrega super rápida em 3 dias ...agora vou começar a usar pra ver o resultado 😉",2017-12-21 00:00:00,2017-12-21 23:08:22
2d7683d472a50bb9f6de84f1d856c744,a69a40da9add4ab2edf07d939ebfb7df,4,,,2017-07-06 00:00:00,2017-07-12 14:23:09
503f504e7d0ab093fdb903838c4b5e98,f6ed6898419c893a57cd88e7dbbdb2c7,1,,Não recebi o produto favor me informe quando chegará ,2018-03-22 00:00:00,2018-04-04 13:23:59
8b472df399a31c7d0e08262e0d1f59ce,18b33f2430f136a8deba8893596a53da,5,,"Veio bem antes do prazo, bem embalado, ótimo acabamento...",2018-08-18 00:00:00,2018-08-18 14:44:49
c481a33c9b3b220ad8a5d270ab19db32,4d2280f2d019f91aa6cb3e4e4188d984,3,,,2017-11-18 00:00:00,2017-11-18 02:46:30
f7a60d171637fd27ba534c5b6acc6eec,922162cabb84e44a2efa143dd96ef464,4,,Ainda considero no prazo devido ao feriadão.,2017-09-10 00:00:00,2017-09-11 20:33:05
650f8208894144b97f95986628a224bf,27dc874d0fc1a19c74ec77ca706be968,5,super recomendo,chegou bem antes do prazo,2018-07-05 00:00:00,2018-07-09 20:49:51
4a4a37d9a25cad502a867549083a65f0,19225676ff2a0f88c9d5b21fbe69494e,5,,,2017-10-07 00:00:00,2017-10-08 13:22:56
bc0cb825943cd13e0447764252fd7128,221b863362f9e6ec4ec0a4f08608a69b,5,,"Tudo conforme anunciado, recomendo",2018-05-10 00:00:00,2018-05-13 20:53:27
3d6970e737a47e089ca928a26b9e7ac8,dcd55caf6dcb4c4a54e6f09eecdb4822,5,,Entrega no prazo excelente recomendo ,2017-10-18 00:00:00,2017-10-20 18:10:08
1ecc762897e1b2cf8c4a9c5c8b9aaf38,23dd9b9b8eb4352e2905bf46a41e5ad2,5,,,2017-05-12 00:00:00,2017-05-13 01:22:48
c32237e96be7612468424c62cc0038da,de3205739b43c0284c856d5bd725dc55,4,,,2018-02-08 00:00:00,2018-02-11 17:57:14
6756febec7b55d2c12e2234f491ccf0e,6e44a8c682fac139d29384acf3a1059d,5,,,2018-02-06 00:00:00,2018-02-08 23:23:49
f8e603c14a133c1d766fae72ec559abc,52d39ff4d1bec82c2e57105ce078804d,4,,,2017-03-15 00:00:00,2017-03-17 12:00:16
68d93ad3a4c9c47326e028f571cb4019,54219c88839d9b1991f5550734f20c9f,5,,,2018-05-09 00:00:00,2018-05-10 11:11:46
a556b0d8845fd455cd5602cbb264e080,b8827e3fbdce70200068de321b62f11c,5,Excelente !!!!!!,,2018-05-13 00:00:00,2018-05-16 02:04:35
f894aed1ff8001bd56e8273f6d1854a4,4ce2a78f4b4b1166f0e04bbdc825f7b3,5,,,2018-08-23 00:00:00,2018-08-27 12:31:01
4f28e6125cdf973881f12678aa754e4f,7c086fb9c0a3c91487ff8c4395bd64b6,4,,Parece bom mas não é aquilo tudo é aquele tecido que tem q toma cuidado para não pucha fio.mas ainda não pendurei pra ver como fica.,2018-04-11 00:00:00,2018-04-13 02:06:30
397db1193d7716d57fa855ff2d04aade,124c8d5fee5f49a8d7a8535b5bea6e69,5,,,2017-10-04 00:00:00,2017-10-05 13:34:56
452f87fdbbb74a3f8b729cd0ff13e0e9,5ff05cd5557e3cc10ba2ef800f2b8da6,1,,"Até o presente momento não recebi o produto. Mais de 60 dias e nada do produto. Já entrei em contato por duas vezes com a baratheon, e não obtive nenhuma explicação. Quero uma solução para o problema. ",2017-07-05 00:00:00,2017-07-07 17:18:58
5597b099dcf0839517075fe8ccb42b00,607ee697173850d7eb749c1fc01be313,3,,"Em relação à entrega e à loja, tudo certo. Só achei o dispenser muito frágil e pouco prático uma vez que é preciso bombear muitas vezes para que saia a quantidade adequada de pasta de dente.",2018-04-10 00:00:00,2018-04-10 15:38:05
c75ba95aea0eb71aab9e5c67278432ef,8a03e73a80b701470a167fc0291836b7,5,,"Produto de acordo com o descrito! 
Entregue dentro do prazo combinado",2018-04-14 00:00:00,2018-04-17 02:21:19
93d6b69f6d337449667bad822585db71,9758e655b4d2fca01c69a4dde9d4fb5b,4,,"gostei, mas a panela veio com um pedacinho do cabo quebrado, nao tenho paciencia pra troca.
mas atencao da proxima vez",2017-01-31 00:00:00,2017-02-01 10:37:43
c4b1a02bb0ddee68e4195a0842adb1e2,907ccd3dfa00fa686c55005689b891e1,5,Vendedor excelente ,,2018-05-19 00:00:00,2018-05-21 18:35:47
93864f4617743d1cb9473b5d5fdd1a01,b68158eed8887928a1dea62a3d9fc407,5,,EXELENTE VENDEDOR. ÓTIMO PRODUTO. RECOMENDO A TODOS.,2018-03-07 00:00:00,2018-03-10 01:44:57
a013be65c155348f901eb38074ae4d5d,8003e1099872d27581e211a7cf5422cf,5,,,2018-03-30 00:00:00,2018-04-02 02:55:20
f36eb578cbd08c5b06b564eb89a49a9d,a3d4051a7f847866e86aa7e6a7427898,5,,"Design incrível, otima qualidade.",2018-02-07 00:00:00,2018-02-14 18:45:47
ffe08e1aafa8befd91da85550116e175,a02dc27653c8ef244fd7d8c4d5bc81f5,5,Indico demais a mericanas,,2018-08-21 00:00:00,2018-08-21 21:19:30
2f3cf52b0762b0ff99a0f2cb539965eb,15835b4cf971838ce051b97200baa5ac,5,PRODUTO DE BOA QUALIDADE,Produto de boa qualidade e bom acabamento,2018-06-23 00:00:00,2018-06-23 10:50:52
05b39f2467a06f073d58c59fb32976a2,195dc38d3441455e6f25b23f9cd6afc3,1,,,2017-11-02 00:00:00,2017-11-25 19:33:41
cbfe6cbe7a33d2bed74376fc4cb416a8,178a25841b0490cf789963c9a98cac1e,5,Muito bom ,Minhas gatas amaram o brinquedo! Recomendo ,2018-05-24 00:00:00,2018-05-27 21:44:32
de51a4320a250f413486b1e23abdc0b2,35cf1961f10100bb2198e4f935ab4173,5,Avaliação geral e do ve,Boa ,2018-03-25 00:00:00,2018-05-04 19:04:09
8d73b057027ffcf88fef7edcc9dcc5c7,1e963f721d264f7633716e84f2554f07,5,,,2018-03-15 00:00:00,2018-03-16 00:18:41
3cbe584d38d6e35688cc1e6ba1b54c24,f99f5bffbe97d450126f330cd970c5e9,5,,Valeu a compra.,2018-03-08 00:00:00,2018-03-11 12:31:16
88274cd03470a13a1993553bfe903009,babf3827fed8e4f27b7d8a680af07e43,1,,"comprei um conjunto de skate infantil masculino como na descrição. O skate veio de uma cor, o capacete totalmente diferente sem contar que é de isopor. E o kit de proteção veio rosa.",2017-11-14 00:00:00,2017-11-16 16:18:02
e8c1e8dbe7265bfe55d81bfa1984b8f8,1e1bb536916a9964978ee59e6d6d0cca,5,,,2017-09-02 00:00:00,2017-09-03 14:50:41
0e5bb7902f79d900e4876abea8d5be11,66fa22325222866162cfcbdc2841bab9,5,,,2018-08-08 00:00:00,2018-08-09 04:18:23
742fae22e29b9be4e30ecec9b419e6fc,08030370edeb35f2f91b73f09f76a49b,5,,,2018-04-24 00:00:00,2018-04-27 15:42:30
9e6e5abbf8444220fbe9d73080662b6d,ba9626798f8c12e1f020a6d8e40b9a45,5,,,2018-08-04 00:00:00,2018-08-05 13:38:56
15832cfb59d8a5b8d76445c3f979c121,0a9a43ac5fe59c6c4bee2a8f9b9fcce8,5,,,2018-07-11 00:00:00,2018-07-14 09:38:24
7b4d8f110e8da234e1d886c3ea2e11a7,9566b36fbba7756a79b5d2cba4e058d9,1,,,2017-07-28 00:00:00,2017-08-07 11:33:24
e7e0d0c1d293e91aa28e72323b97ab13,3e8ef04f228ea2e33b19ff30e0e61f38,1,,"Recebi apenas um produto.
O outro não .",2018-08-29 00:00:00,2018-08-30 02:09:13
47362ecf1f01733c13b5710b17eb4252,d33a24a5ea67f8f5a06b0a32e53f3acf,4,,"Produto chegou antes do prazo, mas na foto parece ser maior do que realmente é, mas gostei muito",2017-05-24 00:00:00,2017-05-25 13:53:35
5d1693ef0168a85cede6052c7b60e36d,9d47e048cd4a6ff635406a2212b0a7f0,5,,,2018-08-30 00:00:00,2018-09-01 23:44:33
ce6eddef08f38a18733269af3f4a647b,65f4f976c2281eb3c5f69547ca21893d,5,,,2017-04-28 00:00:00,2017-04-29 13:42:04
ff7f73c4659ae0c0d3119757d8853da7,e98a7233637d3d8e07adcf92b23daaf3,5,,Lindo o relógio foi exatamente o esperado,2018-04-07 00:00:00,2018-04-09 22:07:19
91f2804b6de722c015aef532f99c9e33,ca29d7cf8cb37d08e6a73c1128859290,5,,,2018-01-25 00:00:00,2018-01-25 21:38:41
2db652136a142fb921d465a591df1969,732c61dedcbe590b6b5d8a7609bf25b2,3,,"O produto chegou com a caixa amaçada... Como se tivessem colocado algo em cima dela. No entanto, sem avarias, mas negligência com o produto.",2018-01-11 00:00:00,2018-01-12 01:29:23
4e35d10e39e1a9c454fd220f9a79209d,7ba66cc7f94f613ad60852e42e42e7e7,1,,"Apesar do modelo ser compatível com a impressora, a mesma não aceita o tonner. Realizei um teste com o tonner que comprei em outro lugar, este também, phaser 3040, e a impressora leu normalmente.",2017-10-21 00:00:00,2017-10-24 11:40:24
89b311f42c979f60ac054de24234394c,da0b8ba8e2730558871c2f9eb672e787,5,,,2018-08-18 00:00:00,2018-08-19 01:06:24
7d98f08a314d5c1264ee52694f2ded3d,aa942d6c13162cf699a9ed59746af588,5,,,2018-02-06 00:00:00,2018-02-07 14:11:32
f59c7ed1ebf1bfd12525f693e31c5443,8b9563eca3fcbc37caa2455d0dadc3bb,4,,"Eu recomendo , gostei ",2017-12-22 00:00:00,2017-12-23 00:28:46
d41f539f0409497c3ff6724c75a5d9cc,01c1644529b18608f086d2ff0f3b8181,4,Bom,"Ótimo, entregar no prazo.",2018-07-06 00:00:00,2018-07-09 11:46:28
ac6777197d46dae5bccc6dadbadaab7b,675bc8cd15e6b9225582b9161288670f,1,Produto de baixa qualidad,"Produto de baixa qualidade, na foto engana bem, bota esquerdo não tem função, o digital somente funciona se vc aperta um dos dois botões da direita e logo apaga, instrução em inglês e chinês. ",2018-08-29 00:00:00,2018-08-31 00:57:34
733559aebe482174e506a2a836559cbb,b01c6ff869f5625618ca2aeed1f4daf3,5,,,2017-12-19 00:00:00,2017-12-26 11:44:04
105ced8e8e7a06a74869cace167dafb7,b3523c5c1899c917f8d8c7ba39cb5571,5,Excelente!,"Perfeito, comprarei novamente",2018-05-17 00:00:00,2018-05-20 18:55:45
fffcfa6087cd3b651c68252342f13cb9,4069c489933782af79afcd3a0e4d693c,4,,,2017-07-14 00:00:00,2017-07-15 02:14:44
bb847ada3e685e087e7ca974a606c42e,454645a3375b0ecfa430922acc9dc990,2,,Realizei a compra com quase um mês de antecedência e o vencedor foi postar o produto com menos de uma semana para o prazo de entrega. Além de realizar perguntar se estava tudo ok e não ser respondido.,2017-10-26 00:00:00,2017-10-26 13:27:28
7d1629a3dbf4b9b6b589dd9ec4b525b2,9df68f730ca4706111e3d06332c5ce14,5,,,2017-07-08 00:00:00,2017-07-09 01:55:28
34b6949023113e185220b79ed79ea89a,cc1fe613e2c3dce712d71a852ee6726f,4,,,2017-05-30 00:00:00,2017-06-01 23:50:49
cb156fdfe7a398434b32b0485939ca85,801ff9fd867535b5d27f82019cfef7e1,5,,,2017-07-20 00:00:00,2017-07-27 19:28:27
5124c77c31be38a1e231ebf0f85cc0d5,18365e069e7aa176d76d25df0a233e6a,3,,,2017-12-22 00:00:00,2017-12-23 11:56:20
2c52c5f0e2c6181f20309090c49fcb07,5c9a0939b9e4b6d310a738b443bd44e2,5,,,2018-01-31 00:00:00,2018-01-31 21:01:13
38821b5c496b678cf91acc34892805ad,2613fb342bec59126f9c5180a5bc95ec,5,,,2017-09-03 00:00:00,2017-09-05 12:12:51
9e39bb39bcab95c40d95034a3a187142,7b27aa8a07339a1e651fce232621d0cf,4,,,2018-03-16 00:00:00,2018-03-16 21:04:47
1b96c66cbf06d3a561d39cab64ea5035,de0daebf5103477af7117c12c057b772,5,,,2018-06-13 00:00:00,2018-06-13 21:34:00
55199a6d5cc80ab954d74fd0c0593624,04e452498b75f049f617f5ed7ffc0633,5,,,2018-05-25 00:00:00,2018-05-27 14:19:53
d8373090432253c7820705d8940ab17f,cfd0882d46442939d8457d3508170953,5,,"o produto chegou perfeito, otima qualidade, so que é do menor! ",2018-02-24 00:00:00,2018-02-26 12:50:04
7bf33248d5b2bc70dadc16fe9fef08cb,8c0af913eb525b355c4997a2a4166696,4,,Entrega no prazo e o produto exatamente o que havia visualizado e comprado. Tudo cem por cento. Todas as caracteristicas divulgada do produto corresponderam. Muito bem embalado e fiquei 100% satisfeit,2018-01-24 00:00:00,2018-01-27 10:51:57
590a023dca25eb6f9614ad0755b02728,207899590ac0ec260af0446b68101b21,3,,,2018-03-28 00:00:00,2018-03-29 01:14:08
ba0252394ceecca6d0e9803d75182eb5,002955b0acc63d04f6724a31967e82bd,5,,,2017-12-27 00:00:00,2018-01-02 13:37:52
a3326c60504f6082e1fcfda222249964,c7d2e4441e2074bed6ad0cd9ee428f3d,1,,"Só foi entregue o cartucho da tinta preta. Falta o outro cartucho da tinta colorida. Entretanto, a cobrança foi dos 2 cartuchos e ainda foi duplicado o valor do frete.",2018-03-17 00:00:00,2018-03-19 01:25:47
a277243fc9c9e9b66964a2c5ae489658,04b8c60eb3cceaecde917716daa30bde,1,,"Essa parceria não foi boa , não emitiu nem nota fiscal e não mandou o produto , e pelo visto não vai mandar , péssimos parceiros ",2017-12-20 00:00:00,2017-12-22 10:25:06
02b3d19a82bd3b062fa35f8aa84732d2,c93e4c73cba512f76817291e0de8bec4,5,,como sempre amaricanas é impecavel no atendimento na venda e na entrega,2017-09-23 00:00:00,2017-09-26 20:14:05
4720986927d65b64fffb877db68d28cf,d47e5fbb24cade152dd968c93b0f0c66,5,Aparador de livros abraço,"Recomendo, excelente!",2018-05-17 00:00:00,2018-05-20 19:12:47
945d211fa108e0d6a0ed9ff283e2fd10,79ba9ff956399f8ca9eaa802139851fd,5,,Meu marido adorou! Atende todas as suas necessidades!,2017-06-13 00:00:00,2017-06-15 11:35:10
6acda355e87dd40003b93d423e9febf0,deb8ce115f74e504ae38e7db9bdd42e6,4,recomendo,"O prazo de entrega é um pouco extenso, porém foi entregue dentro do prazo acordado",2018-07-11 00:00:00,2018-07-12 14:48:36
844089431635bd6dbb86faecf17d3bf9,cabfe1219e952ead9a914adde40efc42,5,,,2017-12-13 00:00:00,2017-12-13 17:15:44
e6000096b85ac92656a0ee38d1a4798a,777e839a3f71170e58385675ce610501,4,,,2018-08-15 00:00:00,2018-08-15 22:25:15
f1f97561f0b60f4c2fa3ba934b006f73,87d30b7fd5316c576377b79548be7d84,1,insatisfeito com a loja,comprei o modelo da foto (modelo EP 760/1) e recebi o modelo anterior (modelo HV 700),2018-07-14 00:00:00,2018-07-15 21:22:26
2054f66a0b2a5fb473164256908a1c20,f8327f59e5ec97d2240579e1dc6dfcdc,5,,,2017-12-30 00:00:00,2018-01-03 12:18:00
7643114b7f98e1c998d13c19fc4b46f4,2f2d19b0f7b592189062b9ba3eaecc16,5,,Produto perfeito e de ótima qualidade!!!,2018-03-17 00:00:00,2018-03-21 14:09:38
82c681eb01c49386d88ed59b30adfbc9,8d877170b83d13fb1a69834a815d0974,1,0,Péssima compra!,2018-06-22 00:00:00,2018-06-22 19:55:47
15c81bcb4d36882af1ab5ad5ad548484,675d6533ed09bea158fd932431474b82,5,,,2018-08-08 00:00:00,2018-08-09 02:12:59
650e3d316c505c4fe3e8a1b80911f743,f36968a6fff53a64b407f705a0566478,5,,,2017-12-29 00:00:00,2018-01-03 13:07:34
978525be7991d8f009e8f5282bb58e33,de4d7dbc75ae286c83ca660d77ac9f77,5,,,2018-03-15 00:00:00,2018-03-17 13:00:32
4d6a976653771e5a9ec5ee81423ec3ee,a7b3d11d05a59e62a799d50ad789abe7,5,,,2017-04-01 00:00:00,2017-04-01 21:03:36
b5c6d730fb01cc66c77127a4bd35ba71,99d330b158a97e4b525cb725fa9571ec,5,Ótimo,,2018-05-05 00:00:00,2018-05-07 19:50:08
0bc9e46878bac35287bb9c3833287973,87a12102217bbaab0f4184b345e9177a,1,,,2017-03-25 00:00:00,2017-03-25 23:19:32
12833392c4967ef074c159c5a681513d,793fe057b09c8c2bebdd48451e985432,4,ALMOFADAS,As almofadas são de excelente qualidade e foi entregue antes do prazo!,2018-04-26 00:00:00,2018-04-30 12:17:56
34ae6e538cd397c116d00e12a37a76dd,ae08a6e1781c8a44dfa832b70594a0d4,4,,Tudo ok. ,2017-06-08 00:00:00,2017-06-08 23:50:41
243113c487be6b2c5dc63dba78c963ef,8457694c62d5fbc1a63f67ce1a554cb2,5,,,2018-04-10 00:00:00,2018-04-11 02:21:11
ce20d4aae7fa4096a5d5c77078b4edc6,16b1ca4005cd15dce41f3431902ba314,5,,,2017-06-24 00:00:00,2017-06-25 04:39:32
1579f94334955cd2554cf2088246ac88,bb2481cfc7467d4d8ee14699270dd7e8,5,,"Uma garrafa super linda, que cabe na minha bolsa, levo para o serviço com meu chá, me impressionou.",2017-06-27 00:00:00,2017-06-29 11:25:16
bf42ffe2270650254c420631633ac422,26bf23645f5371147a72f0bfa5d9eb6a,4,,,2017-04-20 00:00:00,2017-04-22 22:34:07
3390d5f386750545dba5deea21fbde3b,8d42bc7cf9914679406f48db0e05e571,5,,,2017-12-27 00:00:00,2017-12-27 21:52:00
f6fca12a2dae92684fefd38a8fe4d2a6,b7c08284b115aea29927fb5c60c35ee3,5,,,2018-02-09 00:00:00,2018-02-12 01:50:42
ccf47082ba114ebd24d1344538b6194b,fd5771079a027230000ab7992a902f0c,3,Desejo o cancelamento,Por favor preciso do estorno do valor total da compra. ,2018-08-30 00:00:00,2018-09-05 00:29:41
f1a224f8411d5f25a263e747c060401c,d1fd0b3e5098a55e5c4a672e25527b97,4,,Produto chegou antes do prazo estipulado.,2018-02-20 00:00:00,2018-02-21 15:40:44
d795dc5802cf98e245043ad06b9c3c29,a1ab5e252318a46e01c2429f06ce0a41,5,,,2017-07-11 00:00:00,2017-07-12 14:29:25
42570725921cba9f8168fbb174a70c97,22401427638873c7bd3cffca5c9f38bf,5,Ótimo ,Muito bom ,2018-07-31 00:00:00,2018-08-01 02:02:25
44147bdd2fd12d8f7addefaa837d8782,504b7cb87442ebd376fbcab13b114a3f,4,,"Gostei do produto, mas achei que era maior.. deveria informar o tamanho do produto para na hora que comprar nos clientes ja sabermos o tamanho, fiquei surpresa no tamanho, so nao gostei disso.",2017-11-11 00:00:00,2017-11-15 11:14:26
7f90592b83529987ba53499eedac7441,5642f00882c2ab59e001778dc483135f,1,,,2018-03-09 00:00:00,2018-03-10 21:34:46
e269a642bf17b241376b19707be8569d,b9ea5c162239db0802dc052780f572c9,2,,Rapidez é a alma do negocio,2017-07-28 00:00:00,2017-07-31 11:48:47
b88c30d8714298dddb2cd56fb0fa4d57,4420cbe16c262f724b648cd1294c88b6,3,,,2017-04-11 00:00:00,2017-04-12 01:56:14
ccb6313d8288bc2e7c842eb9a711db0d,ab116cd2cf14c6bfe1c624dfaedce308,5,,,2018-04-07 00:00:00,2018-04-15 12:03:37
cebb79f935737daadccfcd6f0cff83a0,292d3c40e87d260ea28e83b76b5e352c,5,,,2018-06-02 00:00:00,2018-06-04 16:45:47
d7c820c0c8570461de0f4eeae956bf03,a8d2e3eaad4ea714202c0dd853cca757,5,,,2017-04-11 00:00:00,2017-04-15 03:56:38
ce4c74b9263defa96d4f5b212be86098,add546d4d3ce43710bba09276bbe07e2,4,,,2018-05-31 00:00:00,2018-06-07 00:21:16
a21011817e5e16728cfd8e411422f213,b4e381786201d38ab725a174f011ddb2,5,,,2017-12-06 00:00:00,2017-12-07 11:41:10
ffaa6961503387af28806d232e760138,a2456e7f02197951664897a94c87242d,4,,"Gostei do produto ... dentro minhas expectativas
",2017-05-05 00:00:00,2017-05-06 19:43:22
50e3d0391c2955f1b2ccc805ca94605b,8a7541705a66fb7e0521852e4bb4a50b,5,,,2018-01-26 00:00:00,2018-01-29 22:41:13
2f75737c8d47b79778e41d0ead22edba,5857c4471757f3c88440e2f2f405c7c1,3,,"Recebi o produdo, infelizmente nao era o que eu esperava e os pincéis estão soltando as cerdas",2017-06-06 00:00:00,2017-06-06 23:04:31
2991f561e9521f368b35fa51532260f9,7c544ec2abdd2f2470ffdaf4215d8706,1,,Cancelei o produto a mais de 25 dias e lannister continuou tratando meu pedido como entrega após varias reclamações enfim fui atendida por alguém q realmente sabe trabalhar... Alexandre nota 10,2017-05-14 00:00:00,2017-05-14 16:45:28
ffaf83e3350ca02b32c119c2bcf98ec8,cad95e56b8bc5ed2c10ee964ba21ac96,2,,,2018-03-21 00:00:00,2018-03-21 12:52:32
13dcde46c1a250aaed407dd6d5a53b77,cdbd981121b82988cdb4bc8229598984,3,Produto com defeito,Produto veio quebrado,2018-07-31 00:00:00,2018-07-31 23:40:10
2d98d008ed8a4d42dc512c84b20efd2e,1abc1d063ae36763a3bce3d08a0a4c9e,4,,,2017-07-06 00:00:00,2017-07-07 02:59:24
46073589d908da60e6701a72e8fb2158,1cc4e549e16c732db4d9228fce789407,5,,"apesar da confusão com a entrega, produto foi entregue. Agradeço",2018-03-27 00:00:00,2018-03-28 11:55:39
5a575183aa94e0fc0795d29070c590de,79c808fd4b729a968738f5b3e919c885,5,,,2017-06-15 00:00:00,2017-06-16 17:45:55
1f9ff2b6873456868335212f03245672,1d5b194c01e762aa59a47ae8dca7199f,5,,,2017-06-21 00:00:00,2017-06-22 04:24:22
08017e1da2d288e235a66aa7662937d6,fb14d0b924669f4fedd4109bbbfbb736,5,,,2017-05-04 00:00:00,2017-05-05 01:07:56
4288de1950d0b7310477eb6fb5ec78d6,a916a97323dee3f33707e4a752c22c9e,3,,,2017-07-05 00:00:00,2017-07-06 01:22:31
5aae83cb75b399520cfe95604b8aa05d,1e7daa50f3b5b4b0325e1467947249f1,1,,O pedido consta de 1 cartucho preto 60xL e outro colorido 60XL. O colorido nào chegou.O pagamento foi feito integral e ja consta fa fatura de meu cartao de credito.,2018-01-23 00:00:00,2018-01-23 07:51:08
6e730c75ce770c984365963355ad4463,fa82edaf6d788f4a8a80e2f8fc4cb9b7,5,,,2018-08-29 00:00:00,2018-08-30 00:10:53
f392dad64694401a8f066d738b9de49c,5a97cb85d8737c11775451e5bcf67286,4,,,2018-08-14 00:00:00,2018-08-17 21:57:36
386cc0b2413357d64f89741b886b1d4f,3749ffb24b4dec6d0cab14cb31e4fa94,5,,,2017-11-28 00:00:00,2017-11-28 23:30:28
2b42b5759aa9ebef57fe89dbe9e0b967,89b229dc09711327ecea7f124b029557,5,,,2018-07-29 00:00:00,2018-07-31 23:55:16
e163696ac7da629d19467b547c1665aa,67f693e898f3412e68ecfa0035a3b0e2,4,,,2018-08-29 00:00:00,2018-08-30 11:37:49
4209998d0eef8449199ffcecb705e14b,cce1b8a1c5f8b1d224e19628299c8f54,5,,,2017-01-18 00:00:00,2017-01-23 14:15:42
75381ea567213c0ad1042b6995a5422f,ec727bb2d54db32de3e2a4845988fe0b,4,,,2018-01-25 00:00:00,2018-01-27 18:34:03
5148a8feff40cbcaa7e9b72d9720de98,cfeb3afaa54f31d14c4d9a8107717ad8,5,,,2017-12-09 00:00:00,2017-12-12 16:42:07
8a9962b285b14609764fe467ad4b54c7,e32ebf133fb19cafd04315ff6d108047,5,,,2018-04-18 00:00:00,2018-04-20 10:36:43
b4b441cdb8593ed66acae7d0d4e39dff,0c57cbfd927d9e62af8beee6d48920b7,5,,,2018-08-11 00:00:00,2018-08-13 20:22:06
359c23b896ff4f5bb1ce60ad580fae43,af392a2dadd37ee4dbdbe2dbdf4682f8,5,,,2017-12-29 00:00:00,2017-12-29 21:16:42
eb52c9ea90376c2e87bd4376d69b727a,37b2da18eede8674ecc05302ebb6e32b,1,,Película do Fusor Lexmark E250 260 350 460 so chegou as peliculas falta a unidade de cilindro.,2018-03-21 00:00:00,2018-03-27 11:49:22
66312d1ecdb8d042e92fb6ddff8a49d3,fb2547a335f4231f46fd7b70e9aee046,4,,Recomendo o vendedor a todos.,2017-07-07 00:00:00,2017-07-07 19:20:05
564948bd4a0ef8c212819e096c191803,0dac27d443a138000f35bd9137ecd1fc,4,,,2018-02-02 00:00:00,2018-02-05 02:00:19
7cf7943b1dc96cc50a99099d13a6fb56,3335f13449d5b75804a0a49611cf11a4,5,,,2017-12-22 00:00:00,2017-12-26 13:58:41
1bc69bb9b137c5af757d5c4bbc525308,2a380098d95a87f70c9b8d16dc0ee722,5,,Td certo! Apesar dos problemas dos correios...,2018-03-22 00:00:00,2018-03-23 01:32:47
9f0dc4fa602dfaf40c1747ad3d700d8d,b32b3375c9aee9e103b0c8ef64af9087,1,,,2017-12-10 00:00:00,2017-12-10 11:51:07
9e98484625ab9d49072a184e72bcdb5b,028369515408fa864cfe50091d4e76c5,5,,,2017-09-13 00:00:00,2017-09-14 14:17:23
fadcd97dc86aa647f4a34036752f08b2,78d406c93c4c8fcfdc38b4b1b8842b9c,5,,,2018-07-31 00:00:00,2018-07-31 22:40:09
c0459873fcc2b4abf707acf529e0b65d,64e827a2a04dc6dd5adcb685b1d26ed1,5,,Muito satisfeito.,2017-07-12 00:00:00,2017-07-14 23:07:58
314ab9010033933a3df3430d822449d1,a809c12014a1497839f797359c3f6d3e,4,,,2018-01-07 00:00:00,2018-01-07 13:35:00
7eadc5d1a7d03f62af89e087481e53db,6935b759d76562923a21746fce73fe75,4,,,2018-07-10 00:00:00,2018-07-10 23:43:45
07286dde7adc674ec902a8cc2114f4cf,773ecfb47260922193611c913a702942,2,,"Gostei do produto, mas ele fica casando muita água e tá tive outros e ñ ficava casando.",2018-01-31 00:00:00,2018-02-21 03:44:43
a41b2e1e10544c04751eab89a950904a,ede1ae813d155e5d908cc6209fb95301,5,,,2018-08-31 00:00:00,2018-08-31 21:28:10
7b14322986900a25f9214243a79e74bf,5d0d28b0a5db80fe44a0ac53bdb979dc,5,,,2018-05-19 00:00:00,2018-05-21 19:18:07
a6f1ca25a31fe3d88c616f8bf8693870,b88684db7b8ebb92f476c54dbdf76913,5,,"Excelente produto e entrega super rápida.
Recomendo com certeza.",2017-04-05 00:00:00,2017-04-06 14:58:00
084a10b97e556516a253b613b19dd6f2,72adf8902a7ccd9b21ba70c84f2d53c4,4,,,2018-06-23 00:00:00,2018-06-23 23:49:57
bbc9491c6064a6fa8d5667e8a10585ef,457750fb17f45c74af0c5ffa002c294b,4,,,2017-12-10 00:00:00,2017-12-10 11:48:24
348f34416eac579e847a3bd3eb44f023,af1f8e604dd6e52d35dd93dd7c2b46da,1,,"Comprei dois livros, mas só me entregaram um, e com a nota fiscal dos dois!",2018-04-07 00:00:00,2018-04-08 00:04:24
a5be99bda64c2dd765997ee03219e902,df7f8e668092abf15eef89b947ba2ef2,5,,"SÓ TENHO AGRADECER , NADA A RECLAMAR",2017-08-03 00:00:00,2017-08-03 20:39:05
f56e0a08e5f3df2afdc49b16eb4393db,28a32ec11abbac5c27adfa4d8cbc351a,5,,,2017-12-06 00:00:00,2017-12-06 09:53:56
6e376b8aed48ec1f11169f483202b77e,fe91d55ea129eb6d5a2d5fc82bcacbd0,5,,,2018-07-25 00:00:00,2018-07-26 00:57:43
ffec6410b1f1d834f07afcc4800f2f2e,45c653bdeb327fde86e2a52bd3d33e89,4,Recomendo.,Muito boa a loja. Parabéns.,2018-06-12 00:00:00,2018-06-14 01:14:24
69e8416f1f41d33a8d210dcd363a4780,33003aadf0df6db944ffc35137a4573b,1,,comprei 2 pneus mais foi entregue apenas 1 no dia 10/06/17 e na nota da mercadoria constava os 2 agora tenho q esperar ate o dia 12/06 pra abrir reclamação ja q o site não disponibiliza esse tipo de s,2017-06-11 00:00:00,2017-06-12 03:23:23
239398c4b53ebb2405b7c4be44111d12,8b3ccc5332b429f163452dc90d206891,5,,,2018-04-18 00:00:00,2018-04-19 04:01:18
71176ea90619ff48ff2c0747532b9c1a,d5e892687c8916b17cafe284780d01b0,5,,bom,2017-09-19 00:00:00,2017-09-20 18:25:56
e561b0e39d2c9f333daec23cc868ca85,0be5691eb4c245d190a1e194494f754d,4,,,2017-09-12 00:00:00,2017-09-13 12:41:01
8f39284bd0941c5dec2eae77d819b994,82ae1c851b481c7c7f6fbfdfb05e5131,3,,,2017-12-21 00:00:00,2017-12-21 11:18:34
d826584e113d67b1e23335fdece2476e,9ab8b682f4ecc3c07216e7376007829e,5,,,2018-04-28 00:00:00,2018-05-04 20:44:47
4b794d78eb3a234735b17d50a8b70965,940d6ffb9723c1e13bd69d602c34dce3,5,,Entrega muito mais rápida que o previsto e produto funcionando perfeitamente!,2017-12-08 00:00:00,2017-12-08 21:54:28
6116d3fa41da9c40104c4c1f52d32358,fa666f44d0e5c50dad23a1bc4a8c2a50,4,,,2017-10-10 00:00:00,2017-10-10 15:33:08
6b4bc64e35c10c15884f35e8f7dcd570,c7af2f59ff42f4410a1739111dbea489,5,,Nota 10,2017-07-05 00:00:00,2017-07-07 21:37:23
98ae1f742deb9415b8c434d97742f0c6,6542055e71e2ba285676fe57d0822618,5,,,2018-03-21 00:00:00,2018-03-21 19:36:18
c9a1c311540abca5261a96c5b1440fab,0cf4406688aab4ea5593cc48304e8887,5,Satisfeita.,"As vezes acesso o site de uma determinada loja, seleciono o produto e vejo que não é vendido por aquela loja, desistindo da compra. Mas é por parceiros como este que não mais farei isso. Recomendo.",2018-08-15 00:00:00,2018-08-16 11:06:35
60c5f8cd7ca46043a7fc3c615fc9b7df,6eda86a0f1499199eed71198fbb0e243,5,,,2017-05-25 00:00:00,2017-05-25 18:15:56
50a2d2dd02b24cfe65b45ef40056a7e2,b7379296b019454685a1d8bbd412f36a,4,,Ótima loja ,2017-10-12 00:00:00,2017-10-15 02:03:38
b52cd4f24ed5612506fe77ca26961d77,11500a4af311587353f096722f1ba4fc,5,,,2017-12-22 00:00:00,2017-12-22 22:44:05
cc73829ecb5665c266752d47949fa17e,4fe900d6fa9492ee36b17a34cef5d7ad,5,,"O produto chegou certinho e dentro do prazo, tudo como esperado",2018-05-15 00:00:00,2018-05-15 23:57:49
7c2bc6e6561d05d8a7c0faa12806a8c8,5aa89bb7eb1a8dca4d70fcd37878c8a4,5,,,2018-08-01 00:00:00,2018-08-02 10:47:35
4d618034acab712d58cf2d1b39179862,75626319165f5a98618d8916fd5c6df8,4,,,2017-11-15 00:00:00,2017-11-15 21:01:37
707caf340cbb2ec32aec3b5732391e6f,73df7f271536068cac9f113c9d73cbb0,5,Recomendo,Recomendo sempre.,2018-08-24 00:00:00,2018-08-28 03:05:48
c5cce3fe2dfb9c36b84a5267af6ca6e8,8d3cd96a636e59a3a47b52cedd6e9bbd,5,,,2018-06-27 00:00:00,2018-06-30 09:01:06
0d183c55cb3c562ebebb8ab66e0a3278,d4e4ac3c423a38f131a755f777d2f73d,1,,"Eu pedi 4 travesseiro de adulto é veio 1 de Bebê, não quero!!!Quero o estorno do meu cartão, quero devolver esse travesseiro de bebê.",2017-06-03 00:00:00,2017-06-05 13:19:54
6e151daed3abac013475fd7942af067a,8d5af908ce8ffa721a9f665abb660200,3,,Recebi o produto em menos tempo que o esperado mas não atendeu 100% das minhas demandas. A alça veio estragada e o tubo é difícil de lacrar de verdade ,2017-06-03 00:00:00,2017-06-06 12:09:36
4792ef6376b108365e321f8776bae89e,9b31411d9c1c41009017a1c0a06ce069,5,,,2017-09-22 00:00:00,2017-09-23 15:12:42
c35f133e7ff47c10f897c56fee85aef1,4319e802aaabad931ad3a44bd949720d,4,,,2017-12-09 00:00:00,2017-12-10 21:35:26
c0b831d6baa6bfdee5756feb69ba8792,911caddee9193485ecfacba64e139beb,4,Recomendo ,Muito bom,2018-08-24 00:00:00,2018-08-24 23:34:08
a013f4c72554fff0555fc21428ec84de,dc17c17282032d56b1ca7dfbb291cf07,4,,,2017-03-02 00:00:00,2017-03-04 14:13:32
062be27e3457902bc217e026d1f5555b,1473319e2ff85803b7e969a788740cda,5,,,2018-07-17 00:00:00,2018-07-17 22:26:24
d17841f02cbd4b50c2675c0bcd81557c,6ae15bd9804be2bd1217f4583325802f,5,,,2017-03-22 00:00:00,2017-03-23 01:21:14
516e638e0ea44d362ce6f5941321d9e0,f9f91e01e98440ee1e84dbcfad27fdbd,4,RECOMENDO,O SITE NÃO FUNCIONA DIREITO NA COMPRA DE PRODUTOS COM RELAÇÃO A ANDAMENTO DE ENTREGAS,2018-05-24 00:00:00,2018-05-26 00:36:03
b08ba3751b75580d2441b573f88def85,4fb04008f96cb74d5bd6bbc8600cb3fa,3,DIFERENTE DO ANUNCIADO,"NO ANUNCIO DIZIA SER AMBOS OS LADOS IGUAIS POREM O MATERIAL TEM LADOS DIFERENTES, OU SEJA, UM LADO MAIOR E O OUTRO LADO MENOR.",2018-06-30 00:00:00,2018-07-02 11:15:26
a8766369c78c5416550304fa1ca5ff4e,41f04a2247a093f05ada3970a34a2b9a,5,,,2018-02-11 00:00:00,2018-02-12 09:20:45
40cf7f1fc4924576468c9ded8f07e445,1d090f0194c35ed8b589f82f102bd758,5,Gratidão,Ótimo floral OXYFLOWER comprado. Altos benefícios. Não acreditem em mim. COMPROVEM por si mesmos. ***Deus abençoe***,2018-05-10 00:00:00,2018-05-13 21:15:31
70bf9cc9c416b2ac82edf477a3a53762,444cac26abc4e08633d89fb741c242d8,3,,,2018-06-06 00:00:00,2018-06-09 01:12:44
508ae867c58d66182fd220acdbff6fcb,559e3bc7d9dd587ccb23c90505340ee1,5,Produto entregue no prazo,Produto entregue com duas semanas antes do prazo. Ótimo custo benefício :),2018-05-09 00:00:00,2018-05-13 19:29:53
00ade86efd368afef8262c9f818792e5,21f8398df3e0b6c3c2ba3efbebf46b3f,5,,,2018-02-04 00:00:00,2018-02-04 22:02:19
15c95574803d5cb5c7ccc2c72b93764a,b99f2ac35db6241badc2e0a4d74e79a7,4,,,2017-08-01 00:00:00,2017-08-02 19:39:15
40a4a1753d4d0ec9b3369d23d31decda,8337da5abde9a018a9ab51bf20aee333,2,,"Chegou bem antes do prazo previsto, porém,para o drone H18 entrada não foi compatível. A entrada do meu drone é a JST. Existe algum adaptador para ser adquirido para a ulitização do produto comprado?",2017-12-28 00:00:00,2017-12-28 15:16:32
869520d8509499b0ff0a626a6d8d1eb0,1475b48ac68609bab99db5b786eb00e6,4,,,2018-04-14 00:00:00,2018-04-14 19:27:22
0e0ae526ccae227781b803801b5a0608,3f0f3c811e704a2423f25301eaedf047,3,,,2017-08-17 00:00:00,2017-08-17 19:29:08
9d3730cf37ac88e30e247de2940d7f32,796e3c109c8740eea3d4321a8ad5ca5c,4,,,2018-05-23 00:00:00,2018-05-23 17:30:04
945f12a6c4a1aec074927a965978a34c,f14a4d4319ffc65a920a962e0532907d,4,,,2018-04-15 00:00:00,2018-04-16 00:12:09
9f308fe22d0bc5f0ecad21da52cca3a7,c7e358703b2248a4ee0adf815936c2d3,5,,,2018-01-16 00:00:00,2018-01-22 13:28:13
15ec964ec27a77634222a1c140cc6fc9,eac07a0dbd3a43600f76d084fb472e63,4,,"Poderia vir com um pouco do liquido para teste,mas chegou rapido",2017-09-06 00:00:00,2017-09-07 22:10:06
f15fdbd3563d47306d26495ec72b24d1,423e3739c511dd6b0752a064f9f20527,1,Produto atrasado,O produto não foi recebido no prazo sem nenhuma justificativa explicando o motivo do atraso,2018-07-25 00:00:00,2018-07-25 09:25:42
332f11b29a0e18bc22216d4a90d15a44,7276ebb4ef0951f006dbfb2deb76d255,5,,,2018-06-03 00:00:00,2018-06-04 11:20:36
3975323efe9ff3e04534cbcda588bd01,f8332e57ea462615c306d9c51333b744,3,,,2017-12-14 00:00:00,2017-12-14 23:00:14
bb6b760c5951123c12fa28af110237e1,ef8ce968377e840a2be50d7c49a1f4ce,5,,otimo produto,2017-12-07 00:00:00,2017-12-08 01:50:53
0c7b9653166d2a9a1a2be5d538e4c065,2af07ef80eaeea49803f4f6a3dd99280,5,,,2018-02-15 00:00:00,2018-02-15 23:57:35
c8953fdac2721068fda086e9af911db0,2efab00b70c96a73f5fed910d373957a,1,,Minha compra foi cancelada por falto do producto no stok e ainda não devolveron minho dinheiro. Para que colocam esso na venta cuando não esta en existencia no stok,2018-01-21 00:00:00,2018-01-21 02:31:24
9ff4d8cadf1032ef5551d8f33e47e7a0,9a55824805066e5b894f07c60e254854,5,,,2017-08-31 00:00:00,2017-09-01 12:01:39
441ef33b59f7b35f2b3aa7f654440315,4b9e3d73bc7731420bb3f45c2cec9ed7,1,,"Recebi o produto errado, encomendei no tamanho 2,00x2,50 e recebi 1,50x2,00.",2018-04-20 00:00:00,2018-04-20 16:14:49
7249501f5984ad6861c8b9e062e961d0,6b9f15e7fb964b5c9e93dd511fee8f75,3,,Poderia ter chegado antes!!!!,2018-01-10 00:00:00,2018-01-10 20:57:31
53e88190b1d2b36d70936ba12320d4b1,4c77961d5a6909826862fe6d8881f1b3,4,,prazo muito longo de entrega,2017-10-07 00:00:00,2017-10-09 20:00:38
bb110b48f8675ae7b2488075630d7e23,35f069c19a16b1ef6a4c4fda664db415,5,,,2018-04-05 00:00:00,2018-04-12 13:55:16
2d74c4ebcdfa0a7d80e8163b46f6077d,c831c64f0cd1f084f23944c0f1f9d123,2,,,2017-06-30 00:00:00,2017-06-30 19:33:28
5a9e96fe6d3f253caa4140e031fac34c,99e4c7eebc4e218f0ef4729921038c19,1,,,2018-04-05 00:00:00,2018-04-05 04:27:56
a33cd73a6769d5dde8262ed870836c97,93813bdf2d611779ff37fadaee0ae4fc,4,,,2017-12-01 00:00:00,2017-12-01 17:05:24
415c35a6c6293bd59ce75c6c42c1942a,e7b5bbd928c9dcaa3466502cd99b4907,5,,,2018-06-23 00:00:00,2018-06-24 01:53:24
f4a9400fe4f26dade9881c7c0e312ae9,dadfdcd24f54c8c6e8aff011390e5a08,4,,,2018-04-28 00:00:00,2018-04-29 12:25:23
5bf688550dd26337db734777ce37248d,d1c433d85b26e0171d6f80a9356ae7bf,3,,...,2017-12-06 00:00:00,2017-12-07 11:13:59
22f0fa8ba9943951d381a212df22c162,ac16a498e09da326e763056460491b62,5,,,2018-04-06 00:00:00,2018-04-06 22:30:05
389592b3d9870d5e0df0cb68606f5dc6,b489f7ae130ba3fd26b0a20f8cc81c61,5,,,2018-08-28 00:00:00,2018-08-30 18:22:09
0b21c18414e656b686ab5edf9e93470f,0f77d110146ab4471e3492fa504f6377,4,,,2018-02-20 00:00:00,2018-02-27 17:06:42
1c05a1ea1abfef025cb211a00dc489a2,fbf2e87d7c7542aa36e1d91e5b462c60,5,Super recomendo,"Excelente, entrega feita antes do prazo e o produto conforme anunciado.
Muito obrigada",2018-08-14 00:00:00,2018-08-15 10:37:08
d290e61b750d24a363ed03a4884b9e25,2aec6692fda08fb7a050a161ea7eb59c,4,,,2017-10-07 00:00:00,2017-10-07 08:33:30
45a86b05719c7c375b497c83a9837741,7e50d85d90ed82feaf9011470ce9e36e,1,Produto com defeito ,"Recebi o produto com defeito, com marcas de uso e o carregamento precisou de mais de 2 horas para atingir 40% de carga ",2018-06-23 00:00:00,2018-06-23 23:33:44
783d719a59054752afba387bdadaf9d4,12fd4ba303cb9951f45b3ce9b6ba764b,5,,Recomendo o produto chegou conforme o enunciado. Meu filho amou!,2018-04-11 00:00:00,2018-04-13 11:29:14
1806fa2e72b7635540f97854a5ab71a2,236c5c6711eb7864803f0f0c739e5c05,1,,,2018-06-08 00:00:00,2018-06-11 11:57:53
6875e32e532aa6349cc432980b8ebf69,c77109162c3bc4ba159fa1e641f143a8,5,,,2018-03-09 00:00:00,2018-03-09 20:21:20
fd0f33e77e2c41139df8610988c5145d,cbfe43d4a7e8df6def7f9247e1c6120e,5,,"Muito bom, loja entregou certinho",2017-07-11 00:00:00,2017-07-13 23:11:50
78041f98160d0e09e59bbb6d126dc80e,309b9de8813533826a3005f94bee92b9,1,não recebi ainda ,não recebi,2018-05-05 00:00:00,2018-05-07 22:10:22
a21e71813c45f345a849d62f35e863b4,4e1731379ed8376e1dcbaa32869b0a2c,4,,,2017-08-29 00:00:00,2017-08-30 00:54:55
5db0481e8ba6443503ea0dbb4986dc1c,83ac7baaa477085adfafa311103efaf5,4,,,2017-06-27 00:00:00,2017-07-04 20:56:07
9766a1e68c90bd101cfc1460d81b7953,2ca136ae4ca40cd3af16c1af7d324f38,5,,,2018-03-17 00:00:00,2018-03-21 23:53:47
6228f4cc46e0be9010314a81be184ab2,72da19d53265a57c6e81454bb0c7add3,5,,,2017-08-30 00:00:00,2017-09-01 13:55:01
2791e4b18f4ce4fadb7df6a72714e2ac,546b9703cec4a0b57e4573d7ded4ae12,5,,,2017-08-16 00:00:00,2017-08-19 01:32:50
628970aa2b89bc3937d42c5bef752550,e90fcc2b428a70a691e3b919ec4d8726,5,,,2017-10-29 00:00:00,2017-11-14 00:53:38
5840aab64b9ce080c79d93dd99c8f4c1,d2142399ae9975a18c099e642c5e48f9,2,,,2017-05-27 00:00:00,2017-05-29 11:04:12
f248066d4185a60c45cf9c1b56a56069,1ccf7e1581518166ddaa4fe829c3ca11,4,,Bom. vale o preço,2018-02-17 00:00:00,2018-02-17 22:22:25
0672e32fc9e476a1f426ccf9f7830b6f,37a63972d6fa35618d22858e3cffefc1,1,,"Comprei o produto e não foi entregue, entrei em contato no sac stark, falaram q deu problema na entrega que ia chegar até 12.01.2018. Porém até agora não chegou tem mais de 30 q comprei o produto.",2018-01-14 00:00:00,2018-01-14 12:32:40
b3e181495ca4036329fa2aa168043c62,34b3d6f518fb789c443e4ec00f9bb0ce,5,,,2017-06-21 00:00:00,2017-06-23 10:58:34
51e76237a210a933a50f843f7f01a88a,0517f595d01e0c246ac759a754c6ca64,1,,"As tesouras vieram tortas, cor diferente da divulgada na compra. ",2017-10-26 00:00:00,2017-10-26 18:29:29
885644d868bd5cbeff8b83b32b0b81be,888c01bfd57017617508bd53797100ed,3,lindo,,2018-05-22 00:00:00,2018-05-22 23:15:25
300ff7ba60c52e6895d3720189396d35,1c3ad9cd29b642c9eca00186785aa309,4,,,2017-03-17 00:00:00,2017-03-18 16:17:42
4cdf8a5d8ebfc1b155cd03c7bd53d9dc,76b5a5fc007406c38125f8d12147093f,1,,"o áudio dele não é bom, é muito baixo (além de o som parecer estar meio ""tampado""). Você coloca no volume máximo e quase não se escuta direito. Fora a qualidade que fica devendo e muito.",2018-03-15 00:00:00,2018-03-16 02:36:25
a9b7476632ca656c1bb5cf302ada49c0,e84fc9bd9b30107feb50736a4763e483,1,,,2018-03-31 00:00:00,2018-04-05 11:09:41
52bcca1b9069251d275eaee519391fc4,277ab1e8a777fefb696951ae7750c810,5,,,2018-02-03 00:00:00,2018-02-03 22:01:51
7736a068c44fe1cb63e150121f660ce0,0627a80d6b5c65e9b212271f845e34da,5,,,2017-12-14 00:00:00,2017-12-26 21:24:22
50134208a6947de1580ed3f0106ea24e,74b7f4373a78df8c16862d9d0875c5b4,5,,,2017-07-29 00:00:00,2017-07-31 10:50:10
805f073ded483cd20fe121cecfee6fa1,042ce41927758767ec2aa0de06486b4c,1,,Compro em vários lugares sempre entrega no prazo e até antes esssa não entrega no prazo,2018-01-04 00:00:00,2018-01-04 13:12:55
9c1c7d42c919227983317b3e2d2e2417,c65d7f18a62db6a4aee08e5d0d24f84d,5,,Recomendo,2017-12-01 00:00:00,2017-12-03 23:38:00
6ef0c5a18495840454bc902b37d7a0ec,5f72c8b02beaa8a1bc3fd79ea75384e9,5,FOI TUDO BEM,cHEGOU E ESTÁ TUDO OK.,2018-08-28 00:00:00,2018-08-29 13:41:24
b7555bc7625bc664142b89aa97e13076,46f36d95da75ced0462d57df904d36d0,5,,"Só estou esperando minha da capa de celular, acredito que foi só um mau entendido.",2017-03-25 00:00:00,2017-03-25 10:51:52
c56884119145c6e018293e9acde5076b,a2e8f1f731b30517a6d0e1889d1c7e35,5,,,2018-08-18 00:00:00,2018-08-20 00:58:07
0280899f05e1401ad1545621ee8174af,a2dd8c16ba2548569497fdc4a440b967,5,,"É a segunda vez que compro nessa loja e chegou mto antes do prazo, mto bom mesmo obrigada.",2017-12-21 00:00:00,2017-12-21 22:10:21
e4b3f2024c5e06b3423da0cea91b7b7d,cda0a20d2df6b9c3f02aa5258c99af6f,2,,,2017-12-24 00:00:00,2017-12-27 10:12:42
04301c70eecafac0bc5d27bf931a5790,f51e3c7f79d1e2c076acbb6af1588b95,5,,,2017-03-18 00:00:00,2017-03-20 14:56:37
4d1f4f9d94192daf60b3af34a93e88eb,b58cbfb87064005d62cb9fccbc720966,2,,Chato e pagar o frete,2017-05-08 00:00:00,2017-05-11 07:11:30
f677e8a401bfcea19a07f5f5c4c58623,8b06c6beb946868da80b3d6c18d20917,5,Excelente!,Entrega antes do prazo!,2018-05-25 00:00:00,2018-05-27 15:49:10
f1ec688832513f7d25f814fa49a2f68f,e8a1a86a8e4605d1b538931af504d864,4,,,2017-05-27 00:00:00,2017-05-30 03:10:29
b7063196db77db12770c76669c6342af,cab041d8d606d6c9d3165da578795340,5,,Sempre bom comprar nas lojas lannister. Confiança segurança e certeza de receber o produto é o que as lojas lannister nos transmite ,2017-06-03 00:00:00,2017-06-04 22:41:35
b499a994402a4b0bf9100b41f3577f25,55f305618744bee9d9287fa844807280,5,Excelete,"Compra feita com sucesso!
Estou satisfeita, recebi o produto muito antes do previsto e foi exatamente o que estava no anúncio. Parabéns!
Até a próxima compra. ",2018-07-16 00:00:00,2018-07-16 20:16:29
5c64bca823311c44661d39eb8f3d3d85,ad7d9326d258f80eb37b239345f12bab,4,,,2017-11-07 00:00:00,2017-11-07 18:50:55
980522763e8a12bbde9c7ac76fc4007e,4b4a19bd8b1065ce9a4f227eff142150,5,,,2018-03-15 00:00:00,2018-03-18 12:54:13
bca349eefcd6eda2889f989b8b4bc72b,9f98d6530155e3b3869f47e53834b562,5,,,2017-10-04 00:00:00,2017-10-07 11:56:32
5721d936767869f948266b2ed8f59f62,bf0310bae1a889330a16496d6f7b8628,4,,"O produto demorou um pouco a ser entregue, mas por culpa dos correios. A empresa enviou rápido e respondeu minha mensagem rapidamente. O produto veio certinho, lacrado. Recomendo a compra.",2017-08-22 00:00:00,2017-08-23 03:49:10
5fbe896d79120f44ca5337431a1e49c4,056a21113c096b87e87743862452a7d3,5,,,2018-06-26 00:00:00,2018-06-27 00:31:47
78c6f999f2927eed7e64f534b55d51c7,a6d306fdfa4582a936be85949cf98a50,5,,,2018-08-30 00:00:00,2018-08-30 23:11:11
c909dae999b29f2a5ba2e6b93d12459e,5b72a0a59eaf0de6502b2959810e3dd5,5,,,2018-08-21 00:00:00,2018-08-23 21:31:47
69c9c48f13b6214c15895b65de81219d,0dbd48af8e89b595eec029357764af2b,5,,,2018-06-22 00:00:00,2018-06-24 21:45:45
ef4cfe6bd52dc03ebdb853f84b058d23,c9dacb231adb8fe3a8d4d452aa10bfe1,1,Não recebi nada,"A lannister me pergunta insistentemente se recebi, não, não recebi nada ainda. Devo aguardar? Preciso de um posicionamento da lannister.",2018-06-07 00:00:00,2018-06-11 15:23:37
cc821cad9bc6ca2dd0ba341b95c11623,649a327bed5a2799967cb9c666ff06c1,4,,,2018-03-18 00:00:00,2018-03-24 09:23:16
7176ee39ed83437ac5942158bf501855,c5cc268cb03043a12fe9c322246d970c,5,,"Muito bom!
",2018-02-07 00:00:00,2018-02-10 11:03:57
d73a9316c786fa985766b6edf70510ba,3aba1edcd69ec930c8c006a5e9f0854c,5,super recomendo,amei vou comprar um pra minha prima,2018-05-13 00:00:00,2018-05-13 21:17:56
56b3467cdf33a0dd43ffc20014ed092a,f679d90195e7c1e11563250d98edffb6,3,,,2018-03-23 00:00:00,2018-03-23 14:36:42
c05509c580a412ef31a2f0b95df4a9b0,20205e58b36d43ecc44120a373616f06,5,,,2018-04-07 00:00:00,2018-04-09 13:37:36
21423f00fad7beb483b6f0ac8aa682d6,9e5fb230df649a8014388ee2cba9d347,5,,,2017-08-11 00:00:00,2017-08-14 14:02:54
e8613520f682d9cdcca0c9e03c3774c1,b0fea5446bb8ef92a53f062f4851be03,1,,Ainda não recebi o produto...,2017-12-20 00:00:00,2017-12-22 19:42:39
bf57163f2a9c5b90068ca19c14b91092,d302035b23b53abf7dadc4b6a0b62547,5,,tudo conforme o combinado. Obrigada,2018-03-09 00:00:00,2018-03-09 20:39:34
3f2c7754ee2537cb50afad16b6d56ef6,293f1f31a342e210ff008a393e2955bd,4,,,2018-05-08 00:00:00,2018-05-10 14:05:27
5e1ee2e924a1dd10d80b99555383c0a7,03515a836bb855b03f7df9dee520a8fc,5,,,2018-01-31 00:00:00,2018-02-01 01:26:24
6e5a3f92c612d553580c0d45429731d1,95e01270fcbae9863423400103359279,2,,Chegou no prazo estipulado. Porém veio faltando umas peças pequenas que dá o Acabamento. A cadeira o material percebo näo ser muito resistente.,2016-11-05 00:00:00,2016-11-08 08:22:49
1e22283c4b1aa6ed95c46af989515e54,33ce126846ecce9afdfe8f1b93551928,5,,,2017-09-07 00:00:00,2017-09-08 13:36:58
22b4fd7498bd8d494701d03e320f3f65,ac57a5e116e95f1b04e07e0b57a5f6f5,1,,"Bom dia. Comprei o produto com previsão de entrega para o dia 17/08 e até hoje não recebi. 
Att.
Milton ",2018-08-18 00:00:00,2018-08-21 09:44:27
513479201a9ed27a3b72f462f66b683d,05d7aaa733ad65477075a3b5bf0f1017,5,,"Parabéns lannister , entrega no prazo e produto lacrado ..Recomendo!! Uma ótima loja online !",2017-10-31 00:00:00,2017-11-02 13:18:08
6b12ed47e31fd01ffe0d5c5f5def57f8,494dfa139a38449b378d01cca4c0a6a0,5,,,2018-08-15 00:00:00,2018-08-17 23:49:53
01ca519d0c25d063a42a6ba3dd6b275b,13de2b3aeb8d30a32011cb0017beaff8,5,,Entrega rápida.,2017-07-15 00:00:00,2017-07-18 13:10:20
2bcf243000032c75f4209939c1ddadc1,91563e540f8b0e89389b96cf4d52296e,3,,,2018-05-04 00:00:00,2018-05-07 02:13:13
fecbe62353ed33a5103cfa8c4220fd02,b73441a4e7a49b06d7219c969e5af0ef,5,,,2017-09-19 00:00:00,2017-09-19 16:36:22
2d0557b8366910fd82f0bcde6ea41fc8,3a47466ddf60f686bf60e6cc66ed45aa,5,,Comprei e meu pedido foi enviado antes do vencimento obrigado.,2017-08-22 00:00:00,2017-08-25 17:23:38
959e00cbe367fbe981a7363ac0c62f9b,827d13f1e8fe2d4c2b3becfa2b0035ca,5,,Tudo certo e dentro do prazo. ,2018-04-17 00:00:00,2018-04-17 21:10:54
b92fe838e2649c61e6be7b0af5a012ec,99db775503c98bc234c5bd9e06d8593d,3,,"Produto conforme descrito, porém o fone de ouvido só funciona um dos lados. ",2017-06-30 00:00:00,2017-07-01 12:30:38
510a233ac023b9da1525205f25fc00b9,443038d9ed6b74bc4f7bfa679ce81bf1,1,,"O produto não chegou à unidade dos correios. Invés de tomar a responsabilidade para si e estonar o valor, a loja disse que só faria o estorno após receber de volta o objeto. Sou cliente não entregador",2018-04-07 00:00:00,2018-04-09 03:37:54
07229d2825f13a3cb1916edf077eedcb,90c2eda21ac12f7fb2e6fe3db2b81def,5,,,2017-09-23 00:00:00,2017-09-23 17:13:08
240eaef6afb1ba08a823352443b25f2f,0452090193a8d241f971d25e584e9ca0,2,,,2018-06-07 00:00:00,2018-06-07 20:25:12
9241761c07d04bd0fbdf97c00c2bee28,0982c70ab125dee2e64f27e5aa2b4fb8,1,,,2018-02-22 00:00:00,2018-02-23 01:01:15
67b438389a7a3bcdf59ef2374d8423c3,a34f7357d374e2ef18edb18881327a0e,5,,,2017-12-24 00:00:00,2017-12-26 11:16:25
cad813c60ae82177e3b0170f2b9f3eae,c6a8408a66e38da8f30bee8e73a34a67,5,,,2017-07-01 00:00:00,2017-07-04 17:23:53
9847e626f35fc2ec1742f843a9fa748e,962938a0eb303d087976fbcbe632723a,4,,,2018-01-10 00:00:00,2018-01-11 12:52:49
581d419c6698de74909db56fe215a980,c5bc8257538b2c4e938a4e8836aa70b5,4,confiável ,Gostei do produto. Eu recomendo.,2018-05-25 00:00:00,2018-05-26 00:31:49
f4a449a54e57b153e5d1333517dffec5,df04e901d675a6c329be16feac866548,5,,,2018-04-11 00:00:00,2018-04-11 22:59:19
0655af56f10bc3ef8e3810610828f294,d9e44c3fd2ce16086619f299e92e12d8,5,,Muito rápido a entrega ,2017-05-18 00:00:00,2017-05-19 19:15:22
691fc621fcb25fb189fc2064dbfccf93,080d1460c228aebf236ed5800edce044,5,,,2017-12-28 00:00:00,2017-12-31 00:38:32
ff333f27f94fcb03aa49e824b97bbd6b,1a69d5fdff0003d4571dffa1a9a10967,4,,,2018-03-09 00:00:00,2018-03-10 10:29:12
48d25780115e38ce46cfe7d76002d38c,198078b833ce5c6249ea278d2bb3e220,5,,Satisfeita com o produto é loja,2017-07-27 00:00:00,2017-07-27 11:55:40
6468e05d050a5241f71f5bbaae5dd4e5,fd5dcd7ef5f731d33e85a73c6a76e4a9,3,,,2018-01-17 00:00:00,2018-01-23 19:54:34
5b7c444fce666c0e1b9ab26805b0b2d7,294b7da16c27e408f2137e10de0d9495,1,,"Falta o serum da Vichy, eu ainda não recebi",2018-01-30 00:00:00,2018-02-02 15:08:15
698fb68c30b88520d0eda78d0755fa4c,a77843f2d4f89986e65fc1a4c1c0957a,1,,"Péssima compra não recebi o produto é nenhuma retorno.
",2018-04-07 00:00:00,2018-04-07 10:04:16
7cd6646539326760ba81bcb10df3a223,5f71bc83356f39cf9e9b8004f39a989a,4,,,2017-09-12 00:00:00,2017-09-15 01:47:12
baf8211dbcd3f2a820f9d878e5f4246f,bf40c06bf172145e8d7d468e6de69de8,5,,,2018-07-05 00:00:00,2018-07-16 12:56:38
153766f691791d37eb29153f4e471762,c0a8c5b9536ee81202e0c08ffd9abee4,5,Parabéns ,Parabéns pela rapidez da entrega. ,2018-07-05 00:00:00,2018-07-06 14:09:17
76cc90ab0e5aeb5b9d6c3f6a53059056,a5b16df50e965748a0f8406dd415f23c,5,,,2018-05-17 00:00:00,2018-05-21 20:43:26
b0ba636a1d5e012ea525a03558482967,93791e16d527404f5b4e2ea370afa984,5,,,2017-09-16 00:00:00,2017-09-18 20:28:24
131edb5646a41f0d17d139c50ce895ee,5df489bf628aa872653bc4791319921f,5,,,2018-08-08 00:00:00,2018-08-08 23:42:00
108c8e71e3655a1d4af279b950b3b1f2,2c85015afa7245242d2f751099dd70e0,5,,"Os produtos são sempre de excelentes qualidades, estamos testando. Gratos",2017-09-27 00:00:00,2017-09-28 02:23:32
c657f527599d4284e0097a878134b458,6cb134bb285a64b0425d1fdaa00d4214,5,,,2018-07-11 00:00:00,2018-07-12 10:26:45
cf6c529a3a3979e14c4e64b33bd21831,76a08caeac523a0cc04a06f35b8e9c5c,4,,,2017-12-13 00:00:00,2017-12-14 11:47:56
339e794b13dc7d2ca6b6405d14d82641,c22a588780963010739e299de0a9bf51,4,,,2017-06-01 00:00:00,2017-06-05 11:31:02
b304971b85cc47ece3a4aeb810b42234,2ba6f4043547bc847cc055c975cb57cf,3,,,2017-07-05 00:00:00,2017-07-06 11:31:17
551d3fa3903a9b314311c43372255564,23e61b7a50280ac24831f163542e5fe6,5,,,2018-08-31 00:00:00,2018-08-31 20:58:46
eeaa5fc446defdc33db4e0cc3c1622e7,169f444739d294d19e4103e460d963d4,5,,Gostei de ter feito essas compras por esse site. Obrigada!,2018-01-31 00:00:00,2018-01-31 17:16:31
6d5ce818efd287704f54fa0ab04eb986,48972775375677a6b44d8733e4f8c812,3,,Comprei a capinha do moto Z2 e a capinha que chegou foi no moto Z,2018-08-23 00:00:00,2018-08-26 03:08:02
26ee0f4547ba6e22d0b99b4b33ddf184,1758ad531fb74f63e2ce97f1791a1325,5,,"Recebi tudo certo, porem veio trincada a cuba , preciso da troca com urgencia.",2017-06-01 00:00:00,2017-06-02 14:03:11
34fab30cbd627cbd2f98a0983bc2203f,f6a40045364c9ef1f9405ef1d094c389,1,,"Foi embalado de forma nao padrao de original, a caixa é igual a original mas nao é.
Celo orográfico falso, nao mostra o nome da marca, caixa nao lacrada. Fui enganado.",2018-01-13 00:00:00,2018-01-17 17:50:44
e3ae689fdbdcb7a5f01ab9ea5f680226,c4cf1a86b458b000b27d777cb8232932,5,,,2017-12-24 00:00:00,2017-12-26 12:12:43
8753cfa8814aba6ca8f5a8d8be694554,d9a7926047f158ca6ab53261baaef77b,5,,,2017-11-17 00:00:00,2017-11-23 22:51:29
b3da69c019bd268e9748ae7711202503,5fbf0b33d959fccab26b945f15707bd3,5,,,2018-06-26 00:00:00,2018-06-26 22:09:35
1c58f7f5a3a8fd6ce438200944e9cd58,13ff6c4c055b81a28af3b21f157f4255,5,,,2017-12-05 00:00:00,2017-12-06 00:37:29
25d63681b41a0b2bee4d768b907ec093,288c5544af72d827e566c9ead00316b6,4,,,2018-02-09 00:00:00,2018-02-09 22:13:15
7e4e60e53b1ac365dcea3ea9bafd214c,7c0fccdcd5978f52b402a916980f127d,4,,"Chegou bem antes do Prazo...fiz a compra de dois produtos e apesar do outro ainda não tem chegado, o estojo chegou muito rapido e estou satisfeito com a compra",2017-12-16 00:00:00,2017-12-26 13:28:46
a86d339900344b36a370122067fa29cd,482c3ed0fe2eb68b316507e78faa6783,4,,,2018-01-26 00:00:00,2018-01-27 12:22:21
0587a450e345193613f5017c693c4949,2e2005a55f448272a7f91f8ec48db9ee,5,,,2018-06-02 00:00:00,2018-06-02 23:10:24
8cd7602a77b2eb6b87878a87775397d6,61d430273ff1e88f2944acb53e99eab5,4,,,2018-06-06 00:00:00,2018-06-28 14:41:19
4136cb89a6a119611c78fb7cbc9d0314,995cb1fde464cb3683cf2902d8827a13,5,,,2018-07-26 00:00:00,2018-07-27 01:03:41
44443214cd69481ea8c9189ccf1cba3b,8f815207602f16cdf25a3fb1858ca6be,5,,,2017-04-11 00:00:00,2017-04-19 10:10:35
d6bd9eb426f1692d96f4fa67c3c0a2ae,7a1b533ffb0d462fbbd28037d3540a13,5,Cafeteira PRESSCA + GetUp,"Fantástica cafeteira e excelente café! Chegou dentro do prazo, sem avarias. Ótimos produtos!",2018-08-02 00:00:00,2018-08-07 21:34:47
cc474119f93e7eeaa5ba4019c1decdf9,796033ffde6ba06e0abe387e36ee8fe0,5,,,2018-08-30 00:00:00,2018-09-01 23:18:13
c13f5b701648b88d2cacdeb842e52afd,0e708996976c68e134fee66107305c6a,5,,O produto chegou em perfeito estado e no prazo correto,2018-03-23 00:00:00,2018-03-25 22:48:32
20d8af8e287cb910026b225c15d8c6ba,46cf76e5f4fbb3641f315f903285ce9f,5,+,,2018-06-26 00:00:00,2018-06-29 00:43:08
ea551958728cbb10d5947760e4bf8eb7,a3fe72e4a708a8e7c2d2b686d3a457ac,5,,Adoreiii8,2018-01-11 00:00:00,2018-01-12 10:09:04
8b75398ffb901b8393f667d5f9fdff78,7a952bb8b9ec22220fd799cd8f9f8af7,5,Rapidez e satisfacao,"O produto chegou antes do prazo estimado, muito bem embalado e apresentado. ",2018-05-15 00:00:00,2018-05-15 20:20:28
8980b08009245af9046de9bb6fa959b8,4d02fcbcbf4a19682c0c09fb8fc8005f,5,,,2018-07-27 00:00:00,2018-07-28 17:42:59
77b3003a3b35b9c0a127f48f5a67002a,940586e6751748f8a6bb630c6f5e3415,5,,Excelente meu esposo amo ,2017-11-30 00:00:00,2017-11-30 17:35:13
4e755f114e50d33b9ac6a56e0d7d3ea9,2d858f451373b04fb5c984a1cc2defaf,5,,,2017-06-25 00:00:00,2017-06-27 01:49:04
ab502ecb07f2f4fd0e4387d162efbe7d,2d8f8f85abccae68275f423d878f2b7e,3,,Achei o prazo de entrega muito longo.,2018-03-24 00:00:00,2018-03-26 19:52:09
de71667236680ce3b4bd64cafbf19410,fd2b4179de3cceb73bc884f6c19d85d0,5,,,2017-05-31 00:00:00,2017-06-01 12:15:00
75fc605a006b4f208da3240978d91b5d,e5ac19b38666500c28341ce6d9bb889e,4,,,2018-08-21 00:00:00,2018-08-22 22:47:58
d5deb97251ffe05bc64d31815dcfa507,0166cc8756d58b4a30fb49de83527120,1,,Já cancelei essa compra. Não sei porque estão insistindo com essa entrega. ,2018-02-24 00:00:00,2018-02-26 19:58:06
80abd204ee5ef258963748f08fb0243a,dfda82f701815b8d9306b1343ca3e2bd,5,Entrega rápida,Recebi bem antes do prazo final. Recomendo a loja.,2018-05-19 00:00:00,2018-05-20 17:37:21
5039b461b511a51f1730c572edafcf1c,7e131886d59cb8a02c847ed61228fd8c,5,,,2017-04-08 00:00:00,2017-12-26 17:29:36
723435731f6c76705f69fd3f42709bda,f1495dcc4cf8d4ec585f058cedc68356,1,2,,2018-07-26 00:00:00,2018-07-26 18:00:21
f1d848edeef9eae55fc21bf8cfb89d25,c5437b7b7a52d4dd0ed6fc0a1f18f7b7,3,,,2018-07-04 00:00:00,2018-07-05 18:00:45
9b854124e381fcf9fdf56a74ab4efeae,728f6f76b6e070562457bf771c93e002,5,,,2018-03-17 00:00:00,2018-03-18 14:38:40
548286c7b2eba7af77bc1862de8a17a9,85fb2afed45145db40381a894fed8d1b,5,,,2017-02-22 00:00:00,2017-02-22 23:27:02
75aec1822c64372e54e2ace5aef37553,65320cb291f4cacd8b0114a29eafa4c7,3,,,2017-05-30 00:00:00,2017-05-30 23:08:19
54bf40006da0d9e4805a547904be77e7,71d27026352e4ce6f225aa02cd8bacc3,5,,Adorei o produto. Muito bom mesmo.,2017-12-08 00:00:00,2017-12-13 19:57:24
af6a4f6182ed92f94a0446acc2fea5b6,f087f83b6e2db9f35f412e6ce337a35f,1,,"Estou totalmente insatisfeito com a compra do produto que ainda não chegou!
Já paguei a primeira prestação do relógio, estou quase pagando a segunda, sem ter o produto! ",2018-03-23 00:00:00,2018-03-23 09:56:36
61e43b0741677377b66a4ae02881e05e,7a189472050d185af07c5550a7dfc5ad,5,,,2017-12-22 00:00:00,2018-01-03 18:10:37
6562253ca781566d928784f3d096ce56,23ec62701b81a534e40494d279ea0b83,5,,,2017-09-05 00:00:00,2017-09-09 16:37:54
65b2354540dedc09a1623bed7e32d9ae,20b7f7b396dbb6dab793709e4cd89aa3,1,,PREÇO EXORBITANTE. Me arrependi amargamente.,2017-12-07 00:00:00,2017-12-07 22:03:56
2ba421643761914bd49c60fd592965f8,44551b161630b0e90e73ed35fafb4268,1,,É a primeira vez que não me entregam um produto. Fora isso nunca tive problemas com o site. Agora só espero meu dinheiro de volta.,2017-05-18 00:00:00,2017-05-19 01:31:27
47ca32a260e79e7488c1c51233304230,1d092689be844c404abe12e678e2eef8,5,Confiável,"Produto entregue dentro do prazo, fornecedor confiável",2018-08-21 00:00:00,2018-08-22 00:32:50
6f246a0487bcb09d171f15f610a7e7f3,2ee76a4a1d729880a350fcda807b492b,3,,,2017-05-19 00:00:00,2017-05-20 17:43:15
3a81267d721cc80188d087102ef4aaa4,7860e9b8501efdbdc0be993136da3c52,3,,,2017-06-02 00:00:00,2017-06-05 11:38:50
96c1be5f9a0199ff03a9dea82024c692,8d607893abaf69faeb1313f7cacfeca1,1,,"Comprei dois produtos mas, ao chegar aos Correios com o código, entregaram-me apenas um dos itens que eu havia comprado.",2017-07-06 00:00:00,2017-07-10 20:04:40
629b7ca2b304901f99845748d23c0a88,e3c64131d3d2295829639be7b74a6533,5,,Ótimo atendimento,2018-04-17 00:00:00,2018-04-19 21:55:23
6906517479e93d116659074dc814d036,3a1c666f27c3d419d79a79a9b1a5af11,4,,a questao da entrega ok! só que eu havia pedido o cancelamento da compra pois havia comprado o produto errado mesmo assim enviaram o produto e me encamihou um e-mail para nao receber o produto.,2018-01-20 00:00:00,2018-01-22 14:25:47
ae8b17457bf916ab944252cd3fcbab31,3c21b0106dae1dae82f648a22f94a98c,3,,Bom,2017-10-20 00:00:00,2017-10-24 12:17:50
480a9594af4feb22d4b7625b29e047cb,64bf167fb87c4bccf7cbfde95d835ed5,5,,"Lindo os carrinhos,meu filho adorou!E chegou antes do prazo!",2017-08-26 00:00:00,2017-08-28 15:47:09
8a24de8190b2938850f35024877ce8bf,bedc87ce363e6bf8c8868b96b2213ae4,5,,Ótimo produto! Recomendo!!!!,2018-03-10 00:00:00,2018-03-12 13:38:49
5e76628e62cc4cf41a3b8332a151622e,011405ae7b89def8ffb3468eb29c299d,4,,,2018-05-10 00:00:00,2018-05-12 17:04:05
0eabfb725a7a327e067155ed9b3db7eb,d3fd3af08566edbfdd903c8f2a2d8bef,4,,,2017-11-17 00:00:00,2017-11-19 17:39:39
6ca5507abce0ec0b939f2efb1a275d03,c9c861f958460742bade4f8d297e4d6f,2,,"A caixa do produto chegou toda amassada( não é a caixa que foi embalado para os correios não, é a propria caixa do produto) a espada que ele segura na mão esta torta, porque foi pressionado, triste.",2018-03-30 00:00:00,2018-03-31 12:42:45
e23230ec5f20c52dc6b9f7b26b791c4b,fae7ec9e7beff1d7e8ba7161738e557f,3,,o produto não é tão bom ... achei meio ralezinho,2017-06-27 00:00:00,2017-06-30 00:26:04
85f04a676cfecf3196cef2e8d8845be4,ef4927f51923ddcf7b75fb84f51126b7,5,,,2017-09-14 00:00:00,2017-09-14 20:48:40
c79dcd09e3525245ce61b9fd2f5e11ef,3faf126d8a3b0684272791cd3c6cf3fe,5,,,2018-03-08 00:00:00,2018-03-09 02:21:11
7614815f05d6591ebaded01c2f682d60,c1674af37cefb68196b330a473e46d7d,5,,,2017-05-19 00:00:00,2017-05-21 20:01:04
428d6973ddd07e8a62871c37091d80e6,a46177e85f66471bb30ef25db0461233,5,,,2018-02-03 00:00:00,2018-02-11 20:47:54
4e92f3a115dd9a198a28ca1b43a26329,564d8bd235927df0c8c8bfe8ff4aee6d,5,,,2018-04-21 00:00:00,2018-04-24 00:28:08
d1192467387175d8068db87723053ae7,0ce1d0a0c2f36c2ba5f02094119bbebd,4,,"Tudo certo,mas na foto do site submario o fone aparecia com um cabo p2 auxiliar que não venho com o produto.",2018-02-25 00:00:00,2018-02-25 14:37:58
6b07eb6725d1ceb40459529b0aae8ffd,10a2d53148bb79d540a6a2e7cb706cea,5,,,2018-01-07 00:00:00,2018-01-07 02:46:27
b450abbb0724d3af1597381f98e51ecd,caac03dc57366d1423cbfe4bfcd8d18f,4,,,2018-01-31 00:00:00,2018-01-31 20:33:41
26839d47bda6ac4b387a7dc49e781fa2,4fe46529fed4601ccb07ba71cc357567,5,Exelente,"
Boa
Demais
A entrega
",2018-07-31 00:00:00,2018-07-31 19:53:22
64980258047d5f90552f42824250652f,6e8762ed90dc2ba796c568273539cd77,4,,,2018-04-12 00:00:00,2018-04-13 09:24:58
7ca10e3bb1fcea458e71d37c503cb743,077700dcf4e3bb4128459fc825a4056c,5,,,2017-11-30 00:00:00,2017-12-02 22:36:46
b36def3bfc330c52ab60c5e205dea395,7b9d2b13802cfc504efc515be768ee0f,2,mercadoria entregue ,"Ainda falta entregar uma colcha de cama de casal.
um dos jogos de lençol não foi o mesmo que escolhi.",2018-05-05 00:00:00,2018-05-08 10:45:15
6bb6c9ca0570f2c4d83e01ab84fdd5b5,5f4ca60a3374aa89fd1ceeb0431c0c80,5,,,2018-08-17 00:00:00,2018-08-18 00:23:28
ddba671bcbcde214f7112a26eecc8c21,5fb7dd0236cfe4fd2c620959623e4619,5,,,2018-05-08 00:00:00,2018-05-10 16:34:44
3ca31b54ff92fbe558c295aec4041391,b22331e9a36bc5d09bc4d29486765554,5,Bom ,"Recebi o produto antes do prazo , não foi a tesoura que estava na foto , foi uma similar mais as tesouras são boas e em perfeitas condições., Recomendo .",2018-06-19 00:00:00,2018-06-20 01:30:18
b1cbc584487120f5aad8f3c660749349,fe9fae71b4fa7d05f1934adc54391f8d,1,,Ainda posso dar minha opinião pois ainda não chegou o meu pedido ,2018-03-09 00:00:00,2018-03-11 23:14:12
d1014c3a65bb4649def5c1c31fff8595,2c6e01c8eed693c9cddbaf86bdd25e31,5,,,2017-08-22 00:00:00,2017-08-23 16:30:29
cbb72477946bc5af973d2e740c7924e1,f6ac794aa8cea9470250b0af77efcc17,5,,,2018-04-25 00:00:00,2018-04-26 18:44:26
c1e04536dd9ca9ded2a1b2e30231d932,8c0819345572d0da947e64bfdf38e3d2,5,,"Produto foi entrege antes do prazo, tudo em ótimo estado. Fui bem atendido quando precisei tirar dúvidas.",2017-02-21 00:00:00,2017-02-22 00:48:06
033664809df35557915411cfff01a21a,fd2bcdc6e3cfe79cc7ee426bedb8d467,5,,,2018-07-21 00:00:00,2018-07-24 00:58:15
bb06eb002cdcba62f2bac1dfacf363d0,e5bc6c7594c02f53761ea092c5c9af1d,5,,,2018-07-26 00:00:00,2018-07-27 00:37:18
b486c8fdba4ea5fef130a4f2c725a0ae,8c64dfe75b003b8f1eddd9721843049a,5,,,2017-05-12 00:00:00,2017-05-14 20:57:20
700a0244aa5c2c401bb20620c248e3f9,43af6866590ab60c4848da9f146fba99,5,,Gostei,2017-04-29 00:00:00,2017-04-29 16:52:24
289283c3d94465aa8c534c4cc1ec5e28,d85c21edbd2d9fc056908945b37bb577,5,,,2017-10-07 00:00:00,2017-10-07 22:09:48
dfa26d3e2ca18d0a30cc4596f0f189ac,4cb0286c9f5805ddd172e00cef67ecc3,5,,,2018-06-21 00:00:00,2018-06-22 16:06:43
ad3cfd11af29c942e240e00b3977b24d,938110b6904380feefb719683295f04a,5,,,2018-04-05 00:00:00,2018-04-06 02:00:55
d15decf8ca54ae0c44adff8c30dd0d5c,f7df648b228c22aa46208224ab0fd67d,5,Ótimo ,,2018-08-14 00:00:00,2018-08-15 09:08:34
baf602093b35915de7d864b6bd5788fb,493ba21a937e956c5e0e4e26c9f1b7f9,1,Não chegou,Não recebi meu produto até então,2018-07-28 00:00:00,2018-07-30 03:32:05
713d4d920d3b2531cfa5e805c225aa2f,c2e9150ecca583eb68c1e2e2b650caac,4,,,2018-06-05 00:00:00,2018-06-06 02:13:01
7f740d623d8366a93b906e23ac649a98,396af24f9fbfbbb946c61236fa1cf895,4,,,2018-08-02 00:00:00,2018-08-02 21:50:55
2145e4def7bb659411aae75fb92915b7,d66cdd2dee90bc354ba79f909e9dfda4,5,Ventilador Excelente...10,Chegou antes do previsto,2018-08-02 00:00:00,2018-08-04 22:00:10
e97ab50bf63c26c6f2ba961c300b8996,db7f983ea878a7a976b84460bfb45ff7,4,,,2018-01-31 00:00:00,2018-02-03 20:22:09
a08bdc05bd3aeca34c2013dad3012470,3ffb5839790306f5e88e8319508dae29,1,,,2017-06-03 00:00:00,2017-06-03 19:03:56
85e98e2ef8f8d68d6c17c0372107d351,f5e0327c97a90df59977a815f6e4453c,1,,targaryen nao recomendo ,2018-01-05 00:00:00,2018-01-05 09:09:38
4832fe80a976af2bb0655ca220a4f1d8,bc21fd56e19626007f06da1b7f7b6c39,5,,,2017-11-21 00:00:00,2017-11-21 19:59:44
510f81675781c0f8e01d8ef1e7fc1820,b826c69bf943ea295e515a1078f76086,5,,,2018-08-10 00:00:00,2018-08-13 09:41:52
311bec187414d9a75fe1985baf146511,728f6c4bcd81ebdfeb353bb9b0893a12,5,,,2018-08-11 00:00:00,2018-08-12 22:00:16
b1537e43e89524a0dd88f2e8440df0b7,4a098cad947704b7e739e19a092e24de,5,,,2017-12-15 00:00:00,2017-12-16 14:44:07
2e48c89324d7851f95b199d2964c1277,1e9848c0cef533284eeb143f5032a34c,5,,Estou muito satisfeita.,2017-12-19 00:00:00,2018-01-05 14:19:09
3d9db1dbc3b75adb9611f8c96bbf3766,47bfd5091e67cf36c5d7d5e6ca97db53,5,,"estou muito satisfeita,continuem assim ;pois só tem a crescer suas empresas...PARABÈNS!",2017-08-26 00:00:00,2017-09-01 09:46:25
3cf28975fc47b059523f99287307c0e0,fa6b736da07e6fab64807d4d37d8062d,5,,,2018-08-09 00:00:00,2018-08-10 02:30:28
71e48e2f524500a21c5499034d0430a3,a601a8f0f146d6c5689c436aaabfdbb4,5,,,2017-05-08 00:00:00,2017-05-11 02:46:10
7fb8d3a478e8ae07546885b5888225cc,6d1832bd42dccbd91d1ce32da7f54492,5,,,2018-07-05 00:00:00,2018-07-09 19:50:28
1291f10f55dbd6d19c637981b06b66b9,b7063c39fd3396dd0ad64052b0825513,4,,,2017-12-06 00:00:00,2017-12-10 01:07:28
1c83af0d24e890b7edd2a1af77d0457d,e251afd3ced38d4de3a5ece05d615ef5,5,,,2018-02-05 00:00:00,2018-03-06 22:06:20
b92e70626c41a74b9a53b15bffbfd085,819834742179a50790827926997ca8dc,1,,"o vendedor anuncia que o toner é compatível com minha impressora, porém não é, ao colocar o toner na impressora não se consegue fechar a tampa. o que impossibilita o uso dela.",2018-03-29 00:00:00,2018-03-31 20:16:46
02a982fc56c0043385b69acc0353656e,ac7be03875c6dcaf9cbe029dceeaf54c,5,,"Produto de alta qualidade, entrega no prazo e preço show de bola.",2017-09-06 00:00:00,2017-09-07 12:52:05
182d3b407f13d4e5b8bb6bc261ad05cb,509e9d1f29c6fe103a4738b15478ac45,3,,"O produto em si é bom, mas não veio os parafusos de fixação. ",2017-12-13 00:00:00,2017-12-13 22:26:28
ba49ca6dfb777c781d8b3e75619c6237,2898d74d595f1564b2df34edb8c0cfc4,3,,,2018-05-22 00:00:00,2018-05-23 10:55:29
eb058eb23029057b38b66de0b5773568,1491a4777b694dc4c2e8916fd9a99b1e,1,,"Não recebi o produto até a data estipulada, sendo que o tempo para remessa era enorme, infelizmente não sei se foi problema dos correios ou a loja fez algo errado na remessa.",2018-02-21 00:00:00,2018-02-21 10:20:06
1fdd56c5fd4e4025f890eb22f79a9cc6,7af6541803424eeecb9ec5148df1f74a,5,,,2017-11-14 00:00:00,2017-11-16 14:29:53
67d5adb36e04167d49142828a2eebe12,2ec3fb192c828ca618c797ccb2c22a3e,5,,,2017-11-14 00:00:00,2017-11-17 12:54:17
0b1e61925512ff464d29d630d394cc85,cb1ef5be56747ab6c5ef7271ecf4e12c,5,,muito bom,2017-11-24 00:00:00,2017-11-27 14:59:44
615e29e40d5c9cc1c0ed7d0ffa04bd54,523d5e9ab692bee9c8dfd7063351f696,5,,,2018-05-23 00:00:00,2018-05-29 02:17:34
9c0a8bf7b1d6d4cc10e4d743634599a5,806d19127814e557e910ad0c90891886,5,,"Excelente produto, de ótima qualidade, chegou a encomenda antes do prazo estipulado. Recomendo o produto e a loja.",2017-06-02 00:00:00,2017-06-05 16:47:06
53d28d3700e6e8caaf605fee4818d167,43a23a9a05a87ff4d46b5b18829fe9ae,5,,"Excelente produto, acdorei! Compraria novamente!",2018-06-21 00:00:00,2018-06-22 18:10:08
4360f97b3d8cc1fa6faa7aa0c3f001cf,3099fa1da8ddf6f98c8a917af87540c5,2,,"Prazo de entrega muito longo, um produto q poderia ter vindo em uma semana demorou um mês",2017-06-13 00:00:00,2017-06-13 19:09:37
ed25308131ddfdd8019f205b4fde3928,c6d3ba7aef0216cb6c540497c845f0ba,5,,,2018-06-13 00:00:00,2018-06-13 08:24:33
b8cb37c04fea2d13ee4f9afb7e7f0a42,d6955d34f1d9983d21c67f279aadd306,5,,"Entrega no prazo , recomendo a loja ",2017-05-23 00:00:00,2017-05-25 00:31:05
