geolocation_zip_code_prefix,geolocation_lat,geolocation_lng,geolocation_city,geolocation_state
01212,-23.537354363869767,-46.63974517262972,sao paulo,SP
01212,-23.537051360811343,-46.63696000331822,são paulo,SP
01212,-23.537616505972608,-46.64013594962203,são paulo,SP
01212,-23.53723262891686,-46.63966582737029,sao paulo,SP
01212,-23.537083672773957,-46.639449309048416,sao paulo,SP
01230,-23.532734734664448,-46.654324449073776,sao paulo,SP
01230,-23.533625881210682,-46.65694278420569,sao paulo,SP
01230,-23.538943089647404,-46.659441341941225,sao paulo,SP
01230,-23.535171785734885,-46.656275956287146,sao paulo,SP
01230,-23.53162749402739,-46.65313760144839,sao paulo,SP
01422,-23.55978441771017,-46.666079261036394,sao paulo,SP
01422,-23.56779167332222,-46.65664257853889,sao paulo,SP
01422,-23.562190582289823,-46.6632626806798,sao paulo,SP
01422,-23.56128467332222,-46.664292578538905,são paulo,SP
01422,-23.56307323284677,-46.66218989480068,sao paulo,SP
01508,-23.562894310577626,-46.63799379739166,são paulo,SP
01508,-23.560960862052102,-46.63458723925207,sao paulo,SP
01508,-23.561582857060436,-46.636216077298165,sao paulo,SP
01508,-23.5628587621329,-46.63786767707314,sao paulo,SP
01508,-23.560254072450732,-46.633485625858434,sao paulo,SP
01523,-23.56366379462169,-46.619290911881784,sao paulo,SP
01523,-23.566539813491808,-46.61806710629584,sao paulo,SP
01523,-23.56412390590919,-46.61589890689014,sao paulo,SP
01523,-23.56612182209016,-46.61689684860631,sao paulo,SP
01523,-23.56366379462169,-46.619290911881784,sao paulo,SP
02314,-23.461367857060445,-46.60110519677997,sao paulo,SP
02314,-23.46246947155058,-46.5983619672514,são paulo,SP
02314,-23.461623136274458,-46.59750098987245,sao paulo,SP
02314,-23.461835595331564,-46.59884212046274,sao paulo,SP
02314,-23.463195403214765,-46.59840889618473,sao paulo,SP
02336,-23.48192866556059,-46.61573017568816,sao paulo,SP
02336,-23.483500983899837,-46.614394205378304,sao paulo,SP
02336,-23.479772091869105,-46.61429202025509,sao paulo,SP
02336,-23.481327656673788,-46.61821014723873,sao paulo,SP
02336,-23.479912531674355,-46.6199305366298,sao paulo,SP
02410,-23.4757673119626,-46.625234338190324,sao paulo,SP
02410,-23.4742229686364,-46.62036144546708,sao paulo,SP
02410,-23.47516238412487,-46.62517132223439,sao paulo,SP
02410,-23.475953797391654,-46.62368165459633,sao paulo,SP
02410,-23.473693215101825,-46.624102920624374,sao paulo,SP
02416,-23.4793981470945,-46.626580828062764,sao paulo,SP
02416,-23.474969781038133,-46.62697335537884,sao paulo,SP
02416,-23.475397138496163,-46.6270734970858,sao paulo,SP
02416,-23.478976885654085,-46.630613718708496,sao paulo,SP
02416,-23.474969781038133,-46.62697335537884,sao paulo,SP
02558,-23.497496298084148,-46.675343567026374,sao paulo,SP
02558,-23.497649298084145,-46.675163567026374,sao paulo,SP
02558,-23.495479635959555,-46.6729130873673,sao paulo,SP
02558,-23.497154653903824,-46.67529017998732,sao paulo,SP
02558,-23.49539186287238,-46.67560042255049,são paulo,SP
02836,-23.471988653067115,-46.696662623780966,sao paulo,SP
02836,-23.473063137795588,-46.69540785939559,são paulo,SP
02836,-23.473564195517405,-46.69763411645339,sao paulo,SP
02836,-23.471866362196327,-46.69589283582438,são paulo,SP
02836,-23.474025450458765,-46.69758138732752,sao paulo,SP
02925,-23.50257293484837,-46.697541893704475,sao paulo,SP
02925,-23.502618942552918,-46.69667502331353,sao paulo,SP
02925,-23.501634475705522,-46.701185510416,sao paulo,SP
02925,-23.5026852850424,-46.69737596502972,sao paulo,SP
02925,-23.501153461673276,-46.69858564407299,sao paulo,SP
03080,-23.53294108465575,-46.57934250917525,sao paulo,SP
03080,-23.531295206763282,-46.57756789148245,sao paulo,SP
03080,-23.530810819320187,-46.57865538787577,sao paulo,SP
03080,-23.53361573910784,-46.57805319415422,são paulo,SP
03080,-23.534299739107848,-46.577972712476104,sao paulo,SP
03104,-23.553533452193257,-46.62256034308651,sao paulo,SP
03104,-23.553524623944543,-46.62373003355709,sao paulo,SP
03104,-23.55511839439665,-46.604314540106174,sao paulo,SP
03104,-23.553575412718512,-46.62211553427778,são paulo,SP
03104,-23.553575412718512,-46.62211553427778,sao paulo,SP
03178,-23.55315386955392,-46.58721918151653,sao paulo,SP
03178,-23.554243247013694,-46.584472683593994,são paulo,SP
03178,-23.557801285590653,-46.69727126588383,são paulo,SP
03178,-23.552791501529207,-46.58638065168213,sao paulo,SP
03178,-23.555006800938177,-46.58624323675436,sao paulo,SP
03227,-23.583687496249095,-46.5697617485429,sao paulo,SP
03227,-23.620997011656755,-46.66981193005944,sao paulo,SP
03227,-23.586245664723876,-46.56894526311385,sao paulo,SP
03227,-23.585836997230032,-46.57203997391652,sao paulo,SP
03227,-23.58668468388245,-46.57037714293957,sao paulo,SP
03431,-23.554133203993324,-46.53048959908248,sao paulo,SP
03431,-23.548066710802658,-46.54405460505509,sao paulo,SP
03431,-23.548066710802658,-46.54405460505509,são paulo,SP
03431,-23.553039635581968,-46.533847610046735,sao paulo,SP
03431,-23.548397563419698,-46.544288144324526,sao paulo,SP
03512,-23.539871462115528,-46.52654178420568,sao paulo,SP
03512,-23.54290675659298,-46.52663726894224,sao paulo,SP
03512,-23.53803038051819,-46.52555964155458,sao paulo,SP
03512,-23.536714494864103,-46.52581488536563,sao paulo,SP
03512,-23.53713725367879,-46.52578318013155,sao paulo,SP
03655,-23.52399579739165,-46.512943187344916,sao paulo,SP
03655,-23.525497199912667,-46.513893895826776,são paulo,SP
03655,-23.52628188121068,-46.51341921288013,sao paulo,SP
03655,-23.52594345406544,-46.514541798632415,sao paulo,SP
03655,-23.52670454593455,-46.51414205245541,sao paulo,SP
03701,-23.513332368861438,-46.55073242146109,sao paulo,SP
03701,-23.512647719401002,-46.55086206841134,sao paulo,SP
03701,-23.5110454679439,-46.55097082223437,sao paulo,SP
03701,-23.51082058312654,-46.550861177765604,são paulo,SP
03701,-23.5110454679439,-46.55097082223437,sao paulo,SP
03757,-23.503496259913693,-46.49672237603317,sao paulo,SP
03757,-23.50628415085543,-46.49776233870935,sao paulo,SP
03757,-23.506387720201218,-46.49638149287867,sao paulo,SP
03757,-23.510110578683143,-46.50021193297363,sao paulo,SP
03757,-23.507168134052755,-46.4932977536788,sao paulo,SP
04004,-23.57165583150985,-46.6444768780869,sao paulo,SP
04004,-23.57434015796214,-46.6477444202344,sao paulo,SP
04004,-23.577148771019704,-46.64751415860704,são paulo,SP
04004,-23.572418636418693,-46.65130003511452,sao paulo,SP
04004,-23.57165583150985,-46.6444768780869,sao paulo,SP
04005,-23.578476863437086,-46.65280483694955,sao paulo,SP
04005,-23.575363323071098,-46.64754434831787,sao paulo,SP
04005,-23.574368347481144,-46.64507085651217,sao paulo,SP
04005,-23.575250115471093,-46.647221626695156,sao paulo,SP
04005,-23.577269048003124,-46.65079951074316,sao paulo,SP
04138,-23.613680514570945,-46.63358099999999,sao paulo,SP
04138,-23.605511008050083,-46.6364309619713,sao paulo,SP
04138,-23.608753575076463,-46.63704203996194,sao paulo,SP
04138,-23.613670445467097,-46.631451494171614,sao paulo,SP
04138,-23.607797175688145,-46.63700457853891,sao paulo,SP
04536,-23.5810532828207,-46.681042934502834,sao paulo,SP
04536,-23.581037723844396,-46.67946610130417,sao paulo,SP
04536,-23.581393631058713,-46.681081131915015,sao paulo,SP
04536,-23.58282435498297,-46.67945823258696,sao paulo,SP
04536,-23.581498181228067,-46.68138705620634,são paulo,SP
04552,-23.5944875783294,-46.679788357589,sao paulo,SP
04552,-23.59218067666909,-46.68562460560333,sao paulo,SP
04552,-23.59421532996734,-46.68677781447278,sao paulo,SP
04552,-23.594883443793655,-46.68156020413755,sao paulo,SP
04552,-23.594516632812002,-46.687683656673784,sao paulo,SP
04893,-23.879082204952958,-46.73888063889422,sao paulo,SP
04893,-23.884283064428214,-46.74154842669169,são paulo,SP
04893,-23.87984193461687,-46.74555464301115,são paulo,SP
04893,-23.884238150502725,-46.73435654396979,sao paulo,SP
04893,-23.88175031223898,-46.74112095552228,são paulo,SP
05050,-23.52284350375091,-46.6980207799065,sao paulo,SP
05050,-23.524623000000005,-46.70307149278664,sao paulo,SP
05050,-23.522871478215684,-46.696882279906504,sao paulo,SP
05050,-23.522871478215684,-46.696882279906504,sao paulo,SP
05050,-23.522871478215684,-46.696882279906504,sao paulo,SP
05359,-23.57055394976627,-46.744693648075454,sao paulo,SP
05359,-23.569023991949923,-46.74574837745977,sao paulo,SP
05359,-23.57055394976627,-46.744693648075454,sao paulo,SP
05359,-23.570104044405344,-46.744958273933904,sao paulo,SP
05359,-23.57055394976627,-46.744693648075454,sao paulo,SP
05434,-23.55521621065843,-46.687185162502175,sao paulo,SP
05434,-23.553662311962597,-46.68817715820298,sao paulo,SP
05434,-23.556488720785985,-46.69366273175024,sao paulo,SP
05434,-23.554951176524867,-46.6890387069075,sao paulo,SP
05434,-23.551495910352585,-46.687351500000005,sao paulo,SP
24340,-22.929128181028045,-43.0144161973205,niteroi,RJ
24340,-22.942913295523635,-43.03324415308631,niteroi,RJ
24340,-22.944007562964906,-43.036007272929844,niteroi,RJ
24340,-22.944152786057888,-43.03027165009303,niteroi,RJ
24340,-22.9361435122642,-43.02483743494996,niteroi,RJ
24342,-22.933383999999933,-43.01855731699993,niteroi,RJ
24342,-22.94018040244673,-43.02862637399732,niteroi,RJ
24342,-22.938491028013758,-43.02289514041747,niteroi,RJ
24342,-22.932452895358175,-43.01409395291331,niteroi,RJ
24342,-22.92707897460489,-43.01252419684249,niteroi,RJ
24420,-22.837858930507313,-43.052341500000004,são gonçalo,RJ
24420,-22.833441933427064,-43.04558622664218,são gonçalo,RJ
24420,-22.837661587855177,-43.04781594794102,sao goncalo,RJ
24420,-22.838259086919855,-43.04811044562967,sao goncalo,RJ
24420,-22.83751449796923,-43.05600595126142,sao goncalo,RJ
25271,-22.635516238116118,-43.25516504764514,duque de caxias,RJ
25271,-22.621088080736477,-43.20993762511847,duque de caxias,RJ
25271,-22.62185987896947,-43.20773513037693,duque de caxias,RJ
25271,-22.630165265293112,-43.239706901940686,duque de caxias,RJ
25271,-22.628424999999936,-43.21321334299995,duque de caxias,RJ
25745,-22.395149404456674,-43.12626088058814,petrópolis,RJ
25745,-22.376066351471742,-43.103954916149945,petropolis,RJ
25745,-22.406405664490496,-43.077801646579616,petropolis,RJ
25745,-22.398365627414275,-43.10296311331863,petropolis,RJ
25745,-22.36447467105638,-43.105764984244594,petropolis,RJ
25911,-22.546746159844673,-43.04373578502794,mage,RJ
25911,-22.55188186370786,-43.04789656409539,mage,RJ
25911,-22.54808152462201,-43.04561606704369,mage,RJ
25911,-22.542966515150237,-43.04255701183195,mage,RJ
25911,-22.553953659777783,-43.048565610881084,mage,RJ
25957,-22.428725888669057,-42.97556752642736,teresopolis,RJ
25957,-22.428242731271467,-42.97546249221049,teresopolis,RJ
25957,-22.43948803522624,-42.96923831154827,teresopolis,RJ
25957,-22.433722840932912,-42.96506181778122,teresopolis,RJ
25957,-22.438461693948998,-42.97057806261324,teresopolis,RJ
26041,-22.709328438971543,-43.461048749309306,nova iguacu,RJ
26041,-22.713717953137884,-43.45940014732174,nova iguacu,RJ
26041,-22.691001479684832,-43.472764549492105,nova iguacu,RJ
26041,-22.700273161466463,-43.46371523465437,nova iguacu,RJ
26041,-22.71027085739705,-43.46311989256586,nova iguaçu,RJ
26210,-22.75604232652301,-43.45465536177899,nova iguaçu,RJ
26210,-22.72169606755988,-43.46181419772924,nova iguacu,RJ
26210,-22.756040004182466,-43.447015263661875,nova iguacu,RJ
26210,-22.759023485154046,-43.450339647365986,nova iguacu,RJ
26210,-22.760031119739548,-43.450626800434065,nova iguaçu,RJ
26650,-22.544858200133547,-43.685165697873195,engenheiro paulo de frontin,RJ
26650,-22.5492080125667,-43.679303525535104,engenheiro paulo de frontin,RJ
26650,-22.54470655758998,-43.685151785604084,engenheiro paulo de frontin,RJ
26650,-22.473598715692937,-43.58356559290061,engenheiro paulo de frontin,RJ
26650,-22.561161671544582,-43.67937855024166,engenheiro paulo de frontin,RJ
27110,-22.475705751194017,-43.835799860642595,barra do pirai,RJ
27110,-22.474065937368348,-43.83137640397818,barra do pirai,RJ
27110,-22.47731102808044,-43.835088178126185,barra do pirai,RJ
27110,-22.47103814015252,-43.83264785374114,barra do pirai,RJ
27110,-22.47338743706067,-43.83113078080999,barra do pirai,RJ
27320,-22.504165395664423,-44.197799491484325,barra mansa,RJ
27320,-22.504395519217276,-44.1963203529095,barra mansa,RJ
27320,-22.511183490856798,-44.19514746069627,barra mansa,RJ
27320,-22.513417375836408,-44.193059796089514,barra mansa,RJ
27320,-22.504136491484328,-44.19768760433556,barra mansa,RJ
27930,-22.403381937186253,-41.80967113254423,macae,RJ
27930,-22.405096831536245,-41.82103911220654,macae,RJ
27930,-22.38918012872357,-41.820631150488175,macae,RJ
27930,-22.40490294862712,-41.822914031421234,macae,RJ
27930,-22.405958867589153,-41.80642900735616,macae,RJ
12216,-23.201181199001663,-45.88358210352587,sao jose dos campos,SP
12216,-23.199663823763586,-45.883501066478104,sao jose dos campos,SP
12216,-23.193597897859103,-45.882580379133216,sao jose dos campos,SP
12216,-23.19602843104038,-45.876819965722206,sao jose dos campos,SP
12216,-23.199663823763586,-45.883501066478104,sao jose dos campos,SP
12221,-23.174526666945578,-45.83933130391253,sao jose dos campos,SP
12221,-23.1730741157309,-45.84911736303305,sao jose dos campos,SP
12221,-23.174526666945578,-45.83933130391253,são josé dos campos,SP
12221,-23.174526666945578,-45.83933130391253,são josé dos campos,SP
12221,-23.173741445467105,-45.84666057799066,são josé dos campos,SP
12327,-23.30495446849217,-45.97145590827511,jacarei,SP
12327,-23.298185959563558,-45.974828011182304,jacarei,SP
12327,-23.298333393805986,-45.9731803939753,jacarei,SP
12327,-23.30432178573488,-45.97717112378096,jacarei,SP
12327,-23.299553439666305,-45.9668671876339,jacarei,SP
12328,-23.28798077892242,-45.9570349350898,jacarei,SP
12328,-23.28996289924409,-45.96541122398862,jacarei,SP
12328,-23.295820650630386,-45.96529241823083,jacarei,SP
12328,-23.287259766028043,-45.96553671648681,jacarei,SP
12328,-23.287259766028043,-45.96553671648681,jacarei,SP
12720,-22.563845999999998,-44.94922420038666,cruzeiro,SP
12720,-22.564160186230172,-44.9471868718722,cruzeiro,SP
12720,-22.566639305291766,-44.9461498010144,cruzeiro,SP
12720,-22.563925648075443,-44.93671763128278,cruzeiro,SP
12720,-22.565476061083967,-44.9459000646403,cruzeiro,SP
12942,-23.120273860118864,-46.56362790244673,atibaia,SP
12942,-23.110672499999993,-46.533104999999985,atibaia,SP
12942,-23.120789501439177,-46.560677218614494,atibaia,SP
12942,-23.118534544549583,-46.568437512349256,atibaia,SP
12942,-23.128956000000002,-46.559900383432385,atibaia,SP
13033,-22.90793760476662,-47.093495866783954,campinas,SP
13033,-22.9087155008959,-47.099084565826296,campinas,SP
13033,-22.90485859838998,-47.09523183527611,campinas,SP
13033,-22.90927382653355,-47.09627282183035,campinas,SP
13033,-22.907859936898383,-47.096413915921985,campinas,SP
13036,-22.92162816205319,-47.06869350245896,campinas,SP
13036,-22.920155694947937,-47.0682646570726,campinas,SP
13036,-22.92044725381884,-47.069932475634715,campinas,SP
13036,-22.918818206215025,-47.06777080197927,campinas,SP
13036,-22.918818206215025,-47.06777080197927,campinas,SP
13073,-22.880931665862516,-47.068424969313,campinas,SP
13073,-22.894104970858095,-47.070012373304834,campinas,SP
13073,-22.887804719401004,-47.06934866833055,campinas,SP
13073,-22.87472296280801,-47.067966717871776,campinas,SP
13073,-22.88747044157196,-47.06880638980901,campinas,SP
13155,-22.633089859674882,-47.18405399571866,cosmopolis,SP
13155,-22.632866523814585,-47.1834940752656,cosmopolis,SP
13155,-22.625568,-47.19337068910564,cosmopolis,SP
13155,-22.62930451695264,-47.191313308283,cosmopolis,SP
13155,-22.63039801805083,-47.19145412616361,cosmopolis,SP
13201,-23.187436921720888,-46.8903969790524,jundiai,SP
13201,-23.186152329736203,-46.88005804939699,jundiaí,SP
13201,-23.192759454717024,-46.87833704570238,jundiai,SP
13201,-23.18158337913322,-46.888702569392294,jundiaí,SP
13201,-23.18701392172089,-46.889654479052396,jundiai,SP
13270,-22.976619071841363,-47.010715093193014,valinhos,SP
13270,-22.973068736001352,-46.997720208811856,valinhos,SP
13270,-22.976447902368307,-47.00659596302574,valinhos,SP
13270,-22.973879877878712,-47.00158571500767,valinhos,SP
13270,-22.978900003151097,-47.00925547364666,valinhos,SP
13311,-23.26608248211083,-47.31279244463039,itu,SP
13311,-23.263499243118545,-47.30757426351789,itu,SP
13311,-23.25789932555261,-47.31892078031055,itu,SP
13311,-23.25789932555261,-47.31892078031055,itu,SP
13311,-23.26256109354255,-47.318604334295166,itu,SP
13409,-22.677209288360626,-47.71180937705575,piracicaba,SP
13409,-22.67737094281272,-47.70990256647811,piracicaba,SP
13409,-22.677712041346926,-47.7116882961509,piracicaba,SP
13409,-22.67684640660168,-47.70233228755256,piracicaba,SP
13409,-22.678037791274814,-47.70933857314322,piracicaba,SP
13456,-22.759672827833054,-47.364736674563375,santa barbara d'oeste,SP
13456,-22.753710512938948,-47.3705245167392,santa barbara d oeste,SP
13456,-22.75324826440758,-47.3688104956784,santa barbara d oeste,SP
13456,-22.754354920321717,-47.36542231796803,santa barbara d'oeste,SP
13456,-22.75778284632307,-47.36562110854502,santa bárbara d'oeste,SP
13466,-22.75185542164495,-47.32911704954826,americana,SP
13466,-22.754969632812006,-47.3204834635005,americana,SP
13466,-22.75459438950502,-47.31974445281036,americana,SP
13466,-22.751098051070453,-47.33133125520799,americana,SP
13466,-22.74929752761269,-47.32858959769749,americana,SP
13565,-21.969376473950696,-47.89086773875321,sao carlos,SP
13565,-21.969376473950696,-47.89086773875321,são carlos,SP
13565,-21.98050858979164,-47.90031876187309,sao carlos,SP
13565,-21.965693745301493,-47.905800954426915,sao carlos,SP
13565,-21.969376473950696,-47.89086773875321,são carlos,SP
13930,-22.596440207291085,-46.71196868822353,serra negra,SP
13930,-22.62234374770618,-46.71223521648682,serra negra,SP
13930,-22.609933668815927,-46.70209318847618,serra negra,SP
13930,-22.605825237030373,-46.70835082125343,serra negra,SP
13930,-22.622871583126535,-46.71942170566676,serra negra,SP
14031,-21.203043595740628,-47.84683182840399,ribeirao preto,SP
14031,-21.194588766028048,-47.850359395781624,ribeirao preto,SP
14031,-21.208150473904244,-47.85213719418271,ribeirão preto,SP
14031,-21.201866926452745,-47.83286795392122,ribeirao preto,SP
14031,-21.202586507905846,-47.83837250138499,ribeirao preto,SP
65076,-2.5123494215748305,-44.303691228669024,sao luis,MA
65076,-2.508781492072136,-44.30795625036247,são luís,MA
65076,-2.513065302735678,-44.3059780376739,sao luis,MA
65076,-2.5121460488487473,-44.30197680598998,sao luis,MA
65076,-2.5111276785033474,-44.30190423796147,sao luis,MA
65215,-3.2173215699307445,-45.00224669748535,viana,MA
65215,-3.2157185787515385,-45.00165886893274,viana,MA
65215,-3.213396019985811,-45.00108432012766,viana,MA
65215,-3.2085179999999958,-44.99775935500511,viana,MA
65215,-3.2146639427255908,-45.00236067416325,viana,MA
69312,2.8158766541500504,-60.72399104939088,boa vista,RR
69312,2.8107884821452296,-60.726746875473275,boa vista,RR
69312,2.7968525178911583,-60.714582675088806,boa vista,RR
69312,2.829157517540032,-60.71998935596238,boa vista,RR
69312,2.7992953282476973,-60.71903290848469,boa vista,RR
70254,-15.820762857161284,-47.90108655955913,brasilia,DF
70254,-15.819965384142286,-47.9022063763575,brasilia,DF
70254,-15.8206725,-47.900961,brasilia,DF
70254,-15.819699684319625,-47.90102621067855,brasilia,DF
70254,-15.8206725,-47.900961,brasilia,DF
71745,-15.91060998991109,-47.93495654035566,brasília,DF
71745,-15.900385029468145,-47.920863693946146,brasilia,DF
71745,-15.900385029468145,-47.920863693946146,brasilia,DF
71745,-15.898626473231205,-47.96204116061274,brasília,DF
71745,-15.883570554074284,-47.91001329992511,brasilia,DF
73370,-15.643825462315931,-47.64502003338382,brasilia,DF
73370,-15.644626822049297,-47.64499821418316,brasilia,DF
73370,-15.644626822049297,-47.64499821418316,brasilia,DF
73370,-15.67317494379583,-47.64700356322969,brasilia,DF
73370,-15.638202000000005,-47.63633850000001,planaltina,DF
73770,-14.134031989630474,-47.51351624236543,alto paraiso de goias,GO
73770,-14.148684736984286,-47.518616259544594,alto paraiso de goias,GO
73770,-14.133527196087206,-47.521406875574826,alto paraíso de goiás,GO
73770,-14.131746215197756,-47.51397099181818,alto paraiso de goias,GO
73770,-14.184155999999945,-47.51488699999996,alto paraiso de goias,GO
74363,-16.725632996373395,-49.325062393377884,goiania,GO
74363,-16.60498948941431,-49.38824912365838,goiania,GO
74363,-16.720007917197524,-49.31855762882167,goiania,GO
74363,-16.71919809002127,-49.31403351083228,goiania,GO
74363,-16.72114153293344,-49.31694982874225,goiania,GO
75071,-16.270377518999965,-48.95521499999995,anapolis,GO
75071,-16.283099999999944,-48.93799399999996,anapolis,GO
75071,-16.285149140124815,-48.94137766066036,anapolis,GO
75071,-16.277447855426637,-48.9542827054636,anápolis,GO
75071,-16.281624993107584,-48.94172042955604,anapolis,GO
77020,-10.194659948131218,-48.323723487431415,palmas,TO
77020,-10.194773204943735,-48.318594022656,palmas,TO
77020,-10.191916604799696,-48.31469777598245,palmas,TO
77020,-10.190291151574975,-48.31062090224077,palmas,TO
77020,-10.194773204943735,-48.318594022656,palmas,TO
77410,-11.722955143438059,-49.05938424719875,gurupi,TO
77410,-11.732654992420303,-49.07218273596817,gurupi,TO
77410,-11.728410034642101,-49.04953584767395,gurupi,TO
77410,-11.727157120805263,-49.04988610668415,gurupi,TO
77410,-11.732654992420303,-49.07218273596817,gurupi,TO
78270,-15.128437776292612,-58.12916901648826,salto do céu,MT
78270,-15.130076353429205,-58.134852111704106,salto do ceu,MT
78270,-15.128840194224425,-58.12939385564829,salto do ceu,MT
78270,-15.128305877884895,-58.13049806906588,salto do ceu,MT
78270,-15.128562199244442,-58.130436198065176,salto do ceu,MT
78345,-11.132596493636138,-58.60819714371606,castanheira,MT
78345,-11.13904139229583,-58.61311991981154,castanheira,MT
78345,-11.134390550523966,-58.60861399569103,castanheira,MT
78345,-11.136749941765677,-58.61026325890029,castanheira,MT
78345,-11.136749941765677,-58.61026325890029,castanheira,MT
78740,-16.478957116567617,-54.61738314210284,rondonopolis,MT
78740,-16.476372419095156,-54.62301239064574,rondonopolis,MT
78740,-16.470566999999996,-54.60859574999999,rondonopolis,MT
78740,-16.478146383836414,-54.62419104913721,rondonopolis,MT
78740,-16.474862430203654,-54.615693327081814,rondonópolis,MT
79083,-20.526142234575413,-54.65237068407386,campo grande,MS
79083,-20.514473580904834,-54.63715262280002,campo grande,MS
79083,-20.52965460225646,-54.642563202896795,campo grande,MS
79083,-20.527587309569178,-54.64881651821829,campo grande,MS
79083,-20.52214601680476,-54.64275569489303,campo grande,MS
79091,-20.492602523169296,-54.67093026144041,campo grande,MS
79091,-20.478343652778644,-54.6628566217035,campo grande,MS
79091,-20.495027504847425,-54.66760071758333,campo grande,MS
79091,-20.481939283917217,-54.66941391202602,campo grande,MS
79091,-20.48870393479231,-54.66477374705044,campo grande,MS
79150,-21.617147476604096,-55.17180102202648,maracaju,MS
79150,-21.615271736385182,-55.16389872186677,maracaju,MS
79150,-21.60547915752243,-55.17450678006726,maracaju,MS
79150,-21.634959764767373,-55.15344570763277,maracaju,MS
79150,-21.6414708086515,-55.16153387811737,maracaju,MS
79530,-18.32603810081622,-53.709807529904346,alcinópolis,MS
79530,-18.328193490816826,-53.71363198694216,alcinopolis,MS
79530,-18.324886442180023,-53.7092783282361,alcinopolis,MS
79530,-18.325217387789092,-53.7104026897485,alcinopolis,MS
79530,-18.32397999999995,-53.70423999999997,alcinopolis,MS
80510,-25.416444206215022,-49.28185035596391,curitiba,PR
80510,-25.421451537884465,-49.27619580030583,curitiba,PR
80510,-25.418619942552912,-49.28007983458363,curitiba,PR
80510,-25.42116304633859,-49.28417803052688,curitiba,PR
80510,-25.422485668330555,-49.274384145421074,curitiba,PR
81050,-25.49503825145709,-49.299601462952225,curitiba,PR
81050,-25.487257349174957,-49.30384735079267,curitiba,PR
81050,-25.491622485140592,-49.29594316763806,curitiba,PR
81050,-25.48637751788917,-49.29485450291418,curitiba,PR
81050,-25.490027503750913,-49.31294450291418,curitiba,PR
81110,-25.508277204459347,-49.29377559970583,curitiba,PR
81110,-25.509076231425404,-49.29216487370153,curitiba,PR
81110,-25.509590759911205,-49.28904379349651,curitiba,PR
81110,-25.509590759911205,-49.28904379349651,curitiba,PR
81110,-25.49795976242137,-49.28650325673722,curitiba,PR
81730,-25.506504042183643,-49.234914267961294,curitiba,PR
81730,-25.506521046078788,-49.22888364931621,curitiba,PR
81730,-25.504132442956934,-49.22660597986045,curitiba,PR
81730,-25.509720164579647,-49.23220505355196,curitiba,PR
81730,-25.50989057784642,-49.233293414363295,curitiba,PR
81825,-25.526084940879464,-49.27440966694559,curitiba,PR
81825,-25.529341641410355,-49.27788855467713,curitiba,PR
81825,-25.529449641410352,-49.277816554677116,curitiba,PR
81825,-25.52816828919734,-49.28178294033122,curitiba,PR
81825,-25.524222315697408,-49.27339268559613,curitiba,PR
82810,-25.43585833749783,-49.22158276824976,curitiba,PR
82810,-25.442801613364967,-49.209702286975634,curitiba,PR
82810,-25.43727033166945,-49.2127018112701,curitiba,PR
82810,-25.43607251511921,-49.21526047293555,curitiba,PR
82810,-25.441967515119206,-49.21680953121937,curitiba,PR
83010,-25.533552342489493,-49.18726902068778,sao jose dos pinhais,PR
83010,-25.53365267277395,-49.185608594783304,sao jose dos pinhais,PR
83010,-25.54224899388316,-49.18385303996193,sao jose dos pinhais,PR
83010,-25.55874897890818,-49.167828874689796,são josé dos pinhais,PR
83010,-25.532806539281236,-49.188719342702434,sao jose dos pinhais,PR
85604,-26.06368480687816,-53.05414926085676,francisco beltrao,PR
85604,-26.061428798303012,-53.050988938731,francisco beltrao,PR
85604,-26.070967690501327,-53.054859221892094,francisco beltrao,PR
85604,-26.07079421369513,-53.05603276721372,francisco beltrao,PR
85604,-26.05231251241722,-53.03449246484451,francisco beltrão,PR
85801,-24.961400882504734,-53.45816618100577,cascavel,PR
85801,-24.95875385103106,-53.46448761288649,cascavel,PR
85801,-24.96095658670457,-53.46534185636795,cascavel,PR
85801,-24.95646015448469,-53.472811873215385,cascavel,PR
85801,-24.9572526703113,-53.47015887758201,cascavel,PR
85802,-24.966371460470743,-53.46488320191585,cascavel,PR
85802,-24.969214860689306,-53.475074688642,cascavel,PR
85802,-24.962402438830665,-53.46166350152921,cascavel,PR
85802,-24.964842434935512,-53.46019314363205,cascavel,PR
85802,-24.969221978908177,-53.465230784032784,cascavel,PR
85812,-24.950870359714834,-53.45032742855887,cascavel,PR
85812,-24.94487696808814,-53.44656488510582,cascavel,PR
85812,-24.94753361529821,-53.453067012781936,cascavel,PR
85812,-24.95302743577224,-53.44787849443142,cascavel,PR
85812,-24.946356815684855,-53.44141745019897,cascavel,PR
86073,-23.280367482796247,-51.188884291727966,londrina,PR
86073,-23.287037919294857,-51.18616020864697,londrina,PR
86073,-23.283378036336288,-51.184123498864665,londrina,PR
86073,-23.274804841557927,-51.190107197526785,londrina,PR
86073,-23.285195788821582,-51.181510992354276,londrina,PR
86400,-23.154469325547332,-49.976786488459815,jacarezinho,PR
86400,-23.153423204270062,-49.97839227534763,jacarezinho,PR
86400,-23.169779291294184,-49.97808058573241,jacarezinho,PR
86400,-23.158886608872304,-49.97327207435557,jacarezinho,PR
86400,-23.163645309379223,-49.98989922597667,jacarezinho,PR
87015,-23.42880633856904,-51.971831350009275,maringa,PR
87015,-23.424598932385734,-51.96000092419413,maringa,PR
87015,-23.42880633856904,-51.971831350009275,maringá,PR
87015,-23.427358867056423,-51.958905748057134,maringa,PR
87015,-23.4187649851622,-51.95425359891871,maringá,PR
88075,-27.58917099140166,-48.579840372323886,florianopolis,SC
88075,-27.58302335221301,-48.581995270731234,florianopolis,SC
88075,-27.583788027208662,-48.58190901471518,florianopolis,SC
88075,-27.580599271460223,-48.57687558804157,florianopolis,SC
88075,-27.588388578134875,-48.57907081986844,florianopolis,SC
88301,-26.91626999999994,-48.65245999999996,itajaí,SC
88301,-26.914261104754722,-48.65405471405481,itajai,SC
88301,-26.91242141009627,-48.66179786142639,itajai,SC
88301,-26.91474900188041,-48.65587499247834,itajai,SC
88301,-26.90642717731769,-48.65644547151282,itajai,SC
88350,-27.12100682014913,-48.94116396455869,brusque,SC
88350,-27.093317521784314,-48.91618286081135,brusque,SC
88350,-27.097809496249088,-48.91819402553523,brusque,SC
88350,-27.09744351884074,-48.923658799132774,brusque,SC
88350,-27.131452736797733,-48.95093011990698,brusque,SC
88380,-26.73904243040152,-48.682774724589,balneário piçarras,SC
88380,-26.72459340297438,-48.68317628625917,balneário piçarras,SC
88380,-26.75728259218734,-48.684877630159804,balneario picarras,SC
88380,-26.756300999999947,-48.737410999999966,balneário piçarras,SC
88380,-26.736196296339113,-48.684467654711874,balneario picarras,SC
88703,-28.544618175464233,-49.06151957617777,tubarao,SC
88703,-28.530500562871435,-49.059055823475134,tubarão,SC
88703,-28.51837961849242,-49.05614364650952,tubarao,SC
88703,-28.531831316406006,-49.060267161665465,tubarao,SC
88703,-28.534645676901995,-49.05016227450036,tubarao,SC
89010,-26.921174162041062,-49.067103336739535,blumenau,SC
89010,-26.92573260727678,-49.06597479586245,blumenau,SC
89010,-26.917238280847414,-49.06779761020282,blumenau,SC
89010,-26.916659633360272,-49.06806343505108,blumenau,SC
89010,-26.925318272548918,-49.06269089009747,blumenau,SC
89023,-26.953576281983977,-49.08280584277794,blumenau,SC
89023,-26.954363704569875,-49.07743690429616,blumenau,SC
89023,-26.95510667180845,-49.071876601521765,blumenau,SC
89023,-26.95372180045007,-49.08090078212822,blumenau,SC
89023,-26.95197852484273,-49.07448745934555,blumenau,SC
89190,-27.11748865001931,-50.01200135402357,taio,SC
89190,-27.11491068987113,-49.987065462015835,taio,SC
89190,-27.117795707757512,-49.987955115044905,taio,SC
89190,-27.117016569458027,-49.99576608726328,taio,SC
89190,-27.11926218910364,-50.01141208534797,taio,SC
89251,-26.488925496537544,-49.0835115313636,jaragua do sul,SC
89251,-26.491731442148883,-49.07562289508913,jaragua do sul,SC
89251,-26.493818458497316,-49.07086001211406,jaragua do sul,SC
89251,-26.491488794240777,-49.08343692248053,jaragua do sul,SC
89251,-26.490585706016546,-49.070701853008266,jaragua do sul,SC
89288,-26.227777499999995,-49.41558674999999,sao bento do sul,SC
89288,-26.23391549485573,-49.41503900850364,são bento do sul,SC
89288,-26.227777499999995,-49.41558674999999,sao bento do sul,SC
89288,-26.231962655399936,-49.398399650170326,sao bento do sul,SC
89288,-26.23391549485573,-49.41503900850364,sao bento do sul,SC
89520,-27.288614821408185,-50.57696646191445,curitibanos,SC
89520,-27.292524736886143,-50.57667595628715,curitibanos,SC
89520,-27.289413617728492,-50.57883931647019,curitibanos,SC
89520,-27.299738640025367,-50.566724879681466,curitibanos,SC
89520,-27.289297119302592,-50.56977648843449,curitibanos,SC
01036,-23.541700023861782,-46.64131782056096,sao paulo,SP
01036,-23.541700023861782,-46.64131782056096,sao paulo,SP
01036,-23.54131144157196,-46.64188583152521,sao paulo,SP
01036,-23.540176426812717,-46.64415913591924,sao paulo,SP
01036,-23.542828083530566,-46.63939930668248,sao paulo,SP
01106,-23.532496356079495,-46.62640566388715,sao paulo,SP
01106,-23.531867968088136,-46.62903002775692,sao paulo,SP
01106,-23.531062064948905,-46.629505278925556,sao paulo,SP
01106,-23.531046789341573,-46.62742613696694,sao paulo,SP
01106,-23.531062064948905,-46.629505278925556,são paulo,SP
01222,-23.547159576461446,-46.64989460560333,são paulo,SP
01222,-23.54575486372553,-46.65030098889149,sao paulo,SP
01222,-23.545407510675812,-46.64725200000001,sao paulo,SP
01222,-23.545899995556603,-46.651455518870115,são paulo,SP
01222,-23.545460503750906,-46.64710252553522,sao paulo,SP
01323,-23.56360092810872,-46.64096891541434,sao paulo,SP
01323,-23.563519438802,-46.64097485123205,sao paulo,SP
01323,-23.560777607606955,-46.6413224096968,sao paulo,SP
01323,-23.56640335729583,-46.64203684477313,sao paulo,SP
01323,-23.571643976686474,-46.64129065751052,sao paulo,SP
01411,-23.568546850380155,-46.66483313596545,sao paulo,SP
01411,-23.566090714409345,-46.66660173313523,sao paulo,SP
01411,-23.566757008598344,-46.666731159443756,sao paulo,SP
01411,-23.566954369409682,-46.66759384347044,sao paulo,SP
01411,-23.565137260055437,-46.66566220136759,sao paulo,SP
01552,-23.573835900917526,-46.611013372900786,sao paulo,SP
01552,-23.56555295697963,-46.61139073645346,sao paulo,SP
01552,-23.571588239949982,-46.61085193080584,sao paulo,SP
01552,-23.573476875382298,-46.61104279961335,sao paulo,SP
01552,-23.571955068555592,-46.61119233625707,sao paulo,SP
02119,-23.513593871775623,-46.59299115736628,sao paulo,SP
02119,-23.51540381487679,-46.59365749777828,sao paulo,SP
02119,-23.5103277418778,-46.590466441860414,sao paulo,SP
02119,-23.511941999999998,-46.594748249999995,são paulo,SP
02119,-23.51727754373667,-46.58662669863085,sao paulo,SP
02513,-23.512526287812356,-46.65652459893825,sao paulo,SP
02513,-23.512526287812356,-46.65652459893825,sao paulo,SP
02513,-23.71473342074937,-46.778701320006206,são paulo,SP
02513,-23.512489868717203,-46.656143172081464,sao paulo,SP
02513,-23.714567000380352,-46.77800571702899,sao paulo,SP
02846,-23.46490177629982,-46.6951675700848,sao paulo,SP
02846,-23.464673141266115,-46.69727407868314,sao paulo,SP
02846,-23.46797922093021,-46.69484578587911,sao paulo,SP
02846,-23.460295850683796,-46.69739129822837,sao paulo,SP
02846,-23.46268055229897,-46.69939280419391,sao paulo,SP
02883,-23.440038612401093,-46.71668596451273,sao paulo,SP
02883,-23.4424712828207,-46.71589103996193,sao paulo,SP
02883,-23.440212000000002,-46.71217799999999,sao paulo,SP
02883,-23.437432355124646,-46.71197201648296,sao paulo,SP
02883,-23.44218328282069,-46.71588106549715,sao paulo,SP
03006,-23.540241447400344,-46.62486527655961,sao paulo,SP
03006,-23.542827024150245,-46.623897989324185,sao paulo,SP
03006,-23.540989315857747,-46.62404190660167,sao paulo,SP
03006,-23.540241447400344,-46.62486527655961,sao paulo,SP
03006,-23.540966644180315,-46.624149067863094,sao paulo,SP
03017,-23.536955808211697,-46.60876390368748,sao paulo,SP
03017,-23.533704,-46.61252999999999,sao paulo,SP
03017,-23.539547975301495,-46.61220743574357,sao paulo,SP
03017,-23.534876556754593,-46.61115365514457,sao paulo,SP
03017,-23.534813556754596,-46.611212155144564,sao paulo,SP
03035,-23.524194342489487,-46.613838068844046,sao paulo,SP
03035,-23.52753632806276,-46.614114168186305,sao paulo,SP
03035,-23.524194342489487,-46.613838068844046,sao paulo,SP
03035,-23.527479730221042,-46.614151842922176,são paulo,SP
03035,-23.525223139332883,-46.61619474479199,sao paulo,SP
03134,-23.585400696585772,-46.58427399775607,sao paulo,SP
03134,-23.58474495679707,-46.58430283693359,sao paulo,SP
03134,-23.58474495679707,-46.58430283693359,sao paulo,SP
03134,-23.58474495679707,-46.58430283693359,sao paulo,SP
03134,-23.58474495679707,-46.58430283693359,sao paulo,SP
03187,-23.566230979700467,-46.58020347785505,sao paulo,SP
03187,-23.565942586733215,-46.58009020705173,são paulo,SP
03187,-23.56378434693289,-46.57886682001267,são paulo,SP
03187,-23.55833851901435,-46.57922704065443,sao paulo,SP
03187,-23.564004653067116,-46.5790267821282,sao paulo,SP
03273,-23.575656635581964,-46.55958192630852,sao paulo,SP
03273,-23.575202329447748,-46.559582460038044,sao paulo,SP
03273,-23.57841833611285,-46.5592068753823,sao paulo,SP
03273,-23.578318844445207,-46.56142088891244,sao paulo,SP
03273,-23.57841833611285,-46.5592068753823,sao paulo,SP
03279,-23.58547197890817,-46.54426644087946,sao paulo,SP
03279,-23.586395927422156,-46.54463586559015,sao paulo,SP
03279,-23.585909762421363,-46.53907354010619,sao paulo,SP
03279,-23.58528327254891,-46.53982254149114,sao paulo,SP
03279,-23.580874917017685,-46.54136666985977,sao paulo,SP
03693,-23.532132803220037,-46.476710497085804,sao paulo,SP
03693,-23.530353956979624,-46.479062519706844,são paulo,SP
03693,-23.532566112960936,-46.47599399180568,sao paulo,SP
03693,-23.531289192336565,-46.47717934041202,sao paulo,SP
03693,-23.531463858733876,-46.477674162502154,sao paulo,SP
03694,-23.537922030359404,-46.47769578680452,sao paulo,SP
03694,-23.536261194010013,-46.4761270320561,são paulo,SP
03694,-23.52590828864725,-46.474847333166245,sao paulo,SP
03694,-23.527039610046742,-46.47442110837331,sao paulo,SP
03694,-23.53660260782505,-46.47504984485541,sao paulo,SP
03819,-23.498605875382296,-46.49745430252752,são paulo,SP
03819,-23.49956479961335,-46.49527227407813,são paulo,SP
03819,-23.500049646305367,-46.495608958807075,sao paulo,SP
03819,-23.49572475437128,-46.49851173466445,sao paulo,SP
03819,-23.49915923397195,-46.49757079961335,sao paulo,SP
03821,-23.49517247515727,-46.50119464071786,são paulo,SP
03821,-23.488092534277794,-46.503605766028045,sao paulo,SP
03821,-23.489234368051672,-46.50253783143728,sao paulo,SP
03821,-23.49220499999999,-46.5051465,sao paulo,SP
03821,-23.489234368051672,-46.50253783143728,sao paulo,SP
03931,-23.581599883432386,-46.49386147391651,são paulo,SP
03931,-23.581735047495982,-46.49559010328916,sao paulo,SP
03931,-23.579822263113854,-46.49443468789316,sao paulo,SP
03931,-23.580872832361933,-46.495631488891505,sao paulo,SP
03931,-23.58248294171619,-46.49353950666511,sao paulo,SP
03977,-23.61651686594724,-46.49485410421835,são paulo,SP
03977,-23.61453334264133,-46.48986520794312,são paulo,SP
03977,-23.617729470180176,-46.49108349438288,sao paulo,SP
03977,-23.619852197993595,-46.497619773055895,sao paulo,SP
03977,-23.623450035450134,-46.49167907393345,sao paulo,SP
04102,-23.592723631975286,-46.6315844403312,sao paulo,SP
04102,-23.593477829345726,-46.6300893712196,sao paulo,SP
04102,-23.592533914523916,-46.6316995809894,sao paulo,SP
04102,-23.593477829345726,-46.6300893712196,sao paulo,SP
04102,-23.590329522550334,-46.63175129640077,sao paulo,SP
04161,-23.626254803220036,-46.61854952262104,sao paulo,SP
04161,-23.638299904524203,-46.61265460130417,sao paulo,SP
04161,-23.63037584984707,-46.61679304579032,sao paulo,SP
04161,-23.62529445406544,-46.61753224034858,sao paulo,SP
04161,-23.628916561746255,-46.61738589800333,sao paulo,SP
04216,-23.59684141993188,-46.59929756924808,sao paulo,SP
04216,-23.597860271150555,-46.59939648144286,sao paulo,SP
04216,-23.59726551843778,-46.6055721090656,são paulo,SP
04216,-23.591765598389983,-46.598122540106175,sao paulo,SP
04216,-23.596899401610017,-46.60005832070516,são paulo,SP
04269,-23.594828563419696,-46.612310207600004,sao paulo,SP
04269,-23.603892485429043,-46.61147214931621,sao paulo,SP
04269,-23.594828563419696,-46.612310207600004,são paulo,SP
04269,-23.60478923636668,-46.61362385257414,sao paulo,SP
04269,-23.60576342714523,-46.61312165306711,sao paulo,SP
04438,-23.677741089647412,-46.66864662392521,sao paulo,SP
04438,-23.676302686046217,-46.66880079992426,sao paulo,SP
04438,-23.68342795391704,-46.67308858647866,sao paulo,SP
04438,-23.68333153651148,-46.67247801419013,sao paulo,SP
04438,-23.67580173105776,-46.670181396474106,sao paulo,SP
04476,-23.713052505361883,-46.61991569705063,sao paulo,SP
04476,-23.704869771856423,-46.628434267557246,sao paulo,SP
04476,-23.705885718276484,-46.6307836450415,sao paulo,SP
04476,-23.705885718276484,-46.6307836450415,são paulo,SP
04476,-23.70666732001268,-46.62896802331352,sao paulo,SP
04534,-23.585617665560594,-46.67832382431186,sao paulo,SP
04534,-23.58451860727678,-46.674255489035716,sao paulo,SP
04534,-23.5854953233309,-46.67807916847479,são paulo,SP
04534,-23.585815341652765,-46.67924139439665,sao paulo,SP
04534,-23.586187882595656,-46.68098708021236,sao paulo,SP
17034,-22.305639680591106,-49.02685106362223,bauru,SP
17034,-22.3130330385483,-49.032716929511174,bauru,SP
17034,-22.31314080578085,-49.03334319761347,bauru,SP
17034,-22.309677772633464,-49.020802438667985,bauru,SP
17034,-22.30574948932419,-49.02164060897887,bauru,SP
17056,-22.353122459390228,-49.0981396206503,bauru,SP
17056,-22.356905133280733,-49.100677362549,bauru,SP
17056,-22.348721461019004,-49.10185245363276,bauru,SP
17056,-22.35836674963942,-49.0987052134284,bauru,SP
17056,-22.34802018402669,-49.10121222771089,bauru,SP
17250,-22.087700920983714,-48.7476570587839,bariri,SP
17250,-22.085794914046556,-48.750189410204115,bariri,SP
17250,-22.07034912934884,-48.743858608240586,bariri,SP
17250,-22.082414981604796,-48.734922703590044,bariri,SP
17250,-22.081455238649344,-48.74495497749294,bariri,SP
17500,-22.217405964096468,-49.95110711067839,marilia,SP
17500,-22.21770077185643,-49.952058935887806,marilia,SP
17500,-22.215135184884087,-49.95026327985473,marilia,SP
17500,-22.210584862888815,-49.95378162906109,marília,SP
17500,-22.220847870102176,-49.94986123841536,marilia,SP
17602,-21.935321019185277,-50.49756182976886,tupa,SP
17602,-21.935321019185277,-50.49756182976886,tupa,SP
17602,-21.934053936731498,-50.50094696651133,tupa,SP
17602,-21.935683445541986,-50.494383359149246,tupa,SP
17602,-21.92362352130356,-50.50515226102848,tupã,SP
17690,-21.925766053626717,-50.74077415347185,bastos,SP
17690,-21.915550982226105,-50.72435234171211,bastos,SP
17690,-21.92129805693389,-50.72452165221461,bastos,SP
17690,-21.925758865590616,-50.72932753361789,bastos,SP
17690,-21.927463521748795,-50.73805721394393,bastos,SP
18025,-23.520480249006216,-47.44649732938174,sorocaba,SP
18025,-23.522893627531886,-47.44546262378098,sorocaba,SP
18025,-23.519762717179294,-47.446878394396656,sorocaba,SP
18025,-23.50992286733222,-47.44050017583238,sorocaba,SP
18025,-23.509778867332216,-47.44048217583237,sorocaba,SP
18132,-23.476183242963863,-47.145859803439556,sao roque,SP
18132,-23.523842347472797,-47.138486388064436,sao roque,SP
18132,-23.513349977067115,-47.1412614423687,são roque,SP
18132,-23.525629994895468,-47.13951957009586,sao roque,SP
18132,-23.517015458956617,-47.142912098117826,sao roque,SP
18134,-23.52369596342623,-47.13252732167518,sao roque,SP
18134,-23.52083386427836,-47.12972143041517,sao roque,SP
18134,-23.527259900007618,-47.131515411120795,sao roque,SP
18134,-23.521319465722204,-47.131450726758594,sao roque,SP
18134,-23.52354361809682,-47.13200089454089,sao roque,SP
18271,-23.32324191018052,-47.8687957109749,tatui,SP
18271,-23.34754995613486,-47.83529083183502,tatui,SP
18271,-23.344480490384893,-47.82452011018317,tatui,SP
18271,-23.345970659969772,-47.84160198349558,tatuí,SP
18271,-23.347366017532735,-47.82838103605637,tatui,SP
18609,-22.849966076405842,-48.45374432747297,botucatu,SP
18609,-22.847356456287145,-48.45092178420567,botucatu,SP
18609,-22.849783072162268,-48.452410759651414,botucatu,SP
18609,-22.8670956849737,-48.445804289351415,botucatu,SP
18609,-22.864205095475796,-48.4491898760748,botucatu,SP
18900,-22.883610865880744,-49.61785424118465,santa cruz do rio pardo,SP
18900,-22.90006242292841,-49.62587762136803,santa cruz do rio pardo,SP
18900,-22.888052189614253,-49.62460208097019,santa cruz do rio pardo,SP
18900,-22.881725600851826,-49.6207359076665,santa cruz do rio pardo,SP
18900,-22.898992480988078,-49.63064555615665,santa cruz do rio pardo,SP
19700,-22.430861482369068,-50.57420394458222,paraguacu paulista,SP
19700,-22.405608757438532,-50.57765491735579,paraguacu paulista,SP
19700,-22.416777701744934,-50.57794555056958,paraguaçu paulista,SP
19700,-22.42305362718813,-50.581591640538555,paraguacu paulista,SP
19700,-22.405676703107694,-50.57737818267866,paraguacu paulista,SP
19814,-22.64961538190318,-50.406862966414685,assis,SP
19814,-22.66712692856859,-50.41649000676698,assis,SP
19814,-22.65771633527612,-50.41128274132955,assis,SP
19814,-22.656597745426716,-50.40846880021262,assis,SP
19814,-22.65499883819031,-50.408493700386636,assis,SP
20261,-22.925732829755905,-43.22234726520112,rio de janeiro,RJ
20261,-22.92311913656292,-43.21745927240467,rio de janeiro,RJ
20261,-22.91927432390783,-43.210597128772626,rio de janeiro,RJ
20261,-22.92652301249348,-43.211870838046096,rio de janeiro,RJ
20261,-22.926475571469776,-43.20847260312183,rio de janeiro,RJ
27937,-22.39913877640838,-41.79264119818028,macae,RJ
27937,-22.39481642012616,-41.788956028907506,macae,RJ
27937,-22.39555597193505,-41.79426673670607,macae,RJ
27937,-22.39765888773033,-41.79162962300437,macae,RJ
27937,-22.39619468657065,-41.799637088455796,macae,RJ
28010,-21.76030683669503,-41.32653140262073,campos dos goytacazes,RJ
28010,-21.76359750776848,-41.323633865365096,campos dos goytacazes,RJ
28010,-21.76355297614938,-41.32671547620597,campos dos goytacazes,RJ
28010,-21.7593039330837,-41.32281920236441,campos dos goytacazes,RJ
28010,-21.759519602743783,-41.31760009345314,campos dos goytacazes,RJ
28633,-22.24089188402516,-42.524677667995704,nova friburgo,RJ
28633,-22.239389761527637,-42.53459677035339,nova friburgo,RJ
28633,-22.256794139367184,-42.53150556084369,nova friburgo,RJ
28633,-22.22501946537553,-42.5276760816526,nova friburgo,RJ
28633,-22.239107336025196,-42.53450446007027,nova friburgo,RJ
28909,-22.899295443931194,-42.04634624285419,cabo frio,RJ
28909,-22.890475075181314,-42.04819841624389,cabo frio,RJ
28909,-22.891946366170487,-42.04730414525353,cabo frio,RJ
28909,-22.91092431823362,-42.05928136957708,cabo frio,RJ
28909,-22.897420006954867,-42.04404759534204,cabo frio,RJ
29305,-20.85994140630161,-41.10689951005736,cachoeiro de itapemirim,ES
29305,-20.84742678096677,-41.15473910842672,cachoeiro de itapemirim,ES
29305,-20.85733871325847,-41.107460904609205,cachoeiro de itapemirim,ES
29305,-20.837443090355055,-41.11223270575063,cachoeiro de itapemirim,ES
29305,-20.85733871325847,-41.107460904609205,cachoeiro de itapemirim,ES
30230,-19.939705074785014,-43.90862671564922,belo horizonte,MG
30230,-19.93773306369717,-43.91105463782998,belo horizonte,MG
30230,-19.920877042527124,-43.87805189454315,belo horizonte,MG
30230,-19.81148132727459,-43.98406366237202,belo horizonte,MG
30230,-19.93762132463025,-43.91137834347943,belo horizonte,MG
30315,-19.95455748237063,-43.93409969455826,belo horizonte,MG
30315,-19.951513166801345,-43.93677624632119,belo horizonte,MG
30315,-19.952864800450072,-43.93143811449013,belo horizonte,MG
30315,-19.95620881877193,-43.933146804749235,belo horizonte,MG
30315,-19.954607311414346,-43.925840402995,belo horizonte,MG
31520,-19.815697665012323,-43.9753305807606,belo horizonte,MG
31520,-19.820686509605192,-43.96612020459505,belo horizonte,MG
31520,-19.81784364984432,-43.96815514130466,belo horizonte,MG
31520,-19.817488445467095,-43.97637258964741,belo horizonte,MG
31520,-19.82413442954437,-43.962729875140646,belo horizonte,MG
31610,-19.814058880373956,-43.95821615251886,belo horizonte,MG
31610,-19.812007444918834,-43.9531429247793,belo horizonte,MG
31610,-19.81332017845811,-43.95982982500434,belo horizonte,MG
31610,-19.80899607132555,-43.95520586857298,belo horizonte,MG
31610,-19.809664532892818,-43.952978807663435,belo horizonte,MG
31680,-19.80178846378896,-43.99604119900167,belo horizonte,MG
31680,-19.79927064418031,-43.99960323466445,belo horizonte,MG
31680,-19.80237051067581,-43.99615232653355,belo horizonte,MG
31680,-19.798303499999992,-43.99772850000001,belo horizonte,MG
31680,-19.802602144688944,-43.99283812883878,belo horizonte,MG
31910,-19.865544862340563,-43.920528432425364,belo horizonte,MG
31910,-19.87627830452804,-43.915046551868734,belo horizonte,MG
31910,-19.87627830452804,-43.915046551868734,belo horizonte,MG
31910,-19.873605090484123,-43.91617891895093,belo horizonte,MG
31910,-19.866989876151397,-43.92397204375879,belo horizonte,MG
32240,-19.973247970932068,-44.04300362581713,contagem,MG
32240,-19.87137592876918,-44.04168392288872,contagem,MG
32240,-19.96682624862334,-44.0442374702404,contagem,MG
32240,-19.96566766064056,-44.04211663356943,contagem,MG
32240,-19.97109826675625,-44.052639658142084,contagem,MG
32655,-19.96723491194755,-44.17741779771462,betim,MG
32655,-19.972181678946928,-44.209463540533655,betim,MG
32655,-19.97650674271452,-44.17888125437128,betim,MG
32655,-19.96813962392521,-44.17632752775693,betim,MG
32655,-19.97067592645275,-44.17749796794391,betim,MG
35500,-20.145352948224893,-44.869438133231476,divinopolis,MG
35500,-20.12957139326448,-44.87719593370839,divinopolis,MG
35500,-20.165349842518822,-44.84809887996998,divinopolis,MG
35500,-20.141101870687958,-44.8983081702877,divinopolis,MG
35500,-20.140068580976507,-44.88872354687964,divinopolis,MG
14050,-21.165523617808372,-47.82058841297831,ribeirao preto,SP
14050,-21.17136054094289,-47.815862260055425,ribeirão preto,SP
14050,-21.19017772938432,-47.773446370246404,ribeirao preto,SP
14050,-21.16706015459632,-47.82230928267647,ribeirao preto,SP
14050,-21.166757235356933,-47.82494514570951,ribeirao preto,SP
14079,-21.13051563134399,-47.73729320663828,ribeirao preto,SP
14079,-21.13022152039933,-47.73662807216226,ribeirao preto,SP
14079,-21.123943428530215,-47.74410578919735,ribeirao preto,SP
14079,-21.134261619314763,-47.73924736454107,ribeirao preto,SP
14079,-21.12080611656761,-47.74035650346245,ribeirao preto,SP
14095,-21.189544354823074,-47.759722354823076,ribeirao preto,SP
14095,-21.194596141554584,-47.768748758526236,ribeirao preto,SP
14095,-21.190275671100512,-47.772699370246414,ribeirao preto,SP
14095,-21.188764942887175,-47.769870647308956,ribeirao preto,SP
14095,-21.188764942887175,-47.769870647308956,ribeirao preto,SP
15601,-20.29811259961654,-50.25331663457617,fernandopolis,SP
15601,-20.297575399086895,-50.26553470933993,fernandópolis,SP
15601,-20.294645349322366,-50.25372951457052,fernandopolis,SP
15601,-20.29726481793373,-50.2660407292398,fernandopolis,SP
15601,-20.292555131702027,-50.25301170992143,fernandopolis,SP
15993,-21.620926571469777,-48.37110369219234,matao,SP
15993,-21.618596848502523,-48.360271103041214,matao,SP
15993,-21.623923216244737,-48.362761273607035,matão,SP
15993,-21.632982457535764,-48.36606874135837,matao,SP
15993,-21.61768493922313,-48.36392423369361,matao,SP
16500,-21.808016999999996,-49.620649499999985,cafelandia,SP
16500,-21.808028176872554,-49.618730683810035,cafelandia,SP
16500,-21.799911229363364,-49.61122926164415,cafelândia,SP
16500,-21.808257907329665,-49.59904863695151,cafelandia,SP
16500,-21.813317843411042,-49.598195541953004,cafelandia,SP
17209,-22.26653879678754,-48.540636950071395,jau,SP
17209,-22.291048917565952,-48.55045009631251,jau,SP
17209,-22.285616367512226,-48.546514357035896,jau,SP
17209,-22.262003916180973,-48.54086432139766,jau,SP
17209,-22.264305727022535,-48.54492335921931,jau,SP
18016,-23.493068538721197,-47.42864709714923,sorocaba,SP
18016,-23.498064303912518,-47.43131485414626,sorocaba,SP
18016,-23.490434723844395,-47.42952715958796,sorocaba,SP
18016,-23.502098495033767,-47.42532723618334,sorocaba,SP
18016,-23.497297595620026,-47.42132904509783,sorocaba,SP
18045,-23.52280830030584,-47.48551750069248,sorocaba,SP
18045,-23.52429725580961,-47.48531664030465,sorocaba,SP
18045,-23.515721046627053,-47.48537851387846,sorocaba,SP
18045,-23.52031112008297,-47.4874893602489,sorocaba,SP
18045,-23.5182422878001,-47.486238950957485,sorocaba,SP
18046,-23.507437499999998,-47.46449025,sorocaba,SP
18046,-23.528837747518295,-47.47523537402284,sorocaba,SP
18046,-23.5189925836748,-47.47668886164807,sorocaba,SP
18046,-23.52141183319866,-47.476687505135885,sorocaba,SP
18046,-23.525054217531604,-47.479667659915386,sorocaba,SP
18611,-22.872417407209937,-48.432854748380386,botucatu,SP
18611,-22.877251825985294,-48.434039114490155,botucatu,SP
18611,-22.873021759811106,-48.435646706698144,botucatu,SP
18611,-22.874081877055737,-48.432899304749235,botucatu,SP
18611,-22.87367304302036,-48.43893237523808,botucatu,SP
18700,-23.106730297208927,-48.929535599655736,avare,SP
18700,-23.101046767069047,-48.92130788415109,avare,SP
18700,-23.108122897022387,-48.928146003606685,avare,SP
18700,-23.108504610158622,-48.91828525842257,avare,SP
18700,-23.10044824340702,-48.92321949806675,avare,SP
18720,-23.385781657436016,-48.72273404456263,paranapanema,SP
18720,-23.3906536354167,-48.72169456252607,paranapanema,SP
18720,-23.382782663325667,-48.72998256746122,paranapanema,SP
18720,-23.37959625529186,-48.726197821225355,paranapanema,SP
18720,-23.38117841188744,-48.72693879098855,paranapanema,SP
19400,-21.881549344197193,-51.84621930031394,presidente venceslau,SP
19400,-21.872572933878367,-51.83616699620417,presidente venceslau,SP
19400,-21.8862429878333,-51.843100686744165,presidente venceslau,SP
19400,-21.869031885826075,-51.83773379294072,presidente venceslau,SP
19400,-21.873466578134273,-51.84728777290633,presidente venceslau,SP
20061,-22.905911692480792,-43.18657247155059,rio de janeiro,RJ
20061,-22.904992634196994,-43.185772110739244,rio de janeiro,RJ
20061,-22.907677452680456,-43.18574272107444,rio de janeiro,RJ
20061,-22.90617551096427,-43.1861327282878,rio de janeiro,RJ
20061,-22.90546812693363,-43.18537562852923,rio de janeiro,RJ
20270,-22.920104850395337,-43.22138202997862,rio de janeiro,RJ
20270,-22.917327369149884,-43.22326612724342,rio de janeiro,RJ
20270,-22.9123488706791,-43.21554558353057,rio de janeiro,RJ
20270,-22.9139305681229,-43.21842471746775,rio de janeiro,RJ
20270,-22.92037271273589,-43.22109635178031,rio de janeiro,RJ
30775,-19.901055813491816,-43.97429969302907,belo horizonte,MG
30775,-19.900960313895844,-43.971923399936564,belo horizonte,MG
30775,-19.889156999999948,-43.96980049999996,belo horizonte,MG
30775,-19.89631390368748,-43.96726764253554,belo horizonte,MG
30775,-19.8941506898043,-43.96711142539162,belo horizonte,MG
30882,-19.885567704137554,-44.008161967799666,belo horizonte,MG
30882,-19.880930124963356,-44.00761644147912,belo horizonte,MG
30882,-19.884107975301497,-44.00733222355594,belo horizonte,MG
30882,-19.882980094639077,-44.01058442353857,belo horizonte,MG
30882,-19.88514347821569,-44.009741840123546,belo horizonte,MG
31710,-19.843708202868147,-43.95899630890419,belo horizonte,MG
31710,-19.842806232298503,-43.958133634052764,belo horizonte,MG
31710,-19.839800178746568,-43.95244234347042,belo horizonte,MG
31710,-19.835822409660093,-43.9608813887125,belo horizonte,MG
31710,-19.838028404668435,-43.95426115029714,belo horizonte,MG
33125,-19.791047556323953,-43.93994054762264,santa luzia,MG
33125,-19.782514007117324,-43.936478111999755,santa luzia,MG
33125,-19.795151929909597,-43.94397880866141,santa luzia,MG
33125,-19.793192805531135,-43.94168122548761,santa luzia,MG
33125,-19.790700460193865,-43.93730663400773,santa luzia,MG
35032,-18.87187599180023,-41.960171807646226,governador valadares,MG
35032,-18.867996838145643,-41.96300942710408,governador valadares,MG
35032,-18.862325403911157,-41.952601239152095,governador valadares,MG
35032,-18.865570175906612,-41.961497205917475,governador valadares,MG
35032,-18.87173192461467,-41.96423507817117,governador valadares,MG
35501,-20.15825132557966,-44.88243792415554,divinopolis,MG
35501,-20.16078018253614,-44.89988209456939,divinópolis,MG
35501,-20.18396390442047,-44.90161807097957,divinópolis,MG
35501,-20.168161640192622,-44.91081834181144,divinopolis,MG
35501,-20.17722561248762,-44.90902132157092,divinopolis,MG
35738,-19.48730695994075,-44.15909729564294,prudente de morais,MG
35738,-19.48138837673923,-44.159409497318315,prudente de morais,MG
35738,-19.47726785547596,-44.15885332561409,prudente de morais,MG
35738,-19.473725733674552,-44.158813949754645,prudente de morais,MG
35738,-19.471069383977447,-44.16115508419149,prudente de morais,MG
35908,-19.711924938095745,-43.47856660786325,bom jesus do amparo,MG
35908,-19.70798266214414,-43.475528183736216,bom jesus do amparo,MG
35908,-19.710983999999947,-43.46683999999996,bom jesus do amparo,MG
35908,-19.702620614212236,-43.476234666822236,bom jesus do amparo,MG
35908,-19.709999318566044,-43.47819634791081,bom jesus do amparo,MG
36700,-21.526803364146524,-42.64106019317997,leopoldina,MG
36700,-21.5356932463283,-42.645554382029395,leopoldina,MG
36700,-21.532340003634157,-42.639482632784684,leopoldina,MG
36700,-21.520103139069654,-42.63208588914304,leopoldina,MG
36700,-21.530657789660495,-42.63621576942927,leopoldina,MG
37135,-21.420179371992422,-45.959964474046224,alfenas,MG
37135,-21.42002941036599,-45.977242965210905,alfenas,MG
37135,-21.422203923253328,-45.96760314836239,alfenas,MG
37135,-21.42099747280945,-45.97691378016486,alfenas,MG
37135,-21.421864697815003,-45.96159753905042,alfenas,MG
37260,-21.090127120815918,-45.09004846818983,perdoes,MG
37260,-21.10052146526631,-45.09325231492097,perdões,MG
37260,-21.09214016306583,-45.087275578624606,perdoes,MG
37260,-21.102525209885812,-45.092692768237505,perdoes,MG
37260,-21.09507267429451,-45.0772012762928,perdoes,MG
37443,-21.956309999999995,-44.882378788136165,baependi,MG
37443,-21.957686037543912,-44.88693038054984,baependi,MG
37443,-21.958915499999996,-44.893152,baependi,MG
37443,-21.957900342945024,-44.885596203252746,baependi,MG
37443,-21.955729929421512,-44.88936682965589,baependi,MG
37704,-21.79791178528385,-46.53384686321257,pocos de caldas,MG
37704,-21.793600898317838,-46.53115505652094,pocos de caldas,MG
37704,-21.79672732261984,-46.537576688631155,pocos de caldas,MG
37704,-21.80539395189454,-46.547156269751,poços de caldas,MG
37704,-21.788310897012327,-46.53402985553431,pocos de caldas,MG
37902,-20.72821888718611,-46.61553106180694,passos,MG
37902,-20.72195896502322,-46.61825280317156,passos,MG
37902,-20.73421862318776,-46.61226356269503,passos,MG
37902,-20.723518316799048,-46.614544947896434,passos,MG
37902,-20.726108036829917,-46.614719892157865,passos,MG
38408,-18.925348871775622,-48.24236513543774,uberlandia,MG
38408,-18.918517588954924,-48.26226926380634,uberlandia,MG
38408,-18.927277526272604,-48.24445408653066,uberlandia,MG
38408,-18.93348593005943,-48.26485215375959,uberlandia,MG
38408,-18.93124707744239,-48.228496328755256,uberlandia,MG
39740,-18.784967749437957,-42.944086961896645,guanhaes,MG
39740,-18.775518376593972,-42.93030643762445,guanhaes,MG
39740,-18.782104281847676,-42.94087228120039,guanhaes,MG
39740,-18.78560563744776,-42.94502573260029,guanhães,MG
39740,-18.77125451209695,-42.93199150398109,guanhaes,MG
41217,-12.93396061072663,-38.43870462962258,salvador,BA
41217,-12.935521507868277,-38.43857152386936,salvador,BA
41217,-12.935521507868277,-38.43857152386936,salvador,BA
41217,-12.953273878207858,-38.497240278158074,salvador,BA
41217,-12.938073429576159,-38.43714660758419,salvador,BA
44059,-12.2033457288839,-38.94829995438353,feira de santana,BA
44059,-12.210538500000006,-38.943335250000004,feira de santana,BA
44059,-12.186037311675461,-38.91828044232538,feira de santana,BA
44059,-12.2033457288839,-38.94829995438353,feira de santana,BA
44059,-12.20427899999999,-38.95149374999998,feira de santana,BA
45445,-13.947826311759126,-39.1042831358561,camamu,BA
45445,-14.022335999999946,-39.206977999999964,camamu,BA
45445,-13.943687995779262,-39.10861405843092,camamu,BA
45445,-13.943624988436802,-39.10363952803102,camamu,BA
45445,-13.944642527679525,-39.107094327629596,camamu,BA
45455,-13.776043281211935,-39.68094780761666,itamari,BA
45455,-13.780472463307008,-39.685261821639656,itamari,BA
45455,-13.779499357239672,-39.685769593483634,itamari,BA
45455,-13.780237499999998,-39.685772249999985,itamari,BA
45455,-13.774671444131524,-39.681214460171205,itamari,BA
53080,-7.963940762550379,-34.85381153653876,olinda,PE
53080,-7.962319078827367,-34.853648448785314,olinda,PE
53080,-7.959337311997845,-34.85322007655514,olinda,PE
53080,-7.96328108523942,-34.84889225680064,olinda,PE
53080,-7.9676510757094805,-34.84835752632348,olinda,PE
53401,-7.947378378984839,-34.88790974626262,paulista,PE
53401,-7.951579984661157,-34.876788632077314,paulista,PE
53401,-7.942230000000004,-34.87999500000001,paulista,PE
53401,-7.940759834295702,-34.88384019885395,paulista,PE
53401,-7.939709053904539,-34.8730863302491,paulista,PE
56800,-7.749231126194527,-37.63685582174986,afogados da ingazeira,PE
56800,-7.748745884523774,-37.646077159077514,afogados da ingazeira,PE
56800,-7.750205749614427,-37.63785050760675,afogados da ingazeira,PE
56800,-7.74254770352615,-37.6355587011321,afogados da ingazeira,PE
56800,-8.070896780389043,-34.907350978543775,afogados da ingazeira,PE
58015,-7.1340922938533655,-34.874858077100775,joao pessoa,PB
58015,-7.130982478215691,-34.88001333527612,joao pessoa,PB
58015,-7.137221553147915,-34.87665393075193,joao pessoa,PB
58015,-7.130391924519513,-34.87058980045008,joao pessoa,PB
58015,-7.138598658295586,-34.87929411390146,joao pessoa,PB
58027,-7.1018830177488645,-34.860489001731956,joão pessoa,PB
58027,-7.0956424626901615,-34.86679474626724,joao pessoa,PB
58027,-7.099540730540537,-34.86005893233783,joao pessoa,PB
58027,-7.095144461655651,-34.863908256362514,joao pessoa,PB
58027,-7.099094818844221,-34.867775048899404,joao pessoa,PB
59300,-6.4691147908551105,-37.094479370604446,caico,RN
59300,-6.46268967353044,-37.09221004771797,caico,RN
59300,-6.445790999999991,-37.08206775000001,caico,RN
59300,-6.475221071233259,-37.08324902532233,caicó,RN
59300,-6.457768929037529,-37.099697570962476,caico,RN
60530,-3.767393999999946,-38.60735749999995,fortaleza,CE
60530,-3.775025999999947,-38.612811499999964,fortaleza,CE
60530,-3.765773999999947,-38.60787949999997,fortaleza,CE
60530,-3.773486999999946,-38.61233899999996,fortaleza,CE
60530,-3.767393999999946,-38.60735749999995,fortaleza,CE
60710,-3.783482066973485,-38.56956752761594,fortaleza,CE
60710,-3.783348398551594,-38.571180448929546,fortaleza,CE
60710,-3.7930175306711167,-38.56673881779099,fortaleza,CE
60710,-3.78078513712836,-38.567992455249865,fortaleza,CE
60710,-3.7842759969082578,-38.56887888574012,fortaleza,CE
65058,-2.573603764689507,-44.18807908701151,sao luis,MA
65058,-2.578739634445398,-44.187817688907884,sao luis,MA
65058,-2.5645659967967274,-44.195801654535465,sao luis,MA
65058,-2.58979527799994,-44.207524999999976,sao luis,MA
65058,-2.572329289004968,-44.19951421099502,sao luis,MA
65066,-2.5202933821075066,-44.22818007017755,sao luis,MA
65066,-2.5175133963710645,-44.23049241174791,sao luis,MA
65066,-2.5127991193889696,-44.215056983392124,sao luis,MA
65066,-2.485824962316699,-44.239451341304154,sao luis,MA
65066,-2.505196508742572,-44.220074804605,sao luis,MA
65075,-2.5085430466673553,-44.303019926805405,sao luis,MA
65075,-2.507563105772758,-44.29918125549351,são luís,MA
65075,-2.4995750918691155,-44.292847306134234,sao luis,MA
65075,-2.496202599107943,-44.283566287420605,sao luis,MA
65075,-2.492146569111325,-44.304709044975404,são luís,MA
24440,-22.827327017259556,-43.05044041062229,sao goncalo,RJ
24440,-22.82285069003397,-43.05923338710661,são gonçalo,RJ
24440,-22.835766485287557,-43.06116475687438,sao goncalo,RJ
24440,-22.829964964236723,-43.05905742915934,são gonçalo,RJ
24440,-22.831501687759708,-43.0567367136924,sao goncalo,RJ
25510,-22.78807396716683,-43.37857000057292,sao joao de meriti,RJ
25510,-22.792456217120257,-43.373592901279366,sao joao de meriti,RJ
25510,-22.793374177604786,-43.368611815774166,sao joao de meriti,RJ
25510,-22.79053631217251,-43.37403711232715,sao joao de meriti,RJ
25510,-22.78865121680208,-43.37629261806371,sao joao de meriti,RJ
25995,-22.379789300034645,-42.92663232690309,teresopolis,RJ
25995,-22.3860904684299,-42.88520873647879,teresopolis,RJ
25995,-22.379789300034645,-42.92663232690309,teresopolis,RJ
25995,-22.379789300034645,-42.92663232690309,teresopolis,RJ
25995,-22.394111995470528,-42.94190281166337,teresopolis,RJ
26167,-22.732357552585615,-43.37032586108127,belford roxo,RJ
26167,-22.73639698993058,-43.385393064995206,belford roxo,RJ
26167,-22.736637910631895,-43.384439964560315,belford roxo,RJ
26167,-22.73447514962729,-43.38269622636507,belford roxo,RJ
26167,-22.73457713277672,-43.383498343616836,belford roxo,RJ
27580,-22.498292896770568,-44.60024523254695,itatiaia,RJ
27580,-22.496556949682265,-44.56231840921269,itatiaia,RJ
27580,-22.500537678333384,-44.58078982676614,itatiaia,RJ
27580,-22.439212877883563,-44.52706833676808,itatiaia,RJ
27580,-22.491189065235584,-44.57159736088654,itatiaia,RJ
28460,-21.40850833971076,-42.195778817470234,miracema,RJ
28460,-21.408589226828294,-42.191102555908685,miracema,RJ
28460,-21.41599452481855,-42.19975237384889,miracema,RJ
28460,-21.412927584709475,-42.195900817594065,miracema,RJ
28460,-21.410058362513414,-42.190027840254515,miracema,RJ
28605,-22.275728018449303,-42.534192608244,nova friburgo,RJ
28605,-22.281806521655117,-42.50131694452655,nova friburgo,RJ
28605,-22.262864999999977,-42.48689807899996,nova friburgo,RJ
28605,-22.274039522245843,-42.53100534732066,nova friburgo,RJ
28605,-22.262377513537864,-42.52036492825918,nova friburgo,RJ
28640,-21.931793494070657,-42.609355451439974,carmo,RJ
28640,-21.93005230853542,-42.60683935207437,carmo,RJ
28640,-21.941825165419214,-42.60159279815252,carmo,RJ
28640,-21.928105503758495,-42.61420648439198,carmo,RJ
28640,-21.93666468477572,-42.60738133868086,carmo,RJ
28740,-22.082360903288283,-41.86567326666054,conceicao de macabu,RJ
28740,-22.07590707797705,-41.86900065301818,conceicao de macabu,RJ
28740,-22.08308876880867,-41.87605894373083,conceicao de macabu,RJ
28740,-22.082331261874632,-41.86639918248884,conceicao de macabu,RJ
28740,-22.086981784462488,-41.84829756265908,conceicao de macabu,RJ
28927,-22.6286477267945,-42.00687673788283,cabo frio,RJ
28927,-22.622490975236257,-42.00497254682101,tamoios (cabo frio),RJ
28927,-22.628197875076374,-42.00749695323001,cabo frio,RJ
29500,-20.75885563513341,-41.53546035543065,alegre,ES
29500,-20.759309418325177,-41.5348892309661,alegre,ES
29500,-20.76180972958192,-41.53212440344964,alegre,ES
29500,-20.756000663565878,-41.54298747243272,alegre,ES
29500,-20.76293012683106,-41.53467959052862,alegre,ES
29705,-19.51582544534821,-40.626185049155936,colatina,ES
29705,-19.51374296987457,-40.619532005732744,colatina,ES
29705,-19.518444262058775,-40.62184002151262,colatina,ES
29705,-19.49085252048648,-40.6708533975479,colatina,ES
29705,-19.511968244987596,-40.61833099957223,colatina,ES
29800,-18.753863695129915,-40.898033694138554,barra de são francisco,ES
29800,-18.752200787508233,-40.89226639288907,barra de sao francisco,ES
29800,-18.682193999999946,-40.853163499999965,barra de são francisco,ES
29800,-18.759277631278277,-40.887602337891146,barra de sao francisco,ES
29800,-18.749465010717305,-40.88297153399186,barra de são francisco,ES
30421,-19.939688821541896,-43.97533764669048,belo horizonte,MG
30421,-19.927911017485144,-43.977285723555944,belo horizonte,MG
30421,-19.92872538061541,-43.97396355621798,belo horizonte,MG
30421,-19.932000485429043,-43.97451964738296,belo horizonte,MG
30421,-19.93657972522938,-43.979321618933554,belo horizonte,MG
31530,-19.82037054203942,-43.98181463543774,belo horizonte,MG
31530,-19.827035360811347,-43.98338811019097,belo horizonte,MG
31530,-19.828798900080805,-43.9816780999192,belo horizonte,MG
31530,-19.820579541779615,-43.9812983134918,belo horizonte,MG
31530,-19.831747556494797,-43.98028859437925,belo horizonte,MG
31570,-19.81011863229108,-43.98472732006267,belo horizonte,MG
31570,-19.80549978628315,-43.97650529003406,belo horizonte,MG
31570,-19.812611514022688,-43.9842045756247,belo horizonte,MG
31570,-19.80589045268047,-43.972004147931216,belo horizonte,MG
31570,-19.80589045268047,-43.972004147931216,belo horizonte,MG
33920,-19.784372432173086,-44.022216549249904,ribeirao das neves,MG
33920,-19.764648841542183,-44.004870439110164,ribeirao das neves,MG
33920,-19.745628545918134,-44.089969358871194,ribeirao das neves,MG
33920,-19.8336505256653,-44.036101579461814,ribeirao das neves,MG
33920,-19.766608900080804,-44.00290690008081,ribeirao das neves,MG
34001,-19.989306206863183,-43.85077859693365,nova lima,MG
34001,-19.989751931110987,-43.85140288885894,nova lima,MG
34001,-19.991192210022852,-43.8362293500484,nova lima,MG
34001,-19.98849675569493,-43.84976900581494,nova lima,MG
34001,-19.994784421040745,-43.84984572137548,nova lima,MG
35146,-19.33930562756488,-42.15981032140916,sao joao do oriente,MG
35146,-19.34073316098606,-42.15652136829189,sao joao do oriente,MG
35146,-19.34183693592643,-42.16180761804614,sao joao do oriente,MG
35146,-19.33923242632931,-42.15532322878034,sao joao do oriente,MG
35146,-19.34073797469889,-42.15870770883519,são joão do oriente,MG
35182,-19.579882262064718,-42.64592409589202,timóteo,MG
35182,-19.558921819429433,-42.636744339591495,timoteo,MG
35182,-19.577533499999994,-42.641106750000006,timoteo,MG
35182,-19.558462413572155,-42.639557371181155,timoteo,MG
35182,-19.55356575648712,-42.642976579340356,timóteo,MG
36025,-21.77322851096427,-43.35209115736627,juiz de fora,MG
36025,-21.772932537884472,-43.35012337330484,juiz de fora,MG
36025,-21.770875121011013,-43.34826203372953,juiz de fora,MG
36025,-21.773086019706835,-43.3478709739165,juiz de fora,MG
36025,-21.773404726116784,-43.346687287798844,juiz de fora,MG
36083,-21.724358773241413,-43.39844678351318,juiz de fora,MG
36083,-21.738676169859755,-43.39892412960937,juiz de fora,MG
36083,-21.745473590339902,-43.40215921510184,juiz de fora,MG
36083,-21.739364643632054,-43.40374669954993,juiz de fora,MG
36083,-21.744308943937888,-43.40691462545441,juiz de fora,MG
36900,-20.257974329413422,-42.04089475577672,manhuacu,MG
36900,-20.256212281256595,-42.033537589068104,manhuacu,MG
36900,-20.260088176964956,-42.03455966944336,manhuacu,MG
36900,-20.25570748724079,-42.03095420209044,manhuacu,MG
36900,-20.255895484543384,-42.03666705463699,manhuacu,MG
37580,-22.42880507067007,-46.569550269431765,monte siao,MG
37580,-22.43499539028082,-46.57283594701967,monte siao,MG
37580,-22.42595319219221,-46.578837491127715,monte siao,MG
37580,-22.4255648078078,-46.5790960088723,monte siao,MG
37580,-22.4296065,-46.57769099999999,monte siao,MG
37713,-21.83036570781459,-46.56345665874286,poços de caldas,MG
37713,-21.834196791025274,-46.55958045598881,pocos de caldas,MG
37713,-21.831252039437196,-46.562424127383245,pocos de caldas,MG
37713,-21.83134524858031,-46.55971159469305,pocos de caldas,MG
37713,-21.828236032496758,-46.55945146218322,pocos de caldas,MG
38183,-19.5910731707997,-46.945463447657474,araxa,MG
38183,-19.592730034746317,-46.93880635816834,araxa,MG
38183,-19.59157618726205,-46.94018357861433,araxá,MG
38183,-19.60282946181592,-46.93494173930369,araxa,MG
38183,-19.600589218171454,-46.93242584891639,araxa,MG
38400,-18.91595976602804,-48.278974174995646,uberlandia,MG
38400,-18.900442445467096,-48.260758558139585,uberlandia,MG
38400,-18.913015152374623,-48.26213189982101,uberlandia,MG
38400,-18.92238123980033,-48.28211103081535,uberlandia,MG
38400,-18.922160210658433,-48.27112484984707,uberlandia,MG
39920,-15.895836468959827,-40.185043620262554,jordania,MG
39920,-15.897360390840802,-40.18602579039475,jordânia,MG
39920,-15.895713663655085,-40.183755571196855,jordania,MG
39920,-15.901387671171511,-40.17887223074483,jordania,MG
39920,-15.900549362492285,-40.17697337806168,jordania,MG
40255,-12.969784487650752,-38.49312773397196,salvador,BA
40255,-12.970120720114542,-38.49833286935671,salvador,BA
40255,-12.975964278763396,-38.49938742458427,salvador,BA
40255,-12.974373712735892,-38.49560797807147,salvador,BA
40255,-12.974693374141545,-38.498329970021366,salvador,BA
41830,-13.00486273633788,-38.46539390896759,salvador,BA
41830,-13.002681111575948,-38.459685771856414,salvador,BA
41830,-13.002264618096829,-38.46095964876795,salvador,BA
41830,-13.00320021999557,-38.462383780012935,salvador,BA
41830,-13.00076174355124,-38.46133146725142,salvador,BA
42805,-12.687796434987362,-38.325381032966334,camacari,BA
42805,-12.704613639322828,-38.32850711553011,camacari,BA
42805,-12.70797596278947,-38.330560141754376,camacari,BA
42805,-12.71481839272051,-38.3192619418715,camacari,BA
42805,-12.706654340971193,-38.32795924361646,camacari,BA
44730,-11.088054238229649,-40.43411971600381,caem,BA
44730,-11.186802151545,-40.268418607113375,caem,BA
44730,-11.190120456392936,-40.26633632705033,caém,BA
44730,-11.091963846444612,-40.43162321612748,caém,BA
44730,-11.088533161646733,-40.43375999964566,caém,BA
44850,-11.546422707336166,-41.16540997017349,morro do chapeu,BA
44850,-11.549277555163744,-41.158478210703606,morro do chapeu,BA
44850,-11.552176861446915,-41.148291321885374,morro do chapéu,BA
44850,-11.54873596152666,-41.15936321067017,morro do chapeu,BA
44850,-11.550891296718689,-41.15676459692199,morro do chapeu,BA
45400,-13.37094734588704,-39.07229361087708,valenca,BA
45400,-13.370275622507707,-39.07122314026964,valenca,BA
45400,-13.370081543924872,-39.06850287663857,valenca,BA
45400,-13.374106846169525,-39.07511281304463,valenca,BA
45400,-13.35942926962953,-39.07019151399987,valenca,BA
47240,-10.003807289914821,-42.48453243115851,pilao arcado,BA
47240,-9.99973165863238,-42.478150191745925,pilão arcado,BA
47240,-10.001154600291546,-42.481051090804414,pilao arcado,BA
47240,-9.997830677237868,-42.49066822645525,pilao arcado,BA
47240,-10.006770029548813,-42.479558657739865,pilao arcado,BA
49100,-11.010552970851558,-37.20782279524783,sao cristovao,SE
49100,-11.016511322062167,-37.20411610458271,são cristóvão,SE
49100,-10.922931470234031,-37.117534095032504,sao cristovao,SE
49100,-10.935648053185664,-37.128177570377474,sao cristovao,SE
49100,-11.013443959992918,-37.20607070397973,sao cristovao,SE
58280,-6.825533064802394,-35.12509238324438,mamanguape,PB
58280,-6.8401280652774,-35.13049962639813,mamanguape,PB
58280,-6.843229677290416,-35.12998866012588,mamanguape,PB
58280,-6.84965815536008,-35.132398294726585,mamanguape,PB
58280,-6.836820539318302,-35.12871734597384,mamanguape,PB
58580,-7.52015812227514,-36.7104930506791,serra branca,PB
58580,-7.482627840495488,-36.66107946885575,serra branca,PB
58580,-7.5433529999999465,-36.74621149999996,serra branca,PB
58580,-7.482627840495488,-36.66107946885575,serra branca,PB
58580,-7.4863145180035255,-36.66345583770069,serra branca,PB
59077,-5.840230526227715,-35.20760123397196,natal,RN
59077,-5.84026560421836,-35.20826026672055,natal,RN
61700,-3.901738499999997,-38.38465799999999,aquiraz,CE
61700,-3.9045705542234703,-38.381736121645424,aquiraz,CE
61700,-3.904335506369462,-38.388372593336896,aquiraz,CE
61700,-3.9235518347353864,-38.435953949936966,aquiraz,CE
61700,-3.947040638179169,-38.35060111463793,aquiraz,CE
64800,-6.765049042930655,-43.02825025138064,floriano,PI
64800,-6.767207842794163,-43.016739477597135,floriano,PI
64800,-6.76974774481299,-43.03491319629874,floriano,PI
64800,-6.779784691102191,-43.03432297632866,floriano,PI
64800,-6.766443858441343,-43.02426637586278,floriano,PI
65707,-3.889630952438479,-45.17453702789102,pio xii,MA
65707,-3.8812217569468395,-45.166116050393626,pio xii,MA
65707,-3.889927011993598,-45.1661736416489,pio xii,MA
65707,-3.889070515011357,-45.17570790465178,pio xii,MA
65707,-3.8864537863231523,-45.168029585528075,pio xii,MA
66040,-1.455169760979064,-48.481834892319185,belem,PA
66040,-1.4511404459792376,-48.477741587021825,belem,PA
66040,-1.4567697471292642,-48.4839445387212,belém,PA
66040,-1.459419420508802,-48.47759971717929,belem,PA
66040,-1.4564705087998835,-48.47786966472387,belem,PA
66085,-1.436736864850719,-48.47258827728078,belem,PA
66085,-1.4455611856428048,-48.461924558399375,belem,PA
66085,-1.4238013946564583,-48.46944262450211,belem,PA
66085,-1.4455611856428048,-48.461924558399375,belem,PA
66085,-1.4336864999999992,-48.472640999999996,belém,PA
68380,-6.64230151629133,-51.976542199233194,sao felix do xingu,PA
68380,-6.639291512266415,-51.97451477302116,sao felix do xingu,PA
68380,-6.63453384451558,-51.97949060232249,sao felix do xingu,PA
68380,-6.639294536124298,-51.974437059873566,sao felix do xingu,PA
68380,-6.63528704990595,-51.97969566214426,sao felix do xingu,PA
88340,-27.032579449819252,-48.658232164069986,camboriu,SC
88340,-27.030834865740985,-48.6474266931744,camboriu,SC
88340,-27.021811520663142,-48.651337152892566,camboriú,SC
88340,-27.02209735982696,-48.65349238726359,camboriu,SC
88340,-27.016389000000004,-48.64643774999998,camboriu,SC
89117,-26.83714879865378,-49.01135722220592,gaspar,SC
89117,-26.83714879865378,-49.01135722220592,gaspar,SC
89117,-26.885337645363897,-49.01644172024569,gaspar,SC
89117,-26.84704620874617,-49.03264866393359,gaspar,SC
89117,-26.889821613772206,-48.995725602693526,gaspar,SC
89120,-26.83365489702238,-49.26170944102369,timbo,SC
89120,-26.83026867499565,-49.27912109394658,timbo,SC
89120,-26.836061196779966,-49.27371982070517,timbo,SC
89120,-26.833216274770614,-49.28568831196259,timbo,SC
89120,-26.824903606440063,-49.275312852068765,timbó,SC
89220,-26.269845827495594,-48.8787889402263,joinville,SC
89220,-26.279603539771678,-48.88316222046331,joinville,SC
89220,-26.27254649125743,-48.875203362196324,joinville,SC
89220,-26.268364445467103,-48.88452041035259,joinville,SC
89220,-26.271488503750906,-48.87437291035258,joinville,SC
89229,-26.329608,-48.81747031112588,joinville,SC
89229,-26.319219527612688,-48.81703331848348,joinville,SC
89229,-26.32351958895492,-48.814309262421375,joinville,SC
89229,-26.324747502142387,-48.81575812345228,joinville,SC
89229,-26.32803302188361,-48.81253213543524,joinville,SC
89620,-27.403062004188218,-51.22967409631809,campos novos,SC
89620,-27.38367325538679,-51.229084639277794,campos novos,SC
89620,-27.39875527355213,-51.23278703728827,campos novos,SC
89620,-27.388438473667634,-51.23453334790077,campos novos,SC
89620,-27.399047794785155,-51.22244617004981,campos novos,SC
89690,-26.788988999999944,-52.122283999999965,vargeao,SC
89690,-26.863919540975996,-52.155257063007824,vargeao,SC
89690,-26.861726732812937,-52.15794923342989,vargeao,SC
89690,-26.788988999999944,-52.122283999999965,vargeão,SC
89690,-26.860961586995405,-52.154729694741214,vargeao,SC
90810,-30.075698598389984,-51.24170887079466,porto alegre,RS
90810,-30.07910476934627,-51.243289816261786,porto alegre,RS
90810,-30.08085707631721,-51.2345870523112,porto alegre,RS
90810,-30.088174033585304,-51.241182774482155,porto alegre,RS
90810,-30.097564385798314,-51.248533619221995,porto alegre,RS
91030,-30.008157352685952,-51.175250789265185,porto alegre,RS
91030,-30.0102777038491,-51.16687759991918,porto alegre,RS
91030,-30.006682910352588,-51.172771794189,porto alegre,RS
91030,-30.00445236663973,-51.181402724132845,porto alegre,RS
91030,-30.003237,-51.17586301624288,porto alegre,RS
93214,-29.82100208780975,-51.153507593629676,sapucaia do sul,RS
93214,-29.819099635878334,-51.16455127898884,sapucaia do sul,RS
93214,-29.82005220150218,-51.16366729410813,sapucaia do sul,RS
93214,-29.8208380162461,-51.16438448148847,sapucaia do sul,RS
93214,-29.81930028365861,-51.161541485805515,sapucaia do sul,RS
95670,-29.37923247792722,-50.88445107799066,gramado,RS
95670,-29.37432350112088,-50.878377379037,gramado,RS
95670,-29.375481606772894,-50.864669524920735,gramado,RS
95670,-29.366098806538254,-50.87533316056892,gramado,RS
95670,-29.377822499999994,-50.87176199999999,gramado,RS
96010,-31.77452642353856,-52.33668313682272,pelotas,RS
96010,-31.769163618096822,-52.33961414501702,pelotas,RS
96010,-31.77723433443941,-52.337654544405346,pelotas,RS
96010,-31.776482137659436,-52.3375796512781,pelotas,RS
96010,-31.778256760488123,-52.34877127782903,pelotas,RS
96020,-31.77241286955392,-52.34399183819032,pelotas,RS
96020,-31.751902718564274,-52.33554098364004,pelotas,RS
96020,-31.75166849662962,-52.3330926293028,pelotas,RS
96020,-31.76168406272721,-52.34203143643607,pelotas,RS
96020,-31.74465834409142,-52.33949110999167,pelotas,RS
96030,-31.759626173754906,-52.36515273411618,pelotas,RS
96030,-31.75880831585774,-52.3675022894858,pelotas,RS
96030,-31.763626029978624,-52.362831950862784,pelotas,RS
96030,-31.76158280884645,-52.359518434058614,pelotas,RS
96030,-31.757083638351926,-52.37673137607479,pelotas,RS
08225,-23.535930106743752,-46.46762946738709,sao paulo,SP
08250,-23.539824031911863,-46.434679443937874,sao paulo,SP
08250,-23.53667622451406,-46.439426781896884,são paulo,SP
08250,-23.540586956979624,-46.43782555176293,sao paulo,SP
08250,-23.539927924231048,-46.43487410713254,sao paulo,SP
08250,-23.539058968088128,-46.438434665416366,sao paulo,SP
09210,-23.63374940978853,-46.53281141838094,santo andre,SP
09210,-23.63940119401001,-46.531107948237064,santo andre,SP
09210,-23.62391391342853,-46.5418583616522,santo andre,SP
09210,-23.632949766028048,-46.5341654650297,santo andre,SP
09210,-23.63294421233187,-46.53373750943505,santo andre,SP
09950,-23.688673082434043,-46.58333146378897,diadema,SP
09950,-23.684721443793656,-46.58409388868383,diadema,SP
09950,-23.68437130589703,-46.58443336491164,diadema,SP
09950,-23.68903907522069,-46.58317950043268,diadema,SP
09950,-23.68064204440535,-46.58590125339034,diadema,SP
09991,-23.695052270875475,-46.61040065612552,diadema,SP
09991,-23.699112077702193,-46.61961262767612,diadema,SP
09991,-23.698143629465132,-46.61112470327219,diadema,SP
09991,-23.698215355485832,-46.62043035164142,diadema,SP
09991,-23.69375895244207,-46.610251435294636,diadema,SP
11035,-23.977968171793,-46.303148267701495,santos,SP
11035,-23.979498474609006,-46.30509313835192,santos,SP
11035,-23.97976999417162,-46.30327278573489,santos,SP
11035,-23.984166217035067,-46.302718427001004,santos,SP
11035,-23.981720668878815,-46.30268803774025,santos,SP
11060,-23.946436571469786,-46.330190670956284,santos,SP
11060,-23.965154466270466,-46.3348627971032,santos,SP
11060,-23.966896418356992,-46.33879171022246,santos,SP
11060,-23.968183787956587,-46.33404313682271,santos,SP
11060,-23.96336263835192,-46.329050373160584,santos,SP
12960,-23.18258370723467,-46.39602763154268,nazaré paulista,SP
12960,-23.200967999999946,-46.36450249999996,nazare paulista,SP
12960,-23.182297276094417,-46.39948611688533,nazare paulista,SP
12960,-23.16434679556599,-46.39430681455196,nazaré paulista,SP
12960,-23.183323185023976,-46.39551516892969,nazare paulista,SP
12995,-22.78314454789037,-46.58949540991712,pinhalzinho,SP
12995,-22.783684503568935,-46.58898634158841,pinhalzinho,SP
12995,-22.788219545860034,-46.59113765140483,pinhalzinho,SP
12995,-22.785818793736563,-46.59002176536555,pinhalzinho,SP
12995,-22.782138603531962,-46.5871189357182,pinhalzinho,SP
13010,-22.901012507357585,-47.06042962559864,campinas,SP
13010,-22.904625132667775,-47.05734222300768,campinas,SP
13010,-22.903781752149587,-47.05539378573488,campinas,SP
13010,-22.905745257527617,-47.05726816121609,campinas,SP
13010,-22.90423222370017,-47.062384302527526,campinas,SP
13040,-22.926904742714527,-47.067241683593984,campinas,SP
13040,-22.94211529586101,-47.063706237986274,campinas,SP
13040,-22.947801066333895,-47.06049803788446,campinas,SP
13040,-22.93292539716662,-47.06728820829248,campinas,SP
13040,-22.94216970635926,-47.058185105747576,campinas,SP
13063,-22.893501310577626,-47.10296903788446,campinas,SP
13063,-22.89462245973064,-47.10654316402726,campinas,SP
13063,-22.897415598389983,-47.10496334984708,campinas,SP
13063,-22.895389803126076,-47.105426924353694,campinas,SP
13063,-22.890694462952244,-47.106192876219026,campinas,SP
13232,-23.207064313532694,-46.760735214610754,campo limpo paulista,SP
13232,-23.209985460722812,-46.76241347065879,campo limpo paulista,SP
13232,-23.214913573259143,-46.760423215809396,campo limpo paulista,SP
13232,-23.214771298850504,-46.76953504745654,campo limpo paulista,SP
13232,-23.210195272846626,-46.762673305928445,campo limpo paulista,SP
13460,-22.778060459662225,-47.28202389849666,nova odessa,SP
13460,-22.774421069316432,-47.27918568934964,nova odessa,SP
13460,-22.776800668113875,-47.28936628086223,nova odessa,SP
13460,-22.789565179322057,-47.29749589939157,nova odessa,SP
13460,-22.795938061994097,-47.303034966629035,nova odessa,SP
13502,-22.4305850481867,-47.59814081931858,rio claro,SP
13502,-22.4294776769289,-47.58848653828849,rio claro,SP
13502,-22.45104139368169,-47.57996098940016,rio claro,SP
13502,-22.42674847489747,-47.57670352553521,rio claro,SP
13502,-22.40715722768509,-47.56364223432715,rio claro,SP
50860,-8.093833208436722,-34.92500047960067,recife,PE
50860,-8.093561175688148,-34.925036060505505,recife,PE
50860,-8.089702866963549,-34.9295932556466,recife,PE
50860,-8.095724099082478,-34.9244195605055,recife,PE
50860,-8.094022379827654,-34.92537225100649,recife,PE
51350,-8.105305064948901,-34.918972973079796,recife,PE
51350,-8.106864097697493,-34.917622973079794,recife,PE
51350,-8.111472998615021,-34.92097251887012,recife,PE
51350,-8.105877387731555,-34.921419349154576,recife,PE
51350,-8.105305064948901,-34.918972973079796,recife,PE
52170,-7.977935375851409,-34.91882111284172,recife,PE
52170,-7.978087449250593,-34.917725992637365,recife,PE
52170,-7.978090925811182,-34.91883406176328,recife,PE
52170,-7.97857036988244,-34.91861688614105,recife,PE
52170,-7.977935375851409,-34.91882111284172,recife,PE
54768,-8.01920132194592,-34.99185000721335,camaragibe,PE
54768,-8.018902309868066,-34.988136577083225,camaragibe,PE
54768,-8.019482772693143,-34.992274464048755,camaragibe,PE
54768,-8.026738051070447,-34.99636829462169,camaragibe,PE
54768,-8.010101907525383,-34.991365129388974,camaragibe,PE
55320,-9.124430663700444,-36.46298474131568,lagoa do ouro,PE
55320,-9.12395031347092,-36.45745092138261,lagoa do ouro,PE
55320,-9.125775721065981,-36.4594642126068,lagoa do ouro,PE
55320,-9.123953925637487,-36.45745465939909,lagoa do ouro,PE
55320,-9.125775721065981,-36.4594642126068,lagoa do ouro,PE
55700,-7.875546293839904,-35.45206000178267,limoeiro,PE
55700,-7.831613999999945,-35.464062499999955,limoeiro,PE
55700,-7.879150691061388,-35.45252412961406,limoeiro,PE
55700,-7.874503651858474,-35.44487904480243,limoeiro,PE
55700,-7.868288966911229,-35.442129309071994,limoeiro,PE
57250,-9.781839358572894,-36.34580555381587,campo alegre,AL
57250,-9.785070503539337,-36.35006757684455,campo alegre,AL
57250,-9.78219424451032,-36.35413264940126,campo alegre,AL
57250,-9.786010296966962,-36.34886764237241,campo alegre,AL
57250,-9.785068080484168,-36.35015442556792,campo alegre,AL
57330,-9.826357936406037,-36.74350553020881,lagoa da canoa,AL
57330,-9.829899999999952,-36.740929999999935,lagoa da canoa,AL
57330,-9.826357936406037,-36.74350553020881,lagoa da canoa,AL
57330,-9.826357936406037,-36.74350553020881,lagoa da canoa,AL
57330,-9.828462779473583,-36.737512706909165,lagoa da canoa,AL
58135,-7.014429343443029,-35.85691530081109,esperanca,PB
58135,-7.017544758291629,-35.85916662123893,esperanca,PB
58135,-7.0238689650509585,-35.85891137448094,esperanca,PB
58135,-7.019192838869713,-35.85585300239814,esperanca,PB
58135,-7.015087368558206,-35.85953416191097,esperanca,PB
58400,-7.216958744936218,-35.88635353719198,campina grande,PB
58400,-7.220685520399329,-35.901843207744236,campina grande,PB
58400,-7.214395230516309,-35.891863201804945,campina grande,PB
58400,-7.215700647006101,-35.901166354762644,campina grande,PB
58400,-7.224423779069789,-35.89840895850883,campina grande,PB
59080,-5.851241769086473,-35.207529631975284,natal,RN
59080,-5.854256161809687,-35.204847653067105,natal,RN
59080,-5.854397720785974,-35.20936534401869,natal,RN
59080,-5.852454307519201,-35.20786164210284,natal,RN
59080,-5.852316041748581,-35.20850750982599,natal,RN
60533,-3.7717377946960386,-38.61871704336607,fortaleza,CE
60533,-3.7676099999999444,-38.613643999999965,fortaleza,CE
60533,-3.762110999999944,-38.61294199999995,fortaleza,CE
60533,-3.7587173094531465,-38.607266667524975,fortaleza,CE
60533,-3.7591814593455686,-38.60632091188179,fortaleza,CE
62940,-5.100165000000002,-38.365494749999996,morada nova,CE
62940,-5.103975711151057,-38.38216405732189,morada nova,CE
62940,-5.104247770193645,-38.371815486879605,morada nova,CE
62940,-4.576755964621752,-38.36516577193785,morada nova,CE
62940,-5.106966241344576,-38.38188522027137,morada nova,CE
64063,-5.021319198708387,-42.76773366438103,teresina,PI
64063,-5.021319198708387,-42.76773366438103,teresina,PI
64063,-5.080592013004038,-42.775170246748985,teresina,PI
66811,-1.3055593400079837,-48.47629795989383,belem,PA
66811,-1.3124207606534612,-48.468702881006855,belem,PA
66811,-1.324989366639725,-48.436908463788974,belem,PA
66811,-1.2972966808240267,-48.47030779283268,belem,PA
66811,-1.3237227704148962,-48.44950279103594,belem,PA
66813,-1.456082274898832,-48.499975186829225,belem,PA
66813,-1.3010760935425534,-48.466888689710835,belem,PA
66813,-1.456082274898832,-48.499975186829225,belem,PA
66813,-1.456082274898832,-48.499975186829225,belem,PA
66813,-1.4475313362920785,-48.460491467060784,belem,PA
70293,-15.831346500000004,-47.9170125,brasilia,DF
70293,-15.83169272013186,-47.91766267380052,brasília,DF
70293,-15.832037928830928,-47.91669488605684,brasilia,DF
70293,-15.831346500000004,-47.9170125,brasilia,DF
70293,-15.830919000000002,-47.916832500000005,brasilia,DF
70864,-15.749967307500055,-47.88434953538263,brasilia,DF
70864,-15.75143935971483,-47.88560471634257,brasilia,DF
70864,-15.749688137594458,-47.88538643578574,brasília,DF
70864,-15.75143935971483,-47.88560471634257,brasilia,DF
70864,-15.749257847764312,-47.886845826875756,brasília,DF
71680,-15.843092528722453,-47.82225242246026,brasília,DF
71680,-15.843092528722453,-47.82225242246026,brasilia,DF
71680,-15.842505225591353,-47.8230929468689,brasilia,DF
71680,-15.843092528722453,-47.82225242246026,brasilia,DF
71680,-15.871185019995293,-47.87396608214558,brasilia,DF
72130,-15.80457559360568,-48.083033962267486,brasilia,DF
72130,-15.799560114893078,-48.06438528396285,brasilia,DF
72130,-15.797479292106914,-48.06554911481078,brasilia,DF
72130,-15.801061931697037,-48.06409595589728,brasilia,DF
72130,-15.797113090525494,-48.06690639682053,brasilia,DF
74180,-16.670191655090733,-49.24713158334571,goiania,GO
74180,-16.701284999999945,-49.26103549999996,goiânia,GO
74180,-16.700317341337232,-49.25282423424162,goiania,GO
74180,-16.698836999999944,-49.257628999999966,goiania,GO
74180,-16.704407999999948,-49.25876299999996,goiania,GO
74360,-16.735404279543758,-49.31493989611095,goiania,GO
74360,-16.73476214433558,-49.319297981958044,goiania,GO
74360,-16.728008014357794,-49.32385972056224,goiania,GO
74360,-16.733909999999945,-49.31621899999996,goiania,GO
74360,-16.732391142266675,-49.31529092403429,goiania,GO
74883,-16.69981024785323,-49.21665080720741,goiania,GO
74883,-16.699484498152643,-49.20823701672825,goiania,GO
74883,-16.699041,-49.21488465269735,goiania,GO
74883,-16.633915523478844,-49.27728095769996,goiania,GO
74883,-16.69999526865094,-49.21968301116693,goiânia,GO
75095,-16.334870376021268,-48.92031569336169,anapolis,GO
75095,-16.34337,-48.927028500000006,anápolis,GO
75095,-16.34297962568618,-48.9282243743138,anapolis,GO
75095,-16.33758597663264,-48.920936010353394,anapolis,GO
75095,-16.33536433138355,-48.918633899219046,anapolis,GO
75680,-18.145514035790743,-48.56329094375739,corumbaiba,GO
75680,-18.14256212852735,-48.561705187322346,corumbaíba,GO
75680,-18.145514035790743,-48.56329094375739,corumbaiba,GO
75680,-18.13258374608617,-48.56133689705507,corumbaiba,GO
75680,-18.146515540362657,-48.56564592264214,corumbaiba,GO
76200,-16.4369158673157,-51.11622229836578,ipora,GO
76200,-16.432597517063922,-51.123490943702045,ipora,GO
76200,-16.441231924829747,-51.12387970976615,ipora,GO
76200,-16.44054921581476,-51.10128462354542,ipora,GO
76200,-16.444011009151104,-51.119061704584574,ipora,GO
77021,-10.210535003227527,-48.32590171355561,palmas,TO
77021,-10.199656597842173,-48.32208271554662,palmas,TO
77021,-10.200478463752875,-48.318430500000005,palmas,TO
77021,-10.213191450458764,-48.32876892674121,palmas,TO
77021,-10.215833854743877,-48.32933040081923,palmas,TO
79074,-20.53208005329214,-54.637599115615316,campo grande,MS
79074,-20.52923484934547,-54.632497663883306,campo grande,MS
79074,-20.536329780021244,-54.6381452757239,campo grande,MS
79074,-20.536270208436733,-54.646191257689495,campo grande,MS
79074,-20.52969280209485,-54.636746044549575,campo grande,MS
79420,-19.53295274614871,-54.04186371318199,camapuã,MS
79420,-19.529065578326026,-54.03672065249893,camapuã,MS
79420,-19.530850862323522,-54.04152299911019,camapua,MS
79420,-19.532522643248925,-54.04704636207094,camapua,MS
79420,-19.54880464295631,-54.04108592996468,camapua,MS
79610,-20.808868063026498,-51.694900127693735,tres lagoas,MS
79610,-20.77942477138674,-51.689210514387085,tres lagoas,MS
79610,-20.79619470551779,-51.67307293102097,tres lagoas,MS
79610,-20.808868063026498,-51.694900127693735,tres lagoas,MS
79610,-20.790457585875743,-51.682145476144896,tres lagoas,MS
84060,-25.10028868526743,-50.21000605078199,ponta grossa,PR
84060,-25.115912612268442,-50.20424085749311,ponta grossa,PR
84060,-25.136566825985295,-50.204978198309185,ponta grossa,PR
84060,-25.113684656673787,-50.207771268798,ponta grossa,PR
84060,-25.117311011375545,-50.20101330222025,ponta grossa,PR
84200,-24.256441627501136,-49.709951182499914,jaguariaíva,PR
84200,-24.25746493862507,-49.72236578300742,jaguariaiva,PR
84200,-24.26541439375596,-49.72725826422789,jaguariaiva,PR
84200,-24.27610336191872,-49.72406909738356,jaguariaiva,PR
84200,-24.258182356123047,-49.7159544622461,jaguariaiva,PR
85410,-24.520814999999995,-53.26702819783664,nova aurora,PR
85410,-24.52998587329424,-53.25490966056808,nova aurora,PR
85410,-24.534569787363974,-53.25731313498242,nova aurora,PR
85410,-24.530657439408333,-53.256175891943386,nova aurora,PR
85410,-24.518858512565192,-53.26789302916388,nova aurora,PR
85603,-26.003670174999968,-53.23275043899997,francisco beltrao,PR
85603,-26.04867998275767,-53.05165459103363,francisco beltrão,PR
85603,-26.04995257946567,-53.04460334265973,francisco beltrao,PR
85603,-26.047612451189508,-53.04983019487879,francisco beltrao,PR
85603,-26.05161744144836,-53.05227011290192,francisco beltrao,PR
87030,-23.41848622413047,-51.92625934548862,maringa,PR
87030,-23.416639045896797,-51.93294007224815,maringa,PR
87030,-23.41345047131685,-51.935615676425606,maringá,PR
87030,-23.41647493012297,-51.91759811058415,maringa,PR
87030,-23.421133860924655,-51.91368788249601,maringa,PR
87047,-23.41000679702781,-51.88262571961486,maringa,PR
87047,-23.41860023804612,-51.89296719144367,maringa,PR
87047,-23.4125440614984,-51.87435485851487,maringá,PR
87047,-23.418392790626974,-51.88556687437619,maringá,PR
87047,-23.416531424142654,-51.89172757393316,maringá,PR
88085,-27.60731306466045,-48.59058002775691,florianopolis,SC
88085,-27.607503039125227,-48.59145761157594,florianopolis,SC
88085,-27.61011645406544,-48.59725299916327,florianopolis,SC
88085,-27.61061458114925,-48.59547293803232,florianopolis,SC
88085,-27.60461178518663,-48.59322149474852,florianopolis,SC
01013,-23.546923208436723,-46.6342636964915,sao paulo,SP
01013,-23.547325128224376,-46.63418378613892,sao paulo,SP
01013,-23.547119249235397,-46.634232699405686,sao paulo,SP
01013,-23.547325128224376,-46.63418378613892,sao paulo,SP
01013,-23.547686322234377,-46.6341397692307,são paulo,SP
01124,-23.527367392723217,-46.631883489035715,sao paulo,SP
01124,-23.529603457672128,-46.63413102068779,sao paulo,SP
01124,-23.52841356010148,-46.63294836456227,sao paulo,SP
01124,-23.529235567863104,-46.63396345377697,sao paulo,SP
01124,-23.52856862531019,-46.63382052068778,sao paulo,SP
01511,-23.555682314184306,-46.63309991286275,sao paulo,SP
01511,-23.56275686955392,-46.63264294561134,sao paulo,SP
01511,-23.562837869553913,-46.63263288732753,sao paulo,SP
01511,-23.5643648731606,-46.63251018927814,sao paulo,SP
01511,-23.5643648731606,-46.63251018927814,sao paulo,SP
01534,-23.56284740383172,-46.62391126354653,sao paulo,SP
01534,-23.56774373965611,-46.62621866362735,sao paulo,SP
01534,-23.569415455450418,-46.627167477667435,sao paulo,SP
01534,-23.56505767415894,-46.624719126983635,sao paulo,SP
01534,-23.567718791855437,-46.626243530931966,sao paulo,SP
01548,-23.578346556754592,-46.614710870390624,sao paulo,SP
01548,-23.57534245976251,-46.61389844434537,sao paulo,SP
01548,-23.574598302527544,-46.61236621925677,sao paulo,SP
01548,-23.57517430252754,-46.61257568650817,sao paulo,SP
01548,-23.57744266415201,-46.61248371784701,são paulo,SP
02016,-23.50097763469062,-46.62712333406575,sao paulo,SP
02016,-23.50097763469062,-46.62712333406575,sao paulo,SP
02016,-23.50119168899124,-46.63057715856841,sao paulo,SP
02016,-23.501710360444594,-46.626188565688246,sao paulo,SP
02016,-23.50097763469062,-46.62712333406575,sao paulo,SP
02407,-23.486648605603342,-46.625752707744226,sao paulo,SP
02407,-23.48219606717061,-46.623546544549576,sao paulo,SP
02407,-23.485465676380628,-46.62410333971953,sao paulo,SP
02407,-23.486159902302507,-46.6241548627446,são paulo,SP
02407,-23.486654902302508,-46.624012355531235,são paulo,SP
02415,-23.481876656673794,-46.63295321065843,sao paulo,SP
02415,-23.470167614490144,-46.630430056350555,sao paulo,SP
02415,-23.472399950314536,-46.63017944936225,sao paulo,SP
02415,-23.47587779711365,-46.631702323827426,sao paulo,SP
02415,-23.466895119604413,-46.631359040692274,sao paulo,SP
02419,-23.476927054677134,-46.64139073688614,sao paulo,SP
02419,-23.477210014715183,-46.639828467107186,sao paulo,SP
02419,-23.477277583126533,-46.64140818665242,sao paulo,SP
02419,-23.475820389953256,-46.6383451851232,sao paulo,SP
02419,-23.476748919787642,-46.640155898003336,sao paulo,SP
02441,-23.471434582289824,-46.640623264498835,sao paulo,SP
02441,-23.47349538273989,-46.641973059813004,sao paulo,SP
02441,-23.474332393559937,-46.63952444226446,sao paulo,SP
02441,-23.472593580904842,-46.640095821397665,sao paulo,SP
02441,-23.47240652983439,-46.64016581028917,sao paulo,SP
02462,-23.495707113302295,-46.638953263204584,sao paulo,SP
02462,-23.495412467943908,-46.63798471357262,sao paulo,SP
02462,-23.49068680888654,-46.64119790956696,sao paulo,SP
02462,-23.490550388198947,-46.64116174052147,sao paulo,SP
02462,-23.48914178351319,-46.641786307519205,sao paulo,SP
02981,-23.4608065621691,-46.71650451631099,sao paulo,SP
02981,-23.461331144324546,-46.717596696779964,sao paulo,SP
02981,-23.45959727443315,-46.7180182483443,sao paulo,SP
02981,-23.45949809908247,-46.71602564141034,sao paulo,SP
02981,-23.459503373404115,-46.71721067455651,sao paulo,SP
02989,-23.429807053203387,-46.7211738556802,sao paulo,SP
02989,-23.43238781487679,-46.71887104524205,sao paulo,SP
02989,-23.436888789341566,-46.720828330284455,sao paulo,SP
02989,-23.432767166801337,-46.71960669830917,sao paulo,SP
02989,-23.431674142939563,-46.72149802914191,sao paulo,SP
03028,-23.52758389454089,-46.61256280001737,sao paulo,SP
03028,-23.525211447400334,-46.608649202752574,são paulo,SP
03028,-23.52697217736158,-46.610979191240034,são paulo,SP
03028,-23.527628130994334,-46.6126816999826,sao paulo,SP
03028,-23.527539471550586,-46.60767203274859,sao paulo,SP
03060,-23.538134084655756,-46.58549886150382,sao paulo,SP
03060,-23.536823091869106,-46.58819096142303,sao paulo,SP
03060,-23.540711008050078,-46.58462297974491,são paulo,SP
03060,-23.540591126839402,-46.58457348029316,sao paulo,SP
03060,-23.540971169859755,-46.58574118013154,são paulo,SP
03111,-23.558072306116813,-46.60586586856825,sao paulo,SP
03111,-23.556843080649337,-46.60611136925875,sao paulo,SP
03111,-23.5646144181231,-46.60194660276224,sao paulo,SP
03111,-23.55591516180968,-46.60605000000001,sao paulo,SP
03111,-23.556500947544574,-46.606091971146554,são paulo,SP
03185,-23.56351781487679,-46.584379697472464,sao paulo,SP
03185,-23.564513153042117,-46.58332973789309,sao paulo,SP
03185,-23.56133148542905,-46.58312135789717,sao paulo,SP
03185,-23.566944336398453,-46.583521661057084,sao paulo,SP
03185,-23.562698098489946,-46.58464275707943,sao paulo,SP
03265,-23.595437368024708,-46.54008200138498,são paulo,SP
03265,-23.594203582289815,-46.540632844855416,sao paulo,SP
03265,-23.59436349708581,-46.54121411518264,são paulo,SP
03265,-23.594931167638066,-46.54064177699232,são paulo,SP
03265,-23.595087730221035,-46.540413204685805,sao paulo,SP
03281,-23.5846446352051,-46.54653635849762,sao paulo,SP
03281,-23.58946106411219,-46.5426001887299,sao paulo,SP
03281,-23.58946106411219,-46.5426001887299,sao paulo,SP
03281,-23.5897697463212,-46.54237831626177,sao paulo,SP
03281,-23.58946106411219,-46.5426001887299,sao paulo,SP
03320,-23.547285965837776,-46.56940937552652,sao paulo,SP
03320,-23.54753292587583,-46.5706883499913,são paulo,SP
03320,-23.546224049656804,-46.56403582015692,são paulo,SP
03320,-23.547367940302554,-46.56983687552652,sao paulo,SP
03320,-23.547285965837776,-46.56940937552652,sao paulo,SP
03590,-23.547418711350918,-46.48356109478331,sao paulo,SP
03590,-23.544718818112493,-46.48274472818975,sao paulo,SP
03590,-23.550251335539823,-46.490474934620416,sao paulo,SP
03590,-23.545820263113853,-46.47855345920132,sao paulo,SP
03590,-23.544978537884475,-46.48308666694558,sao paulo,SP
03685,-23.523772565271575,-46.47524063467857,sao paulo,SP
03685,-23.5269180627272,-46.47630094976628,são paulo,SP
03685,-23.525621717179295,-46.47746466388714,são paulo,SP
03685,-23.523332718191668,-46.47854706155314,sao paulo,SP
03685,-23.522086079375633,-46.47836448084143,são paulo,SP
03702,-23.51674732944774,-46.54818243075192,sao paulo,SP
03702,-23.51633441909516,-46.54665246725141,sao paulo,SP
03702,-23.515732288649073,-46.54774040896759,sao paulo,SP
03702,-23.51633441909516,-46.54665246725141,sao paulo,SP
03702,-23.517589997778305,-46.546511725921874,sao paulo,SP
03916,-23.590277256448754,-46.506241529834405,sao paulo,SP
03916,-23.585538279214013,-46.51929226824976,sao paulo,SP
03916,-23.59040049651362,-46.50616837948833,sao paulo,SP
03916,-23.591446354349102,-46.50367416014789,sao paulo,SP
03916,-23.586819076251903,-46.513480012768966,sao paulo,SP
03976,-23.611998831177402,-46.50361249541508,sao paulo,SP
03976,-23.611638520399325,-46.49812337815227,sao paulo,SP
03976,-23.610129841796994,-46.4957390903399,sao paulo,SP
03976,-23.611206331669447,-46.495338087425694,sao paulo,SP
03976,-23.611871943937892,-46.49648901373423,são paulo,SP
04037,-23.595390167638058,-46.637891481678146,sao paulo,SP
04037,-23.59557339439666,-46.645764207744236,sao paulo,SP
04037,-23.595883438253747,-46.64207378864907,sao paulo,SP
04037,-23.595883438253747,-46.64207378864907,sao paulo,SP
04037,-23.595883438253747,-46.64207378864907,sao paulo,SP
04044,-23.5999437485429,-46.6399239672514,sao paulo,SP
04044,-23.600043303912518,-46.63843251832187,sao paulo,SP
04044,-23.600584529286127,-46.64050119317329,sao paulo,SP
04044,-23.601095413266776,-46.642052467251396,sao paulo,SP
04044,-23.600526496249085,-46.64094291618096,sao paulo,SP
04045,-23.61763890592578,-46.6389807441141,sao paulo,SP
04045,-23.606033154596325,-46.63724217248548,sao paulo,SP
04045,-23.616318226758587,-46.63870101635997,sao paulo,SP
04045,-23.61763890592578,-46.6389807441141,sao paulo,SP
04045,-23.625146975301497,-46.64065092532758,são paulo,SP
04052,-23.61199805912053,-46.6424145262277,sao paulo,SP
04052,-23.60956313488948,-46.63891094838128,sao paulo,SP
04052,-23.60965829003405,-46.63971205384039,sao paulo,SP
04052,-23.608735072162276,-46.640922684430706,sao paulo,SP
04052,-23.613581137111176,-46.64364472883605,sao paulo,SP
04074,-23.602424278126932,-46.65114189661519,sao paulo,SP
04074,-23.603382042209425,-46.65151432133664,sao paulo,SP
04074,-23.61215218979895,-46.65700878088111,sao paulo,SP
04074,-23.61103731685386,-46.65595800629095,sao paulo,SP
04074,-23.61248674132954,-46.656920085204014,sao paulo,SP
04303,-23.625507339511106,-46.637947371362,sao paulo,SP
04303,-23.62433942714524,-46.639945372468105,sao paulo,SP
04303,-23.62392560560334,-46.63612815736628,são paulo,SP
04303,-23.62445650111335,-46.63514620822158,sao paulo,SP
04303,-23.62439856174625,-46.63801199125743,são paulo,SP
04524,-23.6034149089676,-46.663931336661115,sao paulo,SP
04524,-23.604133567863094,-46.664609327918534,sao paulo,SP
04524,-23.599634741329545,-46.6603591434878,sao paulo,SP
04524,-23.610685683045734,-46.67078203413355,sao paulo,SP
04524,-23.607143360811346,-46.66753344754457,sao paulo,SP
04531,-23.579853257256815,-46.67114757022902,sao paulo,SP
04531,-23.58064629390054,-46.674151102977596,sao paulo,SP
04531,-23.580263787119865,-46.67590378905311,sao paulo,SP
04531,-23.584378651682123,-46.68107149515257,sao paulo,SP
04531,-23.5807497238444,-46.67429543366612,sao paulo,SP
04650,-23.659845161521215,-46.677882320849406,sao paulo,SP
04650,-23.657969500212197,-46.67745242744979,sao paulo,SP
04650,-23.658186939494485,-46.677077219400985,são paulo,SP
04650,-23.660238142939555,-46.67878894823707,sao paulo,SP
04650,-23.657203707744245,-46.677560908967614,sao paulo,SP
04763,-23.669004657222054,-46.71802455259966,sao paulo,SP
04763,-23.66850452262103,-46.72040314071784,sao paulo,SP
04763,-23.669262900917527,-46.72020485276127,sao paulo,SP
04763,-23.67060861532687,-46.71946743381032,sao paulo,SP
04763,-23.669850164031384,-46.71582547807146,sao paulo,SP
04911,-23.68384378129149,-46.73903090841936,sao paulo,SP
04911,-23.68005456174625,-46.74168495045876,sao paulo,SP
04911,-23.679491042854952,-46.74245610071573,sao paulo,SP
04911,-23.68485651624439,-46.74563842284606,sao paulo,SP
04911,-23.680838545934563,-46.740793766864776,sao paulo,SP
05007,-23.53712946932888,-46.668479448237065,sao paulo,SP
05007,-23.53616126172887,-46.66991605329215,sao paulo,SP
05007,-23.535054168186324,-46.67374332099362,sao paulo,SP
05007,-23.53712946932888,-46.668479448237065,sao paulo,SP
05007,-23.53616126172887,-46.66991605329215,sao paulo,SP
05084,-23.53084304143074,-46.7223583721758,sao paulo,SP
05084,-23.530297044405348,-46.72083729946912,sao paulo,SP
05084,-23.53084304143074,-46.7223583721758,sao paulo,SP
05084,-23.52910766111719,-46.722051440735235,são paulo,SP
05084,-23.530297044405348,-46.72083729946912,sao paulo,SP
05183,-23.452004179294818,-46.7523688148768,sao paulo,SP
05183,-23.45447527061567,-46.75143748765074,sao paulo,SP
05183,-23.45447527061567,-46.75143748765074,sao paulo,SP
05183,-23.45349038955719,-46.75109955093189,sao paulo,SP
05183,-23.453249604781156,-46.752481979674556,sao paulo,SP
05201,-23.512398244791992,-46.4077896135092,são paulo,SP
05201,-23.404671492094142,-46.747622750072104,são paulo,SP
05201,-23.406835368861433,-46.74081790161,sao paulo,SP
05201,-23.404793605603338,-46.74185287538231,sao paulo,SP
05201,-23.40590140161001,-46.73825832361936,sao paulo,SP
05302,-23.532125805701536,-46.725699251889765,sao paulo,SP
05302,-23.531202192047928,-46.729750420331,sao paulo,SP
05302,-23.52898068720067,-46.7280099111893,sao paulo,SP
05302,-23.530056715794313,-46.72659391479598,sao paulo,SP
05302,-23.528866987506515,-46.7276183963299,sao paulo,SP
05567,-23.59586362669516,-46.78452017332221,sao paulo,SP
05567,-23.591865048300487,-46.786958915632695,sao paulo,SP
05567,-23.595041064112184,-46.784470688729876,sao paulo,SP
05567,-23.58903805274389,-46.79189550458762,sao paulo,SP
05567,-23.593966064687194,-46.78292503913673,sao paulo,SP
06016,-23.533669289197334,-46.780298393271465,osasco,SP
06016,-23.531973879580764,-46.78383623182836,osasco,SP
06016,-23.53583672799934,-46.77994220621503,osasco,SP
06016,-23.53000591972942,-46.779158532495245,osasco,SP
06016,-23.528890077682192,-46.77858409027181,osasco,SP
06317,-23.5259011954249,-46.84502074190641,carapicuiba,SP
06317,-23.523672234736758,-46.84673273556852,carapicuiba,SP
06317,-23.52522046056623,-46.84748265961055,carapicuiba,SP
06317,-23.52397384249775,-46.849263031446334,carapicuiba,SP
06317,-23.528611087675802,-46.83916212209152,carapicuíba,SP
06363,-23.56716817102832,-46.84068837436224,carapicuiba,SP
06363,-23.56846414801481,-46.841670813376275,carapicuiba,SP
06363,-23.566257998375033,-46.83642627566305,carapicuiba,SP
06363,-23.566257998375033,-46.83642627566305,carapicuiba,SP
06363,-23.568238022846877,-46.83464924337353,carapicuiba,SP
06435,-23.52735457368866,-46.88567388149708,barueri,SP
06435,-23.53277233366731,-46.887184849390366,barueri,SP
06435,-23.534617563380397,-46.884383594596706,barueri,SP
06435,-23.532754496423212,-46.88546489484897,barueri,SP
06435,-23.531268698314214,-46.88276555375134,barueri,SP
06642,-23.55317375507012,-46.877192143647434,jandira,SP
06642,-23.55908060099705,-46.872372577907754,jandira,SP
06642,-23.559622271911966,-46.87919406592268,jandira,SP
06642,-23.558304860853752,-46.875113518648604,jandira,SP
06642,-23.55854740571385,-46.873488468085945,jandira,SP
06655,-23.547121899699324,-46.9214787984218,itapevi,SP
06655,-23.55890951255111,-46.91440564111254,itapevi,SP
06655,-23.554072529607485,-46.91004068435676,itapevi,SP
06655,-23.556846329685218,-46.91322733747695,itapevi,SP
06655,-23.559552000000004,-46.91303774999999,itapevi,SP
06871,-23.72033746105922,-46.85362208015704,itapecerica da serra,SP
06871,-23.720441920572558,-46.85658964759265,itapecerica da serra,SP
06871,-23.722070416873454,-46.85208344991049,itapecerica da serra,SP
06871,-23.722772405505157,-46.85736946280801,itapecerica da serra,SP
06871,-23.7241170313636,-46.856450907438386,itapecerica da serra,SP
07072,-23.45103308076061,-46.56338954899299,guarulhos,SP
07072,-23.44890331779098,-46.5573364365803,guarulhos,SP
07072,-23.446149999999932,-46.554269999999974,guarulhos,SP
07072,-23.446149999999932,-46.554269999999974,guarulhos,SP
07072,-23.45103308076061,-46.56338954899299,guarulhos,SP
07074,-23.457428518177625,-46.56396476894224,guarulhos,SP
07074,-23.449686705522538,-46.56292781487679,guarulhos,SP
07074,-23.451852845283124,-46.56266168359274,guarulhos,SP
07074,-23.45282075320781,-46.56598568622534,guarulhos,SP
07074,-23.45244514793122,-46.56711237468982,guarulhos,SP
07130,-23.441633350539565,-46.52250973688615,guarulhos,SP
07130,-23.443557485429054,-46.516761,guarulhos,SP
07130,-23.446250276992313,-46.52039948834323,guarulhos,SP
07130,-23.443557485429054,-46.5162435,guarulhos,SP
07130,-23.443891260892148,-46.52266184110451,guarulhos,SP
07153,-23.376380280598994,-46.451925193865776,guarulhos,SP
07153,-23.378722638351928,-46.44959148542904,guarulhos,SP
07153,-23.378989526227713,-46.44259347737895,guarulhos,SP
07153,-23.374372169859765,-46.453093187344905,guarulhos,SP
07153,-23.379777587281485,-46.45107846572219,guarulhos,SP
07160,-23.411582298084145,-46.44838156702636,guarulhos,SP
07160,-23.412482999999995,-46.448387999999994,guarulhos,SP
07160,-23.40974990230251,-46.45069096280801,guarulhos,SP
07160,-23.409092818483476,-46.44903063044606,guarulhos,SP
07160,-23.410089021091824,-46.450182960586325,guarulhos,SP
07417,-23.379132228693216,-46.3193123129911,aruja,SP
07417,-23.379132228693216,-46.3193123129911,aruja,SP
07417,-23.382133658895498,-46.3257329089676,aruja,SP
07417,-23.379132228693216,-46.3193123129911,aruja,SP
07417,-23.384184507643678,-46.32569857961257,arujá,SP
08140,-23.500094175688144,-46.39903692936692,sao paulo,SP
08140,-23.51361851457095,-46.39657486372553,sao paulo,SP
08140,-23.50858410485051,-46.40198626498769,sao paulo,SP
08140,-23.50734299999999,-46.39815053996195,sao paulo,SP
08140,-23.523223547319535,-46.38499898834323,sao paulo,SP
08215,-23.531735550290666,-46.44923663921909,sao paulo,SP
08215,-23.53640355871649,-46.44871609466773,sao paulo,SP
08215,-23.540528873621362,-46.44848419206763,sao paulo,SP
08215,-23.540488122764938,-46.44743344854471,sao paulo,SP
08215,-23.536581925616023,-46.44629701901436,sao paulo,SP
68741,-1.299944665978007,-47.94205182369219,castanhal,PA
68741,-1.2988078769464333,-47.944931194674105,castanhal,PA
68741,-1.309003999636154,-47.919477662003224,castanhal,PA
68741,-1.299944665978007,-47.94205182369219,castanhal,PA
68741,-1.3013732253102857,-47.93967557805258,castanhal,PA
69800,-7.508978143959827,-63.03308831070338,humaitá,AM
69800,-7.5137847442922,-63.03378732922329,humaita,AM
69800,-7.515149418506882,-63.02049152519753,humaita,AM
69800,-7.509255172302785,-63.03233981256091,humaita,AM
69800,-7.4993342172610085,-63.032430120049675,humaita,AM
70390,-15.803374410496815,-47.90297513543773,brasilia,DF
70390,-15.824240355407609,-47.9285890225758,brasilia,DF
70390,-15.821622518394545,-47.92456984427245,brasilia,DF
70390,-15.823885500000003,-47.92701824999999,brasilia,DF
70390,-15.82262241300698,-47.92591733054426,brasília,DF
71805,-15.879087311572235,-48.00634998074298,brasilia,DF
71805,-15.880411407209978,-48.01828403480678,brasilia,DF
71805,-15.880503644170703,-48.0192701475997,brasilia,DF
71805,-15.881766555678144,-48.02058096764099,brasilia,DF
71805,-15.880746120967185,-48.014672236743074,brasília,DF
72241,-15.808551384889737,-48.12935656552741,brasilia,DF
72241,-15.805178507819173,-48.129854101268066,brasilia,DF
72241,-15.812365128144725,-48.130275314577275,brasília,DF
72241,-15.815337962628577,-48.13222385787196,brasilia,DF
72241,-15.814903454936498,-48.13306804992905,brasilia,DF
72885,-16.107811052999978,-47.951615499999946,cidade ocidental,GO
72885,-16.107811052999978,-47.951615499999946,cidade ocidental,GO
72885,-16.10606443220077,-47.95241410766099,cidade ocidental,GO
72885,-16.107811052999978,-47.951615499999946,cidade ocidental,GO
72885,-16.107811052999978,-47.951615499999946,cidade ocidental,GO
74315,-16.72058410555624,-49.231958179219056,goiania,GO
74315,-16.72081065105532,-49.2313035347364,goiania,GO
74315,-16.72081065105532,-49.2313035347364,goiania,GO
74315,-16.701784551525552,-49.31045299666305,goiania,GO
74315,-16.696554757678857,-49.309989107351655,goiania,GO
74590,-16.616476057909594,-49.292575619535825,goiania,GO
74590,-16.61377130740867,-49.29906121203485,goiania,GO
74590,-16.610575500000003,-49.29903449999999,goiania,GO
74590,-16.616476057909594,-49.292575619535825,goiania,GO
74590,-16.616476057909594,-49.292575619535825,goiania,GO
75800,-17.8856069719365,-51.719640227882586,jatai,GO
75800,-17.882384153704603,-51.71773623160132,jatai,GO
75800,-17.878198729404,-51.71018159151257,jatai,GO
75800,-17.89529155508881,-51.711825947176514,jatai,GO
75800,-17.886895592359075,-51.71130511645201,jataí,GO
77823,-7.1890823840125355,-48.21504725212428,araguaina,TO
77823,-7.1890823840125355,-48.21504725212428,araguaina,TO
77823,-7.1890823840125355,-48.21504725212428,araguaina,TO
77823,-7.1890823840125355,-48.21504725212428,araguaina,TO
77823,-7.18305269533966,-48.208985493539274,araguaina,TO
78075,-15.61051620747389,-56.0317086130793,cuiaba,MT
78075,-15.609499936694181,-56.02903504747936,cuiaba,MT
78075,-15.61051620747389,-56.0317086130793,cuiaba,MT
78075,-15.607875731063467,-56.03259236050039,cuiaba,MT
78075,-15.609992891566847,-56.025146797186224,cuiaba,MT
78300,-14.626259297036649,-57.49943277213334,tangara da serra,MT
78300,-14.637500173453036,-57.46291702274207,tangara da serra,MT
78300,-14.61963768416454,-57.48381910817491,tangara da serra,MT
78300,-14.629177591852647,-57.50631277261474,tangara da serra,MT
78300,-14.61544689439683,-57.49347361534023,tangara da serra,MT
80420,-25.434899979456432,-49.28320625116862,curitiba,PR
80420,-25.438075878440728,-49.28605114640201,curitiba,PR
80420,-25.441117387443086,-49.28798471011016,curitiba,PR
80420,-25.43902997417632,-49.288152635033704,curitiba,PR
80420,-25.434899979456432,-49.28320625116862,curitiba,PR
80730,-25.4335612739339,-49.296953520803356,curitiba,PR
80730,-25.430307862888817,-49.28981032223438,curitiba,PR
80730,-25.43134353124803,-49.29677398317868,curitiba,PR
80730,-25.43338725644875,-49.30056313780366,curitiba,PR
80730,-25.43349525644876,-49.30083216333889,curitiba,PR
82315,-25.41228842714524,-49.35922451457094,curitiba,PR
82315,-25.41125277768481,-49.3549799089676,curitiba,PR
82315,-25.414263476069717,-49.35697854934839,curitiba,PR
82315,-25.41243177146778,-49.356387724234246,curitiba,PR
82315,-25.40906776934627,-49.35584548098564,curitiba,PR
82600,-25.39156863558196,-49.213520460038055,curitiba,PR
82600,-25.39108398805477,-49.212016108661764,curitiba,PR
82600,-25.393371056996056,-49.22067187998768,curitiba,PR
82600,-25.390223908611556,-49.20911936723738,curitiba,PR
82600,-25.397415812040926,-49.220967175203036,curitiba,PR
82980,-25.47410747821568,-49.194350077990634,curitiba,PR
82980,-25.467506762225675,-49.19558183006859,curitiba,PR
82980,-25.46732658090484,-49.1954900770097,curitiba,PR
82980,-25.477540555081163,-49.19894992186512,curitiba,PR
82980,-25.47604881551076,-49.19402494653229,curitiba,PR
83321,-25.44450819623171,-49.17725474672523,pinhais,PR
83321,-25.444665084915545,-49.18019190507245,pinhais,PR
83321,-25.44995219369288,-49.18179987272792,pinhais,PR
83321,-25.44903776380635,-49.177300216631025,pinhais,PR
83321,-25.45086056067003,-49.179628473253146,pinhais,PR
83503,-25.33160032638932,-49.27717645934557,almirante tamandare,PR
83503,-25.329813673610673,-49.27430544962204,almirante tamandaré,PR
83503,-25.336507181228068,-49.272000333198655,almirante tamandare,PR
83503,-25.33147575021635,-49.27919562447347,almirante tamandare,PR
83503,-25.33716597169482,-49.27407412724344,almirante tamandare,PR
85810,-24.94812606272721,-53.45992279514128,cascavel,PR
85810,-24.953444214265108,-53.46420074092551,cascavel,PR
85810,-24.952355433262085,-53.45781689676259,cascavel,PR
85810,-24.952825486005967,-53.46856297599398,cascavel,PR
85810,-24.95062340940029,-53.46554317208146,cascavel,PR
87083,-23.38876732231535,-51.954481014916496,maringa,PR
87083,-23.39439992688993,-51.953494051345814,maringa,PR
87083,-23.3898274302623,-51.954841924954636,maringa,PR
87083,-23.38538469245123,-51.95704942665664,maringa,PR
87083,-23.395842674315873,-51.95358967431588,maringá,PR
87225,-23.474385128899645,-52.56167206086927,japura,PR
87225,-23.475452608024273,-52.55374518014306,japura,PR
87225,-23.477798782442004,-52.55837231608209,japura,PR
87225,-23.468449951568836,-52.55576631439832,japura,PR
87225,-23.474947065418117,-52.55626275772779,japura,PR
87502,-23.757178599774967,-53.29107393545511,umuarama,PR
87502,-23.753184213976652,-53.29948700083671,umuarama,PR
87502,-23.770399593049174,-53.19799088308772,umuarama,PR
87502,-23.758436253938594,-53.30416946808813,umuarama,PR
87502,-23.75802408549641,-53.30195277375227,umuarama,PR
87890,-22.73116132135527,-52.6159501365503,terra rica,PR
87890,-22.729472019502918,-52.616730326832354,terra rica,PR
87890,-22.714878343060246,-52.6203436936547,terra rica,PR
87890,-22.72314444267247,-52.614221809541796,terra rica,PR
87890,-22.72889412746345,-52.620406746824926,terra rica,PR
88036,-27.590329257833734,-48.52015089439666,florianopolis,SC
88036,-27.594841442956938,-48.51778659714922,florianopolis,SC
88036,-27.589874855963917,-48.52212360618027,florianopolis,SC
88036,-27.59212407022903,-48.51797597515728,florianópolis,SC
88036,-27.591593039413684,-48.52180366140564,florianopolis,SC
88037,-27.60066334139297,-48.51412134485542,florianopolis,SC
88037,-27.602300263113854,-48.5052553030758,florianopolis,SC
88037,-27.603958459734223,-48.5015263270093,florianópolis,SC
88037,-27.596973530671114,-48.50777986121537,florianopolis,SC
88037,-27.59983230336426,-48.510838451151244,florianopolis,SC
88111,-27.568918660944803,-48.6332460149761,sao jose,SC
88111,-27.560870485978818,-48.61662994270763,sao jose,SC
88111,-27.564179011607898,-48.62391827195045,sao jose,SC
88111,-27.566911464300418,-48.61624462808638,são josé,SC
88111,-27.56676686028926,-48.616015256206616,sao jose,SC
88735,-28.326034342632717,-49.06566380829775,gravatal,SC
88735,-28.32819800695047,-49.05724554734975,gravatal,SC
88735,-28.33268942626582,-49.03348531543399,gravatal,SC
88735,-28.3270638841041,-49.06074814618359,gravatal,SC
88735,-28.331423663292032,-49.03363188345601,gravatal,SC
89082,-26.895813293115783,-49.24766995646648,indaial,SC
89082,-26.890581076847578,-49.24259847285358,indaial,SC
89082,-26.888594898357503,-49.2459855947372,indaial,SC
89082,-26.892501253772966,-49.25296987003103,indaial,SC
89082,-26.885995742689346,-49.24519179824413,indaial,SC
89108,-26.59892353667944,-48.992792674086715,massaranduba,SC
89108,-26.615789670925864,-49.010390127721976,massaranduba,SC
89108,-26.610226807673033,-49.00618585520988,massaranduba,SC
89108,-26.609730771557892,-49.00495928894011,massaranduba,SC
89108,-26.627001532938213,-49.0112548429542,massaranduba,SC
89218,-26.270855620639093,-48.86166604614817,joinville,SC
89218,-26.279524380380238,-48.87455942775393,joinville,SC
89218,-26.27119556924808,-48.85503155398464,joinville,SC
89218,-26.26890236081135,-48.86518108673323,joinville,SC
89218,-26.283029605603346,-48.866127401610015,joinville,SC
89275,-26.40323432806667,-49.087597917849614,schroeder,SC
89275,-26.37720902983536,-49.10882585326588,schroeder,SC
89275,-26.400712471882578,-49.08821270103438,schroeder,SC
89275,-26.448387220225907,-49.02304308890532,schroeder,SC
89275,-26.38639113181388,-49.1038117055186,schroeder,SC
91220,-30.01890821065843,-51.13541895461369,porto alegre,RS
91220,-30.02214770774424,-51.139081870794676,porto alegre,RS
91220,-30.015042370246405,-51.13679494714054,porto alegre,RS
91220,-30.015136571469778,-51.13582202732423,porto alegre,RS
91220,-30.012145438253743,-51.13488220191584,porto alegre,RS
92500,-30.11082611949453,-51.36376683789562,guaiba,RS
92500,-30.091237554532892,-51.3277245313636,guaiba,RS
92500,-30.09423471963001,-51.31975623377339,guaiba,RS
92500,-30.12239527061568,-51.317398351376276,guaiba,RS
92500,-30.101345990673703,-51.318179052877014,guaiba,RS
93525,-29.666707993244437,-51.120587238003694,novo hamburgo,RS
93525,-29.671771505157174,-51.11643469823095,novo hamburgo,RS
93525,-29.671081118702148,-51.11326861881972,novo hamburgo,RS
93525,-29.671081118702148,-51.11326861881972,novo hamburgo,RS
93525,-29.665513406145013,-51.12218307847933,novo hamburgo,RS
95190,-28.9654729747681,-51.04802612381615,sao marcos,RS
95190,-28.975968,-51.06659400000001,sao marcos,RS
95190,-28.969223335099027,-51.083013943519475,sao marcos,RS
95190,-28.970360999999997,-51.071841000000006,sao marcos,RS
95190,-28.96917401463706,-51.08313838723626,sao marcos,RS
29165,-20.19363644957563,-40.27380330496123,serra,ES
29165,-20.19392871122122,-40.27295121020802,serra,ES
29165,-20.201479391528352,-40.25812157047212,serra,ES
29165,-20.197747606157865,-40.25479189563724,serra,ES
29165,-20.20857299371231,-40.26281174756351,serra,ES
29175,-20.129442586553164,-40.18699070798358,serra,ES
29175,-20.125077554846843,-40.18867515952251,serra,ES
29175,-20.14398475838655,-40.19461880500094,serra,ES
29175,-20.196903211961295,-40.27439256423633,serra,ES
29175,-20.142061227429377,-40.18669404581233,serra,ES
30210,-19.949190339431063,-43.91703689993658,belo horizonte,MG
30210,-19.96097135134763,-43.91722892036456,belo horizonte,MG
30210,-19.95558923342369,-43.90943197293556,belo horizonte,MG
30210,-19.957212284238203,-43.93182965283293,belo horizonte,MG
30210,-19.948009305585966,-43.91957913087878,belo horizonte,MG
30720,-19.91802549653755,-43.976132528449426,belo horizonte,MG
30720,-19.9094925545329,-43.975952633360265,belo horizonte,MG
30720,-19.914200046627048,-43.97320166570481,belo horizonte,MG
30720,-19.908045471002325,-43.97818050000001,belo horizonte,MG
30720,-19.919860910352583,-43.972480172918196,belo horizonte,MG
31573,-19.809042328611024,-43.99006964195861,belo horizonte,MG
31573,-19.80657720236531,-43.98871432600728,belo horizonte,MG
31573,-19.808709673700886,-43.98942694579767,belo horizonte,MG
31573,-19.809871994719874,-43.98483943199266,belo horizonte,MG
31573,-19.814577579519856,-43.99489259394657,belo horizonte,MG
34525,-19.9021411367291,-43.815263757530296,sabara,MG
34525,-19.896340829499064,-43.8038325,sabara,MG
34525,-19.894859694277383,-43.80411653807467,sabará,MG
34525,-19.89630657907704,-43.803429386653974,sabara,MG
34525,-19.895737378429477,-43.80647230185864,sabara,MG
35057,-18.84144909699821,-41.96259175851705,governador valadares,MG
35057,-18.84662373406888,-41.958702944027614,governador valadares,MG
35057,-18.8373074584209,-41.959571409576675,governador valadares,MG
35057,-18.847202601883247,-41.958593842150066,governador valadares,MG
35057,-18.84564445985511,-41.95497687383292,governador valadares,MG
36016,-21.772205528997674,-43.35345796280802,juiz de fora,MG
36016,-21.772243561746254,-43.352949462808,juiz de fora,MG
36016,-21.771350382661335,-43.357974409578816,juiz de fora,MG
36016,-21.765334336949557,-43.35531082474454,juiz de fora,MG
36016,-21.7720645037509,-43.35775334110451,juiz de fora,MG
36026,-21.781679280598993,-43.34755285261703,juiz de fora,MG
36026,-21.78122170552254,-43.34672189162669,juiz de fora,MG
36026,-21.77824570246412,-43.349257801286804,juiz de fora,MG
36026,-21.77918268720067,-43.34721667262972,juiz de fora,MG
36026,-21.777045642795336,-43.35284303427778,juiz de fora,MG
36050,-21.729309223700177,-43.34147826034389,juiz de fora,MG
36050,-21.737808618096818,-43.34915980766342,juiz de fora,MG
36050,-21.740917463500498,-43.35256196961735,juiz de fora,MG
36050,-21.73866709740903,-43.351860027756906,juiz de fora,MG
36050,-21.734706489035734,-43.35012444754457,juiz de fora,MG
36305,-21.124485152993394,-44.23764207622492,sao joao del rei,MG
36305,-21.127895512217354,-44.240302904305636,sao joao del rei,MG
36305,-21.126607166801346,-44.23944591104507,sao joao del rei,MG
36305,-21.13120916319466,-44.23318612822437,sao joao del rei,MG
36305,-21.137287494315842,-44.2323014768307,sao joao del rei,MG
36408,-20.652936754166824,-43.802903745182675,conselheiro lafaiete,MG
36408,-20.653532226427675,-43.801348825551464,conselheiro lafaiete,MG
36408,-20.658903575979682,-43.79609277520784,conselheiro lafaiete,MG
36408,-20.67744794030704,-43.776483587155546,conselheiro lafaiete,MG
36408,-20.65497755692663,-43.795568932625144,conselheiro lafaiete,MG
36772,-21.393999019279306,-42.696775416436715,cataguases,MG
36772,-21.400378219357457,-42.69476240721587,cataguases,MG
36772,-21.397447963384728,-42.698614391628745,cataguases,MG
36772,-21.39830573455632,-42.6965259723361,cataguases,MG
36772,-21.401065585369135,-42.70905540708209,cataguases,MG
38190,-19.866903334981423,-47.44051696090157,sacramento,MG
38190,-19.8693,-47.435769,sacramento,MG
38190,-19.863918288014734,-47.434819821563515,sacramento,MG
38190,-19.857318010397034,-47.46064929266935,sacramento,MG
38190,-19.865421881371173,-47.444568188065,sacramento,MG
09751,-23.690727250360577,-46.544653005280125,sao bernardo do campo,SP
09751,-23.692570576172972,-46.53967837898898,sao bernardo do campo,SP
09751,-23.690372835470836,-46.54355816588886,sao bernardo do campo,SP
09751,-23.693408169323767,-46.540564285093055,sao bernardo do campo,SP
09751,-23.69129958432707,-46.54755583166766,sao bernardo do campo,SP
09761,-23.706946205926574,-46.52642835760869,sao bernardo do campo,SP
09761,-23.70816,-46.52562149999999,são bernardo do campo,SP
09761,-23.707612180444162,-46.52764341454414,sao bernardo do campo,SP
09761,-23.709084174631933,-46.52782359147792,sao bernardo do campo,SP
09761,-23.70365175382302,-46.52654548984379,sao bernardo do campo,SP
09831,-23.78691848845881,-46.53779305689883,sao bernardo do campo,SP
09831,-23.79802821879671,-46.54345833247392,sao bernardo do campo,SP
09831,-23.79337792760027,-46.548982980357984,sao bernardo do campo,SP
09831,-23.78572590910228,-46.54127257345913,sao bernardo do campo,SP
09831,-23.794369888712502,-46.547565840700486,sao bernardo do campo,SP
09852,-23.725699831447105,-46.5893773352164,sao bernardo do campo,SP
09852,-23.717729141728206,-46.59726408289585,são bernardo do campo,SP
09852,-23.73494109129872,-46.58332614766283,sao bernardo do campo,SP
09852,-23.737881208006527,-46.60832671234592,sao bernardo do campo,SP
09852,-23.72378045354299,-46.60007475011025,sao bernardo do campo,SP
11025,-23.976340468856076,-46.29781459892919,santos,SP
11025,-23.96432227531888,-46.31528773382773,santos,SP
11025,-23.96136921234808,-46.32109789584247,santos,SP
11025,-23.96505921593855,-46.318514726470134,santos,SP
11025,-23.966707442956935,-46.30826845683539,santos,SP
11330,-23.97086307466894,-46.39655164344854,sao vicente,SP
11330,-23.969545920915646,-46.4130601719455,são vicente,SP
11330,-23.97053986129,-46.395137303959935,sao vicente,SP
11330,-23.97082890132094,-46.40432987179556,sao vicente,SP
11330,-23.97302204125777,-46.40946679159303,sao vicente,SP
11700,-24.009913252027786,-46.396452792161924,praia grande,SP
11700,-24.009099820705174,-46.41161999278665,praia grande,SP
11700,-24.00682340743839,-46.4100330693923,praia grande,SP
11700,-24.008688894918755,-46.405644094953516,praia grande,SP
11700,-24.014999399936574,-46.4041042703272,praia grande,SP
12501,-22.821051879055528,-45.19147619746503,guaratingueta,SP
12501,-22.821051879055528,-45.19147619746503,guaratingueta,SP
12501,-22.81607334259805,-45.193822931569194,guaratingueta,SP
12501,-22.81646542378536,-45.194723277010326,guaratingueta,SP
12501,-22.8198079271327,-45.19282119374216,guaratingueta,SP
12952,-23.14492333670709,-46.539830386938746,atibaia,SP
12952,-23.047477671213503,-46.67479547760594,atibaia,SP
12952,-23.06170082472483,-46.6410622499443,atibaia,SP
12952,-23.06170082472483,-46.6410622499443,atibaia,SP
12952,-23.113980648348555,-46.59604181871219,atibaia,SP
13105,-22.89082402420255,-46.9816531677612,campinas,SP
13105,-22.887476232949947,-46.97635996136356,campinas,SP
13105,-22.881033000000002,-46.98482849999999,campinas,SP
13105,-22.889966323730903,-46.97946286347351,campinas,SP
13105,-22.88792840383172,-46.98423002054356,campinas,SP
13273,-22.946686728177074,-46.9746763873937,valinhos,SP
13273,-22.950874524425437,-46.9770215704982,valinhos,SP
13273,-22.97586148886894,-47.010203972644774,valinhos,SP
13273,-22.947815642074303,-46.97915570506527,valinhos,SP
13273,-22.960500619859076,-46.987196667802685,valinhos,SP
13348,-23.12851459612905,-47.2406058481293,indaiatuba,SP
13348,-23.123553152777657,-47.241676855354605,indaiatuba,SP
13348,-23.109633807195614,-47.24062730719561,indaiatuba,SP
13348,-23.115058742166266,-47.23379044976627,indaiatuba,SP
13348,-23.124180258777475,-47.23421495687041,indaiatuba,SP
13482,-22.574877851520522,-47.416177053147926,limeira,SP
13482,-22.59439971135092,-47.42806067277397,limeira,SP
13482,-22.570253797637484,-47.43777974425659,limeira,SP
13482,-22.575253882595664,-47.454447803220035,limeira,SP
13482,-22.59384395337295,-47.42937716680132,limeira,SP
13483,-22.56835042131686,-47.44743947974489,limeira,SP
13483,-22.55660583014023,-47.4426026873449,limeira,SP
13483,-22.561171418258436,-47.45026001096426,limeira,SP
13483,-22.553936444630377,-47.442645937965274,limeira,SP
13483,-22.550529656673792,-47.44617087316061,limeira,SP
13501,-22.4337215955702,-47.559967723410324,rio claro,SP
13501,-22.419066646402012,-47.555523441283505,rio claro,SP
13501,-22.425337671549926,-47.55700352312125,rio claro,SP
13501,-22.437748743859654,-47.558329437792395,rio claro,SP
13501,-22.430226145105443,-47.56004887249839,rio claro,SP
13506,-22.412791063943082,-47.55498970959049,rio claro,SP
13506,-22.403103494604313,-47.54967210990252,rio claro,SP
13506,-22.39903012101102,-47.546710668619006,rio claro,SP
13506,-22.381812610018088,-47.544057274193705,rio claro,SP
13506,-22.388291565403446,-47.55163481815926,rio claro,SP
13570,-22.031991221156915,-47.876134570598836,sao carlos,SP
13570,-22.03014091840266,-47.89186394892955,sao carlos,SP
13570,-22.032249614154118,-47.87300669252086,sao carlos,SP
13570,-22.034106629789672,-47.87548057820519,sao carlos,SP
13570,-22.026566869842384,-47.88957911157595,são carlos,SP
13600,-22.35891429225576,-47.37972309201335,araras,SP
13600,-22.354844316331565,-47.38841278079566,araras,SP
13600,-22.35906286886278,-47.3807194132873,araras,SP
13600,-22.350464612816708,-47.382559878988985,araras,SP
13600,-22.352640558220923,-47.39325373743846,araras,SP
13604,-22.33251088443001,-47.377264861568456,araras,SP
13604,-22.335065706359252,-47.38481676187309,araras,SP
13604,-22.345342124617687,-47.38264253372953,araras,SP
13604,-22.33199606717061,-47.38489751041602,araras,SP
13604,-22.34451627200066,-47.387383622395994,araras,SP
13903,-22.709517946707855,-46.769180893559934,amparo,SP
13903,-22.718451839165635,-46.76568680902513,amparo,SP
13903,-22.7168318247659,-46.76437971780826,amparo,SP
13903,-22.711699529834394,-46.76463161310515,amparo,SP
13903,-22.71219104892369,-46.77138752083575,amparo,SP
14075,-21.152969235356927,-47.77227625506376,ribeirao preto,SP
14075,-21.1520001895666,-47.789684895089145,ribeirao preto,SP
14075,-21.148847518177636,-47.79094624646543,ribeirao preto,SP
14075,-21.142618030526883,-47.794654309740906,ribeirão preto,SP
14075,-21.130345746958483,-47.78725104184873,ribeirao preto,SP
14096,-21.197994153181128,-47.779317275572765,ribeirao preto,SP
14096,-21.195636962125977,-47.77776929498326,ribeirao preto,SP
14096,-21.197994153181128,-47.779317275572765,ribeirao preto,SP
14096,-21.199375121011013,-47.77348276311386,ribeirao preto,SP
14096,-21.21028514293956,-47.77279580322002,ribeirão preto,SP
14312,-20.916468353698388,-47.574216767527176,batatais,SP
14770,-20.724127725272936,-48.52733120722506,colina,SP
14770,-20.711544500901503,-48.53440342456479,colina,SP
14770,-20.721767182477958,-48.53724883280835,colina,SP
14770,-20.71441525023773,-48.53635016512387,colina,SP
14770,-20.729036021381376,-48.53017909449796,colina,SP
14870,-21.253339982915808,-48.32841354256132,jaboticabal,SP
14870,-21.253238474692573,-48.321878343645324,jaboticabal,SP
14870,-21.255254526097524,-48.324053248963274,jaboticabal,SP
14870,-21.257853368352876,-48.316667577993535,jaboticabal,SP
14870,-21.257083698786538,-48.31816024087512,jaboticabal,SP
15025,-20.802436263463758,-49.39562406741489,sao jose do rio preto,SP
15025,-20.816686578378,-49.39492494796845,sao jose do rio preto,SP
15025,-20.807430981871633,-49.39686064490445,são josé do rio preto,SP
15025,-20.80498854877062,-49.39442398757128,são josé do rio preto,SP
15025,-20.79984291057379,-49.38324452377851,sao jose do rio preto,SP
15170,-20.619786901756022,-49.64820320291271,tanabi,SP
15170,-20.630656381370468,-49.656750506339826,tanabi,SP
15170,-20.613922682363558,-49.659698827876994,tanabi,SP
15170,-20.630945665492828,-49.638465491250145,tanabi,SP
15170,-20.612805782566205,-49.63344097832991,tanabi,SP
15704,-20.27939929861524,-50.5535315563023,jales,SP
15704,-20.28014212584908,-50.55323223695461,jales,SP
15704,-20.275143259186628,-50.553094326978034,jales,SP
15704,-20.28206696504022,-50.54832567471437,jales,SP
15704,-20.274567589306116,-50.55237908429399,jales,SP
15870,-21.05217593341096,-49.05701704418212,catiguá,SP
15870,-21.0637994365167,-49.06532771825836,catigua,SP
15870,-21.046810587643748,-49.05817800613921,catigua,SP
15870,-21.05344970107052,-49.06155382305486,catiguá,SP
15870,-21.04862059724778,-49.059379812384975,catigua,SP
17050,-22.321557451007024,-49.099336191932544,bauru,SP
17050,-22.326474553306642,-49.088708236698714,bauru,SP
17050,-22.327864028802246,-49.098003612936814,bauru,SP
17050,-22.323887728547604,-49.09946899832655,bauru,SP
17050,-22.32706725393859,-49.0988574425529,bauru,SP
17064,-22.349206736746634,-49.041093419457894,bauru,SP
17064,-22.304182499999996,-49.08348225,bauru,SP
17064,-22.304689595071764,-49.09239842812619,bauru,SP
17064,-22.302663149056393,-49.092946506116846,bauru,SP
17064,-22.305672545097828,-49.08943602484273,bauru,SP
17350,-22.51225020394538,-48.55643861501519,igaracu do tiete,SP
17350,-22.52038138250029,-48.57011685213046,igaracu do tiete,SP
17350,-22.51176910142082,-48.55731584986019,igaraçu do tietê,SP
17350,-22.51016308119661,-48.563396589508464,igaraçu do tietê,SP
17350,-22.52684143797076,-48.56582658140167,igaracu do tiete,SP
17606,-21.919793676614052,-50.52628819150581,tupa,SP
17606,-21.927563411354868,-50.52885432374663,tupa,SP
17606,-21.925412418685536,-50.53162990585927,tupa,SP
17606,-21.927944134289277,-50.53423834368648,tupa,SP
17606,-21.927842540412847,-50.52943660444801,tupa,SP
18040,-23.504368128224375,-47.466156284349914,sorocaba,SP
18040,-23.512977398551598,-47.46818008520402,sorocaba,SP
18040,-23.506330117404342,-47.467518019562604,sorocaba,SP
18040,-23.50826480322003,-47.46583836150384,sorocaba,SP
18040,-23.512084459893828,-47.46844719830917,sorocaba,SP
18079,-23.44030742714524,-47.48474442783774,sorocaba,SP
18079,-23.434515000000005,-47.48301149278662,sorocaba,SP
18079,-23.44047661450086,-47.47916189064832,sorocaba,SP
18079,-23.4381287463212,-47.46245508964742,sorocaba,SP
18079,-23.439057496249088,-47.48180525728546,sorocaba,SP
18087,-23.442173999999994,-47.45493449999999,sorocaba,SP
18087,-23.48017464754327,-47.40709707686902,sorocaba,SP
18087,-23.44758691060273,-47.45823841508604,sorocaba,SP
18087,-23.44401678934156,-47.373165162502175,sorocaba,SP
18087,-23.472277134792108,-47.42252176883767,sorocaba,SP
18273,-23.349166470434533,-47.82274418060707,tatui,SP
18273,-23.346806567464256,-47.82409946205871,tatui,SP
18273,-23.353215278805077,-47.83166436557585,tatui,SP
18273,-23.37375815328078,-47.79592767127661,tatui,SP
18273,-23.371775053742862,-47.79872904145382,tatui,SP
18607,-22.888908548912074,-48.46735123749511,botucatu,SP
18607,-22.892705999999997,-48.45069224999999,botucatu,SP
18607,-22.891426491257434,-48.45056974132955,botucatu,SP
18607,-22.895297478086796,-48.453649943283786,botucatu,SP
18607,-22.88430958413915,-48.467870098349394,botucatu,SP
18608,-22.870530827918536,-48.4583771740147,botucatu,SP
18608,-22.869819264817476,-48.45696374622915,botucatu,SP
18608,-22.870723316365783,-48.45221780090914,botucatu,SP
18608,-22.868784785734885,-48.45220226686475,botucatu,SP
18608,-22.872043812655097,-48.46461538398064,botucatu,SP
18670,-22.67471202111277,-48.66536891779858,areiopolis,SP
18670,-22.677244293849576,-48.66942476710098,areiopolis,SP
18670,-22.679185554641265,-48.669746767879005,areiopolis,SP
18670,-22.678988702217318,-48.66805417175709,areiopolis,SP
18670,-22.672431862866826,-48.66456303051273,areiopolis,SP
18950,-23.050352082421156,-49.62755542394423,ipaussu,SP
18950,-23.06250342877329,-49.62721252652433,ipaussu,SP
18950,-23.054763395701315,-49.62692358780503,ipaussu,SP
18950,-23.04913564964159,-49.62807614409577,ipaussu,SP
18950,-23.05145151528594,-49.62383267274185,ipaussu,SP
20725,-22.904585350539566,-43.27965950805009,rio de janeiro,RJ
20725,-22.904747999999998,-43.28378264152593,rio de janeiro,RJ
20725,-22.906161261728876,-43.28948965543303,rio de janeiro,RJ
20725,-22.907646773818325,-43.288726396935466,rio de janeiro,RJ
20725,-22.9086199911132,-43.28690680362405,rio de janeiro,RJ
21012,-22.8255207599112,-43.27774612877263,rio de janeiro,RJ
21012,-22.820796101060555,-43.28921652381006,rio de janeiro,RJ
21012,-22.820675164868106,-43.2829411969242,rio de janeiro,RJ
21012,-22.826360996941574,-43.27651666971554,rio de janeiro,RJ
21012,-22.824962725503187,-43.27747400582235,rio de janeiro,RJ
21870,-22.87130753067111,-43.45235439953255,rio de janeiro,RJ
21870,-22.87377778180967,-43.44960185248181,rio de janeiro,RJ
21870,-22.871267476542243,-43.454130140429406,rio de janeiro,RJ
21870,-22.87118248514059,-43.46297999999999,rio de janeiro,RJ
21870,-22.87055154039463,-43.4601649997402,rio de janeiro,RJ
21932,-22.88944883819032,-43.28518885053956,rio de janeiro,RJ
21932,-22.797167343326205,-43.210856378296484,rio de janeiro,RJ
21932,-22.80128805467713,-43.21058415223039,rio de janeiro,RJ
21932,-22.804244696635735,-43.21192695406543,rio de janeiro,RJ
21932,-22.800769411999966,-43.21336999999994,rio de janeiro,RJ
22071,-22.97891413015762,-43.190435195250764,rio de janeiro,RJ
22071,-22.98079438930705,-43.19295037922983,rio de janeiro,RJ
22071,-22.978228160136247,-43.192167606295826,rio de janeiro,RJ
22071,-22.981471418258433,-43.19370109478331,rio de janeiro,RJ
22071,-22.977442561746262,-43.197002046627034,rio de janeiro,RJ
22281,-22.957756281983983,-43.19249263780366,rio de janeiro,RJ
22281,-22.955366556754594,-43.192453820416716,rio de janeiro,RJ
22281,-22.95816823786709,-43.19226692561603,rio de janeiro,RJ
22281,-22.952492487362285,-43.19364433094828,rio de janeiro,RJ
22281,-22.958799463788957,-43.196350499999994,rio de janeiro,RJ
39500,-15.153967267226244,-42.87297150960752,monte azul,MG
39500,-15.150427407997105,-42.87280095194461,monte azul,MG
39500,-15.1516067843525,-42.86762553746664,monte azul,MG
39500,-15.161446018914853,-42.870982537246704,monte azul,MG
39500,-15.153470168516433,-42.874148087853854,monte azul,MG
40285,-12.985620726066106,-38.49167649249818,salvador,BA
40285,-12.991158000000002,-38.492271,salvador,BA
40285,-12.992683205167934,-38.487958893835334,salvador,BA
40285,-12.99267612672792,-38.48451662880497,salvador,BA
40285,-12.988983907582622,-38.48266039301167,salvador,BA
44085,-12.25560541271852,-38.92030328864908,feira de santana,BA
44085,-12.251438364637117,-38.92732558239794,feira de santana,BA
44085,-12.246333079167245,-38.9172937158474,feira de santana,BA
44085,-12.253887670552245,-38.92291289119401,feira de santana,BA
44085,-12.255688095779036,-38.919717833222904,feira de santana,BA
52060,-8.035062291630105,-34.913199324692094,recife,PE
52060,-8.034095566478115,-34.90722095905711,recife,PE
52060,-8.037835638351934,-34.916312263113866,recife,PE
52060,-8.034510761036392,-34.907612223007675,recife,PE
52060,-8.03749442558225,-34.919215553424586,recife,PE
55900,-7.559924763060348,-34.99311916917845,goiana,PE
55900,-7.560084678313866,-34.99621976380636,goiana,PE
55900,-7.565640256106961,-35.00013182939044,goiana,PE
55900,-7.560226442820015,-34.99588287780666,goiana,PE
55900,-7.565070730828866,-34.997408001708585,goiana,PE
58010,-7.1171929278377215,-34.888963981822364,joão pessoa,PB
58010,-7.119904002221698,-34.89136010352587,joao pessoa,PB
58010,-7.1158108673322165,-34.884236043020366,joao pessoa,PB
58010,-7.119162901168764,-34.886031789213604,joao pessoa,PB
58010,-7.117995017485144,-34.88377496350049,joao pessoa,PB
59071,-5.821763950602985,-35.23997662254023,natal,RN
59071,-5.822248714409343,-35.237985496797336,natal,RN
59071,-5.824136409660095,-35.238393083819034,natal,RN
59071,-5.821206369698145,-35.2400162843499,natal,RN
59071,-5.823340312799321,-35.24182780515326,natal,RN
59152,-5.877772274940695,-35.21715973245594,parnamirim,RN
59152,-5.8861612355893564,-35.20932485928322,parnamirim,RN
59152,-5.881677374319926,-35.211128935204876,parnamirim,RN
59152,-5.897259053790887,-35.203109902559284,parnamirim,RN
59152,-5.882108124905602,-35.211239249379254,parnamirim,RN
60822,-3.809200987832817,-38.48089572885305,fortaleza,CE
60822,-3.795342747706182,-38.49547754593456,fortaleza,CE
60822,-3.803035767413029,-38.48557283666111,fortaleza,CE
60822,-3.794759245628711,-38.495189069248084,fortaleza,CE
60822,-3.7944195087425645,-38.49860647085811,fortaleza,CE
65922,-5.450650432159658,-47.40242449487213,joao lisboa,MA
65922,-5.449167989837955,-47.39968320786572,joao lisboa,MA
65922,-5.445069224195398,-47.40771272185733,joao lisboa,MA
65922,-5.442247921204184,-47.40862864833867,joao lisboa,MA
65922,-5.438739960373641,-47.41175662771606,joao lisboa,MA
66095,-1.4282248678804774,-48.45969414418032,belem,PA
66095,-1.4294321678978585,-48.459247722719226,belem,PA
66095,-1.4333461485081418,-48.45111952596791,belem,PA
66095,-1.4326161934904036,-48.45454573829979,belem,PA
66095,-1.437076255640697,-48.455097109614044,belem,PA
72415,-16.023101479007586,-48.07995398251277,brasília,DF
72415,-16.024355712247473,-48.08036243812117,brasilia,DF
72415,-16.02087783016201,-48.07900404791068,brasilia,DF
72415,-16.02205558340263,-48.08429733696475,brasilia,DF
72415,-16.02903912605894,-48.074009150465756,gama,DF
72876,-16.067795696951773,-47.97238787911786,valparaiso de goias,GO
72876,-16.087674136958363,-47.98481361857943,valparaiso de goias,GO
72876,-16.07687925644671,-47.970934020631354,valparaíso de goiás,GO
72876,-16.072003770567058,-47.97946590584558,valparaiso de goias,GO
72876,-16.08219245006996,-47.97760801370421,valparaiso de goias,GO
74150,-16.69233053490511,-49.26801564804068,goiania,GO
74150,-16.69143458752109,-49.26679252499281,goiania,GO
74150,-16.70284112176541,-49.26560536566592,goiânia,GO
74150,-16.697835555694006,-49.2684127332918,goiania,GO
74150,-16.697835555694006,-49.2684127332918,goiânia,GO
74323,-16.69955774566663,-49.31646534449651,goiânia,GO
74323,-16.69955774566663,-49.31646534449651,goiania,GO
74323,-16.700144287105726,-49.31577333431691,goiania,GO
74323,-16.694350098847394,-49.31563222882031,goiania,GO
74323,-16.69214025127603,-49.31740708876869,goiania,GO
74563,-16.649582610194585,-49.26427418270268,goiânia,GO
74563,-16.64970390267282,-49.270562444849645,goiânia,GO
74563,-16.649545566692947,-49.267220552369906,goiania,GO
74563,-16.650939513763426,-49.26589206159753,goiania,GO
74563,-16.654950809730906,-49.2711287882018,goiania,GO
74843,-16.653092880353622,-49.312738981283786,goiania,GO
74843,-16.731305999999996,-49.290475499999985,goiania,GO
74843,-16.73127027107471,-49.28554059739795,goiania,GO
74843,-16.59301469392507,-49.37126768994812,goiania,GO
74843,-16.733318931186894,-49.28361003440656,goiania,GO
75460,-16.408651554066854,-49.214304,neropolis,GO
75460,-16.425587999999944,-49.18496299999997,neropolis,GO
75460,-16.406207999999992,-49.22365037098116,neropolis,GO
75460,-16.397162490271292,-49.23221990733849,nerópolis,GO
75460,-16.409207059701156,-49.21382253988383,neropolis,GO
75690,-17.73809306838113,-48.61592058436871,caldas novas,GO
75690,-17.7465015,-48.58561575,caldas novas,GO
75690,-17.728116447127398,-48.62586409613199,caldas novas,GO
75690,-17.710755610801407,-48.59343517659693,caldas novas,GO
75690,-17.741417031350107,-48.60205820442321,caldas novas,GO
38300,-18.98771181521178,-49.471572121790736,ituiutaba,MG
38300,-18.98749276906195,-49.463987186153766,ituiutaba,MG
38300,-18.979408321675187,-49.465850778918075,ituiutaba,MG
38300,-18.9715826205452,-49.463668693443324,ituiutaba,MG
38300,-18.984317951896497,-49.46751309749054,ituiutaba,MG
38720,-18.77988359592747,-46.40558204562605,lagoa formosa,MG
38720,-18.77308031049388,-46.40683574785012,lagoa formosa,MG
38720,-18.777331561218265,-46.40450655268443,lagoa formosa,MG
38720,-18.77784375642557,-46.40778748016547,lagoa formosa,MG
38720,-18.774960517673467,-46.40242636726191,lagoa formosa,MG
39730,-18.818074282139534,-42.70458448201647,virginopolis,MG
39730,-18.818231088869524,-42.70388693972027,virginopolis,MG
39730,-18.824256693128962,-42.70640774665464,virginopolis,MG
39730,-18.819448012119338,-42.70352681156751,virginopolis,MG
39730,-18.814636614196157,-42.70462592049473,virginopolis,MG
39825,-17.632623946655965,-41.741234384197035,ladainha,MG
39825,-17.62512151970971,-41.73100885109816,ladainha,MG
39825,-17.631527886101786,-41.74159876024503,ladainha,MG
39825,-17.632796885993624,-41.74154134201914,ladainha,MG
39825,-17.626658431595285,-41.73697740546385,ladainha,MG
41335,-12.895451999999999,-38.418565499999985,salvador,BA
41335,-12.894407196931818,-38.417481070454684,salvador,BA
41335,-12.892159797529576,-38.424247452643165,salvador,BA
41335,-12.891138542168328,-38.42474226706767,salvador,BA
41335,-12.894785999999996,-38.41804316380188,salvador,BA
41339,-12.89000245694849,-38.40072523449346,salvador,BA
41339,-12.892907535362843,-38.40648283927941,salvador,BA
41339,-12.889467,-38.4021135,salvador,BA
41339,-12.89317618776767,-38.40571060942889,salvador,BA
41339,-12.893045638219169,-38.40565106565701,salvador,BA
44680,-12.31572161642752,-39.30812193908556,ipecaeta,BA
44680,-12.316199241894976,-39.30622412417848,ipecaeta,BA
44680,-12.314763643179889,-39.308581326964976,ipecaetá,BA
44680,-12.298943999999945,-39.31510849999995,ipecaeta,BA
45615,-14.96028437258251,-39.30361059861814,buerarema,BA
45615,-14.96028437258251,-39.30361059861814,buerarema,BA
45615,-14.95606229894569,-39.30177337362064,buerarema,BA
45615,-14.960496789516993,-39.30561330231152,buerarema,BA
45615,-14.956674845850154,-39.30098518462143,buerarema,BA
50731,-8.038439910245055,-34.93413850263446,recife,PE
50731,-8.038528009435058,-34.93686693228113,recife,PE
50731,-8.043092680033215,-34.92855687215292,recife,PE
50731,-8.04240253148311,-34.93411363785192,recife,PE
50731,-8.038528009435058,-34.93686693228113,recife,PE
51020,-8.116731094639075,-34.89500637108312,recife,PE
51020,-8.118120164031378,-34.899490932973606,recife,PE
51020,-8.112625260343892,-34.89320709409082,recife,PE
51020,-8.109141601102019,-34.893908328108104,recife,PE
51020,-8.120787034970279,-34.90029144546709,recife,PE
51030,-8.133993680824029,-34.904868925616036,recife,PE
51030,-8.132307202608347,-34.90599401457095,recife,PE
51030,-8.131043336112842,-34.9122885663339,recife,PE
51030,-8.130645000000001,-34.910154000000006,recife,PE
51030,-8.133967749379625,-34.90128892131685,recife,PE
58050,-7.1354726309630765,-34.85365712510845,joao pessoa,PB
58050,-7.1343395195668595,-34.849143913061425,joao pessoa,PB
58050,-7.133017945322863,-34.84943865889548,joao pessoa,PB
58050,-7.13502544823706,-34.85091815306711,joao pessoa,PB
58050,-7.130024703424511,-34.84647237386639,joao pessoa,PB
59064,-5.8331894727598455,-35.21431166010473,natal,RN
59064,-5.826798305873082,-35.221134379021535,natal,RN
59064,-5.8431319525362335,-35.214450354838746,natal,RN
59064,-5.837181128512832,-35.213397674158934,natal,RN
59064,-5.832148499999994,-35.2231245,natal,RN
59076,-5.832762883432376,-35.206586172629706,natal,RN
59076,-5.833284423663219,-35.20926000850057,natal,RN
59076,-5.815696499999996,-35.24674275000001,natal,RN
59076,-5.830057286298914,-35.2092854069537,natal,RN
59076,-5.815696499999996,-35.24674275000001,natal,RN
60711,-3.794754069940569,-38.56560636303305,fortaleza,CE
60711,-3.80484975087779,-38.564041833647366,fortaleza,CE
60711,-3.8058472637749126,-38.56008313372501,fortaleza,CE
60711,-3.8068457427145286,-38.56277733014022,fortaleza,CE
60711,-3.7931632784059612,-38.57047679364073,fortaleza,CE
60867,-3.8047905473195325,-38.518302808355905,fortaleza,CE
60867,-3.8016751429395508,-38.51916988911652,fortaleza,CE
60867,-3.8155849123599146,-38.53886044516628,fortaleza,CE
60867,-3.8033981348745316,-38.51636158912693,fortaleza,CE
60867,-3.7970202629695753,-38.540937029555444,fortaleza,CE
61615,-3.7303110000000004,-38.702329096661124,caucaia,CE
61615,-3.7281286158422704,-38.69958558965962,caucaia,CE
61615,-3.7303110000000004,-38.702329096661124,caucaia,CE
61615,-3.731458718582533,-38.69471921835545,caucaia,CE
61615,-3.7345828087412842,-38.69909324988864,caucaia,CE
64018,-5.074254917226161,-42.81983912153854,teresina,PI
64018,-5.109263433601674,-42.8084866295293,teresina,PI
64018,-5.104804514653543,-42.80482223191996,teresina,PI
64018,-5.120901913445546,-42.810597982585385,teresina,PI
64018,-5.106903706225837,-42.80956044525743,teresina,PI
64600,-7.077400026804777,-41.47074002518156,picos,PI
64600,-7.089147824691081,-41.47527347033461,picos,PI
64600,-7.0808403019869965,-41.46834421152878,picos,PI
64600,-7.085744161648212,-41.46555207250293,picos,PI
64600,-7.086662345257585,-41.46582653374196,picos,PI
65680,-6.178447458876508,-43.779414406441774,passagem franca,MA
65680,-6.180924007570601,-43.78046305265365,passagem franca,MA
65680,-6.191699353314904,-43.77988859333765,passagem franca,MA
65680,-6.180389159545589,-43.78796128519709,passagem franca,MA
65680,-6.17873139373177,-43.77899615522325,passagem franca,MA
66055,-1.4460230721909257,-48.48737527892555,belem,PA
66055,-1.4434792254022717,-48.47938581458834,belem,PA
66055,-1.4410510277855857,-48.49028430948111,belem,PA
66055,-1.4463171612614163,-48.48594752403468,belem,PA
66055,-1.448315528449411,-48.48061548456365,belem,PA
66087,-1.4220725661896536,-48.464533769923186,belem,PA
66087,-1.4319507705001036,-48.46096836499496,belem,PA
66087,-1.4149404601536189,-48.46603265361536,belem,PA
66087,-1.4360713815295993,-48.45753893354271,belem,PA
66087,-1.4211887443593059,-48.463935912602935,belem,PA
69307,2.8599291953648303,-60.66381222549073,boa vista,RR
69307,2.845885777641931,-60.6540403222116,boa vista,RR
69307,2.8593311027294157,-60.66764032649031,boa vista,RR
69307,2.858007524367973,-60.659332621119205,boa vista,RR
69307,2.8614165282810586,-60.65623392839853,boa vista,RR
70256,-15.819617756794086,-47.89579786160457,brasilia,DF
70256,-15.820240884780306,-47.89667151712289,brasilia,DF
70256,-15.820663500000004,-47.896098749999986,brasilia,DF
70256,-15.821203788659988,-47.89647142947544,brasília,DF
70256,-15.821203788659988,-47.89647142947544,brasilia,DF
70670,-15.80138967693458,-47.92099990658657,brasilia,DF
70670,-15.799780397076121,-47.91996893471171,cruzeiro,DF
70670,-15.801057142912953,-47.92309679499344,brasília,DF
70670,-15.804881999999996,-47.93063625,cruzeiro,DF
70670,-15.798189361665916,-47.91588081256409,brasilia,DF
70743,-15.766987500000003,-47.883923999999986,brasilia,DF
70743,-15.76572299999999,-47.884432499999996,brasilia,DF
70743,-15.765043499999999,-47.88559800000001,brasilia,DF
70743,-15.76572299999999,-47.884432499999996,brasilia,DF
70743,-15.766987500000003,-47.883923999999986,brasilia,DF
71020,-15.820608327447964,-47.9774549546782,brasilia,DF
71020,-15.81201576997055,-47.97346995423745,brasilia,DF
71020,-15.819046975693828,-47.9771726892346,brasilia,DF
71020,-15.813107849988464,-47.97543909288076,brasilia,DF
71020,-15.822819776830373,-47.97890950789235,brasilia,DF
71200,-15.805754999999998,-47.96828099999999,brasilia,DF
71200,-15.801308999999993,-47.96956575,brasilia,DF
71200,-15.801308999999993,-47.96956575,brasilia,DF
71200,-15.78990290696793,-47.94582548052383,brasilia,DF
71200,-15.793808605603338,-47.85221850764605,brasília,DF
71691,-15.906466093180695,-47.77423989072256,brasilia,DF
71691,-15.894328111645605,-47.77439500277818,brasilia,DF
71691,-15.902972343891031,-47.76640033122178,brasilia,DF
71691,-15.846874999999955,-47.92066499999996,brasília,DF
71691,-15.902972343891031,-47.76640033122178,brasilia,DF
73850,-16.776217119514687,-47.6139809656205,cristalina,GO
73850,-16.775702206944914,-47.61264151614647,cristalina,GO
73850,-16.77244617773619,-47.60222835047718,cristalina,GO
73850,-16.772075206214886,-47.61619593712907,cristalina,GO
73850,-16.76556570510006,-47.61247335255001,cristalina,GO
74013,-16.678765715014293,-49.25779687824453,goiania,GO
74013,-16.6725417718799,-49.260732048112466,goiania,GO
74013,-16.671619876934027,-49.26134470615389,goiania,GO
74013,-16.67743917359127,-49.25807011225604,goiânia,GO
74013,-16.6725417718799,-49.260732048112466,goiania,GO
74275,-16.714629409915183,-49.28125918781387,goiânia,GO
74275,-16.716548999999947,-49.28171749999996,goiania,GO
74275,-16.712871238951617,-49.28351752745485,goiania,GO
74275,-16.713155784454305,-49.28538927138951,goiania,GO
74275,-16.719273,-49.277779773543216,goiania,GO
75400,-16.33868934903781,-49.514753603848774,inhumas,GO
75400,-16.350165949073535,-49.51032143868536,inhumas,GO
75400,-16.352415110802,-49.50112552132601,inhumas,GO
75400,-16.363992890064022,-49.49848950964274,inhumas,GO
75400,-16.38160818360864,-49.49727656665127,inhumas,GO
75828,-18.396526224430332,-52.67384540080937,chapadão do céu,GO
75828,-18.39906758033263,-52.66459378389719,chapadao do ceu,GO
75828,-18.396813522025983,-52.675925019203454,chapadao do ceu,GO
75828,-18.438401999999947,-52.56150199999996,chapadao do ceu,GO
75828,-18.39074063840337,-52.659362239831935,chapadao do ceu,GO
76730,-15.434684682107818,-50.74670542542176,matrincha,GO
76730,-15.434857848343647,-50.745194034365994,matrincha,GO
76730,-15.438348500264206,-50.746939677193744,matrincha,GO
76730,-15.432630801147745,-50.743589754024136,matrincha,GO
76730,-15.434696309756529,-50.74682523576075,matrincha,GO
76822,-8.72173250668775,-63.87388830216292,porto velho,RO
76822,-8.725387514200582,-63.88079629813189,porto velho,RO
76822,-8.722872179439847,-63.870753123694165,porto velho,RO
76822,-8.726180167641266,-63.876373712786545,porto velho,RO
76822,-8.724799371140746,-63.87858991208861,porto velho,RO
77006,-10.171189288769403,-48.32510769949361,palmas,TO
77006,-10.179909362530326,-48.31296813192901,palmas,TO
77006,-10.17795750764605,-48.32029341618096,palmas,TO
77006,-10.168893022084752,-48.313937006275005,palmas,TO
77006,-10.178040078762624,-48.324144816951204,palmas,TO
77900,-6.3189409254130755,-47.43493226202539,tocantinopolis,TO
77900,-6.328200580179133,-47.418154185134334,tocantinopolis,TO
77900,-6.317573380111427,-47.4351057224111,tocantinopolis,TO
77900,-6.324421014670742,-47.43235987529873,tocantinopolis,TO
77900,-6.317573380111427,-47.4351057224111,tocantinopolis,TO
77970,-5.395737737391552,-47.81029455314858,praia norte,TO
77970,-5.478068999999945,-47.80519099999995,praia norte,TO
77970,-5.478068999999945,-47.80519099999995,praia norte,TO
77970,-5.393627209444832,-47.81186526640004,praia norte,TO
77970,-5.394670677885795,-47.809983770976224,praia norte,TO
78080,-15.620524692687457,-56.05417421468244,cuiaba,MT
78080,-15.624730341769016,-56.05510048467719,cuiaba,MT
78080,-15.630182957055585,-56.04525850950422,cuiaba,MT
78080,-15.630182957055585,-56.04525850950422,cuiaba,MT
78080,-15.63142054141678,-56.0507212537352,cuiaba,MT
78360,-13.657923924135602,-57.888389909782134,campo novo do parecis,MT
78360,-13.662785035038693,-57.88988353781836,campo novo do parecis,MT
78360,-13.658591728864925,-57.88231239057148,campo novo do parecis,MT
78360,-14.355889346614346,-58.09557205159995,campo novo do parecis,MT
78360,-13.659386423323921,-57.88170066658089,campo novo do parecis,MT
78780,-17.31333146270827,-53.220483305200965,alto araguaia,MT
78780,-17.315049732047363,-53.21845168752992,alto araguaia,MT
78780,-17.305567738712405,-53.2199634263194,alto araguaia,MT
78780,-17.319270473793104,-53.22069562464878,alto araguaia,MT
78780,-17.325946038096397,-53.222126088461536,alto araguaia,MT
79130,-21.784207571148777,-54.52942519947917,rio brilhante,MS
79130,-21.801736704837825,-54.53955847076306,rio brilhante,MS
79130,-21.79920141898837,-54.54205520168238,rio brilhante,MS
79130,-21.799532724055098,-54.53917374568138,rio brilhante,MS
79130,-21.79846086523776,-54.53702470900649,rio brilhante,MS
80030,-25.41420518595992,-49.259492785590666,curitiba,PR
80030,-25.415388392392035,-49.26202556734995,curitiba,PR
80030,-25.421035212065906,-49.26578797836627,curitiba,PR
80030,-25.413097180131548,-49.25848017040802,curitiba,PR
80030,-25.415861710514204,-49.26000421302437,curitiba,PR
80040,-25.418108900075318,-49.254933135403604,curitiba,PR
80040,-25.414008621703502,-49.24630169706842,curitiba,PR
80040,-25.421064150152915,-49.241770737030365,curitiba,PR
80040,-25.42233254342439,-49.25409425728546,curitiba,PR
80040,-25.41772335678057,-49.25406551725534,curitiba,PR
81710,-25.498565422917398,-49.2677192917704,curitiba,PR
81710,-25.49453098251486,-49.26589071189917,curitiba,PR
81710,-25.49506134332621,-49.26320984776961,curitiba,PR
81710,-25.498138788070918,-49.263688367245926,curitiba,PR
81710,-25.50229267110051,-49.26134479447745,curitiba,PR
82300,-25.413908553147913,-49.34702339687815,curitiba,PR
82300,-25.42865467055225,-49.34575055147448,curitiba,PR
82300,-25.425652452680463,-49.34243378864909,curitiba,PR
82300,-25.42094448699815,-49.353258766292136,curitiba,PR
82300,-25.425971498182324,-49.34907221634258,curitiba,PR
01021,-23.541247875382297,-46.632080200386646,são paulo,SP
01021,-23.54516769470249,-46.632248679583284,sao paulo,SP
01021,-23.54832793144441,-46.63064558589651,sao paulo,SP
01021,-23.541026814876787,-46.63207068206479,sao paulo,SP
01021,-23.54033745045876,-46.632073065497174,sao paulo,SP
01040,-23.540316757429707,-46.63735536871719,sao paulo,SP
01040,-23.540876706359263,-46.638218310433395,sao paulo,SP
01040,-23.543111356853643,-46.64104437508053,são paulo,SP
01040,-23.54160305551385,-46.639215518870124,sao paulo,SP
01040,-23.540384691932537,-46.63746629211154,sao paulo,SP
01220,-23.542757999999992,-46.64547398167813,sao paulo,SP
01220,-23.543037785734892,-46.646493616567604,sao paulo,SP
01220,-23.542533199001664,-46.64547053996195,sao paulo,SP
01220,-23.54303557507646,-46.64554243450282,sao paulo,SP
01220,-23.542388444630372,-46.646473499999985,sao paulo,SP
01423,-23.568918203156603,-46.656995139736914,sao paulo,SP
01423,-23.565225615038397,-46.66117212960937,sao paulo,SP
01423,-23.57122380544173,-46.65646113197527,sao paulo,SP
01423,-23.570059840960283,-46.65571435261704,sao paulo,SP
01423,-23.572426673322212,-46.65506299471987,sao paulo,SP
01518,-23.558930444630374,-46.62292373757862,sao paulo,SP
01518,-23.558930444630374,-46.62292373757862,sao paulo,SP
01518,-23.558930444630374,-46.62292373757862,sao paulo,SP
01518,-23.558930444630374,-46.62292373757862,sao paulo,SP
01518,-23.558930444630374,-46.62292373757862,sao paulo,SP
01539,-23.568152993334902,-46.61965263503371,sao paulo,SP
01539,-23.571578567026382,-46.61990256064975,sao paulo,SP
01539,-23.56851216541637,-46.620550318916166,são paulo,SP
01539,-23.573423147931226,-46.62046188579831,sao paulo,SP
01539,-23.567979363033054,-46.62041230875997,sao paulo,SP
01547,-23.58497548685732,-46.61841247836714,sao paulo,SP
01547,-23.584332292326362,-46.620884109113554,sao paulo,SP
01547,-23.582203072162272,-46.62010163488949,sao paulo,SP
01547,-23.582622782128205,-46.61995373189448,sao paulo,SP
01547,-23.58385247100233,-46.62147971426509,sao paulo,SP
01550,-23.57472333833455,-46.61701567262973,sao paulo,SP
01550,-23.575067948092837,-46.61811550069248,são paulo,SP
01550,-23.571742474320544,-46.61652074508045,sao paulo,SP
01550,-23.573155212043407,-46.61714489370415,sao paulo,SP
01550,-23.572233847913843,-46.61506974369548,sao paulo,SP
02028,-23.50751845268047,-46.6174707485429,sao paulo,SP
02028,-23.509644589167983,-46.619371445839946,sao paulo,SP
02028,-23.50812849347913,-46.61831878642738,sao paulo,SP
02028,-23.50746649624909,-46.61739386081135,são paulo,SP
02028,-23.508732635581964,-46.61755781487679,sao paulo,SP
02066,-23.508759080212354,-46.602973042876144,sao paulo,SP
02066,-23.509393167836528,-46.60351726922744,sao paulo,SP
02066,-23.508422088262428,-46.60842611573089,sao paulo,SP
02066,-23.509393167836528,-46.60351726922744,sao paulo,SP
02066,-23.50943923077254,-46.60318166783652,sao paulo,SP
02122,-23.513172191788303,-46.58263962184772,sao paulo,SP
02122,-23.51441473688614,-46.58048909908246,sao paulo,SP
02122,-23.511529487650744,-46.58759916694558,sao paulo,SP
02122,-23.512050000000002,-46.584090539961934,sao paulo,SP
02122,-23.513043970309834,-46.584710465173956,são paulo,SP
02461,-23.493532504039372,-46.63842778172417,sao paulo,SP
02461,-23.48835711740433,-46.64095498043737,sao paulo,SP
02461,-23.49046619761669,-46.63955067138897,sao paulo,SP
02461,-23.495022576461444,-46.63640263113857,são paulo,SP
02461,-23.49296727560733,-46.63726045420968,sao paulo,SP
02537,-23.49266694338963,-46.649278230509495,sao paulo,SP
02537,-23.490234041635382,-46.65220873633787,sao paulo,SP
02537,-23.49047730336426,-46.653603710658416,sao paulo,SP
02537,-23.491481887875782,-46.65345069983839,são paulo,SP
02537,-23.490961648075444,-46.652166408275114,sao paulo,SP
02735,-23.493293256630533,-46.69275190643714,sao paulo,SP
02735,-23.49268451283578,-46.69268519046,são paulo,SP
02735,-23.49243356703377,-46.69480217086601,sao paulo,SP
02735,-23.492846646362207,-46.69382495425785,sao paulo,SP
02735,-23.492801882207214,-46.69255365669721,sao paulo,SP
03064,-23.530940192076763,-46.55746126879801,sao paulo,SP
03064,-23.530940192076763,-46.55746126879801,são paulo,SP
03064,-23.535115354434705,-46.581469208436715,sao paulo,SP
03064,-23.535115354434705,-46.581469208436715,sao paulo,SP
03064,-23.53546570497427,-46.57012729655492,são paulo,SP
03066,-23.53685341271851,-46.57627420191585,sao paulo,SP
03066,-23.53853857929474,-46.57541239100456,sao paulo,SP
03066,-23.540021161809676,-46.5783329639332,sao paulo,SP
03066,-23.53762003719198,-46.57810307271053,sao paulo,SP
03066,-23.53944273105776,-46.57829028518663,sao paulo,SP
03118,-23.560478444630373,-46.595204025535224,sao paulo,SP
03118,-23.562358878988977,-46.595253656673776,sao paulo,SP
03118,-23.559528206215024,-46.59599816319466,sao paulo,SP
03118,-23.559528206215024,-46.59599816319466,sao paulo,SP
03118,-23.559347430751913,-46.5974708731606,sao paulo,SP
03201,-23.600298101304176,-46.57623465528879,sao paulo,SP
03201,-23.59707512994282,-46.57493019371177,são paulo,SP
03201,-23.59707512994282,-46.57493019371177,são paulo,SP
03201,-23.599214119626033,-46.57484761864508,sao paulo,SP
03201,-23.59702705744709,-46.574743997778285,são paulo,SP
03425,-23.55640869525076,-46.537309293784965,sao paulo,SP
03425,-23.550345848462094,-46.53811806327546,são paulo,SP
03425,-23.553107790178295,-46.53956451220502,sao paulo,SP
03425,-23.56065092018149,-46.54272108692307,sao paulo,SP
03425,-23.552164487650753,-46.53907788842404,sao paulo,SP
03520,-23.54475547599399,-46.52086372217097,sao paulo,SP
03520,-23.544476549541233,-46.52080875229381,sao paulo,SP
03520,-23.548821150152918,-46.523735219401004,sao paulo,SP
03520,-23.54516046572221,-46.51947772675859,sao paulo,SP
03520,-23.548840889809025,-46.523309280598994,sao paulo,SP
03526,-23.54891169525076,-46.506502293784955,sao paulo,SP
03526,-23.548882882595667,-46.5043865291419,sao paulo,SP
03526,-23.554212379969933,-46.48716540091751,sao paulo,SP
03526,-23.550345219545235,-46.50860845115125,sao paulo,SP
03526,-23.554212379969933,-46.48716540091751,sao paulo,SP
03564,-23.53321650340715,-46.50046729003948,sao paulo,SP
03564,-23.534212389953254,-46.497580438802004,sao paulo,SP
03564,-23.533660665560593,-46.49921086886143,sao paulo,SP
03564,-23.534516378296487,-46.49860529156328,sao paulo,SP
03564,-23.53526522231519,-46.49810243880199,sao paulo,SP
03910,-23.58574035498297,-46.51491431848348,sao paulo,SP
03910,-23.585707089647414,-46.51707140022503,sao paulo,SP
03910,-23.583519645791494,-46.51492641887467,sao paulo,SP
03910,-23.58511267055225,-46.514770758122204,sao paulo,SP
03910,-23.58570469025909,-46.515535402302504,sao paulo,SP
03971,-23.617539932281126,-46.4787980888107,sao paulo,SP
03971,-23.615020791563268,-46.47934165652957,sao paulo,SP
03971,-23.61630428309723,-46.478836892185576,são paulo,SP
03971,-23.614129540106177,-46.47816312239599,sao paulo,SP
03971,-23.617243346318695,-46.478658633696284,sao paulo,SP
04372,-23.65022849792253,-46.65698846557798,sao paulo,SP
04372,-23.648911648075444,-46.65537588273988,sao paulo,SP
04372,-23.6493134372309,-46.657627580095486,sao paulo,SP
04372,-23.647491848462103,-46.658666021928546,sao paulo,SP
04372,-23.645334688037394,-46.65985415820298,sao paulo,SP
04401,-23.668923996675904,-46.66513628998812,sao paulo,SP
04401,-23.669058300305835,-46.6662713680247,sao paulo,SP
04401,-23.67002186594724,-46.6621056880374,sao paulo,SP
04401,-23.66230153205609,-46.66430855037796,sao paulo,SP
04401,-23.667561208745017,-46.66622395361221,são paulo,SP
04461,-23.690134739107844,-46.68022836150382,sao paulo,SP
04461,-23.69080032001268,-46.67954810713255,sao paulo,SP
04461,-23.692887398003332,-46.67856834332622,sao paulo,SP
04461,-23.690224739107844,-46.680358861503834,são paulo,SP
04461,-23.692528676380633,-46.67901132361936,sao paulo,SP
05108,-23.509844454902158,-46.75930733305441,sao paulo,SP
05108,-23.511178822926876,-46.7581889125743,são paulo,SP
05108,-23.510275072162273,-46.76038007271053,sao paulo,SP
05108,-23.50890610851753,-46.75541738467312,são paulo,SP
05108,-23.509294354982966,-46.75517489217494,sao paulo,SP
05138,-23.48298189592586,-46.735318703156615,sao paulo,SP
05138,-23.48257902331352,-46.7352685320561,sao paulo,SP
05138,-23.48268885706043,-46.73393602914189,sao paulo,SP
05138,-23.482190944486145,-46.73488313543773,sao paulo,SP
05138,-23.48473438190317,-46.73149448320734,sao paulo,SP
05141,-23.49065997530149,-46.7284764394945,sao paulo,SP
05141,-23.493067637803673,-46.730372673466434,sao paulo,SP
05141,-23.491619800998325,-46.729332570777295,sao paulo,SP
05141,-23.49163250241461,-46.72542961457817,sao paulo,SP
05141,-23.49310943158864,-46.73034272439265,sao paulo,SP
05641,-23.619983028593637,-46.7373371441803,sao paulo,SP
05641,-23.61734541049681,-46.73508471342838,sao paulo,SP
05641,-23.615534870938905,-46.73255132751451,sao paulo,SP
05641,-23.61899116403138,-46.74002504746377,sao paulo,SP
05641,-23.619406809048414,-46.739004993479135,sao paulo,SP
06038,-23.563429288970184,-46.776834047629656,osasco,SP
06038,-23.566090902479193,-46.775310769279784,osasco,SP
06038,-23.56927965999201,-46.7778499314444,osasco,SP
06038,-23.565593398291792,-46.77628876672055,osasco,SP
06038,-23.566090902479193,-46.775310769279784,osasco,SP
06236,-23.50689076715323,-46.785866463096454,osasco,SP
06236,-23.514044531507835,-46.79193591727748,osasco,SP
06236,-23.512475053746087,-46.791599578935205,osasco,SP
06236,-23.51240305170651,-46.78850777488101,osasco,SP
06236,-23.510488514859407,-46.78918199999998,osasco,SP
06703,-23.597673794818007,-46.9099876801732,cotia,SP
06703,-23.59398471189917,-46.91059123022104,cotia,SP
06703,-23.605147107233158,-46.92634249056991,cotia,SP
06703,-23.59689397446478,-46.91799464654624,cotia,SP
06703,-23.598455615875125,-46.909669557591315,cotia,SP
06707,-23.592204997718003,-46.868123723729994,cotia,SP
06707,-23.59039217462957,-46.87477735927547,cotia,SP
06707,-23.594838924519507,-46.86502904330882,cotia,SP
06707,-23.58906444601536,-46.86376253274859,cotia,SP
06707,-23.592220166801336,-46.86810255303235,cotia,SP
06712,-23.60539363157747,-46.848237089039166,cotia,SP
06712,-23.601676473772287,-46.84828833166944,cotia,SP
06712,-23.61776748903573,-46.84673013197527,cotia,SP
06712,-23.617501796095024,-46.84559992860178,cotia,SP
06712,-23.619017399388316,-46.848155317098495,cotia,SP
07032,-23.505429268942237,-46.54869177407812,guarulhos,SP
07032,-23.505077430751925,-46.55647643366612,guarulhos,SP
07032,-23.506658717179295,-46.554554954757926,guarulhos,SP
07032,-23.50578430252754,-46.55651225575625,guarulhos,SP
07032,-23.503853294477466,-46.55452827921402,guarulhos,SP
07094,-23.45088569608748,-46.54498377407813,guarulhos,SP
07094,-23.449590911189308,-46.545894083819036,guarulhos,SP
07094,-23.45088569608748,-46.54498377407813,guarulhos,SP
07094,-23.464705358589654,-46.53288633888281,guarulhos,SP
07094,-23.45587974271453,-46.42216280682672,guarulhos,SP
07123,-23.44557935276127,-46.53198386081135,guarulhos,SP
07123,-23.44408560421836,-46.531224335276136,guarulhos,SP
07123,-23.445671752149583,-46.52567823980033,guarulhos,SP
07123,-23.446463448237054,-46.52622452622771,guarulhos,SP
07123,-23.44535170191585,-46.52692815015291,guarulhos,SP
07193,-23.44736411878931,-46.503318216486804,guarulhos,SP
07193,-23.44723635858965,-46.504817973772276,guarulhos,SP
07193,-23.44780550652087,-46.50508604593455,guarulhos,SP
07193,-23.447309060505503,-46.4992006902591,guarulhos,SP
07193,-23.447903448237057,-46.50525704593454,guarulhos,SP
07241,-23.44803925506378,-46.421980491257415,guarulhos,SP
07241,-23.448085292255755,-46.43089700805007,guarulhos,SP
07241,-23.44082919677996,-46.429612951987984,guarulhos,SP
07241,-23.44741126672054,-46.429147314876786,guarulhos,SP
07241,-23.443304521784306,-46.42774074271452,guarulhos,SP
08031,-23.49202606368976,-46.4757014239747,sao paulo,SP
08031,-23.50608212017429,-46.42670715736629,sao paulo,SP
08031,-23.509060511800982,-46.4269360387212,sao paulo,SP
08031,-23.513022303364266,-46.42529975269783,sao paulo,SP
08031,-23.50815956924808,-46.425629373160604,sao paulo,SP
08230,-23.516640708270582,-46.44751393882982,sao paulo,SP
08230,-23.525947477378967,-46.45438332569683,sao paulo,SP
08230,-23.520827057649257,-46.4475227670253,são paulo,SP
08230,-23.5305350044434,-46.455167519158586,sao paulo,SP
08230,-23.518480099507503,-46.44574326274815,sao paulo,SP
08410,-23.613147944886705,-46.721924071918615,sao paulo,SP
08410,-23.550062814876796,-46.413086731057746,sao paulo,SP
08410,-23.548320387731554,-46.41988232861102,sao paulo,SP
08410,-23.552981889621417,-46.42308695956266,sao paulo,SP
08410,-23.547588411881797,-46.421000747994654,são paulo,SP
08420,-23.552100149323145,-46.4452853997018,sao paulo,SP
08420,-23.54744560644006,-46.43210214876793,sao paulo,SP
08420,-23.54388769386577,-46.42467447737897,sao paulo,SP
08420,-23.53817988676186,-46.426929589461714,sao paulo,SP
08420,-23.54308759423504,-46.425128758381994,sao paulo,SP
08451,-23.53882886594723,-46.39948514807544,sao paulo,SP
08451,-23.541553862150057,-46.39663414815888,são paulo,SP
08451,-23.543143292255763,-46.39127115015293,sao paulo,SP
08451,-23.543985656673787,-46.391325626839404,sao paulo,SP
08451,-23.543728889809028,-46.39596616403139,sao paulo,SP
08576,-23.49479676809363,-46.35731299743924,itaquaquecetuba,SP
08576,-23.49144796881412,-46.355358717257,itaquaquecetuba,SP
08576,-23.494333893600192,-46.358802923873434,itaquaquecetuba,SP
08576,-23.486757732502713,-46.355181202887934,itaquaquecetuba,SP
08576,-23.49208814543161,-46.357559165977946,itaquaquecetuba,SP
08773,-23.511845999997643,-46.18255863148382,mogi das cruzes,SP
08773,-23.50981378126807,-46.185795168703024,mogi das cruzes,SP
08773,-23.51745906297188,-46.19168987321773,mogi das cruzes,SP
08773,-23.50983505341789,-46.18294675685103,mogi das cruzes,SP
08773,-23.514560224410776,-46.194646966481486,mogi das cruzes,SP
09030,-23.669846623088482,-46.526917457816346,santo andre,SP
09030,-23.669801873997322,-46.51888846225974,santo andre,SP
09030,-23.671070999999994,-46.52722124999998,santo andre,SP
09030,-23.669890470713863,-46.5223005,santo andre,SP
09030,-23.663606395781628,-46.52953474493623,santo andre,SP
35179,-19.45515459535982,-42.53231121006311,santana do paraiso,MG
35179,-19.384379312032635,-42.563254787559444,santana do paraiso,MG
35179,25.995202881053306,-98.07854439291536,santana do paraíso,MG
35179,-19.365130535393945,-42.55006209835155,santana do paraiso,MG
35179,-19.364919312932216,-42.5499469647966,santana do paraiso,MG
35180,-19.54373077737746,-42.651621091858686,timoteo,MG
35180,-19.550396046760778,-42.657034254735365,timoteo,MG
35180,-19.543419202449304,-42.64143996835847,timóteo,MG
35180,-19.53851272997184,-42.64696727449852,timoteo,MG
35180,-19.542258000000004,-42.64848224999999,timoteo,MG
35290,-18.770099240376577,-41.003344327705264,mantena,MG
35290,-18.773901662470177,-40.98569318920773,mantena,MG
35290,-18.772583153685208,-40.98384676997168,mantena,MG
35290,-18.77152189377574,-40.98420273884462,mantena,MG
35290,-18.772560053386034,-40.98002112629964,mantena,MG
36200,-21.232267920465752,-43.77002363272546,barbacena,MG
36200,-21.23080534277696,-43.77041583160584,barbacena,MG
36200,-21.22623045419501,-43.77414412150416,barbacena,MG
36200,-21.238381330272947,-43.77113100276672,barbacena,MG
36200,-21.236840256120775,-43.77072788316559,barbacena,MG
36884,-21.128427785734882,-42.37999506994058,muriae,MG
36884,-21.127129690259093,-42.37793643796528,muriae,MG
36884,-21.1310505,-42.39279899999998,muriae,MG
36884,-21.130402529057765,-42.376867154309544,muriae,MG
36884,-21.13131960476662,-42.391428605747556,muriae,MG
37048,-21.576617276379825,-45.40111794775724,varginha,MG
37048,-21.567759454212588,-45.42570777504488,varginha,MG
37048,-21.569980025098474,-45.41703453188659,varginha,MG
37048,-21.571360387614376,-45.4172560165997,varginha,MG
37048,-21.57059716932854,-45.4108244227181,varginha,MG
37270,-20.88413821938755,-45.273440680600785,campo belo,MG
37270,-20.884809891250377,-45.287307476900295,campo belo,MG
37270,-20.88212756462536,-45.27580126367361,campo belo,MG
37270,-20.89385039103887,-45.28096908788524,campo belo,MG
37270,-20.894806827164654,-45.264803209638146,campo belo,MG
37542,-22.462743822426756,-46.01633134919227,estiva,MG
37542,-22.466797503932114,-46.01694087789461,estiva,MG
37542,-22.461352903678033,-46.018336575089705,estiva,MG
37542,-22.464146695888406,-46.01997935027212,estiva,MG
37542,-22.461169967778563,-46.01952043998075,estiva,MG
37564,-22.264093569966427,-46.15856420525942,borda da mata,MG
37564,-22.324906156174034,-46.0597387675012,borda da mata,MG
37564,-22.183679336231457,-46.23907102948771,borda da mata,MG
37564,-22.27171428945147,-46.15863610303999,borda da mata,MG
37564,-22.2654996391929,-46.162835140774625,borda da mata,MG
37590,-22.284449731671476,-46.613499420805184,jacutinga,MG
37590,-22.296519950998572,-46.617981291330494,jacutinga,MG
37590,-22.284413999999998,-46.56874049999999,jacutinga,MG
37590,-22.283046436499607,-46.605337660849955,jacutinga,MG
37590,-22.289246486611415,-46.61131467746154,jacutinga,MG
37805,-21.251436315602934,-46.57795763840745,juruaia,MG
37805,-21.25405493924644,-46.57555699064359,juruaia,MG
37805,-21.253571882011904,-46.58396754902995,juruaia,MG
37805,-21.253392000000005,-46.584729369979975,juruaia,MG
37805,-21.25150435629958,-46.57817725256433,juruaia,MG
38407,-18.91302634248948,-48.18657137913321,uberlandia,MG
38407,-18.921800043705076,-48.18738522098062,uberlandia,MG
38407,-18.921546901277708,-48.211532849787055,uberlândia,MG
38407,-18.91887717993278,-48.18054792040328,uberlandia,MG
38407,-18.917640575913172,-48.19101604939699,uberlandia,MG
39401,-16.717108517212292,-43.8071416039463,montes claros,MG
39401,-16.726669061890483,-43.87625093727278,montes claros,MG
39401,-16.730129169023037,-43.878824680679806,montes claros,MG
39401,-16.715232,-43.84215231556928,montes claros,MG
39401,-16.740262288649074,-43.87208863004204,montes claros,MG
24330,-22.904267576225827,-42.98672219441791,niteroi,RJ
24330,-22.892716790542348,-42.991521290542366,niteroi,RJ
24330,-22.89425687456213,-42.992169285682536,niteroi,RJ
24330,-22.916325478763948,-42.97914396003806,niteroi,RJ
24330,-22.91413964991377,-42.98251824004157,niterói,RJ
24813,-22.706669999999974,-42.896109999999965,itaboraí,RJ
24813,-22.745802020973866,-42.88382121409899,itaborai,RJ
24813,-22.746783356868317,-42.85999027069841,itaborai,RJ
24813,-22.75760468880451,-42.89575294695987,itaboraí,RJ
24813,-22.754257568182474,-42.949042779482575,itaborai,RJ
25268,-22.644459873552044,-43.24687745272869,duque de caxias,RJ
25268,-22.63532165877099,-43.253969598505876,duque de caxias,RJ
25268,-22.641426935962503,-43.253349920569235,duque de caxias,RJ
25268,-22.65504389199998,-43.30467349999998,duque de caxias,RJ
25268,-22.65504389199998,-43.30467349999998,duque de caxias,RJ
25973,-22.3917223113947,-42.91357449028105,teresopolis,RJ
25973,-22.37391815581416,-42.99822769692281,teresopolis,RJ
25973,-22.372505778050133,-43.007513745370645,teresopolis,RJ
25973,-22.374315381772554,-42.99752444391156,teresópolis,RJ
25973,-22.371534281360073,-43.003968853337085,teresopolis,RJ
26562,-22.767880419434913,-43.42200186895455,mesquita,RJ
26562,-22.76878234830259,-43.422945062769884,mesquita,RJ
26562,-22.767030558259123,-43.42267233910849,mesquita,RJ
26562,-22.764926971239504,-43.42368549863044,mesquita,RJ
26562,-22.767378376365386,-43.42185767609174,mesquita,RJ
26574,-22.778269191407933,-43.40062698708623,mesquita,RJ
26574,-22.776294539070793,-43.40291691514035,mesquita,RJ
26574,-22.77813258812489,-43.401556445450645,mesquita,RJ
26574,-22.77806576745889,-43.40295551546497,mesquita,RJ
26574,-22.779475575369332,-43.39999910942058,mesquita,RJ
27274,-22.510187815768216,-44.12857570251714,volta redonda,RJ
27274,-22.501466036302194,-44.1254832186471,volta redonda,RJ
27274,-22.501544427145244,-44.1276286588955,volta redonda,RJ
27274,-22.497739624560527,-44.091818793801615,volta redonda,RJ
27274,-22.503648949766266,-44.12835395490216,volta redonda,RJ
27332,-22.539426830976957,-44.13249090550514,barra mansa,RJ
27332,-22.538884971562528,-44.133421571735774,barra mansa,RJ
27332,-22.551628050316307,-44.13493516196481,barra mansa,RJ
27332,-22.538579669837635,-44.13885125672223,barra mansa,RJ
27332,-22.557129328611023,-44.124322777136555,barra mansa,RJ
28030,-21.759390492804982,-41.33723391477138,campos dos goytacazes,RJ
28030,-21.757504333989072,-41.341618894565215,campos dos goytacazes,RJ
28030,-21.762186238297257,-41.33432805042255,campos dos goytacazes,RJ
28030,-21.762124772130843,-41.33971314027305,campos dos goytacazes,RJ
28030,-21.761608338307347,-41.34368939457408,campos dos goytacazes,RJ
28400,-21.642286961806906,-41.73722159732909,sao fidelis,RJ
28400,-21.651907114866866,-41.743843663592564,sao fidelis,RJ
28400,-21.646722518732684,-41.754505111051934,sao fidelis,RJ
28400,-21.64953751939486,-41.74544893689634,sao fidelis,RJ
28400,-21.652627509442862,-41.75261721091152,sao fidelis,RJ
29055,-20.296512281724183,-40.29620870064644,vitoria,ES
29055,-20.304511658347234,-40.295896617808346,vitoria,ES
29055,-20.29594479915505,-40.29015956562453,vitoria,ES
29055,-20.297969802094848,-40.29185493424303,vitoria,ES
29055,-20.29800683709379,-40.2959978398351,vitoria,ES
29057,-20.3015925,-40.2804855,vitoria,ES
29057,-20.293528683593998,-40.296772514974975,vitoria,ES
29057,-20.29407971579432,-40.297445367592005,vitoria,ES
29057,-20.29362747267576,-40.29568816281928,vitoria,ES
29057,-20.29527425258228,-40.29971079433322,vitoria,ES
29107,-20.346639232748625,-40.294710067145786,vila velha,ES
29107,-20.349648793008303,-40.29591860475805,vila velha,ES
29107,-20.348449500379964,-40.2980212639287,vila velha,ES
29107,-20.35656990120178,-40.30094744513463,vila velha,ES
29107,-20.356076518837618,-40.300077597813505,vila velha,ES
29161,-20.234324999999945,-40.27391449999996,serra,ES
29161,-20.23461810592613,-40.272333826374314,serra,ES
29161,-20.220928423343718,-40.27601971045965,serra,ES
29161,-20.231140812085513,-40.28841647738133,serra,ES
29161,-20.23684318428648,-40.28532516443542,serra,ES
29706,-19.517450813882142,-40.64724417241739,colatina,ES
29706,-19.522722845623772,-40.643704066884446,colatina,ES
29706,-19.519761548466644,-40.65051467360756,colatina,ES
29706,-19.521579741664848,-40.645219337681915,colatina,ES
29706,-19.517705789060802,-40.64685812079973,colatina,ES
30411,-19.92159682447856,-43.95817411951201,belo horizonte,MG
30411,-19.928705071873804,-43.95814453052689,belo horizonte,MG
30411,-19.9283286217035,-43.95975954192385,belo horizonte,MG
30411,-19.926233916180962,-43.968451285042384,belo horizonte,MG
30411,-19.99735964807545,-43.98266603635526,belo horizonte,MG
04571,-23.603843839575298,-46.69435835013553,são paulo,SP
04571,-23.602180117952596,-46.69222808425171,sao paulo,SP
04571,-23.600709607276787,-46.69446162031851,sao paulo,SP
04571,-23.604961432685155,-46.693814186508185,sao paulo,SP
04571,-23.611083380518192,-46.69483483291019,sao paulo,SP
04771,-23.680608736886143,-46.711410098245764,sao paulo,SP
04771,-23.683494939494494,-46.71181280780767,sao paulo,SP
04771,-23.681785610046745,-46.71211341716191,sao paulo,SP
04771,-23.685271407438393,-46.713801960038055,são paulo,SP
04771,-23.682288499307514,-46.711512068411345,sao paulo,SP
04844,-23.74981810254469,-46.69876375197105,sao paulo,SP
04844,-23.75331255185712,-46.70236184103292,são paulo,SP
04844,-23.75008989988501,-46.70004831053639,sao paulo,SP
04844,-23.752143880373957,-46.70402983028446,sao paulo,SP
04844,-23.75112716463168,-46.70258286371697,são paulo,SP
04896,-23.85636847960066,-46.70718370760001,sao paulo,SP
04896,-23.858789647238723,-46.70396064931621,sao paulo,SP
04896,-23.849979617739866,-46.70431194620304,sao paulo,SP
04896,-23.854603876371794,-46.70627523440417,sao paulo,SP
04896,-23.853711557651184,-46.70959037256189,sao paulo,SP
05011,-23.529787260892153,-46.691128335968614,são paulo,SP
05011,-23.529787260892153,-46.691128335968614,sao paulo,SP
05011,-23.53458748765075,-46.683399583126544,sao paulo,SP
05011,-23.53480153872119,-46.68307796655892,sao paulo,SP
05011,-23.533879526775966,-46.68438737301638,sao paulo,SP
05212,-23.4136974343586,-46.747241748542905,sao paulo,SP
05212,-23.416214521784305,-46.745670860811344,sao paulo,SP
05212,-23.41511077990651,-46.74737303996194,sao paulo,SP
05212,-23.414063521784307,-46.74678277990651,sao paulo,SP
05212,-23.41656666388715,-46.74818903788446,sao paulo,SP
05334,-23.546476863465738,-46.74783490925605,são paulo,SP
05334,-23.549190883432384,-46.74726997391652,sao paulo,SP
05334,-23.55111521787179,-46.747756282964914,sao paulo,SP
05334,-23.547012380518193,-46.7472511670898,sao paulo,SP
05334,-23.547354139881143,-46.74720978616757,sao paulo,SP
05417,-23.56536319233657,-46.68764024978366,sao paulo,SP
05417,-23.560565553147917,-46.68962943282939,sao paulo,SP
05417,-23.563094008050083,-46.689287097005,sao paulo,SP
05417,-23.555190530671105,-46.693678955594656,são paulo,SP
05417,-23.56536319233657,-46.68764024978366,sao paulo,SP
05424,-23.571257720785987,-46.696331231750236,são paulo,SP
05424,-23.56769747100232,-46.698420577990646,sao paulo,SP
05424,-23.56769747100232,-46.698420577990646,sao paulo,SP
05424,-23.567630521784316,-46.697633947544574,sao paulo,SP
05424,-23.571257720785987,-46.696331231750236,sao paulo,SP
05438,-23.542383528882805,-46.69615234684556,sao paulo,SP
05438,-23.542383528882805,-46.69615234684556,são paulo,SP
05438,-23.546250681920554,-46.69099640132154,são paulo,SP
05438,-23.546250681920554,-46.69099640132154,sao paulo,SP
05438,-23.544895499999996,-46.6930665,sao paulo,SP
05537,-23.587506805730197,-46.73349109533156,são paulo,SP
05537,-23.584885072162265,-46.735113091032396,sao paulo,SP
05537,-23.58660614654624,-46.73428523757863,sao paulo,SP
05537,-23.585994911737565,-46.73738359019568,sao paulo,SP
05537,-23.583749092212692,-46.73472062372479,sao paulo,SP
05590,-23.574670500432692,-46.733282245628715,são paulo,SP
05590,-23.574590612816706,-46.73282464946043,sao paulo,SP
05590,-23.574599409695278,-46.73466059030472,sao paulo,SP
05590,-23.57699046765814,-46.73275947457297,sao paulo,SP
05590,-23.57725403237742,-46.731075214117965,sao paulo,SP
06395,-23.53001209630836,-46.84894223601885,carapicuiba,SP
06395,-23.532384625950215,-46.851582101961206,carapicuiba,SP
06395,-23.529430128019218,-46.85077101529614,carapicuiba,SP
06395,-23.53571447854181,-46.85215023995929,carapicuiba,SP
06395,-23.524483494694913,-46.85138150804046,carapicuiba,SP
06401,-23.50924262107987,-46.88666937892011,barueri,SP
06401,-23.511681000000003,-46.87501852532468,barueri,SP
06401,-23.50924262107987,-46.88666937892011,barueri,SP
06401,-23.50924262107987,-46.88666937892011,barueri,SP
06401,-23.50693793797282,-46.873554819780566,barueri,SP
06447,-23.547879857619158,-46.88417090735773,barueri,SP
06447,-23.53990089129933,-46.87785277408397,barueri,SP
06447,-23.54701392017338,-46.883482683969575,barueri,SP
06447,-23.54122203067254,-46.881144671603046,barueri,SP
06447,-23.547879857619158,-46.88417090735773,barueri,SP
06710,-23.60216311173847,-46.82371615806562,cotia,SP
06710,-23.60397876602805,-46.82107639661835,cotia,SP
06710,-23.591541771856427,-46.825192256737225,cotia,SP
06710,-23.593005984053654,-46.83429679955288,cotia,SP
06710,-23.60216311173847,-46.82371615806562,cotia,SP
06766,-23.62527254443769,-46.77949146270542,taboao da serra,SP
06766,-23.626592605564205,-46.77704791643841,taboao da serra,SP
06766,-23.6284334948641,-46.78087193005942,taboao da serra,SP
06766,-23.631273199001665,-46.777446047319536,taboao da serra,SP
06766,-23.628010054677134,-46.772862763113864,taboão da serra,SP
06775,-23.638223126839392,-46.801967395781645,taboão da serra,SP
06775,-23.63409445268047,-46.79164436955392,taboao da serra,SP
06775,-23.637655383297886,-46.79289181056722,taboao da serra,SP
06775,-23.627273381189156,-46.802758266056884,taboao da serra,SP
06775,-23.637066715794315,-46.792181116019364,taboao da serra,SP
08225,-23.524074769667923,-46.45826882323692,sao paulo,SP
08225,-23.524074769667923,-46.45826882323692,são paulo,SP
08225,-23.528386991113194,-46.458997595620005,são paulo,SP
08225,-23.530456519014344,-46.46081984471119,são paulo,SP
28800,-22.71754875083194,-42.64409111134421,rio bonito,RJ
28800,-22.703678999999998,-42.610563,rio bonito,RJ
28800,-22.711348679325102,-42.62693341468028,rio bonito,RJ
28800,-22.718671461320103,-42.64193032331654,rio bonito,RJ
28800,-22.711353004807112,-42.622623847011205,rio bonito,RJ
28928,-22.64042802048764,-42.013107408195054,cabo frio,RJ
28928,-22.893799999999942,-42.03821999999997,cabo frio,RJ
28928,-22.638568103921138,-42.01298544985192,cabo frio,RJ
28928,-22.893799999999942,-42.03821999999997,cabo frio,RJ
28928,-22.627629077058348,-42.00121700087151,cabo frio,RJ
28941,-22.837704326139622,-42.09941559909131,sao pedro da aldeia,RJ
28941,-22.83953571673996,-42.0982235074595,sao pedro da aldeia,RJ
28941,-22.829671944582536,-42.09586953124454,sao pedro da aldeia,RJ
28941,-22.832382540967476,-42.104427924795196,sao pedro da aldeia,RJ
28941,-22.828036142198936,-42.088118053036624,sao pedro da aldeia,RJ
29144,-20.347384075550544,-40.39642128516032,cariacica,ES
29144,-20.347920163903932,-40.40070312408589,cariacica,ES
29144,-20.345486359211,-40.39067957763302,cariacica,ES
29144,-20.34515043578305,-40.39059559677603,cariacica,ES
29144,-20.352053318877633,-40.40263083421162,cariacica,ES
29167,-20.1808755,-40.26153600000001,serra,ES
29167,-20.14102799999999,-40.253841,serra,ES
29167,-20.184556640440533,-40.2339234345244,serra,ES
29167,-20.17806668379648,-40.25773365626975,serra,ES
29167,-20.14259873924836,-40.25926895699345,serra,ES
29192,-19.831980431105528,-40.2628161339792,aracruz,ES
29192,-19.82374151461011,-40.26297374530524,aracruz,ES
29192,-19.836848121431164,-40.2702716100771,aracruz,ES
29192,-19.82890517293132,-40.270559300377414,aracruz,ES
29192,-19.836848121431164,-40.2702716100771,aracruz,ES
29360,-20.6037876686058,-41.202503863396664,castelo,ES
29360,-20.604779538180804,-41.20188409529621,castelo,ES
29360,-20.609809119601152,-41.20217843541143,castelo,ES
29360,-20.59999385868497,-41.20702633843372,castelo,ES
29360,-20.595233920357764,-41.21331664409923,castelo,ES
29930,-18.71612614379366,-39.85372735218946,sao mateus,ES
29930,-18.71826515143292,-39.85247082836309,sao mateus,ES
29930,-18.71534699999999,-39.8517705,sao mateus,ES
29930,-18.7187751755966,-39.85666546605288,sao mateus,ES
29930,-18.71534699999999,-39.8517705,sao mateus,ES
30190,-19.921126734952896,-43.94119674937962,belo horizonte,MG
30190,-19.923197778339198,-43.93766143363756,belo horizonte,MG
30190,-19.93045625783373,-43.95629402469849,belo horizonte,MG
30190,-19.923804380141206,-43.94057220056997,belo horizonte,MG
30190,-19.92076918844143,-43.94776350207747,belo horizonte,MG
30270,-19.92468463835193,-43.90432264946042,belo horizonte,MG
30270,-19.91506320843672,-43.905971892578975,belo horizonte,MG
30270,-19.924744368861436,-43.90435090161,belo horizonte,MG
30270,-19.92200739439665,-43.90579990161001,belo horizonte,MG
30270,-19.923067645565286,-43.906276875382304,belo horizonte,MG
31655,-19.793884069826863,-43.98970412264471,belo horizonte,MG
31655,-19.78705054010618,-43.98873191090085,belo horizonte,MG
31655,-19.786338858733874,-43.98532657868313,belo horizonte,MG
31655,-19.792797619778984,-43.99022861225113,belo horizonte,MG
31655,-19.792776845130103,-43.9816907696523,belo horizonte,MG
32672,-19.92491906303673,-44.16694140448337,betim,MG
32672,-19.93510683680534,-44.17547362822439,betim,MG
32672,-19.942054948092174,-44.17305873932365,betim,MG
32672,-19.935881079198523,-44.1603838709497,betim,MG
32672,-19.928952199001667,-44.16506337829648,betim,MG
35138,-18.955385191855132,-41.95752750724665,alpercata,MG
35138,-18.984490612561093,-41.98907380138906,alpercata,MG
35138,-18.979493696196414,-41.98235034294382,alpercata,MG
35138,-19.000253204108997,-42.001403676620995,alpercata,MG
35138,-18.984490612561093,-41.98907380138906,alpercata,MG
35267,-18.657453261807532,-48.180883028711655,central de santa helena,MG
35267,-16.937992053452255,-40.687297796596404,central de santa helena,MG
35267,-18.755470503770596,-41.55830850075411,central de santa helena,MG
35267,-18.754053419680268,-41.56490822610586,central de santa helena,MG
35540,-20.707432880919285,-44.83297587464295,oliveira,MG
35540,-20.704755149159645,-44.8185994805086,oliveira,MG
35540,-20.691256892757163,-44.823403676305624,oliveira,MG
35540,-20.701935175265,-44.81230834897177,oliveira,MG
35540,-20.700896269807654,-44.82279535207438,oliveira,MG
01207,-23.539556807663438,-46.63842525742969,sao paulo,SP
01207,-23.538792782128205,-46.63896631571352,sao paulo,SP
01207,-23.539369243407013,-46.638486209821714,são paulo,SP
01207,-23.536840620318525,-46.640393035807016,sao paulo,SP
01207,-23.539827489035734,-46.638157322090144,sao paulo,SP
01223,-23.54377251788917,-46.6482729970858,sao paulo,SP
01223,-23.543752665696253,-46.64446732682933,sao paulo,SP
01223,-23.543912503750906,-46.64500144463037,sao paulo,SP
01223,-23.54457552899767,-46.65098174562871,sao paulo,SP
01223,-23.543757471002323,-46.65062194463039,sao paulo,SP
01406,-23.565820065497174,-46.65801073994457,são paulo,SP
01406,-23.577892009435065,-46.67491607729814,sao paulo,SP
01406,-23.580340554532892,-46.68231032653355,sao paulo,SP
01406,-23.580426572854766,-46.679571534277784,sao paulo,SP
01406,-23.565820065497174,-46.65801073994457,sao paulo,SP
02050,-23.51654350320264,-46.61056315903973,são paulo,SP
02050,-23.51654350320264,-46.61056315903973,sao paulo,SP
02050,-23.517997459345565,-46.61261277560734,sao paulo,SP
02050,-23.515577873997323,-46.61172562155927,são paulo,SP
02050,-23.51654350320264,-46.61056315903973,sao paulo,SP
02202,-23.493126080212345,-46.594365978071444,sao paulo,SP
02202,-23.492991080212345,-46.59428841978763,sao paulo,SP
02202,-23.49442684762538,-46.59323039578163,sao paulo,SP
02202,-23.49275748903573,-46.593305119626045,sao paulo,SP
02202,-23.49395023480867,-46.593828125454415,sao paulo,SP
02402,-23.49114306211594,-46.62601868011955,sao paulo,SP
02402,-23.497361528449414,-46.62450053996194,sao paulo,SP
02402,-23.497974503462448,-46.624823832361926,são paulo,SP
02402,-23.486515177621378,-46.62753469802072,são paulo,SP
02402,-23.48071661004674,-46.63208213390853,sao paulo,SP
02451,-23.50032232672679,-46.64104366534537,sao paulo,SP
02451,-23.50032232672679,-46.64104366534537,sao paulo,SP
02451,-23.499193411045074,-46.641846567718865,sao paulo,SP
02451,-23.50032232672679,-46.64104366534537,sao paulo,SP
02451,-23.499444614490137,-46.64175542506776,sao paulo,SP
02975,-23.47842966694557,-46.7118093039125,são paulo,SP
02975,-23.476578066333886,-46.71272697377228,sao paulo,SP
02975,-23.478742115857983,-46.70956000926144,sao paulo,SP
02975,-23.478033583126543,-46.71254166180967,sao paulo,SP
02975,-23.47877444379366,-46.71113870413756,sao paulo,SP
03084,-23.534673422153574,-46.57048869929014,sao paulo,SP
03084,-23.5332885545329,-46.57087282944775,sao paulo,SP
03084,-23.53288842576025,-46.57008851347444,sao paulo,SP
03084,-23.53136003941368,-46.57052016279062,sao paulo,SP
03084,-23.534673422153574,-46.57048869929014,são paulo,SP
03110,-23.556906147094494,-46.60849426977895,sao paulo,SP
03110,-23.56088357063306,-46.60568726074793,sao paulo,SP
03110,-23.556840881766675,-46.607578755965974,sao paulo,SP
03110,-23.563667294477455,-46.60439630474925,sao paulo,SP
03110,-23.555730329123172,-46.6075549593702,são paulo,SP
03312,-23.55021019790515,-46.55646739716662,sao paulo,SP
03312,-23.544444363033044,-46.561251640169594,sao paulo,SP
03312,-23.54260811157595,-46.57174924952384,sao paulo,SP
03312,-23.549319135726194,-46.551525003606685,sao paulo,SP
03312,-23.55098892587583,-46.56088734999129,sao paulo,SP
03331,-23.548658449286492,-46.58184357783599,sao paulo,SP
03331,-23.548658449286492,-46.58184357783599,sao paulo,SP
03331,-23.545478675515763,-46.58524120407659,sao paulo,SP
03331,-23.55115348098564,-46.57843515528881,sao paulo,SP
03331,-23.545478675515763,-46.58524120407659,são paulo,SP
03336,-23.553890412718513,-46.564916233279455,sao paulo,SP
03336,-23.553287395273372,-46.56231382106098,sao paulo,SP
03336,-23.553870340258875,-46.56549246218135,sao paulo,SP
03336,-23.55294260560334,-46.56479207216228,sao paulo,SP
03336,-23.553890412718513,-46.564916233279455,sao paulo,SP
03409,-23.545208891482467,-46.55123992131686,sao paulo,SP
03409,-23.545964084655754,-46.55049624785042,sao paulo,SP
03409,-23.546083620318523,-46.55121216235794,sao paulo,SP
03409,-23.547029510964276,-46.550104622396,sao paulo,SP
03409,-23.546354175688148,-46.55002204579033,sao paulo,SP
03416,-23.5595404069971,-46.55031816083575,sao paulo,SP
03416,-23.560454116567616,-46.55083283666111,são paulo,SP
03416,-23.559584994376998,-46.5516798665553,sao paulo,SP
03416,-23.56412051041601,-46.54481463350449,sao paulo,SP
03416,-23.55942318206479,-46.5518897345202,sao paulo,SP
03471,-23.563390414791158,-46.52037695668201,sao paulo,SP
03471,-23.56358973105776,-46.51561970260835,são paulo,SP
03471,-23.56358973105776,-46.51561970260835,são paulo,SP
03471,-23.57168719539498,-46.52153970690751,sao paulo,SP
03471,-23.56162765635121,-46.519247220499885,sao paulo,SP
03543,-23.532683636418685,-46.51680249042071,sao paulo,SP
03543,-23.53502541771018,-46.514164264498824,sao paulo,SP
03543,-23.53490010935425,-46.51279247155057,sao paulo,SP
03543,-23.535464102140896,-46.51333997876393,sao paulo,SP
03543,-23.532497643632052,-46.51658348320734,são paulo,SP
03544,-23.53268571300246,-46.508978608946755,sao paulo,SP
03544,-23.53421499916328,-46.51663841548847,sao paulo,SP
03544,-23.529318013878463,-46.50997484831786,sao paulo,SP
03544,-23.528993039413688,-46.509883271712184,sao paulo,SP
03544,-23.528993039413688,-46.509883271712184,sao paulo,SP
03562,-23.543619558976296,-46.498224975993985,sao paulo,SP
03562,-23.543635201223363,-46.49555613558198,sao paulo,SP
03562,-23.54548911740434,-46.49450788703905,sao paulo,SP
03562,-23.544812189566606,-46.49961597890816,sao paulo,SP
03562,-23.544579865947235,-46.49747768803738,sao paulo,SP
03563,-23.542950456457376,-46.49614516925973,sao paulo,SP
03563,-23.546120395781628,-46.48878181265508,sao paulo,SP
03563,-23.54200190645745,-46.49783222494091,sao paulo,SP
03563,-23.550034201223365,-46.49115745115125,sao paulo,SP
03563,-23.54200190645745,-46.49783222494091,sao paulo,SP
03664,-23.525192692480793,-46.498859371631376,sao paulo,SP
03664,-23.529361274770622,-46.50163810283339,sao paulo,SP
03664,-23.529171855675457,-46.50150824202202,sao paulo,SP
03664,-23.523312111575954,-46.497639232442744,sao paulo,SP
03664,-23.524105997778296,-46.49689740244673,sao paulo,SP
03807,-23.501135482110822,-46.47243161518264,sao paulo,SP
03807,-23.501570185959924,-46.473178850135525,sao paulo,SP
03807,-23.497617185123204,-46.47335726894224,sao paulo,SP
03807,-23.502993244243733,-46.47374779906509,sao paulo,SP
03807,-23.499176467930347,-46.47215791686064,são paulo,SP
03982,-23.612416979480308,-46.515302074987225,sao paulo,SP
03982,-23.611039049298466,-46.516007233002625,são paulo,SP
03982,-23.60960979017829,-46.51588597807146,sao paulo,SP
03982,-23.612339996393313,-46.51288945989381,sao paulo,SP
03982,-23.61318091534424,-46.50620869386577,sao paulo,SP
04082,-23.61043461642338,-46.66333664556529,são paulo,SP
04082,-23.61552040810257,-46.65598717484668,sao paulo,SP
04082,-23.610770155716654,-46.66305791254958,sao paulo,SP
04082,-23.611491428028508,-46.662146352256606,sao paulo,SP
04082,-23.611820061053763,-46.661602416729224,sao paulo,SP
04190,-23.651620889260766,-46.60351488689484,sao paulo,SP
04190,-23.651620889260766,-46.60351488689484,sao paulo,SP
04190,-23.652683161809676,-46.60461000000001,sao paulo,SP
04190,-23.648608037191988,-46.6006835954758,sao paulo,SP
04190,-23.648608037191988,-46.6006835954758,sao paulo,SP
04191,-23.64634204884875,-46.605603274078135,sao paulo,SP
04191,-23.645222341968626,-46.605893528496956,sao paulo,SP
04191,-23.64246787720956,-46.601720138354636,sao paulo,SP
04191,-23.648026924231043,-46.603553961971286,sao paulo,SP
04191,-23.64259880011178,-46.60238889300506,sao paulo,SP
04248,-23.61411790980433,-46.60034800222169,sao paulo,SP
04248,-23.612892258597174,-46.59614768029763,sao paulo,SP
04248,-23.612892258597174,-46.59614768029763,sao paulo,SP
04248,-23.614066594477595,-46.59790484631163,sao paulo,SP
04248,-23.612892258597174,-46.59614768029763,sao paulo,SP
04567,-23.61424927422236,-46.688441054821354,sao paulo,SP
04567,-23.61545068581569,-46.686802463500506,são paulo,SP
04567,-23.6100388262451,-46.69527173604943,sao paulo,SP
04567,-23.610419833458455,-46.69403168497898,sao paulo,SP
04567,-23.615136994939505,-46.688848521690154,sao paulo,SP
04633,-23.635009298920856,-46.66522366916728,são paulo,SP
04633,-23.63258918956661,-46.6677845044434,sao paulo,SP
04633,-23.63578308308431,-46.663680178935806,sao paulo,SP
04633,-23.63258918956661,-46.6677845044434,sao paulo,SP
04633,-23.635009298920856,-46.66522366916728,sao paulo,SP
04709,-23.630494672773946,-46.691768677073135,são paulo,SP
04709,-23.62789348459233,-46.69872933374692,são paulo,SP
04709,-23.630253276155592,-46.691676392319195,sao paulo,SP
04709,-23.629696701079133,-46.69127592368279,sao paulo,SP
04709,-23.63052433443941,-46.691864334035365,sao paulo,SP
04747,-23.657594422076475,-46.698906303457704,sao paulo,SP
04747,-23.65351922898029,-46.69458544670784,sao paulo,SP
04747,-23.654580736886146,-46.69365698473654,sao paulo,SP
04747,-23.654083589503188,-46.69306468789317,são paulo,SP
04747,-23.657594422076475,-46.698906303457704,sao paulo,SP
04854,-23.774375210658434,-46.686950885365626,sao paulo,SP
04854,-23.7757047171793,-46.68945581848348,são paulo,SP
04854,-23.773815534277798,-46.69233862614691,sao paulo,SP
04854,-23.56810218341981,-46.68548426098767,sao paulo,SP
04854,-23.772525527612693,-46.68783694004274,sao paulo,SP
04855,-23.766281372938757,-46.69816437268265,sao paulo,SP
04855,-23.762262553961992,-46.689500158129256,sao paulo,SP
04855,-23.7678795,-46.699397999999995,são paulo,SP
04855,-23.764970294477465,-46.68905641840266,sao paulo,SP
04855,-23.764357540106175,-46.68506162378098,sao paulo,SP
05101,-23.504039141266116,-46.7311139948641,sao paulo,SP
05101,-23.505928816810034,-46.72415478475394,sao paulo,SP
05101,-23.507633681660746,-46.72298222690282,sao paulo,SP
05101,-23.499584360263096,-46.73197634361466,são paulo,SP
05101,-23.50498003303705,-46.730503000144225,sao paulo,SP
05503,-23.569344858185616,-46.70952819732823,sao paulo,SP
05503,-23.571657501817665,-46.70733819983839,sao paulo,SP
05503,-23.568898786567875,-46.71327849336495,sao paulo,SP
05503,-23.570182224825356,-46.71206306356392,são paulo,SP
05503,-23.571572726178648,-46.70775019753701,sao paulo,SP
05530,-23.576874873160605,-46.71830027797327,são paulo,SP
05530,-23.57626363835193,-46.71587020552252,sao paulo,SP
05530,-23.57521304746377,-46.71555831764674,sao paulo,SP
05530,-23.576826793496515,-46.71957676519131,sao paulo,SP
05530,-23.576138410422697,-46.71777541042268,sao paulo,SP
05790,-23.646712222315188,-46.78928594532286,sao paulo,SP
05790,-23.639105449771233,-46.782644460695956,sao paulo,SP
05790,-23.645469740492818,-46.78958878642737,sao paulo,SP
05790,-23.639462845240146,-46.781567389939205,sao paulo,SP
05790,-23.639105449771233,-46.782644460695956,sao paulo,SP
06018,-23.543928900917532,-46.773991641525924,osasco,SP
06018,-23.53855004529328,-46.7782645137003,osasco,SP
06018,-23.541909504327826,-46.77447522453689,osasco,SP
06018,-23.541669104910856,-46.773983942293114,osasco,SP
06018,-23.541426410468162,-46.77654272647012,osasco,SP
06080,-23.545428714697795,-46.78527418166077,osasco,SP
06080,-23.54112055701439,-46.78313970592657,osasco,SP
06080,-23.544224201800287,-46.78251609562001,osasco,SP
06080,-23.545756614201686,-46.78665957897159,osasco,SP
06080,-23.541918630878772,-46.78156299140166,osasco,SP
06160,-23.56267680949066,-46.809370406703835,osasco,SP
06160,-23.560479283368963,-46.80682947530149,osasco,SP
06160,-23.557895128357476,-46.813187263845634,osasco,SP
06160,-23.557895128357476,-46.813187263845634,osasco,SP
06160,-23.560476229412007,-46.80692525577931,osasco,SP
06246,-23.499940086040734,-46.81177024952385,osasco,SP
06246,-23.49623486461926,-46.805693174728994,osasco,SP
06246,-23.49849511045078,-46.80325026296963,osasco,SP
06246,-23.499755099082467,-46.81244167427452,osasco,SP
06246,-23.49926994809283,-46.81038941548849,osasco,SP
06333,-23.560334069182982,-46.8336991427025,carapicuiba,SP
06333,-23.560160612790202,-46.83336454109743,carapicuiba,SP
06333,-23.561164157305306,-46.82943047048829,carapicuiba,SP
06333,-23.5624684014238,-46.82981632060967,carapicuiba,SP
06333,-23.560780371359996,-46.827033366455524,carapicuiba,SP
06440,-23.510524969129598,-46.86104614786531,barueri,SP
06440,-23.512200531047647,-46.86224382521073,barueri,SP
06440,-23.51056987231207,-46.86061571804235,barueri,SP
06440,-23.510524969129598,-46.86104614786531,barueri,SP
06440,-23.512674165667555,-46.86123614981342,barueri,SP
06506,-23.419753962259747,-46.95925190896761,santana de parnaiba,SP
06506,-23.419823983041162,-46.95916446005272,santana de parnaiba,SP
06506,-23.41623184041202,-46.95630368082404,santana de parnaíba,SP
06506,-23.419841292314725,-46.959119097818565,santana de parnaiba,SP
06506,-23.41802970275258,-46.960281561053776,santana de parnaiba,SP
06654,-23.538289102900915,-46.9265911416677,itapevi,SP
06654,-23.540089418917425,-46.9181998305384,itapevi,SP
06654,-23.53231277806906,-46.92152745793634,itapevi,SP
06654,-23.539523272685635,-46.919484348592924,itapevi,SP
06654,-23.544712797054718,-46.91876291227162,itapevi,SP
06709,-23.586602699694154,-46.81808313197529,cotia,SP
06709,-23.588565914052566,-46.82408289497446,cotia,SP
06709,-23.58398756768347,-46.82356826507555,cotia,SP
06709,-23.7091983506065,-46.90460419780959,cotia,SP
06709,-23.58597691118931,-46.82917086511052,cotia,SP
06807,-23.630417161261416,-46.82669592270185,embu,SP
06807,-23.624897489324187,-46.82130345045877,embu das artes,SP
06807,-23.624512408112896,-46.82402638551869,embu das artes,SP
06807,-23.623383613405302,-46.822342475347746,embu das artes,SP
06807,-23.63176971629421,-46.82468994650957,embu das artes,SP
07050,-23.4626275634197,-46.55332188634656,guarulhos,SP
07050,-23.4622675634197,-46.55336238634657,guarulhos,SP
07050,-23.461835029141895,-46.55709737607478,guarulhos,SP
07050,-23.463514592561594,-46.54864269317329,guarulhos,SP
07050,-23.46283475214958,-46.552358828755246,guarulhos,SP
07077,-23.43410150291419,-46.553472434502844,guarulhos,SP
07077,-23.435684748542897,-46.552780058283815,guarulhos,SP
07077,-23.431578233971948,-46.55749989286744,guarulhos,SP
07077,-23.437433043020363,-46.55659402039933,guarulhos,SP
07077,-23.439550358589642,-46.55709618665241,guarulhos,SP
07174,-23.425946339725343,-46.42940633972533,guarulhos,SP
07174,-23.425946339725343,-46.42940633972533,guarulhos,SP
07174,-23.422034064112186,-46.41667834915458,guarulhos,SP
07174,-23.422984438802,-46.419773453372954,guarulhos,SP
07174,-23.425946339725343,-46.42940633972533,guarulhos,SP
07242,-23.440201260892156,-46.42148489425242,guarulhos,SP
07242,-23.43506520483005,-46.42200573619365,guarulhos,SP
07242,-23.442122902302504,-46.4254284343586,guarulhos,SP
07242,-23.439896235356933,-46.42195641978765,guarulhos,SP
07242,-23.437573695220966,-46.424942987267485,guarulhos,SP
07600,-23.323581622627874,-46.571516434161296,mairipora,SP
07600,-23.319351000000005,-46.58600924999999,mairipora,SP
07600,-23.321862925803114,-46.58817474672198,mairiporã,SP
07600,-23.3381295,-46.59525224999999,mairipora,SP
07600,-23.322452842107896,-46.58602084329528,mairipora,SP
06717,-23.60374041905945,-46.92010408589113,cotia,SP
06717,-23.603707089647415,-46.920134054388654,cotia,SP
06717,-23.606858430751913,-46.91582376602804,cotia,SP
06717,-23.604603087425705,-46.91398573327947,cotia,SP
06717,-23.60708051817763,-46.91620778504238,cotia,SP
06794,-23.612524332120213,-46.80980627882934,taboao da serra,SP
06794,-23.617655672309454,-46.806294788176444,taboao da serra,SP
06794,-23.617885689286442,-46.80614192140317,taboão da serra,SP
06794,-23.61423413603833,-46.80876101337948,taboao da serra,SP
06794,-23.617888802516337,-46.80601272236257,taboao da serra,SP
06845,-23.644281844307162,-46.90232761143171,embu das artes,SP
06845,-23.64054660656853,-46.88315578397375,embu das artes,SP
06845,-23.640861657250657,-46.88200370976364,embu das artes,SP
06845,-23.64472991866246,-46.901817408275114,embu das artes,SP
06845,-23.646381830976956,-46.898615368572955,embu,SP
07194,-23.444148887039063,-46.50655197737896,guarulhos,SP
07194,-23.44095150874257,-46.50713991618096,guarulhos,SP
07194,-23.444443791563273,-46.50568180099833,guarulhos,SP
07194,-23.441720982514852,-46.51094588412488,guarulhos,SP
07194,-23.44269901748514,-46.50150594240867,guarulhos,SP
08041,-23.515379054872383,-46.43703357172863,são paulo,SP
08041,-23.51554332001268,-46.43490280350849,sao paulo,SP
08041,-23.51565755453289,-46.43980303719198,sao paulo,SP
08041,-23.518270655288813,-46.44262466833055,sao paulo,SP
08041,-23.516001000000003,-46.44162225000001,sao paulo,SP
08180,-23.48770416180969,-46.41534043450283,sao paulo,SP
08180,-23.485374632312595,-46.413583822503206,sao paulo,SP
08180,-23.49135861226844,-46.41366301442672,sao paulo,SP
08180,-23.481350999999997,-46.41000749999999,sao paulo,SP
08180,-23.490295826533554,-46.40861241618097,sao paulo,SP
08450,-23.539390973628056,-46.405587666945564,sao paulo,SP
08450,-23.547956699694154,-46.38960657438397,sao paulo,SP
08450,-23.54404948275222,-46.407809676960895,sao paulo,SP
08450,-23.540856696113636,-46.40874264659849,sao paulo,SP
08450,-23.54342084624039,-46.4021422389636,são paulo,SP
08527,-23.551196500692487,-46.379798717179284,ferraz de vasconcelos,SP
08527,-23.55669121109882,-46.37871491388143,ferraz de vasconcelos,SP
08527,-23.55669121109882,-46.37871491388143,ferraz de vasconcelos,SP
08527,-23.550610875737018,-46.37857474824521,ferraz de vasconcelos,SP
08527,-23.555088,-46.38010307867183,ferraz de vasconcelos,SP
08583,-23.43567309991361,-46.38032799842931,itaquaquecetuba,SP
08583,-23.438943810836285,-46.38273431717259,itaquaquecetuba,SP
08583,-23.441411918930683,-46.380925544045716,itaquaquecetuba,SP
08583,-23.43573306531066,-46.3805613642141,itaquaquecetuba,SP
08583,-23.436582691369455,-46.3817109219892,itaquaquecetuba,SP
08589,-23.433601638813272,-46.296840661198615,itaquaquecetuba,SP
08589,-23.434575858205378,-46.30046642003702,itaquaquecetuba,SP
08589,-23.441397229729176,-46.296724959367104,itaquaquecetuba,SP
08589,-23.44074299999999,-46.301924249999985,itaquaquecetuba,SP
08589,-23.43980099999993,-46.28931933999996,itaquaquecetuba,SP
09015,-23.665703457960582,-46.51808196779969,santo andre,SP
09015,-23.65791224508045,-46.52088020260834,santo andre,SP
09015,-23.664828709677472,-46.51630945420966,santo andre,SP
09015,-23.660352267605976,-46.51833472378923,santo andre,SP
09015,-23.66101705744708,-46.52073736011885,santo andre,SP
09171,-23.70007597807146,-46.512702481822366,santo andre,SP
09171,-23.702534286715835,-46.50883885501163,santo andre,SP
09171,-23.700063706118186,-46.51161860739928,santo andre,SP
09171,-23.703286484044064,-46.50882824409951,santo andre,SP
09171,-23.70047665365079,-46.51491391928394,santo andre,SP
09251,-23.630364544549572,-46.5101659848808,santo andre,SP
09251,-23.627277387183298,-46.50541387538229,santo andré,SP
09251,-23.635727444284232,-46.51166074846586,santo andre,SP
09251,-23.634696740492817,-46.51009997253153,santo andre,SP
09251,-23.631269377182434,-46.50456699026857,santo andre,SP
09332,-23.65848465849582,-46.41574795049544,maua,SP
09332,-23.661564605226584,-46.415465810592146,mauá,SP
09332,-23.656546933675905,-46.418225359781054,maua,SP
09332,-23.665873913411005,-46.42017649526813,maua,SP
09332,-23.65070066765972,-46.42001530059584,maua,SP
09350,-23.68011442853022,-46.4524537436668,maua,SP
09350,-23.68138685078265,-46.44228245941937,maua,SP
09350,-23.681747220930212,-46.44474371383241,maua,SP
09350,-23.685711937077315,-46.44479631574056,mauá,SP
09350,-23.67995091740507,-46.44824679743994,maua,SP
09351,-23.673579526627503,-46.43860676235017,maua,SP
09351,-23.679763601129903,-46.4337986456331,maua,SP
09351,-23.685813366312445,-46.43767907664771,maua,SP
09351,-23.691849450019113,-46.44841855309862,maua,SP
09351,-23.674669492353946,-46.436223693173275,maua,SP
11431,-23.991836764127697,-46.280622040878995,guarujá,SP
11431,-23.994767472387302,-46.28473490230249,guaruja,SP
11431,-23.99496779877663,-46.279918367332215,guarujá,SP
11431,-24.000628949109434,-46.27802194166669,guaruja,SP
11431,-23.99328588380683,-46.27510448755767,guaruja,SP
11668,-23.697919999999954,-45.44616999999994,caraguatatuba,SP
11668,-23.707169983101455,-45.43348926598994,caraguatatuba,SP
11668,-23.715020670975328,-45.436268866865326,caraguatatuba,SP
11668,-23.71379009458009,-45.44202442740226,caraguatatuba,SP
11668,-23.718830286958006,-45.441294087442124,caraguatatuba,SP
11701,-24.011684046627042,-46.41859485706045,praia grande,SP
11701,-24.009623677880136,-46.422784761075995,praia grande,SP
11701,-24.008025457672122,-46.4136826372554,praia grande,SP
11701,-24.01025438184855,-46.41429561815144,praia grande,SP
11701,-24.006724314578307,-46.41676493604646,praia grande,SP
11712,-24.03624177445293,-46.53216718101328,praia grande,SP
11712,-24.030859779313904,-46.53061809051243,praia grande,SP
11712,-24.036334931444404,-46.530994578683135,praia grande,SP
11712,-24.027804104362588,-46.53370161948181,praia grande,SP
11712,-24.04286145638054,-46.52821525363713,praia grande,SP
12082,-23.03844182155843,-45.547925813994276,taubate,SP
12082,-23.036145012236425,-45.54576147552716,taubate,SP
12082,-23.03734203316242,-45.54095563860108,taubate,SP
12082,-23.02996131196261,-45.54185257507646,taubate,SP
12082,-23.037053909050783,-45.54819251803893,taubate,SP
12229,-23.265676608329947,-45.86552194262216,sao jose dos campos,SP
12229,-23.272163098534207,-45.86903378143571,sao jose dos campos,SP
12229,-23.2716356239862,-45.865727573915386,sao jose dos campos,SP
12229,-23.266588994842266,-45.86253045558723,sao jose dos campos,SP
12229,-23.271258688037392,-45.86676442492353,são josé dos campos,SP
12241,-23.22917289647413,-45.925893267413024,sao jose dos campos,SP
12241,-23.232383999999996,-45.92751356160202,sao jose dos campos,SP
12241,-23.233847008598346,-45.92416184055624,sao jose dos campos,SP
12241,-23.233847008598346,-45.92416184055624,sao jose dos campos,SP
12241,-23.233847008598346,-45.92416184055624,sao jose dos campos,SP
12324,-23.31311508964741,-46.0026232857349,jacarei,SP
12324,-23.31205006189048,-46.00987256564138,jacarei,SP
12324,-23.308819720416615,-46.00703898980294,jacarei,SP
12324,-23.31197895253623,-46.008494339719526,jacarei,SP
12324,-23.314147836740442,-46.010456612246806,jacarei,SP
13058,-22.950289907294163,-47.182224818627695,campinas,SP
13058,-22.947487166253076,-47.19162207077729,campinas,SP
13058,-22.95592454593455,-47.19254292630851,campinas,SP
13058,-22.95269962254023,-47.181498903975935,campinas,SP
13058,-22.933077664264033,-47.17961231063132,campinas,SP
13160,-22.559120480675748,-47.16516839542564,artur nogueira,SP
13160,-22.551329842182508,-47.16833434090809,artur nogueira,SP
13160,-22.569058664995776,-47.16888268661628,artur nogueira,SP
13160,-22.581893352425592,-47.155577984562,artur nogueira,SP
13160,-22.553949768228,-47.166411981295475,artur nogueira,SP
13170,-22.828654864562257,-47.267296160568925,sumare,SP
13170,-22.82462154470405,-47.264055877674345,sumaré,SP
13170,-22.829554218505667,-47.270790536574225,sumare,SP
13170,-22.823057755208,-47.272754309885116,sumare,SP
13170,-22.823590295862434,-47.270909190114864,sumare,SP
13251,-22.988874545477703,-46.84197558882967,itatiba,SP
13251,-22.993088194213403,-46.831119282141145,itatiba,SP
13251,-22.992830999999995,-46.83484125000001,itatiba,SP
13251,-22.997048013299047,-46.836392601443606,itatiba,SP
13251,-23.002290156560953,-46.84032197743576,itatiba,SP
13308,-23.40030664946043,-47.35187027075991,itu,SP
13308,-23.38263132001269,-47.35191983458364,itu,SP
13308,-23.293342311350447,-47.31370742439953,itu,SP
13308,-23.403687621703497,-47.3527142875239,itu,SP
13308,-23.383026732731203,-47.335021668619,itu,SP
13390,-22.833423332885708,-47.61195507122955,rio das pedras,SP
13390,-22.841585718381417,-47.601835741169396,rio das pedras,SP
13390,-22.829397820229953,-47.59796915807954,rio das pedras,SP
13390,-22.845362058823,-47.615696849980615,rio das pedras,SP
13390,-22.838224546981785,-47.60844660734617,rio das pedras,SP
13484,-22.541719708891844,-47.427681190013296,limeira,SP
13484,-22.557467011656755,-47.412519516792656,limeira,SP
13484,-22.55418469386578,-47.434601687344895,limeira,SP
13484,-22.556566099919188,-47.4121155431646,limeira,SP
13484,-22.543392062422615,-47.41444138716497,limeira,SP
13504,-22.38438072912452,-47.586364840844695,rio claro,SP
13504,-22.377960169349453,-47.55784776610173,rio claro,SP
13504,-22.39766856370815,-47.58935846240399,rio claro,SP
13504,-22.397433685527236,-47.57591783983511,rio claro,SP
13504,-22.398512144872797,-47.57607314458433,rio claro,SP
13520,-22.556771770126396,-47.91123662245614,sao pedro,SP
13520,-22.561212203988024,-47.90344520038073,são pedro,SP
13520,-22.55872490662457,-47.902655554711544,sao pedro,SP
13520,-22.544644470865926,-47.89162768141831,sao pedro,SP
13520,-22.57336035688587,-47.92364695178988,sao pedro,SP
13905,-22.70915399396765,-46.817035815165504,amparo,SP
13905,-22.709744254261405,-46.81785489235435,amparo,SP
13905,-22.710851222222644,-46.78594878060086,amparo,SP
13905,-22.712020585896507,-46.81293220912921,amparo,SP
13905,-22.70352960909152,-46.8103754503343,amparo,SP
76400,-14.518522867646602,-49.1319174044097,uruacu,GO
76400,-14.525447183705056,-49.15490879807667,uruacu,GO
76400,-14.524558972222868,-49.137253835023266,uruacu,GO
76400,-14.526133604109917,-49.1367657613145,uruacu,GO
76400,-14.528351446848367,-49.13322655370218,uruaçu,GO
76970,-11.672136948374263,-61.18828248403516,pimenta bueno,RO
76970,-11.685235616864201,-61.17331129626215,pimenta bueno,RO
76970,-11.669828765803647,-61.187445796517544,pimenta bueno,RO
76970,-11.674741281224183,-61.17813544277016,pimenta bueno,RO
76970,-11.673137259972373,-61.19594876621545,pimenta bueno,RO
77480,-12.479179309920433,-49.12066779219962,alvorada,TO
77480,-12.478459927595786,-49.127717693787645,alvorada,TO
77480,-12.480042118075056,-49.12443731581042,alvorada,TO
77480,-12.47199462399738,-49.1198506138725,alvorada,TO
77480,-12.483256332278097,-49.119622630111174,alvorada,TO
78020,-15.60297857178555,-56.10296014321507,cuiaba,MT
78020,-15.609825381461059,-56.10229706515178,cuiaba,MT
78020,-15.598752099079443,-56.09910474085906,cuiaba,MT
78020,-15.605435179502608,-56.10395252685272,cuiaba,MT
78020,-15.60297857178555,-56.10296014321507,cuiaba,MT
80010,-25.43548786011886,-49.270213781291496,curitiba,PR
80010,-25.43027192921151,-49.26660256989238,curitiba,PR
80010,-25.43548786011886,-49.270213781291496,curitiba,PR
80010,-25.43318411274219,-49.2709264472385,curitiba,PR
80010,-25.431416999999996,-49.269582,curitiba,PR
80230,-25.44041155231119,-49.27281542157665,curitiba,PR
80230,-25.439563467107185,-49.26196284595192,curitiba,PR
80230,-25.447124095475786,-49.25991968290152,curitiba,PR
80230,-25.438544979456438,-49.264642408967596,curitiba,PR
80230,-25.438607004991663,-49.26952049278665,curitiba,PR
80710,-25.43084570358929,-49.29763028559067,curitiba,PR
80710,-25.426631755008064,-49.29903636923258,curitiba,PR
80710,-25.428378216486806,-49.297226060505494,curitiba,PR
80710,-25.43342984569214,-49.30399362086679,curitiba,PR
80710,-25.41936304633859,-49.29705694670785,curitiba,PR
81770,-25.534752380518196,-49.236641559813016,curitiba,PR
81770,-25.536467735318894,-49.23200963707048,curitiba,PR
81770,-25.525809503462444,-49.24844999999999,curitiba,PR
81770,-25.525053073547248,-49.233913622944264,curitiba,PR
81770,-25.532723881210686,-49.2334388119626,curitiba,PR
81870,-25.520184774914842,-49.28864365958799,curitiba,PR
81870,-25.533529230076816,-49.28539337148717,curitiba,PR
81870,-25.534604808211693,-49.286236149864465,curitiba,PR
81870,-25.52723377472578,-49.29284219169712,curitiba,PR
81870,-25.524188424086812,-49.28051738314391,curitiba,PR
82530,-25.42173219426981,-49.23008343020366,curitiba,PR
82530,-25.430089002221703,-49.238610532748574,curitiba,PR
82530,-25.429269961134572,-49.23661093450283,curitiba,PR
82530,-25.426009950026067,-49.23636025965139,curitiba,PR
82530,-25.43217011878172,-49.235764700132904,curitiba,PR
83045,-25.505585412203317,-49.18988673051925,sao jose dos pinhais,PR
83045,-25.518671916180963,-49.168721001384974,sao jose dos pinhais,PR
83045,-25.520411923394327,-49.16978129822836,sao jose dos pinhais,PR
83045,-25.510617785186636,-49.187639829851776,sao jose dos pinhais,PR
83045,-25.507471289980938,-49.18756627298479,sao jose dos pinhais,PR
83327,-25.39247780481249,-49.16387036029701,pinhais,PR
83327,-25.39247780481249,-49.16387036029701,pinhais,PR
83327,-25.403763101852437,-49.16480957259496,pinhais,PR
83327,-25.39247780481249,-49.16387036029701,pinhais,PR
83327,-25.393269122944254,-49.16545596168283,pinhais,PR
83402,-25.34347077721826,-49.227809047574894,colombo,PR
83402,-25.345662750118514,-49.22534970931185,colombo,PR
83402,-25.34595604517343,-49.22923740322833,colombo,PR
83402,-25.36005162082515,-49.217986317908895,colombo,PR
83402,-25.349149973920756,-49.22133860649985,colombo,PR
83820,-25.639741617475856,-49.28733264331808,fazenda rio grande,PR
83820,-25.652963327013406,-49.3003229752721,fazenda rio grande,PR
83820,-25.64568039847969,-49.302782878140604,fazenda rio grande,PR
83820,-25.651090518981647,-49.304832492896324,fazenda rio grande,PR
83820,-25.647301093613216,-49.3057882159948,fazenda rio grande,PR
83830,-25.659460726458722,-49.31886620365576,fazenda rio grande,PR
83830,-25.668291869898162,-49.329026709061345,fazenda rio grande,PR
83830,-25.670988301306544,-49.34501671527035,fazenda rio grande,PR
83830,-25.668783118923898,-49.31702667619104,fazenda rio grande,PR
83830,-25.67898819256083,-49.32726830743918,fazenda rio grande,PR
84178,-24.79611036875941,-49.99949570990931,castro,PR
84178,-24.799476115782312,-50.0013100146623,castro,PR
84178,-24.807825075071076,-50.000384985494236,castro,PR
84178,-24.815417247823163,-50.00074224603476,castro,PR
84178,-24.807825075071076,-50.000384985494236,castro,PR
84530,-25.372898999999993,-50.46185700000001,teixeira soares,PR
84530,-25.364450546962967,-50.46119638376518,teixeira soares,PR
84530,-25.363860659640295,-50.46227250264186,teixeira soares,PR
84530,-25.379775237782567,-50.472671224395036,teixeira soares,PR
84530,-25.36772934908436,-50.45623778095232,teixeira soares,PR
86300,-23.179392166202167,-50.63492242974283,cornelio procopio,PR
86300,-23.179336873296496,-50.65210123456084,cornelio procopio,PR
86300,-23.17934704553011,-50.663431570705356,cornelio procopio,PR
86300,-23.188880225291165,-50.647556115692645,cornelio procopio,PR
86300,-23.173610900395325,-50.64682453595489,cornelio procopio,PR
86702,-23.387311444268136,-51.44520034138108,arapongas,PR
86702,-23.403702292466782,-51.45073584470996,arapongas,PR
86702,-23.403702292466782,-51.45073584470996,arapongas,PR
86702,-23.389747431162366,-51.44219243736547,arapongas,PR
86702,-23.39385003357573,-51.456857898124234,arapongas,PR
87050,-23.437975269077903,-51.91385959802448,maringa,PR
87050,-23.422904235299384,-51.928346882997275,maringa,PR
87050,-23.424718326388195,-51.9180980544531,maringa,PR
87050,-23.424626299611177,-51.91907151420291,maringá,PR
87050,-23.42757772218289,-51.9188918172191,maringa,PR
57720,-9.474921681204073,-36.287675584060196,pindoba,AL
57720,-9.474157269871727,-36.28994333975721,pindoba,AL
57720,-9.474687652639602,-36.287853908134856,pindoba,AL
57720,-9.476278059376048,-36.29050005937603,pindoba,AL
64228,-3.4179703808775175,-41.89712977390309,caxingo,PI
64228,-3.422549696558663,-41.89098336430398,caxingo,PI
65760,-5.306340385903511,-44.487416914524765,presidente dutra,MA
65760,-5.307807203498371,-44.49324075514588,presidente dutra,MA
65760,-5.291597737530717,-44.49072724528459,presidente dutra,MA
65760,-5.288118655826027,-44.49006344486956,presidente dutra,MA
65760,-5.302318892823778,-44.48651669882109,presidente dutra,MA
67020,-1.3937268835602035,-48.382462408751216,ananindeua,PA
67020,-1.389842889686298,-48.38090223933845,ananindeua,PA
67020,-1.3897412444852957,-48.381004064827486,ananindeua,PA
67020,-1.3923322475796334,-48.38261306898882,ananindeua,PA
67020,-1.3901906922517877,-48.38307505449787,ananindeua,PA
70630,-15.770742806103547,-47.930182540524086,brasilia,DF
70630,-15.772198653038709,-47.919650862347474,brasília,DF
70630,-15.772198653038709,-47.919650862347474,brasilia,DF
70630,-15.772198653038709,-47.919650862347474,brasilia,DF
70630,-15.770742806103547,-47.930182540524086,brasilia,DF
70645,-15.78410010831199,-47.93342033773479,brasilia,DF
70645,-15.780044176750952,-47.93485708885209,brasilia,DF
70645,-15.783944944763284,-47.93167746710033,brasilia,DF
70645,-15.783421747400396,-47.93397394852258,brasilia,DF
70645,-15.780696803198278,-47.936309121801564,brasilia,DF
70687,-15.815976328611026,-47.907328086588976,brasilia,DF
72146,-15.792944703705848,-48.10841688927572,brasília,DF
72146,-15.79515752940355,-48.10485167642128,brasilia,DF
72146,-15.793008177736949,-48.107304811704076,brasilia,DF
72146,-15.797241298725988,-48.10507866778303,brasilia,DF
72146,-15.796114288435815,-48.10267645046502,brasilia,DF
73005,-15.646078392606958,-47.80261301154338,brasilia,DF
73005,-15.647695301769273,-47.79899987871921,brasília,DF
73005,-15.644961539951211,-47.79958504587117,sobradinho,DF
73005,-15.646356832408685,-47.79884662462635,brasília,DF
73005,-15.64383567917904,-47.802150694536415,brasília,DF
73900,-14.078271318010032,-46.35957202767279,posse,GO
73900,-14.092741608399342,-46.36296411303754,posse,GO
73900,-14.083866579069667,-46.3573275232512,posse,GO
73900,-14.091325445547724,-46.361933588587824,posse,GO
73900,-14.09194268766436,-46.36603169666336,posse,GO
74690,-16.597718710862782,-49.25496277140769,goiania,GO
74690,-16.607770738484998,-49.24110973287223,goiânia,GO
74690,-16.606674287135572,-49.250518142572865,goiania,GO
74690,-16.58425101193573,-49.25744419893977,goiania,GO
74690,-16.60862493211394,-49.24075585327093,goiania,GO
74986,-16.814676261037956,-49.23631853303319,aparecida de goiania,GO
74986,-16.808165999999993,-49.235807249999986,aparecida de goiania,GO
74986,-16.817254912116454,-49.237834515870986,aparecida de goiania,GO
74986,-16.821350999999996,-49.22733600000001,aparecida de goiania,GO
74986,-16.817913648734145,-49.23398647919588,aparecida de goiania,GO
75705,-18.139929503876882,-47.91215832846593,catalao,GO
75705,-18.151586435295098,-47.92846640634441,catalao,GO
75705,-18.13856652299995,-47.92703999999998,catalão,GO
75705,-18.1482940553537,-47.92872914063014,catalao,GO
75705,-18.152240814037647,-47.93281804358878,catalao,GO
76300,-15.307309412206502,-49.60681436507007,ceres,GO
76300,-15.310169999999971,-49.604829999999936,ceres,GO
76300,-15.30960667646898,-49.597842182596565,ceres,GO
76300,-15.295049999999993,-49.59287324999998,ceres,GO
76300,-15.31559167478281,-49.60852494045233,ceres,GO
76420,-14.459445822167027,-48.456236558117716,niquelandia,GO
76420,-14.458581027284495,-48.44476329780281,niquelandia,GO
76420,-14.465819470602783,-48.47022063248976,niquelandia,GO
76420,-14.47075186517132,-48.45964526108735,niquelândia,GO
76420,-14.473684401810997,-48.46847681570117,niquelandia,GO
78025,-15.604560150803394,-56.116551370806036,cuiaba,MT
78025,-15.61600498227781,-56.11042969533509,cuiaba,MT
78025,-15.614204994725165,-56.11485475319279,cuiabá,MT
78025,-15.602478558162002,-56.117943965425006,cuiaba,MT
78025,-15.610609446581316,-56.11916855209829,cuiabá,MT
78450,-13.527605999999945,-56.08417399999996,nova mutum,MT
78450,-13.827581999999992,-56.10051675,nova mutum,MT
78450,-13.845001981186526,-56.09376100319007,nova mutum,MT
78450,-13.821550790809502,-56.08323459501248,nova mutum,MT
78450,-13.807410239126458,-56.0783607498057,nova mutum,MT
78560,-11.537339223822139,-57.40768642638813,porto dos gauchos,MT
78560,-11.538877096494991,-57.402291900892145,porto dos gauchos,MT
78560,-11.535775326024376,-57.408005705663086,porto dos gauchos,MT
78560,-11.535601596264389,-57.41653650982571,porto dos gauchos,MT
78560,-11.54005640463249,-57.40334090463248,porto dos gauchos,MT
78575,-11.254312893133175,-57.51090240607533,juara,MT
78575,-11.268655192452195,-57.517685548843495,juara,MT
78575,-11.255589342495378,-57.51321797436184,juara,MT
78575,-11.249024108628303,-57.512225002659214,juara,MT
78575,-11.252268999958172,-57.50438216669625,juara,MT
78635,-14.047602159984944,-52.15582597611705,água boa,MT
78635,-14.04945748578088,-52.16646319170761,agua boa,MT
78635,-14.061681782932286,-52.153597047287924,água boa,MT
78635,-14.047395725810446,-52.160520950282695,água boa,MT
78635,-14.050696221673494,-52.15730881789562,agua boa,MT
79095,-20.528347284153437,-54.67304608968254,campo grande,MS
79095,-20.519509250320603,-54.67040907934471,campo grande,MS
79095,-20.52815890313922,-54.670702233683485,campo grande,MS
79095,-20.5258521991298,-54.66343238767222,campo grande,MS
79095,-20.52962459285006,-54.67191091993188,campo grande,MS
81630,-25.484788854838737,-49.25536574672524,curitiba,PR
81630,-25.47902720760191,-49.256259985963524,curitiba,PR
81630,-25.482618621669598,-49.258312370743774,curitiba,PR
81630,-25.484150210658427,-49.255748198309185,curitiba,PR
81630,-25.485598854838738,-49.25496427226045,curitiba,PR
81920,-25.542634725777646,-49.25608985734889,curitiba,PR
81920,-25.545421739656106,-49.25490818137229,curitiba,PR
81920,-25.54144487276238,-49.25730655004928,curitiba,PR
81920,-25.535483404719695,-49.25404762508316,curitiba,PR
81920,-25.537979818483468,-49.26342592645275,curitiba,PR
82400,-25.393345281980704,-49.35098627800838,curitiba,PR
82400,-25.39536756020736,-49.347059794315335,curitiba,PR
82400,-25.393931686210838,-49.336264301506404,curitiba,PR
82400,-25.393496919239382,-49.350020274914854,curitiba,PR
82400,-25.392384215103846,-49.34815747642272,curitiba,PR
83005,-25.533751917338503,-49.199826126071535,sao jose dos pinhais,PR
83005,-25.542473658607033,-49.19792235553122,sao jose dos pinhais,PR
83005,-25.542732551859267,-49.20312643937145,sao jose dos pinhais,PR
83005,-25.53530275462784,-49.194105525797475,sao jose dos pinhais,PR
83005,-25.537548941109097,-49.20157261588746,sao jose dos pinhais,PR
83323,-25.440714449910498,-49.188443906024766,pinhais,PR
83323,-25.44227833279462,-49.187708015263446,pinhais,PR
83323,-25.437061718016018,-49.19247224366682,pinhais,PR
83323,-25.437082485688848,-49.19151969885745,pinhais,PR
83323,-25.433037680824036,-49.19915982067651,pinhais,PR
84350,-24.21479006332944,-50.93493112717941,ortigueira,PR
84350,-24.225829539701856,-50.928251262309246,ortigueira,PR
84350,-24.212498620969484,-50.92978110124314,ortigueira,PR
84350,-24.203973027735618,-50.92619475300448,ortigueira,PR
84350,-24.20527132988086,-50.93689411805579,ortigueira,PR
85012,-25.397213164319833,-51.461332230625075,guarapuava,PR
85012,-25.399649662213704,-51.46302370661906,guarapuava,PR
85012,-25.401495687162544,-51.46236451161546,guarapuava,PR
85012,-25.404639164938445,-51.45911594158315,guarapuava,PR
85012,-25.40075615929952,-51.45228445377697,guarapuava,PR
85023,-25.419692755208008,-51.485125305585946,guarapuava,PR
85023,-25.418290499999998,-51.48297900000001,guarapuava,PR
85023,-25.418290499999998,-51.48297900000001,guarapuava,PR
85023,-25.421675586182022,-51.4813181009741,guarapuava,PR
85023,-25.41919959734086,-51.48139381018059,guarapuava,PR
85851,-25.548584861815545,-54.58121020316589,foz do iguacu,PR
85851,-25.545040842285403,-54.57988457699186,foz do iguacu,PR
85851,-25.54143424640399,-54.58764812629345,foz do iguacu,PR
85851,-25.537239531780088,-54.58137745267177,foz do iguacu,PR
85851,-25.54493812251261,-54.578707732450255,foz do iguacu,PR
85903,-24.718585367675892,-53.76181706327768,toledo,PR
85903,-24.726486157888786,-53.75385519804475,toledo,PR
85903,-24.707083108821372,-53.76547780960889,toledo,PR
85903,-24.722788308294607,-53.76018832032336,toledo,PR
85903,-24.72059854156923,-53.75819667995942,toledo,PR
86812,-23.550232236627366,-51.428201098298814,apucarana,PR
86812,-23.55584701176335,-51.44253259451161,apucarana,PR
86812,-23.550496230567767,-51.42898676891667,apucarana,PR
86812,-23.557222260650722,-51.413654286964764,apucarana,PR
86812,-23.55567305933872,-51.44178172449179,apucarana,PR
87303,-24.03529260389033,-52.37957021179355,campo mourao,PR
87303,-24.033344268662205,-52.37318109547798,campo mourao,PR
87303,-24.036624000000007,-52.379921041991544,campo mourao,PR
87303,-24.036624000000007,-52.379921041991544,campo mourão,PR
87303,-24.02997033805479,-52.376649903122434,campo mourao,PR
88135,-27.675399941807463,-48.68445574523188,palhoça,SC
88135,-27.676057379234006,-48.713502809443646,palhoca,SC
88135,-27.694923935288223,-48.68148008747211,palhoca,SC
88135,-27.695393322103296,-48.670842766537454,palhoca,SC
88135,-27.67031283089874,-48.681158405545794,palhoca,SC
88715,-28.621531461000867,-49.023995719014565,jaguaruna,SC
88715,-28.619008132545975,-49.0251731469281,jaguaruna,SC
88715,-28.62774385725906,-49.0281742612894,jaguaruna,SC
88715,-28.61818686798767,-49.026906729372136,jaguaruna,SC
88715,-28.626455754233376,-49.020911756995886,jaguaruna,SC
89204,-26.287225554532892,-48.847201910352595,joinville,SC
89204,-26.281548281192613,-48.852869697093894,joinville,SC
89204,-26.293407962777895,-48.84572674409227,joinville,SC
89204,-26.27953621817622,-48.86375202863369,joinville,SC
89204,-26.283149245628714,-48.851284630590314,joinville,SC
89281,-26.24293363739363,-49.37198010194776,sao bento do sul,SC
89281,-26.2429703367175,-49.37538568216256,são bento do sul,SC
89281,-26.22864092515528,-49.36107480949121,sao bento do sul,SC
89281,-26.244228871701875,-49.371027938153496,sao bento do sul,SC
89281,-26.233123451939463,-49.361233077221485,são bento do sul,SC
89295,-26.261841794823777,-49.5235885039339,rio negrinho,SC
89295,-26.243069601838172,-49.50233821235994,rio negrinho,SC
89295,-26.233829019636133,-49.50314128251824,rio negrinho,SC
89295,-26.246589336855475,-49.521485946961285,rio negrinho,SC
89295,-26.24340034319671,-49.50623488799765,rio negrinho,SC
89510,-26.790568536168692,-50.99646512766669,cacador,SC
89510,-26.787943412479606,-51.00400893396791,cacador,SC
89510,-26.790568536168692,-50.99646512766669,cacador,SC
89510,-26.799562498414225,-50.98657540741792,cacador,SC
89510,-26.789186325832837,-50.98772708652972,cacador,SC
89670,-27.073708576738735,-51.66131769859549,catanduvas,SC
89670,-27.05277661588107,-51.65769880699552,catanduvas,SC
89670,-27.077200376304948,-51.66192584605707,catanduvas,SC
89670,-27.076692543430095,-51.659170489813725,catanduvas,SC
89670,-27.077297917943834,-51.667524201916926,catanduvas,SC
90650,-30.061779379969934,-51.170740679987325,porto alegre,RS
90650,-30.055680461278804,-51.190809175284095,porto alegre,RS
90650,-30.049692444341918,-51.2075744207686,porto alegre,RS
90650,-30.04752036248479,-51.2037088277743,porto alegre,RS
90650,-30.050402562871437,-51.208669572018024,porto alegre,RS
93700,-29.681001176488753,-51.07531051934418,campo bom,RS
93700,-29.687780224936482,-51.05745162223155,campo bom,RS
93700,-29.67752577167267,-51.07401741363253,campo bom,RS
93700,-29.676761601811766,-51.05284340775015,campo bom,RS
93700,-29.68890812443083,-51.05193727038444,campo bom,RS
93800,-29.645176899762305,-51.020257363031035,sapiranga,RS
93800,-29.64344885341002,-50.99838459897614,sapiranga,RS
93800,-29.640309619777547,-51.014052937351714,sapiranga,RS
93800,-29.663635492245877,-50.996962155706775,sapiranga,RS
93800,-29.632927278193808,-50.99626783181201,sapiranga,RS
95200,-28.517093999999997,-50.92322625,vacaria,RS
95200,-28.49957831651823,-50.9397617039501,vacaria,RS
95200,-28.510653034129902,-50.9296618953146,vacaria,RS
95200,-28.517698436341536,-50.94084141260902,vacaria,RS
95200,-28.503947598948063,-50.93753503336248,vacaria,RS
95940,-29.39739118532141,-51.94814111119284,arroio do meio,RS
95940,-29.39890137113705,-51.945780850075884,arroio do meio,RS
95940,-29.38921337496058,-51.920064104390924,arroio do meio,RS
95940,-29.400602881668448,-51.94702931414362,arroio do meio,RS
95940,-29.400025369514967,-51.947180489998715,arroio do meio,RS
96080,-31.744230956979628,-52.32876086398534,pelotas,RS
96080,-31.751541377459773,-52.31867488550986,pelotas,RS
96080,-31.746676209870486,-52.31947194233733,pelotas,RS
96080,-31.751871359426364,-52.32505962086678,pelotas,RS
96080,-31.751448914795986,-52.317340559668786,pelotas,RS
99930,-27.91795638639281,-52.26058721336962,estacao,RS
99930,-27.909340240914595,-52.25426653668007,estacao,RS
99930,-27.916102608986108,-52.25821470272157,estacao,RS
99930,-27.914726045956773,-52.26257367839065,estacao,RS
99930,-27.91474227598326,-52.26285475366058,estacao,RS
15503,-20.399207577004216,-49.96964020815701,votuporanga,SP
15503,-20.39680830531416,-49.97988063853024,votuporanga,SP
15503,-20.396680426686547,-49.968573895395025,votuporanga,SP
15503,-20.396141775515353,-49.97381612497219,votuporanga,SP
15503,-20.39916502979769,-49.96721413010691,votuporanga,SP
15807,-21.12471568942238,-48.949759314876786,catanduva,SP
15807,-21.12515422675859,-48.95664499056493,catanduva,SP
15807,-21.122229656673785,-48.95092931487679,catanduva,SP
15807,-21.121723121011012,-48.94045210491087,catanduva,SP
15807,-21.12284836164807,-48.95119473619365,catanduva,SP
17780,-21.72156946959475,-51.022461719804284,lucelia,SP
17780,-21.732448089644894,-51.00999793680602,lucelia,SP
17780,-21.731417101907052,-51.01714394158159,lucelia,SP
17780,-21.736443601754992,-51.018019314272316,lucelia,SP
17780,-21.714362999999995,-51.029244,lucelia,SP
18072,-23.432203592561606,-47.50828448320735,sorocaba,SP
18072,-23.439862529286135,-47.539480499999996,sorocaba,SP
18072,-23.429547115309465,-47.5141064380839,sorocaba,SP
18072,-23.429904181516516,-47.51102061893353,sorocaba,SP
18072,-23.43081181932019,-47.50741134583637,sorocaba,SP
18078,-23.427220495412364,-47.46811611532685,sorocaba,SP
18078,-23.439788895637406,-47.472432464337224,sorocaba,SP
18078,-23.440140471002323,-47.476502276992306,sorocaba,SP
18078,-23.441158005828385,-47.47568142728947,sorocaba,SP
18078,-23.44441425590049,-47.47029085152051,sorocaba,SP
18200,-23.588416024873442,-48.052418109675145,itapetininga,SP
18200,-23.587964350055913,-48.050515104990346,itapetininga,SP
18200,-23.590225802690696,-48.04574152229878,itapetininga,SP
18200,-23.585267303716236,-48.03904094502574,itapetininga,SP
18200,-23.589247499999992,-48.040631999999995,itapetininga,SP
18290,-23.799400553078755,-48.59176821795357,buri,SP
18290,-23.802403627250435,-48.59011022454794,buri,SP
18290,-23.802142400724644,-48.59368323346551,buri,SP
18290,-23.7973469198027,-48.602480965036335,buri,SP
18290,-23.79456434149147,-48.5986618084968,buri,SP
18407,-23.994483344755256,-48.89186808310373,itapeva,SP
18407,-23.99911157609529,-48.89605405898126,itapeva,SP
18407,-23.98812903739233,-48.89476203408567,itapeva,SP
18407,-23.999117890820266,-48.89611175260488,itapeva,SP
18407,-23.988512462482312,-48.89094179058519,itapeva,SP
18520,-23.17098515567461,-47.73847012348546,cerquilho,SP
18520,-23.175758695740186,-47.74767836992474,cerquilho,SP
18520,-23.155599944763157,-47.737555878937904,cerquilho,SP
18520,-23.156331987363494,-47.74098974350413,cerquilho,SP
18520,-23.149368490479052,-47.744735539764186,cerquilho,SP
18570,-23.01537892814005,-48.008989829757134,conchas,SP
18570,-23.015652064521287,-48.008056524195496,conchas,SP
18570,-23.014108142114708,-48.013842939896065,conchas,SP
18570,-23.03969399999999,-48.0182265,conchas,SP
18570,-23.01378054926387,-48.00465632626696,conchas,SP
18740,-23.531835876339574,-49.2376218476789,taquarituba,SP
18740,-23.528726388041726,-49.24611702999385,taquarituba,SP
18740,-23.537580052039303,-49.24813756600326,taquarituba,SP
18740,-23.528748975815425,-49.24355803576324,taquarituba,SP
18740,-23.527583322190917,-49.245154213739006,taquarituba,SP
19160,-22.077668074421375,-51.469341169800465,alvares machado,SP
19160,-22.073179977008785,-51.46421911591302,alvares machado,SP
19160,-22.079599277764263,-51.46702512225657,álvares machado,SP
19160,-22.075676936309,-51.47563211305392,alvares machado,SP
19160,-22.071530946362085,-51.47676737739904,alvares machado,SP
20011,-22.90481260283338,-43.17623582445608,rio de janeiro,RJ
20011,-22.904357333602682,-43.17509512406944,rio de janeiro,RJ
20011,-22.904357333602682,-43.17509512406944,rio de janeiro,RJ
20011,-22.904496094639068,-43.176235883143924,rio de janeiro,RJ
20011,-22.906073735760963,-43.17797455274388,rio de janeiro,RJ
20771,-22.888943895089138,-43.28086938426911,rio de janeiro,RJ
20771,-22.889486221478474,-43.28209398805478,rio de janeiro,RJ
20771,-22.88576493424303,-43.27371347986046,rio de janeiro,RJ
20771,-22.89053617208146,-43.28170074216625,rio de janeiro,RJ
20771,-22.88602881764676,-43.287181920624356,rio de janeiro,RJ
07143,-23.418480939494486,-46.504789606440056,guarulhos,SP
07143,-23.456116507461648,-46.50411554986623,guarulhos,SP
07143,-23.414574740492828,-46.50420728351318,guarulhos,SP
07143,-23.420507699694156,-46.50478112476192,guarulhos,SP
07143,-23.42356612822437,-46.5019153426337,guarulhos,SP
07152,-23.408025319336886,-46.47133305879546,guarulhos,SP
07152,-23.402474214265116,-46.47304917860234,guarulhos,SP
07152,-23.40638005744709,-46.464374797391656,guarulhos,SP
07152,-23.406034882595666,-46.465507655288796,guarulhos,SP
07152,-23.406433962808013,-46.46510944976628,guarulhos,SP
07260,-23.433426198299735,-46.51212334325156,guarulhos,SP
07260,-23.461208999999997,-46.4099985,guarulhos,SP
07260,-23.433426198299735,-46.51212334325156,guarulhos,SP
07260,-23.45433350291418,-46.410941064112194,guarulhos,SP
07260,-23.45604484401869,-46.40587007216226,guarulhos,SP
07803,-23.3332578216097,-46.73298580320613,franco da rocha,SP
07803,-23.33051113692055,-46.72973583981387,franco da rocha,SP
07803,-23.329346284391395,-46.72801280219603,franco da rocha,SP
07803,-23.331579705151885,-46.732143680012655,franco da rocha,SP
07803,-23.32946746989516,-46.7384587716429,franco da rocha,SP
07911,-23.283867902927923,-46.75166223035057,francisco morato,SP
07911,-23.2815718483953,-46.74981363629645,francisco morato,SP
07911,-23.283500816300812,-46.75340922244512,francisco morato,SP
07911,-23.282964122750492,-46.74874734372311,francisco morato,SP
07911,-23.283108673761888,-46.75326684704603,francisco morato,SP
08111,-23.49788624202203,-46.37201669248079,sao paulo,SP
08111,-23.492312496537547,-46.379452950458756,sao paulo,SP
08111,-23.49791825171421,-46.36986379944906,sao paulo,SP
08111,-23.49139411962603,-46.38092530460501,sao paulo,SP
08111,-23.491906837353593,-46.376191812655094,sao paulo,SP
08411,-23.55512973105776,-46.415532792399986,sao paulo,SP
08411,-23.553961637514817,-46.410232405694444,são paulo,SP
08411,-23.55003028227244,-46.411910571181316,sao paulo,SP
08411,-23.55876737316032,-46.41566094775857,sao paulo,SP
08411,-23.550089510964266,-46.40959336372555,sao paulo,SP
08743,-23.554576919483395,-46.210902737743304,mogi das cruzes,SP
08743,-23.552345179294818,-46.22495165306711,mogi das cruzes,SP
08743,-23.555302918988406,-46.22399315809745,mogi das cruzes,SP
08743,-23.555059180750103,-46.21145736888174,mogi das cruzes,SP
08743,-23.552193817590386,-46.22519166338667,mogi das cruzes,SP
09020,-23.66033225007211,-46.52820295475792,santo andre,SP
09020,-23.66291470552254,-46.52886560713256,santo andre,SP
09020,-23.66291470552254,-46.52886560713256,santo andre,SP
09020,-23.661600789341563,-46.52697543949449,santo andré,SP
09020,-23.659379087661097,-46.529408572497964,santo andre,SP
09195,-23.680294281435714,-46.513327818771934,santo andre,SP
09195,-23.67427568530509,-46.51968207156395,santo andre,SP
09195,-23.672630659692853,-46.51124989457337,santo andre,SP
09195,-23.67637172799934,-46.51200940313921,santo andre,SP
09195,-23.680149306970936,-46.51339786984238,santo andre,SP
09280,-23.63501354177962,-46.50399501887012,santo andre,SP
09280,-23.63487107216227,-46.51284257992389,santo andre,SP
09280,-23.619187422306403,-46.52892538542067,santo andre,SP
09280,-23.627833430601513,-46.50806075211702,santo andre,SP
09280,-23.636642887875784,-46.51640576741301,santo andre,SP
09671,-23.665532374141556,-46.60601690339903,sao bernardo do campo,SP
09671,-23.663179153471134,-46.60347682333091,sao bernardo do campo,SP
09671,-23.66500883403537,-46.608765956431384,são bernardo do campo,SP
09671,-23.662955999999944,-46.60459999999995,sao bernardo do campo,SP
09671,-23.666944001673436,-46.60666870497427,são bernardo do campo,SP
09841,-23.740776535433085,-46.56813167727615,sao bernardo do campo,SP
09841,-23.745413999999947,-46.57748749999996,sao bernardo do campo,SP
09841,-23.741709422153576,-46.58263527517465,sao bernardo do campo,SP
09841,-23.740769054338113,-46.56813191106036,sao bernardo do campo,SP
09841,-23.741182247561948,-46.58119949748985,sao bernardo do campo,SP
09850,-23.704955999999996,-46.588610027265965,sao bernardo do campo,SP
09850,-23.732413439350253,-46.573893124906164,sao bernardo do campo,SP
09850,-23.734952550089492,-46.579792251485756,sao bernardo do campo,SP
09850,-23.742466788077643,-46.60639082676696,sao bernardo do campo,SP
09850,-23.735736302816004,-46.590670619337565,sao bernardo do campo,SP
09951,-23.690070597553255,-46.59995236023442,diadema,SP
09951,-23.685732346427592,-46.58719463596568,diadema,SP
09951,-23.68752846932889,-46.58637281597331,diadema,SP
09951,-23.685264114086117,-46.58485853635526,diadema,SP
09951,-23.68909559912762,-46.59602620766336,diadema,SP
11609,-23.799315185671464,-45.40875060629584,sao sebastiao,SP
11609,-23.801449442408682,-45.40482732875526,sao sebastiao,SP
11609,-23.798127576114155,-45.40904011023678,são sebastião,SP
11609,-23.80006383726774,-45.4071011807159,sao sebastiao,SP
11609,-23.798695945322876,-45.40778334693289,sao sebastiao,SP
11950,-24.725498606199103,-48.11036826830713,cajati,SP
11950,-24.727415529087097,-48.11554486250071,cajati,SP
11950,-24.743587854521362,-48.108201712422606,cajati,SP
11950,-24.727906320663354,-48.12410321480336,cajati,SP
11950,-24.720314868776473,-48.096942908034165,cajati,SP
12041,-23.02953434000798,-45.577897931444404,taubaté,SP
12041,-23.031978286411942,-45.58191311354637,taubate,SP
12041,-23.027650618224275,-45.57841587740357,taubate,SP
12041,-23.02974602364324,-45.58101019071642,taubaté,SP
12041,-23.02668528288825,-45.576395725881945,taubate,SP
12051,-23.00807630302776,-45.58995434415267,taubate,SP
12051,-23.01126891380883,-45.59051397975494,taubate,SP
12051,-23.011805121068722,-45.58062936095458,taubate,SP
12051,-23.015078964295668,-45.58872236511852,taubate,SP
12051,-23.011752572854764,-45.58164467638062,taubate,SP
12215,-23.18093790397594,-45.869362507213346,sao jose dos campos,SP
12215,-23.191780639098578,-45.873071155836335,sao jose dos campos,SP
12215,-23.189574584025024,-45.87032236749618,sao jose dos campos,SP
12215,-23.189555788850633,-45.86716590045213,sao jose dos campos,SP
12215,-23.18052091840266,-45.873403827081816,sao jose dos campos,SP
12701,-22.577450868185096,-44.957813155930126,cruzeiro,SP
12701,-22.583520586733215,-44.96337251457095,cruzeiro,SP
12701,-22.572684735581667,-44.96049839207305,cruzeiro,SP
12701,-22.57551938773155,-44.9608894782157,cruzeiro,SP
12701,-22.577171636966945,-44.95792306702637,cruzeiro,SP
13075,-22.880766226949024,-47.06239304123374,campinas,SP
13075,-22.880739226758585,-47.061496534970274,campinas,SP
13075,-22.87547873189448,-47.0627471312828,campinas,SP
13075,-22.875838075526822,-47.064278279449674,campinas,SP
13075,-22.882857496249084,-47.06380366763807,campinas,SP
13091,-22.86623673772286,-47.025165619626044,campinas,SP
13091,-22.87901035720467,-47.0266987887933,campinas,SP
13091,-22.873113000000004,-47.02782282514857,campinas,SP
13091,-22.881209824561086,-47.037245855523665,campinas,SP
13091,-22.88479823757864,-47.03003918290151,campinas,SP
13145,-22.720458855127205,-47.17095053220031,paulínia,SP
13145,-22.747847857060442,-47.17852597085809,paulínia,SP
13145,-22.734170235356935,-47.195367894252435,paulinia,SP
13145,-22.71482578850485,-47.16841373703038,paulinia,SP
13145,-22.741707263553305,-47.17931078244728,paulinia,SP
13188,-22.900551777676796,-47.24672838849647,hortolandia,SP
13188,-22.884680373134316,-47.23886082463792,hortolandia,SP
13188,-22.89492620491891,-47.23469773612424,hortolandia,SP
13188,-22.90637428766816,-47.24034567937225,hortolandia,SP
13188,-22.90310096072678,-47.24061003072318,hortolandia,SP
13205,-23.247524819031728,-46.85035442922271,jundiaí,SP
13205,-23.245647537408125,-46.85550799517784,jundiai,SP
13205,-23.249171464856826,-46.85800879185172,jundiai,SP
13205,-23.24482292310586,-46.85957332529279,jundiai,SP
13205,-23.246894828755256,-46.849900506232416,jundiai,SP
13218,-23.15163690091752,-46.838423256333165,jundiaí,SP
13218,-23.188444950343193,-46.873427537740255,jundiai,SP
13218,-23.177426932252466,-46.85773745019897,jundiai,SP
13218,-23.187490175428348,-46.8645221791506,jundiai,SP
13218,-23.18737600693345,-46.86516532987363,jundiai,SP
13257,-22.97554365755215,-46.8459009929098,itatiba,SP
13257,-22.997784689651382,-46.85274851353694,itatiba,SP
13257,-22.987287785072418,-46.855054993434834,itatiba,SP
13257,-22.99563161234379,-46.857056085426095,itatiba,SP
13257,-22.996573761604157,-46.855654621190645,itatiba,SP
13380,-22.779754253242903,-47.295758177052605,nova odessa,SP
13380,-22.77679374905404,-47.29345090449989,nova odessa,SP
13380,-22.784455055033384,-47.3147467731398,nova odessa,SP
13380,-22.77655038961372,-47.29338904623431,nova odessa,SP
13380,-22.784455055033384,-47.3147467731398,nova odessa,SP
13880,-21.83948265963376,-46.88952885213608,vargem grande do sul,SP
13880,-21.833571484016982,-46.89226721671471,vargem grande do sul,SP
13880,-21.84887332222197,-46.89551067548738,vargem grande do sul,SP
13880,-21.823335331543582,-46.90378186132199,vargem grande do sul,SP
13880,-21.829873556902477,-46.89025652173448,vargem grande do sul,SP
14025,-21.186657754371282,-47.80976500582838,ribeirao preto,SP
14025,-21.18939594669132,-47.8199397875613,ribeirao preto,SP
14025,-21.19520068220902,-47.81134006341969,ribeirao preto,SP
14025,-21.189070383288147,-47.80886666680133,ribeirão preto,SP
14025,-21.199159780743233,-47.82264853260437,ribeirao preto,SP
14600,-20.581516496213762,-47.86305107223925,sao joaquim da barra,SP
14600,-20.58912570306143,-47.865119501757626,sao joaquim da barra,SP
14600,-20.58459592514749,-47.8757936794311,sao joaquim da barra,SP
14600,-20.583955388611972,-47.861406946500004,sao joaquim da barra,SP
14600,-20.58187524890453,-47.8544652825162,sao joaquim da barra,SP
15105,-21.040546601249808,-49.37584154114152,potirendaba,SP
15105,-21.046442769719146,-49.37190768691629,potirendaba,SP
15105,-21.039160499999998,-49.37166900000001,potirendaba,SP
15105,-21.044160006991337,-49.37417238056812,potirendaba,SP
15105,-21.04945089249563,-49.371657436430944,potirendaba,SP
12288,-23.09500364408646,-45.71081593229389,caçapava,SP
12288,-23.093555521784317,-45.71120182944773,cacapava,SP
12288,-23.0924714454671,-45.71114441909515,cacapava,SP
12288,-23.09198652934155,-45.71061298717276,cacapava,SP
12288,-23.092499503750904,-45.709694612268436,cacapava,SP
12445,-22.886512003027498,-45.37114210829609,pindamonhangaba,SP
12445,-22.886220942276058,-45.38307305656236,pindamonhangaba,SP
12445,-22.889457834955106,-45.37116207472532,pindamonhangaba,SP
12445,-22.884636251562515,-45.37276304314344,pindamonhangaba,SP
12445,-22.885696029588278,-45.372699768557844,pindamonhangaba,SP
13061,-22.907317211495144,-47.11830328850486,campinas,SP
13061,-22.91088822093021,-47.117784038576964,campinas,SP
13061,-22.913870212722497,-47.11626603438094,campinas,SP
13061,-22.916723479600662,-47.10823007216226,campinas,SP
13061,-22.915804456694048,-47.10851269289327,campinas,SP
13076,-22.88255076242137,-47.04691965736627,campinas,SP
13076,-22.88443736927819,-47.05962607131171,campinas,SP
13076,-22.883333418766387,-47.04940666614242,campinas,SP
13076,-22.884017510964267,-47.05079751526345,campinas,SP
13076,-22.882813218708517,-47.05007124424372,campinas,SP
13178,-22.800362898695823,-47.21833340077328,sumare,SP
13178,-22.8133233834313,-47.200888514270936,sumare,SP
13178,-22.798079089273184,-47.202643315095486,sumare,SP
13178,-22.801019728615426,-47.21516830932912,sumare,SP
13178,-22.79746288703906,-47.21630287330483,sumare,SP
13323,-23.217606440186973,-47.26963716126143,salto,SP
13323,-23.225911871187954,-47.266039124010824,salto,SP
13323,-23.212117770471444,-47.264736535806996,salto,SP
13323,-23.209912581741566,-47.26514907493224,salto,SP
13323,-23.209844437417022,-47.26947633582439,salto,SP
13339,-23.090872919763694,-47.210891360130155,indaiatuba,SP
13339,-23.094901571469773,-47.19982267929481,indaiatuba,SP
13339,-23.09584523931225,-47.19219647722592,indaiatuba,SP
13339,-23.091051384124867,-47.201546058976284,indaiatuba,SP
13339,-23.090711699694154,-47.20655608312654,indaiatuba,SP
13346,-23.110691217871796,-47.224893352761256,indaiatuba,SP
13346,-23.12389493124312,-47.22696630560924,indaiatuba,SP
13346,-23.1144961851232,-47.22977576894223,indaiatuba,SP
13346,-23.112856833198652,-47.228387395781624,indaiatuba,SP
13346,-23.115297962201833,-47.22832370341924,indaiatuba,SP
13347,-23.141554810215275,-47.23811647179686,indaiatuba,SP
13347,-23.13965842124376,-47.232391206084905,indaiatuba,SP
13347,-23.124953860667116,-47.21987780627846,indaiatuba,SP
13347,-23.134722066333893,-47.221584962115514,indaiatuba,SP
13347,-23.14169601239886,-47.24028429959542,indaiatuba,SP
13505,-22.392256145058422,-47.55944968375016,rio claro,SP
13505,-22.377233073835704,-47.566020189710834,rio claro,SP
13505,-22.381831403831722,-47.56759251208943,rio claro,SP
13505,-22.373890047998696,-47.57988545788268,rio claro,SP
13505,-22.38430601610016,-47.5660319027352,rio claro,SP
13845,-22.35835224656331,-46.96074827733332,mogi guaçu,SP
13845,-22.354612051646043,-46.95433945812804,mogi-guacu,SP
13845,-22.354245790272614,-46.960143129875476,mogi-guacu,SP
13845,-22.355860497292525,-46.96337452814473,mogi guaçu,SP
13845,-22.362044388384373,-46.94561955590306,mogi-guacu,SP
13871,-21.97915314389059,-46.800077464741136,sao joao da boa vista,SP
13871,-21.9829141353829,-46.80119089281933,sao joao da boa vista,SP
13871,-21.98736396522239,-46.79543086278632,sao joao da boa vista,SP
13871,-21.979106796389328,-46.79941243501349,sao joao da boa vista,SP
13871,-21.981645735984593,-46.79842269223706,sao joao da boa vista,SP
13874,-21.967626728367318,-46.787603701128894,sao joao da boa vista,SP
13874,-21.965567147538458,-46.74402555949833,são joão da boa vista,SP
13874,-21.971675820700465,-46.77735089039601,sao joao da boa vista,SP
13874,-21.972762985190425,-46.767266449240736,sao joao da boa vista,SP
13874,-21.973235458098724,-46.77860030240362,sao joao da boa vista,SP
13908,-22.72282092806635,-46.84179829244856,amparo,SP
13908,-22.720222540106178,-46.83840335691621,amparo,SP
13908,-22.7242404476888,-46.847308101448405,amparo,SP
13908,-22.721119437612295,-46.84115826015566,amparo,SP
13908,-22.72277850764605,-46.84281300000001,amparo,SP
14580,-20.433990426300614,-47.81416224047547,guara,SP
14580,-20.443625999999995,-47.83169249999999,guara,SP
14580,-20.425510450411952,-47.811537720030294,guara,SP
14580,-20.429980049095303,-47.81507563976083,guara,SP
14580,-20.461232999999947,-47.76566299999996,guara,SP
14708,-20.92906365156043,-48.495223081280635,bebedouro,SP
14708,-20.917362153429092,-48.49699440658438,bebedouro,SP
14708,-20.923847581882264,-48.496939871576814,bebedouro,SP
14708,-20.91907884841291,-48.5017566589773,bebedouro,SP
14708,-20.92189646715973,-48.50084784264344,bebedouro,SP
14803,-21.804785999999993,-48.203018428891774,araraquara,SP
14803,-21.804785999999993,-48.203018428891774,araraquara,SP
14803,-21.804785999999993,-48.203018428891774,araraquara,SP
14803,-21.789153510087523,-48.22402994147285,araraquara,SP
14803,-21.804785999999993,-48.203018428891774,araraquara,SP
15053,-20.776666890782618,-49.36287357278835,sao jose do rio preto,SP
15053,-20.78008292101952,-49.36711655612507,sao jose do rio preto,SP
15053,-20.780668241509865,-49.36731836382363,são josé do rio preto,SP
15053,-20.778324473837845,-49.35945221874684,sao jose do rio preto,SP
15053,-20.772691062555324,-49.35991907500135,sao jose do rio preto,SP
15060,-20.799205409816732,-49.36252443178385,sao jose do rio preto,SP
15060,-20.80260899999996,-49.36752526599997,são josé do rio preto,SP
15060,-20.800697102845398,-49.35965326856225,sao jose do rio preto,SP
15060,-20.80064086936162,-49.37073344375324,sao jose do rio preto,SP
15060,-20.79781284786776,-49.36796294664446,sao jose do rio preto,SP
15070,-20.816380648526863,-49.36485083545541,são josé do rio preto,SP
15070,-20.819684226583618,-49.364653626997246,sao jose do rio preto,SP
15070,-20.821740832881,-49.364302016586244,sao jose do rio preto,SP
15070,-20.817017187453597,-49.36425413438004,sao jose do rio preto,SP
15070,-20.8126658910076,-49.360225575411015,sao jose do rio preto,SP
15385,-20.422366149890298,-51.33743860294578,ilha solteira,SP
15385,-20.433022167349606,-51.32985310949847,ilha solteira,SP
15385,-20.423274122737077,-51.345438621889166,ilha solteira,SP
15385,-20.395263415019837,-51.32396999454042,ilha solteira,SP
15385,-20.431326363581302,-51.34622540951586,ilha solteira,SP
16900,-20.913260060505507,-51.37206780904842,andradina,SP
16900,-20.90599034416293,-51.37945620635926,andradina,SP
16900,-20.904675369698154,-51.37642656425642,andradina,SP
16900,-20.895818059957247,-51.388018260343884,andradina,SP
16900,-20.910213492094147,-51.38749718858564,andradina,SP
17030,-22.32799872661436,-49.04464129765144,bauru,SP
17030,-22.32051016097297,-49.04876201927414,bauru,SP
17030,-22.320302707835324,-49.03805480876491,bauru,SP
17030,-22.32294047515726,-49.046143841508524,bauru,SP
17030,-22.32225581652157,-49.05035515390383,bauru,SP
17202,-22.297293522341857,-48.56373901952273,jau,SP
17202,-22.300173680824038,-48.56123497807145,jau,SP
17202,-22.30193693712721,-48.55741794716916,jau,SP
17202,-22.30279404302037,-48.557400705522525,jau,SP
17202,-22.3019687149576,-48.55338088037397,jaú,SP
17320,-22.40983742501461,-48.45042421567509,mineiros do tiete,SP
17320,-22.411500328698448,-48.45605058860306,mineiros do tiete,SP
17320,-22.418813063848532,-48.44878657021624,mineiros do tietê,SP
17320,-22.416543875835245,-48.45490818396656,mineiros do tiete,SP
17320,-22.41062792638357,-48.455259427887455,mineiros do tiete,SP
17504,-22.214731808036426,-49.96619857883034,marilia,SP
17504,-22.213119195394988,-49.9553828381903,marilia,SP
17504,-22.21399712989782,-49.952311287119876,marilia,SP
17504,-22.213444746321205,-49.95370143588781,marília,SP
17504,-22.21728783014024,-49.95650960352589,marilia,SP
18031,-23.514805626303925,-47.46355489723096,sorocaba,SP
18031,-23.514148581193297,-47.46242702677596,sorocaba,SP
18031,-23.514238581193297,-47.462580026775974,sorocaba,SP
18031,-23.513931879234974,-47.45431966252927,sorocaba,SP
18031,-23.515849529286132,-47.46291266472386,sorocaba,SP
18147,-23.432149137521776,-47.06714458276622,aracariguama,SP
18147,-23.43709668732884,-47.067134592046855,aracariguama,SP
18147,-23.43835888252037,-47.063512765040734,aracariguama,SP
18147,-23.42924486137204,-47.06447741974169,aracariguama,SP
18147,-23.441439382436442,-47.061046385763916,aracariguama,SP
18160,-23.664502918276984,-47.581761427942936,salto de pirapora,SP
18160,-23.647002411669614,-47.56992751873801,salto de pirapora,SP
18160,-23.647288984199943,-47.57070674296566,salto de pirapora,SP
18160,-23.643309366174638,-47.56596853059233,salto de pirapora,SP
18160,-23.65540480877255,-47.58856673541302,salto de pirapora,SP
18730,-23.41938231537687,-49.09312240076788,itai,SP
18730,-23.423543483879442,-49.09178832941833,itaí,SP
18730,-23.417032328543627,-49.09204011071196,itaí,SP
18730,-23.419193571416027,-49.10120200477118,itai,SP
18730,-23.424142500000002,-49.08711149999999,itai,SP
19023,-22.108138238021272,-51.40216443720164,presidente prudente,SP
19023,-22.110197633685033,-51.40155810709123,presidente prudente,SP
19023,-22.11150521393189,-51.39982272215314,presidente prudente,SP
19023,-22.107483646316126,-51.40235380027065,presidente prudente,SP
19023,-22.114874894619206,-51.39452413946193,presidente prudente,SP
19025,-22.09785593377639,-51.40156940368525,presidente prudente,SP
19025,-22.09615551480882,-51.40144218168836,presidente prudente,SP
19025,-22.108736019507347,-51.41085577304067,presidente prudente,SP
19025,-22.101383884510238,-51.40795839375872,presidente prudente,SP
19025,-22.12357054815176,-51.42769528942432,presidente prudente,SP
20211,-22.91048789550255,-43.20189495797273,rio de janeiro,RJ
20211,-22.91167752899767,-43.19814225437128,rio de janeiro,RJ
20211,-22.913174536211038,-43.1998605,rio de janeiro,RJ
20211,-22.91194057641396,-43.206637628920106,rio de janeiro,RJ
20211,-22.913182445467104,-43.1971417456287,rio de janeiro,RJ
20740,-22.89603520399333,-43.32157651027179,rio de janeiro,RJ
20740,-22.890950465722202,-43.31576008465574,rio de janeiro,RJ
20740,-22.905548274447074,-43.31571503757575,rio de janeiro,RJ
20740,-22.90190858895492,-43.31109798542906,rio de janeiro,RJ
20740,-22.894557306970942,-43.312085848866126,rio de janeiro,RJ
21240,-22.81037884041201,-43.32241089592587,rio de janeiro,RJ
21240,-22.81422071744204,-43.314279785451056,rio de janeiro,RJ
21240,-22.81481241410349,-43.31978792506776,rio de janeiro,RJ
21240,-22.80913836052289,-43.32725930376829,rio de janeiro,RJ
21240,-22.811397537884474,-43.32349718803738,rio de janeiro,RJ
22631,-23.004308687229596,-43.32450783783356,rio de janeiro,RJ
22631,-23.003722012372748,-43.32536344366795,rio de janeiro,RJ
22631,-23.002162710802665,-43.34935300429917,rio de janeiro,RJ
22631,-23.005038197588025,-43.341547063650836,rio de janeiro,RJ
22631,-23.004511196191796,-43.32400361097313,rio de janeiro,RJ
01139,-23.52076037607479,-46.661384138207694,sao paulo,SP
01139,-23.518892512926165,-46.67646035734891,sao paulo,SP
01139,-23.52183510257342,-46.66428988130433,sao paulo,SP
01139,-23.522467263402323,-46.66066743228114,são paulo,SP
01139,-23.520169372468118,-46.66149387621901,são paulo,SP
01202,-23.530243903687488,-46.650910421865106,são paulo,SP
01202,-23.535831090484127,-46.64661310949849,sao paulo,SP
01202,-23.532140168474786,-46.649506389405,sao paulo,SP
01202,-23.532581419931876,-46.649183196231704,sao paulo,SP
01202,-23.530757909515867,-46.6504908322177,sao paulo,SP
01240,-23.54378694284137,-46.65861209437926,sao paulo,SP
01240,-23.54586859423504,-46.653863049685455,sao paulo,SP
01240,-23.542487181804987,-46.660328564400636,sao paulo,SP
01240,-23.54609140576496,-46.65321297584976,sao paulo,SP
01240,-23.54166919954993,-46.66235474300299,sao paulo,SP
01306,-23.554369372468116,-46.65015387621902,sao paulo,SP
01306,-23.55382270912921,-46.65038113474524,sao paulo,SP
01306,-23.55433380183505,-46.64967363918865,sao paulo,SP
01306,-23.550225768249742,-46.64614145850884,sao paulo,SP
01306,-23.554413383426063,-46.649765024686886,sao paulo,SP
01310,-23.556926913670807,-46.6615417904381,sao paulo,SP
01310,-23.561264556754605,-46.6565542389636,sao paulo,SP
01310,-23.56495811933758,-46.65213530737497,sao paulo,SP
01310,-23.557811228691833,-46.660504165272116,sao paulo,SP
01310,-23.555921385509855,-46.662458600467446,sao paulo,SP
01519,-23.56007528864907,-46.62182990175425,sao paulo,SP
01519,-23.561857090195677,-46.62258413696694,sao paulo,SP
01519,-23.559819899398505,-46.631032939875226,sao paulo,SP
01519,-23.56173610851753,-46.62499410421836,sao paulo,SP
01519,-23.560791150152923,-46.62170021481338,sao paulo,SP
02135,-23.498807971146547,-46.573631134485446,sao paulo,SP
02135,-23.495152798776633,-46.578559809048414,sao paulo,SP
02135,-23.49530880598999,-46.57763819969415,sao paulo,SP
02135,-23.498717138476565,-46.57368259318267,sao paulo,SP
02135,-23.49920512461769,-46.58880061449013,sao paulo,SP
02215,-23.491089052455425,-46.585081880518196,sao paulo,SP
02215,-23.490081943101163,-46.58466223841534,sao paulo,SP
02215,-23.491633714409335,-46.58316026588382,sao paulo,SP
02215,-23.490081943101163,-46.58466223841534,sao paulo,SP
02215,-23.49281474715793,-46.58530384248949,sao paulo,SP
02226,-23.484632448237065,-46.57191858451151,sao paulo,SP
02226,-23.486109558976302,-46.57028445045876,sao paulo,SP
02226,-23.4817716217035,-46.573493804605,sao paulo,SP
02226,-23.479619280598996,-46.574718642795325,sao paulo,SP
02226,-23.487399534277795,-46.57086159824574,sao paulo,SP
02230,-23.485688454902167,-46.56373805037796,sao paulo,SP
02230,-23.482523851352965,-46.56432290530489,sao paulo,SP
02230,-23.48274827338563,-46.56490113044606,sao paulo,SP
02230,-23.48205624785042,-46.56342963044608,sao paulo,SP
02230,-23.483707808114982,-46.565432772032096,sao paulo,SP
02466,-23.49405945045876,-46.64333926824975,sao paulo,SP
02466,-23.494846265934807,-46.64450292098508,sao paulo,SP
02466,-23.494643999999994,-46.6444334701656,sao paulo,SP
02466,-23.494141645017027,-46.645301833891146,sao paulo,SP
02466,-23.49375617485142,-46.644944772693144,sao paulo,SP
02512,-23.512629226758584,-46.66287840966009,são paulo,SP
02512,-23.512647226758595,-46.66270838412487,sao paulo,SP
02512,-23.51438813101735,-46.65712201599386,são paulo,SP
02512,-23.51425372217096,-46.65828753497027,sao paulo,SP
02512,-23.51425372217096,-46.65828753497027,sao paulo,SP
02514,-23.510698124069435,-46.65449774409951,sao paulo,SP
02514,-23.504355586733226,-46.65337579294826,sao paulo,SP
02514,-23.510698124069435,-46.65449774409951,sao paulo,SP
02514,-23.512645938109507,-46.65778674063704,sao paulo,SP
02514,-23.511331792111534,-46.65593405551384,sao paulo,SP
03087,-23.5300706924808,-46.56414335887811,sao paulo,SP
03087,-23.52751038445865,-46.56640155227076,sao paulo,SP
03087,-23.52751038445865,-46.56640155227076,sao paulo,SP
03087,-23.52810902775692,-46.5645293005943,sao paulo,SP
03087,-23.532779612528913,-46.564551750224425,sao paulo,SP
03126,-23.577426579815427,-46.59312473736251,sao paulo,SP
03126,-23.577477726066096,-46.59318915113386,sao paulo,SP
03126,-23.58190549624909,-46.59076294463037,são paulo,SP
03126,-23.581957452680467,-46.58998008090484,sao paulo,SP
03126,-23.581529999999994,-46.596320024808335,são paulo,SP
03165,-23.561902561746255,-46.58015179808413,sao paulo,SP
03165,-23.56136658451152,-46.58380154954122,sao paulo,SP
03165,-23.556478526227707,-46.59474113336026,sao paulo,SP
03165,-23.561802095061942,-46.58115188588945,sao paulo,SP
03165,-23.555707304132994,-46.59744965227918,sao paulo,SP
03188,-23.56042158451152,-46.58004854954123,são paulo,SP
03188,-23.564502366639726,-46.578382622396,são paulo,SP
03188,-23.56069788990027,-46.5792726708214,sao paulo,SP
03188,-23.566129428226017,-46.57754534675287,sao paulo,SP
03188,-23.56598741909515,-46.57673249999999,sao paulo,SP
03191,-23.569109580904836,-46.57235346003806,sao paulo,SP
03191,-23.565907807557117,-46.56994010690311,sao paulo,SP
03191,-23.570047896411793,-46.57094919203065,sao paulo,SP
03191,-23.56713935636795,-46.57216395767211,sao paulo,SP
03191,-23.566422908322053,-46.57172724108451,são paulo,SP
03275,-23.586208449622042,-46.535891443101185,sao paulo,SP
03275,-23.576993758814687,-46.552374451007026,sao paulo,SP
03275,-23.587352685267433,-46.53320166333889,sao paulo,SP
03275,-23.581017659732215,-46.549104747157934,sao paulo,SP
03275,-23.586458438513542,-46.535291450314546,são paulo,SP
03542,-23.5314273871833,-46.51759140452421,sao paulo,SP
03542,-23.529047605603346,-46.511422072162276,sao paulo,SP
03542,-23.531295609447014,-46.51901052853076,sao paulo,SP
03542,-23.531567427145244,-46.51982140313921,sao paulo,SP
03542,-23.532793795169955,-46.51605708298229,são paulo,SP
03568,-23.542938345547903,-46.484686639881126,são paulo,SP
03568,-23.542312263950567,-46.48456438496159,são paulo,SP
03568,-23.543759682209014,-46.48336067998731,sao paulo,SP
03568,-23.54215123841535,-46.483773443245404,são paulo,SP
03568,-23.544099680824026,-46.4831483104334,sao paulo,SP
03817,-23.493258,-46.49803649999999,sao paulo,SP
03817,-23.49400121787179,-46.49212026810552,sao paulo,SP
03817,-23.49144919954992,-46.49097053067111,são paulo,SP
03817,-23.49271002637194,-46.49096677477061,sao paulo,SP
03817,-23.490672454065447,-46.493139415488486,sao paulo,SP
04009,-23.59134279459917,-46.63557261134677,são paulo,SP
04009,-23.587042499999995,-46.63573874999999,sao paulo,SP
04009,-23.592651361566382,-46.636368383350636,sao paulo,SP
04009,-23.592651361566382,-46.636368383350636,sao paulo,SP
04009,-23.585978515119212,-46.636376758382006,sao paulo,SP
04081,-23.607805934502824,-46.66456328559066,sao paulo,SP
04081,-23.607604886202346,-46.66514468650818,sao paulo,SP
04081,-23.610773322737817,-46.661151604214794,sao paulo,SP
04081,-23.61063055121468,-46.66148924508046,sao paulo,SP
04081,-23.609056515407662,-46.66573189203073,sao paulo,SP
04122,-23.603187216486816,-46.62096322009347,sao paulo,SP
04122,-23.602512876767282,-46.620779170003985,sao paulo,SP
04122,-23.603432081597337,-46.62101180780767,sao paulo,SP
04122,-23.604034263074446,-46.62115696725138,sao paulo,SP
04122,-23.599930190194446,-46.62280296018801,são paulo,SP
04240,-23.621965376074783,-46.58441190452422,sao paulo,SP
04240,-23.622338600229067,-46.58544097148126,sao paulo,SP
04240,-23.618355156445194,-46.58689778802972,sao paulo,SP
04240,-23.618355156445194,-46.58689778802972,sao paulo,SP
04240,-23.621965376074783,-46.58441190452422,sao paulo,SP
04251,-23.626718469902592,-46.59748992134098,sao paulo,SP
04251,-23.62360990313922,-46.598942221478474,sao paulo,SP
04251,-23.62792273688615,-46.59567407992389,sao paulo,SP
04251,-23.62497269608748,-46.59765001442672,sao paulo,SP
04251,-23.625810290417466,-46.59643126731841,sao paulo,SP
04317,-23.638742341921716,-46.63180247157553,são paulo,SP
04317,-23.64361748932419,-46.636344115182624,sao paulo,SP
04317,-23.64350238525005,-46.634524439350244,são paulo,SP
04317,-23.643231653067105,-46.63227288732753,são paulo,SP
04317,-23.642020561746254,-46.631451462808,sao paulo,SP
04634,-23.636289499855764,-46.668396222170955,sao paulo,SP
04634,-23.6400056014765,-46.67090736216671,sao paulo,SP
04634,-23.637831757977967,-46.666167841796984,sao paulo,SP
04634,-23.637806234808668,-46.66632665098963,sao paulo,SP
04634,-23.64066106038546,-46.665451950814344,sao paulo,SP
04693,-23.680178204541587,-46.69191023495291,sao paulo,SP
04693,-23.680178204541587,-46.69191023495291,sao paulo,SP
04693,-23.680178204541587,-46.69191023495291,sao paulo,SP
04693,-23.680178204541587,-46.69191023495291,sao paulo,SP
04693,-23.67913703629381,-46.691176285240495,sao paulo,SP
04809,-23.71800741300738,-46.69373021993919,são paulo,SP
04809,-23.71896736351256,-46.696707837859876,sao paulo,SP
04809,-23.71992046378896,-46.693208556754605,sao paulo,SP
04809,-23.717466858185617,-46.69348922286345,sao paulo,SP
04809,-23.719626732731207,-46.69593175243805,sao paulo,SP
04812,-23.7119191917883,-46.68725184540367,sao paulo,SP
04812,-23.7089525265096,-46.68614982866959,sao paulo,SP
04812,-23.710235510964264,-46.686181080904845,sao paulo,SP
04812,-23.71431616763806,-46.68816546058631,sao paulo,SP
04812,-23.71027179215264,-46.68660004699796,são paulo,SP
04857,-23.7836170269202,-46.683140489872436,sao paulo,SP
04857,-23.786948999999947,-46.682323999999966,sao paulo,SP
04857,-23.78015598105129,-46.698401971576935,sao paulo,SP
04857,-23.783068183738216,-46.678038674158934,sao paulo,SP
04857,-23.402086721622705,-46.74868428420567,sao paulo,SP
04913,-23.67819995337295,-46.740778559120535,sao paulo,SP
04913,-23.67916216763807,-46.739543704830055,sao paulo,SP
04913,-23.681113072162262,-46.73828898542905,sao paulo,SP
04913,-23.67944093727279,-46.73855051915857,sao paulo,SP
04913,-23.677597152374613,-46.73937936303306,são paulo,SP
05172,-23.483094883432383,-46.74297463780368,sao paulo,SP
05172,-23.47966792645274,-46.746845911045085,sao paulo,SP
05172,-23.479998956979628,-46.743863553147925,sao paulo,SP
05172,-23.482378707744246,-46.74202658895493,são paulo,SP
05172,-23.483006460839636,-46.74088532216592,sao paulo,SP
05187,-23.441845664102953,-46.75536156333384,sao paulo,SP
05187,-23.44217478573489,-46.74929358713726,sao paulo,SP
05187,-23.44744655398463,-46.75019230307579,sao paulo,SP
05187,-23.44001159683971,-46.749702004934726,sao paulo,SP
05187,-23.447301066333893,-46.753760200386644,são paulo,SP
05273,-23.4408456305819,-46.806897340964944,sao paulo,SP
05273,-23.43716562817398,-46.80438460284244,são paulo,SP
05273,-23.4408456305819,-46.806897340964944,sao paulo,SP
05273,-23.437435064718112,-46.80646279631101,sao paulo,SP
05273,-23.440463774594217,-46.80616658160571,sao paulo,SP
05351,-23.55810175353457,-46.757292045242075,sao paulo,SP
05351,-23.562628334439406,-46.75594407285476,sao paulo,SP
05351,-23.562286228980287,-46.756629995008346,sao paulo,SP
05351,-23.561205045790327,-46.75648321302436,sao paulo,SP
05351,-23.55705493559935,-46.75427190605341,são paulo,SP
05632,-23.59978147599399,-46.73530029378497,sao paulo,SP
05632,-23.595812570633065,-46.73014813419697,são paulo,SP
05632,-23.59896367055225,-46.73686013336027,sao paulo,SP
05632,-23.597548220954224,-46.73600054358834,sao paulo,SP
05632,-23.5974473389742,-46.73788482965112,são paulo,SP
05798,-23.659355714120878,-46.769626451151254,sao paulo,SP
05798,-23.655848636966944,-46.76858634901036,sao paulo,SP
05798,-23.656653094090807,-46.764750279214006,sao paulo,SP
05798,-23.658243315305047,-46.76754619319777,sao paulo,SP
05798,-23.656324641055214,-46.76704372674156,são paulo,SP
06083,-23.5432607129957,-46.7775246695713,osasco,SP
06083,-23.54182000943506,-46.78075366140564,osasco,SP
06083,-23.541408329005,-46.778652987015015,osasco,SP
06083,-23.54349421658764,-46.775631700036676,osasco,SP
06083,-23.543556696895536,-46.776950211322244,osasco,SP
06436,-23.54057364741109,-46.89094184133008,barueri,SP
06436,-23.53724283212676,-46.89000832938091,barueri,SP
06436,-23.539942931920695,-46.88676604933411,barueri,SP
06436,-23.539261211728096,-46.88603441401037,barueri,SP
06436,-23.537935155768473,-46.88622830858067,barueri,SP
06455,-23.50247657869377,-46.85563438418507,barueri,SP
06455,-23.499020577358255,-46.85014396451541,barueri,SP
06455,-23.503138396431794,-46.8276021226391,barueri,SP
06455,-23.500980557948335,-46.840507529397385,barueri,SP
06455,-23.502321925195442,-46.85066435683595,barueri,SP
06542,-23.47954358443588,-46.864162608362506,santana de parnaiba,SP
06542,-23.473069653476767,-46.87110128050261,santana de parnaiba,SP
06542,-23.481872262776157,-46.85993352252515,santana de parnaiba,SP
06542,-23.473988478158546,-46.87535087264904,santana de parnaiba,SP
06542,-23.473988478158546,-46.87535087264904,santana de parnaiba,SP
06725,-23.68679323628961,-47.02210605008242,cotia,SP
06725,-23.683226050339638,-47.02930788299983,cotia,SP
06725,-23.66260123557927,-47.07297138621315,cotia,SP
06725,-23.69530605533188,-47.019406916623474,cotia,SP
06725,-23.690731390949285,-47.02244047974193,cotia,SP
06783,-23.629611017485146,-46.78773145475794,taboao da serra,SP
06783,-23.633228891482467,-46.78538416250217,taboao da serra,SP
06783,-23.62980938412487,-46.78521747377229,taboao da serra,SP
06783,-23.632157723844394,-46.787736017485145,taboao da serra,SP
06783,-23.63222020833735,-46.78287966761813,taboao da serra,SP
06890,-23.854365356661845,-46.95453617477526,são lourenço da serra,SP
06890,-23.860636750534567,-46.95240797409068,sao lourenco da serra,SP
06890,-23.8938453024987,-46.984726736713256,sao lourenco da serra,SP
06890,-23.854311336756272,-46.94317426133911,sao lourenco da serra,SP
06890,-23.86027050389923,-46.95247456438801,sao lourenco da serra,SP
07013,-23.47058431779098,-46.523297545934554,guarulhos,SP
07013,-23.475376069103845,-46.53045514946043,guarulhos,SP
07013,-23.47058431779098,-46.523297545934554,guarulhos,SP
07013,-23.47058431779098,-46.523297545934554,guarulhos,SP
07013,-23.47058431779098,-46.523297545934554,guarulhos,SP
24742,-22.83971714365269,-42.998008539497135,sao goncalo,RJ
24742,-22.835089275290528,-43.004727092510144,sao goncalo,RJ
24742,-22.837777109194747,-43.002857205255616,sao goncalo,RJ
24742,-22.841189371240624,-42.9997104568279,sao goncalo,RJ
24742,-22.838701467063345,-43.01033866798237,sao goncalo,RJ
25720,-22.436244335022675,-43.14033841232948,petropolis,RJ
25720,-22.447623722212143,-43.142056483007444,petropolis,RJ
25720,-22.441658101698692,-43.14242059686219,petropolis,RJ
25720,-22.442717241181843,-43.13998963104317,petropolis,RJ
25720,-22.45191185350502,-43.13808888642705,petrópolis,RJ
27255,-22.51375861143172,-44.09731076533555,volta redonda,RJ
27255,-22.515679173466438,-44.094123183045745,volta redonda,RJ
27255,-22.518424676380633,-44.101904291419046,volta redonda,RJ
27255,-22.498766999999994,-44.102999249999996,volta redonda,RJ
27255,-22.49856559200358,-44.102829288803214,volta redonda,RJ
27325,-22.53608898667975,-44.16056996366771,barra mansa,RJ
27325,-22.53625653059004,-44.1462924579285,barra mansa,RJ
27325,-22.539895884997883,-44.15608624779379,barra mansa,RJ
27325,-22.539537345547906,-44.15974745392121,barra mansa,RJ
27325,-22.539895884997883,-44.15608624779379,barra mansa,RJ
28013,-21.758075963712617,-41.31263336665773,campos dos goytacazes,RJ
28013,-21.758842973072813,-41.3067537489949,campos dos goytacazes,RJ
28013,-21.767045874976432,-41.311328039931986,campos dos goytacazes,RJ
28013,-21.771661104496363,-41.31211850125874,campos dos goytacazes,RJ
28013,-21.763005558773923,-41.306181942546,campos dos goytacazes,RJ
28637,-22.044940430087998,-42.672330475205904,sumidouro,RJ
28637,-22.058777235381495,-42.6753352651214,sumidouro,RJ
28637,-22.049502216713826,-42.67464920573633,sumidouro,RJ
28637,-22.044320325619882,-42.6731568832874,sumidouro,RJ
28637,-22.044320325619882,-42.6731568832874,sumidouro,RJ
29136,-20.36486467357841,-40.42674514776132,viana,ES
29136,-20.3588634748383,-40.43344177763719,viana,ES
29136,-20.361685294041422,-40.425919139419165,viana,ES
29136,-20.361719945330943,-40.425736947819956,viana,ES
29136,-20.39086843253808,-40.47774370304408,viana,ES
29702,-19.538748926610737,-40.633104240232406,colatina,ES
29702,-19.538419249772595,-40.63924094252433,colatina,ES
29702,-19.539284329770755,-40.63393465044987,colatina,ES
29702,-19.537525219971172,-40.632376055214685,colatina,ES
29702,-19.549275267109437,-40.632578398337934,colatina,ES
30130,-19.938406212043407,-43.937022068844044,belo horizonte,MG
30130,-19.935581574239745,-43.93765190120598,belo horizonte,MG
30130,-19.93871909547579,-43.93437901387847,belo horizonte,MG
30130,-19.92783195559465,-43.93130196779968,belo horizonte,MG
30130,-19.938164186508182,-43.936958010560225,belo horizonte,MG
30492,-19.96962458174156,-43.967921871371594,belo horizonte,MG
30492,-19.967332369409686,-43.96753997919663,belo horizonte,MG
30492,-19.968267606020778,-43.96682275956569,belo horizonte,MG
30492,-19.967783888424044,-43.968831495152564,belo horizonte,MG
30492,-19.96909207354725,-43.96798307467242,belo horizonte,MG
30820,-19.9085515567546,-43.99610515805876,belo horizonte,MG
30820,-19.902963478763947,-44.00220143158864,belo horizonte,MG
30820,-19.90227541019311,-43.99488984633147,belo horizonte,MG
30820,-19.911879245785872,-43.994706384358324,belo horizonte,MG
30820,-19.906728684978972,-43.99290270898498,belo horizonte,MG
31050,-19.900238441628133,-43.903489639426446,belo horizonte,MG
31050,-19.901974734952905,-43.90038942423104,belo horizonte,MG
31050,-19.897120477378966,-43.896916105603346,belo horizonte,MG
31050,-19.898701322522847,-43.90374570635927,belo horizonte,MG
31050,-19.89696749792252,-43.89500204440535,belo horizonte,MG
31170,-19.881438098245752,-43.91679121149515,belo horizonte,MG
31170,-19.887770901754237,-43.921303653211325,belo horizonte,MG
31170,-19.888801406890135,-43.92117948291889,belo horizonte,MG
31170,-19.88212432944775,-43.91951021677528,belo horizonte,MG
31170,-19.887039471550583,-43.91923276879801,belo horizonte,MG
31330,-19.87964344047544,-44.003708868313176,belo horizonte,MG
31330,-19.879796406004985,-43.992104806435016,belo horizonte,MG
31330,-19.87191897945644,-43.99832061948181,belo horizonte,MG
31330,-19.880846424086823,-43.99299214115054,belo horizonte,MG
31330,-19.87014212268445,-43.99543071288013,belo horizonte,MG
37120,-21.54470587015242,-45.73121311833969,paraguacu,MG
37120,-21.55090204433191,-45.73714413352177,paraguacu,MG
37120,-21.54517887450617,-45.7467500461944,paraguacu,MG
37120,-21.560069118644574,-45.730916836252945,paraguacu,MG
37120,-21.560218775903518,-45.73086482123002,paraguacu,MG
37165,-21.112446198213934,-45.83234349689595,campo do meio,MG
37165,-21.111219146346837,-45.82797414395877,campo do meio,MG
37165,-21.110351843686892,-45.82803131384117,campo do meio,MG
37165,-21.11117009152097,-45.82786651481879,campo do meio,MG
37165,-21.109563163899274,-45.831899450234594,campo do meio,MG
39260,-17.59120659545943,-44.73106591920448,varzea da palma,MG
39260,-17.59682192570487,-44.72421222450962,varzea da palma,MG
39260,-17.59581957510596,-44.726680060782165,varzea da palma,MG
39260,-17.597767004491967,-44.73048599814201,varzea da palma,MG
39260,-17.58971532849688,-44.73618270315449,varzea da palma,MG
39404,-16.682043505353082,-43.8286815604386,montes claros,MG
39404,-16.716152105066108,-43.8292909096981,montes claros,MG
39404,-16.704504628916858,-43.83593760574757,montes claros,MG
39404,-16.699482597553267,-43.84833715445209,montes claros,MG
39404,-16.706133879277434,-43.83432698779497,montes claros,MG
41200,-12.94904576369769,-38.45839637121851,salvador,BA
41200,-12.952461887058618,-38.46638164041612,salvador,BA
41200,-12.950705294891529,-38.4572207626456,salvador,BA
41200,-12.916414603802536,-38.46822863889259,salvador,BA
41200,-12.949769982476026,-38.45824495619008,salvador,BA
41680,-12.953708717179298,-38.395557743551244,salvador,BA
41680,-12.95366935914103,-38.39823391531645,salvador,BA
41680,-12.950272776768797,-38.39475825407012,salvador,BA
41680,-12.954319997363006,-38.40053362894432,salvador,BA
41680,-12.956739516244392,-38.40611387968148,salvador,BA
45000,-14.850040620318518,-40.841375171100495,vitoria da conquista,BA
45000,-14.855197924231046,-40.83916347071387,vitoria da conquista,BA
45000,-14.84978622865235,-40.84453683577515,vitória da conquista,BA
45000,-14.85532999999998,-40.84123999999997,vitória da conquista,BA
45000,-14.856769204534526,-40.846775756157435,vitoria da conquista,BA
45605,-14.793752105747567,-39.2675045405102,itabuna,BA
45605,-14.7920936128167,-39.270908426164276,itabuna,BA
45605,-14.791091343326212,-39.26883606272721,itabuna,BA
45605,-14.7920936128167,-39.270908426164276,itabuna,BA
45605,-14.79050819816495,-39.26835019441403,itabuna,BA
45620,-15.08331747116175,-39.33873292631313,são josé da vitória,BA
45620,-15.077539254327043,-39.33610402092656,sao jose da vitoria,BA
45620,-15.082327489999658,-39.33695014314285,sao jose da vitoria,BA
45620,-15.101912999999946,-39.354784999999964,sao jose da vitoria,BA
45620,-15.08356038800783,-39.33920665498374,são josé da vitória,BA
45651,-14.789000770292926,-39.04466706181576,ilheus,BA
45651,-14.782691424126316,-39.045895446588716,ilheus,BA
45651,-14.785197908139583,-39.04062606286768,ilheus,BA
45651,-14.783942607634359,-39.04641970986304,ilheus,BA
45651,-14.785593144579424,-39.04133293637301,ilheus,BA
46100,-14.21009227483139,-41.68123821749442,brumado,BA
46100,-14.201627055010158,-41.66814325134338,brumado,BA
46100,-14.201174353304866,-41.67309633291148,brumado,BA
46100,-14.202300111538257,-41.6588114552178,brumado,BA
46100,-14.206327924343618,-41.665526181869616,brumado,BA
49047,-10.9268145,-37.07106300000001,aracaju,SE
49047,-11.070231246999981,-37.14611950799997,aracaju,SE
49047,-10.9294785,-37.06971974999999,aracaju,SE
49047,-10.9294785,-37.06971974999999,aracaju,SE
49047,-10.941077598389981,-37.07744261596203,aracaju,SE
53090,-7.9548562975358825,-34.85269814195861,olinda,PE
53090,-7.955898416669515,-34.85214365971817,olinda,PE
53090,-7.962808116574278,-34.847662073241985,olinda,PE
53090,-7.960650463323777,-34.84893275241777,olinda,PE
53090,-7.962326791444776,-34.85530133370274,olinda,PE
53140,-7.978971512306262,-34.84598183928832,olinda,PE
53140,-7.980316806538256,-34.83867078267646,olinda,PE
53140,-7.974429947256109,-34.841306577846424,olinda,PE
53140,-7.977962290991978,-34.83865599357185,olinda,PE
53140,-7.976020106584299,-34.83927805799536,olinda,PE
53370,-7.99806805329215,-34.860134058428045,olinda,PE
53370,-7.994688485429051,-34.865002341104514,olinda,PE
53370,-7.987147788703817,-34.85864761335003,olinda,PE
53370,-7.997014677991536,-34.85902627652944,olinda,PE
53370,-7.992182597841717,-34.86490510698833,olinda,PE
54450,-8.198545117404331,-34.91841835152051,jaboatao dos guararapes,PE
54450,-8.209697172347527,-34.92744811081161,jaboatao dos guararapes,PE
54450,-8.206394238963606,-34.91806728310917,jaboatão dos guararapes,PE
54450,-8.202841936691895,-34.921637755173265,jaboatao dos guararapes,PE
54450,-8.198378543056588,-34.918368310906914,jaboatao dos guararapes,PE
55400,-8.670113637362366,-35.724458127981634,catende,PE
55400,-8.669575678483309,-35.723012686160196,catende,PE
55400,-8.666927905590663,-35.72340882173077,catende,PE
55400,-8.669824145464844,-35.728342663718735,catende,PE
55400,-8.67178782124503,-35.728566891037836,catende,PE
58220,-6.755011128517376,-35.63785855710437,bananeiras,PB
58220,-6.692627999999946,-35.58939199999995,bananeiras,PB
58220,-6.762529692512082,-35.6299712525721,bananeiras,PB
58220,-6.744022771431143,-35.63027214811556,bananeiras,PB
58220,-6.745633936420457,-35.6324658675403,bananeiras,PB
58735,-7.221873290738942,-37.2561706673487,teixeira,PB
58735,-7.2234628616286525,-37.24923866674867,teixeira,PB
58735,-7.222827888346696,-37.25301112900399,teixeira,PB
58735,-7.219956274613125,-37.25249244507736,teixeira,PB
58735,-7.223903279038193,-37.25554062434701,teixeira,PB
60320,-3.727902784537524,-38.560445470261314,fortaleza,CE
60320,-3.729637728836056,-38.55924703052688,fortaleza,CE
60320,-3.732417858733884,-38.560136081597335,fortaleza,CE
60320,-3.7208981210110164,-38.55751037607479,fortaleza,CE
60320,-3.727556902883064,-38.567147428089115,fortaleza,CE
60714,-3.7843448809960996,-38.5553648112696,fortaleza,CE
60714,-3.784751135806025,-38.55319306560992,fortaleza,CE
60714,-3.783248374335261,-38.55760633267792,fortaleza,CE
60714,-3.788974760199665,-38.548559304749226,fortaleza,CE
60714,-3.7818176122684384,-38.56195976533556,fortaleza,CE
62170,-3.9039954750463117,-40.74463854634254,mucambo,CE
62170,-3.9055687561400174,-40.746763639712746,mucambo,CE
62170,-3.905608711391806,-40.74519213417545,mucambo,CE
62170,-3.90660470492344,-40.74882811569786,mucambo,CE
62170,-3.899695288301083,-40.74918686411864,mucambo,CE
64235,-3.4733519871885465,-41.552137731754726,cocal,PI
64235,-3.4724015506259573,-41.55757508711202,cocal,PI
64235,-3.46843911024825,-41.55086298977217,cocal,PI
64235,-3.4730039940168718,-41.5591668873995,cocal,PI
64235,-3.4718196611300614,-41.55287834187967,cocal,PI
65055,-2.5766328409602717,-44.2395996386404,sao luis,MA
65055,-2.517033286564302,-44.30362943565242,sao luis,MA
65055,-2.5704421852998816,-44.23206056961916,sao luis,MA
65055,-2.5571206100467387,-44.25565100291419,sao luis,MA
65055,-2.567739237578624,-44.27447944310118,sao luis,MA
68590,-4.451447337561674,-49.1179173853258,jacunda,PA
68590,-4.612493999999945,-49.18279399999996,jacunda,PA
68590,-4.450035403559286,-49.12038559644071,jacunda,PA
68590,-4.443276529677664,-49.121084628646756,jacundá,PA
68590,-4.448500979979766,-49.10882239785748,jacunda,PA
69980,-7.6311077241324385,-72.66670554881472,cruzeiro do sul,AC
69980,-7.621789362010891,-72.6749164255837,cruzeiro do sul,AC
69980,-7.623543320818967,-72.68845640699374,cruzeiro do sul,AC
69980,-7.637842143139911,-72.67189720263715,cruzeiro do sul,AC
69980,-7.611413223505624,-72.67961373891804,cruzeiro do sul,AC
32450,-20.042973537462803,-44.14431790817472,sarzedo,MG
32450,-20.033494990764492,-44.156277993650576,sarzedo,MG
32450,-20.050613454470177,-44.134139430378305,sarzedo,MG
32450,-20.0274882848222,-44.14360335165677,sarzedo,MG
32450,-20.03213595617769,-44.119342518008864,sarzedo,MG
33025,-19.76732689042165,-43.843401092963724,santa luzia,MG
33025,-19.77523080201376,-43.84904911990497,santa luzia,MG
33025,-19.77535996171886,-43.87558621386496,santa luzia,MG
33025,-19.773710860477063,-43.84874491491927,santa luzia,MG
33025,-19.78173628071287,-43.84874907835775,santa luzia,MG
35485,-20.290014318778837,-44.33570966894638,rio manso,MG
35485,-20.26649094855988,-44.31085522581854,rio manso,MG
35485,-20.265615560783726,-44.308880188453486,rio manso,MG
35485,-20.264191302502663,-44.31000440253871,rio manso,MG
35485,-20.263249886931415,-44.30903057925837,rio manso,MG
35545,-19.956996833557923,-45.07394912215463,perdigao,MG
35545,-19.952534858920565,-45.07939861932405,perdigao,MG
35545,-21.128668714626418,-44.24194402046569,perdigao,MG
35545,-19.954335366724663,-45.06769209497351,perdigão,MG
35545,-19.95487165745348,-45.09142521545055,perdigão,MG
35700,-19.46361254830593,-44.24441403023008,sete lagoas,MG
35700,-19.47368682909056,-44.2523725467102,sete lagoas,MG
35700,-19.446041138705475,-44.25971760711331,sete lagoas,MG
35700,-19.46643946813646,-44.254933637588316,sete lagoas,MG
35700,-19.47778438318715,-44.250424885623076,sete lagoas,MG
36309,-21.141743647238727,-44.267275424923525,sao joao del rei,MG
36309,-21.14057265213401,-44.273317787364235,são joão del rei,MG
36309,-21.145645005828385,-44.2733926537596,sao joao del rei,MG
36309,-21.13971763812646,-44.26398272130852,sao joao del rei,MG
36309,-21.24304125765394,-44.41835844205018,sao joao del rei,MG
36500,-21.114029662725354,-42.95018916434201,uba,MG
36500,-21.132159241463153,-42.941271914671134,uba,MG
36500,-21.12741482114191,-42.94384888787089,uba,MG
36500,-21.12043334360676,-42.94018194974676,uba,MG
36500,-21.119945103553455,-42.938301392700296,uba,MG
36830,-20.65122896996949,-41.90382330930825,espera feliz,MG
36830,-20.65576938926442,-41.909461620004116,espera feliz,MG
36830,-20.642974550401572,-41.91407994074552,espera feliz,MG
36830,-20.65194389237215,-41.90813334591279,espera feliz,MG
36830,-20.568633701607745,-41.836297870847304,espera feliz,MG
37175,-20.944705621834668,-45.82709818233235,ilicinea,MG
37175,-20.942214788446364,-45.829327176352606,ilicinea,MG
37175,-20.945366562866614,-45.82767427119441,ilicinea,MG
37175,-20.936072552019798,-45.83203366253341,ilicinea,MG
37175,-20.93753114462208,-45.82777361462586,ilicinea,MG
37880,-21.471604320933167,-46.39765503287726,cabo verde,MG
37880,-21.47369766318088,-46.39655585443064,cabo verde,MG
37880,-21.47369766318088,-46.39655585443064,cabo verde,MG
37880,-21.47437915386265,-46.39041462185033,cabo verde,MG
37880,-21.477634734242194,-46.38951219538137,cabo verde,MG
38051,-19.76568365621507,-47.88917987807443,uberaba,MG
38051,-19.75852105329215,-47.98351170330083,uberaba,MG
38051,-19.753950132667782,-47.991561129609366,uberaba,MG
38051,-19.759935656673793,-47.98521695697963,uberaba,MG
38051,-19.754330311962605,-47.99215946142302,uberaba,MG
38705,-18.59092719007979,-46.48825970876902,patos de minas,MG
38705,-18.59954701691265,-46.50897660949675,patos de minas,MG
38705,-18.595278550574,-46.507644264300474,patos de minas,MG
38705,-18.593176438454158,-46.511878016190884,patos de minas,MG
38705,-18.59048195856361,-46.50920693259783,patos de minas,MG
38706,-18.61487175547595,-46.504639403393725,patos de minas,MG
38706,-18.61717270844776,-46.508079955081975,patos de minas,MG
38706,-18.61324182008666,-46.49955728465711,patos de minas,MG
38706,-18.611610207585,-46.51132739558666,patos de minas,MG
38706,-18.612003218441142,-46.503786257455076,patos de minas,MG
39750,-18.675212036929086,-43.084005108826936,sabinopolis,MG
39750,-18.665298,-43.08358196432521,sabinopolis,MG
39750,-18.665872898254705,-43.08269598886009,sabinopolis,MG
39750,-18.66183259686379,-43.0760888587063,sabinopolis,MG
39750,-18.665026140528003,-43.082296652466,sabinopolis,MG
39801,-17.851690337506167,-41.49361034261445,teofilo otoni,MG
39801,-17.847297543621806,-41.486326884413174,teófilo otoni,MG
39801,-17.856102406002478,-41.48601628634885,teofilo otoni,MG
39801,-17.86874801312191,-41.48920945970019,teofilo otoni,MG
39801,-17.853492458369466,-41.48618112340899,teofilo otoni,MG
41740,-12.95671224530958,-38.40792767251398,salvador,BA
41740,-12.95671224530958,-38.40792767251398,salvador,BA
41740,-12.95671224530958,-38.40792767251398,salvador,BA
41740,-12.968491960931972,-38.4174925546168,salvador,BA
41740,-12.96220484345684,-38.40909609111157,salvador,BA
42700,-12.879225388531205,-38.29339205549424,lauro de freitas,BA
42700,-12.872188006790148,-38.29438608818308,lauro de freitas,BA
42700,-12.868465976686478,-38.30178966180969,lauro de freitas,BA
42700,-12.882023528449407,-38.31451423175025,lauro de freitas,BA
42700,-12.876570626783733,-38.28449760846147,lauro de freitas,BA
44600,-12.157899638207386,-39.7404365008309,ipira,BA
44600,-12.159184463625946,-39.73985546362594,ipira,BA
44600,-12.156511499999997,-39.746123999999995,ipira,BA
44600,-12.154652921752735,-39.73892661681889,ipira,BA
44600,-12.154840025969381,-39.738682858859974,ipira,BA
48355,-11.716065903961772,-38.227774780029016,apora,BA
48355,-11.720562650666556,-38.22460325413346,itamira,BA
48355,-19.618182878064417,-43.21145923976102,itamira,BA
48355,-14.312003761351242,-39.321061292374004,itamira,BA
48355,-11.722733371855641,-38.229237783342676,itamira,BA
48602,-9.40277511689584,-38.21976438394056,paulo afonso,BA
48602,-9.401199593953027,-38.221287706847114,paulo afonso,BA
48602,-9.401746561986654,-38.219554077607775,paulo afonso,BA
48602,-9.402032877782966,-38.22269622424378,paulo afonso,BA
48602,-9.401344635268119,-38.221785651642904,paulo afonso,BA
49480,-10.745473500000003,-37.79926425000001,simao dias,SE
49480,-10.740922540170057,-37.794677443791194,simao dias,SE
49480,-10.739933977473328,-37.810610748831394,simao dias,SE
49480,-10.741711499999997,-37.80977174999998,simão dias,SE
49480,-10.74089306178758,-37.81227328291914,simao dias,SE
56328,-9.400220802682254,-40.49010877826116,petrolina,PE
56328,-9.399810479860463,-40.48898977782902,petrolina,PE
56328,-9.40224661864508,-40.491247787956574,petrolina,PE
56328,-9.39323444214888,-40.482872947544564,petrolina,PE
56328,-9.379250528997673,-40.490800658895495,petrolina,PE
56640,-8.093576009155354,-37.65041050065395,custodia,PE
56640,-8.082526635024085,-37.64055392172989,custodia,PE
56640,-8.089286983808934,-37.63443174041172,custodia,PE
56640,-8.087633131440032,-37.63967853520759,custodia,PE
56640,-8.087345817887735,-37.63794097229608,custodia,PE
58701,-7.038870942170222,-37.28184148590845,patos,PB
58701,-7.031914637571916,-37.286171407584916,patos,PB
58701,-7.037370710401593,-37.30161380880518,patos,PB
58701,-7.036242458501948,-37.284863729204694,patos,PB
58701,-7.038870942170222,-37.28184148590845,patos,PB
60861,-3.8240501242527194,-38.543356322554,fortaleza,CE
60861,-3.812466709129216,-38.523166323071095,fortaleza,CE
60861,-3.8140522379103605,-38.52270274664731,fortaleza,CE
60861,-3.797660807663426,-38.51712947668648,fortaleza,CE
60861,-3.8415174974384803,-38.50979209825334,fortaleza,CE
63113,-7.231421210919773,-39.415734177271844,crato,CE
63113,-7.2266828522149265,-39.41794215814039,crato,CE
63113,-7.23730231083608,-39.41859489018753,crato,CE
63113,-7.232360478782177,-39.42346499728489,crato,CE
63113,-7.230413999999946,-39.41848699999997,crato,CE
63900,-4.967781372167556,-39.01222456389431,quixada,CE
63900,-4.969291505137791,-39.01429872968609,quixada,CE
63900,-4.973630520101437,-39.018356760457415,quixada,CE
63900,-4.966847221999709,-39.01617581675487,quixada,CE
63900,-4.96636747755287,-39.0329767254826,quixada,CE
64218,-2.9154275767192086,-41.775096523364724,parnaiba,PI
64218,-2.907840520849858,-41.78249654592156,parnaiba,PI
64218,-2.919645994257636,-41.769771796584344,parnaiba,PI
64218,-2.9222752159355965,-41.775516260896524,parnaíba,PI
64218,-2.9150015896391968,-41.776078015021746,parnaiba,PI
64606,-7.080297767815511,-41.41679479664622,picos,PI
64606,-7.089908381453384,-41.402071295856764,picos,PI
64606,-7.080297767815511,-41.41679479664622,picos,PI
64606,-7.088020642243812,-41.40331028488176,picos,PI
67130,-1.3656635515649305,-48.41030794253792,ananindeua,PA
67130,-1.3727825991312557,-48.40497955791657,ananindeua,PA
67130,-1.3669052478471044,-48.404696752152894,ananindeua,PA
67130,-1.368329324550478,-48.41485255540742,ananindeua,PA
67130,-1.3682433946628345,-48.415017877039084,ananindeua,PA
70773,-15.739123499999994,-47.893499999999996,brasilia,DF
70773,-15.738367500000004,-47.89473975,brasilia,DF
70773,-15.7391235,-47.894487749999996,brasilia,DF
70773,-15.737859,-47.89438424999999,brasilia,DF
70773,-15.73795474947954,-47.8973382056443,brasilia,DF
71931,-15.83612305024187,-48.04018517722967,brasília,DF
71931,-15.837411330618202,-48.03852597444085,brasília,DF
71931,-15.83612305024187,-48.04018517722967,brasilia,DF
71931,-15.837411330618202,-48.03852597444085,brasilia,DF
71931,-15.83756847071386,-48.03971246448146,brasília,DF
72015,-15.840667480274698,-48.051942900348365,brasília,DF
72015,-15.838648121555506,-48.05532734844216,brasilia,DF
72015,-15.839262642490038,-48.05447774951785,brasilia,DF
72015,-15.833625756394243,-48.05311331669846,brasilia,DF
72015,-15.84158617832511,-48.05025321133005,brasilia,DF
74333,-16.7130367660346,-49.301276282905754,goiania,GO
74333,-16.713710553916147,-49.30165913987802,goiânia,GO
74333,-16.712219628197083,-49.3055537924469,goiania,GO
74333,-16.71487270829443,-49.299647740833734,goiania,GO
74333,-16.720647798841057,-49.30350500214669,goiania,GO
74475,-16.611423851430057,-49.34822160263092,goiânia,GO
74475,-16.615415757123277,-49.318998651865265,goiania,GO
74475,-16.5969585,-49.320688499999996,goiania,GO
74475,-16.59620283511642,-49.308810448985206,goiania,GO
74475,-16.606008443382308,-49.32866638290452,goiania,GO
74620,-16.66460157672196,-49.22295154031332,goiânia,GO
74620,-16.65899323194164,-49.223297172420565,goiânia,GO
74620,-16.668329842666463,-49.22907472213878,goiania,GO
74620,-16.668329842666463,-49.22907472213878,goiania,GO
74620,-16.667726875008118,-49.22769769373741,goiania,GO
75920,-17.807820548629415,-50.58607733497386,santa helena de goias,GO
75920,-17.80690499343531,-50.57753462665891,santa helena de goias,GO
75920,-17.815116609659004,-50.59582940501884,santa helena de goias,GO
75920,-17.811153679908106,-50.58917951958801,santa helena de goias,GO
75920,-17.823223779600195,-50.590354283887734,santa helena de goiás,GO
76330,-15.746782747145033,-49.33373045721407,jaragua,GO
76330,-15.739998741661209,-49.326141223130556,jaraguá,GO
76330,-15.723453934627063,-49.33201451937041,jaragua,GO
76330,-15.75736365612535,-49.333680362594734,jaragua,GO
76330,-15.780241715448234,-49.30604036921413,jaraguá,GO
76958,-11.726854003053392,-62.326068505717735,nova brasilandia d'oeste,RO
76958,-11.733604316742264,-62.30914859969057,nova brasilandia d'oeste,RO
76958,-11.7252272753155,-62.332311711562284,nova brasilandia doeste,RO
76958,-11.732150986851885,-62.32056502232966,nova brasilândia d'oeste,RO
76958,-11.72150666872345,-62.30819889904137,nova brasilandia d'oeste,RO
78015,-15.610560168573551,-56.09593096965,cuiaba,MT
78015,-15.613531196339023,-56.087789337877076,cuiabá,MT
78015,-15.607666442253613,-56.09656368763597,cuiaba,MT
78015,-15.614215711603741,-56.09100506279659,cuiaba,MT
78015,-15.61138206772439,-56.0868406862292,cuiaba,MT
78643,-12.361718999999947,-52.59058549999996,querencia,MT
78643,-12.58703844112544,-52.21686562167408,querencia,MT
78643,-12.361718999999947,-52.59058549999996,querencia,MT
78643,-12.60678545418654,-52.203052944562515,querencia,MT
78643,-12.361718999999947,-52.59058549999996,querencia,MT
79603,-20.79387574510401,-51.702033845726945,tres lagoas,MS
79603,-20.782938198919116,-51.697035666400474,tres lagoas,MS
79603,-20.79146232768965,-51.69979469534105,tres lagoas,MS
79603,-20.795382806622417,-51.69271793922871,tres lagoas,MS
79603,-20.798601200088928,-51.69581827254601,tres lagoas,MS
81130,-25.511232478215682,-49.30311141618097,curitiba,PR
81130,-25.5025437393829,-49.302746005829434,curitiba,PR
81130,-25.50433567055225,-49.30102443741702,curitiba,PR
81130,-25.502485452680457,-49.3001412485429,curitiba,PR
81130,-25.508530477927227,-49.30127175437127,curitiba,PR
81210,-25.4439745033258,-49.32947681717858,curitiba,PR
81210,-25.44638223925207,-49.3359700963125,curitiba,PR
81210,-25.449630853165292,-49.32797753635527,curitiba,PR
81210,-25.441993801835046,-49.33544247016561,curitiba,PR
81210,-25.454473502077473,-49.3383284207686,curitiba,PR
01123,-23.529307180131543,-46.63490526351788,sao paulo,SP
01123,-23.529341787119865,-46.63498224369548,são paulo,SP
01123,-23.529671716631043,-46.63543928504239,são paulo,SP
01123,-23.53052726172887,-46.637837727999354,sao paulo,SP
01123,-23.529525297795686,-46.635743247706166,sao paulo,SP
01330,-23.556817623925213,-46.64986083625707,sao paulo,SP
01330,-23.558617456287138,-46.64971032514858,sao paulo,SP
01330,-23.55684048542905,-46.64980217485141,são paulo,SP
01330,-23.558617456287138,-46.64971032514858,sao paulo,SP
01330,-23.55772223397196,-46.64973264210283,sao paulo,SP
02324,-23.44494010130417,-46.58752792131685,sao paulo,SP
02324,-23.446764574308432,-46.58467261576244,sao paulo,SP
02324,-23.444947361648065,-46.587129401610014,são paulo,SP
02324,-23.44666933749782,-46.58665187815227,sao paulo,SP
02324,-23.4419722142798,-46.58844261977268,sao paulo,SP
02372,-23.45903597238433,-46.623704148839465,são paulo,SP
02372,-23.457982966414697,-46.622838415488474,sao paulo,SP
02372,-23.459561832361942,-46.622026121011004,sao paulo,SP
02372,-23.45855628310916,-46.62461087039064,sao paulo,SP
02372,-23.459030193173287,-46.62548344561134,sao paulo,SP
02473,-23.478324496249083,-46.652201413266766,são paulo,SP
02473,-23.47665338718329,-46.652072621011,sao paulo,SP
02473,-23.479315962259747,-46.65152011656762,sao paulo,SP
02473,-23.476075962808014,-46.650875050233715,são paulo,SP
02473,-23.47773754731954,-46.65189982944776,sao paulo,SP
02724,-23.49943950874986,-46.683774043813756,sao paulo,SP
02724,-23.497480037191988,-46.68127599194992,são paulo,SP
02724,-23.496480303912524,-46.680911145853734,sao paulo,SP
02724,-23.500123332970965,-46.68184309114857,sao paulo,SP
02724,-23.49728849125742,-46.68180915015293,sao paulo,SP
02976,-23.47287769386577,-46.71560541257429,sao paulo,SP
02976,-23.47255598834323,-46.71555988343237,sao paulo,SP
02976,-23.470696121011013,-46.71445268443071,sao paulo,SP
02976,-23.47259198834324,-46.71556340896759,sao paulo,SP
02976,-23.475898927837733,-46.71760170996594,sao paulo,SP
02992,-23.449117442408678,-46.725090815021034,sao paulo,SP
02992,-23.45203826089342,-46.72747772111313,sao paulo,SP
02992,-23.449162013041736,-46.72825077976229,sao paulo,SP
02992,-23.448463742714523,-46.727001952824686,sao paulo,SP
02992,-23.448003768249745,-46.72790442062438,sao paulo,SP
03069,-23.535964728836067,-46.56487377462638,sao paulo,SP
03069,-23.53564334776961,-46.56504121094687,sao paulo,SP
03069,-23.53546608243405,-46.56601996378897,sao paulo,SP
03069,-23.535964728836067,-46.56487377462638,são paulo,SP
03069,-23.534574443793666,-46.56500112031852,sao paulo,SP
03167,-23.55487039661836,-46.5943762934965,são paulo,SP
03167,-23.55686641687345,-46.59108313627445,sao paulo,SP
03167,-23.55679656928062,-46.5914405844863,são paulo,SP
03167,-23.55483035276127,-46.59435483014022,sao paulo,SP
03167,-23.55483035276127,-46.59435483014022,sao paulo,SP
03210,-23.601764863046306,-46.54785125728302,sao paulo,SP
03210,-23.601201453517177,-46.54908781571352,sao paulo,SP
03210,-23.59626562975359,-46.55858793949449,sao paulo,SP
03210,-23.596638223151917,-46.555390780743224,sao paulo,SP
03210,-23.601201453517177,-46.54908781571352,sao paulo,SP
03504,-23.53877907744238,-46.536485668330556,sao paulo,SP
03504,-23.53760453067111,-46.538411154596325,sao paulo,SP
03504,-23.53997990230251,-46.53749137898899,sao paulo,SP
03504,-23.534706300305842,-46.53897472883605,sao paulo,SP
03504,-23.539297882595665,-46.53936749639331,sao paulo,SP
03622,-23.52063952525574,-46.52037802525573,sao paulo,SP
03622,-23.521077000000005,-46.52035251832185,sao paulo,SP
03622,-23.519012997352753,-46.51876272739936,sao paulo,SP
03622,-23.521928301690828,-46.518957759507174,sao paulo,SP
03622,-23.52139747474427,-46.52037802525573,sao paulo,SP
03872,-23.512538179294822,-46.501081124617684,sao paulo,SP
03872,-23.512534016725276,-46.501049539944844,sao paulo,SP
03872,-23.5123069977783,-46.50033379961334,são paulo,SP
03908,-23.585081427145237,-46.508650575076445,sao paulo,SP
03908,-23.580624719401,-46.505061906053406,são paulo,SP
03908,-23.58499045268047,-46.50679282944773,sao paulo,SP
03908,-23.58445146932889,-46.50878476311385,sao paulo,SP
03908,-23.582174008050085,-46.50555958312654,são paulo,SP
03933,-23.593607528449407,-46.50245627032721,sao paulo,SP
03933,-23.584669931444413,-46.494979863033045,sao paulo,SP
03933,-23.591366916180974,-46.50175192284606,sao paulo,SP
03933,-23.583430697472455,-46.502034244243724,sao paulo,SP
03933,-23.58275942714523,-46.49996057216228,sao paulo,SP
04006,-23.57617769248079,-46.64666288773154,sao paulo,SP
04006,-23.576187724018897,-46.64419128352919,sao paulo,SP
04006,-23.577868844566954,-46.64819218013155,sao paulo,SP
04006,-23.576975088810695,-46.64882046725142,sao paulo,SP
04006,-23.578980998615016,-46.649423619481816,sao paulo,SP
04114,-23.585207510964263,-46.623343500000004,são paulo,SP
04114,-23.58842193533955,-46.62238883458363,são paulo,SP
04114,-23.585789514570948,-46.625522170552244,sao paulo,SP
04114,-23.58582745268046,-46.62506182944773,sao paulo,SP
04114,-23.585207510964263,-46.62346049999999,sao paulo,SP
04162,-23.62662913572619,-46.60440844823705,são paulo,SP
04162,-23.623437300305838,-46.608773657510504,são paulo,SP
04162,-23.628307138496154,-46.60986297737895,sao paulo,SP
04162,-23.62652390742832,-46.60746460670287,sao paulo,SP
04162,-23.627676172882026,-46.61174801196039,sao paulo,SP
04301,-23.63752780462531,-46.62718011613064,são paulo,SP
04301,-23.630359578683144,-46.62764080154658,são paulo,SP
04301,-23.621224452680462,-46.63323419608747,são paulo,SP
04301,-23.620899551762932,-46.63578049417163,sao paulo,SP
04301,-23.61994499639331,-46.63799254010618,sao paulo,SP
04310,-23.631559910352593,-46.6425834888915,sao paulo,SP
04310,-23.634042832073476,-46.63972213211952,sao paulo,SP
04310,-23.63181191035258,-46.64258303274858,sao paulo,SP
04310,-23.633504591176624,-46.64234018388246,sao paulo,SP
04310,-23.63163788751634,-46.63978985501498,sao paulo,SP
04346,-23.64036523446758,-46.65212213182845,sao paulo,SP
04346,-23.640597534826057,-46.652701148767925,sao paulo,SP
04346,-23.645424740492818,-46.658986396618346,são paulo,SP
04346,-23.63889877629982,-46.64957255398462,sao paulo,SP
04346,-23.639849350539567,-46.64476396641471,sao paulo,SP
04362,-23.620762935797437,-46.71974028973314,são paulo,SP
04362,-23.64645316564389,-46.66995830987091,sao paulo,SP
04362,-23.64618916403138,-46.669201878988986,sao paulo,SP
04362,-23.646435149604653,-46.669708886202336,sao paulo,SP
04362,-23.64448712519462,-46.67028742700101,são paulo,SP
04365,-23.666436408909707,-46.65554725086943,sao paulo,SP
04365,-23.675678235356933,-46.642113953921196,são paulo,SP
04365,-23.674817849127937,-46.64249582575024,sao paulo,SP
04365,-23.66501542081228,-46.65869725004074,sao paulo,SP
04365,-23.67904513682271,-46.64035918483475,sao paulo,SP
04444,-23.688011001933244,-46.688610217583324,sao paulo,SP
04444,-23.690036085752265,-46.68683819204811,sao paulo,SP
04444,-23.690036085752265,-46.68683819204811,sao paulo,SP
04444,-23.687420878152263,-46.68910837079468,sao paulo,SP
04444,-23.691733849200972,-46.685711974462706,sao paulo,SP
04716,-23.631620699694153,-46.70328736733222,sao paulo,SP
04716,-23.63024770191586,-46.69920256702636,sao paulo,SP
04716,-23.628349907294165,-46.708848429915186,são paulo,SP
04716,-23.62837739799953,-46.70872906162649,são paulo,SP
04716,-23.632345016100153,-46.70217521218765,sao paulo,SP
04773,-23.681542547319527,-46.70780575451552,sao paulo,SP
04773,-23.684055579519857,-46.708122091032386,sao paulo,SP
04773,-23.681475366639727,-46.706378961423034,sao paulo,SP
04773,-23.679123443245405,-46.70975184485541,sao paulo,SP
04773,-23.684001579519865,-46.7080725910324,sao paulo,SP
04850,-23.746252526227707,-46.677001782820696,são paulo,SP
04850,-23.750070097544587,-46.68263438843973,sao paulo,SP
04850,-23.752262059763435,-46.67853408038364,sao paulo,SP
04850,-23.752557922009345,-46.67924240022503,sao paulo,SP
04850,-23.749669729384326,-46.67685045406543,sao paulo,SP
04865,-23.813379000000005,-46.70917524951517,sao paulo,SP
04865,-23.785675171810386,-46.71600671782812,sao paulo,SP
04865,-23.813379000000005,-46.70917524951517,sao paulo,SP
04865,-23.777668604745077,-46.72047075559483,sao paulo,SP
04865,-23.785777361648076,-46.71071715015293,sao paulo,SP
05125,-23.50739523980033,-46.74054093839796,sao paulo,SP
05125,-23.496899900483427,-46.740116450033874,sao paulo,SP
05125,-23.49980758006812,-46.73472386955393,sao paulo,SP
05125,-23.506333554532898,-46.73968023980032,sao paulo,SP
05125,-23.50184498528482,-46.737631467107185,sao paulo,SP
05468,-23.539349147931222,-46.71762183680533,sao paulo,SP
05468,-23.53768337246811,-46.71850662392521,sao paulo,SP
05468,-23.537616517888445,-46.71859446897672,são paulo,SP
05468,-23.539079399936572,-46.713892547319524,são paulo,SP
05468,-23.539811070777283,-46.714312136418684,sao paulo,SP
05570,-23.604797426629368,-46.799990809104884,são paulo,SP
05570,-23.604797426629368,-46.799990809104884,são paulo,SP
05570,-23.60328834277795,-46.79712580405673,são paulo,SP
05570,-23.603828342229683,-46.79871847336827,sao paulo,SP
05570,-23.604044981418333,-46.79930847628245,sao paulo,SP
05784,-23.61897561587513,-46.761405322926855,sao paulo,SP
05784,-23.620253951699514,-46.76164305883207,sao paulo,SP
05784,-23.620253951699514,-46.76164305883207,sao paulo,SP
05784,-23.620253951699514,-46.76164305883207,sao paulo,SP
05784,-23.620253951699514,-46.76164305883207,sao paulo,SP
05847,-23.653066023313514,-46.74602714141034,sao paulo,SP
05847,-23.655514316406006,-46.75060063474525,sao paulo,SP
05847,-23.65507548542905,-46.74957202553523,sao paulo,SP
05847,-23.65412563474525,-46.748404105603335,sao paulo,SP
05847,-23.656518366639727,-46.74972096003806,sao paulo,SP
06753,-23.604354125454414,-46.75198912308847,taboao da serra,SP
06753,-23.595519614490136,-46.760346476138224,taboao da serra,SP
06753,-23.602579239800335,-46.754772899388314,taboao da serra,SP
06753,-23.604354125454414,-46.75198912308847,taboao da serra,SP
06753,-23.604186007213364,-46.75566939494491,taboão da serra,SP
06853,-23.68913659838998,-46.85084778934157,itapecerica da serra,SP
06853,-23.690744215282084,-46.8509910886968,itapecerica da serra,SP
06853,-23.689643731057757,-46.85882115015292,itapecerica da serra,SP
06853,-23.699657300212902,-46.850384683351585,itapecerica da serra,SP
06853,-23.693368082601427,-46.86043332722285,itapecerica da serra,SP
07024,-23.471140526227714,-46.545920847769615,guarulhos,SP
07024,-23.482340371631388,-46.53747679447747,guarulhos,SP
07024,-23.481598809048407,-46.538826019014344,guarulhos,SP
07024,-23.468936836574045,-46.54548083831626,guarulhos,SP
07024,-23.47405431556928,-46.546679451295475,guarulhos,SP
07273,-23.46324850069249,-46.419235229528546,guarulhos,SP
07273,-23.452971171244744,-46.42277223980034,guarulhos,SP
07273,-23.455224,-46.42268213488946,guarulhos,SP
07273,-23.452210079375625,-46.423230883432375,guarulhos,SP
07273,-23.456322,-46.4222025,guarulhos,SP
07793,-23.412406339751573,-46.837639395854666,cajamar,SP
07793,-23.41365299172621,-46.84169732415851,cajamar,SP
07793,-23.409983717578996,-46.82778386361019,cajamar,SP
07793,-23.41012099169302,-46.829269993158945,cajamar,SP
07793,-23.413849541081678,-46.83671136020879,cajamar,SP
07950,-23.277770504585416,-46.76353195454745,francisco morato,SP
07950,-23.278556006582207,-46.73192991053155,francisco morato,SP
07950,-23.269160841600915,-46.717876668641445,francisco morato,SP
07950,-23.2775368421246,-46.76298652704686,francisco morato,SP
07950,-23.278556006582207,-46.73192991053155,francisco morato,SP
08550,-23.522975748542905,-46.33702048557326,poá,SP
08550,-23.52318097260825,-46.34180921314962,poá,SP
08550,-23.52240454731953,-46.34570065598129,poa,SP
08550,-23.521401754371283,-46.339012760199665,poa,SP
08550,-23.52323351941704,-46.33964684242038,poa,SP
08616,-23.555549219331237,-46.29401982384838,suzano,SP
08616,-23.551795698701863,-46.29266514489062,suzano,SP
08616,-23.55897905172722,-46.293355834408686,suzano,SP
08616,-23.559966341624296,-46.29385592020184,suzano,SP
08616,-23.553265750404638,-46.290988752832455,suzano,SP
08752,-23.551706513599484,-46.260979398542325,mogi das cruzes,SP
08752,-23.55181509819601,-46.26099975815417,mogi das cruzes,SP
08752,-23.460738067737232,-46.26201790127012,mogi das cruzes,SP
08752,-23.543072204857687,-46.26052031182542,mogi das cruzes,SP
08752,-23.543556983316886,-46.26048689303224,mogi das cruzes,SP
09110,-23.668312295314184,-46.50547970468581,santo andre,SP
09110,-23.669648040114,-46.51219681298637,santo andre,SP
09110,-23.67494312738765,-46.49816821565009,santo andre,SP
09110,-23.67096462289173,-46.50528285812538,santo andre,SP
09110,-23.667847198164942,-46.50988338634658,santo andré,SP
09360,-23.678798920064235,-46.45947764149177,mauá,SP
09360,-23.68102340168479,-46.456523073672,maua,SP
09360,-23.683074630345672,-46.45787834306447,maua,SP
09360,-23.688887461183395,-46.45786408250103,maua,SP
09360,-23.68696866749383,-46.465723195654796,maua,SP
09540,-23.625773999999993,-46.56855299278663,sao caetano do sul,SP
09540,-23.62995141167535,-46.56349130212278,sao caetano do sul,SP
09540,-23.624775419095158,-46.56864996003806,sao caetano do sul,SP
09540,-23.62397645999995,-46.56293207842197,sao caetano do sul,SP
09540,-23.632550161809675,-46.567870941716194,sao caetano do sul,SP
09541,-23.62105546378897,-46.56510050291419,sao caetano do sul,SP
09541,-23.62001447100232,-46.56389282653356,sao caetano do sul,SP
09541,-23.62106552207278,-46.56481250291418,sao caetano do sul,SP
09541,-23.621474312905015,-46.55952802451399,sao caetano do sul,SP
09541,-23.62353325145709,-46.56410203664371,sao caetano do sul,SP
09667,-23.661929660568923,-46.609769680564234,sao bernardo do campo,SP
09667,-23.659720093802356,-46.608966965837766,sao bernardo do campo,SP
09667,-23.661224999999995,-46.60919774999999,sao bernardo do campo,SP
09667,-23.660522842633718,-46.60697760727679,sao bernardo do campo,SP
09667,-23.66178364946043,-46.60983819830917,sao bernardo do campo,SP
09715,-23.714655610335203,-46.543522946419394,sao bernardo do campo,SP
09715,-23.715011614269233,-46.54584908257927,sao bernardo do campo,SP
09715,-23.717625411333533,-46.5444396891339,são bernardo do campo,SP
09715,-23.708135530365986,-46.5489574354879,sao bernardo do campo,SP
09715,-23.721074818284485,-46.54323782877862,sao bernardo do campo,SP
18090,-23.474158480273633,-47.4550642451937,sorocaba,SP
18090,-23.477716483185937,-47.45474041447332,sorocaba,SP
18090,-23.485231320560942,-47.4469867872641,sorocaba,SP
18090,-23.477946925616028,-47.45464575644875,sorocaba,SP
18090,-23.486613886077194,-47.44655327649356,sorocaba,SP
18210,-23.584942965477694,-48.0556850723108,itapetininga,SP
18210,-23.58223340917096,-48.04873819627115,itapetininga,SP
18210,-23.57923400762108,-48.04573734659092,itapetininga,SP
18210,-23.582620635949194,-48.049106569201975,itapetininga,SP
18210,-23.58260691115597,-48.05281313576969,itapetininga,SP
18212,-23.56749662923754,-48.02907777403835,itapetininga,SP
18212,-23.56947909756041,-48.03670826779237,itapetininga,SP
18212,-23.568899869818324,-48.030694332503536,itapetininga,SP
18212,-23.566864534495778,-48.03243654724933,itapetininga,SP
18212,-23.57744404329313,-48.04084038997011,itapetininga,SP
18760,-23.03925123120975,-49.163624156720374,cerqueira cesar,SP
18760,-23.033976355341178,-49.166019098794,cerqueira césar,SP
18760,-23.027554830130132,-49.15855925169988,cerqueira cesar,SP
18760,-23.027554830130132,-49.15855925169988,cerqueira cesar,SP
18760,-23.025819791601926,-49.157165181074795,cerqueira cesar,SP
18860,-23.20378453167445,-49.6022041071263,timburi,SP
18860,-23.20378453167445,-49.6022041071263,timburi,SP
18860,-23.208630345472322,-49.60263709506825,timburi,SP
18860,-23.20530860637928,-49.60123858881261,timburi,SP
18860,-23.210004767625502,-49.60261831374943,timburi,SP
19200,-22.280965825980445,-51.49055492419442,pirapozinho,SP
19200,-22.27509699946484,-51.50025023694347,pirapozinho,SP
19200,-22.27196151183359,-51.503922596066296,pirapozinho,SP
19200,-22.276221268845685,-51.502757948938886,pirapozinho,SP
19200,-22.26974352002124,-51.50554226016191,pirapozinho,SP
19803,-22.679653253935193,-50.44287891853987,assis,SP
19803,-22.675094822090152,-50.43907594670785,assis,SP
19803,-22.675094822090152,-50.43907594670785,assis,SP
19803,-22.67143315875458,-50.436580251639406,assis,SP
19803,-22.674426213428386,-50.439305713024346,assis,SP
20210,-22.905808775174652,-43.19400895420968,rio de janeiro,RJ
20210,-22.909828148219678,-43.204514710514204,rio de janeiro,RJ
20210,-22.907688174457693,-43.19781759699692,rio de janeiro,RJ
20210,-22.909612399676778,-43.203862074239744,rio de janeiro,RJ
20210,-22.908927657583916,-43.202272231695225,rio de janeiro,RJ
20780,-22.88650136386977,-43.268833866207025,rio de janeiro,RJ
20780,-22.896758093282745,-43.26691641903784,rio de janeiro,RJ
20780,-22.89129025561204,-43.27120945464237,rio de janeiro,RJ
20780,-22.892748422153574,-43.26692861977026,rio de janeiro,RJ
20780,-22.90096891173757,-43.27717881349181,rio de janeiro,RJ
21715,-22.878151522072766,-43.444642919095145,rio de janeiro,RJ
21715,-22.880301999711534,-43.45062302567946,rio de janeiro,RJ
21715,-22.876410437909414,-43.43651182453498,rio de janeiro,RJ
21715,-22.878013222514443,-43.44052287669652,rio de janeiro,RJ
21715,-22.87595410100539,-43.441946945402954,rio de janeiro,RJ
21720,-22.866186039125218,-43.450417807519194,rio de janeiro,RJ
21720,-22.862669573691484,-43.448256000548255,rio de janeiro,RJ
21720,-22.865143316405998,-43.45132230697094,rio de janeiro,RJ
21720,-22.86873855063775,-43.44255896863638,rio de janeiro,RJ
21720,-22.863680613913225,-43.45033720148317,rio de janeiro,RJ
22640,-23.003736195472815,-43.32184116956918,rio de janeiro,RJ
22640,-22.999490999999992,-43.36069730007935,rio de janeiro,RJ
22640,-22.999547340359275,-43.35579566732673,rio de janeiro,RJ
22640,-22.97169006722604,-43.591131896804356,rio de janeiro,RJ
22640,-22.999789477927226,-43.347522997085804,rio de janeiro,RJ
23575,-22.8828599572681,-43.66376400776161,rio de janeiro,RJ
23575,-22.89542910750505,-43.65402653016691,rio de janeiro,RJ
23575,-22.906424965324753,-43.66890255779208,rio de janeiro,RJ
23575,-22.89502831242824,-43.65397716109403,rio de janeiro,RJ
23575,-22.8828599572681,-43.66376400776161,rio de janeiro,RJ
23970,-23.226942512091888,-44.72617217705374,parati,RJ
23970,-23.09742,-44.70341400000001,parati,RJ
23970,-23.222391006473693,-44.71572883017043,paraty,RJ
23970,-22.854761101476544,-42.29734691832723,parati,RJ
23970,-23.21003319121973,-44.719841344919665,parati,RJ
24903,-22.90950109305715,-42.79833382248586,marica,RJ
24903,-22.917813360095014,-42.80496705734479,marica,RJ
24903,-22.91609239706245,-42.80832788148534,marica,RJ
24903,-22.91117504795305,-42.806660325851276,marica,RJ
24903,-22.90880127691437,-42.806362174611465,marica,RJ
25020,-22.78420528628237,-43.31477950055586,duque de caxias,RJ
25020,-22.785859754658954,-43.31209164257642,duque de caxias,RJ
25020,-22.783496649716405,-43.310403462452776,duque de caxias,RJ
25020,-22.780741464370006,-43.309529854986295,duque de caxias,RJ
25020,-22.785672741392577,-43.31033899203255,duque de caxias,RJ
25755,-22.32389323024829,-43.15713959292701,petrópolis,RJ
25755,-22.337965749503574,-43.15554006622096,petropolis,RJ
25755,-22.353150228523496,-43.165860554061766,petrópolis,RJ
25755,-22.356058284298932,-43.16604694066044,petropolis,RJ
25755,-22.32389323024829,-43.15713959292701,petropolis,RJ
27197,-22.524374677694297,-43.99840470248543,pinheiral,RJ
27197,-22.505478036755225,-44.0072435486524,pinheiral,RJ
27197,-22.50004890031593,-44.03143573004089,pinheiral,RJ
27197,-22.51724797995827,-44.00018330445838,pinheiral,RJ
27197,-22.502429130247002,-44.01323420202837,pinheiral,RJ
28148,-22.98536776591707,-44.30302379845107,tocos,RJ
28148,-22.821552880373964,-43.27230431903174,tocos,RJ
28896,-22.495499391987945,-41.92238805063094,rio das ostras,RJ
28896,-22.502494996602014,-41.926949282703994,rio das ostras,RJ
28896,-22.508624519841277,-41.92834105991817,rio das ostras,RJ
28896,-22.502461416875924,-41.93699067789725,rio das ostras,RJ
28896,-22.509722418027106,-41.9376414803799,rio das ostras,RJ
29169,-20.14548485180581,-40.27129676370812,serra,ES
29169,-20.145114915219754,-40.2705408087159,serra,ES
29169,-20.145114915219754,-40.2705408087159,serra,ES
29169,-20.151410583415,-40.26245400623242,serra,ES
29169,-20.143052575931613,-40.27024159523371,serra,ES
29308,-20.846500676810646,-41.11457944426757,cachoeiro de itapemirim,ES
29308,-20.84352837144875,-41.11331767810962,cachoeiro de itapemirim,ES
29308,-20.842794141340686,-41.11694464188095,cachoeiro de itapemirim,ES
29308,-20.844320805999928,-41.11636499999997,cachoeiro de itapemirim,ES
29308,-20.84524125582895,-41.11667618639551,cachoeiro de itapemirim,ES
29770,-18.86309620836477,-41.12227492640861,mantenopolis,ES
29770,-18.861895032542616,-41.12149075730845,mantenopolis,ES
29770,-18.863469693800095,-41.122160189435434,mantenópolis,ES
29770,-18.859855660702255,-41.11773139743835,mantenopolis,ES
29770,-18.865509153320694,-41.12230370789142,mantenopolis,ES
29900,-19.404003708258912,-40.06159959748777,linhares,ES
29900,-19.40248633210828,-40.07000902207538,linhares,ES
29900,-19.40108844060962,-40.06510922018483,linhares,ES
29900,-19.3989105,-40.0629105,linhares,ES
29900,-19.399511997849224,-40.06939832773592,linhares,ES
30431,-19.946082656673784,-43.96674583291018,belo horizonte,MG
30431,-19.939043514022682,-43.965670059264745,belo horizonte,MG
30431,-19.854958107132546,-43.93019784846211,belo horizonte,MG
30431,-19.940145024698502,-43.9683656869122,belo horizonte,MG
30431,-19.933320645853748,-43.96637106884404,belo horizonte,MG
31030,-19.907108245080448,-43.91966546502971,belo horizonte,MG
31030,-19.911761223041328,-43.92317252137203,belo horizonte,MG
31030,-19.903838668330554,-43.927890206647724,belo horizonte,MG
31030,-19.905428283657418,-43.9227017031566,belo horizonte,MG
31030,-19.902143441023703,-43.921432362744575,belo horizonte,MG
31255,-19.878513898894187,-43.95694702879617,belo horizonte,MG
31255,-19.863147510675812,-43.94759366472388,belo horizonte,MG
31255,-19.861280696087473,-43.949471216775265,belo horizonte,MG
31255,-19.864034161809684,-43.94529320566677,belo horizonte,MG
31255,-19.86371299440346,-43.942827549980585,belo horizonte,MG
31615,-19.803895418806704,-43.962298019158574,belo horizonte,MG
31615,-19.801310029789846,-43.98676625532672,belo horizonte,MG
31615,-19.8024880344384,-43.9753534171663,belo horizonte,MG
31615,-19.80419093060769,-43.95671106217893,belo horizonte,MG
31615,-19.810397021928544,-43.958062735068474,belo horizonte,MG
32241,-19.970246474757243,-44.06128882747794,contagem,MG
32241,-19.97067292553073,-44.02700474307802,contagem,MG
32241,-19.96606310862284,-44.06105990957301,contagem,MG
32241,-19.966610528964537,-44.05823754417005,contagem,MG
32241,-19.966595838165183,-44.06133379654467,contagem,MG
32604,-19.95866259017359,-44.19878943272789,betim,MG
32604,-19.95675349870439,-44.193611989070114,betim,MG
32604,-19.935645003606684,-44.1913982113509,betim,MG
32604,-19.940909867332223,-44.19457860574757,betim,MG
32604,-19.955119500000002,-44.20001924999999,betim,MG
14801,-21.787360438801993,-48.19339828795659,araraquara,SP
14801,-21.791810757874114,-48.17941473631296,araraquara,SP
14801,-21.782069970663166,-48.17840953515594,araraquara,SP
14801,-21.779880935339545,-48.18192791395927,araraquara,SP
14801,-21.79780056044298,-48.19005770098989,araraquara,SP
14805,-21.753330144390688,-48.18612567881915,araraquara,SP
14805,-21.74746223563578,-48.182578899382094,araraquara,SP
14805,-21.753643285042397,-48.186947037884465,araraquara,SP
14805,-21.744531503899587,-48.18162050360256,araraquara,SP
14805,-21.745552344586276,-48.19752025667116,araraquara,SP
14860,-21.182360068257925,-48.15822670677218,barrinha,SP
14860,-21.18388845673039,-48.147412215960955,barrinha,SP
14860,-21.189391754853524,-48.160416889778965,barrinha,SP
14860,-21.19026016012745,-48.15458470935346,barrinha,SP
14860,-21.185413286890054,-48.152408200811216,barrinha,SP
14882,-21.250592999999995,-48.31762049999999,jaboticabal,SP
14882,-21.240886633569005,-48.33799952706557,jaboticabal,SP
14882,-21.25045726296586,-48.316907244915804,jaboticabal,SP
14882,-21.241464420846317,-48.31579262682288,jaboticabal,SP
14882,-21.251135649172078,-48.31552774592108,jaboticabal,SP
15150,-20.767900584398802,-49.71138311138122,monte aprazível,SP
15150,-20.776284095074427,-49.71230365426056,monte aprazivel,SP
15150,-20.7617825076825,-49.70500867268816,monte aprazivel,SP
15150,-20.774410339664314,-49.71154767288874,monte aprazivel,SP
15150,-20.779314915867275,-49.702733349375,monte aprazivel,SP
16075,-21.181959583236825,-50.457813342529484,aracatuba,SP
16075,-21.17305252495969,-50.45922775206783,aracatuba,SP
16075,-21.183852056204366,-50.46360827457414,araçatuba,SP
16075,-21.182496117816815,-50.45283190652753,araçatuba,SP
16075,-21.189887266720536,-50.46185708895493,araçatuba,SP
16210,-21.401868898287308,-50.468934178259445,bilac,SP
16210,-21.4057862494892,-50.474455365523404,bilac,SP
16210,-21.39940334891236,-50.47605782314332,bilac,SP
16210,-21.40654073928534,-50.472884237800926,bilac,SP
16210,-21.401171426309304,-50.48298995793701,bilac,SP
18050,-23.53091941289581,-47.48925815772406,sorocaba,SP
18050,-23.487512597156975,-47.50016612344083,sorocaba,SP
18050,-23.529834272381958,-47.48950578262331,sorocaba,SP
18050,-23.515745418800144,-47.49711367948434,sorocaba,SP
18050,-23.50493081750036,-47.5228024941392,sorocaba,SP
18071,-23.446345054677124,-47.50501246433722,sorocaba,SP
18071,-23.46270766305043,-47.49292600888678,sorocaba,SP
18071,-23.471753503284837,-47.50644372342474,sorocaba,SP
18071,-23.45481583596862,-47.50204501082005,sorocaba,SP
18071,-23.463379184286477,-47.49635796364472,sorocaba,SP
18086,-23.44975663113856,-47.440931855963925,sorocaba,SP
18086,-23.446673821513155,-47.4509841567535,sorocaba,SP
18086,-23.446977807836177,-47.44743176161803,sorocaba,SP
18086,-23.446064769978392,-47.45184250325974,sorocaba,SP
18086,-23.44648149759076,-47.444219231647075,sorocaba,SP
18110,-23.545629649294625,-47.50572149443514,votorantim,SP
18110,-23.545640338435582,-47.4484969624695,votorantim,SP
18110,-23.540519314472757,-47.449078679987316,votorantim,SP
18110,-23.540642336506846,-47.458127792991434,votorantim,SP
18110,-23.542524197905145,-47.46346696073055,votorantim,SP
18603,-22.883938072162266,-48.448100215794305,botucatu,SP
18603,-22.884516310483423,-48.45127328655948,botucatu,SP
18603,-22.875830626692192,-48.444640524619274,botucatu,SP
18603,-22.88067420483004,-48.44686226588381,botucatu,SP
18603,-22.880486546482814,-48.45988567361066,botucatu,SP
19010,-22.119777787567276,-51.38167544559502,presidente prudente,SP
19010,-22.124173973585222,-51.38704638973121,presidente prudente,SP
19010,-22.12127572522938,-51.385437780599005,presidente prudente,SP
19010,-22.11610857361678,-51.38490352504951,presidente prudente,SP
19010,-22.119387943330093,-51.38674322316914,presidente prudente,SP
19034,-22.081969719862695,-51.384068441711776,presidente prudente,SP
19034,-22.138828301470383,-51.385543593301335,presidente prudente,SP
19034,-22.090207486631865,-51.373053954200444,presidente prudente,SP
19034,-22.08790081440442,-51.37667781172201,presidente prudente,SP
19034,-22.082581514494628,-51.38147854110195,presidente prudente,SP
19300,-22.002385790929264,-51.56036410767424,presidente bernardes,SP
19300,-22.003284134953375,-51.556987429980474,presidente bernardes,SP
19300,-21.99785007125705,-51.561359449140085,presidente bernardes,SP
19300,-22.022543698426105,-51.54701700029293,presidente bernardes,SP
19300,-22.00465787362055,-51.5574263470105,presidente bernardes,SP
20511,-22.933487211206682,-43.24563886482204,rio de janeiro,RJ
20511,-22.919398071614008,-43.23328101012755,rio de janeiro,RJ
20511,-22.924434437676815,-43.2354533531653,rio de janeiro,RJ
20511,-22.933999645565283,-43.24329081819502,rio de janeiro,RJ
20511,-22.93192720349311,-43.24664989544985,rio de janeiro,RJ
91180,-30.006108587281485,-51.10585507397993,porto alegre,RS
91180,-30.012074496984948,-51.09926225017117,porto alegre,RS
91180,-30.010617115182637,-51.095862680275765,porto alegre,RS
91180,-30.00998121907408,-51.09904945505523,porto alegre,RS
91180,-30.00565050764605,-51.10342177990651,porto alegre,RS
91920,-30.11233960032322,-51.255970538028706,porto alegre,RS
91920,-30.110408297535884,-51.2388136522304,porto alegre,RS
91920,-30.1184471626464,-51.25729278420568,porto alegre,RS
91920,-30.111185651393665,-51.248572705666774,porto alegre,RS
91920,-30.105833826245092,-51.2336905664781,porto alegre,RS
92020,-29.91005335319802,-51.169226719006566,canoas,RS
92020,-29.920449475474385,-51.1721259461596,canoas,RS
92020,-29.921965557274195,-51.17372224701368,canoas,RS
92020,-29.905172474897466,-51.17611447599398,canoas,RS
92020,-29.921965557274195,-51.17372224701368,canoas,RS
92035,-29.916624328065346,-51.12650249999999,canoas,RS
92035,-29.917261257833733,-51.11494812796459,canoas,RS
92035,-29.916624328065346,-51.12650249999999,canoas,RS
92035,-29.888215982482734,-51.12523295034037,canoas,RS
92035,-29.916730708292498,-51.11467930143103,canoas,RS
93224,-29.834752308636915,-51.14338850911179,sapucaia do sul,RS
93224,-29.82731681268305,-51.133861883088116,sapucaia do sul,RS
93224,-29.833102704698348,-51.13434594103423,sapucaia do sul,RS
93224,-29.82760960616559,-51.127261057357124,sapucaia do sul,RS
93224,-29.838502609148534,-51.139401318085774,sapucaia do sul,RS
93330,-29.718850972021464,-51.13796743621773,novo hamburgo,RS
93330,-29.72132394876146,-51.1384953932962,novo hamburgo,RS
93330,-29.717813494657406,-51.14491666729218,novo hamburgo,RS
93330,-29.719221993158445,-51.143366846065156,novo hamburgo,RS
93330,-29.72024036262383,-51.14461485679371,novo hamburgo,RS
93332,-29.7124473733291,-51.132568278116,novo hamburgo,RS
93332,-29.712342766573922,-51.13289767997218,novo hamburgo,RS
93332,-29.712779956556425,-51.14134489944051,novo hamburgo,RS
93332,-29.71599376628944,-51.1377352433718,novo hamburgo,RS
93332,-29.713145680325816,-51.14466967473257,novo hamburgo,RS
94198,-29.91461000805008,-50.92070034387446,gravataí,RS
94198,-29.917059957377898,-50.89581434253197,gravatai,RS
94198,-29.923050363581307,-50.90751388245143,gravatai,RS
94198,-29.923050363581307,-50.90751388245143,gravatai,RS
94198,-29.920194660280472,-50.90696900957928,gravatai,RS
95270,-29.033996246891757,-51.1917479847557,flores da cunha,RS
95270,-29.03974997406271,-51.180638883878665,flores da cunha,RS
95270,-29.03521710640012,-51.191276654004696,flores da cunha,RS
95270,-29.034763771182252,-51.19060405735493,flores da cunha,RS
95270,-29.031170185043237,-51.179415237370804,flores da cunha,RS
96015,-31.767831461278803,-52.34106915266308,pelotas,RS
96015,-31.766978954757928,-52.34069252513118,pelotas,RS
96015,-31.757051357752932,-52.33527875771816,pelotas,RS
96015,-31.76651679072655,-52.340510733567925,pelotas,RS
96015,-31.76439315626976,-52.333679482110824,pelotas,RS
96700,-29.964209386361766,-51.71205776906624,sao jeronimo,RS
96700,-29.96103615638278,-51.71436119424724,sao jeronimo,RS
96700,-29.96520271396153,-51.71520227866215,sao jeronimo,RS
96700,-29.960314150107244,-51.71908314286313,sao jeronimo,RS
96700,-29.96728018175204,-51.72651165630051,sao jeronimo,RS
96745,-29.958258025790258,-51.63574944196452,charqueadas,RS
96745,-29.95724100179285,-51.630226849740986,charqueadas,RS
96745,-29.96165902313305,-51.63768459825488,charqueadas,RS
96745,-29.958356092320386,-51.63773388357768,charqueadas,RS
96745,-29.987101052738318,-51.64072150884351,charqueadas,RS
98910,-27.713180999999945,-54.26528299999997,tres de maio,RS
98910,-27.776901813612202,-54.225032407998384,três de maio,RS
98910,-27.783523165941755,-54.22271343689225,três de maio,RS
98910,-27.777156219465546,-54.228560196567976,três de maio,RS
98910,-27.781981960386215,-54.22365156151803,tres de maio,RS
99010,-28.246010663976687,-52.383568414817034,passo fundo,RS
99010,-28.263159398614288,-52.40600895447756,passo fundo,RS
99010,-28.26060497005674,-52.403755396419065,passo fundo,RS
99010,-28.246010663976687,-52.383568414817034,passo fundo,RS
99010,-28.263305051202217,-52.41545504290305,passo fundo,RS
13056,-22.98608010252984,-47.142172814434446,campinas,SP
13056,-22.976359916785608,-47.136853846940866,campinas,SP
13056,-22.96281232896357,-47.1402348238987,campinas,SP
13056,-22.972611724657114,-47.145531430342224,campinas,SP
13056,-22.973308930896152,-47.14119949264239,campinas,SP
13190,-22.94888253127221,-47.31599831198044,monte mor,SP
13190,-22.962995487954498,-47.31593636921198,monte mor,SP
13190,-22.94684036565544,-47.313613683786656,monte mor,SP
13190,-22.939879373409234,-47.31326712917159,monte mor,SP
13190,-22.94018174685805,-47.27051184050314,monte mor,SP
13309,-23.28024027283236,-47.28408336583513,itu,SP
13309,-23.284289191759644,-47.29038960006341,itu,SP
13309,-23.275296258111315,-47.29133966067722,itu,SP
13309,-23.28350924868714,-47.30085955482134,itu,SP
13309,-23.27622191035259,-47.293069912862734,itu,SP
13320,-23.1967365846856,-47.30194399115384,salto,SP
13320,-23.207102958364608,-47.292166404379984,salto,SP
13320,-23.207332704137553,-47.29076760629583,salto,SP
13320,-23.198928663887155,-47.30115474730216,salto,SP
13320,-23.208448651682126,-47.29064147002138,salto,SP
13322,-23.194155763010308,-47.26601382366275,salto,SP
13322,-23.19783754677127,-47.287025901321556,salto,SP
13322,-23.18641481903173,-47.27118118013154,salto,SP
13322,-23.192648441236823,-47.27997394123683,salto,SP
13322,-23.195124912258482,-47.27488311989231,salto,SP
13401,-22.75168040994856,-47.66890289534895,piracicaba,SP
13401,-22.73883767277395,-47.66034887039065,piracicaba,SP
13401,-22.73745595781636,-47.65749729641069,piracicaba,SP
13401,-22.77345098850671,-47.65848269825384,piracicaba,SP
13401,-22.78195631963887,-47.666968469187445,piracicaba,SP
13470,-22.721008499999996,-47.34546299999998,americana,SP
13470,-22.730703864058068,-47.351576058192464,americana,SP
13470,-22.712961620762464,-47.35784813662488,americana,SP
13470,-22.710121480437383,-47.36480546655891,americana,SP
13470,-22.713824954269306,-47.36085298580065,americana,SP
13481,-22.60882209378361,-47.411253109806324,limeira,SP
13481,-22.60180936164807,-47.40772695920134,limeira,SP
13481,-22.60515977185642,-47.41535141035257,limeira,SP
13481,-22.60300362753189,-47.415025943793644,limeira,SP
13481,-22.586850922009347,-47.40247323313523,limeira,SP
13670,-21.71941750630579,-47.47359879418673,santa rita do passa quatro,SP
13670,-21.710845309017596,-47.47811090848964,santa rita do passa quatro,SP
13670,-21.69431276032316,-47.50039051007067,santa rita do passa quatro,SP
13670,-21.704919071665092,-47.48611974815764,santa rita do passa quatro,SP
13670,-21.708932997204805,-47.48138830926459,santa rita do passa quatro,SP
15015,-20.812681149439477,-49.38338859091815,sao jose do rio preto,SP
15015,-20.816633944395118,-49.38898756069055,são josé do rio preto,SP
15015,-20.81353156904385,-49.380670394243744,sao jose do rio preto,SP
15015,-20.820903135611438,-49.384331732062655,sao jose do rio preto,SP
15015,-20.8140553298837,-49.38122897756322,sao jose do rio preto,SP
16301,-21.426570046543283,-50.06791761043272,penapolis,SP
16301,-21.43244049954755,-50.06402188573603,penapolis,SP
16301,-21.42515384406098,-50.06836922119719,penapolis,SP
16301,-21.43189210228379,-50.06344737431685,penápolis,SP
16301,-21.426847789373337,-50.065013416470315,penapolis,SP
18120,-23.532772472991248,-47.16937115902071,mairinque,SP
18120,-23.546063071220747,-47.189710758582684,mairinque,SP
18120,-23.548680552698062,-47.1846379999699,mairinque,SP
18120,-23.548522382759735,-47.185933206140234,mairinque,SP
18120,-23.540970498947214,-47.19197205758164,mairinque,SP
18404,-23.99327608899532,-48.864104773788,itapeva,SP
18404,-23.99028069361205,-48.86942242803896,itapeva,SP
18404,-23.99400025694282,-48.86558747025064,itapeva,SP
18404,-23.99319203122067,-48.86430382138544,itapeva,SP
18404,-23.99400025694282,-48.86558747025064,itapeva,SP
83280,-25.879391743627053,-48.61948177812689,guaratuba,PR
83280,-25.90145314740889,-48.57594465429201,guaratuba,PR
83280,-25.880892555143333,-48.56957721374288,guaratuba,PR
83280,-25.864486109173004,-48.56676046607603,guaratuba,PR
83280,-25.880054547242924,-48.57017849059643,guaratuba,PR
83560,-25.21327189455191,-49.3489767336217,itaperuçu,PR
83560,-25.21104157323542,-49.34653094787032,itaperucu,PR
83560,-25.220176481124724,-49.344243732412686,itaperucu,PR
83560,-25.225086267303517,-49.34311992848896,itaperuçu,PR
83560,-25.221846964230462,-49.34594248958721,itaperuçu,PR
83800,-25.774049589407852,-49.32914580930774,mandirituba,PR
83800,-25.777784693042648,-49.33139152785102,mandirituba,PR
83800,-25.755397606277096,-49.30978281851202,mandirituba,PR
83800,-25.776565127760836,-49.3354957875617,mandirituba,PR
83800,-25.77230044068943,-49.32445241579989,mandirituba,PR
85501,-26.23309163375265,-52.67355012674504,pato branco,PR
85501,-26.22841224513988,-52.67556126431152,pato branco,PR
85501,-26.225634984290288,-52.67707839964386,pato branco,PR
85501,-26.21899517314965,-52.676743585581875,pato branco,PR
85501,-26.224359337969283,-52.68689017234308,pato branco,PR
85803,-24.97604723812689,-53.46216762349251,cascavel,PR
85803,-24.98826714319936,-53.464691262565594,cascavel,PR
85803,-24.996404033845106,-53.46234086900565,cascavel,PR
85803,-24.98505887226656,-53.466571008771226,cascavel,PR
85803,-24.990138281724178,-53.456045599919186,cascavel,PR
85816,-24.955814183258344,-53.43029571217104,cascavel,PR
85816,-24.953519631398372,-53.4201636130765,cascavel,PR
85816,-24.956456153499804,-53.42682268318996,cascavel,PR
85816,-24.947055540684136,-53.42993398938675,cascavel,PR
85816,-24.96302054201076,-53.408876125425756,cascavel,PR
85867,-25.466806009071483,-54.582622516176365,foz do iguacu,PR
85867,-25.471334704023207,-54.59650744611133,foz do iguacu,PR
85867,-25.480082473031583,-54.57935906804682,foz do iguacu,PR
85867,-25.476481762451122,-54.58482114036883,foz do iguacu,PR
85867,-25.475392328692042,-54.57885350620435,foz do iguacu,PR
86065,-23.304947270046764,-51.20519766871963,londrina,PR
86065,-23.30510513237932,-51.20051303176763,londrina,PR
86065,-23.309709810868277,-51.20531792577446,londrina,PR
86065,-23.303559165127893,-51.20674298069719,londrina,PR
86065,-23.30805559062836,-51.20271213820769,londrina,PR
86730,-23.23763897765151,-51.66808528142622,astorga,PR
86730,-23.23084195932337,-51.66917971672458,astorga,PR
86730,-23.235698230841763,-51.66162979262814,astorga,PR
86730,-23.241274132429254,-51.6702925075802,astorga,PR
86730,-23.23473972533642,-51.66507855209397,astorga,PR
88058,-27.44750424718865,-48.39733340340489,florianopolis,SC
88058,-27.45008549321933,-48.4002627485429,florianopolis,SC
88058,-27.425158655044445,-48.40273756677248,florianopolis,SC
88058,-27.442701913891042,-48.40879684626522,florianopolis,SC
88058,-27.440773554532893,-48.40383024271452,florianopolis,SC
88220,-27.131977104544838,-48.599233840908056,itapema,SC
88220,-27.102098999999946,-48.62961349999995,itapema,SC
88220,-27.102098999999946,-48.62961349999995,itapema,SC
88220,-27.102098999999946,-48.62961349999995,itapema,SC
88220,-27.102098999999946,-48.62961349999995,itapema,SC
88490,-27.96053011095685,-48.67569213060663,paulo lopes,SC
88490,-27.97281791126796,-48.68131296806988,paulo lopes,SC
88490,-27.964912985164545,-48.681818383914454,paulo lopes,SC
88490,-27.965137078675642,-48.68144382941196,paulo lopes,SC
88490,-27.982728,-48.67783200000001,paulo lopes,SC
88502,-27.810193851232057,-50.32476919441404,lages,SC
88502,-27.82918254257236,-50.33681787687321,lages,SC
88502,-27.817019957816356,-50.321485298920855,lages,SC
88502,-27.81211172883468,-50.32861666040832,lages,SC
88502,-27.81246803274858,-50.32481241771017,lages,SC
88585,-27.796919018896354,-50.871016638220915,cerro negro,SC
88585,-27.79693973078827,-50.8741195091567,cerro negro,SC
88585,-27.796919018896354,-50.871016638220915,cerro negro,SC
88585,-27.79606999999993,-50.87525999999997,cerro negro,SC
88585,-27.79693973078827,-50.8741195091567,cerro negro,SC
89041,-26.91141069525076,-49.11143612738765,blumenau,SC
89041,-26.92164637691151,-49.10142570690753,blumenau,SC
89041,-26.912177822271808,-49.11252184622747,blumenau,SC
89041,-26.916180522044126,-49.10627174235477,blumenau,SC
89041,-26.912473544381694,-49.112423272190846,blumenau,SC
36046,-21.73306894976627,-43.36126712891687,juiz de fora,MG
36046,-21.730146915344246,-43.3660278620521,juiz de fora,MG
36046,-21.72945952039933,-43.35911522231518,juiz de fora,MG
36046,-21.735702000000003,-43.360101,juiz de fora,MG
36046,-21.731491417887142,-43.35335775000001,juiz de fora,MG
36707,-19.821904368372316,-44.00995343801027,ribeiro junqueira,MG
37505,-22.41341676594225,-45.47431045409493,itajuba,MG
37505,-22.421106205552622,-45.46573150964629,itajuba,MG
37505,-22.41899471570743,-45.46478277178908,itajuba,MG
37505,-22.41950093197918,-45.4699111330951,itajuba,MG
37505,-22.414389999711695,-45.478362624683726,itajubá,MG
37800,-21.30815354232787,-46.71828116319467,guaxupe,MG
37800,-21.304286121595588,-46.71924541300433,guaxupe,MG
37800,-21.313117938981847,-46.71976686281776,guaxupé,MG
37800,-21.293973422283965,-46.708028013048214,guaxupe,MG
37800,-21.299193177909835,-46.726465563275454,guaxupe,MG
37900,-20.72224336005769,-46.60191769496314,passos,MG
37900,-20.730524340085985,-46.60900828762683,passos,MG
37900,-20.72910742732355,-46.60406570609963,passos,MG
37900,-20.723517836331304,-46.58903935300562,passos,MG
37900,-20.722180155587797,-46.60616604993137,passos,MG
38017,-19.741322933666112,-47.92411475214959,uberaba,MG
38017,-19.741097336112848,-47.92764933221771,uberaba,MG
38017,-19.73733657340302,-47.913945024150244,uberaba,MG
38017,-19.74326847377229,-47.921523543020356,uberaba,MG
38017,-19.742813188682025,-47.928795003449466,uberaba,MG
38140,-19.30630802087759,-48.924424740534995,prata,MG
38140,-19.30028008359327,-48.91711289501971,prata,MG
38140,-19.297986659500523,-48.92165777686916,prata,MG
38140,-19.31809179195488,-48.92498508145965,prata,MG
38140,-19.30205622988337,-48.921263034975254,prata,MG
38170,-19.350603410489654,-47.291172844632605,perdizes,MG
38170,-19.347726888052335,-47.30026048877381,perdizes,MG
38170,-19.355219240320082,-47.294708947376,perdizes,MG
38170,-19.355101148141898,-47.289845156033266,perdizes,MG
38170,-19.349278979440864,-47.292910622583285,perdizes,MG
38950,-19.598096999999946,-46.61303299999997,ibia,MG
38950,-19.475685492880576,-46.53855015089863,ibia,MG
38950,-19.598096999999946,-46.61303299999997,ibia,MG
38950,-19.47473360834866,-46.53871346745146,ibia,MG
38950,-19.483704681458285,-46.54734984402819,ibiá,MG
39560,-16.172478702331222,-42.28912455349682,salinas,MG
39560,-16.171633147514846,-42.30480523574965,salinas,MG
39560,-16.166977194736766,-42.28724915745253,salinas,MG
39560,-16.166039454077932,-42.29822612203248,salinas,MG
39560,-16.151946046264886,-42.28945207218281,salinas,MG
40470,-12.921723498466191,-38.484962640001065,salvador,BA
40470,-12.933494518266096,-38.48885651426104,salvador,BA
40470,-12.914671351299113,-38.48189783381216,salvador,BA
40470,-12.842505000000001,-38.46816674999998,salvador,BA
40470,-12.92409350813228,-38.48879920985828,salvador,BA
41100,-12.9668746207144,-38.462215490099865,salvador,BA
41100,-12.966913051955046,-38.462180552608366,salvador,BA
41100,-12.969509038865418,-38.4643839292227,salvador,BA
41100,-12.972381334131203,-38.47316232586899,salvador,BA
41100,-12.966913051955046,-38.462180552608366,salvador,BA
49010,-10.910514518754546,-37.05240077699233,aracaju,SE
49010,-10.912697999999992,-37.053922481036054,aracaju,SE
49010,-10.917257467684108,-37.05154183236192,aracaju,SE
49010,-10.915496497085812,-37.0539594928153,aracaju,SE
49010,-10.913759999999968,-37.052719999999965,aracaju,SE
49090,-10.890598504039366,-37.09138541395927,aracaju,SE
49090,-10.897993798562487,-37.10359501931646,aracaju,SE
49090,-10.890986835968622,-37.09334798932418,aracaju,SE
49090,-10.892544107999981,-37.09665049999995,aracaju,SE
49090,-10.898149829591972,-37.09104524825443,aracaju,SE
51111,-8.106228408823377,-34.89147767943906,recife,PE
51111,-8.10496242630851,-34.8873675133302,recife,PE
51111,-8.106207631427033,-34.88756013864038,recife,PE
51111,-8.107733514570953,-34.889234841104496,recife,PE
51111,-8.10496242630851,-34.8873675133302,recife,PE
51240,-8.117989655826632,-34.940023833100035,recife,PE
51240,-8.122935726651358,-34.941221622791595,recife,PE
51240,-8.117433171765509,-34.93963066643054,recife,PE
51240,-8.122962549611563,-34.936092457583506,recife,PE
51240,-8.119496776701233,-34.940396942662176,recife,PE
52041,-8.035457003721227,-34.89245369438057,recife,PE
52041,-8.033569228980287,-34.890276536355266,recife,PE
52041,-8.036009085565784,-34.8936000593763,recife,PE
52041,-8.032634015263444,-34.88943646073053,recife,PE
52041,-8.03436473910784,-34.89332501610016,recife,PE
54517,-8.29248453599996,-35.01945999999998,cabo de santo agostinho,PE
54517,-8.29248453599996,-35.01945999999998,cabo de santo agostinho,PE
54517,-8.246243967809106,-34.97988473992756,cabo de santo agostinho,PE
55014,-8.272907999999997,-35.976804749999985,caruaru,PE
55014,-8.267975721088519,-35.97060867147167,caruaru,PE
55014,-8.27301678628315,-35.97976895850885,caruaru,PE
55014,-8.25840522962766,-35.97870029248209,caruaru,PE
55014,-8.259641182901508,-35.973948624213676,caruaru,PE
09861,-23.695889045942334,-46.58174395098847,sao bernardo do campo,SP
09861,-23.715091507646047,-46.58077319608748,sao bernardo do campo,SP
09861,-23.71840754342439,-46.57490099999998,sao bernardo do campo,SP
09861,-23.71189051485941,-46.582901748542895,sao bernardo do campo,SP
09861,-23.71649369608748,-46.58045001832186,sao bernardo do campo,SP
09971,-23.72306773765286,-46.632000180504534,diadema,SP
09971,-23.723606782864348,-46.62159862378849,diadema,SP
09971,-23.722983900917523,-46.62791139122266,diadema,SP
09971,-23.722984248658477,-46.62704944212021,diadema,SP
09971,-23.72936454674262,-46.61816283680533,diadema,SP
11900,-24.49203032806276,-47.83413137913321,registro,SP
11900,-24.522617510299327,-47.84780154192998,registro,SP
11900,-24.516397101733723,-47.81836813569933,registro,SP
11900,-24.488962902804882,-47.84034245561576,registro,SP
11900,-24.504788263113852,-47.86075301304175,registro,SP
12282,-23.105272201223368,-45.696988838882795,cacapava,SP
12282,-23.106657969507353,-45.700423607628885,cacapava,SP
12282,-23.103742421316863,-45.699219030815335,cacapava,SP
12282,-23.101646307284096,-45.70048813245129,cacapava,SP
12282,-23.105983002221702,-45.69798020566675,cacapava,SP
12307,-23.29299177790156,-45.95639922797895,jacarei,SP
12307,-23.29397953926945,-45.95791881917595,jacarei,SP
12307,-23.298038715436036,-45.95389098728648,jacarei,SP
12307,-23.29205153733622,-45.954748519562614,jacarei,SP
12307,-23.2952536426678,-45.95684818400124,jacarei,SP
12721,-22.558413620002973,-44.942923697146966,cruzeiro,SP
12721,-22.560450637653254,-44.9447599729826,cruzeiro,SP
12721,-22.55699946391513,-44.94658617698303,cruzeiro,SP
12721,-22.560450637653254,-44.9447599729826,cruzeiro,SP
12721,-22.560450637653254,-44.9447599729826,cruzeiro,SP
12951,-23.1317637171793,-46.5835637149576,atibaia,SP
12951,-23.13159585455911,-46.58933606252161,atibaia,SP
12951,-23.126298463788963,-46.58541271717928,atibaia,SP
12951,-23.127716409660092,-46.582043033729526,atibaia,SP
12951,-23.128559686164472,-46.58443204947569,atibaia,SP
13084,-22.827192621703503,-47.089207388424036,campinas,SP
13084,-22.832001732657748,-47.08239159475552,campinas,SP
13084,-22.81440569663573,-47.0951033782965,campinas,SP
13084,-22.83376069386577,-47.08370278227245,campinas,SP
13084,-22.823368072162268,-47.08801043005943,campinas,SP
13087,-22.85275770752771,-47.05510214136723,campinas,SP
13087,-22.854677050233725,-47.051945774770616,campinas,SP
13087,-22.86402249653754,-47.057413499999996,campinas,SP
13087,-22.85509105023373,-47.05007827477061,campinas,SP
13087,-22.866090463788957,-47.06142305245541,campinas,SP
13088,-22.8475181626464,-47.03552279669915,campinas,SP
13088,-22.85612437177531,-47.036889557662974,campinas,SP
13088,-22.89267277569221,-47.05549656880458,campinas,SP
13088,-22.85302189869583,-47.03324760421836,campinas,SP
13088,-22.872353605603344,-47.0385063753823,campinas,SP
13171,-22.830799023313517,-47.27243474202202,sumare,SP
13171,-22.834604235928868,-47.265193194578735,sumare,SP
13171,-22.827692419931882,-47.273953137947906,sumare,SP
13171,-22.826172939535365,-47.27195657276116,sumare,SP
13171,-22.828754192850734,-47.26158197374163,sumare,SP
13181,-22.835616758652723,-47.18815361913,sumare,SP
13181,-22.852996334439407,-47.19024357285474,sumaré,SP
13181,-22.837067231063664,-47.189508773134,sumare,SP
13181,-22.795202817003723,-47.20285810648236,sumare,SP
13181,-22.84355247844586,-47.19269286526183,sumare,SP
13203,-23.21187574493622,-46.85645302455426,jundiai,SP
13203,-23.2134313183679,-46.855916035807006,jundiaí,SP
13203,-23.224423232038706,-46.861064596860764,jundiai,SP
13203,-23.21942590784242,-46.85756568261303,jundiai,SP
13203,-23.216171960874767,-46.86533739133822,jundiaí,SP
13230,-23.207613663145274,-46.786393612662515,campo limpo paulista,SP
13230,-23.20687110665312,-46.79141038879669,campo limpo paulista,SP
13230,-23.202683081430543,-46.792015309323475,campo limpo paulista,SP
13230,-23.230438710948228,-46.7680526363168,campo limpo paulista,SP
13230,-23.21049583078264,-46.78467666078402,campo limpo paulista,SP
13287,-23.048035628679553,-46.99742100929329,vinhedo,SP
13287,-23.036700064935317,-46.98987004057278,vinhedo,SP
13287,-23.035346387933817,-46.99260202686551,vinhedo,SP
13287,-23.051147389576347,-46.989486915635474,vinhedo,SP
13287,-23.05506614090682,-46.983990528671114,vinhedo,SP
13403,-22.727374795169954,-47.67061025477531,piracicaba,SP
13403,-22.738746331669443,-47.65658470191585,piracicaba,SP
13403,-22.723661948872238,-47.672072599803606,piracicaba,SP
13403,-22.71118552784383,-47.68669349999999,piracicaba,SP
13403,-22.708689306970943,-47.68592608006811,piracicaba,SP
13465,-22.74703919816495,-47.34322030252755,americana,SP
13465,-22.736550750764604,-47.33230167291818,americana,SP
13465,-22.746506165416367,-47.341880193173296,americana,SP
13465,-22.73868931200057,-47.3298137001396,americana,SP
13465,-22.747194701915856,-47.33272076533555,americana,SP
13567,-22.00000224424374,-47.87647347792721,sao carlos,SP
13567,-22.013346384673127,-47.858478233423696,sao carlos,SP
13567,-22.015231917081117,-47.85803861417567,sao carlos,SP
13567,-22.013346384673127,-47.858478233423696,são carlos,SP
13567,-22.00912591895093,-47.86658172245943,sao carlos,SP
13607,-22.372407429915196,-47.34738062891686,araras,SP
13607,-22.379887875930564,-47.363829470021365,araras,SP
13607,-22.364375777863405,-47.368581370389,araras,SP
13607,-22.35635959117662,-47.36131843242536,araras,SP
13607,-22.367167059127908,-47.3621521314947,araras,SP
13825,-22.614295651682134,-47.06761188787577,holambra,SP
13825,-22.64096925865071,-47.05107843858292,holambra,SP
13825,-22.641167598389984,-47.05079554010618,holambra,SP
13825,-22.64131225053943,-47.046344185597576,holambra,SP
13825,-22.64113440550516,-47.04982045989382,holambra,SP
14720,-21.114254738381373,-48.4420827102807,taiúva,SP
14720,-21.124413651362076,-48.45331866444939,taiuva,SP
14720,-21.122062846117007,-48.44567256715844,taiuva,SP
14720,-21.12345227343559,-48.44394936350073,taiuva,SP
14720,-21.12494526516705,-48.45314565471943,taiúva,SP
15061,-20.799133520057854,-49.35654569558457,sao jose do rio preto,SP
15061,-20.80911920340977,-49.34179675416414,são josé do rio preto,SP
15061,-20.805470788527543,-49.37195858227906,sao jose do rio preto,SP
15061,-20.80580701785187,-49.36402091143916,são josé do rio preto,SP
15061,-20.796573721367604,-49.3569598923013,sao jose do rio preto,SP
15750,-20.031774242904614,-50.726679427256464,santa albertina,SP
15750,-20.033680344547033,-50.730284539862616,santa albertina,SP
15750,-20.037917021715494,-50.7271961003262,santa albertina,SP
15750,-20.03137475711422,-50.725924072744114,santa albertina,SP
15750,-20.03137475711422,-50.725924072744114,santa albertina,SP
15780,-20.14499505690943,-50.83344245583817,santa rita d oeste,SP
15780,-20.145367805457273,-50.83329654760278,santa rita d oeste,SP
15780,-20.14522236345705,-50.82983282661612,santa rita d'oeste,SP
15780,-20.144482507248647,-50.82962000091457,santa rita d'oeste,SP
15780,-20.143089425310816,-50.82913549379267,santa rita d'oeste,SP
15900,-21.40988100649633,-48.49689418444743,taquaritinga,SP
15900,-21.40418141044557,-48.49777983240524,taquaritinga,SP
15900,-21.41898560226624,-48.51609727667608,taquaritinga,SP
15900,-21.404757083211255,-48.49094947780115,taquaritinga,SP
15900,-21.398046357771616,-48.485196517036734,taquaritinga,SP
16015,-21.220110815654674,-50.43765462630489,aracatuba,SP
16015,-21.20613395337295,-50.431870424375276,aracatuba,SP
16015,-21.210567728133636,-50.43433635085478,aracatuba,SP
16015,-21.207900394396653,-50.43259090161001,aracatuba,SP
16015,-21.2036693226685,-50.42921258377338,araçatuba,SP
17980,-21.362307677836906,-51.86346633891845,panorama,SP
17980,-21.355268217835334,-51.86228919467937,panorama,SP
17980,-21.355463980618683,-51.851137426638296,panorama,SP
17980,-21.368124008641747,-51.85896986854105,panorama,SP
17980,-21.3663239662533,-51.868570433975385,panorama,SP
18035,-23.501058123111395,-47.46835501559965,sorocaba,SP
18035,-23.497654672773958,-47.4673373484621,sorocaba,SP
18035,-23.49783338467313,-47.464095849991295,sorocaba,SP
18035,-23.498920184286487,-47.462688963644744,sorocaba,SP
18035,-23.498716997778292,-47.46548564862372,sorocaba,SP
18048,-23.543689740745148,-47.477936156138036,sorocaba,SP
18048,-23.53401196947312,-47.46735238343239,sorocaba,SP
18048,-23.531286693968116,-47.47130606415644,sorocaba,SP
18048,-23.536698700423297,-47.467479079917624,sorocaba,SP
18048,-23.533778000836723,-47.471196918402654,sorocaba,SP
18081,-23.47288663304276,-47.44472630849193,sorocaba,SP
18081,-23.480250244243727,-47.45241373022103,sorocaba,SP
18081,-23.48074029946911,-47.45674608298231,sorocaba,SP
18081,-23.480693674995656,-47.45689939148246,sorocaba,SP
18081,-23.477803271163932,-47.451929107825045,sorocaba,SP
75391,-16.653904239999974,-49.501984608999976,trindade,GO
75391,-16.641567399115505,-49.46325353536607,trindade,GO
75391,-16.654865514470497,-49.5051749020417,trindade,GO
75391,-16.648592116772388,-49.49388755640919,trindade,GO
75391,-16.64728250660545,-49.50362342564357,trindade,GO
75804,-17.88031341331951,-51.73485654024823,jatai,GO
75804,-17.88641616317452,-51.7331517601426,jatai,GO
75804,-17.87567666345007,-51.74011372501412,jatai,GO
75804,-17.889502152333886,-51.731481482735646,jatai,GO
75804,-17.872487973776884,-51.73460892053521,jatai,GO
75901,-17.791609941378447,-50.93351384538391,rio verde,GO
75901,-17.7953347151453,-50.93268749696599,rio verde,GO
75901,-17.79034062462496,-50.93082276274154,rio verde,GO
75901,-17.7888921785033,-50.9321087855805,rio verde,GO
75901,-17.796979801527378,-50.93357417006132,rio verde,GO
76100,-16.525054498657912,-50.3654766726809,sao luis de montes belos,GO
76100,-16.523476279077105,-50.372186322379456,são luís de montes belos,GO
76100,-16.531198579339772,-50.381336849204445,são luís de montes belos,GO
76100,-16.441985999999947,-50.38439749999996,sao luis de montes belos,GO
76100,-16.51612783064553,-50.37192822347402,sao luis de montes belos,GO
78005,-15.595189138557183,-56.09283060342343,cuiaba,MT
78005,-15.590710028763217,-56.098675161901525,cuiaba,MT
78005,-15.590635887645774,-56.09504162337965,cuiaba,MT
78005,-15.585177239814271,-56.09044159829022,cuiaba,MT
78005,-15.591660858220704,-56.09378637128946,cuiaba,MT
78285,-15.626698917891504,-58.18148595499631,são josé dos quatro marcos,MT
78285,-15.622051354949248,-58.1695869396221,sao jose dos quatro marcos,MT
78285,-15.626698917891504,-58.18148595499631,sao jose dos quatro marcos,MT
78285,-15.62531260589933,-58.18565519506632,sao jose dos quatro marcos,MT
78285,-15.624579290305608,-58.176348194324504,são josé dos quatro marcos,MT
79073,-20.550048510407386,-54.61388889167035,campo grande,MS
79073,-20.549975328747074,-54.60852864810952,campo grande,MS
79073,-20.55884125909602,-54.628134594278606,campo grande,MS
79073,-20.54803486428779,-54.616213282795094,campo grande,MS
79073,-20.558049321388594,-54.62277521092511,campo grande,MS
79826,-22.220621083760488,-54.796047220026345,dourados,MS
79826,-22.21823070090571,-54.8098703926711,dourados,MS
79826,-22.205767969069075,-54.81105828373509,dourados,MS
79826,-22.220833736241723,-54.798056254894824,dourados,MS
79826,-22.22008740615421,-54.80762736935889,dourados,MS
80220,-25.45005712155927,-49.2606739118818,curitiba,PR
80220,-25.46087384263371,-49.2709993842691,curitiba,PR
80220,-25.441671636130224,-49.271087337757635,curitiba,PR
80220,-25.451949049397,-49.267177256852776,curitiba,PR
80220,-25.451237829303523,-49.264245221190016,curitiba,PR
80430,-25.43328294393789,-49.28042347446478,curitiba,PR
80430,-25.433579943937893,-49.281183890645735,curitiba,PR
80430,-25.43328294393789,-49.28042347446478,curitiba,PR
80430,-25.42405289480069,-49.28841376836533,curitiba,PR
80430,-25.430366294477466,-49.287947647238724,curitiba,PR
81690,-25.60148477434908,-49.3177002534166,curitiba,PR
81690,-25.60148477434908,-49.3177002534166,curitiba,PR
81690,-25.60148477434908,-49.3177002534166,curitiba,PR
81690,-25.544584966418416,-49.30352677390403,curitiba,PR
81690,-25.544584966418416,-49.30352677390403,curitiba,PR
82200,-25.397761840412013,-49.256762024554284,curitiba,PR
82200,-25.393228570426892,-49.26975354782396,curitiba,PR
82200,-25.39867984041201,-49.25697255008949,curitiba,PR
82200,-25.398017497085803,-49.26987057700969,curitiba,PR
82200,-25.393228570426892,-49.26975354782396,curitiba,PR
82940,-25.454342472387303,-49.22258337676727,curitiba,PR
82940,-25.453167835701024,-49.22336281263495,curitiba,PR
82940,-25.456655333231858,-49.2219894349575,curitiba,PR
82940,-25.45401364620759,-49.218602943075346,curitiba,PR
82940,-25.452630208593913,-49.219697328331264,curitiba,PR
83605,-25.446647385196982,-49.55563586004068,campo largo,PR
83605,-25.448480273299545,-49.54775397954686,campo largo,PR
83605,-25.444744564916586,-49.55223196196062,campo largo,PR
83605,-25.459182774131072,-49.57137954620158,campo largo,PR
83605,-25.45289498112282,-49.56809914221856,campo largo,PR
83823,-25.66745573437876,-49.28880133395711,fazenda rio grande,PR
83823,-25.658845973325878,-49.29619718037031,fazenda rio grande,PR
83823,-25.655777842082134,-49.30618061152554,fazenda rio grande,PR
83823,-25.66359876614537,-49.30461905556574,fazenda rio grande,PR
83823,-25.66501031067956,-49.29198655397727,fazenda rio grande,PR
85010,-25.38999640215828,-51.47482035400201,guarapuava,PR
85010,-25.397741408563583,-51.46352257311457,guarapuava,PR
85010,-25.389536092417373,-51.46854378518663,guarapuava,PR
85010,-25.390779421605316,-51.463274899792346,guarapuava,PR
85010,-25.383107596745198,-51.46895283582437,guarapuava,PR
85585,-25.880150780030885,-52.90735066146606,vere,PR
85585,-25.87775638826107,-52.908714852558745,vere,PR
85585,-25.878235260878306,-52.909304480461515,vere,PR
85585,-25.880917408524056,-52.908109762195295,verê,PR
85585,-25.880830762195302,-52.90802559147593,vere,PR
85640,-25.903041716734606,-53.46746806886998,ampere,PR
85640,-25.904924432258458,-53.46586783844553,ampere,PR
85640,-25.914420785246243,-53.46871119967238,ampere,PR
85640,-25.919445942997267,-53.47076093027221,ampere,PR
85640,-25.922234916254236,-53.470244084081564,ampere,PR
85950,-24.2874063973452,-53.838833366660324,palotina,PR
85950,-24.275271742964282,-53.83502068993725,palotina,PR
85950,-24.28312403709175,-53.840156681596845,palotina,PR
85950,-24.288234517628467,-53.853725250070106,palotina,PR
85950,-24.283924644244646,-53.8380244804893,palotina,PR
86010,-23.325326444630374,-51.158433938397955,londrina,PR
86010,-23.310948475474383,-51.16211116763807,londrina,PR
86010,-23.32689447792723,-51.1579120284494,londrina,PR
86010,-23.322806999999997,-51.16019146782833,londrina,PR
86010,-23.320781664723867,-51.1563225910324,londrina,PR
39475,-14.88030065841931,-44.08763649797041,sao joao das missoes,MG
39475,-14.882325362916921,-44.085722041635925,sao joao das missoes,MG
39475,-14.882894100708429,-44.085687924406415,sao joao das missoes,MG
39475,-14.881155955525909,-44.087317369836505,são joão das missões,MG
39475,-14.88151648731301,-44.084629274875496,sao joao das missoes,MG
41345,-12.920842243341871,-38.37384323408606,salvador,BA
41345,-12.9048795,-38.387938500000004,salvador,BA
41345,-12.903347999999944,-38.38273549999997,salvador,BA
41345,-12.913190228240467,-38.46338001450636,salvador,BA
41345,-12.897836098534215,-38.42558641742172,salvador,BA
45992,-17.543541535226055,-39.74327274908316,teixeira de freitas,BA
45992,-17.551767348772188,-39.74340109108302,teixeira de freitas,BA
45992,-17.555360089260105,-39.743147566606126,teixeira de freitas,BA
45992,-17.543541535226055,-39.74327274908316,teixeira de freitas,BA
45992,-17.549252703870867,-39.75018752039395,teixeira de freitas,BA
48790,-10.960619571867698,-38.78738239695715,tucano,BA
48790,-10.966889256403734,-38.78528484065432,tucano,BA
48790,-10.965391341869461,-38.785240224142704,tucano,BA
48790,-10.968677361201363,-38.783351593459166,tucano,BA
48790,-10.960148424327423,-38.786911931080944,tucano,BA
54325,-8.158610896096468,-34.93938825144736,jaboatao dos guararapes,PE
54325,-8.16047643442131,-34.93683437678868,jaboatao dos guararapes,PE
54325,-8.164328885563267,-34.9326353622602,jaboatao dos guararapes,PE
54325,-8.15808040466844,-34.93811061893355,jaboatao dos guararapes,PE
54325,-8.160476290322514,-34.93512873258697,jaboatao dos guararapes,PE
57052,-9.639509171371904,-35.733717083168045,maceio,AL
57052,-9.625960478475484,-35.733334258814686,maceio,AL
57052,-9.621642811749675,-35.73272303549577,maceio,AL
57052,-9.620306653903828,-35.731178685815685,maceio,AL
57052,-9.639122028504422,-35.73093960115776,maceio,AL
57220,-10.292327772325192,-36.30577725049051,feliz deserto,AL
57220,-10.292176260076207,-36.3073057873191,feliz deserto,AL
57220,-10.299167005714796,-36.31243093602884,feliz deserto,AL
57220,-10.292176260076207,-36.3073057873191,feliz deserto,AL
57220,-10.292176260076207,-36.3073057873191,feliz deserto,AL
66635,-1.356206424661545,-48.45374911705526,belem,PA
66635,-1.3118655901190772,-48.45707290600975,belem,PA
66635,-1.440175787408328,-48.463407514282494,belem,PA
66635,-1.3553302306537323,-48.44562401610016,belém,PA
66635,-1.3118655901190772,-48.45707290600975,belem,PA
68543,-7.562028886409853,-49.70357286521913,floresta do araguaia,PA
68543,-7.549390689333794,-49.699537206353455,floresta do araguaia,PA
68543,-7.563987225410065,-49.70143560657391,floresta do araguaia,PA
68543,-7.564699841817217,-49.70943573677663,floresta do araguaia,PA
68543,-7.563987225410065,-49.70143560657391,floresta do araguaia,PA
71660,-15.84440608159733,-47.84740208436729,brasilia,DF
71660,-15.838810921172634,-47.83362722176691,brasilia,DF
71660,-15.844105123127814,-47.84457781035239,brasilia,DF
71660,-15.83923449329217,-47.833952477608065,brasilia,DF
71660,-15.846165984736555,-47.8483382776848,brasilia,DF
74840,-16.737368204484,-49.27366827062004,goiania,GO
74840,-16.738247449029576,-49.28467792635798,goiania,GO
74840,-16.736240705182954,-49.2779556069106,goiania,GO
74840,-16.735976593611124,-49.27199643559384,goiânia,GO
74840,-16.738247449029576,-49.28467792635798,goiânia,GO
79085,-20.521693341652767,-54.65726588259566,campo grande,MS
79085,-20.51935567721735,-54.65661362432924,campo grande,MS
79085,-20.521139574239736,-54.65576141952785,campo grande,MS
79085,-20.521693341652767,-54.65726588259566,campo grande,MS
79085,-20.53199931611754,-54.65977696641469,campo grande,MS
80320,-25.45871651095423,-49.30218888165614,curitiba,PR
80320,-25.458678860378665,-49.28940812017428,curitiba,PR
80320,-25.46839091866246,-49.29483592700101,curitiba,PR
80320,-25.457622769346262,-49.289128648623695,curitiba,PR
80320,-25.464438971323368,-49.295341931520554,curitiba,PR
80330,-25.472734941716194,-49.30563836747645,curitiba,PR
80330,-25.473916540106174,-49.31831181753118,curitiba,PR
80330,-25.469808503862986,-49.30134598658058,curitiba,PR
80330,-25.472095052166964,-49.308013346788655,curitiba,PR
80330,-25.472095052166964,-49.308013346788655,curitiba,PR
81070,-25.480153508742575,-49.29687243020366,curitiba,PR
81070,-25.475000711062464,-49.299689425616016,curitiba,PR
81070,-25.47926400312573,-49.294330585661164,curitiba,PR
81070,-25.479479503750913,-49.30087033236194,curitiba,PR
81070,-25.563066113576145,-49.31413047866329,curitiba,PR
81320,-25.47727317456296,-49.32436710519932,curitiba,PR
81320,-25.475572198261332,-49.326511009519706,curitiba,PR
81320,-25.479329522332574,-49.32244332667777,curitiba,PR
81320,-25.47727317456296,-49.32436710519932,curitiba,PR
81320,-25.478470351380544,-49.31464276337172,curitiba,PR
81560,-25.496852521236054,-49.20902332180169,curitiba,PR
81560,-25.47613143130018,-49.22110535942638,curitiba,PR
81560,-25.481942928584154,-49.22191962562598,curitiba,PR
81560,-25.495556311962602,-49.210757051762926,curitiba,PR
81560,-25.477517850395333,-49.22418436525475,curitiba,PR
81880,-25.539430693865768,-49.2886326382077,curitiba,PR
81880,-25.534281481921386,-49.29230720630437,curitiba,PR
81880,-25.535142002981274,-49.29833064195244,curitiba,PR
81880,-25.53626180322003,-49.28988230682671,curitiba,PR
81880,-25.54481267413754,-49.28665393493621,curitiba,PR
83408,-25.371298736141743,-49.18823376385825,colombo,PR
83408,-25.365276263700757,-49.185646953971144,colombo,PR
83408,-25.360584552293467,-49.17941683824904,colombo,PR
83408,-25.371287428340757,-49.188372264856255,colombo,PR
83408,-25.378835498441358,-49.1835674331924,colombo,PR
85478,-25.117697440017274,-53.015178816300285,ibema,PR
85478,-25.115525338508153,-53.00296578085956,ibema,PR
85478,-25.11291212140967,-53.02039693975022,ibema,PR
85478,-25.117774064093606,-53.02111389539952,ibema,PR
85478,-25.11820038457694,-53.02664280714017,ibema,PR
85904,-24.709844492474506,-53.75003279931422,toledo,PR
85904,-24.707322060828123,-53.741461310039014,toledo,PR
85904,-24.69736391744329,-53.7652716973353,toledo,PR
85904,-24.71194405441077,-53.74666459978172,toledo,PR
85904,-24.707315066037243,-53.74755398521683,toledo,PR
86350,-23.147830686777002,-50.52125010192194,santa mariana,PR
86350,-23.148724115460407,-50.52722229409947,santa mariana,PR
86350,-23.146292168121846,-50.52307810412837,santa mariana,PR
86350,-23.14664345438746,-50.51667724660247,santa mariana,PR
86350,-23.145376821737816,-50.517797642860344,santa mariana,PR
86600,-23.31259824896755,-51.36894941889966,rolandia,PR
86600,-23.31565251242163,-51.356182438786476,rolandia,PR
86600,-23.310650480662893,-51.3605839853025,rolandia,PR
86600,-23.308010453977754,-51.355466919634274,rolandia,PR
86600,-23.312786800863034,-51.34550033521209,rolandia,PR
87305,-24.04802721221974,-52.406031811259375,campo mourao,PR
87305,-24.05091312153462,-52.40292415466315,campo mourao,PR
87305,-24.051693824132553,-52.40380890670797,campo mourao,PR
87305,-24.047123286157035,-52.39358228468256,campo mourao,PR
87305,-24.044883440341227,-52.397548059913674,campo mourao,PR
87355,-24.418660628300504,-52.837499976054396,juranda,PR
87355,-24.41601603160456,-52.843203,juranda,PR
87355,-24.41731211326287,-52.84003041212032,juranda,PR
87355,-24.41726648145501,-52.839333981455006,juranda,PR
87355,-24.421218622729405,-52.845912793976424,juranda,PR
87900,-22.931426544866625,-53.13375928731349,loanda,PR
87900,-22.92921647953114,-53.141643123648834,loanda,PR
87900,-22.930408260235126,-53.13463766322048,loanda,PR
87900,-22.92291349506842,-53.136376387674666,loanda,PR
87900,-22.9312262832426,-53.13261651362124,loanda,PR
01031,-23.536864121011018,-46.63349313820771,sao paulo,SP
01031,-23.541997726613936,-46.63482435968365,sao paulo,SP
01031,-23.542520789115148,-46.63533516134283,sao paulo,SP
01031,-23.542520789115148,-46.63533516134283,sao paulo,SP
01031,-23.542520789115148,-46.63533516134283,são paulo,SP
01107,-23.521656419429938,-46.63442349713816,são paulo,SP
01107,-23.521656419429938,-46.63442349713816,sao paulo,SP
01107,-23.522597958284045,-46.633089288854116,sao paulo,SP
01107,-23.527880591724877,-46.62687344324541,são paulo,SP
01107,-23.522004902014046,-46.63397365860703,sao paulo,SP
01140,-23.51709905300368,-46.676539268653784,sao paulo,SP
01140,-23.52564861281671,-46.66180787607479,sao paulo,SP
01140,-23.51709905300368,-46.676539268653784,são paulo,SP
01140,-23.517930174303164,-46.66742959008009,sao paulo,SP
01140,-23.51709905300368,-46.676539268653784,sao paulo,SP
01151,-23.527788191788307,-46.66030962184773,sao paulo,SP
01151,-23.530118384961586,-46.65777137039065,sao paulo,SP
01151,-23.531294001384985,-46.656404093946584,sao paulo,SP
01151,-23.531421059668784,-46.65626204287612,sao paulo,SP
01151,-23.53333440244673,-46.654073790178295,sao paulo,SP
01533,-23.57219854010617,-46.639131098245755,sao paulo,SP
01533,-23.570389320012676,-46.63769974646544,são paulo,SP
01533,-23.572852920624364,-46.637485973628046,sao paulo,SP
01533,-23.569338164031375,-46.63873148265908,sao paulo,SP
01533,-23.57020667998731,-46.63772425353455,sao paulo,SP
02078,-23.502460609498485,-46.59374588980903,sao paulo,SP
02078,-23.503345480437392,-46.594937865803,sao paulo,SP
02078,-23.502460609498485,-46.59374588980903,sao paulo,SP
02078,-23.502460609498485,-46.59374588980903,sao paulo,SP
02078,-23.502460609498485,-46.59374588980903,sao paulo,SP
02727,-23.496813366639724,-46.68634403996195,sao paulo,SP
02727,-23.491305618096828,-46.68611356549716,sao paulo,SP
02727,-23.494320628104177,-46.686333871895826,sao paulo,SP
02727,-23.49766724562872,-46.68565145282469,sao paulo,SP
02727,-23.500408547319527,-46.68551823980033,sao paulo,SP
02752,-23.494063389953254,-46.681961086733224,sao paulo,SP
02752,-23.493958344711192,-46.683958520543555,sao paulo,SP
02752,-23.495997921014894,-46.68376870640487,sao paulo,SP
02752,-23.494764719401005,-46.68399204815625,sao paulo,SP
02752,-23.49491842131685,-46.68259217638064,são paulo,SP
02754,-23.48973963025945,-46.67775813025945,sao paulo,SP
02754,-23.488196280599,-46.67667000819431,são paulo,SP
02754,-23.489537144324544,-46.67620566541635,sao paulo,SP
02754,-23.491281593946574,-46.678970808211695,sao paulo,SP
02754,-23.49047021065843,-46.67844036303304,sao paulo,SP
02963,-23.485094235356932,-46.70215065889548,sao paulo,SP
02963,-23.488379381903176,-46.6993001261469,sao paulo,SP
02963,-23.486821438801993,-46.70083870705175,sao paulo,SP
02963,-23.485755415382435,-46.70221321730524,sao paulo,SP
02963,-23.488680226758596,-46.69966864432453,sao paulo,SP
03194,-23.56788988703906,-46.57394821510183,são paulo,SP
03334,-23.554597380692613,-46.57370400298258,sao paulo,SP
03334,-23.553390692102237,-46.571479614360904,sao paulo,SP
03334,-23.55315217262972,-46.57025186081134,sao paulo,SP
03334,-23.552817024150233,-46.57484226395058,sao paulo,SP
03334,-23.554109870390636,-46.57148809380234,sao paulo,SP
03445,-23.549276996393314,-46.52600554010618,sao paulo,SP
03445,-23.547975925616033,-46.52959574355125,sao paulo,SP
03445,-23.551227000000004,-46.52796825,sao paulo,SP
03445,-23.546224791563276,-46.530611292399996,sao paulo,SP
03445,-23.550567841796994,-46.53097971080267,sao paulo,SP
03569,-23.541941545934563,-46.490954888424035,sao paulo,SP
03569,-23.545859410180075,-46.49097687278091,sao paulo,SP
03569,-23.542147246465436,-46.488011961423034,sao paulo,SP
03569,-23.54026727338563,-46.48834801082004,sao paulo,SP
03569,-23.541941545934563,-46.490954888424035,sao paulo,SP
03654,-23.525103133365025,-46.51764616148771,sao paulo,SP
03654,-23.526683392174956,-46.518188777829025,sao paulo,SP
03654,-23.523440594783306,-46.51631656855559,são paulo,SP
03654,-23.52550723126717,-46.51543957499104,sao paulo,SP
03654,-23.526496875382307,-46.515919505135884,sao paulo,SP
03813,-23.486683575401436,-46.46746268716547,sao paulo,SP
03813,-23.4904070224768,-46.46770693963872,sao paulo,SP
03813,-23.486069423655206,-46.46871934795597,sao paulo,SP
03813,-23.485148948092828,-46.46865691687344,sao paulo,SP
03813,-23.48355659913562,-46.46796300687608,sao paulo,SP
04176,-23.63461395920133,-46.60225462975359,sao paulo,SP
04176,-23.633857424923534,-46.604377733971944,sao paulo,SP
04176,-23.637841805441735,-46.60263236802471,sao paulo,SP
04176,-23.63632036191795,-46.60192493136456,são paulo,SP
04176,-23.632656791520134,-46.60307768475407,sao paulo,SP
04272,-23.60913161896049,-46.61258745259877,sao paulo,SP
04272,-23.59471375658502,-46.619352486686246,sao paulo,SP
04272,-23.603196164031385,-46.61479042437527,sao paulo,SP
04272,-23.603080222315185,-46.61482148987243,sao paulo,SP
04272,-23.595548427145243,-46.61797545045877,sao paulo,SP
04296,-23.621852242022026,-46.603648283513195,sao paulo,SP
04296,-23.621399040105096,-46.60352103657811,sao paulo,SP
04296,-23.621852242022026,-46.603648283513195,sao paulo,SP
04296,-23.621852242022026,-46.603648283513195,são paulo,SP
04296,-23.619657075969684,-46.60386138507226,sao paulo,SP
04304,-23.62610138412488,-46.63196215751051,sao paulo,SP
04304,-23.62720441271851,-46.63730306564138,sao paulo,SP
04304,-23.626938991949917,-46.63551958312655,sao paulo,SP
04304,-23.62790933611284,-46.63535064723874,são paulo,SP
04304,-23.626854379467435,-46.639898891428665,sao paulo,SP
04530,-23.58552334915458,-46.673211593398314,sao paulo,SP
04530,-23.579624316117535,-46.67398981057763,sao paulo,SP
04530,-23.577904854290473,-46.67181253762466,sao paulo,SP
04530,-23.58521952899767,-46.67227295337295,são paulo,SP
04530,-23.57916377491485,-46.672024075768945,sao paulo,SP
04559,-23.614087956142907,-46.68093259784173,são paulo,SP
04559,-23.612837238415345,-46.67967255675459,sao paulo,SP
04559,-23.61270181986846,-46.679632936032036,sao paulo,SP
04559,-23.614087956142907,-46.68093259784173,sao paulo,SP
04559,-23.617297058283814,-46.68397416333888,sao paulo,SP
04708,-23.62880268351412,-46.691237434291864,são paulo,SP
04708,-23.62923449486411,-46.69261399056494,sao paulo,SP
04708,-23.630684808447832,-46.69319845966223,sao paulo,SP
04708,-23.63069581626177,-46.69299675797797,sao paulo,SP
04708,-23.62923449486411,-46.69261399056494,sao paulo,SP
04890,-23.82258715292288,-46.72784827728077,sao paulo,SP
04890,-23.828215500000006,-46.73068875,sao paulo,SP
04890,-23.834256363894106,-46.71747724480153,são paulo,SP
04890,-23.82609532889948,-46.7287088731606,são paulo,SP
04890,-23.828654640573628,-46.72156247974489,são paulo,SP
04905,-23.675550108517534,-46.75526493949448,sao paulo,SP
04905,-23.675962452680462,-46.753074282820705,são paulo,SP
04905,-23.675905499567303,-46.75188111226845,são paulo,SP
04905,-23.672784006116846,-46.74376437523806,sao paulo,SP
04905,-23.670148796847354,-46.73778764613856,são paulo,SP
04941,-23.70002503719199,-46.77857046003804,sao paulo,SP
04941,-23.69821984041202,-46.77745479017829,são paulo,SP
04941,-23.70498915187431,-46.775275778119884,sao paulo,SP
04941,-23.701644440186985,-46.77208124508046,são paulo,SP
04941,-23.698022532056086,-46.77871234970284,sao paulo,SP
04943,-23.702466279214015,-46.7857914358878,são paulo,SP
04943,-23.704878363033053,-46.78755043297363,sao paulo,SP
04943,-23.707275810433394,-46.789295537191975,sao paulo,SP
04943,-23.70843618151653,-46.79195181556929,sao paulo,SP
04943,-23.705433922009348,-46.786156014570935,sao paulo,SP
05143,-23.496697917017688,-46.719354771856416,sao paulo,SP
05143,-23.49361290813089,-46.72310797085808,sao paulo,SP
05143,-23.497722188181626,-46.72231478711988,sao paulo,SP
05143,-23.493057663887154,-46.72352496211553,sao paulo,SP
05143,-23.496697917017688,-46.719354771856416,sao paulo,SP
05181,-23.45543839716661,-46.743492581481746,sao paulo,SP
05181,-23.460130445467104,-46.74654102637193,sao paulo,SP
05181,-23.455017618645087,-46.74724570912921,sao paulo,SP
05181,-23.45482354731954,-46.748935037191984,sao paulo,SP
05181,-23.456226666945565,-46.74505268497897,são paulo,SP
05528,-23.593979703849094,-46.75722062170351,são paulo,SP
05528,-23.593899495818743,-46.75984840514934,sao paulo,SP
05528,-23.598002419931877,-46.75483504010617,sao paulo,SP
05528,-23.593509320603946,-46.762170221630136,sao paulo,SP
05528,-23.593395634841325,-46.757875363396,sao paulo,SP
05634,-23.608349214265107,-46.73536441534424,sao paulo,SP
05634,-23.608349214265107,-46.73536441534424,sao paulo,SP
05634,-23.604632999999993,-46.738755,sao paulo,SP
05634,-23.608349214265107,-46.73536441534424,sao paulo,SP
05634,-23.608349214265107,-46.73536441534424,sao paulo,SP
05707,-23.634696500507943,-46.72657988691357,sao paulo,SP
05707,-23.637207824311847,-46.72697086568744,sao paulo,SP
05707,-23.64358026840783,-46.73208462230973,sao paulo,SP
05707,-23.643559858635008,-46.73227511352274,sao paulo,SP
05707,-23.64289078542183,-46.72848106811363,sao paulo,SP
05749,-23.618070440186973,-46.747362677217346,sao paulo,SP
05749,-23.62195298167813,-46.745579985573286,sao paulo,SP
05749,-23.622811679371736,-46.74513118345427,sao paulo,SP
05749,-23.617324623925214,-46.74728649194992,são paulo,SP
05749,-23.620626031363596,-46.74603060935425,sao paulo,SP
05767,-23.63133471752179,-46.759458892739715,sao paulo,SP
05767,-23.633983299469115,-46.762260500836724,são paulo,SP
05767,-23.636923438801997,-46.76020082653355,são paulo,SP
05767,-23.63668525867046,-46.76086388204739,sao paulo,SP
05767,-23.62937952289093,-46.759941948343815,são paulo,SP
05877,-23.689015051070452,-46.792122029834395,sao paulo,SP
05877,-23.691533322234385,-46.79113208228981,sao paulo,SP
05877,-23.69199483680533,-46.79350116126143,são paulo,SP
05877,-23.69511912545442,-46.78753643519533,sao paulo,SP
05877,-23.6942710036621,-46.78808139645152,são paulo,SP
05894,-23.651715093143586,-46.787411725868246,sao paulo,SP
05894,-23.65532771631757,-46.78503665601929,sao paulo,SP
05894,-23.65479576242137,-46.790831231750246,sao paulo,SP
05894,-23.651226345547904,-46.79037927200066,sao paulo,SP
05894,-23.65574736303305,-46.784844125454406,sao paulo,SP
06184,-23.541090517889177,-46.806520500000005,osasco,SP
06184,-23.536830961134577,-46.80605612640671,osasco,SP
06184,-23.535222430297654,-46.80527950337801,osasco,SP
06184,-23.536619968641883,-46.809401271276826,osasco,SP
06184,-23.53806003135811,-46.808364728723156,osasco,SP
06283,-23.5168573377747,-46.770197196975495,osasco,SP
06283,-23.515148640025366,-46.767201625742864,osasco,SP
06283,-23.514079363378823,-46.76992517889079,osasco,SP
06283,-23.51258860753659,-46.76248136747644,osasco,SP
06283,-23.514079363378823,-46.76992517889079,osasco,SP
06382,-23.54811119219724,-46.841166759880586,carapicuíba,SP
06382,-23.54966472959586,-46.83866185097984,carapicuiba,SP
06382,-23.550171794452055,-46.842066787468426,carapicuiba,SP
06382,-23.550126559003346,-46.84260174581839,carapicuiba,SP
06382,-23.54870266679482,-46.83957457112993,carapicuiba,SP
06535,-23.42685192423104,-46.85164034471118,santana de parnaiba,SP
06535,-23.42048243825374,-46.86253146572221,santana de parnaiba,SP
06535,-23.424904645017026,-46.848731055369626,santana de parnaiba,SP
06535,-23.425651917017692,-46.85029666250216,santana de parnaiba,SP
06535,-23.42413529669916,-46.85260216610886,santana de parnaiba,SP
06900,-23.828521677387236,-46.814795982633896,embu-guacu,SP
06900,-23.881320404210108,-46.79215402364726,embu-guacu,SP
06900,-23.82791924994743,-46.81405456170517,embu-guaçu,SP
06900,-23.83885543999125,-46.81962775338185,embu-guacu,SP
06900,-23.838180273610167,-46.820156228303794,embu-guacu,SP
07044,-23.480327545934557,-46.55338010352588,guarulhos,SP
07044,-23.480617159587982,-46.55515107077729,guarulhos,SP
07044,-23.486656882595657,-46.55533544532287,guarulhos,SP
07044,-23.48114956341969,-46.553500896474134,guarulhos,SP
07044,-23.48142699194992,-46.549336526227705,guarulhos,SP
07081,-23.444360601996667,-46.551058040798665,guarulhos,SP
07081,-23.445041311962598,-46.54877449777828,guarulhos,SP
07081,-23.442978740492823,-46.55706604884875,guarulhos,SP
07081,-23.446878118789314,-46.55149583458365,guarulhos,SP
07081,-23.441564965029713,-46.55384932944773,guarulhos,SP
07230,-23.45380367638063,-46.45145445920133,guarulhos,SP
07230,-23.458275,-46.45919699999999,guarulhos,SP
07230,-23.450649590339896,-46.45387970260833,guarulhos,SP
07230,-23.45338491978764,-46.45021053649949,guarulhos,SP
07230,-23.454773601996667,-46.455768591869116,guarulhos,SP
07261,-23.410676208255264,-46.42291160766692,guarulhos,SP
07261,-23.411858783513182,-46.48057761587512,guarulhos,SP
07261,-23.44866652039933,-46.400202335276134,guarulhos,SP
07261,-23.442187499999992,-46.401507,guarulhos,SP
07261,-23.45328029145279,-46.40027740631125,guarulhos,SP
08142,-23.524553514570954,-46.389812155144575,sao paulo,SP
08142,-23.523852572854754,-46.389994622395996,sao paulo,SP
08142,-23.523790117404342,-46.39587099806676,são paulo,SP
08142,-23.51905222009349,-46.3838611902591,sao paulo,SP
08142,-23.516278931444408,-46.383780279214015,sao paulo,SP
08270,-23.56347272626275,-46.45808205748179,são paulo,SP
08270,-23.56017137607479,-46.46356312101102,sao paulo,SP
08270,-23.554241232100726,-46.463678589540855,sao paulo,SP
08270,-23.561075996393324,-46.46201448182236,são paulo,SP
08270,-23.568253721622707,-46.461260215794304,sao paulo,SP
37520,-22.248432439398073,-45.4621217387963,pedralva,MG
37520,-22.247844251468585,-45.4668251245853,pedralva,MG
37520,-22.249232201817723,-45.46560289899921,pedralva,MG
37520,-22.243432246830398,-45.46740948753147,pedralva,MG
37520,-22.248823373744827,-45.46240959281169,pedralva,MG
38240,-19.89784652493589,-49.370916055336416,itapagipe,MG
38240,-19.90648524174671,-49.365191954315165,itapagipe,MG
38240,-19.899401143299187,-49.36957696043727,itapagipe,MG
38240,-19.901779399462406,-49.37148689123744,itapagipe,MG
38240,-19.900360276773675,-49.364889962871835,itapagipe,MG
38540,-18.491105178939936,-47.39826562372559,abadia dos dourados,MG
38540,-18.4717357807961,-47.405014111681595,abadia dos dourados,MG
38540,-18.487809685523924,-47.40486231008905,abadia dos dourados,MG
38540,-18.47175230838715,-47.40501337078958,abadia dos dourados,MG
38540,-18.48739579702138,-47.40022151243382,abadia dos dourados,MG
39406,-16.75096677091682,-43.844661119075774,montes claros,MG
39406,-16.718924698309035,-43.812831049256786,montes claros,MG
39406,-16.722643459046918,-43.8177433908969,montes claros,MG
39406,-16.721185716235826,-43.814825284699666,montes claros,MG
39406,-16.732271238999942,-43.82992749999994,montes claros,MG
39800,-17.865523008551605,-41.50863332335645,teófilo otoni,MG
39800,-17.841518397583293,-41.51125554902586,teofilo otoni,MG
39800,-17.864101324947697,-41.50874649132941,teofilo otoni,MG
39800,-17.86575660280225,-41.50602882283188,teofilo otoni,MG
39800,-17.842224557643895,-41.51247701529948,teofilo otoni,MG
40250,-12.980130342538981,-38.49372539894672,salvador,BA
40250,-12.979583999999994,-38.48901299999999,salvador,BA
40250,-12.97746621077668,-38.490836768532944,salvador,BA
40250,-12.980040497920179,-38.490632210902824,salvador,BA
40250,-12.978111786775012,-38.492054982908414,salvador,BA
41650,-12.94891394169844,-38.37875335542604,salvador,BA
41650,-12.956378940879468,-38.39283939341571,salvador,BA
41650,-12.937666893477358,-38.382843116880785,salvador,BA
41650,-12.951887479600671,-38.379797858589654,salvador,BA
41650,-12.947491130007116,-38.372689202064315,salvador,BA
46430,-14.224788977578138,-42.77686614606025,guanambi,BA
46430,-14.214494525719697,-42.7843921205332,guanambi,BA
46430,-14.216533116630323,-42.781292267837436,guanambi,BA
46430,-14.233239850038595,-42.77543804406087,guanambi,BA
46430,-14.220033058380226,-42.77696936138853,guanambi,BA
48410,-10.594433179978497,-38.38074697963245,cicero dantas,BA
48410,-10.598108151719716,-38.38251228564792,cicero dantas,BA
48410,-10.585667223767617,-38.38060378128494,cicero dantas,BA
48410,-10.587199500000004,-38.38067550000001,cicero dantas,BA
48410,-10.5904785847977,-38.38192682684011,cicero dantas,BA
50110,-8.043436688033808,-34.87680492106334,recife,PE
50110,-8.041626641614375,-34.87975921598064,recife,PE
50110,-8.038615157428678,-34.8740194890532,recife,PE
50110,-8.038356691678155,-34.875508457464704,recife,PE
50110,-8.041814765967429,-34.88087541629028,recife,PE
50680,-8.034284111329578,-34.93040571320721,recife,PE
50680,-8.037542608661761,-34.93328310935425,recife,PE
50680,-8.035558198164942,-34.93486145184375,recife,PE
50680,-8.032197300305837,-34.934533554532905,recife,PE
50680,-8.035310265087668,-34.93513369827863,recife,PE
57010,-9.673522969999965,-35.75954999999993,maceió,AL
57010,-9.670556796288055,-35.75403473146474,maceio,AL
57010,-9.668522556206334,-35.74682482431186,maceio,AL
57010,-9.66778560106255,-35.744022898937445,maceió,AL
57010,-9.667693341652768,-35.75219769830917,maceio,AL
57037,-9.64290825080245,-35.71065069575163,maceio,AL
57037,-9.635734708292503,-35.72994391479599,maceio,AL
57037,-9.64290825080245,-35.71065069575163,maceio,AL
57037,-9.644403367104578,-35.71224409806731,maceio,AL
57037,-9.646268909515863,-35.711958950314525,maceio,AL
58297,-6.809970277327546,-35.07364516396526,rio tinto,PB
58297,-6.803672494942723,-35.0802592968864,rio tinto,PB
58297,-6.803672494942723,-35.0802592968864,rio tinto,PB
58297,-6.807839691448348,-35.08317880918638,rio tinto,PB
58297,-6.804203405501295,-35.08077507499922,rio tinto,PB
58324,-7.473060538211956,-34.80818636133932,pitimbu,PB
58324,-7.474283017479785,-34.808114864253874,pitimbu,PB
58324,-7.541432953912571,-34.82726678366179,pitimbu,PB
58324,-7.474283017479785,-34.808114864253874,pitimbu,PB
61932,-3.8541886300200434,-38.58477618380895,maracanau,CE
61932,-3.853068649226826,-38.585220158711685,maracanau,CE
61932,-3.8654999931631195,-38.588049427562204,maracanau,CE
61932,-3.862693770054721,-38.58370076806563,maracanau,CE
61932,-3.8624832722882307,-38.58426227202254,maracanaú,CE
62590,-2.9181742164501543,-39.91897480651336,itarema,CE
62590,-3.069974999999946,-39.85220149999995,itarema,CE
62590,-2.9248978909510046,-39.912183507053335,itarema,CE
62590,-2.9229898191848105,-39.917495961661906,itarema,CE
62590,-2.920950392032821,-39.9192373924765,itarema,CE
62900,-4.9463383525261735,-37.96846520675923,russas,CE
62900,-4.924099746224315,-37.97332670543816,russas,CE
62900,-4.931424979162524,-37.969462853618516,russas,CE
62900,-4.944477978029816,-37.978627841282226,russas,CE
62900,-4.9400186985516825,-37.98434235105075,russas,CE
65715,-4.569409927828203,-45.13288472057774,lago da pedra,MA
65715,-4.56867337028631,-45.12385506205703,lago da pedra,MA
65715,-4.568322264906135,-45.12259576485793,lago da pedra,MA
65715,-4.552848657173686,-45.124615742479406,lago da pedra,MA
65715,-4.570220189894841,-45.132224754437246,lago da pedra,MA
67133,-1.3613126291362239,-48.40047768843737,ananindeua,PA
67133,-1.3640437399663632,-48.40157679244564,ananindeua,PA
67133,-1.3548772268752438,-48.40651442536607,ananindeua,PA
67133,-1.3530906661709263,-48.409798859523164,ananindeua,PA
67133,-1.3626507522507814,-48.39545249999999,ananindeua,PA
67200,-1.3614698897066804,-48.34930091963961,marituba,PA
67200,-1.3537449563976294,-48.3465149052327,marituba,PA
67200,-1.3587954048548212,-48.347757097168014,marituba,PA
67200,-1.3663901979142572,-48.33082446160184,marituba,PA
67200,-1.3727509372413709,-48.36346340551863,marituba,PA
69044,-3.0675638345836345,-60.055143108517534,manaus,AM
69044,-3.056625618096829,-60.06010847821569,manaus,AM
69044,-3.058659618096824,-60.062307485429045,manaus,AM
69044,-3.057432891233703,-60.053665684296035,manaus,AM
69044,-3.0711475736914835,-60.06111120330083,manaus,AM
70355,-15.814984500000003,-47.905841249999995,brasilia,DF
70355,-15.81418011112639,-47.905102418627045,brasilia,DF
70355,-15.81418011112639,-47.905102418627045,brasilia,DF
70355,-15.81418011112639,-47.905102418627045,brasilia,DF
70355,-15.815249999999992,-47.905368749999994,brasilia,DF
71650,-15.857954413266782,-47.86713034041202,brasilia,DF
71650,-15.843223707744242,-47.85279738995325,brasília,DF
71650,-15.841574999999995,-47.84730525000001,brasilia,DF
71650,-15.846668999999991,-47.85668100000001,brasília,DF
71650,-15.84272959838998,-47.85304938995324,brasilia,DF
71939,-15.841159228299446,-48.018619753126785,brasilia,DF
71939,-15.841159228299446,-48.018619753126785,brasilia,DF
71939,-15.840391573448763,-48.016831130303004,brasilia,DF
71939,-15.840391573448763,-48.016831130303004,brasilia,DF
71939,-15.840391573448763,-48.016831130303004,brasília,DF
72450,-16.008511777961637,-48.05001692124417,brasilia,DF
74835,-16.726294140567493,-49.27637154365813,goiania,GO
74835,-16.730685461245297,-49.27486191247986,goiania,GO
74835,-16.72395007458451,-49.26776847507098,goiania,GO
74835,-16.730474228357885,-49.270584082170906,goiania,GO
74835,-16.640590500000005,-49.271829749999995,goiania,GO
78010,-15.603260819379907,-56.08135333486983,cuiaba,MT
78010,-15.605020851495338,-56.081684698441286,cuiaba,MT
78010,-15.605433093056,-56.0811374411601,cuiaba,MT
78010,-15.601983582604385,-56.089972903829626,cuiaba,MT
78010,-15.623858384972579,-56.06203775873142,cuiaba,MT
78043,-15.584669512986082,-56.10089206079052,cuiaba,MT
78043,-15.587514345602171,-56.10356149152978,cuiaba,MT
78043,-15.59760702868454,-56.11372203872414,cuiaba,MT
78043,-15.539359320870517,-56.09502821297992,cuiaba,MT
78043,-15.590912488008366,-56.11377976228086,cuiabá,MT
78770,-16.944486323891155,-53.52314557669081,alto garcas,MT
78770,-16.946500499999992,-53.52364125,alto garcas,MT
78770,-16.957024727942795,-53.535627274017884,alto garcas,MT
78770,-16.953007051212897,-53.52865391683964,alto garcas,MT
78770,-16.943585895153316,-53.52670838895875,alto garcas,MT
79100,-20.46528632845881,-54.636477388682806,campo grande,MS
79100,-20.459751663338885,-54.63820442255761,campo grande,MS
79100,-20.45985075470583,-54.636450235658224,campo grande,MS
79100,-20.45396939993657,-54.65050293796528,campo grande,MS
79100,-20.459464073807048,-54.6409038569162,campo grande,MS
79640,-20.785329000000004,-51.73997399999999,tres lagoas,MS
79640,-20.770589019609464,-51.71857879738265,tres lagoas,MS
79640,-20.778022806310616,-51.72124624766308,tres lagoas,MS
79640,-20.770589019609464,-51.71857879738265,tres lagoas,MS
79640,-20.777803792108877,-51.70888551416984,tres lagoas,MS
80410,-25.429682934483512,-49.274635177069236,curitiba,PR
80410,-25.431353559813015,-49.280528587569954,curitiba,PR
80410,-25.43249986011886,-49.278430613653434,curitiba,PR
80410,-25.424072654452097,-49.28143013281202,curitiba,PR
80410,-25.428883422895456,-49.278412521804526,curitiba,PR
80740,-25.44145496502972,-49.31273063488947,curitiba,PR
80740,-25.440647384961597,-49.31351531750252,curitiba,PR
80740,-25.437188503750907,-49.31225032944775,curitiba,PR
80740,-25.44081098834323,-49.31222016082872,curitiba,PR
80740,-25.444252016209195,-49.31441898379081,curitiba,PR
82540,-25.38321753667202,-49.246339279967835,curitiba,PR
82540,-25.39914259117662,-49.24855786886143,curitiba,PR
82540,-25.39805061642338,-49.251772394108194,curitiba,PR
82540,-25.394929628469374,-49.24645231417729,curitiba,PR
82540,-25.394155072710536,-49.24395098418828,curitiba,PR
83324,-25.428798209273445,-49.190059930030785,pinhais,PR
83324,-25.42253323535693,-49.1902336243579,pinhais,PR
83324,-25.429399903973604,-49.19245405057905,pinhais,PR
83324,-25.431720994793647,-49.18535324622314,pinhais,PR
83324,-25.42357918373822,-49.18654093003077,pinhais,PR
83607,-25.450216435405693,-49.51564087663902,campo largo,PR
83607,-25.454596871673466,-49.509080681167326,campo largo,PR
83607,-25.451560546343725,-49.521090636226155,campo largo,PR
83607,-25.448428542347898,-49.50840399987982,campo largo,PR
83607,-25.451248815383252,-49.5167675295539,campo largo,PR
85960,-24.549059297396184,-54.051576419179355,marechal candido rondon,PR
85960,-24.535331213521815,-54.054531872180725,marechal cândido rondon,PR
85960,-24.53665584798928,-54.051405629694735,marechal candido rondon,PR
85960,-24.53608573701283,-54.04171761871736,marechal candido rondon,PR
85960,-24.55829378653542,-54.05474124181414,marechal candido rondon,PR
86078,-23.27397904633858,-51.156956781983986,londrina,PR
86078,-23.277361458768485,-51.155291198628106,londrina,PR
86078,-23.27718416515656,-51.15677840536093,londrina,PR
86078,-23.275011450800655,-51.157958942358015,londrina,PR
86078,-23.27946887363169,-51.1461219253385,londrina,PR
87230,-23.62208737103585,-52.46578937273949,jussara,PR
87230,-23.625652950953086,-52.47243478870305,jussara,PR
87230,-23.620805220085185,-52.475052509227304,jussara,PR
87230,-23.622050625144276,-52.47621621094685,jussara,PR
87230,-23.6248393728884,-52.466834369985634,jussara,PR
88032,-27.536913214854426,-48.50901793197551,florianopolis,SC
88032,-27.553172194038662,-48.499837119828506,florianópolis,SC
88032,-27.47073403314391,-48.468515763076226,florianopolis,SC
88032,-27.53658007354725,-48.50411040550515,florianópolis,SC
88032,-27.47073403314391,-48.468515763076226,florianopolis,SC
88063,-27.68775442656832,-48.48827427364544,florianópolis,SC
88063,-27.67869908436729,-48.48858754261633,florianopolis,SC
88063,-27.691300550926215,-48.48732115696226,florianopolis,SC
88063,-27.66670193672453,-48.503267241041094,florianopolis,SC
88063,-27.676258754082824,-48.50055687884476,florianopolis,SC
88132,-27.64301988374891,-48.6725565749633,palhoca,SC
88132,-27.642182747026638,-48.67257294766518,palhoca,SC
88132,-27.657491720027668,-48.691005674861835,palhoca,SC
88132,-27.63603932461122,-48.67728873724473,palhoca,SC
88132,-27.639848847804316,-48.679395148161014,palhoça,SC
88302,-26.9213492959409,-48.65612014238568,itajai,SC
88302,-26.91158145860799,-48.66243022570985,itajai,SC
88302,-26.91424508979666,-48.66044301594309,itajai,SC
88302,-26.913761442779283,-48.66094867263115,itajai,SC
88302,-26.91342995584976,-48.66013433182929,itajai,SC
88303,-26.91182522946214,-48.678721354915965,itajai,SC
88303,-26.909248384833422,-48.66949611481539,itajai,SC
88303,-26.916731262807748,-48.67865646139367,itajai,SC
88303,-26.90981513104564,-48.670301013348286,itajai,SC
88303,-26.912808630242587,-48.67904772461987,itajai,SC
88316,-26.944800112629455,-48.7309700788002,itajai,SC
88316,-26.945099641748158,-48.73877681025375,itajai,SC
88316,-26.945835525674628,-48.732724508308124,itajai,SC
88316,-26.943276288691607,-48.71040332160563,itajai,SC
88316,-26.923049337637426,-48.65024676462052,itajai,SC
88370,-26.882802114895956,-48.65019927168843,navegantes,SC
88370,-26.88325361658132,-48.64526541053062,navegantes,SC
88370,-26.907117817109015,-48.64561264638474,navegantes,SC
88370,-26.89308937536352,-48.64676540511786,navegantes,SC
88370,-26.88540511874182,-48.645711469898586,navegantes,SC
22040,-22.96700369193254,-43.18314576657629,rio de janeiro,RJ
22040,-22.96743047570552,-43.18390548488078,rio de janeiro,RJ
22040,-22.968298477927224,-43.18394948583307,rio de janeiro,RJ
22040,-22.966447369957947,-43.1841884733396,rio de janeiro,RJ
22040,-22.972152823763594,-43.18840059201334,rio de janeiro,RJ
22050,-22.97180239967678,-43.18744649443143,rio de janeiro,RJ
22050,-22.971355740027075,-43.18707951323894,rio de janeiro,RJ
22050,-22.97475060727678,-43.19014062031851,rio de janeiro,RJ
22050,-22.972595929511165,-43.187969651941934,rio de janeiro,RJ
22050,-22.974371548992977,-43.19145028795659,rio de janeiro,RJ
22250,-22.938518021928537,-43.17619539800332,rio de janeiro,RJ
22250,-22.939718668878818,-43.17113662657961,rio de janeiro,RJ
22250,-22.941084835131903,-43.17220061310515,rio de janeiro,RJ
22250,-22.945856867332225,-43.18255154483804,rio de janeiro,RJ
22250,-22.942673770182985,-43.18117274813886,rio de janeiro,RJ
23030,-22.95530399999995,-43.582026499999955,rio de janeiro,RJ
23030,-22.978174505135893,-43.59134467929482,rio de janeiro,RJ
23030,-22.971491329447744,-43.647940365687425,rio de janeiro,RJ
23030,-22.981040580904846,-43.648161840152206,rio de janeiro,RJ
23030,-22.957569007772463,-43.5821741613064,rio de janeiro,RJ
24717,-22.802442612704986,-43.004167662474536,sao goncalo,RJ
24717,-22.812662941408142,-43.0066528155849,sao goncalo,RJ
24717,-22.80981369308408,-43.0020489309365,sao goncalo,RJ
24717,-22.811810026401677,-43.00638347647579,são gonçalo,RJ
24717,-22.81289694892915,-42.99854501565196,sao goncalo,RJ
24730,-22.826989851782468,-42.98979511839941,sao goncalo,RJ
24730,-22.830513802816164,-42.99144185256845,sao goncalo,RJ
24730,-22.829301051324062,-42.994698396401155,sao goncalo,RJ
24730,-22.82958794398833,-42.986570349934205,sao goncalo,RJ
24730,-22.8306615774844,-42.98499573613584,sao goncalo,RJ
24931,-22.940072394224586,-42.88783827716344,maricá,RJ
24931,-22.93465232892527,-42.89017328268164,marica,RJ
24931,-22.93768640734181,-42.897718768372926,maricá,RJ
24931,-22.93768640734181,-42.897718768372926,marica,RJ
24931,-22.937303423098697,-42.883230653675405,marica,RJ
25060,-22.757362481998488,-43.30120114816009,duque de caxias,RJ
25060,-22.763365091290293,-43.298213652225606,duque de caxias,RJ
25060,-22.772635898144316,-43.306587422194404,duque de caxias,RJ
25060,-22.765390011717663,-43.30032935048032,duque de caxias,RJ
25060,-22.773970592703193,-43.30679385575751,duque de caxias,RJ
25213,-22.64969639803787,-43.227682074883646,duque de caxias,RJ
25213,-22.677305513450097,-43.28226058443262,duque de caxias,RJ
25213,-22.67141722646238,-43.26755860215828,duque de caxias,RJ
25213,-22.671051893845796,-43.2739123127624,duque de caxias,RJ
25213,-22.67448506556428,-43.27454206659776,duque de caxias,RJ
25264,-22.648802582950537,-43.23530108331979,duque de caxias,RJ
25264,-22.64037458262185,-43.23330544188905,duque de caxias,RJ
25264,-22.640333659301906,-43.232689468851866,duque de caxias,RJ
25264,-22.640333659301906,-43.232689468851866,duque de caxias,RJ
25264,-22.648654790220323,-43.23534653131899,duque de caxias,RJ
25560,-22.769711367523303,-43.37281091738682,sao joao de meriti,RJ
25560,-22.767042308607685,-43.372533766881666,são joão de meriti,RJ
25560,-22.771167007460896,-43.37735964938041,sao joao de meriti,RJ
25560,-22.768071438144936,-43.372454162586465,sao joao de meriti,RJ
25560,-22.772505348206384,-43.36569962546586,sao joao de meriti,RJ
25620,-22.511952463273953,-43.1777121666574,petropolis,RJ
25620,-22.51114901519726,-43.17939371356605,petropolis,RJ
25620,-22.510467322980556,-43.175971945467644,petropolis,RJ
25620,-22.512382763203988,-43.17839497100046,petropolis,RJ
25620,-22.511478010485202,-43.17766678421673,petropolis,RJ
25803,-22.114931849301893,-43.20418377871129,tres rios,RJ
25803,-22.115005510276415,-43.203746759612784,tres rios,RJ
25803,-22.115924273325078,-43.209009118701594,três rios,RJ
25803,-22.114931849301893,-43.20418377871129,tres rios,RJ
25803,-22.114517660400324,-43.20666963881841,tres rios,RJ
26030,-22.737320408827117,-43.47296257764668,nova iguacu,RJ
26030,-22.73201124953184,-43.4609181253036,nova iguacu,RJ
26030,-22.729629302981042,-43.468804513821446,nova iguaçu,RJ
26030,-22.735301849684877,-43.48192923519395,nova iguacu,RJ
26030,-22.73879727215545,-43.45940868973386,nova iguacu,RJ
28735,-22.105186951798135,-41.45979324090135,quissama,RJ
28735,-22.10978855645005,-41.46958777278305,quissama,RJ
28735,-22.10894525711192,-41.46418154327784,quissama,RJ
28735,-22.108116651747743,-41.46278413058719,quissamã,RJ
28735,-22.111186328741635,-41.47073270350142,quissama,RJ
28970,-22.871874606599256,-42.26921988909431,araruama,RJ
28970,-22.872576092629302,-42.33595626768628,araruama,RJ
28970,-22.86541039534113,-42.33412177871154,araruama,RJ
28970,-22.862620743677166,-42.322949044962094,araruama,RJ
28970,-22.873327375208923,-42.35493652226991,araruama,RJ
89610,-27.17195603801515,-51.49352558295913,herval d'oeste,SC
89610,-27.170651292121832,-51.49280313380979,herval d'oeste,SC
89610,-27.180723863975896,-51.50085700174436,herval d'oeste,SC
89610,-27.17194469169079,-51.496199904566,herval d'oeste,SC
89610,-27.18065671335366,-51.49050624035622,herval d'oeste,SC
89801,-27.098114207579425,-52.60508998600228,chapeco,SC
89801,-27.099030618473527,-52.61543615823059,chapecó,SC
89801,-27.106398057114777,-52.611720735721306,chapeco,SC
89801,-27.102319443973887,-52.61185168282121,chapeco,SC
89801,-27.09654604684752,-52.6069638045089,chapeco,SC
89803,-27.10060820622856,-52.64124589560222,chapeco,SC
89803,-27.097735003770275,-52.6449524493698,chapeco,SC
89803,-27.103744710070192,-52.64359047703107,chapeco,SC
89803,-27.08723581964642,-52.62226786391717,chapecó,SC
89803,-27.10098988591655,-52.64129713996882,chapeco,SC
89998,-26.45973446031485,-52.822611539879134,novo horizonte,SC
89998,-26.444531139665624,-52.83512307727968,novo horizonte,SC
89998,-26.44814868211812,-52.83189378868771,novo horizonte,SC
90610,-30.04888496808813,-51.196545051358896,porto alegre,RS
90610,-30.0385797485429,-51.203878261440416,porto alegre,RS
90610,-30.051498992498182,-51.20475378005072,porto alegre,RS
90610,-30.057979550515217,-51.17625367405445,porto alegre,RS
90610,-30.049286646690465,-51.19801946557796,porto alegre,RS
92480,-29.856533702649784,-51.2689583252686,nova santa rita,RS
92480,-29.853886177855593,-51.24849564753414,nova santa rita,RS
92480,-29.857186880943274,-51.27536129744884,nova santa rita,RS
92480,-29.870707338117594,-51.28621507631896,nova santa rita,RS
92480,-29.83077930130569,-51.26223010764087,nova santa rita,RS
93212,-29.818973885113255,-51.171957673395454,sapucaia do sul,RS
93212,-29.810635464007447,-51.18049295099719,sapucaia do sul,RS
93212,-29.819530277954197,-51.175939993964384,sapucaia do sul,RS
93212,-29.81037630354532,-51.17971104048181,sapucaia do sul,RS
93212,-29.809891908211377,-51.161810071426125,sapucaia do sul,RS
93542,-29.6881809883103,-51.0915608374261,novo hamburgo,RS
93542,-29.684503561999975,-51.090349999999944,novo hamburgo,RS
93542,-29.677103261154638,-51.09904376559148,novo hamburgo,RS
93542,-29.685357443890126,-51.09245118770904,novo hamburgo,RS
93542,-29.69039679442871,-51.08804120453566,novo hamburgo,RS
94010,-29.947182643227062,-50.98726850565194,gravatai,RS
94010,-29.940833291748945,-50.99352356327054,gravatai,RS
94010,-29.938697916180963,-50.99416060644006,gravatai,RS
94010,-29.93055799723004,-50.97874391090083,gravatai,RS
94010,-29.93963230252754,-50.993241898840054,gravatai,RS
94931,-29.904147441009016,-51.09583343110395,cachoeirinha,RS
94931,-23.46408074411871,-46.66472066240582,cachoeirinha,RS
94931,-29.91836557306762,-51.10041765990425,cachoeirinha,RS
94931,-29.91836557306762,-51.10041765990425,cachoeirinha,RS
94931,-29.90724720144873,-51.09632060935794,cachoeirinha,RS
97507,-29.77500543408407,-57.07420851446703,uruguaiana,RS
97507,-29.77578163265167,-57.085001709355986,uruguaiana,RS
97507,-29.775732087153063,-57.08132469764333,uruguaiana,RS
97507,-29.775421652716023,-57.075106201487905,uruguaiana,RS
97507,-29.775732087153063,-57.08132469764333,uruguaiana,RS
98920,-27.61586773619327,-54.31070990694841,horizontina,RS
98920,-27.632012250714045,-54.31465282987551,horizontina,RS
98920,-27.617184692154353,-54.30790315425506,horizontina,RS
98920,-27.643283999999998,-54.318788999999995,horizontina,RS
98920,-27.61789240671515,-54.307462868245764,horizontina,RS
99350,-28.561720895928712,-52.7462928216082,victor graeff,RS
99350,-28.55821777136846,-52.74958159678685,victor graeff,RS
99350,-28.5606105947246,-52.74412269839669,victor graeff,RS
99350,-28.559604732037553,-52.74664179969188,victor graeff,RS
99350,-28.560578332302796,-52.742896997195196,victor graeff,RS
99470,-28.457425460271256,-52.81974698675991,nao-me-toque,RS
99470,-28.451082256238347,-52.821900883720424,nao-me-toque,RS
99470,-28.466262,-52.825616999999994,nao-me-toque,RS
99470,-28.45424392772072,-52.80764371736807,nao-me-toque,RS
99470,-28.466970060388658,-52.814432064564485,nao-me-toque,RS
99700,-27.63476848098565,-52.28029411864509,erechim,RS
99700,-27.63861458093773,-52.25754618600484,erechim,RS
99700,-27.630533844604077,-52.28021754012133,erechim,RS
99700,-27.64623792838599,-52.279820543857085,erechim,RS
99700,-27.633005789348516,-52.271143485320465,erechim,RS
87114,-23.431481257369107,-51.85490851643521,sarandi,PR
87114,-23.42578954885777,-51.86917581882909,sarandi,PR
87114,-23.43576250191828,-51.84877000767314,sarandi,PR
87114,-23.44002829511016,-51.86328739939407,sarandi,PR
87114,-23.42711479702507,-51.87966407766382,sarandi,PR
87300,-24.046123263676254,-52.36897352310729,campo mourao,PR
87300,-24.044473220994064,-52.37349187399016,campo mourao,PR
87300,-24.033802258754914,-52.38243288071345,campo mourao,PR
87300,-24.037703980563762,-52.3649860251951,campo mourao,PR
87300,-24.04053537055127,-52.371110291852304,campo mourao,PR
87340,-24.304112999999994,-52.533738,mambore,PR
87340,-24.314730785160545,-52.52916078698714,mambore,PR
87340,-24.311024347565226,-52.52651190636291,mambore,PR
87340,-24.32429890264248,-52.522695069604346,mamborê,PR
87340,-24.304029813331216,-52.53089396282439,mambore,PR
88108,-27.59180946782637,-48.62298221074738,sao jose,SC
88108,-27.596214248227874,-48.626900232644495,sao jose,SC
88108,-27.594814680398056,-48.61946196522896,são josé,SC
88108,-27.590399363673384,-48.6187013340221,sao jose,SC
88108,-27.59377834823903,-48.62149078203216,sao jose,SC
88330,-26.999696999999948,-48.63513949999995,balneario camboriu,SC
88330,-26.990021410208357,-48.63854685290549,balneario camboriu,SC
88330,-27.001721999999944,-48.62752099999997,balneário camboriú,SC
88330,-26.988669479987657,-48.634415457288846,balneario camboriu,SC
88330,-26.988106352178036,-48.63637217856529,balneario camboriu,SC
89114,-26.94309217265287,-48.93548624284629,gaspar,SC
89114,-26.939005887268262,-48.937224296011244,gaspar,SC
89114,-26.952727024863055,-48.930080150367,gaspar,SC
89114,-26.93711268635601,-48.942427373834676,gaspar,SC
89114,-26.92747507646082,-48.94464447676279,gaspar,SC
89201,-26.297897521784314,-48.84623041326677,joinville,SC
89201,-26.307404496537547,-48.843292615182634,joinville,SC
89201,-26.306421024150243,-48.84868270858097,joinville,SC
89201,-26.30042554731953,-48.85013157799065,joinville,SC
89201,-26.306419676448026,-48.851065461292215,joinville,SC
90230,-30.00731246906908,-51.19422244408211,porto alegre,RS
90230,-30.001677076605667,-51.2068419806972,porto alegre,RS
90230,-30.009033324956388,-51.201863189330616,porto alegre,RS
90230,-30.006482625598643,-51.200729397310845,porto alegre,RS
90230,-30.00123287148716,-51.203724978071456,porto alegre,RS
91751,-30.12782206628604,-51.22261917680643,porto alegre,RS
91751,-30.12431384263372,-51.22064857605742,porto alegre,RS
91751,-30.12003293110828,-51.22420407363752,porto alegre,RS
91751,-30.129003721911157,-51.215262706070796,porto alegre,RS
91751,-30.12003293110828,-51.22420407363752,porto alegre,RS
93265,-29.846107901962426,-51.16915245423768,esteio,RS
93265,-29.844486543433216,-51.15729328283389,esteio,RS
93265,-29.851025370578576,-51.168797090745116,esteio,RS
93265,-29.846687719556627,-51.162051481816796,esteio,RS
93265,-29.854497892700866,-51.172614739286665,esteio,RS
94450,-30.09146582358089,-51.063176365409866,viamao,RS
94450,-30.090900561946984,-51.080279115573404,viamao,RS
94450,-30.09117500566452,-51.07931656719988,viamao,RS
94450,-30.088865502053224,-51.07912915931089,viamao,RS
94450,-30.09146582358089,-51.063176365409866,viamao,RS
95012,-29.16624369279465,-51.209531752064,caxias do sul,RS
95012,-29.175575073631784,-51.21187238933807,caxias do sul,RS
95012,-29.17296103392495,-51.21520420691979,caxias do sul,RS
95012,-29.178342184887182,-51.21579363546899,caxias do sul,RS
95012,-29.17309811224842,-51.211794748133634,caxias do sul,RS
95555,-29.750130537873627,-50.02052715523322,capao da canoa,RS
95555,-29.759740102011037,-50.02715655676685,capao da canoa,RS
95555,-29.736043305332544,-50.00648080954016,capao da canoa,RS
95555,-29.76800956731631,-50.0207831702524,capao da canoa,RS
95555,-29.764619513043982,-50.02083866296681,capao da canoa,RS
01206,-23.536549999999977,-46.642679999999984,são paulo,SP
01206,-23.53024331750252,-46.64701052579501,sao paulo,SP
01206,-23.540038554532895,-46.63964825269783,sao paulo,SP
01206,-23.535535799324883,-46.64305202830518,sao paulo,SP
01206,-23.540038554532895,-46.63964825269783,sao paulo,SP
01229,-23.54108734139297,-46.65733920275257,sao paulo,SP
01229,-23.538706271163928,-46.65644576741301,sao paulo,SP
01229,-23.538743999999994,-46.656531,sao paulo,SP
01229,-23.535251099082476,-46.65518946517393,sao paulo,SP
01229,-23.54059883819032,-46.65713126533555,são paulo,SP
01315,-23.552592988343235,-46.64068338732753,sao paulo,SP
01315,-23.556162782128204,-46.64006103081534,sao paulo,SP
01315,-23.555460206763293,-46.63999405023373,são paulo,SP
01315,-23.552938121011007,-46.64064063099433,sao paulo,SP
01315,-23.556162782128204,-46.64006103081534,sao paulo,SP
01452,-23.56883153079836,-46.69199439364803,sao paulo,SP
01452,-23.570810444514542,-46.69077501106554,sao paulo,SP
01452,-23.57773070107914,-46.686496076317205,sao paulo,SP
01452,-23.57509551800028,-46.68801067626269,sao paulo,SP
01452,-23.579209792111527,-46.68555603246011,sao paulo,SP
01453,-23.583435663338896,-46.68646270038665,sao paulo,SP
01453,-23.585349865398975,-46.687259106295826,sao paulo,SP
01453,-23.581410475157263,-46.687349211206694,sao paulo,SP
01453,-23.58347042714524,-46.68531039592587,são paulo,SP
01453,-23.581590475157263,-46.6872357367419,sao paulo,SP
01501,-23.5519314837556,-46.63569089731083,são paulo,SP
01501,-23.551940483755605,-46.63571789731085,sao paulo,SP
01501,-23.554029525011202,-46.6356249749888,sao paulo,SP
01501,-23.552698840412017,-46.635483929222694,sao paulo,SP
01501,-23.553021750764596,-46.63535361226843,sao paulo,SP
02034,-23.50412273877685,-46.624607531165196,sao paulo,SP
02034,-23.505947161809686,-46.62372243118459,sao paulo,SP
02034,-23.503008059120525,-46.62596583166945,sao paulo,SP
02034,-23.503195529286135,-46.623383276992314,sao paulo,SP
02034,-23.506372445467097,-46.62555216180968,sao paulo,SP
02082,-23.494182391338235,-46.606683389260745,sao paulo,SP
02082,-23.493677720785975,-46.60546179378496,sao paulo,SP
02082,-23.494971614490147,-46.60891759478329,sao paulo,SP
02082,-23.49412075353457,-46.608631622396,sao paulo,SP
02082,-23.494856165416355,-46.604573360811344,sao paulo,SP
02310,-23.4719444074384,-46.59864459256161,sao paulo,SP
02310,-23.474509155981295,-46.599944453372956,sao paulo,SP
02310,-23.472766844018693,-46.602178072162275,sao paulo,SP
02310,-23.473052978908182,-46.60181153941368,sao paulo,SP
02310,-23.473423802383316,-46.599792328611024,sao paulo,SP
02998,-23.44062768720067,-46.72250811434592,são paulo,SP
02998,-23.440214874044155,-46.72896241693632,são paulo,SP
02998,-23.442662011656765,-46.72782417499564,sao paulo,SP
02998,-23.434662976439355,-46.73551091941028,sao paulo,SP
02998,-23.442453973916514,-46.727578839431054,são paulo,SP
03029,-23.530282470713868,-46.61558099999999,sao paulo,SP
03029,-23.528716250620374,-46.62026515958797,sao paulo,SP
03029,-23.53180699056494,-46.61700264308377,sao paulo,SP
03029,-23.53315768166075,-46.61710278518661,sao paulo,SP
03029,-23.527750724681123,-46.61908634318198,sao paulo,SP
03041,-23.550827637515205,-46.618267808500164,sao paulo,SP
03041,-23.548836834583636,-46.617288019014346,são paulo,SP
03041,-23.548836834583636,-46.617288019014346,sao paulo,SP
03041,-23.551593485429052,-46.61939117485142,sao paulo,SP
03041,-23.549616535374316,-46.61983619193254,sao paulo,SP
03128,-23.577476982514852,-46.58455889578164,sao paulo,SP
03128,-23.5770008731606,-46.58431738856827,sao paulo,SP
03128,-23.572365401610014,-46.58369112960936,sao paulo,SP
03128,-23.570391970858097,-46.58329096433723,sao paulo,SP
03128,-23.572839499307502,-46.58242913336025,sao paulo,SP
03417,-23.539685940879473,-46.54635608021235,sao paulo,SP
03417,-23.539685940879473,-46.54635608021235,sao paulo,SP
03417,-23.539685940879473,-46.54635608021235,são paulo,SP
03417,-23.539685940879473,-46.54635608021235,sao paulo,SP
03417,-23.540439635581976,-46.547314119481804,sao paulo,SP
03423,-23.547994679987315,-46.5406987209302,sao paulo,SP
03423,-23.556519303912527,-46.5423923613596,sao paulo,SP
03423,-23.556519303912527,-46.5423923613596,são paulo,SP
03423,-23.552773596168283,-46.543230188181624,sao paulo,SP
03423,-23.546698512349256,-46.540039604362576,sao paulo,SP
03477,-23.56956408479803,-46.50983675328986,são paulo,SP
03477,-23.56956408479803,-46.50983675328986,sao paulo,SP
03477,-23.567530318832812,-46.51205478799173,sao paulo,SP
03477,-23.567530318832812,-46.51205478799173,sao paulo,SP
03477,-23.567530318832812,-46.51205478799173,sao paulo,SP
03585,-23.571105097697494,-46.49189070996592,sao paulo,SP
03585,-23.571193315857744,-46.494994432136885,sao paulo,SP
03585,-23.565136534803777,-46.492218661271785,sao paulo,SP
03585,-23.562527553147923,-46.491558181516524,sao paulo,SP
03585,-23.56305502192854,-46.49150298182237,são paulo,SP
03728,-23.50346941494241,-46.50901285922317,sao paulo,SP
03728,-23.501296623925214,-46.51073013099434,sao paulo,SP
03728,-23.504259750380214,-46.50697459083243,sao paulo,SP
03728,-23.498382656673787,-46.50874518512319,sao paulo,SP
03728,-23.503503506899786,-46.51035686197501,são paulo,SP
03880,-23.50869470774424,-46.48672956633388,sao paulo,SP
03880,-23.50850886150384,-46.485872413266776,sao paulo,SP
03880,-23.507701535748033,-46.48311768165533,sao paulo,SP
03880,-23.507968714957602,-46.486797454065425,sao paulo,SP
03880,-23.508975656673787,-46.48354920843673,são paulo,SP
04104,-23.57603849928644,-46.638694817777726,são paulo,SP
04104,-23.57676568942238,-46.63759695406543,sao paulo,SP
04104,-23.575100689422378,-46.63967098251484,sao paulo,SP
04104,-23.575100689422378,-46.63967098251484,sao paulo,SP
04104,-23.575219212193705,-46.63945744987875,são paulo,SP
04128,-23.602765475237977,-46.63530842279597,sao paulo,SP
04128,-23.60077099417161,-46.63367249278664,sao paulo,SP
04128,-23.603210947544564,-46.63293098889149,sao paulo,SP
04128,-23.602904434358596,-46.630934444630384,são paulo,SP
04128,-23.60285350375091,-46.63565061226845,sao paulo,SP
04156,-23.632807714957597,-46.624907881210675,sao paulo,SP
04156,-23.63368106050551,-46.62066378420568,sao paulo,SP
04156,-23.631969740492824,-46.62401785567545,sao paulo,SP
04156,-23.632528756592986,-46.619713822926876,sao paulo,SP
04156,-23.631141803220032,-46.62339209394657,são paulo,SP
04160,-23.624653557591316,-46.61034341909516,sao paulo,SP
04160,-23.626012652778652,-46.61819584554791,sao paulo,SP
04160,-23.62358155176294,-46.61056007369148,sao paulo,SP
04160,-23.62556238995326,-46.61300045184374,sao paulo,SP
04160,-23.62483873956561,-46.608451355285546,sao paulo,SP
04261,-23.58143270774424,-46.61172042423104,sao paulo,SP
04261,-23.580306847770082,-46.611009195668984,sao paulo,SP
04261,-23.582180688384923,-46.61247576708301,sao paulo,SP
04261,-23.58314178573489,-46.612331894540894,sao paulo,SP
04261,-23.581918739107845,-46.613068664031374,sao paulo,SP
04367,-23.6532461379479,-46.66710865543304,sao paulo,SP
04367,-23.650434617548566,-46.66830299027648,sao paulo,SP
04367,-23.6520709753096,-46.66675729506972,sao paulo,SP
04367,-23.649476605603347,-46.66893040161003,sao paulo,SP
04367,-23.649528656673784,-46.66835890161002,sao paulo,SP
04378,-23.657414700315947,-46.653779695702674,sao paulo,SP
04378,-23.654131324167626,-46.65693051581169,sao paulo,SP
04378,-23.653417568411353,-46.65757975714125,sao paulo,SP
04378,-23.655826079923894,-46.655332832765964,são paulo,SP
04378,-23.652925584799977,-46.6581210863292,sao paulo,SP
04514,-23.600929683045738,-46.67255053413358,sao paulo,SP
04514,-23.600893012493476,-46.66951236358132,sao paulo,SP
04514,-23.59958939796705,-46.67122544611427,sao paulo,SP
04514,-23.599420156529565,-46.67118275826642,são paulo,SP
04514,-23.599142088262433,-46.67233087177561,sao paulo,SP
04517,-23.60887282791854,-46.67286227032722,sao paulo,SP
04517,-23.604844997230032,-46.67389853220031,sao paulo,SP
04517,-23.60680787603021,-46.67234213619369,sao paulo,SP
04517,-23.60480646224919,-46.67398773999772,sao paulo,SP
04517,-23.605808134923095,-46.67429236650057,sao paulo,SP
04613,-23.618439723007686,-46.664110744243736,sao paulo,SP
04613,-23.612733479977873,-46.674977495967156,sao paulo,SP
04613,-23.621229639188645,-46.665664134889475,são paulo,SP
04613,-23.620162023313526,-46.663383274078114,sao paulo,SP
04613,-23.612693514849788,-46.67502706310653,sao paulo,SP
04619,-23.627638728836065,-46.67274389217496,sao paulo,SP
04619,-23.618635275960468,-46.68142542708235,sao paulo,SP
04619,-23.627024863725534,-46.67219145045877,sao paulo,SP
04619,-23.6215357110692,-46.67785968091645,sao paulo,SP
04619,-23.619330492094154,-46.68112571120669,sao paulo,SP
04704,-23.622478837353594,-46.68981120330083,sao paulo,SP
04704,-23.624674952536232,-46.689826116856075,sao paulo,SP
04704,-23.62254282209016,-46.68967480460501,sao paulo,SP
04704,-23.62534141271851,-46.689591075076464,sao paulo,SP
04704,-23.623462162646394,-46.68688718858566,sao paulo,SP
04733,-23.632405094918127,-46.69186996887863,sao paulo,SP
04733,-23.63665699295384,-46.69477973651988,sao paulo,SP
04733,-23.632405094918127,-46.69186996887863,sao paulo,SP
04733,-23.652005561861586,-46.70560172535316,são paulo,SP
04733,-23.63819357033811,-46.695834754241616,são paulo,SP
04750,-23.644289462115523,-46.701457465029705,sao paulo,SP
04750,-23.64887719954993,-46.706185801286786,sao paulo,SP
04750,-23.647583860118864,-46.70522953926946,sao paulo,SP
04750,-23.64530093005943,-46.703677741185324,sao paulo,SP
04750,-23.64530093005943,-46.703677741185324,sao paulo,SP
04782,-23.693985995008337,-46.70188324132953,sao paulo,SP
04782,-23.690595583126534,-46.70399039884005,sao paulo,SP
04782,-23.690666430751918,-46.70391215514457,sao paulo,SP
04782,-23.691674603763378,-46.70263654351217,sao paulo,SP
04782,-23.690135955306197,-46.70487596655891,são paulo,SP
04821,-23.723884017954987,-46.678892251789016,sao paulo,SP
04821,-23.724008999999995,-46.69069049999999,são paulo,SP
04821,-23.724436442408674,-46.689150410352596,sao paulo,SP
04821,-23.724238064948914,-46.687786616711854,sao paulo,SP
04821,-23.723872727050004,-46.68565923971208,sao paulo,SP
04823,-23.725829378296496,-46.69231989286743,sao paulo,SP
04823,-23.724505225921877,-46.69835161601934,sao paulo,SP
04823,-23.72598820399333,-46.69315101526343,sao paulo,SP
04823,-23.7259795285767,-46.694624499470855,sao paulo,SP
04823,-23.724420307519203,-46.693046204974266,sao paulo,SP
04827,-23.721403285590664,-46.70056068206479,sao paulo,SP
04827,-23.723067415488483,-46.70198153427779,sao paulo,SP
04827,-23.720515709651103,-46.704543223282556,são paulo,SP
04827,-23.721918516792652,-46.701778567863094,sao paulo,SP
04827,-23.72093722315191,-46.69836117138896,sao paulo,SP
04828,-23.724652169859763,-46.70397260352587,sao paulo,SP
04828,-23.725503691644068,-46.70391453857696,sao paulo,SP
04828,-23.726973772908178,-46.706061402972956,sao paulo,SP
04828,-23.724713252842072,-46.70587279239997,são paulo,SP
04828,-23.72490970191586,-46.70366250721336,sao paulo,SP
04870,-23.749510231490447,-46.759725187633364,sao paulo,SP
04870,-23.74904039993658,-46.7591534635005,sao paulo,SP
04870,-23.747534227617635,-46.7548870630568,sao paulo,SP
04870,-23.753680323619363,-46.75477404717531,são paulo,SP
04870,-23.7542139181698,-46.75526504252841,são paulo,SP
05025,-23.53206184041201,-46.68902834471118,sao paulo,SP
05025,-23.540590655288806,-46.68266574785042,sao paulo,SP
05025,-23.534508059120533,-46.690796494027396,são paulo,SP
05025,-23.53193914126612,-46.68901715918395,sao paulo,SP
05025,-23.534508059120533,-46.690796494027396,são paulo,SP
05145,-23.506049208479613,-46.71737739541604,sao paulo,SP
05145,-23.506924838477467,-46.71444064088675,sao paulo,SP
05145,-23.500401757977958,-46.72367775797796,são paulo,SP
05145,-23.500401757977958,-46.72367775797796,sao paulo,SP
05145,-23.50630524608275,-46.71721254749295,sao paulo,SP
05408,-23.56893219389409,-46.69496305998219,são paulo,SP
05408,-23.56288684668409,-46.690415401986854,sao paulo,SP
05408,-23.55715386215891,-46.680712344540154,são paulo,SP
05408,-23.556999793029433,-46.68046620971136,sao paulo,SP
05408,-23.55433991035258,-46.67386006549717,sao paulo,SP
05419,-23.56915445490217,-46.68775818096825,sao paulo,SP
05419,-23.55818680134741,-46.700214360866134,sao paulo,SP
05419,-23.558134164434893,-46.700324419865034,sao paulo,SP
05419,-23.56304880904841,-46.69204660283338,sao paulo,SP
05419,-23.565920982514854,-46.69003604593456,sao paulo,SP
05452,-23.541876209273447,-46.708457683738224,sao paulo,SP
05452,-23.543878631138572,-46.707586228980276,são paulo,SP
05452,-23.543253303364267,-46.707058168878824,sao paulo,SP
05452,-23.541526811558565,-46.70778774937963,sao paulo,SP
05452,-23.55031174493622,-46.71156716833056,sao paulo,SP
05616,-23.587259951151253,-46.71949672370017,sao paulo,SP
05616,-23.586987393848393,-46.717932447400344,sao paulo,SP
05616,-23.586849156818023,-46.72105709132084,são paulo,SP
05616,-23.58696033166944,-46.71786899125743,sao paulo,SP
05616,-23.58662125506378,-46.71955984915459,sao paulo,SP
05626,-23.594595674158928,-46.735441522621045,sao paulo,SP
05626,-23.59350626452913,-46.731476559889785,são paulo,SP
05626,-23.597669744936223,-46.73404956633388,sao paulo,SP
05626,-23.594303222596007,-46.73493386692675,sao paulo,SP
05626,-23.596212182702313,-46.73565846366411,são paulo,SP
05662,-23.61064963113856,-46.72621973397196,são paulo,SP
05662,-23.61064963113856,-46.72621973397196,sao paulo,SP
05662,-23.612984612816703,-46.7227689045242,sao paulo,SP
05662,-23.61370576256515,-46.721439169509694,são paulo,SP
05662,-23.613055906260122,-46.72318330859518,sao paulo,SP
05890,-23.66734335045476,-46.78750322877922,são paulo,SP
05890,-23.66583248649868,-46.79387425165916,sao paulo,SP
05890,-23.666526199001662,-46.79322370191585,sao paulo,SP
05890,-23.666788711929126,-46.79089753761809,sao paulo,SP
05890,-23.663141696087475,-46.78844047446478,são paulo,SP
06273,-23.499688721157742,-46.76690136300499,osasco,SP
06273,-23.50132663168683,-46.77250836358131,osasco,SP
06273,-23.494069760747923,-46.76688957077729,osasco,SP
06273,-23.50576712072255,-46.76666729058231,osasco,SP
06273,-23.497557285330853,-46.767484934070126,osasco,SP
06351,-23.568969362528723,-46.87066107150704,carapicuiba,SP
06351,-23.5685655,-46.85603400000001,carapicuíba,SP
06351,-23.568137387751534,-46.86552650565444,carapicuiba,SP
06351,-23.56753563388496,-46.86549315854741,carapicuiba,SP
06351,-23.56793296609432,-46.86495416665745,carapicuíba,SP
06365,-23.5498053567012,-46.84757083862715,carapicuiba,SP
06365,-23.554204302117025,-46.848156120935435,carapicuiba,SP
06365,-23.548774008291314,-46.84672183944209,carapicuiba,SP
06365,-23.548417204015454,-46.856546422114505,carapicuiba,SP
06365,-23.55577001297992,-46.848046159953384,carapicuiba,SP
06711,-23.601890797391647,-46.83528117346643,cotia,SP
06711,-23.60471493941285,-46.8394842923569,cotia,SP
06711,-23.609466433009835,-46.839440518877964,cotia,SP
06711,-23.606654940879473,-46.83892938995325,cotia,SP
06711,-23.61069259838999,-46.83087447890818,cotia,SP
15220,-21.184653760852594,-49.58394845250138,mendonca,SP
15220,-21.184687108122787,-49.57379318670275,mendonca,SP
15220,-21.180882130034394,-49.582776372209885,mendonca,SP
15220,-21.182500908441742,-49.578666282693625,mendonca,SP
15220,-21.18587705964361,-49.58144355943304,mendonça,SP
16012,-21.218321545934558,-50.400362346932894,araçatuba,SP
16012,-21.20932595643137,-50.40630278143572,aracatuba,SP
16012,-21.214005359974628,-50.40166398903571,aracatuba,SP
16012,-21.214107,-50.39700975000001,aracatuba,SP
16012,-21.214716683882454,-50.40103805912053,aracatuba,SP
17509,-22.217559857477806,-49.93997427233191,marilia,SP
17509,-22.210886232045688,-49.947101198977634,marilia,SP
17509,-22.217304457672117,-49.94305952830517,marilia,SP
17509,-22.217559857477806,-49.93997427233191,marilia,SP
17509,-22.215369625310178,-49.94466038620235,marília,SP
17510,-22.198020051328264,-49.95449264828774,marília,SP
17510,-22.197229353970116,-49.95229506514211,marilia,SP
17510,-22.192288284736346,-49.95197852063301,marilia,SP
17510,-22.195492721622696,-49.95479033611286,marília,SP
17510,-22.198355392174957,-49.95497000083673,marilia,SP
17890,-21.518654363090278,-51.43460140551366,junqueiropolis,SP
17890,-21.51002415864969,-51.43724668750738,junqueiropolis,SP
17890,-21.507525476188242,-51.43927969401814,junqueiropolis,SP
17890,-21.51125566631006,-51.43455342671555,junqueiropolis,SP
17890,-21.519462471765657,-51.436238776687325,junqueiropolis,SP
17930,-21.38291083856337,-51.56972111900698,tupi paulista,SP
17930,-21.379160086599367,-51.57478664780932,tupi paulista,SP
17930,-21.38565990378502,-51.57012907273169,tupi paulista,SP
17930,-21.379574780984953,-51.563147637732634,tupi paulista,SP
17930,-21.384012336889416,-51.57226166951152,tupi paulista,SP
18185,-23.821237436073826,-47.71739093523898,pilar do sul,SP
18185,-23.82050716322623,-47.71874055712588,pilar do sul,SP
18185,-23.805939602309994,-47.72644775621685,pilar do sul,SP
18185,-23.80108872757817,-47.724582394644315,pilar do sul,SP
18185,-23.81307749999999,-47.71670174999999,pilar do sul,SP
18440,-23.857154847796437,-49.136339704162175,itaberá,SP
18440,-23.86194835108068,-49.14234094966059,itabera,SP
18440,-23.859274212281967,-49.12969191219161,itabera,SP
18440,-23.86453612373357,-49.144060474243844,itabera,SP
18440,-23.863106489846395,-49.14354376759771,itabera,SP
19800,-22.667913335276126,-50.41920174522468,assis,SP
19800,-22.666940664723867,-50.419162682064794,assis,SP
19800,-22.6519466290347,-50.44284361723422,assis,SP
19800,-22.666611478215692,-50.41698274854289,assis,SP
19800,-22.663281478215687,-50.41587124854291,assis,SP
19807,-22.645067741329548,-50.431451772693144,assis,SP
19807,-22.644125517629362,-50.41324166625309,assis,SP
19807,-22.65131527061568,-50.41627026089217,assis,SP
19807,-22.651521398577376,-50.42291439588281,assis,SP
19807,-22.642893225022966,-50.4147979891785,assis,SP
20031,-22.91064096725142,-43.176509831813675,rio de janeiro,RJ
20031,-22.911028805441727,-43.17637097100233,rio de janeiro,RJ
20031,-22.910210150989645,-43.177526145305485,rio de janeiro,RJ
20031,-22.910210150989645,-43.177526145305485,rio de janeiro,RJ
20031,-22.911263444630375,-43.17436061310515,rio de janeiro,RJ
20230,-22.908714883432378,-43.193807831813686,rio de janeiro,RJ
20230,-22.914905521784313,-43.18651417055224,rio de janeiro,RJ
20230,-22.909640574787996,-43.19418934194123,rio de janeiro,RJ
20230,-22.914716574788,-43.18513059048413,rio de janeiro,RJ
20230,-22.914203196779965,-43.18836089884006,rio de janeiro,RJ
20540,-22.92173310574757,-43.25868934445138,rio de janeiro,RJ
20540,-22.92478009270583,-43.25889782915928,rio de janeiro,RJ
20540,-22.92350965631405,-43.25753775053363,rio de janeiro,RJ
20540,-22.92164328365742,-43.25419822577764,rio de janeiro,RJ
20540,-22.92438231894483,-43.25391608687745,rio de janeiro,RJ
37706,-21.799403368591747,-46.50732673145176,pocos de caldas,MG
37706,-21.854522932981773,-46.56532044857694,pocos de caldas,MG
37706,-21.84566586507617,-46.56667318790391,poços de caldas,MG
37706,-21.85427301313373,-46.565160881401475,pocos de caldas,MG
37706,-21.855403261050316,-46.564739736940524,pocos de caldas,MG
38280,-19.72379754927861,-50.184726351698124,iturama,MG
38280,-19.729932268630243,-50.189815193802026,iturama,MG
38280,-19.721828482638525,-50.20168013147301,iturama,MG
38280,-19.73692197355142,-50.19823771505768,iturama,MG
38280,-19.728176187917025,-50.20166004907935,iturama,MG
41321,-12.90443640966009,-38.39667194171619,salvador,BA
41321,-12.900942740729779,-38.42912089089806,salvador,BA
41321,-12.903181042179698,-38.42933432632295,salvador,BA
41321,-12.901648186639175,-38.43683529109279,salvador,BA
41321,-12.909016430304968,-38.435069352892626,salvador,BA
42808,-12.685733947638388,-38.3321562272092,camacari,BA
42808,-12.686731316744387,-38.332561238687695,camacari,BA
42808,-12.686126321076252,-38.333304202767444,camacari,BA
42808,-12.691045803030498,-38.33207592246251,camacari,BA
42808,-12.691319218615046,-38.332518405200396,camacari,BA
45848,-16.58243230060531,-39.55961658141876,itabela,BA
45848,-16.581763939446542,-39.55618077132511,itabela,BA
45848,-16.57742509129473,-39.5546819350147,itabela,BA
45848,-16.578661548390354,-39.554573623742826,itabela,BA
45848,-16.574422500000004,-39.554311500000004,itabela,BA
46830,-12.805799274074394,-41.33381531066535,andarai,BA
46830,-12.804654030982872,-41.33288303927863,andarai,BA
46830,-12.802670728380553,-41.33347548707477,andarai,BA
46830,-12.802428862273054,-41.32670317589112,andarai,BA
46830,-12.79860142736262,-41.330201965704255,andaraí,BA
56330,-9.377889517889175,-40.49594016180967,petrolina,PE
56330,-9.391126568959619,-40.49050904954123,petrolina,PE
56330,-9.380108459138244,-40.49396925487238,petrolina,PE
56330,-9.382442193760928,-40.502359583937036,petrolina,PE
56330,-9.378809479490007,-40.499398957867015,petrolina,PE
60160,-3.7275969184026647,-38.51052232944775,fortaleza,CE
60160,-3.7320898046050157,-38.50077317638062,fortaleza,CE
60160,-3.7326814782156883,-38.487680245628724,fortaleza,CE
60160,-3.7326782212145306,-38.49604100864622,fortaleza,CE
60160,-3.7287377607479217,-38.50127470912921,fortaleza,CE
61920,-3.850580999999945,-38.612833999999964,maracanau,CE
61920,-3.869225527415306,-38.585438212040295,maracanaú,CE
61920,-3.847556999999945,-38.61814399999997,maracanau,CE
61920,-3.845360999999947,-38.61706849999996,maracanau,CE
61920,-3.8486909999999455,-38.61501649999997,maracanau,CE
63030,-7.225458648575103,-39.301058531356645,juazeiro do norte,CE
63030,-7.226873351782161,-39.29182720849173,juazeiro do norte,CE
63030,-7.221792930997689,-39.309266377467544,juazeiro do norte,CE
63030,-7.221083868258699,-39.30173475895517,juazeiro do norte,CE
63030,-7.218345078307622,-39.307492689040025,juazeiro do norte,CE
63860,-4.850886666110852,-39.573173332638575,madalena,CE
63860,-4.848074999999994,-39.572189271758944,madalena,CE
63860,-4.85583571667367,-39.577379964584196,madalena,CE
63860,-4.754427354506975,-39.47747381578084,madalena,CE
63860,-4.850886666110852,-39.573173332638575,madalena,CE
64057,-4.995281629999965,-42.716294999999946,teresina,PI
64057,-5.139595598148141,-42.78025142227227,teresina,PI
64057,-5.049503190376327,-42.74365280653563,teresina,PI
64057,-5.040727142752556,-42.73769685226467,teresina,PI
64057,-5.049503190376327,-42.74365280653563,teresina,PI
65072,-2.5460792339719513,-44.3089863702464,são luís,MA
65072,-2.5026939737060876,-44.2513815357283,sao luis,MA
65072,-2.502964844397259,-44.24609333467209,sao luis,MA
65072,-2.50278038958351,-44.24130816254782,sao luis,MA
65072,-2.5671773145921857,-44.277779891919124,sao luis,MA
66053,-1.4487117091005544,-48.48922937062177,belem,PA
66053,-1.4509786799873192,-48.490292319060394,belem,PA
66053,-1.4498640535519414,-48.49109131582908,belem,PA
66053,-1.4499548495586216,-48.49541989967677,belém,PA
66053,-1.4489812758957965,-48.49183271262033,belem,PA
67033,-1.390752277394608,-48.401130617038504,ananindeua,PA
67033,-1.3499230247414722,-48.36212645003254,ananindeua,PA
67033,-1.3801015853577039,-48.374846129598865,ananindeua,PA
67033,-1.3664536690807756,-48.368898199780546,ananindeua,PA
67033,-1.3801015853577039,-48.374846129598865,ananindeua,PA
68376,-3.195479104040259,-52.188450994778826,altamira,PA
68376,-3.203513541514835,-52.18062773016183,altamira,PA
68376,-3.195479104040259,-52.188450994778826,altamira,PA
68376,-3.203609320715444,-52.183264181827866,altamira,PA
68376,-3.195479104040259,-52.188450994778826,altamira,PA
68503,-5.368316562823011,-49.1067542993694,maraba,PA
68503,-5.3727737952911285,-49.119795372607975,maraba,PA
68503,-5.360789385217388,-49.109086912892415,maraba,PA
68503,-5.3738577989055205,-49.12201675223603,maraba,PA
68503,-5.366412234923796,-49.11674231583349,marabá,PA
68740,-1.295270747671003,-47.92742500328391,castanhal,PA
68740,-1.2909186310117844,-47.924683396880845,castanhal,PA
68740,-1.295270747671003,-47.92742500328391,castanhal,PA
68740,-1.2934823209227793,-47.92566829283068,castanhal,PA
68740,-1.3007642463187514,-47.922959013623164,castanhal,PA
71050,-15.839276030635519,-47.97166282005243,brasília,DF
71050,-15.83513436015042,-47.97554635605765,brasilia,DF
71050,-15.825437999999995,-47.97885361987888,brasilia,DF
71050,-15.82760452902433,-47.975234903637265,brasilia,DF
71050,-15.827960890724883,-47.976041254251605,brasilia,DF
72430,-16.009672011507742,-48.0652087478139,brasilia,DF
72430,-16.00948361356473,-48.06740225867545,brasília,DF
72430,-16.009572546057054,-48.06735453880152,brasilia,DF
72430,-16.00948058307041,-48.06649542008468,brasilia,DF
72430,-16.009932026539072,-48.0664771374595,brasilia,DF
74210,-16.693725048085238,-49.277800778857326,goiania,GO
74210,-16.696811831044283,-49.276367973044536,goiania,GO
74210,-16.70262693844374,-49.274021048365626,goiania,GO
74210,-16.695247555519536,-49.27709414677224,goiania,GO
74210,-16.693268927385954,-49.27436889937722,goiania,GO
75124,-16.353013500000003,-48.96504675,anapolis,GO
75124,-16.353812999999946,-48.964503499999964,anapolis,GO
75124,-16.358879999999946,-48.96577249999996,anapolis,GO
75124,-16.353395999999993,-48.97023299999999,anapolis,GO
75124,-16.351607169403533,-48.97347924026365,anapolis,GO
78118,-15.622038398551593,-56.165330970165606,varzea grande,MT
78118,-15.64737557729816,-56.10429720843672,varzea grande,MT
78118,-15.642685468053404,-56.108427958201595,varzea grande,MT
78118,-15.679342921287697,-56.104808843555155,varzea grande,MT
78118,-15.643420110316725,-56.10738291306393,varzea grande,MT
78255,-15.338732835279885,-58.87402460657982,jauru,MT
78255,-15.348399343403052,-58.86869816851922,jauru,MT
78255,-15.343889222657417,-58.86707750535706,jauru,MT
78255,-15.339895103656428,-58.86982496753503,jauru,MT
78255,-15.342396760422012,-58.87343813716766,jauru,MT
78850,-15.572155522371638,-54.305904302386686,primavera do leste,MT
78850,-15.557182109336384,-54.2939260928715,primavera do leste,MT
78850,-15.556410070477197,-54.2906121954791,primavera do leste,MT
78850,-15.149756999999944,-54.30447349999996,primavera do leste,MT
78850,-15.567601091985063,-54.308723563797756,primavera do leste,MT
81220,-25.45717498917995,-49.32270024118532,curitiba,PR
81220,-25.453909577047845,-49.3187191637838,curitiba,PR
81220,-25.465543239800326,-49.322484981245445,curitiba,PR
81220,-25.465543239800326,-49.322484981245445,curitiba,PR
81220,-25.45848729917865,-49.325305003907374,curitiba,PR
84035,-25.111347152835116,-50.14605173867332,ponta grossa,PR
84035,-25.114928146595656,-50.14912662722038,ponta grossa,PR
84035,-25.110238285042396,-50.14904127505906,ponta grossa,PR
84035,-25.106024278289315,-50.15089727722333,ponta grossa,PR
84035,-25.109126291730668,-50.15886374902593,ponta grossa,PR
84168,-24.7814519908805,-50.00695048421677,castro,PR
84168,-24.78068150457348,-50.008926988500285,castro,PR
84168,-24.770062615081578,-50.00514543826003,castro,PR
84168,-24.78068150457348,-50.008926988500285,castro,PR
84168,-24.777870769873484,-50.0087957133023,castro,PR
84280,-24.038172062550025,-50.45401088736292,curiuva,PR
84280,-24.03431525357924,-50.460092445833475,curiúva,PR
84280,-24.034269447092136,-50.46158643307719,curiuva,PR
84280,-24.042407859741548,-50.45361465501545,curiuva,PR
84280,-24.035608416147294,-50.46161048271832,curiúva,PR
85685,-25.64044366516244,-53.34450735383426,nova prata do iguacu,PR
85685,-25.64269245310209,-53.34430215103402,nova prata do iguacu,PR
85685,-25.64269245310209,-53.34430215103402,nova prata do iguacu,PR
85685,-25.64269245310209,-53.34430215103402,nova prata do iguacu,PR
85685,-25.636783835117924,-53.34727695878201,nova prata do iguacu,PR
85817,-24.944115877662725,-53.41460591608291,cascavel,PR
85817,-24.947952926712553,-53.40835023783844,cascavel,PR
85817,-24.947455336401312,-53.40947435746447,cascavel,PR
85817,-24.95343500389514,-53.40998286040732,cascavel,PR
85817,-24.941197499567306,-53.4146712485429,cascavel,PR
85909,-24.740363374729355,-53.71854430037378,toledo,PR
85909,-24.733869733802624,-53.72780867511409,toledo,PR
85909,-24.73413792129041,-53.729718918289855,toledo,PR
85909,-24.734002711535243,-53.72787075937387,toledo,PR
85909,-24.735669977567806,-53.724274374799705,toledo,PR
86470,-23.436706662610007,-50.24847505914977,jundiaí do sul,PR
86470,-23.435666624763723,-50.25019070586757,jundiai do sul,PR
86470,-23.43460913355026,-50.2498824918568,jundiai do sul,PR
86470,-23.436706662610007,-50.24847505914977,jundiai do sul,PR
86470,-23.436086657286683,-50.2487382205754,jundiai do sul,PR
86703,-23.393562601044792,-51.421650018700745,arapongas,PR
86703,-23.394670742167744,-51.431005661237386,arapongas,PR
86703,-23.391421162139768,-51.41713007586743,arapongas,PR
86703,-23.392033645442922,-51.429675914245585,arapongas,PR
86703,-23.392443729351395,-51.41189511103877,arapongas,PR
86770,-23.038648129921455,-51.80630145863468,santa fe,PR
86770,-23.04190355240333,-51.81943219237889,santa fe,PR
86770,-23.04311810834575,-51.80755879487695,santa fe,PR
86770,-23.03852218129341,-51.80780791634243,santa fé,PR
86770,-23.03720211441369,-51.813548432037386,santa fe,PR
86925,-23.942353548580904,-51.58220606940578,borrazopolis,PR
86925,-23.940353518662764,-51.58620847244963,borrazopolis,PR
86925,-23.93370258254353,-51.588795211036036,borrazopolis,PR
86925,-23.94188146098993,-51.58699935718233,borrazopolis,PR
86925,-23.940124991809817,-51.58603070385217,borrazopolis,PR
87025,-23.377396999935016,-51.93100618003307,maringa,PR
87025,-23.382720275997745,-51.9296086966483,maringa,PR
87025,-23.383114295391387,-51.92149024434938,maringa,PR
87025,-23.3874730468184,-51.932121498188835,maringa,PR
87025,-23.374126033092338,-51.933133615302275,maringa,PR
87380,-24.143821790983647,-52.78146250746643,janiopolis,PR
87380,-24.14386355868162,-52.78391082456533,janiopolis,PR
87380,-24.141282856308454,-52.78015250469631,janiopolis,PR
87380,-24.141279511169692,-52.78015710705545,janiopolis,PR
87380,-24.141801985013412,-52.782878746231404,janiopolis,PR
88015,-27.589186550377953,-48.55336185749314,florianopolis,SC
88015,-27.591730387229696,-48.55036422142001,florianopolis,SC
88015,-27.591860314472758,-48.54902548765073,florianópolis,SC
88015,-27.590856076605668,-48.552010348750564,florianopolis,SC
88015,-27.591399691644074,-48.551741686912216,florianopolis,SC
88034,-27.578659119049117,-48.50709600207745,florianopolis,SC
88034,-27.587782549219835,-48.49395515713868,florianópolis,SC
88034,-27.575909705810997,-48.510450943649424,florianopolis,SC
88034,-27.576076020364336,-48.507585353131674,florianopolis,SC
88034,-27.575909705810997,-48.510450943649424,florianopolis,SC
88050,-27.541774322739933,-48.524876521904254,florianopolis,SC
88050,-27.50782456036128,-48.513432360638454,florianópolis,SC
88050,-27.50732536940969,-48.52007306979634,florianopolis,SC
88050,-27.533904608711996,-48.525814152196794,florianopolis,SC
88050,-27.54005756038994,-48.52303468440205,florianopolis,SC
88061,-27.592978505193035,-48.435896477744635,florianopolis,SC
88061,-27.587054252293814,-48.43737729739166,florianopolis,SC
88061,-27.58332903857696,-48.43029453289281,florianópolis,SC
88061,-27.57541951485941,-48.42715444463039,florianopolis,SC
88061,-27.579251315021025,-48.43335189341569,florianópolis,SC
88070,-27.58657286234056,-48.578813680679794,florianopolis,SC
88070,-27.589776988891497,-48.5766822356454,florianópolis,SC
88070,-27.597389426596976,-48.58416730362407,florianopolis,SC
88070,-27.59719043025265,-48.58294016970687,florianópolis,SC
88070,-27.593402521784313,-48.58999181072185,florianopolis,SC
88113,-27.562633674958704,-48.63782800645296,sao jose,SC
88113,-27.561975082672394,-48.63509686031721,sao jose,SC
88113,-27.55619388187915,-48.62323895874598,sao jose,SC
88113,-27.55469943866942,-48.62990919741066,são josé,SC
88113,-27.55550728546664,-48.628588968008316,são josé,SC
88501,-27.815688670552255,-50.33589889924407,lages,SC
88501,-27.817250182720738,-50.331538408371514,lages,SC
88501,-27.81525744618725,-50.32991577052382,lages,SC
88501,-27.824580887734925,-50.33432798362522,lages,SC
88501,-27.82202894532287,-50.328735946707845,lages,SC
88526,-27.826500646948915,-50.30447688530298,lages,SC
88526,-27.824581020304453,-50.3002144217443,lages,SC
88526,-27.822929948328465,-50.30181737528357,lages,SC
88526,-27.823902167926626,-50.308225382303974,lages,SC
88526,-27.822868312673798,-50.3156825645461,lages,SC
89214,-26.330548143460163,-48.88090174304856,joinville,SC
89214,-26.32693045268046,-48.88657361518264,joinville,SC
89214,-26.336254256803745,-48.881398640161684,joinville,SC
89214,-26.317385413266777,-48.87983368887412,joinville,SC
89214,-26.312402495695107,-48.87849637022791,joinville,SC
89289,-26.247030877437457,-49.4588742703789,sao bento do sul,SC
89289,-26.249402525730368,-49.45457243944154,são bento do sul,SC
89289,-26.244746232157354,-49.4387271267088,sao bento do sul,SC
89289,-26.245395841470586,-49.439932402450964,sao bento do sul,SC
89289,-26.245282392123105,-49.459414409251835,sao bento do sul,SC
89812,-27.111570666475647,-52.61231533338108,chapeco,SC
89812,-27.121164787828203,-52.606145935022276,chapecó,SC
89812,-27.11133897764397,-52.60105902336301,chapeco,SC
89812,-27.11214350803121,-52.59895195146969,chapeco,SC
89812,-27.117743624096114,-52.602629413234546,chapeco,SC
89940,-26.3851374020685,-53.52418228807481,guaruja do sul,SC
89940,-26.39297899788055,-53.527323332259755,guarujá do sul,SC
89940,-26.387007312136006,-53.524630196524924,guaruja do sul,SC
89940,-26.38363355906312,-53.53115812807883,guaruja do sul,SC
89940,-26.387007312136006,-53.524630196524924,guaruja do sul,SC
91380,-30.024479620030064,-51.144242956287144,porto alegre,RS
91380,-30.014632204830047,-51.14339137800803,porto alegre,RS
91380,-30.014678536211036,-51.139718717179306,porto alegre,RS
91380,-30.02000624202203,-51.145924388856734,porto alegre,RS
91380,-30.01614679349651,-51.14271970858094,porto alegre,RS
93010,-29.764677078798382,-51.152385825500744,sao leopoldo,RS
93010,-29.76309140667386,-51.14753973515947,sao leopoldo,RS
93010,-29.769581000357647,-51.152472409406315,sao leopoldo,RS
93010,-29.76652047629738,-51.150032016960104,sao leopoldo,RS
93010,-29.7711021095757,-51.14286914832782,sao leopoldo,RS
95800,-29.616140787882497,-52.175875572625436,venancio aires,RS
95800,-29.608084797323095,-52.19390122730896,venancio aires,RS
95800,-29.606015853578807,-52.19470776821365,venancio aires,RS
95800,-29.619920642328058,-52.21043771960388,venancio aires,RS
95800,-29.613738156430976,-52.194748300682505,venâncio aires,RS
96083,-31.75835629447746,-52.27031137898898,pelotas,RS
96083,-31.76004051875455,-52.26796277699232,pelotas,RS
96083,-31.762637999999995,-52.27200675,pelotas,RS
96083,-31.75971037024641,-52.26931555219562,pelotas,RS
96083,-31.75824292033591,-52.253056477927224,pelotas,RS
98005,-28.644997714736004,-53.60101202888114,cruz alta,RS
98005,-28.644300155016193,-53.616961509902204,cruz alta,RS
98005,-28.640214258677066,-53.60803829974198,cruz alta,RS
98005,-28.64383970190259,-53.60471879056947,cruz alta,RS
98005,-28.639814217807842,-53.60288483905844,cruz alta,RS
98400,-27.35547089700958,-53.40427015016742,frederico westphalen,RS
98400,-27.35703355938125,-53.39585412404393,frederico westphalen,RS
98400,-27.362915722020922,-53.39986254018673,frederico westphalen,RS
98400,-27.360615504910434,-53.40363901938047,frederico westphalen,RS
98400,-27.359730824431516,-53.391709517205534,frederico westphalen,RS
98700,-28.389227656496743,-53.92967622327969,ijui,RS
98700,-28.393764991081145,-53.92959525,ijui,RS
98700,-28.400769219541132,-53.91181019375493,ijui,RS
98700,-28.387247773944694,-53.93994718642151,ijuí,RS
98700,-28.38178376857269,-53.922158253351284,ijui,RS
99025,-28.26109770117858,-52.40767078126318,passo fundo,RS
99025,-28.26220163134767,-52.409826780176246,passo fundo,RS
99025,-28.264434196560362,-52.42276099500717,passo fundo,RS
99025,-28.26536362549967,-52.42998161895588,passo fundo,RS
99025,-28.266500300060574,-52.42292135627298,passo fundo,RS
71670,-15.825761999999997,-47.812734000000006,brasília,DF
71670,-15.807082033585298,-47.81465530613423,brasília,DF
71670,-15.817333725229373,-47.81513204440535,brasília,DF
71670,-15.8286637159833,-47.81898825791316,brasilia,DF
71670,-15.815024999999995,-47.81470050000001,lago sul,DF
73251,-15.67044853931117,-47.81596285510468,sobradinho,DF
75640,-17.303533209194768,-49.02125605030914,piracanjuba,GO
75640,-17.303515082892655,-49.0216276395025,piracanjuba,GO
75640,-17.307096692027294,-49.034582787998595,piracanjuba,GO
75640,-17.311076131534048,-49.02849254332444,piracanjuba,GO
75640,-17.309946895998582,-49.02939986377074,piracanjuba,GO
76900,-10.878859913934782,-61.95720116018758,ji-parana,RO
76900,-10.867782920066603,-61.96523317981229,ji-parana,RO
76900,-10.878677614087586,-61.94762341912593,ji-paraná,RO
76900,-10.878970155567899,-61.96598521118688,ji-paraná,RO
76900,-10.875002478553858,-61.962730785663716,ji-parana,RO
79009,-20.45357016180968,-54.62807170661906,campo grande,MS
79009,-20.460076806538254,-54.630942286975646,campo grande,MS
79009,-20.450796213976645,-54.6300969723873,campo grande,MS
79009,-20.45915492261941,-54.62870679353937,campo grande,MS
79009,-20.456018453257382,-54.627003,campo grande,MS
80620,-25.45385542382702,-49.286168717179294,curitiba,PR
80620,-25.464688532892815,-49.286993878700514,curitiba,PR
80620,-25.452256250377825,-49.28451449025095,curitiba,PR
80620,-25.4613010022217,-49.28958344171619,curitiba,PR
80620,-25.46087686011885,-49.28887197016561,curitiba,PR
82800,-25.438803034970277,-49.22994083568014,curitiba,PR
82800,-25.433552493479123,-49.22690393782104,curitiba,PR
82800,-25.43211569969415,-49.22580156217894,curitiba,PR
82800,-25.43311822083438,-49.221861822755955,curitiba,PR
82800,-25.434449188961437,-49.23105292528772,curitiba,PR
84015,-25.074043009435062,-50.15132717124473,ponta grossa,PR
84015,-25.071516209273447,-50.16241754495359,ponta grossa,PR
84015,-25.07399374194488,-50.16385970336643,ponta grossa,PR
84015,-25.066341607276787,-50.15148522038195,ponta grossa,PR
84015,-25.073884968924848,-50.151677898147554,ponta grossa,PR
85700,-26.25659210854377,-53.619024353931664,barracao,PR
85700,-26.253163021581532,-53.63439347711745,barracao,PR
85700,-26.253690687215983,-53.635490715475974,barracao,PR
85700,-26.254647197229858,-53.633368239537546,barracao,PR
85700,-26.247185208820106,-53.63598545438711,barracao,PR
86050,-23.331043778111706,-51.17743350000001,londrina,PR
86050,-23.33041554754996,-51.17950350000001,londrina,PR
86050,-23.333696999999994,-51.17619375,londrina,PR
86050,-23.327236462741034,-51.18165871289223,londrina,PR
86050,-23.3337015,-51.17618700000001,londrina,PR
86750,-23.197379641887533,-51.82225932835955,iguaracu,PR
86750,-23.196452314579133,-51.8233635,iguaracu,PR
86750,-23.194331466772333,-51.82562479508663,iguaracu,PR
86750,-23.19831436735723,-51.827250699694915,iguaracu,PR
86750,-23.1944535,-51.83154900000001,iguaracu,PR
86860,-24.179967629195087,-51.68879307839177,jardim alegre,PR
86860,-24.178279330822104,-51.68892572933738,jardim alegre,PR
86860,-24.17934516654794,-51.688336189502934,jardim alegre,PR
86860,-24.172472981387934,-51.685578987252846,jardim alegre,PR
86860,-24.178779300632844,-51.69349638629699,jardim alegre,PR
87005,-23.435118221374,-51.92885489694695,maringa,PR
87005,-23.44076181697738,-51.932752088993695,maringa,PR
87005,-23.444261990771782,-51.92936060812794,maringa,PR
87005,-23.44256497675329,-51.93106346514771,maringa,PR
87005,-23.44066305107981,-51.93166506876922,maringa,PR
87013,-23.41986366306706,-51.9370505253616,maringa,PR
87013,-23.418057980176904,-51.927107270577125,maringa,PR
87013,-23.42286557493638,-51.937545947028106,maringa,PR
87013,-23.423567474022782,-51.94432447402277,maringa,PR
87013,-23.424710982872227,-51.940527528001866,maringa,PR
87720,-23.0688054866298,-52.41784234492755,paranavai,PR
87720,-23.0688054866298,-52.41784234492755,paranavai,PR
87720,-23.073358824942748,-52.407482367129425,paranavaí,PR
87720,-23.068984682321016,-52.420268787881035,paranavai,PR
88240,-27.297774139599372,-48.860880726550846,sao joao batista,SC
88240,-27.29055888798812,-48.85849485011796,sao joao batista,SC
88240,-27.283897652839848,-48.850657255941194,sao joao batista,SC
88240,-27.272243344344297,-48.853485216661674,são joão batista,SC
88240,-27.288411220987843,-48.85032916566246,sao joao batista,SC
88352,-27.08345828864908,-48.897109597697494,brusque,SC
88352,-27.072237144754904,-48.88539883131907,brusque,SC
88352,-27.06638763277308,-48.87965838160679,brusque,SC
88352,-27.081564016128326,-48.89715244357277,brusque,SC
88352,-27.073420271163936,-48.88683369317329,brusque,SC
88390,-26.70909855991671,-48.69369179611,barra velha,SC
88390,-27.00756319638794,-48.60017088818823,barra velha,SC
88390,-26.70280604651276,-48.68818188928628,barra velha,SC
88390,-26.709349229798427,-48.68713023290047,barra velha,SC
88390,-26.699348758061443,-48.68256823728892,barra velha,SC
88508,-27.807024551762936,-50.31439284387447,lages,SC
88508,-27.803723515610802,-50.31030807367427,lages,SC
88508,-27.80098951234925,-50.31771430460501,lages,SC
88508,-27.807923462115525,-50.314510650701166,lages,SC
88508,-27.809390021905855,-50.30498146045514,lages,SC
88708,-28.460290491638133,-49.024419320745736,tubarao,SC
88708,-28.47446648004295,-49.031478152288145,tubarao,SC
88708,-28.467602527153364,-49.01732662698924,tubarao,SC
88708,-28.46896781487679,-49.02877923105777,tubarao,SC
88708,-28.468239784639767,-49.01650560095089,tubarao,SC
89160,-27.20981137280685,-49.63292048422235,rio do sul,SC
89160,-27.215885832556257,-49.64643298614439,rio do sul,SC
89160,-27.218332685400476,-49.645354282441716,rio do sul,SC
89160,-27.216523935916467,-49.64257870650349,rio do sul,SC
89160,-27.207681056406155,-49.61501766196788,rio do sul,SC
89245,-26.417275647222727,-48.756934054286376,araquari,SC
89245,-26.395441938357102,-48.796978774759864,araquari,SC
89245,-26.392955747616917,-48.79390244858201,araquari,SC
89245,-26.406697070484903,-48.802710952276094,araquari,SC
89245,-26.380189531247698,-48.72622211103162,araquari,SC
89896,-27.174251650774433,-53.713752423076215,itapiranga,SC
89896,-27.16912765028537,-53.70614261746992,itapiranga,SC
89896,-27.171708998707548,-53.71105083249017,itapiranga,SC
89896,-27.17606786652369,-53.71596984678525,itapiranga,SC
89896,-27.168208392847248,-53.710850175299086,itapiranga,SC
90010,-30.03215040714993,-51.232551699838396,porto alegre,RS
90010,-30.03090377106392,-51.22427127063822,porto alegre,RS
90010,-30.035979587281485,-51.23135054079867,porto alegre,RS
90010,-30.036709561746253,-51.23218795989382,porto alegre,RS
90010,-30.03042569663574,-51.22984784471118,porto alegre,RS
92420,-29.88670447489746,-51.17760427990652,canoas,RS
92420,-29.880953580904837,-51.179512297507216,canoas,RS
92420,-29.88581336081135,-51.16845878308051,canoas,RS
92420,-29.882856532315895,-51.177032633360255,canoas,RS
92420,-29.882856532315895,-51.177032633360255,canoas,RS
94030,-29.94589374564382,-51.020706281282465,gravatai,RS
94030,-29.94388914570952,-51.0184366552888,gravatai,RS
94030,-29.939060905305407,-50.99976336163008,gravatai,RS
94030,-29.939431672225687,-50.99929450888679,gravatai,RS
94030,-29.93869755158242,-51.02046720180848,gravatai,RS
95913,-29.44175457955597,-51.96130964790591,lajeado,RS
95913,-29.445059994991453,-51.975846555161574,lajeado,RS
95913,-29.44846002409679,-51.96712908939269,lajeado,RS
95913,-29.450878966272615,-51.964756736136785,lajeado,RS
95913,-29.448800775188488,-51.958503326489634,lajeado,RS
96070,-31.696560343464174,-52.343065975703674,pelotas,RS
96070,-31.70504352173439,-52.31142903755113,pelotas,RS
96070,-31.70779797224308,-52.34121356038993,pelotas,RS
96070,-31.698925325264142,-52.345460410756615,pelotas,RS
96070,-31.705177421316858,-52.34047111503841,pelotas,RS
96214,-32.07860917404528,-52.180236557212,rio grande,RS
96214,-32.07774665082671,-52.18010464615996,rio grande,RS
96214,-32.078848603765444,-52.18158698880932,rio grande,RS
96214,-32.082703129197995,-52.18784866029125,rio grande,RS
96214,-32.1448222216207,-52.106863131630895,rio grande,RS
96270,-31.10500873000118,-50.91792461855431,mostardas,RS
96270,-31.10524168472112,-50.91899489197404,mostardas,RS
96270,-31.108815016072487,-50.921839686394776,mostardas,RS
96270,-31.1080412549903,-50.91988756781837,mostardas,RS
96270,-31.10213635538799,-50.917379493390534,mostardas,RS
97070,-29.71767393533955,-53.81885346932888,santa maria,RS
97070,-29.708852994178436,-53.82397384152675,santa maria,RS
97070,-29.727264502472078,-53.80762217508556,santa maria,RS
97070,-29.707991318627702,-53.82309003748044,santa maria,RS
97070,-29.708852994178436,-53.82397384152675,santa maria,RS
97509,-29.77875628223915,-57.07065180304011,uruguaiana,RS
97509,-29.775960016363413,-57.092006273871725,uruguaiana,RS
97509,-29.79867699824357,-57.06341683981757,uruguaiana,RS
97509,-29.775557290025343,-57.09143737410814,uruguaiana,RS
97509,-29.795943670748663,-57.06321657653186,uruguaiana,RS
97574,-30.89801321009646,-55.53031539786274,santana do livramento,RS
97574,-30.8995033589144,-55.53203228762137,santana do livramento,RS
97574,-30.89213411105185,-55.522409832530215,santana do livramento,RS
97574,-30.8907202054034,-55.523938464034245,santana do livramento,RS
97574,-30.89545303771845,-55.5168405864941,santana do livramento,RS
99500,-28.28944621405989,-52.79412331824494,carazinho,RS
99500,-28.303598468539494,-52.7833419469909,carazinho,RS
99500,-28.28387407888449,-52.79204798986377,carazinho,RS
99500,-28.29296550547313,-52.78169255747994,carazinho,RS
99500,-28.294525896650825,-52.799774837538116,carazinho,RS
88915,-28.863259774825707,-49.44789940729144,maracajá,SC
88915,-28.861002639949206,-49.446676367068925,maracana,SC
88915,-28.84893016447306,-49.45228712295371,maracajá,SC
88915,-28.853957999999945,-49.45680799999997,maracaja,SC
88915,-28.860799591449926,-49.45268268715737,maracana,SC
88960,-29.11321350581612,-49.628523808338834,sombrio,SC
88960,-29.116007128040057,-49.636175376956025,sombrio,SC
88960,-29.11592090915004,-49.63636986928582,sombrio,SC
88960,-29.113770583176397,-49.63054742050633,sombrio,SC
88960,-29.1122232532336,-49.63570353443201,sombrio,SC
89063,-26.787333585127545,-49.072943631737516,blumenau,SC
89063,-26.807796191622085,-49.08766868249046,blumenau,SC
89063,-26.802681545027724,-49.08670683099165,blumenau,SC
89063,-26.795253838415523,-49.08403926601504,blumenau,SC
89063,-26.79800471666272,-49.084309519226224,blumenau,SC
89070,-26.876396196516318,-49.13514550081899,blumenau,SC
89070,-26.880254067170608,-49.1191604834958,blumenau,SC
89070,-26.876751507941375,-49.12046886251483,blumenau,SC
89070,-26.872584653067108,-49.130171413266766,blumenau,SC
89070,-26.863878309033034,-49.12416478309452,blumenau,SC
89256,-26.487035474897464,-49.071400994171626,jaragua do sul,SC
89256,-26.48399801194522,-49.076794891338245,jaragua do sul,SC
89256,-26.473985580904838,-49.041562266691884,jaragua do sul,SC
89256,-26.480727,-49.03758071109111,jaragua do sul,SC
89256,-26.480695928368526,-49.0670396797723,jaragua do sul,SC
89460,-26.16862248406491,-50.392861528512256,canoinhas,SC
89460,-26.181549791784768,-50.38729624389323,canoinhas,SC
89460,-26.179491123219435,-50.41076740391274,canoinhas,SC
89460,-26.185864122798414,-50.39550392990809,canoinhas,SC
89460,-26.19293858369066,-50.403228579249166,canoinhas,SC
91060,-30.000745959201332,-51.14685155649479,porto alegre,RS
91060,-30.006775899038598,-51.142831179845146,porto alegre,RS
91060,-29.997851971265117,-51.14601597126513,porto alegre,RS
91060,-29.999134456287145,-51.14773461477861,porto alegre,RS
91060,-30.000742040798663,-51.14678939632988,porto alegre,RS
91320,-30.038351353597985,-51.15238157172958,porto alegre,RS
91320,-30.02729751067581,-51.14609983236193,porto alegre,RS
91320,-30.036871216198346,-51.15297080212351,porto alegre,RS
91320,-30.027368482110827,-51.148232580904846,porto alegre,RS
91320,-30.03115553427779,-51.153434165849056,porto alegre,RS
91450,-30.047581192965314,-51.13461203217546,porto alegre,RS
91450,-30.04727020705175,-51.138789658751264,porto alegre,RS
91450,-30.046266323907822,-51.13770365569283,porto alegre,RS
91450,-30.04727020705175,-51.138789658751264,porto alegre,RS
91450,-30.045865945322866,-51.135990789889824,porto alegre,RS
93600,-29.66127235588946,-51.14916786970565,estância velha,RS
93600,-29.647743344772568,-51.1764207749993,estância velha,RS
93600,-29.647731697590704,-51.16058950148245,estancia velha,RS
93600,-29.646234157721278,-51.1700199054585,estancia velha,RS
93600,-29.664804648464848,-51.15071037137465,estancia velha,RS
94150,-29.927994288910604,-51.02459690676839,gravatai,RS
94150,-29.931062710514194,-51.03239133943108,gravatai,RS
94150,-29.927421534277794,-51.02674028657161,gravatai,RS
94150,-29.931306721894554,-51.01774503420233,gravatai,RS
94150,-29.929150540654433,-51.018766113797646,gravatai,RS
95098,-29.196247500000002,-51.180777,caxias do sul,RS
95098,-29.189604727776743,-51.19421685668835,caxias do sul,RS
95098,-29.195336311736334,-51.18596679040725,caxias do sul,RS
95098,-29.189833347463953,-51.18287828116125,caxias do sul,RS
95098,-29.18635849756326,-51.19959924506296,caxias do sul,RS
95275,-29.027734445149225,-51.30878377787846,nova pádua,RS
95275,-29.027734445149225,-51.30878377787846,nova padua,RS
95275,-29.025785845146725,-51.30934976474914,nova pádua,RS
95275,-29.029148999999997,-51.309618750000006,nova pádua,RS
96400,-31.32151917200534,-54.100783897981316,bagé,RS
96400,-31.337669340853363,-54.10371572080245,bage,RS
96400,-31.32235549161955,-54.10225260474403,bagé,RS
96400,-31.316597306889282,-54.1085680415312,bagé,RS
96400,-31.328127723047004,-54.11022457536354,bagé,RS
97542,-29.789188489610215,-55.796942621511924,alegrete,RS
97542,-29.783433322037236,-55.7954320967786,alegrete,RS
97542,-29.779125543230357,-55.80169630445971,alegrete,RS
97542,-29.786770307275646,-55.795076245163315,alegrete,RS
97542,-29.78714949019512,-55.78354265126132,alegrete,RS
99730,-27.729372911015968,-52.537491045681705,jacutinga,RS
99730,-27.729781902252146,-52.53392999604712,jacutinga,RS
99730,-27.73110175829892,-52.531537368296206,jacutinga,RS
99730,-27.72754014492684,-52.53926261817259,jacutinga,RS
99730,-27.72674061443452,-52.5384204203514,jacutinga,RS
28880,-22.576493693936694,-41.98699034043617,barra de sao joao,RJ
28880,-22.576493693936694,-41.98699034043617,barra de sao joao,RJ
28880,-22.58022730532312,-41.98636137589889,barra de sao joao,RJ
28880,-22.576493693936694,-41.98699034043617,barra de sao joao,RJ
28880,-22.58320634445622,-41.99060191881872,barra de sao joao,RJ
28915,-22.85501634094008,-42.02791925324593,cabo frio,RJ
28915,-22.857075457661065,-41.99514195860532,cabo frio,RJ
28915,-22.878997926803514,-42.026559890522584,cabo frio,RJ
28915,-22.871197879773,-42.028982837221356,cabo frio,RJ
28915,-22.87025762248863,-42.030770294399396,cabo frio,RJ
29780,-19.013117301096756,-40.54172586681595,são gabriel da palha,ES
29780,-19.0172015197244,-40.535904741273065,sao gabriel da palha,ES
29780,-19.018336499999997,-40.534908750000014,são gabriel da palha,ES
29780,-19.01599392185683,-40.53663862395455,sao gabriel da palha,ES
29780,-19.023757753150367,-40.535494302949445,sao gabriel da palha,ES
30150,-19.92214631334759,-43.92783530223908,belo horizonte,MG
30150,-19.918850888972308,-43.92893509270583,belo horizonte,MG
30150,-19.930840166801342,-43.925259298661054,belo horizonte,MG
30150,-19.924752876767275,-43.92363193395457,belo horizonte,MG
30150,-19.92687022370017,-43.924887042183634,belo horizonte,MG
30360,-19.970675379040948,-43.94943265763813,belo horizonte,MG
30360,-19.960742011656762,-43.948639492238364,belo horizonte,MG
30360,-19.968963682255012,-43.954479433725446,belo horizonte,MG
30360,-19.96637765612553,-43.94527418497897,belo horizonte,MG
30360,-19.968963682255012,-43.954479433725446,belo horizonte,MG
30730,-19.91627671106245,-43.9842988447112,belo horizonte,MG
30730,-19.91789187010218,-43.98852076158463,belo horizonte,MG
30730,-19.916941986958257,-43.984695343037735,belo horizonte,MG
30730,-19.916597232298503,-43.9819532761556,belo horizonte,MG
30730,-19.911985270615684,-43.98281396502972,belo horizonte,MG
30870,-19.90767006939231,-44.00748306939231,belo horizonte,MG
30870,-19.902616560093108,-44.006321710268416,belo horizonte,MG
30870,-19.907292059668787,-44.015284174014695,belo horizonte,MG
30870,-19.905079578683146,-44.011142063131246,belo horizonte,MG
30870,-19.905224543424396,-44.013735282820704,belo horizonte,MG
31210,-19.907149023469895,-43.95579553683124,belo horizonte,MG
31210,-19.848625699982623,-43.895813300594284,belo horizonte,MG
31210,-19.906219268105513,-43.9495561784581,belo horizonte,MG
31210,-19.902182238415357,-43.94542908035659,belo horizonte,MG
31210,-19.90587546681872,-43.95565294463037,belo horizonte,MG
33600,-19.652292291953287,-44.056767929538886,pedro leopoldo,MG
33600,-19.62768599999999,-44.037150749999995,pedro leopoldo,MG
33600,-19.582857387475926,-44.031603715524355,pedro leopoldo,MG
33600,-19.57697163984292,-44.02776622861557,pedro leopoldo,MG
33600,-19.616468314157792,-44.051206485229514,pedro leopoldo,MG
33936,-19.766556071715673,-44.00162722365764,ribeirao das neves,MG
33936,-19.798604025535223,-44.005702499999984,ribeirao das neves,MG
33936,-19.820956892867443,-44.00746585567546,ribeirao das neves,MG
33936,-19.814886376746234,-44.0083506055149,ribeirao das neves,MG
33936,-19.81614733480962,-44.00873733928684,ribeirao das neves,MG
33940,-19.80590227116394,-44.01521096863638,ribeirao das neves,MG
33940,-19.824414516792654,-44.0222201559813,ribeirao das neves,MG
33940,-19.821828132667775,-44.02515454884875,ribeirão das neves,MG
33940,-19.806433585348238,-44.01552398375559,ribeirão das neves,MG
33940,-19.7656871799311,-44.08646875040911,ribeirao das neves,MG
35770,-19.306709620145444,-44.418699063870704,caetanópolis,MG
35770,-19.292884411445545,-44.413509583346254,caetanopolis,MG
35770,-19.29585700354464,-44.410946014205194,caetanopolis,MG
35770,-19.299182008940836,-44.41808570279036,caetanopolis,MG
35770,-19.29874045294103,-44.40382085654571,caetanopolis,MG
36036,-21.76194279575198,-43.36958064085459,juiz de fora,MG
36036,-21.757179991949915,-43.37273961893355,juiz de fora,MG
36036,-21.761420699694156,-43.36605973841534,juiz de fora,MG
36036,-21.750116854038403,-43.3573622919232,juiz de fora,MG
36036,-21.758074805441733,-43.36326525491954,juiz de fora,MG
36407,-20.656390614345373,-43.80405126006627,conselheiro lafaiete,MG
36407,-20.66827171689907,-43.80588611924023,conselheiro lafaiete,MG
36407,-20.66088189980534,-43.804140603542,conselheiro lafaiete,MG
36407,-20.657152658381893,-43.80425487142741,conselheiro lafaiete,MG
36407,-20.644722,-43.81092000000001,conselheiro lafaiete,MG
37004,-21.555365756683145,-45.4286114519794,varginha,MG
37004,-21.559458510340185,-45.43375233979033,varginha,MG
37004,-21.55755816409552,-45.42761286797566,varginha,MG
37004,-21.561070431190355,-45.43307455173174,varginha,MG
37004,-21.561350979235385,-45.43245576969415,varginha,MG
37540,-22.24985176781481,-45.69978353028393,santa rita do sapucai,MG
37540,-22.246025083096466,-45.710180159885695,santa rita do sapucai,MG
37540,-22.264027607740218,-45.70221529134636,santa rita do sapucai,MG
37540,-22.235857289846297,-45.70147048432949,santa rita do sapucai,MG
37540,-22.252494361942553,-45.691735095985294,santa rita do sapucai,MG
38414,-18.941414134052756,-48.33714543949449,uberlandia,MG
38414,-18.9107353018903,-48.32400752830543,uberlândia,MG
38414,-18.913085230822674,-48.31961689812275,uberlandia,MG
38414,-18.934567300494354,-48.3315280596846,uberlandia,MG
38414,-18.944521864295094,-48.34635833036888,uberlandia,MG
38442,-18.643784093954583,-48.20804381879092,araguari,MG
38442,-18.64655567096947,-48.208898696355696,araguari,MG
38442,-18.6514577819321,-48.20742610131435,araguari,MG
38442,-18.64595346635146,-48.21092778464031,araguari,MG
38442,-18.634197753235185,-48.20815122565476,araguari,MG
38680,-15.904068315827542,-46.09864010513806,arinos,MG
38680,-15.907166102752052,-46.10175027385552,arinos,MG
38680,-15.910879258028737,-46.10121842105386,arinos,MG
38680,-15.915614860186984,-46.11319277223604,arinos,MG
38680,-15.918592042675787,-46.10910128922553,arinos,MG
38700,-18.60497691187199,-46.52154885505743,patos de minas,MG
38700,-18.59062848597947,-46.51305630683157,patos de minas,MG
38700,-18.58865644973159,-46.51525043744666,patos de minas,MG
38700,-18.582982342963696,-46.51807620172862,patos de minas,MG
38700,-18.58750133123295,-46.512261464625375,patos de minas,MG
39625,-16.565448595098882,-41.50232910778616,itaobim,MG
39625,-16.559851361375916,-41.50855405537697,itaobim,MG
39625,-16.566406997329945,-41.50576259486228,itaobim,MG
39625,-16.55959863100152,-41.50943255040421,itaobim,MG
39625,-16.54629546726828,-41.50324625380944,itaobim,MG
40070,-12.98699785544264,-38.51245498913957,salvador,BA
40070,-12.985750801907209,-38.51392605825773,salvador,BA
40070,-12.98447289503062,-38.51162753375771,salvador,BA
40070,-12.984609892874888,-38.514965785163646,salvador,BA
40070,-12.986955482496729,-38.514561246787345,salvador,BA
40150,-12.99925127241065,-38.52343720664663,salvador,BA
40150,-13.00076964133151,-38.52675007456932,salvador,BA
40150,-12.995798971694814,-38.51694602469849,salvador,BA
40150,-12.996198502914183,-38.51657797238732,salvador,BA
40150,-12.999127347221348,-38.520712791563255,salvador,BA
40221,-13.007300257299852,-38.49496799469102,salvador,BA
40221,-13.001163077637397,-38.49647876735127,salvador,BA
40221,-13.007300257299852,-38.49496799469102,salvador,BA
40221,-13.007236990678368,-38.4950181752115,salvador,BA
40221,-13.000640595362869,-38.49645174261635,salvador,BA
41750,-12.99195623342369,-38.44280419178832,salvador,BA
41750,-12.986973474885422,-38.440219983275426,salvador,BA
41750,-12.986400405216703,-38.43793532292687,salvador,BA
41750,-12.987821074739216,-38.438153004647525,salvador,BA
41750,-12.979565075275884,-38.44245083972175,salvador,BA
41815,-12.995364688037398,-38.46204192783773,salvador,BA
41815,-12.988262864669077,-38.46690867668452,salvador,BA
41815,-12.993750907554409,-38.474221399160626,salvador,BA
41815,-12.997868427145232,-38.46036275728548,salvador,BA
41815,-12.994835537013442,-38.47110759748453,salvador,BA
01405,-23.56228334776961,-46.652439698857435,sao paulo,SP
01405,-23.57020304385708,-46.66000945322871,são paulo,SP
01405,-23.566964123780973,-46.65698270719597,sao paulo,SP
01405,-23.565863985573273,-46.655841851087835,sao paulo,SP
01405,-23.570506948929552,-46.66038402123606,sao paulo,SP
01410,-23.558595737434405,-46.65657075535223,sao paulo,SP
01410,-23.56720653704775,-46.665402511108496,sao paulo,SP
01410,-23.558595737434405,-46.65657075535223,são paulo,SP
01410,-23.562177569796336,-46.66024258771416,sao paulo,SP
01410,-23.558595737434405,-46.65657075535223,sao paulo,SP
02083,-23.49552085567545,-46.599274267557256,sao paulo,SP
02083,-23.493872357204673,-46.59882309005144,sao paulo,SP
02083,-23.49799898834324,-46.59686207992387,sao paulo,SP
02083,-23.49385195836461,-46.597498397166625,são paulo,SP
02083,-23.49300085567546,-46.59969020566676,são paulo,SP
02134,-23.499318080212344,-46.578124372468125,sao paulo,SP
02134,-23.49754265858092,-46.578593033154746,são paulo,SP
02134,-23.49606939439665,-46.583646040106174,sao paulo,SP
02134,-23.499802453987026,-46.57629538313148,sao paulo,SP
02134,-23.49925304746376,-46.578262814184306,sao paulo,SP
02274,-23.46824404524207,-46.585030834727874,sao paulo,SP
02274,-23.46694212600267,-46.58579637982569,são paulo,SP
02274,-23.46709983068849,-46.58605739523337,são paulo,SP
02274,-23.468361915892515,-46.5928876419586,sao paulo,SP
02274,-23.461495501293417,-46.582977801120954,sao paulo,SP
03156,-23.581116855605337,-46.5669782122522,sao paulo,SP
03156,-23.579838115730894,-46.57054524632119,sao paulo,SP
03156,-23.581366991344332,-46.56438226771108,sao paulo,SP
03156,-23.580730466558926,-46.56826272453687,sao paulo,SP
03156,-23.580730466558926,-46.56826272453687,sao paulo,SP
03168,-23.553224631875437,-46.59970763377212,sao paulo,SP
03168,-23.556360816149585,-46.59062464472048,sao paulo,SP
03168,-23.553337714957596,-46.599107228143566,sao paulo,SP
03168,-23.55682133305442,-46.589589303912504,sao paulo,SP
03168,-23.556619976289703,-46.58947438910646,sao paulo,SP
03211,-23.60262394182404,-46.55136429842682,sao paulo,SP
03211,-23.60405079739165,-46.553660816954256,sao paulo,SP
03211,-23.60141401748514,-46.55349518082402,sao paulo,SP
03211,-23.602774526227705,-46.553632873304835,sao paulo,SP
03211,-23.601691665560597,-46.556194808500166,sao paulo,SP
03322,-23.549660117981258,-46.57027590146579,sao paulo,SP
03322,-23.547513078019307,-46.5592877082925,sao paulo,SP
03322,-23.54656291534425,-46.554668554677136,sao paulo,SP
03322,-23.548920999163283,-46.56675941548849,sao paulo,SP
03322,-23.55007503191186,-46.57265819248078,sao paulo,SP
03363,-23.56191205384041,-46.53828590951586,sao paulo,SP
03363,-23.563706385509853,-46.54046484693288,são paulo,SP
03363,-23.564188005828385,-46.53960212531019,são paulo,SP
03363,-23.56191205384041,-46.53828590951586,são paulo,SP
03363,-23.562209053840398,-46.53791240951586,sao paulo,SP
03476,-23.5706181335045,-46.50933181986844,sao paulo,SP
03476,-23.57595441049682,-46.515291129609366,sao paulo,SP
03476,-23.5706181335045,-46.50933181986844,sao paulo,SP
03476,-23.569773311098984,-46.50837606199163,sao paulo,SP
03476,-23.574641972950232,-46.51380101846334,sao paulo,SP
03507,-23.53649896641469,-46.5357862507646,sao paulo,SP
03507,-23.53860111019097,-46.54091736150383,sao paulo,SP
03507,-23.538198059120525,-46.53882583596862,sao paulo,SP
03507,-23.53860111019097,-46.54091736150383,sao paulo,SP
03507,-23.53803411019098,-46.53791594532288,sao paulo,SP
03638,-23.528709869553918,-46.541723908967604,sao paulo,SP
03638,-23.52965854731953,-46.54331094754457,sao paulo,SP
03638,-23.53130631196261,-46.54143325867046,sao paulo,SP
03638,-23.52759868942237,-46.54254379447747,sao paulo,SP
03638,-23.524422118789317,-46.541986114345924,sao paulo,SP
03896,-23.514262805989983,-46.4776359096601,sao paulo,SP
03896,-23.514318754919547,-46.477937158202984,sao paulo,SP
03896,-23.514318754919547,-46.477937158202984,sao paulo,SP
03896,-23.514152814876795,-46.479759621703494,são paulo,SP
03896,-23.5146719023025,-46.477408908823385,sao paulo,SP
03940,-23.59202241553648,-46.497891597353984,sao paulo,SP
03940,-23.59202241553648,-46.497891597353984,sao paulo,SP
03940,-23.592459551762943,-46.499919548156264,sao paulo,SP
03940,-23.59508986733222,-46.50061778198398,sao paulo,SP
03940,-23.59202241553648,-46.497891597353984,sao paulo,SP
03975,-23.610380647238728,-46.49078333819031,sao paulo,SP
03975,-23.60893382653356,-46.486893960038046,sao paulo,SP
03975,-23.608712021928547,-46.4918748687172,sao paulo,SP
03975,-23.6115683119626,-46.491609316261766,sao paulo,SP
03975,-23.581705512675526,-46.76626437971915,sao paulo,SP
03984,-23.606685649460427,-46.512070140025365,sao paulo,SP
03984,-23.607115208436724,-46.51384694379366,sao paulo,SP
03984,-23.607381415488472,-46.51036146572221,sao paulo,SP
03984,-23.607381415488472,-46.51036146572221,sao paulo,SP
03984,-23.60540264141035,-46.50931441687345,sao paulo,SP
04133,-23.622562366688673,-46.62022808769499,sao paulo,SP
04133,-23.619719367476453,-46.620288141958596,sao paulo,SP
04133,-23.63058688480546,-46.61784924409308,sao paulo,SP
04133,-23.63058688480546,-46.61784924409308,sao paulo,SP
04133,-23.61355103193185,-46.6173466572957,sao paulo,SP
04141,-23.612668847625375,-46.633397636966954,sao paulo,SP
04141,-23.610272813331353,-46.63215777837317,são paulo,SP
04141,-23.610190547319537,-46.63557545337295,sao paulo,SP
04141,-23.609383669167265,-46.63629006786311,sao paulo,SP
04141,-23.6098570022217,-46.63100266763806,sao paulo,SP
04284,-23.61003500083672,-46.60072566694558,sao paulo,SP
04284,-23.608911949766274,-46.600995918402674,sao paulo,SP
04284,-23.607466613939284,-46.6028160267858,sao paulo,SP
04284,-23.609330057447078,-46.60375541395925,sao paulo,SP
04284,-23.605344534277787,-46.60168268443073,sao paulo,SP
04685,-23.67315273834499,-46.68668321804585,sao paulo,SP
04685,-23.660801991921264,-46.69467150317398,são paulo,SP
04685,-23.660294931704204,-46.6959243569162,sao paulo,SP
04685,-23.660294931704204,-46.6959243569162,sao paulo,SP
04685,-23.660294931704204,-46.6959243569162,sao paulo,SP
04777,-23.69407314668433,-46.696282121299774,sao paulo,SP
04777,-23.695457951151255,-46.6987327013676,sao paulo,SP
04777,-23.695325381903178,-46.69820775229382,sao paulo,SP
04777,-23.690753570755216,-46.69648252306137,sao paulo,SP
04777,-23.690753570755216,-46.69648252306137,sao paulo,SP
04840,-23.75608523036527,-46.68191120413754,são paulo,SP
04840,-23.75402850513589,-46.68598071288013,sao paulo,SP
04840,-23.753769922560025,-46.6862059577624,sao paulo,SP
04840,-23.756424914795993,-46.68100101012755,sao paulo,SP
04840,-23.75762714348782,-46.68342290077329,sao paulo,SP
04851,-23.75344503818654,-46.66921268496448,sao paulo,SP
04851,-23.754489307836728,-46.66712027488393,sao paulo,SP
04851,-23.752913810288774,-46.67347964813117,sao paulo,SP
04851,-23.75363025442904,-46.668309158345345,sao paulo,SP
04851,-23.750972999999995,-46.665674999999986,sao paulo,SP
05016,-23.536185192336568,-46.67656522468111,sao paulo,SP
05016,-23.536185192336568,-46.67656522468111,sao paulo,SP
05016,-23.540855857060443,-46.67860444768881,sao paulo,SP
05016,-23.539400392723206,-46.677534468924854,sao paulo,SP
05016,-23.536563192336565,-46.67683522468111,são paulo,SP
05353,-23.559118658895486,-46.751659941716184,sao paulo,SP
05353,-23.560655858138123,-46.751105475571364,sao paulo,SP
05353,-23.56106426172888,-46.75183023925207,sao paulo,SP
05353,-23.560600499999996,-46.75006350000001,sao paulo,SP
05353,-23.560600499999996,-46.75006350000001,sao paulo,SP
05373,-23.58376521648681,-46.756681150297155,sao paulo,SP
05373,-23.5839881312828,-46.7600579372728,sao paulo,SP
05373,-23.58158576019966,-46.7573333993883,são paulo,SP
05373,-23.58394184318197,-46.76007411379765,sao paulo,SP
05373,-23.58507068803739,-46.757663816954256,sao paulo,SP
05414,-23.563726250620373,-46.68074871703506,são paulo,SP
05414,-23.56480367277396,-46.68005784846209,sao paulo,SP
05414,-23.5615830246985,-46.68097741020834,sao paulo,SP
05414,-23.561649942552908,-46.68099560811351,sao paulo,SP
05414,-23.561774800450067,-46.68219524300298,sao paulo,SP
05664,-23.618132672313376,-46.72177930549046,sao paulo,SP
05664,-23.61665313004126,-46.72593584088522,sao paulo,SP
05664,-23.61753003935456,-46.726437808144375,sao paulo,SP
05664,-23.61806697685905,-46.722484775007786,sao paulo,SP
05664,-23.617040861474052,-46.72268450949822,sao paulo,SP
06715,-23.60931570674486,-46.8753062213065,cotia,SP
06715,-23.613722223988624,-46.87715450542436,cotia,SP
06715,-23.61498212309975,-46.86886975380052,cotia,SP
06715,-23.613002612268442,-46.88139388343239,cotia,SP
06715,-23.60931570674486,-46.8753062213065,cotia,SP
07091,-23.464392221253405,-46.54273714209829,guarulhos,SP
07091,-23.46684065306711,-46.53805309838998,guarulhos,SP
07091,-23.464392221253405,-46.54273714209829,guarulhos,SP
07091,-23.46508171633103,-46.539339523639065,guarulhos,SP
07091,-23.462943087425717,-46.540994835968604,guarulhos,SP
86700,-23.41507740422774,-51.42944823345752,arapongas,PR
86700,-23.41507740422774,-51.42944823345752,arapongas,PR
86700,-23.40823731184805,-51.43630479557485,arapongas,PR
86700,-23.415706806741877,-51.43119480963644,arapongas,PR
86700,-23.41402586278745,-51.43470578628438,arapongas,PR
86802,-23.562426189446533,-51.46121493726617,apucarana,PR
86802,-23.564442496795866,-51.48270879153513,apucarana,PR
86802,-23.568082210764487,-51.459841267956804,apucarana,PR
86802,-23.56129521599899,-51.48260439145958,apucarana,PR
86802,-23.565163322530243,-51.476803382287706,apucarana,PR
86804,-23.544735882141506,-51.45494428108604,apucarana,PR
86804,-23.546890342509663,-51.45501870937862,apucarana,PR
86804,-23.537997000000004,-51.44724224999999,apucarana,PR
86804,-23.540448877849485,-51.452773603231115,apucarana,PR
86804,-23.53429311759832,-51.45186382364843,apucarana,PR
86990,-23.489938018233765,-51.788818993683066,marialva,PR
86990,-23.47768415608986,-51.81845064241248,marialva,PR
86990,-23.484636044408944,-51.8011224551255,marialva,PR
86990,-23.482893478188803,-51.79235829695544,marialva,PR
86990,-23.474875960175638,-51.80640013441251,marialva,PR
87020,-23.408701903566726,-51.94097450684423,maringa,PR
87020,-23.412877925928985,-51.944784075693825,maringa,PR
87020,-23.414811932449656,-51.93994609866744,maringa,PR
87020,-23.4181093087555,-51.93386616117815,maringá,PR
87020,-23.415638748419006,-51.94067305882785,maringa,PR
87043,-23.40545272144952,-51.89969510559497,maringa,PR
87043,-23.400785045129613,-51.89773459383343,maringa,PR
87043,-23.402669873888005,-51.893885827980114,maringa,PR
87043,-23.39302293760651,-51.89858873807138,maringa,PR
87043,-23.400573204911055,-51.885704082074774,maringá,PR
87200,-23.659805934108583,-52.60600388710681,cianorte,PR
87200,-23.656289077603816,-52.609014673631826,cianorte,PR
87200,-23.656831071319505,-52.6118640427917,cianorte,PR
87200,-23.655059295904532,-52.610708141593825,cianorte,PR
87200,-23.65464088672185,-52.61051863606512,cianorte,PR
88750,-28.27354928978744,-49.16896410025293,braco do norte,SC
88750,-28.259060136858114,-49.16289736451813,braco do norte,SC
88750,-28.271091787079886,-49.1628202078873,braco do norte,SC
88750,-28.284160319391823,-49.15639142490652,braço do norte,SC
88750,-28.280416456535182,-49.15512601539859,braco do norte,SC
89140,-27.053345591336814,-49.5094661052278,ibirama,SC
89140,-27.050268588556097,-49.50827418392488,ibirama,SC
89140,-27.061025484196808,-49.523303150711754,ibirama,SC
89140,-27.064212568702963,-49.51968649764839,ibirama,SC
89140,-27.047005606790886,-49.54612343280333,ibirama,SC
89202,-26.313496554532893,-48.848625282820706,joinville,SC
89202,-26.311185471002325,-48.842229745628714,joinville,SC
89202,-26.307989329447743,-48.84296934387446,joinville,SC
89202,-26.311946521784314,-48.84177161518264,joinville,SC
89202,-26.307988491257426,-48.845600869409694,joinville,SC
89225,-26.25351566740153,-48.80168204279203,joinville,SC
89225,-26.247466582289817,-48.80297281986845,joinville,SC
89225,-26.257047736886143,-48.81619943005944,joinville,SC
89225,-26.2478204024184,-48.80815894864182,joinville,SC
89225,-26.249933818483473,-48.81118154232788,joinville,SC
89580,-27.029491198616498,-50.913026659185164,fraiburgo,SC
89580,-27.022915464857206,-50.92466669228557,fraiburgo,SC
89580,-27.02582713560173,-50.92284106805191,fraiburgo,SC
89580,-27.025467718962084,-50.92235186201194,fraiburgo,SC
89580,-27.026163444851917,-50.922659552842454,fraiburgo,SC
90050,-30.036636963096473,-51.22367993104038,porto alegre,RS
90050,-30.04272571106246,-51.231108012349246,porto alegre,RS
90050,-30.031685644180314,-51.22017602873788,porto alegre,RS
90050,-30.03511750635197,-51.222162869002595,porto alegre,RS
90050,-30.031685644180314,-51.22017602873788,porto alegre,RS
01050,-23.549773516504185,-46.64559900666509,sao paulo,SP
01050,-23.54874766250217,-46.64239136704376,sao paulo,SP
01050,-23.548755593946588,-46.642789203733535,sao paulo,SP
01050,-23.54985418067981,-46.643139396906825,sao paulo,SP
01050,-23.54874766250217,-46.64239136704376,sao paulo,SP
01135,-23.521221031363606,-46.65296293450282,sao paulo,SP
01135,-23.526908245080445,-46.65089423910785,sao paulo,SP
01135,-23.527010132293896,-46.65033378992916,sao paulo,SP
01135,-23.526908245080445,-46.65089423910785,sao paulo,SP
01135,-23.5269165545329,-46.650251739800325,sao paulo,SP
01316,-23.55298158090484,-46.63977389064573,sao paulo,SP
01316,-23.55298158090484,-46.63977389064573,são paulo,SP
01316,-23.553947682757272,-46.63933863765943,sao paulo,SP
01316,-23.550440311962603,-46.63837024132953,sao paulo,SP
01316,-23.552714493479126,-46.63892800069249,são paulo,SP
01327,-23.565219296699166,-46.645151725373594,sao paulo,SP
01327,-23.565363296699157,-46.645102225373606,sao paulo,SP
01327,-23.563988276992315,-46.64564833902704,sao paulo,SP
01327,-23.56706983957529,-46.64443562432925,sao paulo,SP
01327,-23.56723281404008,-46.64438560600738,são paulo,SP
02047,-23.516228288983875,-46.621841082340914,sao paulo,SP
02047,-23.516228288983875,-46.621841082340914,sao paulo,SP
02047,-23.51836389286744,-46.61420872522939,sao paulo,SP
02047,-23.51942310574757,-46.61199481418429,sao paulo,SP
02047,-23.51682145738366,-46.62031699679736,sao paulo,SP
02067,-23.505895624473467,-46.60638997293555,sao paulo,SP
02067,-23.50753805606211,-46.59591854648282,sao paulo,SP
02067,-23.503606480985646,-46.61098845406545,são paulo,SP
02067,-23.505895624473467,-46.60638997293555,sao paulo,SP
02067,-23.5039272982228,-46.6106382436035,sao paulo,SP
02281,-23.449178934155494,-46.574350949321804,sao paulo,SP
02281,-23.452285054703825,-46.57940599452962,são paulo,SP
02281,-23.45272362392521,-46.571093649316204,sao paulo,SP
02281,-23.451511075768952,-46.569296928530214,sao paulo,SP
02281,-23.449178934155494,-46.574350949321804,sao paulo,SP
02306,-23.452449422701836,-46.60149895934556,sao paulo,SP
02306,-23.46621393228113,-46.603454334699194,sao paulo,SP
02306,-23.450428163194665,-46.59940217430317,são paulo,SP
02306,-23.46621393228113,-46.603454334699194,sao paulo,SP
02306,-23.46621393228113,-46.603454334699194,sao paulo,SP
02376,-23.457176559813018,-46.628579252293825,sao paulo,SP
02376,-23.458599859282135,-46.62754043825374,sao paulo,SP
02376,-23.457912663887154,-46.62745853788448,sao paulo,SP
02376,-23.457830647238737,-46.628224381210686,sao paulo,SP
02376,-23.458816403831715,-46.628303804605004,sao paulo,SP
02516,-23.510020861503833,-46.65996044991051,sao paulo,SP
02516,-23.50663232500434,-46.657478975301494,sao paulo,SP
02516,-23.51354953205609,-46.66059211033519,são paulo,SP
02516,-23.507408168474786,-46.660947993479134,sao paulo,SP
02516,-23.51015830252754,-46.659560306278436,sao paulo,SP
02612,-23.472187009435064,-46.6629481470945,são paulo,SP
02612,-23.47342846378897,-46.66574264654624,sao paulo,SP
02612,-23.470295668330554,-46.664855643632045,sao paulo,SP
02612,-23.4735841357262,-46.66362557729814,são paulo,SP
02612,-23.47177577436659,-46.66302855522538,sao paulo,SP
03031,-23.533076237269082,-46.61826949423456,sao paulo,SP
03031,-23.533076237269082,-46.61826949423456,sao paulo,SP
03031,-23.532644063015663,-46.62198579892085,sao paulo,SP
03031,-23.533068928126188,-46.61841738842404,sao paulo,SP
03031,-23.52833381848348,-46.61941011172019,sao paulo,SP
03081,-23.536952413266775,-46.57554393839796,sao paulo,SP
03081,-23.53304778573489,-46.57562238732751,sao paulo,SP
03081,-23.53230911518264,-46.575640927289456,sao paulo,SP
03081,-23.530246910352588,-46.57565256492024,sao paulo,SP
03081,-23.530293115182626,-46.575711412862745,sao paulo,SP
03313,-23.549428499527707,-46.55955227038229,sao paulo,SP
03313,-23.542789358589644,-46.558931626695156,sao paulo,SP
03313,-23.543464086040725,-46.55885173120198,sao paulo,SP
03313,-23.53797538550986,-46.560091925327555,sao paulo,SP
03313,-23.547493581741552,-46.557891611316144,sao paulo,SP
03350,-23.56880042714523,-46.567722122396,são paulo,SP
03350,-23.57033053205609,-46.566431124761934,sao paulo,SP
03350,-23.57168290980432,-46.5644562536788,sao paulo,SP
03350,-23.56718069969415,-46.56665065029715,sao paulo,SP
03350,-23.57168290980432,-46.5644562536788,sao paulo,SP
03470,-23.572820577298156,-46.523296403831715,sao paulo,SP
03470,-23.570706170514878,-46.52429775971763,sao paulo,SP
03470,-23.570088446100872,-46.523898539521305,são paulo,SP
03470,-23.568291188181618,-46.52128054524206,sao paulo,SP
03470,-23.567198333054424,-46.52145521218764,são paulo,SP
03804,-23.50271592062436,-46.48299647362806,sao paulo,SP
03804,-23.497221310577622,-46.48523106633388,sao paulo,SP
03804,-23.505100575076455,-46.48301004717532,sao paulo,SP
03804,-23.498253243394313,-46.48634045562485,são paulo,SP
03804,-23.496987226758584,-46.48391597668646,sao paulo,SP
03950,-23.59441643579253,-46.47993415674948,sao paulo,SP
03950,-23.594209574528204,-46.47951437968147,são paulo,SP
03950,-23.596086809167083,-46.47598952973245,sao paulo,SP
03950,-23.58790972217096,-46.489909694414045,são paulo,SP
03950,-23.589257864894865,-46.48870815499456,sao paulo,SP
03961,-23.60342730391253,-46.48418163864038,sao paulo,SP
03961,-23.59895326672053,-46.48136786594724,sao paulo,SP
03961,-23.60342730391253,-46.48418163864038,sao paulo,SP
03961,-23.602118178595045,-46.485531939393454,sao paulo,SP
03961,-23.60220851096427,-46.484932499999985,sao paulo,SP
04042,-23.602707503462444,-46.64264399999999,sao paulo,SP
04042,-23.602659496249085,-46.64617149708582,são paulo,SP
04042,-23.602666547319533,-46.64797166472388,são paulo,SP
04042,-23.602725576941978,-46.63802757694198,sao paulo,SP
04042,-23.602762529286128,-46.642270499999995,sao paulo,SP
04055,-23.617107882165563,-46.64166179368504,sao paulo,SP
04055,-23.61971292423105,-46.6405239292227,sao paulo,SP
04055,-23.61676010713255,-46.642603652230385,sao paulo,SP
04055,-23.618175024698495,-46.64166735858964,sao paulo,SP
04055,-23.61971292423105,-46.6405239292227,são paulo,SP
04087,-23.60535425673721,-46.65623259671653,sao paulo,SP
04087,-23.605482289485796,-46.65635206396796,sao paulo,SP
04087,-23.606452393559938,-46.65733352415025,sao paulo,SP
04087,-23.607122018321864,-46.65788995322872,sao paulo,SP
04087,-23.609026190856948,-46.65965657991232,sao paulo,SP
04116,-23.592852429915194,-46.62775846127881,são paulo,SP
04116,-23.59299694255292,-46.62364916985976,sao paulo,SP
04116,-23.590958301142567,-46.629899428674456,sao paulo,SP
04116,-23.590797464337225,-46.62249924992788,sao paulo,SP
04116,-23.59481341271852,-46.624907792255755,sao paulo,SP
04140,-23.60590732760994,-46.62908109623806,sao paulo,SP
04140,-23.60776623674191,-46.63086556134222,sao paulo,SP
04140,-23.60586251096427,-46.629521193173275,são paulo,SP
04140,-23.605813477927217,-46.62926991618096,sao paulo,SP
04140,-23.60792074493622,-46.63104095697963,sao paulo,SP
04447,-23.69230323619365,-46.67778116374293,sao paulo,SP
04447,-23.69230323619365,-46.67778116374293,sao paulo,SP
04447,-23.692816236193647,-46.6778406382077,são paulo,SP
04447,-23.692816236193647,-46.6778406382077,sao paulo,SP
04447,-23.680001211206687,-46.684215671648765,sao paulo,SP
04543,-23.585122974369835,-46.67134873164487,sao paulo,SP
04543,-23.58860137024641,-46.67419445337296,sao paulo,SP
04543,-23.591341578617616,-46.68618476310292,sao paulo,SP
04543,-23.589208508742573,-46.67934151595592,sao paulo,SP
04543,-23.5851676239252,-46.67111941326678,sao paulo,SP
04583,-23.620526944532504,-46.69850815341418,sao paulo,SP
04583,-23.617951187344897,-46.69735165805876,sao paulo,SP
04583,-23.619372485977312,-46.69811070471448,sao paulo,SP
04583,-23.617191342489484,-46.69733909437928,sao paulo,SP
04583,-23.61979202830518,-46.693833883980645,sao paulo,SP
04635,-23.6430297124761,-46.671150621270826,são paulo,SP
04635,-23.63981860949849,-46.671097635726184,sao paulo,SP
04635,-23.641157346384627,-46.67033032125342,são paulo,SP
04635,-23.64035469219234,-46.6696448633215,sao paulo,SP
04635,-23.63992415380312,-46.66930122576439,sao paulo,SP
04718,-23.633368600969956,-46.703602981051986,sao paulo,SP
04718,-23.631195300305848,-46.70496754884874,sao paulo,SP
04718,-23.634047137111175,-46.70196038051818,são paulo,SP
04718,-23.6367733605746,-46.697877083965864,sao paulo,SP
04718,-23.637427300604163,-46.6970268651599,sao paulo,SP
05223,-23.409014061053767,-46.73922291672922,são paulo,SP
05223,-23.410651588954916,-46.747073436436054,são paulo,SP
05223,-23.409623902302503,-46.738551462808005,sao paulo,SP
05223,-23.408652363581307,-46.74056146488549,sao paulo,SP
05223,-23.40687940521669,-46.73753219510652,sao paulo,SP
05577,-23.584099911766224,-46.77935236121539,sao paulo,SP
05577,-23.585302374488748,-46.76573031099623,são paulo,SP
05577,-23.584099911766224,-46.77935236121539,sao paulo,SP
05577,-23.583555000000004,-46.77799049999999,sao paulo,SP
05577,-23.58512562276068,-46.74281031122521,sao paulo,SP
05665,-23.620065111486976,-46.72171512353275,sao paulo,SP
05665,-23.620476583126543,-46.73210575506377,sao paulo,SP
05665,-23.620476583126543,-46.73210575506377,sao paulo,SP
05665,-23.620476583126543,-46.73210575506377,sao paulo,SP
05665,-23.61848855409895,-46.72797465947487,são paulo,SP
05761,-23.634603366639734,-46.768652047175316,sao paulo,SP
05761,-23.63574408298231,-46.76508850222169,são paulo,SP
05761,-23.63678513937248,-46.76534110975463,são paulo,SP
05761,-23.634162953372947,-46.76813357271051,sao paulo,SP
05761,-23.635014305431977,-46.76775931168497,sao paulo,SP
05819,-23.66429284762538,-46.73636514418031,sao paulo,SP
05819,-23.669797924231045,-46.739240810721846,são paulo,SP
05819,-23.664358152374614,-46.736397355819676,sao paulo,SP
05819,-23.665575237578626,-46.73670344477462,são paulo,SP
05819,-23.66436575881469,-46.73467754899296,sao paulo,SP
06023,-23.54409619233656,-46.76689678195532,osasco,SP
06023,-23.54409619233656,-46.76689678195532,osasco,SP
06023,-23.541254664723866,-46.77186102221699,osasco,SP
06023,-23.54047331334271,-46.77240020026822,osasco,SP
06023,-23.54409619233656,-46.76689678195532,osasco,SP
06056,-23.565986162357948,-46.785042126550934,osasco,SP
06056,-23.565338857858546,-46.787676588498755,osasco,SP
06056,-23.563882715274723,-46.78573084719268,osasco,SP
06056,-23.570233186796653,-46.78942549154587,osasco,SP
06056,-23.565986162357948,-46.785042126550934,osasco,SP
06857,-23.709639237874594,-46.80434487268545,itapecerica da serra,SP
06857,-23.705480059738388,-46.805675695647935,itapecerica da serra,SP
06857,-23.713458869299675,-46.803270894675016,itapecerica da serra,SP
06857,-23.70198236316239,-46.794733684742496,itapecerica da serra,SP
06857,-23.70560047158582,-46.805629537773086,itapecerica da serra,SP
07062,-23.464698537884473,-46.54732435567544,guarulhos,SP
07062,-23.465551421316857,-46.54586457438398,guarulhos,SP
07062,-23.46037993144441,-46.55132527477062,guarulhos,SP
07062,-23.46015057285476,-46.556359323619375,guarulhos,SP
07062,-23.46037993144441,-46.55132527477062,guarulhos,SP
07112,-23.46844969386578,-46.51874198987243,guarulhos,SP
07112,-23.467614663887158,-46.50903629156326,guarulhos,SP
07112,-23.46902401748514,-46.51790889286744,guarulhos,SP
07112,-23.4691332850424,-46.518216034970294,guarulhos,SP
07112,-23.46844969386578,-46.51874198987243,guarulhos,SP
07145,-23.40578632944775,-46.486732835276115,guarulhos,SP
07145,-23.407131017485142,-46.49135679739166,guarulhos,SP
07145,-23.40527235086025,-46.49003673018173,guarulhos,SP
07145,-23.404076839918282,-46.48695810665584,guarulhos,SP
07145,-23.46790864324457,-46.518860549638354,guarulhos,SP
07221,-23.469882726614365,-46.466792130446066,guarulhos,SP
07221,-23.465763973213942,-46.474858384483696,guarulhos,SP
07221,-23.471864758814682,-46.475050924231056,guarulhos,SP
07221,-23.47607009547579,-46.470440184430714,guarulhos,SP
07221,-23.467869971575478,-46.46942087328397,guarulhos,SP
08030,-23.49997012461769,-46.42365639286743,sao paulo,SP
08030,-23.50255950513589,-46.423264457816366,sao paulo,SP
08030,-23.5022455947833,-46.42490701027179,sao paulo,SP
08030,-23.50255950513589,-46.423264457816366,sao paulo,SP
08030,-23.512103633360272,-46.4192534023025,sao paulo,SP
08223,-23.523367358589653,-46.46705568665242,sao paulo,SP
08223,-23.532249510675808,-46.47079316472386,sao paulo,SP
08223,-23.5268870605055,-46.47275230974088,sao paulo,SP
08223,-23.530780152374614,-46.469553695250745,sao paulo,SP
08223,-23.533788489035732,-46.469722196087474,sao paulo,SP
08563,-23.529989525390985,-46.348898777829035,poá,SP
08563,-23.536907895637412,-46.347693296699155,poa,SP
08563,-23.531277514542904,-46.348541234527914,poa,SP
08563,-23.53406528864907,-46.3539364052167,poa,SP
08563,-23.532412704137553,-46.35483645198797,poa,SP
09290,-23.64309058728148,-46.51261568180499,santo andre,SP
09290,-23.769330912023996,-46.46558703122672,santo andre,SP
09290,-23.652547629792757,-46.501404116645006,santo andre,SP
09290,-23.643735988343238,-46.51227138732753,santo andré,SP
09290,-23.64895962317254,-46.49767484133334,santo andre,SP
09431,-23.692278245067488,-46.38667943429559,ribeirao pires,SP
09431,-23.688890831012518,-46.38496834525221,ribeirao pires,SP
09431,-23.68867492645274,-46.379920048992986,ribeirao pires,SP
09431,-23.697390522443214,-46.37872170223214,ribeirao pires,SP
09431,-23.692014859651152,-46.386292159940396,ribeirao pires,SP
09683,-23.667798979822432,-46.595983177956725,sao bernardo do campo,SP
09683,-23.67049304306045,-46.598282004753806,sao bernardo do campo,SP
09683,-23.66770378544643,-46.59602933086139,sao bernardo do campo,SP
09683,-23.66429820012684,-46.59424419799206,são bernardo do campo,SP
09683,-23.67100125174555,-46.598633271308174,sao bernardo do campo,SP
09790,-23.72685273154166,-46.54574582941039,sao bernardo do campo,SP
09790,-23.73317453231589,-46.53565202109181,são bernardo do campo,SP
09790,-23.724495000000005,-46.54829699999999,sao bernardo do campo,SP
09790,-23.73408832668748,-46.53787464512805,sao bernardo do campo,SP
09790,-23.734683000000004,-46.53503249278665,sao bernardo do campo,SP
11370,-23.962341006335215,-46.37834981603576,sao vicente,SP
11370,-23.955944202192345,-46.38704337696884,sao vicente,SP
11370,-23.960377659577468,-46.37996048169749,sao vicente,SP
11370,-23.95616514183777,-46.37531917976733,sao vicente,SP
11370,-23.956736479200316,-46.38688853542901,sao vicente,SP
13180,-22.81344361844933,-47.17188935591158,sumare,SP
13180,-22.854699230365267,-47.16140862031852,sumare,SP
13180,-22.836332640573627,-47.16329112960936,sumaré,SP
13180,-22.848076712388686,-47.16294734170444,sumare,SP
13180,-22.839781375837344,-47.15887282148315,sumare,SP
13272,-22.94509412337182,-46.99793671529901,valinhos,SP
13272,-22.954621179285944,-47.0102220951899,valinhos,SP
13272,-22.952944573453752,-47.01365633737282,valinhos,SP
13272,-22.94373244805071,-46.99966315728825,valinhos,SP
13272,-22.954332481912264,-46.99859625301559,valinhos,SP
13295,-23.15915219401001,-47.05820782584106,itupeva,SP
13295,-23.158098188729884,-47.06209796808814,itupeva,SP
13295,-23.155734614797353,-47.03924725807414,itupeva,SP
13295,-23.154456532731473,-47.05730922447036,itupeva,SP
13295,-23.157981080340804,-47.03931374399551,itupeva,SP
13318,-23.260076067170605,-47.05288696073054,cabreuva,SP
13318,-23.301692422078396,-45.95500848073983,jacare,SP
13318,-23.24413811573089,-47.06122844685208,jacare,SP
13318,-23.297091691695535,-45.96110018822232,jacare,SP
13318,-23.293925339422024,-45.95837238186896,jacare,SP
13321,-23.195225755208003,-47.29800916457965,salto,SP
13321,-23.193134225085142,-47.29335661449013,salto,SP
13321,-23.185140516792654,-47.28126942576025,salto,SP
13321,-23.192420695601328,-47.29571392483972,salto,SP
13321,-23.191890684430714,-47.29396040022504,salto,SP
13328,-23.184582414451018,-47.328649797768485,salto,SP
13328,-23.184582414451018,-47.328649797768485,salto,SP
13328,-23.1777630785525,-47.34554739236264,salto,SP
13328,-23.181745191684634,-47.347078609014815,salto,SP
13328,-23.184582414451018,-47.328649797768485,salto,SP
13331,-23.086094615998476,-47.224962351552726,indaiatuba,SP
13331,-23.071805593422386,-47.22631284080144,indaiatuba,SP
13331,-23.066961556088373,-47.221380536593024,indaiatuba,SP
13331,-23.071805593422386,-47.22631284080144,indaiatuba,SP
13331,-23.087761291707494,-47.227722694702486,indaiatuba,SP
13345,-23.096930888424048,-47.22158776519132,indaiatuba,SP
13345,-23.101439639835114,-47.217209804413365,indaiatuba,SP
13345,-23.105272274770613,-47.221460497085815,indaiatuba,SP
13345,-23.10353619677997,-47.2247891246177,indaiatuba,SP
13345,-23.108326753534566,-47.22029420621502,indaiatuba,SP
13375,-22.928107942529245,-47.563380136162834,mombuca,SP
13375,-22.945157491290797,-45.50977265399819,mombuca,SP
13375,-5.754127236182977,-39.62793308384436,mombuca,SP
13375,-22.9294881423121,-47.56826980444118,mombuca,SP
13375,-22.929096554447312,-47.56608270611051,mombuca,SP
13457,-22.76466219035595,-47.36235515162823,santa barbara d'oeste,SP
13457,-22.760336511489747,-47.39465451704052,santa barbara d'oeste,SP
13457,-22.77207333386914,-47.38439140216244,santa barbara d oeste,SP
13457,-22.77115273569321,-47.38972417582857,santa barbara d'oeste,SP
13457,-22.768768519883157,-47.39023314201659,santa barbara d'oeste,SP
13473,-22.72893170107914,-47.301322143632056,americana,SP
13473,-22.712658558976294,-47.31221567943906,americana,SP
13473,-22.72893170107914,-47.301322143632056,americana,SP
13473,-22.727780015263438,-47.29915569525074,americana,SP
13473,-22.72194739661835,-47.30124771801601,americana,SP
13568,-22.016967296150902,-47.85171546211552,sao carlos,SP
13568,-22.002213456575603,-47.855502,sao carlos,SP
13568,-22.004108528997676,-47.856200139188644,sao carlos,SP
13568,-22.004593470713868,-47.85661350000001,sao carlos,SP
13568,-22.003211462280557,-47.856843092932664,sao carlos,SP
14140,-21.336576735166876,-47.749631891718124,cravinhos,SP
14140,-21.337068770216664,-47.75016647913464,cravinhos,SP
14140,-21.33788589645182,-47.72747561726392,cravinhos,SP
14140,-21.337524117424632,-47.74778384938612,cravinhos,SP
14140,-21.33182564390666,-47.728188158917696,cravinhos,SP
14405,-20.526474345608047,-47.42039473841249,franca,SP
14405,-20.532995654182407,-47.408599444835254,franca,SP
14405,-20.536866500389515,-47.40800525964704,franca,SP
14405,-20.522918012835593,-47.40725747540172,franca,SP
14405,-20.531003854132944,-47.40868654580419,franca,SP
14407,-20.498858730598243,-47.426035535841386,franca,SP
14407,-20.490425898947006,-47.42541757812103,franca,SP
14407,-20.491243749657635,-47.41365603438317,franca,SP
14407,-20.494018035703974,-47.40965212939641,franca,SP
14407,-20.50285842465568,-47.41133602802268,franca,SP
14700,-21.01874823813636,-48.6485935746869,bebedouro,SP
14700,-20.936590755200747,-48.483724418715454,bebedouro,SP
14700,-20.938647922862415,-48.482715625641696,bebedouro,SP
14700,-20.94407860837179,-48.485022771284065,bebedouro,SP
14700,-20.938660558393437,-48.48881276979319,bebedouro,SP
14740,-20.87672840914925,-48.29557204915602,viradouro,SP
14740,-20.874333375880738,-48.298202826142756,viradouro,SP
14740,-20.866271911711227,-48.29642592895399,viradouro,SP
14740,-20.863558771039028,-48.28810936693446,viradouro,SP
14740,-20.859417355040993,-48.27352969842678,viradouro,SP
01214,-23.53569581346678,-46.64141313885349,sao paulo,SP
01214,-23.53764882930352,-46.64423621371684,sao paulo,SP
01214,-23.540043520399337,-46.646521621847725,sao paulo,SP
01214,-23.537230145161264,-46.643343862888806,são paulo,SP
01214,-23.53764882930352,-46.64423621371684,sao paulo,SP
01233,-23.532868152374615,-46.66033569525076,sao paulo,SP
01233,-23.532868152374615,-46.66033569525076,são paulo,SP
01233,-23.53275784762538,-46.660349823071115,sao paulo,SP
01233,-23.54276419149358,-46.66427865774982,sao paulo,SP
01233,-23.532868152374615,-46.66033569525076,sao paulo,SP
01239,-23.548781693029053,-46.65745981155857,sao paulo,SP
01239,-23.546888000878983,-46.65651974771824,sao paulo,SP
01239,-23.547970938657766,-46.65707689246341,são paulo,SP
01239,-23.546664576461446,-46.65643673495291,sao paulo,SP
01239,-23.546229003058414,-46.654494549252775,sao paulo,SP
01416,-23.55951039494492,-46.66706390175425,sao paulo,SP
01416,-23.558945176236406,-46.66644961754856,sao paulo,SP
01416,-23.563561285590662,-46.671261259651416,sao paulo,SP
01416,-23.563651714409335,-46.67127370760001,sao paulo,SP
01416,-23.555864357752935,-46.66335852637194,sao paulo,SP
01535,-23.569618023313524,-46.62490078227243,sao paulo,SP
01535,-23.574244253678796,-46.62580081986844,sao paulo,SP
01535,-23.575827594494836,-46.62674013044608,sao paulo,SP
01535,-23.574244253678796,-46.62580081986844,sao paulo,SP
01535,-23.5681211312828,-46.625984172081466,sao paulo,SP
02279,-23.46048082737028,-46.57585219747245,sao paulo,SP
02279,-23.462385139881142,-46.57938130252753,sao paulo,SP
02279,-23.464730545934557,-46.57389912906108,sao paulo,SP
02279,-23.462317592013346,-46.572891957527894,sao paulo,SP
02279,-23.460846903975945,-46.576803007213364,sao paulo,SP
03161,-23.580905196779966,-46.56317152651616,sao paulo,SP
03161,-23.577674804756676,-46.56285369231237,sao paulo,SP
03161,-23.580544778544485,-46.563028084747074,são paulo,SP
03161,-23.580641758640056,-46.56315904918304,sao paulo,SP
03161,-23.57810661587513,-46.562783117548555,sao paulo,SP
03268,-23.598441932829385,-46.52704633847878,sao paulo,SP
03268,-23.598558178458102,-46.528028989728206,sao paulo,SP
03268,-23.599736088810698,-46.526203948929556,são paulo,SP
03268,-23.59794963558197,-46.526812742714526,são paulo,SP
03268,-23.59957907402559,-46.526440209205944,sao paulo,SP
03333,-23.556849999163273,-46.56941527477062,são paulo,SP
03333,-23.55667120344507,-46.568594195250746,sao paulo,SP
03333,-23.55791939578164,-46.56736024132953,sao paulo,SP
03333,-23.555562097697486,-46.56826432278263,sao paulo,SP
03333,-23.556806399322628,-46.56987325510038,sao paulo,SP
03448,-23.55326966472387,-46.520630109354244,sao paulo,SP
03448,-23.55367685429048,-46.52185590091752,sao paulo,SP
03448,-23.552720863725536,-46.5230924635005,são paulo,SP
03448,-23.55538013849616,-46.523577247850426,sao paulo,SP
03448,-23.553499809048418,-46.52195847377229,sao paulo,SP
03573,-23.56168119891244,-46.506271105553324,sao paulo,SP
03573,-23.56168119891244,-46.506271105553324,sao paulo,SP
03573,-23.55714959755326,-46.51125656771888,sao paulo,SP
03573,-23.55885275575627,-46.51140964640201,sao paulo,SP
03573,-23.560865518177625,-46.50744540813088,sao paulo,SP
03606,-23.52428999999995,-46.54881999999998,sao paulo,SP
03606,-23.52076426311386,-46.54663126103639,sao paulo,SP
03606,-23.52304483596861,-46.54766796364472,sao paulo,SP
03606,-23.52217788121068,-46.547124742022014,sao paulo,SP
03809,-23.489345713572618,-46.47738070858095,sao paulo,SP
03809,-23.489935250620373,-46.476427159587985,sao paulo,SP
03809,-23.49190546433722,-46.47792227546311,sao paulo,SP
03809,-23.490420978071462,-46.47347051817764,sao paulo,SP
03809,-23.491785132667772,-46.47469838412488,sao paulo,SP
03980,-23.61662227782904,-46.515106571469765,são paulo,SP
03980,-23.61602155176294,-46.51495082653355,sao paulo,SP
03980,-23.61521895920133,-46.51311547085808,sao paulo,SP
03980,-23.61657290950175,-46.51254404484398,sao paulo,SP
03980,-23.61505411962603,-46.51626822093021,sao paulo,SP
04137,-23.612081731057756,-46.623180258670466,sao paulo,SP
04137,-23.612081731057756,-46.623180258670466,sao paulo,SP
04137,-23.612081731057756,-46.623180258670466,sao paulo,SP
04137,-23.61148333028446,-46.6238298193202,sao paulo,SP
04137,-23.610520710710784,-46.62556917177754,sao paulo,SP
04164,-23.626102693865775,-46.60960357562472,sao paulo,SP
04164,-23.629566132667776,-46.609069683045725,sao paulo,SP
04164,-23.630637719400994,-46.60761159922671,sao paulo,SP
04164,-23.629878914339336,-46.60906268712792,sao paulo,SP
04164,-23.621914061176046,-46.60922872928762,sao paulo,SP
04510,-23.594543328899487,-46.667705652374615,sao paulo,SP
04510,-23.594789629753592,-46.67062129141904,sao paulo,SP
04510,-23.59408567110052,-46.671000789341576,sao paulo,SP
04510,-23.593962803220037,-46.66918243352187,sao paulo,SP
04510,-23.59422233611284,-46.670276294477446,são paulo,SP
04581,-23.621178352761262,-46.68614564141035,sao paulo,SP
04581,-23.62051043574358,-46.68704509172489,sao paulo,SP
04581,-23.62051043574358,-46.68704509172489,sao paulo,SP
04581,-23.621727247302154,-46.685347071614004,sao paulo,SP
04581,-23.621178352761262,-46.68614564141035,sao paulo,SP
04726,-23.63580786663679,-46.71209825910773,sao paulo,SP
04726,-23.636080059765412,-46.71368647000955,sao paulo,SP
04726,-23.634089726645822,-46.71411838581508,sao paulo,SP
04726,-23.636712782128207,-46.714525768942224,são paulo,SP
04726,-23.63416334110451,-46.71416132653354,sao paulo,SP
05126,-23.50126797890817,-46.739648000836716,sao paulo,SP
05126,-23.502147342035965,-46.7411137854613,são paulo,SP
05126,-23.498605288100816,-46.74039331363603,sao paulo,SP
05126,-23.503594756044727,-46.74088093865778,sao paulo,SP
05126,-23.500012693317515,-46.73974046808813,sao paulo,SP
05202,-23.40201119565939,-46.749600827800215,sao paulo,SP
05202,-23.403327831525214,-46.751885774770614,sao paulo,SP
05202,-23.400341078545722,-46.74633251278075,sao paulo,SP
05202,-23.401906428530214,-46.74991103941368,sao paulo,SP
05202,-23.402969255900494,-46.74182517401469,sao paulo,SP
05329,-23.540902503474072,-46.743449802075304,sao paulo,SP
05329,-23.540229503462445,-46.744523025535216,sao paulo,SP
05329,-23.540699389116536,-46.74332817236992,sao paulo,SP
05329,-23.54097677546311,-46.74440512003007,sao paulo,SP
05329,-23.540540782964925,-46.74572534318197,sao paulo,SP
05415,-23.563965740492822,-46.68179815445209,são paulo,SP
05415,-23.563100640025375,-46.685227373997314,sao paulo,SP
05415,-23.559961033585303,-46.68472409700501,sao paulo,SP
05415,-23.56125775659299,-46.68654429739166,sao paulo,SP
05415,-23.56063196808813,-46.68424363364873,sao paulo,SP
05726,-23.623339055225387,-46.73948655620634,sao paulo,SP
05726,-23.624782532892816,-46.7403537732414,sao paulo,SP
05726,-23.62351543822929,-46.74064229446084,sao paulo,SP
05726,-23.625338366330123,-46.7421570096296,sao paulo,SP
05726,-23.622453848462094,-46.740141294737256,sao paulo,SP
05729,-23.63329280322003,-46.73784151540766,sao paulo,SP
05729,-23.6373974321369,-46.73763516486811,sao paulo,SP
05729,-23.631828829419668,-46.7390462761897,sao paulo,SP
05729,-23.63329280322003,-46.73784151540766,sao paulo,SP
05729,-23.63670719816495,-46.73809456287144,são paulo,SP
05783,-23.644685514570952,-46.76780445920133,sao paulo,SP
05783,-23.647997335564582,-46.77017825422705,sao paulo,SP
05783,-23.647992176602298,-46.77225573953729,sao paulo,SP
05783,-23.643807046700562,-46.768689762702834,sao paulo,SP
05783,-23.647428811791496,-46.77213195716206,sao paulo,SP
05849,-23.651114842510154,-46.75521082321932,sao paulo,SP
05849,-23.650227984736556,-46.75498649486411,sao paulo,SP
05849,-23.65402572300768,-46.758733187344916,sao paulo,SP
05849,-23.65623125728547,-46.75882519900168,são paulo,SP
05849,-23.652175055225385,-46.75572486718799,sao paulo,SP
06150,-23.581716041873264,-46.81487809720846,osasco,SP
06150,-23.572511181175983,-46.80842167227724,osasco,SP
06150,-23.576129678881234,-46.813562079662525,osasco,SP
06150,-23.56803680878329,-46.80668302278945,osasco,SP
06150,-23.56992436770323,-46.80696766037228,osasco,SP
06465,-23.507407290616538,-46.84703285302898,barueri,SP
06465,-23.5086438802936,-46.851065006356905,barueri,SP
06465,-23.4870854838496,-46.87022278333645,barueri,SP
06465,-23.485777877162644,-46.87144267077981,barueri,SP
06465,-23.485777877162644,-46.87144267077981,barueri,SP
06543,-23.45958665954217,-46.817836486219164,santana de parnaiba,SP
06543,-23.471731324893696,-46.84936849791564,santana de parnaiba,SP
06543,-23.476969749927882,-46.831300354434696,santana de parnaiba,SP
06543,-23.464784402035622,-46.85518756997456,santana de parnaiba,SP
06543,-23.476969749927882,-46.831300354434696,santana de parnaiba,SP
06867,-23.75419499999998,-46.80973830999994,itapecerica da serra,SP
06867,-23.757575524983547,-46.81117819586789,itapecerica da serra,SP
06867,-23.74913501721486,-46.793746067653025,itapecerica da serra,SP
06867,-23.75859433575785,-46.812319242744984,itapecerica da serra,SP
06867,-23.753668874062992,-46.80878603360551,itapecerica da serra,SP
07170,-23.431948407438398,-46.44869453427779,guarulhos,SP
07170,-23.425519368861426,-46.41653404010617,guarulhos,SP
07170,-23.433444503462443,-46.43476325728548,guarulhos,SP
07170,-23.433227486814026,-46.438767916873445,guarulhos,SP
07170,-23.42550145268046,-46.41682561809682,guarulhos,SP
07190,-23.46000272745108,-46.49469066847478,guarulhos,SP
07190,-23.45995196055369,-46.49107873227377,guarulhos,SP
07190,-23.458648107132547,-46.501442177765604,guarulhos,SP
07190,-23.461861306134224,-46.498804433666095,guarulhos,SP
07190,-23.45920026089215,-46.49474384110451,guarulhos,SP
07231,-23.454964274480876,-46.46921558018531,guarulhos,SP
07231,-23.454721935968973,-46.46602360788074,guarulhos,SP
07231,-23.452163999999996,-46.46256299999999,guarulhos,SP
07231,-23.451423820705173,-46.46318285789715,guarulhos,SP
07231,-23.461062590339896,-46.46471741548848,guarulhos,SP
07790,-23.406238298215786,-46.84102497498486,cajamar,SP
07790,-23.40868373608855,-46.842352970915535,cajamar,SP
07790,-23.407445520342943,-46.844725276139386,cajamar,SP
07790,-23.409430985831754,-46.842177371262345,cajamar,SP
07790,-23.409444563738205,-46.83183023979211,cajamar,SP
07985,-23.285436459961183,-46.71111881569874,francisco morato,SP
07985,-23.28584069140334,-46.706356959787264,francisco morato,SP
07985,-23.28570248064071,-46.70829891432249,francisco morato,SP
07985,-23.285478050122368,-46.70569126484254,francisco morato,SP
07985,-23.28588728402771,-46.70012221881653,francisco morato,SP
08245,-23.524102645565282,-46.43440290091751,sao paulo,SP
08245,-23.524665401610008,-46.43294161656761,sao paulo,SP
08245,-23.521002317790987,-46.43279214210284,sao paulo,SP
08245,-23.52323474770618,-46.436757155288795,sao paulo,SP
08245,-23.52006917790984,-46.43085635581967,são paulo,SP
08260,-23.55860361532686,-46.431162329245254,sao paulo,SP
08260,-23.57090931531151,-46.4279956630623,sao paulo,SP
08260,-23.576416973628053,-46.44129869248078,são paulo,SP
08260,-23.56729421065843,-46.42661683749782,sao paulo,SP
08260,-23.57090931531151,-46.4279956630623,sao paulo,SP
08320,-23.63340245850885,-46.472862053436366,sao paulo,SP
08320,-23.626844099082465,-46.47412830904841,sao paulo,SP
08320,-23.624048752732744,-46.475361705276335,sao paulo,SP
08320,-23.619054729672776,-46.47560054801202,sao paulo,SP
08320,-23.626458459993888,-46.4752535076014,são paulo,SP
08505,-23.551383836506066,-46.36863715408518,ferraz de vasconcelos,SP
08505,-23.551753986958254,-46.367610805297495,ferraz de vasconcelos,SP
08505,-23.549530499999992,-46.3695255,ferraz de vasconcelos,SP
08505,-23.551582539296845,-46.36424135919124,ferraz de vasconcelos,SP
08505,-23.553365913870614,-46.36751693331151,ferraz de vasconcelos,SP
08541,-23.519307268942242,-46.37616601748513,ferraz de vasconcelos,SP
08541,-23.520573,-46.372592467251415,ferraz de vasconcelos,SP
08541,-23.52162278106121,-46.37368785285383,ferraz de vasconcelos,SP
08541,-23.515312463500496,-46.37364035483874,ferraz de vasconcelos,SP
08541,-23.522329885326023,-46.37589264799768,ferraz de vasconcelos,SP
08737,-23.513335555913002,-46.19550814955674,mogi das cruzes,SP
08737,-23.5440143761007,-46.20178052407594,mogi das cruzes,SP
08737,-23.538026104335504,-46.21396922980658,mogi das cruzes,SP
08737,-23.540928268637668,-46.204289802592484,mogi das cruzes,SP
08737,-23.547284396795103,-46.2025343967951,mogi das cruzes,SP
08900,-23.41300937046358,-46.023875286993444,guararema,SP
08900,-23.3441846693601,-46.14424583559173,guararema,SP
08900,-23.310402066333893,-46.10066178420568,guararema,SP
08900,-23.413315924151423,-46.03659814469973,guararema,SP
08900,-23.41179950346245,-46.03436882653355,guararema,SP
45656,-14.820535612979878,-39.03132950572518,ilhéus,BA
45656,-14.826323900270678,-39.03628036528289,ilheus,BA
45656,-14.820073876231488,-39.03486274942202,ilheus,BA
45656,-14.823978388468722,-39.035089819242636,ilhéus,BA
45656,-14.825939020252248,-39.03013969658864,ilheus,BA
49037,-10.995108708420165,-37.05902455806738,aracaju,SE
49037,-10.992623615150016,-37.057020095407594,aracaju,SE
49037,-10.990138096860768,-37.07423551650418,aracaju,SE
49037,-10.97295516070227,-37.04507208035113,aracaju,SE
49037,-10.990127715420584,-37.05804931163892,aracaju,SE
49900,-10.228181396372364,-36.84105980168848,propria,SE
49900,-10.208903095506423,-36.839461698974176,propria,SE
49900,-10.214090553506793,-36.828959392986405,propria,SE
49900,-10.220117341237176,-36.83789765118557,propria,SE
49900,-10.210049261108349,-36.83482095931991,propria,SE
50010,-8.064509008050077,-34.87740543075191,recife,PE
50010,-8.06517125728547,-34.879494237578626,recife,PE
50010,-8.062639354434703,-34.87859401748514,recife,PE
50010,-8.06271665667379,-34.877759898695814,recife,PE
50010,-8.063930545934552,-34.876927529286135,recife,PE
52051,-8.026644268942235,-34.90776042423104,recife,PE
52051,-8.02851691840267,-34.907970577442384,recife,PE
52051,-8.031614846240398,-34.904952199001656,recife,PE
52051,-8.025874472187551,-34.90919611626962,recife,PE
52051,-8.029620964192995,-34.907855835968604,recife,PE
54352,-8.159348590854291,-34.97317315489537,jaboatao dos guararapes,PE
54352,-8.186318266172316,-34.935331061283456,jaboatao dos guararapes,PE
58038,-7.101960317242725,-34.84236014348782,joão pessoa,PB
58038,-7.099923855675457,-34.83986604302035,joao pessoa,PB
58038,-7.103493128941704,-34.83614236805018,joao pessoa,PB
58038,-7.103296854290471,-34.83785628726411,joao pessoa,PB
58038,-7.112332047231016,-34.832443618243666,joao pessoa,PB
58042,-7.122939073765835,-34.84074918838593,joao pessoa,PB
58042,-7.122120537884472,-34.85055604731952,joao pessoa,PB
58042,-7.1208703938433375,-34.85064641510408,joão pessoa,PB
58042,-7.122295529286136,-34.84008,joao pessoa,PB
58042,-7.122053462115529,-34.85061797821569,joão pessoa,PB
58045,-7.123297631138561,-34.82665468220901,joão pessoa,PB
58045,-7.123199405505152,-34.824909630446086,joao pessoa,PB
58045,-7.123682011656755,-34.827910087569954,joao pessoa,PB
58045,-7.1278966584219114,-34.82549405556801,joao pessoa,PB
58045,-7.1258383327946175,-34.827367154452084,joao pessoa,PB
58200,-6.852396675699216,-35.501359927112055,guarabira,PB
58200,-6.84619670479558,-35.49382151259796,guarabira,PB
58200,-6.84648497769024,-35.494517143580545,guarabira,PB
58200,-6.851713076363922,-35.4988861320466,guarabira,PB
58200,-6.859571505118362,-35.491014345538325,guarabira,PB
59625,-5.20308505556572,-37.33906047500442,mossoró,RN
59625,-5.204568577496016,-37.32716836203775,mossoro,RN
59625,-5.2154163163778735,-37.303948241499015,mossoro,RN
59625,-5.205127500000003,-37.31929199999999,mossoro,RN
59625,-5.206743767060954,-37.325392201203094,mossoro,RN
60541,-3.7807715492527767,-38.58557485414625,fortaleza,CE
60541,-3.7803888048346477,-38.5973754055343,fortaleza,CE
60541,-3.7963056785786136,-38.606498759307044,fortaleza,CE
60541,-3.784391999999997,-38.59940700000001,fortaleza,CE
60541,-3.780629821013239,-38.59932693064191,fortaleza,CE
60850,-3.770177050233718,-38.51315555759132,fortaleza,CE
60850,-3.7731629753014952,-38.514334610046745,fortaleza,CE
60850,-3.7719490135899987,-38.513175689566616,fortaleza,CE
60850,-3.771137677448548,-38.51295969488937,fortaleza,CE
60850,-3.7694729753014893,-38.513884610046745,fortaleza,CE
63010,-7.201908,-39.320293500000005,juazeiro do norte,CE
63010,-7.204834858962819,-39.31546373630148,juazeiro do norte,CE
63010,-7.201908,-39.320293500000005,juazeiro do norte,CE
63010,-7.207515985268606,-39.31580629554854,juazeiro do norte,CE
63010,-7.208130242591623,-39.31444192390803,juazeiro do norte,CE
65045,-2.55356747844728,-44.246825114937906,sao luis,MA
65045,-2.553809995065817,-44.24790311348598,sao luis,MA
65045,-2.553809995065817,-44.24790311348598,sao luis,MA
65045,-2.5501591593841626,-44.32487512916296,sao luis,MA
65045,-2.5972539045242082,-44.22271258006811,sao luis,MA
65085,-2.5354030444053475,-44.32902966902305,sao luis,MA
65085,-2.558047714957601,-44.32551070552253,são luís,MA
65085,-2.5357027963252072,-44.328797836745856,sao luis,MA
65085,-2.555860607465108,-44.33462992244746,sao luis,MA
65085,-2.54973810355453,-44.32005573674191,são luís,MA
65973,-6.463947222435493,-47.056036299101095,sao joao do paraiso,MA
65973,-6.467082963697916,-47.05408672218199,sao joao do paraiso,MA
65973,-6.467082963697916,-47.05408672218199,são joão do paraíso,MA
65973,-6.465509051906997,-47.057620259856726,sao joao do paraiso,MA
65973,-6.467082963697916,-47.05408672218199,são joão do paraíso,MA
66080,-1.4219309958450534,-48.466488682353244,belem,PA
66080,-1.4381932096326424,-48.45954742893308,belem,PA
66080,-1.4384237429769782,-48.45920274801048,belem,PA
66080,-1.4390886312308528,-48.458311823208234,belem,PA
66080,-1.4229047338563838,-48.47176546324069,belem,PA
66640,-1.3809726642885602,-48.45196201576657,belem,PA
66640,-1.4048261920521814,-48.45504281138291,belem,PA
66640,-1.3839426049240118,-48.45378641831311,belem,PA
66640,-1.3779438151652537,-48.43540679058233,belem,PA
66640,-1.3801405073575885,-48.44857789497356,belem,PA
68632,-3.7450220135288093,-47.50161590254044,ulianópolis,PA
68632,-3.7475427541638595,-47.499056342499195,ulianopolis,PA
68632,-3.7511357816523434,-47.50434520323384,ulianópolis,PA
68632,-3.7592144999999997,-47.50083225,ulianopolis,PA
68632,-3.756438828819576,-47.50186895250583,ulianopolis,PA
69089,-3.0854050721622737,-59.94160454593455,manaus,AM
69089,-3.090631756592981,-59.942011688729885,manaus,AM
69089,-3.0953942128801324,-59.942594284205676,manaus,AM
69089,-3.0872265611979968,-59.9457324970858,manaus,AM
69089,-3.097724594760287,-59.94729873638984,manaus,AM
69911,-9.990200997496013,-67.81934449580238,rio branco,AC
69911,-9.965336241888684,-67.84695395416394,rio branco,AC
69911,-9.987729547551233,-67.82552906546071,rio branco,AC
69911,-9.965336241888684,-67.84695395416394,rio branco,AC
69911,-9.977994303912526,-67.82659465084541,rio branco,AC
70070,-15.788869942812713,-47.891651009146585,brasília,DF
70070,-15.781025700999976,-47.89777499999997,brasilia,DF
70070,-15.781025700999976,-47.89777499999997,brasilia,DF
70070,-15.801443293985976,-47.88300718783598,brasília,DF
70070,-15.772203965837777,-47.89486718235325,brasilia,DF
74367,-16.70924822674422,-49.3260131269197,goiania,GO
74367,-16.707059706680422,-49.328441799587104,goiania,GO
74367,-16.71028601716774,-49.32914497151246,goiania,GO
74367,-16.707059706680422,-49.328441799587104,goiania,GO
74367,-16.707059706680422,-49.328441799587104,goiania,GO
74375,-16.701985344696443,-49.33166659230292,goiania,GO
74375,-16.697686499999996,-49.32240524999999,goiania,GO
74375,-16.696839544311853,-49.32596451194236,goiânia,GO
74375,-16.71474137658401,-49.25076329740511,goiania,GO
74375,-16.700890313528,-49.32164440025036,goiania,GO
74810,-16.704461999999946,-49.23461149999996,goiânia,GO
74810,-16.700258999999946,-49.24137499999996,goiania,GO
74810,-16.700258999999946,-49.24137499999996,goiania,GO
74810,-16.700006999999946,-49.24058299999996,goiania,GO
74810,-16.703166815235722,-49.23656627282546,goiania,GO
78050,-15.58027272133767,-56.065051952646904,cuiaba,MT
78050,-15.65126025362845,-56.03834819323029,cuiaba,MT
78050,-15.583957183002696,-56.07212635819783,cuiaba,MT
78050,-15.588028028836472,-56.08303364200289,cuiabá,MT
78050,-15.58304740394366,-56.07528520436682,cuiaba,MT
78435,-13.446774925673344,-56.72587329632439,sao jose do rio claro,MT
78435,-13.448471191246869,-56.71632207148315,são josé do rio claro,MT
78435,-13.463711999999997,-56.71962225,sao jose do rio claro,MT
78435,-13.45092841038206,-56.72249615975946,são josé do rio claro,MT
78435,-13.451945171982215,-56.72083673710165,sao jose do rio claro,MT
78510,-11.005224674973043,-55.238799075857465,itauba,MT
78510,-11.0047226344269,-55.242187882475925,itauba,MT
78510,-11.010868174010918,-55.24439511247161,itauba,MT
78510,-11.008292692632349,-55.24859438677124,itauba,MT
78510,-11.009616429879937,-55.24720772450853,itauba,MT
78600,-15.87636437716699,-52.26320605049736,barra do garças,MT
78600,-15.888631151469259,-52.30777920300038,barra do garças,MT
78600,-15.877378604324878,-52.230890165413825,barra do garcas,MT
78600,-15.88036109417609,-52.26273001782228,barra do garcas,MT
78600,-15.88654591798552,-52.27141814851954,barra do garcas,MT
78840,-15.546379835055909,-55.17620691678298,campo verde,MT
78840,-15.556486867255268,-55.1601640122169,campo verde,MT
78840,-15.5548394045907,-55.159180705551776,campo verde,MT
78840,-15.543198755429044,-55.16170221062805,campo verde,MT
78840,-15.553655553358485,-55.16451248490179,campo verde,MT
79310,-19.01142346691339,-57.627198161198194,corumba,MS
79310,-19.012457220492646,-57.62644084863785,corumba,MS
79310,-19.0164320603694,-57.648399988514576,corumba,MS
79310,-19.01450686654971,-57.64484824004922,corumba,MS
79310,-19.01821054159871,-57.63306131497494,corumba,MS
80240,-25.453155877315545,-49.2850395992267,curitiba,PR
80240,-25.44895563014222,-49.2781758464581,curitiba,PR
80240,-25.45272380806379,-49.288098995103546,curitiba,PR
80240,-25.447460783183406,-49.295894356046645,curitiba,PR
80240,-25.45042838467313,-49.2841250636795,curitiba,PR
81530,-25.458783139332883,-49.23258518552723,curitiba,PR
81530,-25.455645001096517,-49.22826107271054,curitiba,PR
81530,-25.46530040743839,-49.228593411881796,curitiba,PR
81530,-25.454178259877875,-49.22827398829258,curitiba,PR
81530,-25.455553113797656,-49.23422318552724,curitiba,PR
82320,-25.404441716968375,-49.34025084016421,curitiba,PR
82320,-25.407490652778645,-49.353100679987314,curitiba,PR
82320,-25.40435435636795,-49.34650105482136,curitiba,PR
82320,-25.40435435636795,-49.34650105482136,curitiba,PR
82320,-25.400256454065442,-49.34222798834324,curitiba,PR
83020,-25.550486998908475,-49.18996687114555,sao jose dos pinhais,PR
83020,-25.55359980732079,-49.19335226772264,sao jose dos pinhais,PR
83020,-25.559852647238728,-49.19995333236193,sao jose dos pinhais,PR
83020,-25.553506945322866,-49.19001905037796,sao jose dos pinhais,PR
83020,-25.55097468797579,-49.19474885182168,sao jose dos pinhais,PR
83370,-25.43428873156633,-48.71656095355144,antonina,PR
83370,-25.432095979072134,-48.71606608371147,antonina,PR
83370,-25.452964228600155,-48.691280430305774,antonina,PR
83370,-25.433908222014583,-48.71201813752739,antonina,PR
83370,-25.431293439772297,-48.71127084821739,antonina,PR
84140,-25.54553986731573,-49.88172622088672,porto amazonas,PR
84140,-25.545294921897575,-49.882484288409366,porto amazonas,PR
84140,-25.54316897351717,-49.88858940815589,porto amazonas,PR
84140,-25.55146091839249,-49.897106859805355,porto amazonas,PR
84140,-25.547031713126884,-49.90069963836666,porto amazonas,PR
84145,-24.95026527978892,-50.12451179147818,carambei,PR
84145,-24.953269236382827,-50.117019799765856,carambei,PR
84145,-24.95353648279039,-50.11665646680438,carambei,PR
84145,-24.95215607764723,-50.118193851398075,carambei,PR
84145,-24.887594999999948,-50.14093849999996,carambei,PR
85420,-24.78917348429311,-53.2958634842931,corbelia,PR
85420,-24.801783791057066,-53.29888261275588,corbelia,PR
85420,-24.785331812854942,-53.302872452867454,corbélia,PR
85420,-24.792274389980278,-53.29386383396401,corbelia,PR
85420,-24.7990911424246,-53.29919854992451,corbélia,PR
85863,-25.52742965797669,-54.57570382833004,foz do iguacu,PR
85863,-25.52742965797669,-54.57570382833004,foz do iguacu,PR
85863,-25.51450949474555,-54.55624946358108,foz do iguacu,PR
85863,-25.529593046077338,-54.57058608209543,foz do iguacu,PR
85863,-25.52742965797669,-54.57570382833004,foz do iguacu,PR
86039,-23.322815665272135,-51.145257689133906,londrina,PR
86039,-23.318188402829236,-51.14612712952018,londrina,PR
86039,-23.32068105949694,-51.14035820163243,londrina,PR
86039,-23.321754251353614,-51.1410391211121,londrina,PR
86039,-23.319076253130525,-51.14756411824105,londrina,PR
86047,-23.350693931734682,-51.16308555117244,londrina,PR
86047,-23.34907303962282,-51.16537674991668,londrina,PR
86047,-23.351216945397056,-51.18165617300844,londrina,PR
86047,-23.34953223473586,-51.17130676461459,londrina,PR
86047,-23.351216945397056,-51.18165617300844,londrina,PR
86460,-23.301010853579836,-50.31528949823455,abatia,PR
86460,-23.30519395596481,-50.31295788237605,abatia,PR
86460,-23.3102835,-50.30399250000001,abatia,PR
86460,-23.304237171086314,-50.309381705071054,abatia,PR
86460,-23.31150154944522,-50.30807523927709,abatia,PR
87035,-23.386311194633084,-51.909656134952876,maringá,PR
87035,-23.388447046853983,-51.91927308707893,maringa,PR
87035,-23.378292,-51.90121799999999,maringa,PR
87035,-23.38343466131921,-51.91194322778201,maringa,PR
87035,-23.384204999999994,-51.897806999999986,maringa,PR
87910,-23.00583574127155,-53.19799767511112,santa isabel do ivai,PR
87910,-23.00848921056879,-53.18928667369198,santa isabel do ivai,PR
87910,-23.00150406603588,-53.19538006955559,santa isabel do ivai,PR
87910,-22.994762365702666,-53.2026918385845,santa isabel do ivai,PR
87910,-23.003227373992782,-53.19050877342217,santa isabel do ivai,PR
88138,-27.74183035338775,-48.63570502072188,palhoca,SC
88138,-27.74176731533736,-48.63570649206141,palhoca,SC
88138,-27.88823165896849,-48.58919588852231,palhoca,SC
88138,-27.742356,-48.63471299999999,palhoca,SC
88138,-27.752329990922775,-48.62456169210905,palhoca,SC
88353,-27.11227220034738,-48.909394730217905,brusque,SC
88353,-27.147998931723475,-48.91535540336264,brusque,SC
88353,-27.13149748475861,-48.91649327502063,brusque,SC
88353,-27.124326821513964,-48.9076159280588,brusque,SC
88353,-27.106348107132554,-48.91505279571822,brusque,SC
88359,-27.14082339503853,-48.955332903149234,brusque,SC
88359,-27.143863729700307,-48.960298914405875,brusque,SC
88359,-27.14082339503853,-48.955332903149234,brusque,SC
88359,-27.143863729700307,-48.96071111929914,brusque,SC
88359,-27.1520097872762,-48.947608958970115,brusque,SC
88820,-28.7629920668113,-49.27499226831797,içara,SC
09663,-23.657568516330226,-46.59745476934487,sao bernardo do campo,SP
09663,-23.657807392376377,-46.59854157518717,sao bernardo do campo,SP
09663,-23.65353162556999,-46.59766261460572,sao bernardo do campo,SP
09663,-23.654850234520215,-46.60094339742641,sao bernardo do campo,SP
09663,-23.658283810991634,-46.59850208064367,sao bernardo do campo,SP
09726,-23.69554254235653,-46.56158498222641,sao bernardo do campo,SP
09726,-23.69554254235653,-46.56158498222641,sao bernardo do campo,SP
09726,-23.685368432446605,-46.561043179768355,sao bernardo do campo,SP
09726,-23.688859390501506,-46.562876864273804,são bernardo do campo,SP
09726,-23.690842910352586,-46.561620482255066,sao bernardo do campo,SP
09920,-23.680084526775975,-46.62410537301638,diadema,SP
09920,-23.683234734139088,-46.626199907575426,diadema,SP
09920,-23.683296524052437,-46.626114524052454,diadema,SP
09920,-23.683296524052437,-46.626114524052454,diadema,SP
09920,-23.67834411019098,-46.627421461999944,diadema,SP
11010,-23.93465945090488,-46.331065142884974,santos,SP
11010,-23.932665471002323,-46.329881589647414,santos,SP
11010,-23.93159725088341,-46.33437817682823,santos,SP
11010,-23.933291096875244,-46.32803116644966,santos,SP
11010,-23.93115380792323,-46.33532326879801,santos,SP
11446,-23.940592627531885,-46.18049042714523,guaruja,SP
11446,-23.939323626865722,-46.1791245719131,guaruja,SP
11446,-23.939084263469663,-46.189584909706085,guaruja,SP
11446,-23.935909274770623,-46.186044061198004,guaruja,SP
11446,-23.940166580832784,-46.17988941160326,guaruja,SP
11707,-24.055122713832006,-46.54888533799061,praia grande,SP
11707,-24.0601194015391,-46.547797886078364,praia grande,SP
11707,-24.05547024118531,-46.54630405023372,praia grande,SP
11707,-24.05978593773285,-46.54624516861657,praia grande,SP
11707,-24.05343429225576,-46.533994433666095,praia grande,SP
12233,-23.2389288440187,-45.88752017485141,sao jose dos campos,SP
12233,-23.242142179294817,-45.88897270038664,sao jose dos campos,SP
12233,-23.238428500692482,-45.88102280780766,sao jose dos campos,SP
12233,-23.265971265747122,-45.88732296669854,sao jose dos campos,SP
12233,-23.245699579813444,-45.88607925470955,sao jose dos campos,SP
12246,-23.221587583126546,-45.90665169219235,sao jose dos campos,SP
12246,-23.21922019539499,-45.90982286704377,sao jose dos campos,SP
12246,-23.223343368313174,-45.90949163641868,sao jose dos campos,SP
12246,-23.21495532722604,-45.90649149806675,sao jose dos campos,SP
12246,-23.218100245080446,-45.90498815820299,são josé dos campos,SP
12250,-22.955098620705236,-45.83913429830113,monteiro lobato,SP
12250,-22.957006788724875,-45.838892673596476,monteiro lobato,SP
12250,-22.95701704961859,-45.84422534546004,monteiro lobato,SP
12250,-22.955104834514838,-45.837701680807484,monteiro lobato,SP
12250,-22.944347116970064,-45.837797154436345,monteiro lobato,SP
12311,-23.28326930202073,-45.93940500233161,jacarei,SP
12311,-23.283686872412364,-45.94211115389859,jacarei,SP
12311,-23.283686872412364,-45.94211115389859,jacarei,SP
12311,-23.280225925616026,-45.943318032056084,jacarei,SP
12311,-23.27900889231918,-45.94236634707711,jacarei,SP
12502,-22.815467999999996,-45.18239753040693,guaratingueta,SP
12502,-22.814499357347003,-45.18356688217186,guaratingueta,SP
12502,-22.814127046027966,-45.18475960670668,guaratingueta,SP
12502,-22.814281263792996,-45.184138924321395,guaratingueta,SP
12502,-22.814127046027966,-45.18475960670668,guaratingueta,SP
12511,-22.798727610077627,-45.20891997094057,guaratinguetá,SP
12511,-22.80193104902908,-45.205706873532066,guaratingueta,SP
12511,-22.796357923802816,-45.2099578273133,guaratingueta,SP
12511,-22.795200850367124,-45.20769354669575,guaratingueta,SP
12511,-22.80548824608181,-45.20545197617173,guaratingueta,SP
12917,-22.982083697711065,-46.54603041908749,braganca paulista,SP
12917,-22.98300744654288,-46.54569639968952,bragança paulista,SP
12917,-22.981605139199438,-46.54578215719375,braganca paulista,SP
12917,-22.981948177657802,-46.546017465096,bragança paulista,SP
12917,-22.983067094053993,-46.55032747567974,braganca paulista,SP
13041,-22.914793425471803,-47.06246229586245,campinas,SP
13041,-22.914793425471803,-47.06246229586245,campinas,SP
13041,-22.919733932281126,-47.056089210802654,campinas,SP
13041,-22.916280446107606,-47.053164904192045,campinas,SP
13041,-22.914793425471803,-47.06246229586245,campinas,SP
13070,-22.895876357204664,-47.0791850342778,campinas,SP
13070,-22.884723941354903,-47.076555310574605,campinas,SP
13070,-22.892501694730647,-47.07800185789511,campinas,SP
13070,-22.886322537699918,-47.089093233761375,campinas,SP
13070,-22.889314762358733,-47.07445429570765,campinas,SP
13083,-22.805125239800333,-47.07162026686478,campinas,SP
13083,-22.805125239800333,-47.07162026686478,campinas,SP
13083,-22.81065283236194,-47.07192282514858,campinas,SP
13083,-22.826346836347923,-47.06333591575733,campinas,SP
13083,-22.819313870390648,-47.07263521302435,campinas,SP
13097,-22.8469524096601,-47.02743444240869,campinas,SP
13097,-22.853257765422967,-47.01542337867982,campinas,SP
13097,-22.84763830613423,-47.02785722231519,campinas,SP
13097,-22.846411990564942,-47.02709660713256,campinas,SP
13097,-22.846891977190488,-47.02547862885184,campinas,SP
13101,-22.90081444463038,-46.99864279239999,campinas,SP
13101,-22.905793512683942,-46.99953095343598,campinas,SP
13101,-22.903329069008702,-46.998552803387796,campinas,SP
13101,-22.923402273439308,-47.016406589204415,campinas,SP
13101,-22.92647273135219,-47.02247505720651,campinas,SP
13214,-23.148804478137823,-46.92948882832884,jundiaí,SP
13214,-23.160985042991708,-46.93085640146579,jundiai,SP
13214,-23.14441947847549,-46.93000189924409,jundiai,SP
13214,-23.168201964551095,-46.90848655868041,jundiai,SP
13214,-23.14894117919056,-46.916595328487205,jundiai,SP
88914,-28.9805739228165,-49.40528215258,balneario arroio do silva,SC
88914,-28.98926577633242,-49.419862928752,balneario arroio do silva,SC
88914,-28.985708585592224,-49.4167525633241,balneário arroio do silva,SC
88914,-28.983087491107447,-49.41053373737821,balneário arroio do silva,SC
88914,-28.99190925497563,-49.41997561119962,balneario arroio do silva,SC
91510,-30.07200823826747,-51.17719962332037,porto alegre,RS
91510,-30.066275263662117,-51.18180228267646,porto alegre,RS
91510,-30.073808482307346,-51.17615649432807,porto alegre,RS
91510,-30.07095493353267,-51.183779409710795,porto alegre,RS
91510,-30.064923889549224,-51.18511220719598,porto alegre,RS
91790,-30.155891426596973,-51.13714794448616,porto alegre,RS
91790,-30.16205373935559,-51.139500887399315,porto alegre,RS
91790,-30.1460002155031,-51.13002697962871,porto alegre,RS
91790,-30.14771517133861,-51.15299890188214,porto alegre,RS
91790,-30.163164463788966,-51.14767167346645,porto alegre,RS
93022,-29.796679498470787,-51.1497622797336,sao leopoldo,RS
93022,-29.796679498470787,-51.1497622797336,são leopoldo,RS
93022,-29.79375931260669,-51.136738752325776,sao leopoldo,RS
93022,-29.794994686530387,-51.14453973877531,são leopoldo,RS
93022,-29.79226106301567,-51.15467650790584,são leopoldo,RS
93220,-29.83400066105778,-51.156602583744956,sapucaia do sul,RS
93220,-29.828177834414277,-51.1513015968786,sapucaia do sul,RS
93220,-29.828308355991673,-51.150057588803826,sapucaia do sul,RS
93220,-29.823208987657907,-51.147462441752836,sapucaia do sul,RS
93220,-29.83444697860949,-51.1589047634616,sapucaia do sul,RS
93348,-29.67923604262464,-51.147943902324236,novo hamburgo,RS
93348,-29.676351381516735,-51.14752050910181,novo hamburgo,RS
93348,-29.672029433123953,-51.14598076956028,novo hamburgo,RS
93348,-29.669840999999998,-51.14333699999999,novo hamburgo,RS
93348,-29.67087489145788,-51.148280838060074,novo hamburgo,RS
94451,-30.159469304108132,-50.832839089335735,viamao,RS
94451,-30.060878447019878,-51.0208925230248,viamão,RS
94451,-30.07602438999194,-51.06288914331627,viamão,RS
94451,-30.074731899560035,-51.069864487546624,viamao,RS
94451,-30.072854167309956,-51.069965603247674,viamao,RS
95010,-29.172729100166034,-51.20046833219573,caxias do sul,RS
95010,-29.169250253610336,-51.198706593432185,caxias do sul,RS
95010,-29.169175647233043,-51.18903797381429,caxias do sul,RS
95010,-29.167705304149084,-51.170346850410816,caxias do sul,RS
95010,-29.170494500557773,-51.1938945917156,caxias do sul,RS
95034,-29.15431985306487,-51.18599374251306,caxias do sul,RS
95034,-29.162515701515357,-51.189426859372844,caxias do sul,RS
95034,-29.168924519999905,-51.1868260199999,caxias do sul,RS
95034,-29.160052102839167,-51.18517434747292,caxias do sul,RS
95034,-29.166954970471156,-51.188562402838,caxias do sul,RS
95059,-29.113895456401806,-51.122310103752746,caxias do sul,RS
95059,-29.119961131533664,-51.125067828703365,caxias do sul,RS
95059,-29.10560628751143,-51.12174948054224,caxias do sul,RS
95059,-29.11870217058928,-51.131132216192256,caxias do sul,RS
95059,-29.15821237382985,-51.15301631864619,caxias do sul,RS
95180,-29.20322965727452,-51.35111427008906,farroupilha,RS
95180,-29.232095089025293,-51.34156999534092,farroupilha,RS
95180,-29.22716423783548,-51.34547492704058,farroupilha,RS
95180,-29.230776995492864,-51.364061206277206,farroupilha,RS
95180,-29.214160310105168,-51.3407814921831,farroupilha,RS
96810,-29.720993053788824,-52.4277166004204,santa cruz do sul,RS
96810,-29.71931184099361,-52.4324451499179,santa cruz do sul,RS
96810,-29.717175968713285,-52.42496025212642,santa cruz do sul,RS
96810,-29.723680893951542,-52.42454065818691,santa cruz do sul,RS
96810,-29.71455902566822,-52.43013002047842,santa cruz do sul,RS
97418,-29.46761071150422,-54.228466694286396,toropi,RS
97418,-29.478401999999996,-54.2267325,toropi,RS
97418,-29.47562393503676,-54.22635512858103,toropi,RS
97418,-29.46629450498355,-54.22862195916632,toropi,RS
97418,-29.467117187624506,-54.22859680520068,toropi,RS
11600,-23.753948510964275,-45.41325199417162,sao sebastiao,SP
11600,-23.724748481060058,-45.43006700680406,sao sebastiao,SP
11600,-23.81927020572003,-45.43796984430337,sao sebastiao,SP
11600,-23.779281917179624,-45.6227109393375,sao sebastiao,SP
11600,-23.773220812473518,-45.6070908060517,sao sebastiao,SP
11680,-23.43162669109582,-45.077228701223355,ubatuba,SP
11680,-23.45042688142636,-45.07674519860722,ubatuba,SP
11680,-23.45380540278131,-45.0629039799301,ubatuba,SP
11680,-23.43178835581969,-45.07667195850885,ubatuba,SP
11680,-23.531875176124082,-45.24598122060584,ubatuba,SP
11722,-24.00146687705574,-46.446355136966936,praia grande,SP
11722,-23.999089696064374,-46.449577402521356,praia grande,SP
11722,-24.005438631430675,-46.447885517987984,praia grande,SP
11722,-23.99781337646119,-46.457068980517406,praia grande,SP
11722,-23.996726062611938,-46.450625890202176,praia grande,SP
12220,-23.17818323342369,-45.857841637659426,sao jose dos campos,SP
12220,-23.17854526617228,-45.85862816319466,sao jose dos campos,SP
12220,-23.176939895523688,-45.85675987041543,sao jose dos campos,SP
12220,-23.184632189566607,-45.85455787898897,são josé dos campos,SP
12220,-23.1755385745282,-45.847246295862426,sao jose dos campos,SP
12305,-23.273735042100025,-45.95104876017921,jacarei,SP
12305,-23.27823483014024,-45.94854931626177,jacarei,SP
12305,-23.27373448514059,-45.95004041909516,jacarei,SP
12305,-23.278618509290826,-45.94800193505109,jacarei,SP
12305,-23.268501009836438,-45.9467479254097,jacarei,SP
12318,-23.308631999999992,-45.95330475,jacareí,SP
12318,-23.289422238415348,-45.95151238496159,jacareí,SP
12318,-23.308282005828374,-45.95116058381902,jacarei,SP
12318,-23.309015775297947,-45.95094778307205,jacarei,SP
12318,-23.318592066311343,-45.95826473877439,jacarei,SP
12321,-23.302552064590706,-45.9794900391086,jacarei,SP
12321,-23.293995496249092,-45.99099000000001,jacarei,SP
12321,-23.301478529286133,-45.985202999999984,jacarei,SP
12321,-23.295484960063888,-45.99221349658902,jacarei,SP
12321,-23.303823747706186,-45.9857583702464,jacarei,SP
12600,-22.72616580904841,-45.12752204287612,lorena,SP
12600,-22.729509534277792,-45.12585123313523,lorena,SP
12600,-22.73234704049978,-45.12034901759275,lorena,SP
12600,-22.729950157366282,-45.12127782307111,lorena,SP
12600,-22.736874498401342,-45.12416789097076,lorena,SP
13068,-22.865111251236048,-47.15255915401864,campinas,SP
13068,-22.860879925616022,-47.15368850652087,campinas,SP
13068,-22.86459912600268,-47.151696703993316,campinas,SP
13068,-22.856526925908874,-47.152789534250175,campinas,SP
13068,-22.85866689953254,-47.152477854290474,campinas,SP
13165,-22.487091860243755,-47.21575974696741,engenheiro coelho,SP
13165,-22.488743152012656,-47.211429677314094,engenheiro coelho,SP
13165,-22.494307499999998,-47.211183000000005,engenheiro coelho,SP
13165,-22.488684984324298,-47.20301559342938,engenheiro coelho,SP
13165,-22.489772575995957,-47.2191939672531,engenheiro coelho,SP
13224,-23.2256361212416,-46.8352505773309,várzea paulista,SP
13224,-23.21322431522746,-46.829800691606344,varzea paulista,SP
13224,-23.223537291263092,-46.83489022951407,varzea paulista,SP
13224,-23.211726736610167,-46.82573479340649,varzea paulista,SP
13224,-23.2163838539754,-46.830459350159536,varzea paulista,SP
13286,-23.03761869345971,-47.01688509115397,vinhedo,SP
13286,-23.050484533451986,-47.02076714654705,vinhedo,SP
13286,-23.05168683766501,-47.02226077488999,vinhedo,SP
13286,-23.049754166801346,-47.01777638467313,vinhedo,SP
13286,-23.052910153067526,-47.03164833595455,vinhedo,SP
13327,-23.175880576172975,-47.31592004954123,salto,SP
13327,-23.18187693228112,-47.32153827047144,salto,SP
13327,-23.18325157255603,-47.31164177626513,salto,SP
13327,-23.17874982604075,-47.32475801768126,salto,SP
13327,-23.183581725229388,-47.30795271288013,salto,SP
13405,-22.723664427145234,-47.66387156924807,piracicaba,SP
13405,-22.71683928585045,-47.65736585405934,piracicaba,SP
13405,-22.69504218621973,-47.664717297795676,piracicaba,SP
13405,-22.710936940042746,-47.663007630878774,piracicaba,SP
13405,-22.719435431877095,-47.66874471746775,piracicaba,SP
13419,-22.726257875353635,-47.637811389520564,piracicaba,SP
13419,-22.73400658061638,-47.64417848014891,piracicaba,SP
13419,-22.725099386635033,-47.6450350453863,piracicaba,SP
13419,-22.73761985154918,-47.64374318278593,piracicaba,SP
13419,-22.73377846849216,-47.639347940619665,piracicaba,SP
13630,-22.006605899216094,-47.42763984666532,pirassununga,SP
13630,-21.994980527536278,-47.43028384347642,pirassununga,SP
13630,-21.995365811709167,-47.427775551674856,pirassununga,SP
13630,-21.99819461492323,-47.4417549654298,pirassununga,SP
13630,-21.998697477500823,-47.42881139450559,pirassununga,SP
13736,-21.479141419872427,-47.00307581309471,mococa,SP
13736,-21.484245976122683,-47.00502577165915,mococa,SP
13736,-21.475908653209785,-47.00754737903521,mococa,SP
13736,-21.494665485552876,-47.00439286898571,mococa,SP
13736,-21.47493441857936,-47.00617324126816,mococa,SP
13835,-22.336764705855327,-47.17209373364016,conchal,SP
13835,-22.3297921973428,-47.15952439440372,conchal,SP
13835,-22.338620999999996,-47.176031249999994,conchal,SP
13835,-22.344930566664363,-47.16727220810125,conchal,SP
13835,-22.34545873540991,-47.17810801326373,conchal,SP
13844,-22.382941116125448,-46.94664125419024,mogi-guacu,SP
13844,-22.391230328350325,-46.951518798105354,mogi guacu,SP
13844,-22.38049984151139,-46.952964518892415,mogi guacu,SP
13844,-22.37427903657934,-46.94128536482103,mogi-guacu,SP
13844,-22.382868826262087,-46.951122630381604,mogi guaçu,SP
13974,-22.43689390999443,-46.826330222004465,itapira,SP
13974,-22.43715521724352,-46.82848662812658,itapira,SP
13974,-22.444361367680525,-46.83264338675459,itapira,SP
13974,-22.447024076515238,-46.82475845072479,itapira,SP
13974,-22.43681126694902,-46.83209886224638,itapira,SP
14070,-21.119296190951587,-47.790153000000004,ribeirão preto,SP
14070,-21.1178483086776,-47.79140061224639,ribeirao preto,SP
14070,-21.116471333054424,-47.79073400291418,ribeirao preto,SP
14070,-21.105157720138212,-47.78577319246487,ribeirao preto,SP
14070,-21.115449743551242,-47.79194111365343,ribeirao preto,SP
14080,-21.154717173466437,-47.79762442492353,ribeirao preto,SP
14080,-21.16112880246806,-47.800627087585944,ribeirao preto,SP
14080,-21.165310372468113,-47.810463040106185,ribeirao preto,SP
14080,-21.150778474320546,-47.8012355574471,ribeirao preto,SP
14080,-21.153705631427023,-47.804428404928245,ribeirao preto,SP
14210,-21.554941341204348,-47.69871984268015,luis antonio,SP
14210,-21.552263858481737,-47.70079838639271,luís antônio,SP
14210,-21.55799419421749,-47.69084360704884,luis antonio,SP
14210,-21.554548712347554,-47.71160930566764,luis antonio,SP
14210,-21.556756478970495,-47.69802938431369,luis antonio,SP
14883,-21.245206193882886,-48.30873764570266,jaboticabal,SP
14883,-21.24413088064347,-48.30629919770078,jaboticabal,SP
14883,-21.249978037159433,-48.312961584453255,jaboticabal,SP
14883,-21.2476185,-48.30771824999999,jaboticabal,SP
14883,-21.25076865681347,-48.30996067950195,jaboticabal,SP
15470,-20.3899193603584,-49.433216509621126,palestina,SP
15470,-20.392182622480426,-49.43390010410465,palestina,SP
15470,-20.394445859300188,-49.43077571745949,palestina,SP
15470,-20.392011185923234,-49.43849049592207,palestina,SP
15470,-20.39119548982297,-49.43012555567816,palestina,SP
15805,-21.127277252293812,-48.96558623910783,catanduva,SP
15805,-21.124300389953248,-48.966285122395995,catanduva,SP
15805,-21.129258503703824,-48.96495205699967,catanduva,SP
15805,-21.127180389953253,-48.961599045242075,catanduva,SP
15805,-21.12916051662974,-48.96555909887327,catanduva,SP
16370,-21.533430937082915,-49.854538052468044,promissao,SP
16370,-21.54820320997628,-49.85714932062743,promissao,SP
16370,-21.532401579256078,-49.85474550786798,promissao,SP
16370,-21.540833511622342,-49.859971097098956,promissao,SP
16370,-21.533719994882112,-49.855880535035645,promissao,SP
17022,-22.277504074383966,-49.072014630013385,bauru,SP
17022,-22.288645739656104,-49.07203539384839,bauru,SP
17022,-22.269422327681596,-49.071067590774774,bauru,SP
17022,-22.275117103226805,-49.07083808081736,bauru,SP
17022,-22.289740998644053,-49.07319372286794,bauru,SP
18170,-23.705362945797205,-47.427790763889355,piedade,SP
18170,-23.71487730806902,-47.40698513324539,piedade,SP
18170,-23.705694658671906,-47.44253047679127,piedade,SP
18170,-23.719439121809312,-47.418308560970765,piedade,SP
18170,-23.70738942038085,-47.418846089773965,piedade,SP
18403,-23.98311872845792,-48.86902687341848,itapeva,SP
18403,-23.98198116648935,-48.87064582815982,itapeva,SP
18403,-23.980871917233912,-48.8711244359758,itapeva,SP
18403,-23.981289687437602,-48.86971339721753,itapeva,SP
18403,-23.984204305161942,-48.86113357059242,itapeva,SP
18500,-23.035824733186516,-47.836302659482904,laranjal paulista,SP
18500,-23.051662431032522,-47.83935039056969,laranjal paulista,SP
18500,-23.050076294852147,-47.83545811576363,laranjal paulista,SP
18500,-23.052592314229045,-47.836147195553174,laranjal paulista,SP
18500,-23.054106093011672,-47.830739541023796,laranjal paulista,SP
88820,-28.758328642728525,-49.274737792753264,icara,SC
88820,-28.7539227012527,-49.2938632409659,icara,SC
88820,-28.681253450184013,-49.321488484160156,icara,SC
88820,-28.70025851599488,-49.31219148400511,icara,SC
89030,-26.892842119778503,-49.08566422434978,blumenau,SC
89030,-26.904803612521892,-49.081519418422964,blumenau,SC
89030,-26.8901325,-49.088063250000005,blumenau,SC
89030,-26.900372471542244,-49.0793236269334,blumenau,SC
89030,-26.899950877962354,-49.08224073474528,blumenau,SC
89053,-26.8792696647356,-49.08734256855491,blumenau,SC
89053,-26.881485040295537,-49.08201948265716,blumenau,SC
89053,-26.881490713621215,-49.07183056352269,blumenau,SC
89053,-26.87042924202203,-49.0820058388828,blumenau,SC
89053,-26.876029978545677,-49.08039236023341,blumenau,SC
89086,-26.897212612021043,-49.22647155066649,indaial,SC
89086,-26.890857165644743,-49.19746028448112,indaial,SC
89086,-26.896372588560066,-49.195721366827705,indaial,SC
89086,-26.8978097646884,-49.23118680882073,indaial,SC
89086,-26.89297299545668,-49.222759981928064,indaial,SC
89228,-26.287890550358416,-48.778370341304736,joinville,SC
89228,-26.278606393559937,-48.80439052400602,joinville,SC
89228,-26.27381137229781,-48.80331721398828,joinville,SC
89228,-26.285519996393315,-48.783906733279444,joinville,SC
89228,-26.286217438802,-48.80551570191585,joinville,SC
89260,-26.50713904579032,-49.13313967470719,jaraguá do sul,SC
89260,-26.50148744214888,-49.14503980099832,jaragua do sul,SC
89260,-26.51515485944667,-49.12942770277312,jaragua do sul,SC
89260,-26.517752821541894,-49.13054461962604,jaraguá do sul,SC
89260,-26.51992350983909,-49.13507838897231,jaragua do sul,SC
89825,-26.960877587195213,-52.53025152561406,xaxim,SC
89825,-26.953133766317134,-52.5290628781692,xaxim,SC
89825,-26.957690736016094,-52.52322477108533,xaxim,SC
89825,-26.95613877332583,-52.532723230477785,xaxim,SC
89825,-26.965782207752703,-52.529977777003616,xaxim,SC
89887,-27.072036337867033,-53.160418458413254,palmitos,SC
89887,-27.063215999999997,-53.15724,palmitos,SC
89887,-27.068999355718567,-53.15483505997281,palmitos,SC
89887,-27.069036461971994,-53.1680310892108,palmitos,SC
89887,-27.069148150805102,-53.15981652366292,palmitos,SC
91550,-30.077021487809752,-51.1313949910142,porto alegre,RS
91550,-30.108800999999946,-51.11902249999996,porto alegre,RS
91550,-30.108097940448626,-51.140753898562714,porto alegre,RS
91550,-30.099805798890646,-51.14191660814919,porto alegre,RS
91550,-30.09870689530148,-51.140734880810534,porto alegre,RS
92990,-29.99480725031097,-51.31423260098163,eldorado do sul,RS
92990,-30.093698999999948,-51.47848699999996,eldorado do sul,RS
92990,-29.99648770852116,-51.30577229373271,eldorado do sul,RS
92990,-30.010289400143463,-51.26451617053076,eldorado do sul,RS
92990,-29.993589847024037,-51.31158120285045,eldorado do sul,RS
95020,-29.16957635052199,-51.164852512339095,caxias do sul,RS
95020,-29.15930687230183,-51.18025791994463,caxias do sul,RS
95020,-29.164979488778624,-51.18293048877862,caxias do sul,RS
95020,-29.16957635052199,-51.164852512339095,caxias do sul,RS
95020,-29.16303052903467,-51.17421729645475,caxias do sul,RS
95110,-29.184320575640843,-51.23000145931209,caxias do sul,RS
95110,-29.19647449113479,-51.23471921372452,caxias do sul,RS
95110,-29.19074955069102,-51.22506297365855,caxias do sul,RS
95110,-29.19647449113479,-51.23471921372452,caxias do sul,RS
95110,-29.19008449519586,-51.22093931268931,caxias do sul,RS
95540,-30.263067816832756,-50.51888348892597,palmares do sul,RS
95540,-30.263067816832756,-50.51888348892597,palmares do sul,RS
95540,-30.26223679102867,-50.51846091040699,palmares do sul,RS
95540,-30.251011756693558,-50.51081630771957,palmares do sul,RS
95540,-30.259844171124765,-50.51230979421128,palmares do sul,RS
96071,-31.700616047010367,-52.32082066955027,pelotas,RS
96071,-31.70063955620634,-52.31265773091353,pelotas,RS
96071,-31.70154589563741,-52.32202675036057,pelotas,RS
96071,-31.69897617297308,-52.320124684362455,pelotas,RS
96071,-31.702172510416005,-52.309183997230036,pelotas,RS
96360,-31.863368020453382,-52.82031132035461,pedro osorio,RS
96360,-31.86090425595401,-52.82420204596943,pedro osório,RS
96360,-31.873495007819226,-52.81623309891779,pedro osorio,RS
96360,-31.866274725033943,-52.82001648619171,pedro osorio,RS
96360,-31.867693885562595,-52.818266728761316,pedro osorio,RS
96740,-30.09441938862547,-51.726682594654605,arroio dos ratos,RS
96740,-30.089242254389823,-51.726694718290055,arroio dos ratos,RS
96740,-30.08403533126858,-51.72932335421399,arroio dos ratos,RS
96740,-30.09782255611939,-51.72927668704415,arroio dos ratos,RS
96740,-30.091622061063962,-51.73303043155327,arroio dos ratos,RS
96790,-30.302643881668438,-51.317773442087216,barra do ribeiro,RS
96790,-30.298515931649494,-51.30336435572278,barra do ribeiro,RS
96790,-30.29655314939751,-51.30643378726656,barra do ribeiro,RS
96790,-30.29370098500195,-51.31568908007669,barra do ribeiro,RS
96790,-30.310382303093384,-51.32092922647229,barra do ribeiro,RS
97110,-29.696176744247623,-53.72535127945654,santa maria,RS
97110,-29.68273041976246,-53.72578808900232,santa maria,RS
97110,-29.701651915340697,-53.712526112009186,santa maria,RS
97110,-29.699612245628714,-53.73290887079467,santa maria,RS
97110,-29.709570185671463,-53.73781761532686,santa maria,RS
97501,-29.751091889187794,-57.08572064476392,uruguaiana,RS
97501,-29.75988059970312,-57.098742723651746,uruguaiana,RS
97501,-29.752466431314943,-57.083188089833264,uruguaiana,RS
97501,-29.75693604899774,-57.094413877574254,uruguaiana,RS
97501,-29.761204857538658,-57.09804821027875,uruguaiana,RS
97845,-28.226687581354017,-55.05395910608221,dezesseis de novembro,RS
97845,-28.224352560557612,-55.05030121371752,dezesseis de novembro,RS
97845,-28.22153973269834,-55.05041555029054,dezesseis de novembro,RS
97845,-28.226368696429805,-55.0474501009228,dezesseis de novembro,RS
16018,-21.225285295753565,-50.43628367652801,aracatuba,SP
16018,-21.2327903527259,-50.43891933573004,aracatuba,SP
16018,-21.223262754201752,-50.43224723919837,aracatuba,SP
16018,-21.235336462814455,-50.43937565661188,aracatuba,SP
16018,-21.22512316763806,-50.44116000098095,aracatuba,SP
16200,-21.290784376899627,-50.34795657770975,birigui,SP
16200,-21.299288775543577,-50.34322133217242,birigüi,SP
16200,-21.300831164025887,-50.33983238768208,birigüi,SP
16200,-21.28777892194022,-50.34071500607483,birigui,SP
16200,-21.301277016951357,-50.33379828289763,birigui,SP
16290,-21.50170349088889,-50.319044450159886,brauna,SP
16290,-21.504360175345212,-50.31925935128935,brauna,SP
16290,-21.504970219436302,-50.32422541457722,brauna,SP
16290,-21.50530887837564,-50.31843257229442,brauna,SP
16290,-21.506586876728452,-50.323068134107025,brauna,SP
17026,-22.296469236850484,-49.03471065377948,bauru,SP
17026,-22.297210743262784,-49.04576223564539,bauru,SP
17026,-22.29229914100632,-49.03955310115994,bauru,SP
17026,-22.290697928385985,-49.04199990605343,bauru,SP
17026,-22.30166531279932,-49.042826564400634,bauru,SP
17540,-22.43990321124268,-49.91716776856132,ocaucu,SP
17540,-22.438990110342,-49.92032479498194,ocaucu,SP
17540,-22.437986885332037,-49.92369953433808,ocaucu,SP
17540,-22.43738547010559,-49.92141653041999,ocaucu,SP
17540,-22.43963659141131,-49.91613702988469,ocaucu,SP
17800,-21.68804676595129,-51.08242332977711,adamantina,SP
17800,-21.69728434698301,-51.06603559305281,adamantina,SP
17800,-21.683021154362727,-51.07540582225474,adamantina,SP
17800,-21.688206003267005,-51.08093073630398,adamantina,SP
17800,-21.686986307729494,-51.075368658866836,adamantina,SP
18017,-23.502272671227875,-47.41677394012304,sorocaba,SP
18017,-23.50648246805157,-47.39633583309976,sorocaba,SP
18017,-23.494247999999992,-47.4026985,sorocaba,SP
18017,-23.4833380526149,-47.408500477915595,sorocaba,SP
18017,-23.49373945268047,-47.4084560954758,sorocaba,SP
18085,-23.475539524842723,-47.428577737722854,sorocaba,SP
18085,-23.47254999500834,-47.43668021579432,sorocaba,SP
18085,-23.467103949608603,-47.433714780501035,sorocaba,SP
18085,-23.477937193635963,-47.435823615689706,sorocaba,SP
18085,-23.46278272450075,-47.43851121425275,sorocaba,SP
18105,-23.40662634693288,-47.37568745697962,sorocaba,SP
18105,-23.406257038107352,-47.37511231502065,sorocaba,SP
18105,-23.393354333011903,-47.366575782254024,sorocaba,SP
18105,-23.507105207599587,-47.464965243306196,sorocaba,SP
18105,-23.39803183879867,-47.37158241939934,sorocaba,SP
18150,-23.654914013417034,-47.22137871265736,ibiuna,SP
18150,-23.648604188716174,-47.22745986097289,ibiuna,SP
18150,-23.66247504550663,-47.215832340627614,ibiúna,SP
18150,-23.65250852027148,-47.22021516288566,ibiuna,SP
18150,-23.651975359300554,-47.23543926629503,ibiúna,SP
18255,-23.30123837800848,-48.057262681954285,quadra,SP
18255,-23.302462499999994,-48.05708625,quadra,SP
18255,-23.30234944673666,-48.0545455357457,quadra,SP
18255,-23.245857,-48.07381050000001,quadra,SP
18255,-23.298279775825407,-48.05570621776308,quadra,SP
18681,-22.59942838136111,-48.779995856226165,lençóis paulista,SP
18681,-22.602737875087783,-48.78500218923839,lencois paulista,SP
18681,-22.597594408697326,-48.79135646628801,lencois paulista,SP
18681,-22.59315293706302,-48.79078074370887,lencois paulista,SP
18681,-22.59523495749201,-48.79203758494246,lencois paulista,SP
20241,-22.932760211495154,-43.19785123743439,rio de janeiro,RJ
20241,-22.919552423538555,-43.17919081057763,rio de janeiro,RJ
20241,-22.91824612406944,-43.18373511379766,rio de janeiro,RJ
20241,-22.917500948092837,-43.18145794102369,rio de janeiro,RJ
20241,-22.917677208148262,-43.17919016789786,rio de janeiro,RJ
20520,-22.92931946221692,-43.23596118471042,rio de janeiro,RJ
20520,-22.928752780743228,-43.23953630267176,rio de janeiro,RJ
20520,-22.925729954209675,-43.23359887079467,rio de janeiro,RJ
20520,-22.926061466558927,-43.233803308355924,rio de janeiro,RJ
20520,-22.926305189566598,-43.22284539035729,rio de janeiro,RJ
20785,-22.887998108806,-43.27113442743371,rio de janeiro,RJ
20785,-22.893130612556902,-43.26934742212492,rio de janeiro,RJ
20785,-22.888173090484134,-43.27099644186042,rio de janeiro,RJ
20785,-22.881832427981962,-43.27024741938362,rio de janeiro,RJ
20785,-22.885402023861776,-43.27077467943904,rio de janeiro,RJ
22261,-22.955489999999998,-43.20057987621901,rio de janeiro,RJ
22261,-22.95404848098564,-43.19717784999129,rio de janeiro,RJ
22261,-22.955489999999998,-43.20057987621901,rio de janeiro,RJ
22261,-22.960595702752574,-43.20022106105377,rio de janeiro,RJ
22261,-22.95258617594794,-43.19768329141904,rio de janeiro,RJ
22743,-22.933479697760923,-43.350149913122536,rio de janeiro,RJ
22743,-22.932841537047747,-43.35280490853493,rio de janeiro,RJ
22743,-22.928170473224025,-43.34459537301636,rio de janeiro,RJ
22743,-22.927596056062107,-43.35067252553523,rio de janeiro,RJ
22743,-22.93774659977496,-43.335222570344605,rio de janeiro,RJ
22760,-22.944914213716842,-43.34638345749923,rio de janeiro,RJ
22760,-22.93790249070916,-43.34195301887011,rio de janeiro,RJ
22760,-22.934630946699187,-43.342371354969124,rio de janeiro,RJ
22760,-22.93942278054504,-43.34830035961855,rio de janeiro,RJ
22760,-22.937467736049424,-43.34145188008549,rio de janeiro,RJ
23059,-22.91609268687132,-43.61169520062432,rio de janeiro,RJ
23059,-22.911825967554893,-43.60374481838403,rio de janeiro,RJ
23059,-22.916003095359898,-43.611277106904346,rio de janeiro,RJ
23059,-22.916078644513856,-43.61162966962282,rio de janeiro,RJ
23059,-22.916092750411398,-43.61169549714469,rio de janeiro,RJ
23934,-22.96950632736876,-44.303396927873635,angra dos reis,RJ
23934,-22.971946469511774,-44.29804257580763,angra dos reis,RJ
23934,-22.975880421523794,-44.30017393047596,angra dos reis,RJ
23934,-22.973061302091327,-44.301536069500955,angra dos reis,RJ
23934,-22.977656301974044,-44.3007483414549,angra dos reis,RJ
24020,-22.89428279372572,-43.120737032394075,niteroi,RJ
24020,-22.891230572363682,-43.1231674633952,niteroi,RJ
24020,-22.8892743870251,-43.12412443134148,niteroi,RJ
24020,-22.896064345859383,-43.12115365222976,niterói,RJ
24020,-22.891073704003492,-43.12088661781785,niteroi,RJ
24358,-22.95950249166516,-43.054551923240766,niterói,RJ
24358,-22.95596519285543,-43.06735886670849,niteroi,RJ
24358,-22.954900388857844,-43.06430785774165,niteroi,RJ
24358,-22.954498317216,-43.05335791391999,niterói,RJ
24358,-22.953991571624176,-43.08487851043504,niteroi,RJ
25645,-22.549033360244323,-43.210094724044055,petrópolis,RJ
25645,-22.533149334588636,-43.19472173668461,petrópolis,RJ
25645,-22.54059248152321,-43.19226709058091,petropolis,RJ
25645,-22.53742478096879,-43.19243845878758,petropolis,RJ
25645,-22.534089574565613,-43.198263233031525,petropolis,RJ
25750,-22.319525528239538,-43.1311053702977,petropolis,RJ
25750,-22.335981835369676,-43.12968005099429,petropolis,RJ
25750,-22.319525528239538,-43.1311053702977,petropolis,RJ
25750,-22.331880920679176,-43.12843299842005,petropolis,RJ
25750,-22.360392646630235,-43.12344824277241,petropolis,RJ
25959,-22.45422000101887,-42.98223428751139,teresopolis,RJ
25959,-22.445699810591467,-42.97910775547885,teresópolis,RJ
25959,-22.455981650832214,-42.980416250076686,teresopolis,RJ
25959,-22.457818551948193,-42.983181445113175,teresopolis,RJ
25959,-22.443384063064343,-42.978596237707606,teresopolis,RJ
26310,-22.71897183001308,-43.56245863918872,queimados,RJ
26310,-22.718987074898283,-43.55790756275428,queimados,RJ
26310,-22.71491609556603,-43.5675028110719,queimados,RJ
26310,-22.716547067572737,-43.564443906564506,queimados,RJ
26310,-22.72268348185007,-43.55497549850644,queimados,RJ
27700,-22.418541912748985,-43.67993483814997,vassouras,RJ
27700,-22.408459727559524,-43.660745363779746,vassouras,RJ
27700,-22.402147144860752,-43.66141997942294,vassouras,RJ
27700,-22.373470621855493,-43.69168100880995,vassouras,RJ
27700,-22.402147144860752,-43.66141997942294,vassouras,RJ
75470,-16.370841844852297,-49.316869114245755,nova veneza,GO
75470,-16.371987754557484,-49.31789956270872,nova veneza,GO
75470,-16.37301148987013,-49.31631224197848,nova veneza,GO
75470,-16.372075969996022,-49.31786982256266,nova veneza,GO
75470,-16.37151952394429,-49.324450480716244,nova veneza,GO
79020,-20.45741496364473,-54.59501939260764,campo grande,MS
79020,-20.457010856483524,-54.59565451180099,campo grande,MS
79020,-20.456992550377954,-54.59273119222099,campo grande,MS
79020,-20.460409373057107,-54.59424327606479,campo grande,MS
79020,-20.460406543802833,-54.59424718866379,campo grande,MS
79820,-22.232310272326483,-54.82983826728311,dourados,MS
79820,-22.224956325480814,-54.829651119915106,dourados,MS
79820,-22.231730563718386,-54.82401082647428,dourados,MS
79820,-22.22987838264866,-54.82435940302139,dourados,MS
79820,-22.220477999999993,-54.8302095,dourados,MS
80050,-25.439106561486458,-49.23689875714125,curitiba,PR
80050,-25.433688394396647,-49.252853011656754,curitiba,PR
80050,-25.432558576172983,-49.25034885345375,curitiba,PR
80050,-25.440861384124872,-49.2353860022217,curitiba,PR
80050,-25.441172999999992,-49.23394391188179,curitiba,PR
80215,-25.443849080760614,-49.255205611835756,curitiba,PR
80215,-25.4505333871833,-49.25833945989382,curitiba,PR
80215,-25.447582257285475,-49.25465862753188,curitiba,PR
80215,-25.453874126839395,-49.25376271870851,curitiba,PR
80215,-25.451273126839396,-49.254033776992316,curitiba,PR
81020,-25.491606559524563,-49.282837486669784,curitiba,PR
81020,-25.48607751067581,-49.28893216763805,curitiba,PR
81020,-25.489767897859107,-49.29078267969885,curitiba,PR
81020,-25.493609378296497,-49.285246976686466,curitiba,PR
81020,-25.482343002221693,-49.28802327309719,curitiba,PR
82515,-25.401775500000003,-49.22824049999999,curitiba,PR
82515,-25.396398964562348,-49.23236078372559,curitiba,PR
82515,-25.394838117618782,-49.230114676668556,curitiba,PR
82515,-25.392371585059784,-49.232296513330205,curitiba,PR
82515,-25.39414318970527,-49.2306358726037,curitiba,PR
83060,-25.49540787967335,-49.155607852098925,sao jose dos pinhais,PR
83060,-25.477763470209567,-49.15037767683811,sao jose dos pinhais,PR
83060,-25.488597205367764,-49.14950091412175,sao jose dos pinhais,PR
83060,-25.480993934502823,-49.140671983063115,são josé dos pinhais,PR
83060,-25.49540787967335,-49.155607852098925,sao jose dos pinhais,PR
83070,-25.516321166801344,-49.12281815098963,sao jose dos pinhais,PR
83070,-25.532534640025368,-49.142244572854764,sao jose dos pinhais,PR
83070,-25.51636877491484,-49.128107805153256,são josé dos pinhais,PR
83070,-25.528614814866973,-49.12760466767952,são josé dos pinhais,PR
83070,-25.518522499855763,-49.13127587870051,sao jose dos pinhais,PR
84020,-25.08190948098565,-50.133867239107836,ponta grossa,PR
84020,-25.08218745351718,-50.14003610046744,ponta grossa,PR
84020,-25.08211050410086,-50.133130678153854,ponta grossa,PR
84020,-25.069769653903823,-50.117488170840716,ponta grossa,PR
84020,-25.083958588406652,-50.13925891020837,ponta grossa,PR
84174,-24.80200820899649,-49.99280471273954,castro,PR
84174,-24.81122007256855,-49.990979428943355,castro,PR
84174,-24.807491351464247,-49.98648859279312,castro,PR
84174,-24.811692109388346,-49.991413849054055,castro,PR
84174,-24.798639698369108,-49.99280212909827,castro,PR
85200,-24.75751269190114,-51.76142521085123,pitanga,PR
85200,-24.759221083992482,-51.76389492305897,pitanga,PR
85200,-24.76073474188289,-51.76325378050313,pitanga,PR
85200,-24.7605466649271,-51.76189214362822,pitanga,PR
85200,-24.758682103976096,-51.76223427752239,pitanga,PR
86800,-23.552512530494816,-51.46349357996916,apucarana,PR
86800,-23.551382460784716,-51.46482462743791,apucarana,PR
86800,-23.557643405109207,-51.456383921053344,apucarana,PR
86800,-23.554137690735296,-51.46094494127361,apucarana,PR
86800,-23.553891310373,-51.47572823085017,apucarana,PR
86870,-24.237456137353824,-51.65890263758289,ivaipora,PR
86870,-24.250497390037783,-51.67297332316663,ivaipora,PR
86870,-24.25823730141372,-51.6733067593644,ivaipora,PR
86870,-24.351185667076134,-51.69368395393456,ivaipora,PR
86870,-24.234313448316847,-51.66826865391956,ivaipora,PR
86970,-24.103657630708867,-52.120221650580284,corumbatai do sul,PR
86970,-24.102290488043273,-52.11737803544663,corumbatai do sul,PR
86970,-24.102764063119274,-52.11544515494531,corumbatai do sul,PR
86970,-24.100019357273325,-52.11323917736127,corumbatai do sul,PR
86970,-24.10007078646277,-52.115342729172006,corumbatai do sul,PR
86975,-23.50634532242993,-51.696090205659,mandaguari,PR
86975,-23.512517760688223,-51.68089337666556,mandaguari,PR
86975,-23.527583145179335,-51.667271188793194,mandaguari,PR
86975,-23.52302374838472,-51.67653880737625,mandaguari,PR
86975,-23.510205999890005,-51.68392080485192,mandaguari,PR
87040,-23.41382198370398,-51.90777440824636,maringa,PR
87040,-23.406079511126283,-51.90695247698803,maringa,PR
87040,-23.411238063402276,-51.90333112778236,maringa,PR
87040,-23.411459211845916,-51.90542351946638,maringá,PR
87040,-23.416296321781715,-51.91057070546516,maringa,PR
88048,-27.644410015661276,-48.476533633357974,florianópolis,SC
88048,-27.635403206763286,-48.474104217871776,florianopolis,SC
88048,-27.66302786108127,-48.49515662009615,florianopolis,SC
88048,-27.65254901747034,-48.47391456113019,florianópolis,SC
88048,-27.658207756407332,-48.48872380971336,florianopolis,SC
88102,-27.594535616886628,-48.6167263916482,sao jose,SC
88102,-27.593103157682588,-48.61720398703212,sao jose,SC
88102,-27.593534069701875,-48.61480241208749,sao jose,SC
88102,-27.595065990625134,-48.61701335675689,são josé,SC
88102,-27.6008359612697,-48.61499960942611,sao jose,SC
30690,-19.979845234819173,-44.05782186225846,belo horizonte,MG
30690,-19.978635583126543,-44.049621913266776,belo horizonte,MG
30690,-19.97510808604073,-44.047771979312216,belo horizonte,MG
30690,-19.97945339884005,-44.04953326005544,belo horizonte,MG
30690,-19.976489014715185,-44.047176962663784,belo horizonte,MG
31015,-19.9094872739339,-43.9275164141035,belo horizonte,MG
31015,-19.91175304218364,-43.92629820788848,belo horizonte,MG
31015,-19.910673282272437,-43.91740268344977,belo horizonte,MG
31015,-19.91261008095351,-43.92988275477941,belo horizonte,MG
31015,-19.913858790726543,-43.91715684846209,belo horizonte,MG
31130,-19.885618959201338,-43.93859494364943,belo horizonte,MG
31130,-19.89363843075192,-43.946471581885795,belo horizonte,MG
31130,-19.888524182735612,-43.93996875033993,belo horizonte,MG
31130,-19.89838951901435,-43.94447567845811,belo horizonte,MG
31130,-19.888881640716292,-43.94298843424575,belo horizonte,MG
31155,-19.872731168474775,-43.944876780599,belo horizonte,MG
31155,-19.872951003606676,-43.94391179516995,belo horizonte,MG
31155,-19.871580478215684,-43.93311239840736,belo horizonte,MG
31155,-19.871500505135895,-43.93200506313124,belo horizonte,MG
31155,-19.870902523457744,-43.93186212141504,belo horizonte,MG
31230,-19.90514649708581,-43.95631225047614,belo horizonte,MG
31230,-19.90027006855558,-43.960923030815344,belo horizonte,MG
31230,-19.896224543424395,-43.95190519900166,belo horizonte,MG
31230,-19.90112327699232,-43.95125172398864,belo horizonte,MG
31230,-19.898691863437076,-43.94922700167343,belo horizonte,MG
31340,-19.87088601815302,-43.98335655258218,belo horizonte,MG
31340,-19.86939669470249,-43.9917470420394,belo horizonte,MG
31340,-19.862752514859412,-43.985584225921855,belo horizonte,MG
31340,-19.861906399676773,-43.991047022880835,belo horizonte,MG
31340,-19.872080706907518,-43.989465018033385,belo horizonte,MG
33855,-19.756505870390644,-44.072559257141236,ribeirao das neves,MG
33855,-19.74452302066319,-44.06886918586044,ribeirao das neves,MG
33855,-19.75556658090484,-44.07778083429516,ribeirao das neves,MG
33855,-19.755029064112183,-44.07401516625307,ribeirão das neves,MG
33855,-19.747521429915192,-44.06365871842004,ribeirao das neves,MG
35010,-18.85822999288047,-41.950410111706866,governador valadares,MG
35010,-18.85152656968917,-41.93771131243139,governador valadares,MG
35010,-18.854881898590495,-41.949007990711685,governador valadares,MG
35010,-18.85808153265103,-41.95132804506804,governador valadares,MG
35010,-18.847981614313174,-41.94009432238156,governador valadares,MG
35160,-19.50523742384614,-42.57176378313765,ipatinga,MG
35160,-19.48687345196663,-42.512541871329546,ipatinga,MG
35160,-19.495894452680457,-42.5311605,ipatinga,MG
35160,-19.50730417929482,-42.56092646502972,ipatinga,MG
35160,-19.511752536499497,-42.5673435328928,ipatinga,MG
36504,-21.113772012461688,-42.929181554180694,uba,MG
36504,-21.116431060314454,-42.93457956657932,uba,MG
36504,-21.113685487139808,-42.94260442053632,ubá,MG
36504,-21.11262721738599,-42.937785011424154,uba,MG
36504,-21.117650796465107,-42.935812289411125,uba,MG
37006,-21.56727451244741,-45.43589090780592,varginha,MG
37006,-21.56964110548331,-45.43512186477951,varginha,MG
37006,-21.566033739032214,-45.43702559272642,varginha,MG
37006,-21.56727105600448,-45.43478025026783,varginha,MG
37006,-21.564991708764286,-45.443040840226274,varginha,MG
37690,-22.75017637723857,-45.74573438619286,sapucai-mirim,MG
37690,-22.748948294350672,-45.7424297992227,sapucai-mirim,MG
37690,-22.750411700781065,-45.73994333583351,sapucaí-mirim,MG
37690,-22.750543669169435,-45.74293957135486,sapucai-mirim,MG
37690,-22.743612008987693,-45.73961234370861,sapucai-mirim,MG
37960,-20.778180760236328,-47.10018746912747,são tomás de aquino,MG
37960,-20.77671410571409,-47.09857893573974,sao tomas de aquino,MG
37960,-20.781629479038745,-47.09754391451065,sao tomas de aquino,MG
37960,-20.77984420825681,-47.10006675160835,sao tomas de aquino,MG
37960,-20.781311002573965,-47.096309421538265,sao tomas de aquino,MG
38036,-19.766692424923534,-47.90721823688614,uberaba,MG
38036,-19.764898373374837,-47.917538936740684,uberaba,MG
38036,-19.770535655288807,-47.9212991559813,uberaba,MG
38036,-19.768766542327878,-47.911243212043395,uberaba,MG
38036,-19.766543217930643,-47.90655822024413,uberaba,MG
39680,-17.699026897975102,-42.50900651446246,capelinha,MG
39680,-17.700198717565424,-42.52169035093553,capelinha,MG
39680,-17.69332359684073,-42.52231413264154,capelinha,MG
39680,-17.693528671830805,-42.503884329837966,capelinha,MG
39680,-17.69484156860402,-42.51768273201521,capelinha,MG
40243,-12.990463226579363,-38.49876206529916,salvador,BA
40243,-12.987813773589286,-38.50574187032669,salvador ,BA
40243,-12.979614983660163,-38.50159964364435,salvador,BA
40243,-12.988958918166809,-38.504624411846734,salvador,BA
40243,-12.988810841389709,-38.4990776319465,salvador,BA
42738,-12.895112589380958,-38.33895999999978,lauro de freitas,BA
42738,-12.892754063041194,-38.33124135307967,lauro de freitas,BA
42738,-12.894281927001014,-38.34927935636794,lauro de freitas,BA
42738,-12.878398519562605,-38.28932822952854,lauro de freitas,BA
42738,-12.895962928716832,-38.33622340007706,lauro de freitas,BA
44571,-12.967481745660082,-39.26316308671777,santo antonio de jesus,BA
44571,-12.964038049066211,-39.2576715,santo antonio de jesus,BA
44571,-12.966617531647346,-39.262368867088156,santo antonio de jesus,BA
44571,-12.962996999999994,-39.260711249999986,santo antonio de jesus,BA
44571,-12.950449999999933,-39.24590982199993,santo antonio de jesus,BA
44720,-11.433782960882912,-40.59994790874497,miguel calmon,BA
44720,-11.430464060303631,-40.596005661199484,miguel calmon,BA
44720,-11.433194170108681,-40.59682108069322,miguel calmon,BA
44720,-11.430456878693953,-40.597834157124076,miguel calmon,BA
44720,-11.432409722385591,-40.60038150407495,miguel calmon,BA
45208,-13.860650975558046,-40.06849338679207,jequie,BA
45208,-13.879553646802988,-40.06583371413695,jequie,BA
45208,-13.873879700904169,-40.06422962859642,jequie,BA
45208,-13.879147283393786,-40.0664654097474,jequié,BA
45208,-13.873439170872297,-40.085714333530966,jequie,BA
45601,-14.811269424534586,-39.294158675160894,itabuna,BA
45601,-14.799801195394986,-39.29223802247681,itabuna,BA
45601,-14.799031201731975,-39.293923661204204,itabuna,BA
45601,-14.799801195394986,-39.29223802247681,itabuna,BA
45601,-14.853220600703791,-39.344064296663205,itabuna,BA
45790,-15.595297494309218,-39.87073777476225,potiragua,BA
45790,-15.595994201147201,-39.877049919847146,potiragua,BA
45790,-15.595988090252218,-39.872812246058565,potiragua,BA
45790,-15.5922834934881,-39.87526218638943,potiragua,BA
45790,-15.593634325732587,-39.87516159870683,potiraguá,BA
45990,-17.544689915540296,-39.732032076125,teixeira de freitas,BA
45990,-17.551335968085738,-39.72828296665935,teixeira de freitas,BA
45990,-17.544973033896472,-39.725182499900995,teixeira de freitas,BA
45990,-17.548532999999995,-39.7245645,teixeira de freitas,BA
45990,-17.54160189400074,-39.74132568641913,teixeira de freitas,BA
55158,-8.340013009126809,-36.412633901983114,belo jardim,PE
55158,-8.339417495775212,-36.414036988974345,belo jardim,PE
55158,-8.342654707493706,-36.41490894076831,belo jardim,PE
55158,-8.343875281660113,-36.40897326898579,belo jardim,PE
55158,-8.342876651188968,-36.40940430172003,belo jardim,PE
58036,-7.0960752922557635,-34.84555898834324,joao pessoa,PB
58036,-7.094194606440067,-34.84206944018698,joao pessoa,PB
58036,-7.0960752922557635,-34.84555898834324,joao pessoa,PB
58036,-7.095377336112851,-34.842358817790995,joao pessoa,PB
58036,-7.0960752922557635,-34.84555898834324,joao pessoa,PB
58082,-7.184781648135097,-34.906451899296314,joao pessoa,PB
58082,-7.165607771506033,-34.896598529578434,joao pessoa,PB
58082,-7.166736,-34.89671250000001,joao pessoa,PB
60135,-3.748237921172627,-38.505984899388324,fortaleza,CE
60135,-3.7509365790094544,-38.49185337906421,fortaleza,CE
60135,-3.7475067207859833,-38.504625344018706,fortaleza,CE
60135,-3.7432572536787885,-38.514980739800336,fortaleza,CE
60135,-3.740957827320976,-38.51707581036198,fortaleza,CE
63500,-6.360208523390892,-39.29484034083242,iguatu,CE
63500,-6.361364802469916,-39.296213244699494,iguatu,CE
63500,-6.350695931282512,-39.29536846370862,iguatu,CE
63500,-6.352889433825754,-39.296330022802074,iguatu,CE
63500,-6.357789032984386,-39.29682179897089,iguatu,CE
64110,-4.748966958017589,-42.57741722076563,jose de freitas,PI
64110,-4.755093310336289,-42.56936292232222,jose de freitas,PI
64110,-4.7607754338233725,-42.576965295168094,jose de freitas,PI
64110,-4.749016384604949,-42.57088708269162,jose de freitas,PI
64110,-4.752728358405998,-42.580705457552554,jose de freitas,PI
65031,-2.5500618922390004,-44.28783908177395,sao luis,MA
65031,-2.5370170254430375,-44.282222240508545,sao luis,MA
65031,-2.5494544540654416,-44.28594445781635,sao luis,MA
65031,-2.5360748381903164,-44.285344989035735,sao luis,MA
65031,-2.5367899999999395,-44.28348999999997,sao luis,MA
65302,-3.661159599628587,-45.36475287859859,santa ines,MA
65302,-3.6520178358411046,-45.373506612172726,santa ines,MA
65302,-3.6574841684492867,-45.371456061117975,santa inês,MA
65302,-3.6520178358411046,-45.373506612172726,santa ines,MA
65302,-3.6622943577325793,-45.36461550052403,santa ines,MA
65370,-3.7283969999999442,-45.427359499999966,pindare mirim,MA
65370,-3.6071313445098014,-45.34112249999999,pindare mirim,MA
65370,-3.6089573340012344,-45.33859084008766,pindare mirim,MA
65370,-3.6144241895726172,-45.342177007292285,pindare mirim,MA
65370,-3.6065050936173573,-45.33798183715097,pindare mirim,MA
65400,-4.459910932714865,-43.880692216944,codo,MA
65400,-4.457602948339357,-43.88011605938664,codo,MA
65400,-4.480980433486843,-43.895299642348505,codo,MA
65400,-4.448888999999998,-43.86720150000001,codo,MA
65400,-4.458621095461278,-43.88592598469824,codo,MA
65800,-7.511492507642972,-46.04703653821487,balsas,MA
65800,-7.507929161572298,-46.03382329875634,balsas,MA
65800,-7.535537284215368,-46.035150367085585,balsas,MA
65800,-7.521276318253829,-46.03795558635215,balsas,MA
65800,-7.532946887771338,-46.04235338246493,balsas,MA
66120,-1.4131656572220435,-48.47726487206407,belém,PA
66120,-1.462076813558893,-48.50032726027094,belem,PA
66120,-1.4145023721796515,-48.472377847481155,belem,PA
66120,-1.415366494426162,-48.48123329951868,belem,PA
66120,-1.438597229492165,-48.46235192992015,belem,PA
68537,-6.549958603764686,-49.84652773962353,canaa dos carajas,PA
68537,-6.534067590549908,-49.855004631286214,canaa dos carajas,PA
68537,-6.529698760114707,-49.85338371784237,canaa dos carajas,PA
68537,-6.549958603764686,-49.84652773962353,canaa dos carajas,PA
68537,-6.545177999999993,-49.844441270111595,canaa dos carajas,PA
69301,2.825327106178698,-60.67727550240037,boa vista,RR
69301,2.8137777631727006,-60.672342074792496,boa vista,RR
69301,2.819445193912033,-60.66787289515002,boa vista,RR
69301,2.816170359542361,-60.673058217357806,boa vista,RR
69301,2.819167386640474,-60.67042729993768,boa vista,RR
69309,2.8133496390118173,-60.701958971150056,boa vista,RR
69309,2.8098711886098067,-60.70282229010137,boa vista,RR
69309,2.8110853531427367,-60.70415627589174,boa vista,RR
69309,2.8152102932279526,-60.70111707720853,boa vista,RR
69309,2.813243285210873,-60.69267346313233,boa vista,RR
69900,-9.97456238336677,-67.80965579857256,rio branco,AC
69900,-9.965697784673115,-67.78702834595329,rio branco,AC
69900,-9.96119277047145,-67.81266876963473,rio branco,AC
69900,-9.97499781938307,-67.80940552221007,rio branco,AC
69900,-9.9743634761232,-67.80326678613504,rio branco,AC
69901,-9.957252211014918,-67.78634877607972,rio branco,AC
69901,-9.959604212880132,-67.79538149278665,rio branco,AC
69901,-9.94167972209693,-67.80311237021756,rio branco,AC
69901,-9.961106479891136,-67.80609301464884,rio branco,AC
69901,-9.960382035955579,-67.79858060113216,rio branco,AC
70735,-15.778647000000005,-47.8859715,brasilia,DF
70735,-15.825472682253015,-47.91490026740673,brasília,DF
70735,-15.778699796124183,-47.88661075736597,brasilia,DF
70735,-15.778699796124183,-47.88661075736597,brasilia,DF
70735,-15.778699796124183,-47.88661075736597,brasília,DF
71060,-15.833616409836763,-47.983326412441414,brasilia,DF
71060,-15.837601664047737,-47.98079678404058,brasilia,DF
71060,-15.83231212919642,-47.985534875015155,brasilia,DF
71060,-15.838631526272032,-47.977402741601274,brasilia,DF
71060,-15.83915524732174,-47.98185496082808,brasilia,DF
72669,-15.793363257833736,-47.84922424340701,brasília,DF
76382,-15.324861609869476,-49.11744057697122,goianésia,GO
76382,-15.335301576915946,-49.10826692308403,goianesia,GO
76382,-15.324861609869476,-49.11744057697122,goianésia,GO
76382,-15.339079005087118,-49.13034562731386,goianesia,GO
76382,-15.310319854129744,-49.113823994793336,goianésia,GO
77725,-8.732500781527103,-48.7519806611064,colmeia,TO
77725,-8.729308751799973,-48.75951208203633,colmeia,TO
77725,-8.734882435176157,-48.752824079049404,colmeia,TO
77725,-8.73558938040719,-48.75076977469352,colmeia,TO
77725,-8.732279668287266,-48.752646457639685,colméia,TO
78065,-15.615363052962408,-56.076605063005395,cuiaba,MT
78065,-15.621604618498687,-56.07664857478215,cuiaba,MT
78065,-15.623449621276999,-56.085892763590635,cuiaba,MT
78065,-15.615905772183014,-56.08594584901469,cuiaba,MT
78065,-15.641038785269979,-55.99836159412911,cuiaba,MT
78335,-9.45518257672924,-59.21982588376638,colniza,MT
78335,-9.448560201552912,-59.2264067795505,colniza,MT
78335,-9.300305999999946,-60.233250499999954,colniza,MT
78335,-9.458388152592418,-59.21650505625034,colniza,MT
78335,-9.457663336913953,-59.22335402939465,colniza,MT
01026,-23.539494799586286,-46.632843914149746,são paulo,SP
01026,-23.539257503462455,-46.63329249708582,sao paulo,SP
01026,-23.53984025062037,-46.6302639919499,sao paulo,SP
01026,-23.539439503750902,-46.63306386663973,sao paulo,SP
01026,-23.539167607276784,-46.63524162031853,sao paulo,SP
01238,-23.54339898029315,-46.65151833472787,sao paulo,SP
01238,-23.544825380518187,-46.65194330016162,sao paulo,SP
01238,-23.54029141326677,-46.65043534401869,sao paulo,SP
01238,-23.54195269441404,-46.65931762155928,sao paulo,SP
01238,-23.54443774132954,-46.65181342394259,sao paulo,SP
01257,-23.545072173466437,-46.68438057799065,sao paulo,SP
01257,-23.54376273128144,-46.68884885374371,sao paulo,SP
01257,-23.542921655288804,-46.687539331669456,sao paulo,SP
01257,-23.54124136886143,-46.68828723827111,sao paulo,SP
01257,-23.545572306513638,-46.68889592295457,sao paulo,SP
01319,-23.55156260866176,-46.64021297307979,são paulo,SP
01319,-23.55310095920133,-46.642181285186616,sao paulo,SP
01319,-23.551666072162263,-46.6416210910324,sao paulo,SP
01319,-23.55098651511921,-46.64108072439266,sao paulo,SP
01319,-23.55098651511921,-46.64108072439266,sao paulo,SP
01442,-23.56370226740048,-46.67529085698279,sao paulo,SP
01442,-23.5633472811986,-46.67501388972638,sao paulo,SP
01442,-23.577570010820036,-46.693132532892825,são paulo,SP
01442,-23.563951942264453,-46.67552612782035,sao paulo,SP
01442,-23.57727900360668,-46.69256306564139,sao paulo,SP
01455,-23.580690704974273,-46.68751888037395,sao paulo,SP
01455,-23.580609790096464,-46.69306692234056,sao paulo,SP
01455,-23.579657927001005,-46.69358888314391,sao paulo,SP
01455,-23.583102903975938,-46.68976694630383,sao paulo,SP
01455,-23.580400756044718,-46.686979854838754,sao paulo,SP
01514,-23.553064354682615,-46.62768625580495,sao paulo,SP
01514,-23.553064354682615,-46.62768625580495,sao paulo,SP
01514,-23.55292030325788,-46.627547975015524,sao paulo,SP
01514,-23.55883062753189,-46.629370749379625,sao paulo,SP
01514,-23.553061260892154,-46.627648962259755,sao paulo,SP
01529,-23.569353157366287,-46.63690014002537,sao paulo,SP
01529,-23.57051384263371,-46.6364347178718,sao paulo,SP
01529,-23.5688472717122,-46.635569068267124,sao paulo,SP
01529,-23.569353157366287,-46.63690014002537,sao paulo,SP
01529,-23.570594842633717,-46.6365472178718,sao paulo,SP
02030,-23.504769581649203,-46.62470303231384,sao paulo,SP
02030,-23.501546612268438,-46.624553047175304,sao paulo,SP
02030,-23.504398054538573,-46.624627022882166,sao paulo,SP
02030,-23.51534649909208,-46.6249465208822,sao paulo,SP
02030,-23.50329594505872,-46.62458322231012,são paulo,SP
02217,-23.48997074715792,-46.581423784205676,sao paulo,SP
02217,-23.48862091479598,-46.57998403566277,sao paulo,SP
02217,-23.492293190668352,-46.57588561866329,sao paulo,SP
02217,-23.490456160424706,-46.581910088118185,são paulo,SP
02217,-23.486102475993984,-46.58512073550116,sao paulo,SP
02345,-23.468338676928898,-46.61266956786309,são paulo,SP
02345,-23.468078220381944,-46.61127514377627,sao paulo,SP
02345,-23.468623477276118,-46.6163016434943,são paulo,SP
02345,-23.468623477276118,-46.6163016434943,sao paulo,SP
02345,-23.468623477276118,-46.6163016434943,sao paulo,SP
02540,-23.490642572854757,-46.65750140743839,sao paulo,SP
02540,-23.48816254316459,-46.65398133374692,são paulo,SP
02540,-23.4892353871833,-46.6571356239252,sao paulo,SP
02540,-23.490452933666106,-46.656027361503845,sao paulo,SP
02540,-23.48823908021235,-46.655735872468114,sao paulo,SP
02717,-23.493746205672256,-46.685192018074005,sao paulo,SP
02717,-23.492199996431307,-46.68556629030259,são paulo,SP
02717,-23.486135460627327,-46.68186187242014,sao paulo,SP
02717,-23.492442132667776,-46.68550112476193,sao paulo,SP
02717,-23.493746205672256,-46.685192018074005,sao paulo,SP
03018,-23.53174394892955,-46.61395302123605,sao paulo,SP
03018,-23.531627923394332,-46.61383046295224,sao paulo,SP
03018,-23.53359394615959,-46.610508090484124,sao paulo,SP
03018,-23.53327933389115,-46.61090042867445,são paulo,SP
03018,-23.531213137659442,-46.61320182569683,sao paulo,SP
03257,-23.60648067138897,-46.52604270953325,sao paulo,SP
03257,-23.610410276992322,-46.530882723007664,sao paulo,SP
03257,-23.610032475993986,-46.532449209965925,sao paulo,SP
03257,-23.613254800998337,-46.528809129061095,sao paulo,SP
03257,-23.60648067138897,-46.52604270953325,sao paulo,SP
03308,-23.540691446852072,-46.57315915849145,sao paulo,SP
03308,-23.54153881877193,-46.57121452039934,sao paulo,SP
03308,-23.54100449362157,-46.571550098365755,sao paulo,SP
03308,-23.540691446852072,-46.57315915849145,sao paulo,SP
03308,-23.54270021787179,-46.57431289979235,sao paulo,SP
03513,-23.533151950603,-46.52395517943906,sao paulo,SP
03513,-23.5362485903399,-46.52282952484273,sao paulo,SP
03513,-23.542071202060086,-46.52194776034388,sao paulo,SP
03513,-23.536936435195322,-46.52315695683539,sao paulo,SP
03513,-23.534223789341567,-46.52120930474924,sao paulo,SP
03726,-23.501596306134218,-46.51654693810951,sao paulo,SP
03726,-23.503721336109802,-46.51921203419787,sao paulo,SP
03726,-23.503753150461566,-46.51916085458851,sao paulo,SP
03726,-23.497327277829033,-46.513625951151255,sao paulo,SP
03726,-23.4980193141843,-46.51312316680134,sao paulo,SP
04250,-23.61959447821568,-46.60003319608748,sao paulo,SP
04250,-23.622215427145232,-46.59886224271452,sao paulo,SP
04250,-23.621533470713867,-46.59892166472386,sao paulo,SP
04250,-23.619698947544574,-46.60038203274858,sao paulo,SP
04250,-23.6203394454671,-46.598094031363615,são paulo,SP
04327,-23.663137913959265,-46.63263933166945,sao paulo,SP
04327,-23.662484434358593,-46.63157302553523,sao paulo,SP
04327,-23.66405809270583,-46.63170862308849,sao paulo,SP
04327,-23.665172657510517,-46.63155196586642,sao paulo,SP
04327,-23.661341937272784,-46.63430650637663,sao paulo,SP
04403,-23.669112247850418,-46.65968055008948,sao paulo,SP
04403,-23.666458725229376,-46.659250157510506,sao paulo,SP
04403,-23.670491973650424,-46.66024319323027,são paulo,SP
04403,-23.667843855675457,-46.66038973120199,sao paulo,SP
04403,-23.668201282693417,-46.66049702840489,sao paulo,SP
04432,-23.68293569627404,-46.6636745608732,são paulo,SP
04432,-23.685599972096952,-46.66316801345588,são paulo,SP
04432,-23.681985839570505,-46.66418124074934,sao paulo,SP
04432,-23.685599972096952,-46.66316801345588,são paulo,SP
04432,-23.685599972096952,-46.66316801345588,sao paulo,SP
04675,-23.66642540233641,-46.69445002223827,sao paulo,SP
04675,-23.66310812738766,-46.68545821565008,sao paulo,SP
04675,-23.661687594494847,-46.68864348182236,sao paulo,SP
04675,-23.66144631141435,-46.68653733637266,são paulo,SP
04675,-23.661687594494847,-46.68864348182236,sao paulo,SP
04942,-23.698976615875125,-46.77651167583237,sao paulo,SP
04942,-23.697852171244737,-46.77564534999131,sao paulo,SP
04942,-23.700230863725533,-46.772123971146556,sao paulo,SP
04942,-23.698868385509847,-46.77211812031853,sao paulo,SP
04942,-23.69534094087947,-46.778816494027396,são paulo,SP
05206,-23.405641910352585,-46.76037110352587,sao paulo,SP
05206,-23.40376034328742,-46.7628010299911,sao paulo,SP
05206,-23.405305575271367,-46.754621091764136,sao paulo,SP
05206,-23.404071499307502,-46.7614253083559,sao paulo,SP
05206,-23.402514551762934,-46.76675154815626,sao paulo,SP
05448,-23.547246113476525,-46.70007505753024,sao paulo,SP
05448,-23.545982159709457,-46.703137871253325,sao paulo,SP
05448,-23.54732675269785,-46.697383928385975,são paulo,SP
05448,-23.545744376074794,-46.70064947155058,sao paulo,SP
05448,-23.545753438253737,-46.70126882653355,sao paulo,SP
05541,-23.588181691095816,-46.74083315667377,sao paulo,SP
05541,-23.5881343344394,-46.740901285042405,são paulo,SP
05541,-23.587929678561487,-46.740257763127026,são paulo,SP
05541,-23.587131192764712,-46.74326578259357,sao paulo,SP
05541,-23.588181691095816,-46.74083315667377,sao paulo,SP
05614,-23.597772820705174,-46.710443383432384,sao paulo,SP
05614,-23.598084394396658,-46.709129655981286,são paulo,SP
05614,-23.594690119556116,-46.713285640736615,sao paulo,SP
05614,-23.59399677602385,-46.713877293248274,sao paulo,SP
05614,-23.59703904302036,-46.70953216763806,sao paulo,SP
05723,-23.642148740492818,-46.733282946996304,sao paulo,SP
05723,-23.642227592561596,-46.73166361809683,sao paulo,SP
05723,-23.642661855675456,-46.73023867415893,sao paulo,SP
05723,-23.641688220930213,-46.732986765191306,sao paulo,SP
05723,-23.64146435276126,-46.732946348462086,sao paulo,SP
05782,-23.650166242022035,-46.765121831380974,são paulo,SP
05782,-23.651518588954925,-46.7682715947833,sao paulo,SP
05782,-23.652801714124177,-46.7682836429379,sao paulo,SP
05782,-23.655637435743582,-46.766507641006314,são paulo,SP
05782,-23.64902534208092,-46.76258938820236,sao paulo,SP
05886,-23.677015836781262,-46.78917027122793,sao paulo,SP
05886,-23.67708961348357,-46.78918112074298,sao paulo,SP
05886,-23.67708961348357,-46.78918112074298,sao paulo,SP
05886,-23.67862903476827,-46.792834450079816,sao paulo,SP
05886,-23.684206935051087,-46.79248841603673,sao paulo,SP
06311,-23.5215728152839,-46.847089658692596,carapicuiba,SP
06311,-23.520953593709798,-46.854736018613345,carapicuiba,SP
06311,-23.520953593709798,-46.854736018613345,carapicuiba,SP
06311,-23.520594390586613,-46.841062876814554,carapicuiba,SP
06311,-23.520953593709798,-46.854736018613345,carapicuiba,SP
06428,-23.498093183518716,-46.95675711408731,barueri,SP
06428,-23.496988852527934,-46.95763850600025,barueri,SP
06428,-23.496182588506702,-46.95181523800456,barueri,SP
06428,-23.49460736467422,-46.95323925101675,barueri,SP
06428,-23.495842035559043,-46.95966446080034,barueri,SP
06429,-23.48931678056646,-46.951169194448674,barueri,SP
06429,-23.48932340438176,-46.947990006393766,barueri,SP
06429,-23.486507913233996,-46.9548575255108,barueri,SP
06429,-23.48772559861204,-46.94763322496202,barueri,SP
06429,-23.490191802659883,-46.95620052022992,barueri,SP
06454,-23.49317067158778,-46.847466200289865,barueri,SP
06454,-23.49534846679677,-46.85096691861971,barueri,SP
06454,-23.495865310284685,-46.84540283504431,barueri,SP
06454,-23.497375553165035,-46.845176831873005,barueri,SP
06454,-23.492917250085107,-46.852464355954865,barueri,SP
06700,-23.614931629753585,-46.94102833224636,cotia,SP
06700,-23.610156293191146,-46.92801390010283,cotia,SP
06700,-23.60362204539518,-46.93110741849809,cotia,SP
06700,-23.608235350935015,-46.93467093187218,cotia,SP
06700,-23.60833395920133,-46.94394602622771,cotia,SP
07176,-23.40949927477061,-46.39656594240867,guarulhos,SP
07176,-23.403304152374627,-46.389667892867436,guarulhos,SP
07176,-23.411820855675458,-46.39003478711988,guarulhos,SP
07176,-23.412452343326205,-46.37314081779098,guarulhos,SP
07176,-23.410900645017026,-46.391663818483465,guarulhos,SP
07183,-23.445490107132557,-46.458275615875124,guarulhos,SP
07183,-23.43864848320735,-46.46203185345377,guarulhos,SP
07183,-23.446519177073117,-46.454397658202986,guarulhos,SP
07183,-23.444980177073123,-46.4567312828207,guarulhos,SP
07183,-23.437560771856425,-46.46359584179701,guarulhos,SP
07400,-23.39888374540156,-46.32526700508771,aruja,SP
07400,-23.400028215101834,-46.322612895089144,aruja,SP
07400,-23.388896250332913,-46.314986462183576,arujá,SP
07400,-23.395697402446732,-46.32211434846209,aruja,SP
07400,-23.400028215101834,-46.322612895089144,aruja,SP
08042,-23.508092001384973,-46.43220037330484,sao paulo,SP
08042,-23.50785455398464,-46.43529117138896,sao paulo,SP
08042,-23.50785455398464,-46.43529117138896,sao paulo,SP
08042,-23.50613463252355,-46.431776325292795,sao paulo,SP
08042,-23.511185612268445,-46.434542453372956,sao paulo,SP
08310,-23.63295667110052,-46.46090903788448,sao paulo,SP
08310,-23.629914,-46.463922,sao paulo,SP
08310,-23.621670649460423,-46.4613701493162,sao paulo,SP
08310,-23.623981438802,-46.46663073258696,são paulo,SP
08310,-23.623851865947238,-46.459436768105505,sao paulo,SP
08465,-23.564453479600672,-46.39923228420569,são paulo,SP
08465,-23.56366850957929,-46.395847802383294,sao paulo,SP
08465,-23.56737307354725,-46.399253469328876,sao paulo,SP
08465,-23.565331089647415,-46.399855311270095,sao paulo,SP
08465,-23.567456734664436,-46.39575436525475,sao paulo,SP
08472,-23.570000999999998,-46.41049350000001,sao paulo,SP
08472,-23.57096465493924,-46.400439738861046,sao paulo,SP
08472,-23.57354440186559,-46.401224343361505,são paulo,SP
08472,-23.56990216521523,-46.41183972589156,sao paulo,SP
08472,-23.57195298389984,-46.403915044549585,sao paulo,SP
09060,-23.656293518994904,-46.554122137336044,santo andre,SP
09060,-23.671393888164236,-46.549858939638725,santo andre,SP
09060,-23.66845523952818,-46.54569094490885,santo andre,SP
09060,-23.67114087261234,-46.548500715650086,santo andré,SP
09060,-23.670208850917625,-46.54682835638071,santo andre,SP
11442,-23.978624736621192,-46.2155448966947,guaruja,SP
11442,-23.971868671509593,-46.210710695820794,guaruja,SP
11442,-23.974619175688144,-46.2232020380287,guaruja,SP
11442,-23.98059111073923,-46.216491113105164,guaruja,SP
11442,-23.978857011945227,-46.22100489133823,guaruja,SP
12243,-23.201781118789313,-45.895670077990644,sao jose dos campos,SP
12243,-23.20853446073054,-45.90036526464305,sao jose dos campos,SP
12243,-23.201436896630543,-45.893600980680034,sao jose dos campos,SP
12243,-23.201436896630543,-45.893600980680034,sao jose dos campos,SP
12243,-23.19842884456695,-45.892691345403684,sao jose dos campos,SP
12320,-23.31192262669516,-45.97728873160601,jacarei,SP
12320,-23.311837446015364,-45.98167359103238,jacareí,SP
12320,-23.309988044693803,-45.97462691548847,jacarei,SP
12320,-23.314601902302503,-45.974444621011,jacareí,SP
12320,-23.312892069940563,-45.9732163724681,jacarei,SP
12517,-22.798630286388327,-45.183217020243966,guaratingueta,SP
12517,-22.795760760278846,-45.186399952946296,guaratingueta,SP
12517,-22.79261960591119,-45.18589314722696,guaratingueta,SP
12517,-22.80028235615832,-45.18065078011515,guaratingueta,SP
12517,-22.795905066340683,-45.18639530672839,guaratingueta,SP
12603,-22.724626861503836,-45.1116555874257,lorena,SP
12603,-22.727974693865775,-45.114348703993336,lorena,SP
12603,-22.727881298920856,-45.11447778879331,lorena,SP
12603,-22.72289320399333,-45.1074733426337,lorena,SP
12603,-22.721179557591313,-45.10902857729814,lorena,SP
12940,-23.112774381969185,-46.5488845105504,atibaia,SP
12940,-23.116930993623352,-46.55396439133822,atibaia,SP
12940,-23.11114432944774,-46.546011350683806,atibaia,SP
12940,-23.117628059120527,-46.550407777684796,atibaia,SP
12940,-23.11390755590767,-46.542579705522954,atibaia,SP
13012,-22.902263738271124,-47.06107481903174,campinas,SP
13012,-22.903093687200677,-47.06065737731554,campinas,SP
13012,-22.9065111829015,-47.05886355314792,campinas,SP
13012,-22.90055858895492,-47.06183457438396,campinas,SP
13012,-22.90034350413519,-47.06191717005417,campinas,SP
13030,-22.925553013878453,-47.07551306564138,campinas,SP
13030,-22.923256978498838,-47.069934214427086,campinas,SP
13030,-22.92176375459805,-47.0755967451556,campinas,SP
13030,-22.925553013878453,-47.07551306564138,campinas,SP
13030,-22.927777396618357,-47.073256365803,campinas,SP
13052,-22.972721108883828,-47.10226423093559,campinas,SP
13052,-22.963412692480794,-47.11982646266377,campinas,SP
13052,-22.96682087447198,-47.11114087762432,campinas,SP
13052,-22.985822168474787,-47.09995440966008,campinas,SP
13052,-22.968656779906507,-47.11257035068379,campinas,SP
13186,-22.887514996879027,-47.19573904628551,hortolandia,SP
13186,-22.890421971156652,-47.19699372009866,hortolandia,SP
13186,-22.897489988156547,-47.19471440834186,hortolandia,SP
13186,-22.891544619608894,-47.203692780126985,hortolandia,SP
13186,-22.891544619608894,-47.203692780126985,hortolândia,SP
13215,-23.172666715794318,-46.8831040516187,jundiai,SP
13215,-23.16995771469779,-46.88782264891217,jundiai,SP
13215,-23.173588643372252,-46.89190718180498,jundiai,SP
13215,-23.172014598938237,-46.889886325437026,jundiaí,SP
13215,-23.17589664637174,-46.886594495206815,jundiai,SP
13274,-22.962625689712052,-46.97869548506475,valinhos,SP
13274,-22.96060328911198,-46.97869747874423,valinhos,SP
13274,-22.966151217548035,-46.92594404981977,valinhos,SP
13274,-22.965567795153152,-46.98951520484684,valinhos,SP
13274,-22.9635304988692,-46.99087202646224,valinhos,SP
13330,-23.089034640573626,-47.214419237867084,indaiatuba,SP
13330,-23.088542898147562,-47.218605642247056,indaiatuba,SP
13330,-23.0914003827399,-47.2235655015292,indaiatuba,SP
13330,-23.090682739142792,-47.221095342764194,indaiatuba,SP
13330,-23.08575765583707,-47.21046550320264,indaiatuba,SP
13468,-22.7535885,-47.351214000000006,americana,SP
13468,-22.76479778813891,-47.35817798794453,americana,SP
13468,-22.75786755981302,-47.34656445767212,americana,SP
13468,-22.752056608661768,-47.34332105245542,americana,SP
13468,-22.757467280684157,-47.34697243072527,americana,SP
13495,-22.581065752325713,-47.521334783495114,iracemapolis,SP
13495,-22.592842820257065,-47.52268801043058,iracemapolis,SP
13495,-22.580206865401596,-47.508243822283156,iracemapolis,SP
13495,-22.590617978923405,-47.51497403191812,iracemapolis,SP
13495,-22.581945570636115,-47.50835513696209,iracemapolis,SP
13515,-22.513481999999996,-47.768161500000005,charqueada,SP
13515,-22.510705825037768,-47.77651207584099,charqueada,SP
13515,-22.51196956683876,-47.77857361582377,charqueada,SP
13515,-22.517103555080535,-47.777861844774804,charqueada,SP
13515,-22.510418494559023,-47.77625144998921,charqueada,SP
13561,-22.014946613653425,-47.901489463788955,sao carlos,SP
13561,-22.011466485140584,-47.90051158673322,são carlos,SP
13561,-22.013067820257177,-47.91366558893546,sao carlos,SP
13561,-22.009158878151172,-47.898883473286574,sao carlos,SP
13561,-22.011409297695902,-47.89892570230409,sao carlos,SP
13625,-22.132956055094628,-47.45175231332934,santa cruz da conceicao,SP
13625,-22.140331084121172,-47.45231072193009,santa cruz da conceicao,SP
13625,-22.140220318634157,-47.45319700327309,santa cruz da conceicao,SP
13625,-22.140331084121172,-47.45231072193009,santa cruz da conceicao,SP
13625,-22.137831426689768,-47.45173415425764,santa cruz da conceicao,SP
13660,-21.858555070695946,-47.48403458197557,porto ferreira,SP
13660,-21.854979109834225,-47.48335427488388,porto ferreira,SP
13660,-21.852776753245333,-47.48281810185144,porto ferreira,SP
13660,-21.86318693332105,-47.49026195422676,porto ferreira,SP
13660,-21.863237578476472,-47.48278557799468,porto ferreira,SP
13846,-22.33932197651208,-46.954460413369226,mogi guaçu,SP
13846,-22.33756422025024,-46.95204193643374,mogi-guacu,SP
13846,-22.34699667118982,-46.953648330023455,mogi-guacu,SP
13846,-22.340558417043763,-46.95011942684658,mogi guaçu,SP
13846,-22.346645202337317,-46.95324059686262,mogi-guacu,SP
13900,-22.70210485873388,-46.76186707868314,amparo,SP
13900,-22.702619514570955,-46.7658643411045,amparo,SP
13900,-22.702340334853258,-46.76761018373958,amparo,SP
13900,-22.706550083419405,-46.76686474356375,amparo,SP
13900,-22.70219455536962,-46.76740994171618,amparo,SP
13901,-22.70252137385309,-46.7762559461596,amparo,SP
13901,-22.7017548126551,-46.77191859048414,amparo,SP
13901,-22.70748318898314,-46.77847586871325,amparo,SP
13901,-22.70555262868264,-46.77432247059763,amparo,SP
13901,-22.6989706902591,-46.77007087177562,amparo,SP
13912,-22.68805598473656,-46.98525572799933,jaguariúna,SP
13912,-22.684590321688177,-46.99301930706794,jaguariuna,SP
13912,-22.693832094180223,-46.980151217459344,jaguariuna,SP
13912,-22.687971746859514,-46.98315336058057,jaguariuna,SP
13912,-22.686575491935486,-46.97851153411914,jaguariuna,SP
14022,-21.226395814200256,-47.78501779742152,ribeirao preto,SP
14022,-21.226395814200256,-47.78501779742152,ribeirao preto,SP
14022,-21.22819090293543,-47.78970290861125,ribeirao preto,SP
14022,-21.225857375312753,-47.7850227256539,ribeirão preto,SP
14022,-21.226395814200256,-47.78501779742152,ribeirao preto,SP
14085,-21.165211970021367,-47.7919942703272,ribeirao preto,SP
14085,-21.162791315569283,-47.79555264363204,ribeirao preto,SP
14085,-21.172506495700823,-47.803841816954254,ribeirao preto,SP
14085,-21.15692297974489,-47.79688262225178,ribeirao preto,SP
14085,-21.167956257285468,-47.8013450342778,ribeirao preto,SP
14091,-21.19595624202203,-47.780174965029715,ribeirao preto,SP
14091,-21.186353703300842,-47.79288475200535,ribeirao preto,SP
14091,-21.186163456287147,-47.79504680474923,ribeirão preto,SP
14091,-21.19595624202203,-47.780174965029715,ribeirao preto,SP
14091,-21.186606388152594,-47.79842360758327,ribeirão preto,SP
14610,-20.43102420974765,-48.01701483913844,ipua,SP
14610,-20.44384283277193,-48.00824476039334,ipua,SP
14610,-20.43652616956887,-48.01582867577227,ipua,SP
14610,-20.44402993252185,-48.01408358799291,ipua,SP
14610,-20.446448599021654,-48.0180053901941,ipua,SP
14840,-21.36235769739203,-48.232975701561735,guariba,SP
14840,-21.362604408024975,-48.23987802918937,guariba,SP
14840,-21.353125738940594,-48.227815708924986,guariba,SP
14840,-21.3631769043842,-48.23613275639809,guariba,SP
14840,-21.365130917299112,-48.226357711551216,guariba,SP
15040,-20.80176489553721,-49.43000928360635,são josé do rio preto,SP
15040,-20.800595307461993,-49.42258555541082,sao jose do rio preto,SP
15040,-20.800595307461993,-49.42258555541082,são josé do rio preto,SP
15040,-20.80123194032305,-49.421559872014655,sao jose do rio preto,SP
15040,-20.794524077942597,-49.406338090933026,sao jose do rio preto,SP
15051,-20.776856911009702,-49.36791658417513,sao jose do rio preto,SP
15051,-20.77584826102075,-49.36716569277939,sao jose do rio preto,SP
15051,-20.775265350453395,-49.36855831269506,sao jose do rio preto,SP
15051,-20.775476465735427,-49.36641093531069,sao jose do rio preto,SP
15051,-20.778283125383275,-49.37308282904865,sao jose do rio preto,SP
15115,-20.9245222402303,-49.45780155372428,bady bassitt,SP
15115,-20.927461491598734,-49.45824634497114,bady bassitt,SP
15115,-20.909848249722938,-49.446189438568084,bady bassitt,SP
15115,-20.918283964833023,-49.45052939227658,bady bassitt,SP
15115,-20.912818099393956,-49.44462291857021,bady bassitt,SP
15991,-21.62322639784909,-48.35015370607144,matao,SP
15991,-21.61647620260834,-48.35296610866177,matao,SP
15991,-21.612178183738216,-48.35144667554392,matão,SP
15991,-21.622677756080776,-48.35430875617325,matao,SP
15991,-21.626686315021775,-48.34351802169445,matao,SP
16304,-21.442124375537592,-50.073514089656584,penapolis,SP
16304,-21.433880998888558,-50.07742747908696,penápolis,SP
16304,-21.42893484218777,-50.08356716010758,penapolis,SP
16304,-21.4399121068529,-50.07671011978522,penapolis,SP
16304,-21.43960947934652,-50.07803711964179,penapolis,SP
17210,-22.29164124459334,-48.54989181391441,jaú,SP
17210,-22.278676499999992,-48.5149545,jau,SP
17210,-22.282919381903174,-48.53427430974091,jau,SP
17210,-22.28391994310117,-48.54117215459632,jau,SP
17210,-22.284089664723865,-48.51530373411619,jaú,SP
17580,-22.105021567709144,-50.1738866856198,pompeia,SP
17580,-22.107322172381682,-50.175335001041084,pompeia,SP
17580,-22.101237852597215,-50.17934379140162,pompeia,SP
17580,-22.093870348253194,-50.18945576525141,pompeia,SP
17580,-22.10336600086206,-50.166387772912685,pompeia,SP
18136,-23.551619647599168,-47.14474740633145,sao roque,SP
18136,-23.552544498319428,-47.13360449672007,sao roque,SP
18136,-23.552285618624136,-47.14479526331628,sao roque,SP
18136,-23.555377919413836,-47.149944744294345,sao roque,SP
18136,-23.55321737246811,-47.1329759336661,são roque,SP
18540,-23.213642809967485,-47.52204509959029,porto feliz,SP
18540,-23.188409245037384,-47.53253824819361,porto feliz,SP
18540,-23.189870585044655,-47.53422133800882,porto feliz,SP
18540,-23.221062783334766,-47.5162059295883,porto feliz,SP
18540,-23.204661618375315,-47.51444871180461,porto feliz,SP
19045,-22.14161044114896,-51.383718013504634,presidente prudente,SP
19045,-22.145467092344692,-51.375662931906554,presidente prudente,SP
19045,-22.147332299288877,-51.373675985291555,presidente prudente,SP
19045,-22.145563258396933,-51.38191170801535,presidente prudente,SP
19045,-22.14553234505645,-51.3853602589029,presidente prudente,SP
19780,-22.25666743852699,-50.69492739291294,quata,SP
19780,-22.25627938543658,-50.68758625026688,quata,SP
19780,-22.255518850144842,-50.690908647429545,quata,SP
19780,-22.240134339458695,-50.70646035833664,quata,SP
19780,-22.255710893212914,-50.68580332078104,quatá,SP
19820,-22.751694253550635,-50.573949781499195,taruma,SP
19820,-22.743568912434288,-50.58115404723183,taruma,SP
19820,-22.753280142730517,-50.58206335630482,taruma,SP
19820,-22.750624944971083,-50.57673146698265,taruma,SP
19820,-22.747060508277062,-50.57530670413384,taruma,SP
20051,-22.90216947322403,-43.18431801722535,rio de janeiro,RJ
20051,-22.90216947322403,-43.18431801722535,rio de janeiro,RJ
20051,-22.90216947322403,-43.18431801722535,rio de janeiro,RJ
20051,-22.904138378296494,-43.18136861157594,rio de janeiro,RJ
20051,-22.902524517081105,-43.18412951390711,rio de janeiro,RJ
20251,-22.923409610046747,-43.20650332223439,rio de janeiro,RJ
20251,-22.9241864074384,-43.197089008050085,rio de janeiro,RJ
20251,-22.930630482512804,-43.201971983021984,rio de janeiro,RJ
20251,-22.92494511019098,-43.199137587425696,rio de janeiro,RJ
20251,-22.932643369409686,-43.200200734116166,rio de janeiro,RJ
20745,-22.899652460060018,-43.30488145315579,rio de janeiro,RJ
20745,-22.904537374141547,-43.305305658058764,rio de janeiro,RJ
20745,-22.90217221297747,-43.30991674058903,rio de janeiro,RJ
20745,-22.90722319900166,-43.30303065595264,rio de janeiro,RJ
20745,-22.907994999163275,-43.302121327110456,rio de janeiro,RJ
21210,-22.842290284753936,-43.297620711754945,rio de janeiro,RJ
21210,-22.848678283410315,-43.30691910219393,rio de janeiro,RJ
21210,-22.839359814876786,-43.29431354593456,rio de janeiro,RJ
21210,-22.85020065583707,-43.304125290178284,rio de janeiro,RJ
21210,-22.848678283410315,-43.30691910219393,rio de janeiro,RJ
22060,-22.973939675543914,-43.190175781579946,rio de janeiro,RJ
22060,-22.97801026311386,-43.18971068443071,rio de janeiro,RJ
22060,-22.979613363033046,-43.19099345807616,rio de janeiro,RJ
22060,-22.97618351457095,-43.191328735501166,rio de janeiro,RJ
22060,-22.976283541491146,-43.190189444082115,rio de janeiro,RJ
21380,-22.884745903139226,-43.318324263517894,rio de janeiro,RJ
21380,-22.887816790986346,-43.31755795836461,rio de janeiro,RJ
21380,-22.88475545164224,-43.31455536803845,rio de janeiro,RJ
21380,-22.886564920335907,-43.32270776074792,rio de janeiro,RJ
21380,-22.8844661499871,-43.316716494425805,rio de janeiro,RJ
22031,-22.966161444341918,-43.187539526775986,rio de janeiro,RJ
22031,-22.962972841328487,-43.19345231633683,rio de janeiro,RJ
22031,-22.970855786571608,-43.185535296843376,rio de janeiro,RJ
22031,-22.967309588666463,-43.18844777295295,rio de janeiro,RJ
22031,-22.969965593398317,-43.18629358104907,rio de janeiro,RJ
24110,-22.87198981200734,-43.104650816542055,niterói,RJ
24110,-22.86230338191044,-43.095528398674695,niterói,RJ
24110,-22.87318180624979,-43.105633237607286,niteroi,RJ
24110,-22.87318180624979,-43.105633237607286,niteroi,RJ
24110,-22.874927992415962,-43.10716349659665,niteroi,RJ
24315,-22.892972503771126,-43.054212114815925,niteroi,RJ
24315,-22.90486620592657,-43.06865560906578,niteroi,RJ
24315,-22.905396858750525,-43.06342220534854,niteroi,RJ
24315,-22.90537575602252,-43.06508154236398,niteroi,RJ
24315,-22.895264022476805,-43.05665833028447,niterói,RJ
24412,-22.840358603352243,-43.06698744933359,sao goncalo,RJ
24412,-22.844127598492584,-43.07146614789823,sao goncalo,RJ
24412,-22.849566075986832,-43.07570017647747,são gonçalo,RJ
24412,-22.8466558443536,-43.075799366672236,sao goncalo,RJ
24412,-22.85154643781041,-43.07824882827197,sao goncalo,RJ
24731,-22.823290399692414,-42.99467569000264,sao goncalo,RJ
24731,-22.823783616913794,-42.99145977491676,sao goncalo,RJ
24731,-22.824070427954513,-42.98868537173253,sao goncalo,RJ
24731,-22.820574204312162,-42.98155291585744,sao goncalo,RJ
24731,-22.823492737850273,-42.98988412181559,sao goncalo,RJ
25585,-22.784785872198324,-43.3306646033206,sao joao de meriti,RJ
25585,-22.791547632324548,-43.33931308607629,sao joao de meriti,RJ
25585,-22.79731511855807,-43.33694837875183,sao joao de meriti,RJ
25585,-22.79672536910438,-43.33914999761632,são joão de meriti,RJ
25585,-22.789405916132228,-43.33627259451239,sao joao de meriti,RJ
25730,-22.389386316926604,-43.131794488742194,petropolis,RJ
25730,-22.384610181339237,-43.13378290928159,petropolis,RJ
25730,-22.41522851079778,-43.117234813124156,petropolis,RJ
25730,-22.409333757659432,-43.13747159303436,petropolis,RJ
25730,-22.384610181339237,-43.13378290928159,petropolis,RJ
25807,-22.112559955290063,-43.20864982287998,tres rios,RJ
25807,-22.109175299691863,-43.21125618515397,tres rios,RJ
25807,-22.111081475382502,-43.21169370516762,tres rios,RJ
25807,-22.104238946124585,-43.20567496955738,tres rios,RJ
25807,-22.107672464408644,-43.21019271117364,tres rios,RJ
26263,-22.75300833813893,-43.47546571399929,nova iguacu,RJ
26263,-22.751103000551577,-43.4808101978809,nova iguacu,RJ
26263,-22.754306089532175,-43.482214474218736,nova iguacu,RJ
26263,-22.753004027390983,-43.480906282596116,nova iguacu,RJ
26263,-22.75300833813893,-43.47546571399929,nova iguacu,RJ
26379,-22.75207045168108,-43.57632171567059,queimados,RJ
26379,-22.74030299393874,-43.56180347464912,queimados,RJ
26379,-22.73986306427028,-43.5604075785156,queimados,RJ
26379,-22.74011146817712,-43.56599903501546,queimados,RJ
26379,-22.736605329645048,-43.568944351846525,queimados,RJ
27916,-22.384226045618703,-41.77809451970135,macae,RJ
27916,-22.37911617383531,-41.77984942328248,macae,RJ
27916,-22.379200745411396,-41.778978022419686,macae,RJ
27916,-22.38237327136883,-41.7772587136883,macae,RJ
27916,-22.380331642382387,-41.777620309112876,macae,RJ
27923,-22.389727079907743,-41.77899862359863,macae,RJ
27923,-22.39477330397764,-41.783779297995196,macaé,RJ
27923,-22.395272763508043,-41.78519529140066,macae,RJ
27923,-22.39391594916766,-41.78399801015729,macae,RJ
27923,-22.3932227725021,-41.783840466341154,macae,RJ
27963,-22.332240747921006,-41.74882256573231,macae,RJ
27963,-22.338693000000003,-41.74971300000001,macaé,RJ
27963,-22.34148594960951,-41.76139957558575,macae,RJ
27963,-22.34197050703406,-41.75782499188049,macae,RJ
27963,-22.338693000000003,-41.74971300000001,macae,RJ
01027,-23.538301166801343,-46.63076391104508,sao paulo,SP
01027,-23.537625024150234,-46.63031301067581,são paulo,SP
01027,-23.538015199549932,-46.631947411045076,são paulo,SP
01027,-23.53821280045007,-46.631370614490145,sao paulo,SP
01027,-23.538015199549932,-46.631947411045076,sao paulo,SP
01224,-23.541718547319537,-46.64883066180968,sao paulo,SP
01224,-23.540389522621037,-46.64958335123206,sao paulo,SP
01224,-23.542082497085815,-46.653203985573285,sao paulo,SP
01224,-23.54166445268046,-46.65235486372555,sao paulo,SP
01224,-23.541564489035725,-46.6536097456287,sao paulo,SP
01532,-23.572060847625384,-46.636136837497816,sao paulo,SP
01532,-23.56888266333889,-46.6368033506838,sao paulo,SP
01532,-23.572957662502166,-46.636304924923536,são paulo,SP
01532,-23.57088934915458,-46.635052814184284,sao paulo,SP
01532,-23.57088934915458,-46.635052814184284,sao paulo,SP
02325,-23.45096725661966,-46.5845171150705,sao paulo,SP
02325,-23.451586742714525,-46.58444929808414,sao paulo,SP
02325,-23.455044955449516,-46.587508606161045,sao paulo,SP
02325,-23.452889657510504,-46.58448442394259,são paulo,SP
02325,-23.456630168474778,-46.58633832875526,sao paulo,SP
02330,-23.485063159039726,-46.61571376879802,são paulo,SP
02330,-23.483892382928175,-46.61427812646819,sao paulo,SP
02330,-23.48442725007211,-46.61502242922271,sao paulo,SP
02330,-23.48246749209415,-46.61311818567147,sao paulo,SP
02330,-23.482970433810337,-46.613435218420044,sao paulo,SP
02337,-23.477049618096824,-46.61287253996194,sao paulo,SP
02337,-23.47926184707711,-46.61287777378967,sao paulo,SP
02337,-23.479040975301494,-46.61905891840266,sao paulo,SP
02337,-23.477049618096824,-46.61287253996194,sao paulo,SP
02337,-23.47938464086209,-46.6130076500087,sao paulo,SP
02615,-23.471529674158933,-46.65667759325408,sao paulo,SP
02615,-23.471635063055434,-46.65221848664655,sao paulo,SP
02615,-23.47215790259097,-46.652693804605015,sao paulo,SP
02615,-23.47121647599398,-46.65665474770618,são paulo,SP
02615,-23.471635063055434,-46.65221848664655,sao paulo,SP
02634,-23.46136811878931,-46.65234036412957,sao paulo,SP
02634,-23.456904580068123,-46.649764204830035,sao paulo,SP
02634,-23.456904580068123,-46.649764204830035,sao paulo,SP
02634,-23.456904580068123,-46.649764204830035,sao paulo,SP
02634,-23.456904580068123,-46.649764204830035,sao paulo,SP
02801,-23.487629301690824,-46.6977071842865,sao paulo,SP
02801,-23.490085746321203,-46.69651467346645,sao paulo,SP
02801,-23.482298713572618,-46.701510715794306,sao paulo,SP
02801,-23.484855102241017,-46.70008892683782,sao paulo,SP
02801,-23.484274910352582,-46.70040203996196,sao paulo,SP
02842,-23.473527475157262,-46.68753138481736,sao paulo,SP
02842,-23.475756651438147,-46.684616412859526,sao paulo,SP
02842,-23.475711635581973,-46.68930687829649,sao paulo,SP
02842,-23.47604147100232,-46.68863274271453,sao paulo,SP
02842,-23.482688018321856,-46.687154040510194,sao paulo,SP
02960,-23.49309150568415,-46.70231332999599,sao paulo,SP
02960,-23.497128000000004,-46.69921049278664,sao paulo,SP
02960,-23.498222091869106,-46.700004719400994,sao paulo,SP
02960,-23.497128000000004,-46.69921049278664,sao paulo,SP
02960,-23.49303955842804,-46.702451084655756,são paulo,SP
03237,-23.59539756425642,-46.55163738273989,são paulo,SP
03237,-23.595301571469772,-46.55179691548847,sao paulo,SP
03237,-23.595524161809678,-46.55125401832185,são paulo,SP
03237,-23.59437920260835,-46.553700326533544,sao paulo,SP
03237,-23.594349279214022,-46.553762268249756,sao paulo,SP
03560,-23.54839406411219,-46.50133931640601,sao paulo,SP
03560,-23.548265298084136,-46.49993242492354,sao paulo,SP
03560,-23.548155653067113,-46.50055520621502,são paulo,SP
03560,-23.545935398551592,-46.50156208520401,sao paulo,SP
03560,-23.546444825696835,-46.49807358396326,são paulo,SP
03579,-23.56079380099833,-46.49873888718328,sao paulo,SP
03579,-23.56266826311385,-46.49521123896361,sao paulo,SP
03579,-23.56213645628715,-46.4977403433262,sao paulo,SP
03579,-23.56349494255291,-46.49809883458363,sao paulo,SP
03579,-23.56417727699232,-46.49488272300766,sao paulo,SP
03613,-23.51845531779098,-46.532683682064786,sao paulo,SP
03613,-23.519387462115517,-46.53392125965139,sao paulo,SP
03613,-23.519850569248078,-46.53256112378098,são paulo,SP
03613,-23.52095879039707,-46.53505050743385,sao paulo,SP
03613,-23.516280917930718,-46.534289461524246,sao paulo,SP
03732,-23.50806928642737,-46.533154950458766,sao paulo,SP
03732,-23.512487605603347,-46.534146375382306,sao paulo,SP
03732,-23.515364263113852,-46.53290285068379,são paulo,SP
03732,-23.50946850874257,-46.533254490420696,sao paulo,SP
03732,-23.507869714957597,-46.53263512975357,sao paulo,SP
03929,-23.606332072162274,-46.488808985429046,sao paulo,SP
03929,-23.60336404163538,-46.48804810283337,são paulo,SP
03929,-23.606332072162274,-46.488808985429046,sao paulo,SP
03929,-23.606653326260002,-46.49348657806002,sao paulo,SP
03929,-23.603885790726544,-46.4881981486237,sao paulo,SP
04041,-23.60143752899768,-46.644092916180966,sao paulo,SP
04041,-23.60148851096427,-46.6435611931733,sao paulo,SP
04041,-23.601396489035725,-46.64638324854289,sao paulo,SP
04041,-23.601423478215686,-46.64932161226844,sao paulo,SP
04041,-23.601395514570953,-46.64593324854289,sao paulo,SP
04265,-23.58667354731954,-46.61242320483004,são paulo,SP
04265,-23.587630197616683,-46.61374767138897,sao paulo,SP
04265,-23.58848863474524,-46.61640649624909,sao paulo,SP
04265,-23.585482372468107,-46.616518010964285,sao paulo,SP
04265,-23.586655452680457,-46.611349072162255,sao paulo,SP
04316,-23.638529096024048,-46.6345041021409,são paulo,SP
04316,-23.637006700271076,-46.63336180001738,são paulo,SP
04316,-23.638745096024056,-46.635062102140886,sao paulo,SP
04316,-23.637908113397266,-46.635818162731255,sao paulo,SP
04316,-23.638745096024056,-46.635062102140886,sao paulo,SP
04521,-23.59818686234056,-46.664859258122185,sao paulo,SP
04521,-23.59818686234056,-46.664859258122185,são paulo,SP
04521,-23.604857999999993,-46.670256895561245,sao paulo,SP
04521,-23.604758999999994,-46.67024250000001,sao paulo,SP
04521,-23.877859500000003,-46.659051000000005,sao paulo,SP
04560,-23.612409576461438,-46.678906189422385,sao paulo,SP
04560,-23.61157011379766,-46.680041839027034,sao paulo,SP
04560,-23.61214401832186,-46.681801894944904,sao paulo,SP
04560,-23.60790277684809,-46.682854386894846,sao paulo,SP
04560,-23.61157011379766,-46.680041839027034,sao paulo,SP
04651,-23.659303243407013,-46.670443433666094,sao paulo,SP
04651,-23.65736010233068,-46.67151794514882,sao paulo,SP
04651,-23.656950672308156,-46.67004282569788,sao paulo,SP
04651,-23.65976741909516,-46.672288674303154,sao paulo,SP
04651,-23.65924426672054,-46.671227632812005,sao paulo,SP
04724,-23.646005832361936,-46.70615173022103,sao paulo,SP
04724,-23.646231804661667,-46.707633288089795,sao paulo,SP
04724,-23.644745528997674,-46.72097958090484,sao paulo,SP
04724,-23.646005832361936,-46.70615173022103,sao paulo,SP
04724,-23.645178399315803,-46.7137189909431,sao paulo,SP
04880,-23.788251,-46.76573024999998,são paulo,SP
04880,-23.447393250466884,-46.756208204633545,sao paulo,SP
04880,-23.790689476747414,-46.732528636271645,sao paulo,SP
04880,-23.792995079375636,-46.73568914293957,sao paulo,SP
04880,-23.79832424257029,-46.74041918235325,sao paulo,SP
05012,-23.5379062872641,-46.681165885654075,sao paulo,SP
05012,-23.53624939661835,-46.68365880183506,sao paulo,SP
05012,-23.539646640025374,-46.676936158751246,sao paulo,SP
05012,-23.543162235356938,-46.67314641978763,sao paulo,SP
05012,-23.543072235356938,-46.673304978071464,sao paulo,SP
06020,-23.535385651789838,-46.76092361691542,osasco,SP
06020,-23.53314862003007,-46.76046091150642,osasco,SP
06020,-23.549920600466425,-46.76024696751205,osasco,SP
06020,-23.536851311719705,-46.76315572555481,osasco,SP
06020,-23.54076082791854,-46.76231987737287,osasco,SP
07097,-23.446349958364614,-46.543655493479115,guarulhos,SP
07097,-23.444899533441067,-46.54086133389114,guarulhos,SP
07097,-23.446155769049607,-46.5369307133114,guarulhos,SP
07097,-23.445403061890495,-46.541915591176625,guarulhos,SP
07097,-23.442084293092485,-46.54127809991919,guarulhos,SP
07133,-23.44007914793122,-46.51144923980033,guarulhos,SP
07133,-23.4369431246177,-46.51426817277397,guarulhos,SP
07133,-23.438052670552253,-46.511781569248086,guarulhos,SP
07133,-23.43777727477061,-46.51328605176295,guarulhos,SP
07133,-23.43468217568815,-46.51136742270183,guarulhos,SP
07140,-23.422075962808012,-46.493184069940554,guarulhos,SP
07140,-23.420679904524206,-46.49403376311386,guarulhos,SP
07140,-23.432711270875483,-46.4974693694097,guarulhos,SP
07140,-23.423542878988986,-46.49409510268914,guarulhos,SP
07140,-23.43893896641469,-46.49953494240867,guarulhos,SP
07862,-23.32070476186048,-46.70968372491974,franco da rocha,SP
07862,-23.317157844957848,-46.710436255822664,franco da rocha,SP
07862,-23.321498851484584,-46.70936063051355,franco da rocha,SP
07862,-23.320556566936556,-46.70946656420817,franco da rocha,SP
07862,-23.31673724537795,-46.70924082080931,franco da rocha,SP
08191,-23.48097864723873,-46.38375483014022,sao paulo,SP
08191,-23.48014954731953,-46.37977472898028,sao paulo,SP
08191,-23.483722945322867,-46.38366578864907,sao paulo,SP
08191,-23.48014954731953,-46.37977472898028,sao paulo,SP
08191,-23.48267646211552,-46.38298811157596,sao paulo,SP
08210,-23.531854672773957,-46.443384848462095,sao paulo,SP
08210,-23.531514361313643,-46.442448879562114,sao paulo,SP
08210,-23.54663001165676,-46.44539526449882,sao paulo,SP
08210,-23.54066871135092,-46.453401127099184,sao paulo,SP
08210,-23.54172137607479,-46.45331216374293,sao paulo,SP
08240,-23.521947201038998,-46.44086049035999,sao paulo,SP
08240,-23.521947201038998,-46.44086049035999,sao paulo,SP
08240,-23.521732185947947,-46.44555866269225,sao paulo,SP
08240,-23.525778038054575,-46.44540787343005,sao paulo,SP
08240,-23.522922534277793,-46.44910379877664,sao paulo,SP
08430,-23.53253894532287,-46.42331708021234,são paulo,SP
08430,-23.525946628916863,-46.42341832737028,sao paulo,SP
08430,-23.52383327338564,-46.42780392062436,sao paulo,SP
08430,-23.52513702637194,-46.421197831669446,são paulo,SP
08430,-23.528992274770616,-46.42344022009348,sao paulo,SP
08473,-23.52946681265509,-46.63502230919265,sao paulo,SP
08473,-23.57945482172641,-46.39417135708237,sao paulo,SP
08473,-23.582892938326914,-46.39075035685133,sao paulo,SP
08473,-23.579917638351926,-46.38795495920132,sao paulo,SP
08473,-23.5712205,-46.397024999999985,sao paulo,SP
08673,-23.54646763188849,-46.317438806098934,suzano,SP
08673,-23.54646763188849,-46.317438806098934,suzano,SP
08673,-23.540396467804207,-46.317559008653355,suzano,SP
08673,-23.54646763188849,-46.317438806098934,suzano,SP
08673,-23.551846381632632,-46.31955340164619,suzano,SP
08772,-23.48710818637089,-46.28483520293648,mogi das cruzes,SP
08772,-23.487805057705327,-46.28391640870401,mogi das cruzes,SP
08772,-23.486514237023922,-46.28553992935669,mogi das cruzes,SP
08772,-23.47485809102296,-46.28034317655946,mogi das cruzes,SP
08772,-23.486754047009875,-46.28523417019076,mogi das cruzes,SP
09190,-23.66875959201334,-46.53653409354255,santo andré,SP
09190,-23.672626858445412,-46.540754569536546,santo andré,SP
09190,-23.676520440163348,-46.5374047985983,santo andre,SP
09190,-23.680182657935323,-46.539653565063205,santo andre,SP
09190,-23.681579888424046,-46.54469226395059,santo andre,SP
09260,-23.627599742714523,-46.495548356367955,santo andre,SP
09260,-23.632641576461445,-46.48980470676329,santo andre,SP
09260,-23.630222064112193,-46.5014031397369,santo andre,SP
09260,-23.631054736886142,-46.49529932653354,santo andre,SP
09260,-23.625159516792646,-46.50002204232788,santo andre,SP
09405,-23.70206320161832,-46.40534820551376,ribeirao pires,SP
09405,-23.702133120990574,-46.40248103792815,ribeirao pires,SP
09405,-23.70863064685438,-46.40481608799677,ribeirao pires,SP
09405,-23.698475468443707,-46.40068577987268,ribeirao pires,SP
09405,-23.702931529376038,-46.4040902875431,ribeirao pires,SP
09521,-23.610375000000005,-46.57433099278665,sao caetano do sul,SP
09521,-23.60881458169805,-46.57746607236769,são caetano do sul,SP
09521,-23.611782489035722,-46.57501324854289,sao caetano do sul,SP
09521,-23.611762623925202,-46.57357450582839,sao caetano do sul,SP
09521,-23.61002342645418,-46.57798857354581,sao caetano do sul,SP
09618,-23.66682232944774,-46.564721028276516,sao bernardo do campo,SP
09618,-23.668262290811445,-46.56574231486586,sao bernardo do campo,SP
09618,-23.668262290811445,-46.56574231486586,sao bernardo do campo,SP
09618,-23.66895497307979,-46.56470199163279,sao bernardo do campo,SP
09618,-23.66773851770314,-46.562482069056635,são bernardo do campo,SP
16600,-21.99122766621988,-49.44989641136331,pirajui,SP
16600,-21.999761797184302,-49.460534130301276,pirajui,SP
16600,-21.989704378369815,-49.45787712521199,pirajui,SP
16600,-22.00176752216996,-49.45374180908691,pirajui,SP
16600,-22.007127262717862,-49.45423059231826,pirajui,SP
17526,-22.229997861121024,-49.971617848460646,marilia,SP
17526,-22.235472135140885,-49.97644759230839,marilia,SP
17526,-22.23129136756873,-49.97877913929088,marilia,SP
17526,-22.241390417040495,-49.97916884723654,marília,SP
17526,-22.240805912994023,-49.97767843755478,marilia,SP
18076,-23.462371697472452,-47.47117224424374,sorocaba,SP
18076,-23.466777878915977,-47.47246583996377,sorocaba,SP
18076,-23.458477285590657,-47.465233234116184,sorocaba,SP
18076,-23.459076003100982,-47.465736097208946,sorocaba,SP
18076,-23.465683514300085,-47.466117330130324,sorocaba,SP
20756,-22.886098638900194,-43.3108898963299,rio de janeiro,RJ
20756,-22.89127048514059,-43.302010499999994,rio de janeiro,RJ
20756,-22.893051080212356,-43.30298378864907,rio de janeiro,RJ
20756,-22.888865417938117,-43.31097808352754,rio de janeiro,RJ
20756,-22.888164614490144,-43.30414609838999,rio de janeiro,RJ
20910,-22.898306640025375,-43.22718374049282,rio de janeiro,RJ
20910,-22.90063821648681,-43.23518991618096,rio de janeiro,RJ
20910,-22.898306640025375,-43.22718374049282,rio de janeiro,RJ
20910,-22.90155589093421,-43.22340889050152,rio de janeiro,RJ
20910,-22.896945000000002,-43.23678364542105,rio de janeiro,RJ
20940,-22.898688716890845,-43.21711791782575,rio de janeiro,RJ
20940,-22.90167939635855,-43.22109229087078,rio de janeiro,RJ
20940,-22.90368984595194,-43.22045892270183,rio de janeiro,RJ
20940,-22.902383535114513,-43.217859918950936,rio de janeiro,RJ
20940,-22.901614889260767,-43.22230141271852,rio de janeiro,RJ
21730,-22.86106954371286,-43.42811684984707,rio de janeiro,RJ
21730,-22.860349028275618,-43.42591536844858,rio de janeiro,RJ
21730,-22.88796092561603,-43.59357951208945,rio de janeiro,RJ
21730,-22.86229948514058,-43.429373947544576,rio de janeiro,RJ
21730,-22.863549834583633,-43.42420338536564,rio de janeiro,RJ
21825,-22.89355100816619,-43.475245330895774,rio de janeiro,RJ
21825,-22.887310212043406,-43.47987533720936,rio de janeiro,RJ
21825,-22.88885883014024,-43.46773116180967,rio de janeiro,RJ
21825,-22.88863208993587,-43.4688939590571,rio de janeiro,RJ
21825,-22.88853453375048,-43.477813919758525,rio de janeiro,RJ
22430,-22.97992359616828,-43.21934384580769,rio de janeiro,RJ
22430,-22.98386326005543,-43.21581052596791,rio de janeiro,RJ
22430,-22.978189207874774,-43.225414694114896,rio de janeiro,RJ
22430,-22.982100956979636,-43.21794133859433,rio de janeiro,RJ
22430,-22.982850471002322,-43.216501667638056,rio de janeiro,RJ
22461,-22.96070967499565,-43.213958465173945,rio de janeiro,RJ
22461,-22.959781009435066,-43.20611347348384,rio de janeiro,RJ
22461,-22.961311418874597,-43.21730016769669,rio de janeiro,RJ
22461,-22.959182891482463,-43.20638966985976,rio de janeiro,RJ
22461,-22.960901577298156,-43.214616324456095,rio de janeiro,RJ
22745,-22.937844555024537,-43.338543230333066,rio de janeiro,RJ
22745,-22.931445405764954,-43.32734138204741,rio de janeiro,RJ
22745,-22.936264729172464,-43.332522455897816,rio de janeiro,RJ
22745,-22.937905760747928,-43.34537290313923,rio de janeiro,RJ
22745,-22.93501682292688,-43.336618742714535,rio de janeiro,RJ
22753,-22.957730098534213,-43.332614172081456,rio de janeiro,RJ
22753,-22.990059053551953,-43.31967438842404,rio de janeiro,RJ
22753,-22.94621951817763,-43.33980376530691,rio de janeiro,RJ
22753,-22.957730098534213,-43.332614172081456,rio de janeiro,RJ
22753,-22.94921571379812,-43.329310899266694,rio de janeiro,RJ
22790,-23.019802868168945,-43.48518230137368,rio de janeiro,RJ
22790,-23.01800785677198,-43.450831759103146,rio de janeiro,RJ
22790,-22.993299072222737,-43.44735464945924,rio de janeiro,RJ
22790,-23.020715285663393,-43.495920578599744,rio de janeiro,RJ
22790,-23.00969266967067,-43.45349857540918,rio de janeiro,RJ
01030,-23.538363904524203,-46.63293009824575,são paulo,SP
01030,-23.538399296150907,-46.632887607680814,sao paulo,SP
01030,-23.537239491257424,-46.63298206549715,sao paulo,SP
01030,-23.54203523397196,-46.63296206411218,sao paulo,SP
01030,-23.543326183738223,-46.63336425644875,sao paulo,SP
01512,-23.552963979456436,-46.62815957369147,sao paulo,SP
01512,-23.553145760747928,-46.62867092867446,sao paulo,SP
01512,-23.554043402995,-46.62898801333021,sao paulo,SP
01512,-23.552963979456436,-46.62815957369147,sao paulo,SP
01512,-23.554043402995,-46.62898801333021,sao paulo,SP
02112,-23.512668178041054,-46.58665534166385,são paulo,SP
02112,-23.512668178041054,-46.58665534166385,sao paulo,SP
02112,-23.521201529520383,-46.593363033885076,sao paulo,SP
02112,-23.512668178041054,-46.58665534166385,sao paulo,SP
02112,-23.521201529520383,-46.593363033885076,sao paulo,SP
02242,-23.488133029141906,-46.60765995712386,sao paulo,SP
02242,-23.484625449622037,-46.603232884817345,sao paulo,SP
02242,-23.488133029141906,-46.60765995712386,são paulo,SP
02242,-23.487356305297507,-46.60719995129547,sao paulo,SP
02242,-23.488133029141906,-46.60765995712386,sao paulo,SP
02252,-23.477839999999958,-46.588239999999985,sao paulo,SP
02252,-23.479537734952903,-46.589814382595655,sao paulo,SP
02252,-23.47739185928214,-46.58603923841536,sao paulo,SP
02252,-23.479461283368963,-46.58971011740433,sao paulo,SP
02252,-23.478747150152927,-46.58823352039934,sao paulo,SP
02443,-23.472335179294816,-46.64636526449883,são paulo,SP
02443,-23.470979343326203,-46.64792192867446,sao paulo,SP
02443,-23.473957212043405,-46.6459322278551,são paulo,SP
02443,-23.473387414103502,-46.64749129087078,sao paulo,SP
02443,-23.475327317790985,-46.64654284347044,sao paulo,SP
02515,-23.510081986121538,-46.65907867000398,sao paulo,SP
02515,-23.510314959749593,-46.656106365254736,sao paulo,SP
02515,-23.51039903941368,-46.659113329996,sao paulo,SP
02515,-23.509355423135975,-46.65649049999999,sao paulo,SP
02515,-23.51078588259566,-46.65876786150383,sao paulo,SP
02820,-23.445022995005953,-46.70898743370049,são paulo,SP
02820,-23.449303593109864,-46.71413090022502,sao paulo,SP
02820,-23.447661688973795,-46.70820813336516,sao paulo,SP
02820,-23.449303593109864,-46.71413090022502,sao paulo,SP
02820,-23.562936010820035,-46.67422099264241,sao paulo,SP
02972,-23.48029674271453,-46.71122495337295,sao paulo,SP
02972,-23.482755303912516,-46.71030280974091,são paulo,SP
02972,-23.48038455314792,-46.71207176019965,sao paulo,SP
02972,-23.480507026419115,-46.70932575704012,sao paulo,SP
02972,-23.480633860118864,-46.70978475437127,sao paulo,SP
03065,-23.53638432361936,-46.57920289454089,sao paulo,SP
03065,-23.536193510964264,-46.57777186372553,sao paulo,SP
03065,-23.537093521784307,-46.579588910352584,são paulo,SP
03065,-23.536602785734882,-46.579140539961955,sao paulo,SP
03065,-23.536158496249083,-46.5774202456287,sao paulo,SP
03204,-23.597985520399334,-46.555472787119875,sao paulo,SP
03204,-23.59503718679664,-46.56257710283338,sao paulo,SP
03204,-23.59457844962204,-46.562082998615004,sao paulo,SP
03204,-23.59457844962204,-46.562082998615004,sao paulo,SP
03204,-23.595375165222823,-46.55919520505495,sao paulo,SP
03306,-23.542500729672774,-46.57631077214489,sao paulo,SP
03306,-23.542956860378663,-46.575886405360926,são paulo,SP
03306,-23.543005704137553,-46.57616880489346,sao paulo,SP
03306,-23.54293223757863,-46.576131753390335,são paulo,SP
03306,-23.54468951096427,-46.57575084485543,são paulo,SP
03426,-23.554079433810344,-46.53324185942636,sao paulo,SP
03426,-23.550952619770264,-46.540224465866416,sao paulo,SP
03426,-23.55252869969415,-46.53807658312655,sao paulo,SP
03426,-23.55158439133823,-46.538680468636386,sao paulo,SP
03426,-23.55256258312654,-46.53663311518264,sao paulo,SP
03558,-23.542999271163932,-46.50159104954122,sao paulo,SP
03558,-23.542561728836066,-46.50031183389114,são paulo,SP
03558,-23.542181182901505,-46.50170884041202,sao paulo,SP
03558,-23.541291173768673,-46.50058492699007,sao paulo,SP
03558,-23.543500860955575,-46.50339539272322,sao paulo,SP
03572,-23.574334452680457,-46.50181676172888,sao paulo,SP
03572,-23.574969701915858,-46.49176478864908,sao paulo,SP
03572,-23.571985798776627,-46.49996714141034,sao paulo,SP
03572,-23.574676243407016,-46.49728092423106,sao paulo,SP
03572,-23.57617001249348,-46.49086130529751,sao paulo,SP
04012,-23.5818119866698,-46.64479190896761,sao paulo,SP
04012,-23.584447540654438,-46.6467533849616,sao paulo,SP
04012,-23.58356481764676,-46.644922639332876,sao paulo,SP
04012,-23.583953189566607,-46.64557785345375,sao paulo,SP
04012,-23.58356481764676,-46.644922639332876,sao paulo,SP
04084,-23.617449146546246,-46.65815128795659,sao paulo,SP
04084,-23.6168287440995,-46.65883577032722,sao paulo,SP
04084,-23.61332785092909,-46.6631541430985,sao paulo,SP
04084,-23.617449146546246,-46.65815128795659,sao paulo,SP
04084,-23.61332785092909,-46.6631541430985,sao paulo,SP
04130,-23.605514109354257,-46.62153297016561,sao paulo,SP
04130,-23.606772809885133,-46.618970274914844,sao paulo,SP
04130,-23.605202011656758,-46.61844120275258,sao paulo,SP
04130,-23.606310887039058,-46.618986247850415,sao paulo,SP
04130,-23.60492785508348,-46.620605479906025,sao paulo,SP
04186,-23.645978727451077,-46.59530206702638,são paulo,SP
04186,-23.642893508742574,-46.59160026963472,sao paulo,SP
04186,-23.64631376019966,-46.595540618933555,sao paulo,SP
04186,-23.644157594783305,-46.59005356855558,sao paulo,SP
04186,-23.645393203445074,-46.59347397224307,sao paulo,SP
04205,-23.58045999999996,-46.605929999999944,são paulo,SP
04205,-23.58487054010618,-46.60556036900565,sao paulo,SP
04205,-23.585919150152918,-46.60543165652955,são paulo,SP
04205,-23.590937881210678,-46.605013690259085,sao paulo,SP
04205,-23.571370623925205,-46.60686080682672,sao paulo,SP
04305,-23.6270649708581,-46.63218002262104,sao paulo,SP
04305,-23.62894955453289,-46.63276228282069,sao paulo,SP
04305,-23.62901856895962,-46.63607423036526,sao paulo,SP
04305,-23.6285996128167,-46.639640404524215,sao paulo,SP
04305,-23.627389222315188,-46.63140946433722,são paulo,SP
04696,-23.66897161033521,-46.702511553580614,sao paulo,SP
04696,-23.663665782388005,-46.70599061463438,sao paulo,SP
04696,-23.664846405764955,-46.70749197584974,são paulo,SP
04696,-23.67030067721736,-46.70131558104906,são paulo,SP
04696,-23.664846405764955,-46.70749197584974,são paulo,SP
04711,-23.627917099919195,-46.70291843519532,são paulo,SP
04711,-23.627026666108854,-46.70136409686078,sao paulo,SP
04711,-23.632187584511517,-46.7028548798257,sao paulo,SP
04711,-23.623498824248177,-46.699927640208344,sao paulo,SP
04711,-23.625742977234736,-46.701907941167924,sao paulo,SP
05017,-23.537309857060443,-46.6787664476888,sao paulo,SP
05017,-23.53850547322403,-46.68302562698362,sao paulo,SP
05017,-23.537183857060434,-46.678675473224025,sao paulo,SP
05017,-23.5415907238444,-46.68310018428649,são paulo,SP
05017,-23.537546410985573,-46.68016466788772,sao paulo,SP
05319,-23.543369802772908,-46.73227360417187,sao paulo,SP
05319,-23.543369802772908,-46.73227360417187,sao paulo,SP
05319,-23.538739453228725,-46.72738992728948,sao paulo,SP
05319,-23.543369802772908,-46.73227360417187,sao paulo,SP
05319,-23.543369802772908,-46.73227360417187,são paulo,SP
05331,-23.544722252293813,-46.75024713613023,sao paulo,SP
05331,-23.544431580904842,-46.749351960038055,sao paulo,SP
05331,-23.54671556924808,-46.748780649316195,sao paulo,SP
05331,-23.544701528449405,-46.74840993588782,sao paulo,SP
05331,-23.543703188181624,-46.748874278665745,sao paulo,SP
05439,-23.548994424086825,-46.68943299861501,sao paulo,SP
05439,-23.54811512683939,-46.687013733135224,sao paulo,SP
05439,-23.54973955897629,-46.688853892174954,sao paulo,SP
05439,-23.549926892867447,-46.68921628587911,sao paulo,SP
05439,-23.549073904524207,-46.69053174271451,sao paulo,SP
05547,-23.59154478934157,-46.772096830284475,sao paulo,SP
05547,-23.593305436580295,-46.77287015459631,são paulo,SP
05547,-23.59126603052689,-46.77047214210285,sao paulo,SP
05547,-23.59387573798266,-46.773303431328834,sao paulo,SP
05547,-23.593305436580295,-46.77287015459631,sao paulo,SP
05705,-23.625482259507177,-46.7214808148768,sao paulo,SP
05705,-23.62607856480468,-46.72252979669914,sao paulo,SP
05705,-23.625482259507177,-46.7214808148768,sao paulo,SP
05705,-23.625763186248385,-46.72184095169953,sao paulo,SP
05705,-23.625918439638724,-46.719533818483455,sao paulo,SP
05857,-23.656561579675092,-46.77925716266672,sao paulo,SP
05857,-23.654744821403398,-46.7782078555605,sao paulo,SP
05857,-23.655156169119316,-46.77885749450624,sao paulo,SP
05857,-23.6570879742506,-46.78094112132679,sao paulo,SP
05857,-23.661028508742575,-46.78032156786309,sao paulo,SP
06144,-23.56949384569213,-46.803730375642104,osasco,SP
06144,-23.5670755700848,-46.80326597766743,osasco,SP
06144,-23.5692486150384,-46.80293413682272,osasco,SP
06144,-23.56620944434192,-46.79963791020835,osasco,SP
06144,-23.566843909302296,-46.798501235342485,osasco,SP
06663,-23.56337220714669,-46.93710104735605,itapevi,SP
06663,-23.551593706311333,-46.9408387856993,itapevi,SP
06663,-23.55766427915452,-46.939494549595,itapevi,SP
06663,-23.55752062958207,-46.93443149745993,itapevi,SP
06663,-23.55981287489477,-46.9413085921582,itapevi,SP
06865,-23.74304513879952,-46.79107615445491,itapecerica da serra,SP
06865,-23.75749555244218,-46.79819095328519,itapecerica da serra,SP
06865,-23.74365472853065,-46.7935744284299,itapecerica da serra,SP
06865,-23.750346502980317,-46.79106936288744,itapecerica da serra,SP
06865,-23.75528324264267,-46.784678949994635,itapecerica da serra,SP
07025,-23.483785075768953,-46.541554020255106,guarulhos,SP
07025,-23.482957526227707,-46.542086219401,guarulhos,SP
07025,-23.483785075768953,-46.541554020255106,guarulhos,SP
07025,-23.483785075768953,-46.541554020255106,guarulhos,SP
07025,-23.48197123535693,-46.54572594393789,guarulhos,SP
07042,-23.48143747960067,-46.55022234540366,guarulhos,SP
07042,-23.49403468220902,-46.55760371787179,guarulhos,SP
07042,-23.48441024562871,-46.550879916180975,guarulhos,SP
07042,-23.48213047960067,-46.55037181986845,guarulhos,SP
07042,-23.48213047960067,-46.55037181986845,guarulhos,SP
07070,-23.451797514570956,-46.55390064723872,guarulhos,SP
07070,-23.45081528864908,-46.55435884041202,guarulhos,SP
07070,-23.45369078351318,-46.559043,guarulhos,SP
07070,-23.451194012205026,-46.55933143450283,guarulhos,SP
07070,-23.450813775631186,-46.553386708973235,guarulhos,SP
07251,-23.435049027756925,-46.400119522621026,guarulhos,SP
07251,-23.41793420659278,-46.51884930263833,guarulhos,SP
07251,-23.43898531779098,-46.400083836257075,guarulhos,SP
07251,-23.435049027756925,-46.400119522621026,guarulhos,SP
07251,-23.429979177909836,-46.40153545060299,guarulhos,SP
07749,-23.385689614726992,-46.7393390368175,caieiras,SP
07749,-23.3886972934304,-46.740313775090996,caieiras,SP
07749,-23.386873217695186,-46.73905850619129,caieiras,SP
07749,-23.383579393633273,-46.73788387993088,caieiras,SP
07749,-23.382525694983062,-46.738588779983814,caieiras,SP
08490,-23.56613158673322,-46.409331174303155,sao paulo,SP
08490,-23.566694062338357,-46.40714055584447,sao paulo,SP
08490,-23.564172372756573,-46.409978959893806,sao paulo,SP
08490,-23.586232124093176,-46.40698343828691,sao paulo,SP
08490,-23.566344706657933,-46.410756865129855,sao paulo,SP
08560,-23.52787079516995,-46.334046865947236,poa,SP
08560,-23.52644092923125,-46.333996279692826,poá,SP
08560,-23.532589078827375,-46.335210464337216,poa,SP
08560,-23.53227318818162,-46.33613254524206,poa,SP
08560,-23.525761232038708,-46.33270151249348,poa,SP
08598,-23.464295023583936,-46.32874959104104,itaquaquecetuba,SP
08598,-23.465550176129124,-46.33233463957706,itaquaquecetuba,SP
08598,-23.47447675286908,-46.324447836638214,itaquaquecetuba,SP
08598,-23.463780244010014,-46.325914566713145,itaquaquecetuba,SP
08598,-23.472935304284082,-46.32409729462192,itaquaquecetuba,SP
08696,-23.507984999999948,-46.29217849999995,suzano,SP
08696,-23.50224072126605,-46.29463497242111,suzano,SP
08696,-23.50563690442688,-46.28972128142944,suzano,SP
08696,-23.501020949441955,-46.28973250146017,suzano,SP
08696,-23.5085088447298,-46.284995474806685,suzano,SP
09070,-23.653211574239744,-46.554463384384675,santo andre,SP
09070,-23.65353825644875,-46.53574535330954,santo andre,SP
09070,-23.64485496364474,-46.55397993435859,santo andre,SP
09070,-23.647481507905848,-46.55078613460102,santo andre,SP
09070,-23.647221240637055,-46.53960800750182,santo andre,SP
09181,-23.687604648912163,-46.526392163742905,santo andre,SP
09181,-23.682501366639723,-46.5273114888915,santo andre,SP
09181,-23.68138169982414,-46.5257191731259,santo andré,SP
09181,-23.6888528731606,-46.52582132183036,santo andré,SP
09181,-23.677827683349914,-46.52745384581961,santo andre,SP
09310,-23.67517847547439,-46.44983266763805,maua,SP
09310,-23.667085016100152,-46.457140723584594,mauá,SP
09310,-23.667213604176645,-46.44976238618447,maua,SP
09310,-23.667216873160598,-46.45267167095628,maua,SP
09310,-23.672319517889168,-46.451870580904824,maua,SP
09400,-23.712947685815696,-46.408553963500516,ribeirão pires,SP
09400,-23.712124787956594,-46.41044519510651,ribeirao pires,SP
09400,-23.71234890813088,-46.41345100528012,ribeirao pires,SP
09400,-23.7108661407285,-46.41127845071319,ribeirao pires,SP
09400,-23.70929430407612,-46.413548385525225,ribeirao pires,SP
09571,-23.632217497085804,-46.567110981678134,são caetano do sul,SP
09571,-23.629366540106176,-46.5654402238444,são caetano do sul,SP
09571,-23.637070239779074,-46.564691896128394,sao caetano do sul,SP
09571,-23.637070239779074,-46.564691896128394,sao caetano do sul,SP
09571,-23.636185082434046,-46.56440300346243,são caetano do sul,SP
99200,-28.845137218176873,-51.899509317182144,guapore,RS
99200,-28.85007587546258,-51.88628398137745,guapore,RS
99200,-28.848407104529965,-51.89726630839975,guapore,RS
99200,-28.85028393300369,-51.89001155236526,guapore,RS
99200,-28.849038914388277,-51.89051551863777,guapore,RS
23045,-22.915061705811002,-43.55265523076929,rio de janeiro,RJ
23045,-22.92664106292099,-43.57004643198516,rio de janeiro,RJ
23045,-22.915108068555593,-43.56325087134292,rio de janeiro,RJ
23045,-22.915108068555593,-43.56325087134292,rio de janeiro,RJ
23045,-22.917809419931874,-43.55709459256161,rio de janeiro,RJ
24710,-22.826646152351035,-42.99987757664625,sao goncalo,RJ
24710,-22.82489971739025,-43.003202961366746,são gonçalo,RJ
24710,-22.823975567005963,-43.00411180887529,sao goncalo,RJ
24710,-22.81820216869186,-43.0030662373609,sao goncalo,RJ
24710,-22.81882615014549,-43.00159443354857,sao goncalo,RJ
26520,-22.813037600339012,-43.42444789204527,nilopolis,RJ
26520,-22.80936105219452,-43.424843535780255,nilopolis,RJ
26520,-22.811934146559594,-43.4252207401117,nilopolis,RJ
26520,-22.809932498824455,-43.42667684581208,nilopolis,RJ
26520,-22.80997138036939,-43.43168835427787,nilópolis,RJ
26525,-22.800936387437307,-43.42486085339982,nilopolis,RJ
26525,-22.80664932938727,-43.42173727893344,nilópolis,RJ
26525,-22.806846375547185,-43.41788599865522,nilopolis,RJ
26525,-22.802697636850194,-43.42581550099962,nilópolis,RJ
26525,-22.803053705826407,-43.42311974281708,nilopolis,RJ
27213,-22.505694901916865,-44.088639121740684,volta redonda,RJ
27213,-22.50736186372553,-44.08995268942238,volta redonda,RJ
27213,-22.502996907736353,-44.088250764209505,volta redonda,RJ
27213,-22.505694901916865,-44.088639121740684,volta redonda,RJ
27213,-22.505195550477435,-44.092189020190986,volta redonda,RJ
28180,-21.48982398958829,-41.61580631338857,cardoso moreira,RJ
28180,-21.488454484309866,-41.612533335775765,cardoso moreira,RJ
28180,-21.489704668355845,-41.6352079419911,cardoso moreira,RJ
28180,-21.49535742085207,-41.61706947605645,cardoso moreira,RJ
28180,-21.492830789511757,-41.61823498942934,cardoso moreira,RJ
28660,-22.151825919042423,-42.41811005150162,bom jardim,RJ
28660,-22.156921806233274,-42.41801647242867,bom jardim,RJ
28660,-22.161268746028718,-42.4214669535683,bom jardim,RJ
28660,-22.160100757165324,-42.416114108097844,bom jardim,RJ
28660,-22.159449512144835,-42.4155216588864,bom jardim,RJ
29102,-20.37984685016787,-40.31026552269809,vila velha,ES
29102,-20.37984685016787,-40.31026552269809,vila velha,ES
29102,-20.37616120906966,-40.30529402401848,vila velha,ES
29102,-20.366392499999993,-40.301424000000004,vila velha,ES
29102,-20.375978268297636,-40.31170370845259,vila velha,ES
29143,-20.348128983900953,-40.3887226694093,cariacica,ES
29143,-20.345828563454518,-40.38763326002069,cariacica,ES
29143,-20.31218579863729,-40.4373023822025,cariacica,ES
29143,-20.34812929884319,-40.38862739597344,cariacica,ES
29143,-20.3584981788143,-40.389373940395224,cariacica,ES
29163,-20.222657479373925,-40.259011760313044,serra,ES
29163,-20.222657479373925,-40.259011760313044,serra,ES
29163,-20.216929497030453,-40.268266521038626,serra,ES
29163,-20.216979953372952,-40.226139716775265,serra,ES
29163,-20.21682736389826,-40.24697369558151,serra,ES
22431,-22.981935865398974,-43.22428066457964,rio de janeiro,RJ
22431,-22.97976662531018,-43.22383458866647,rio de janeiro,RJ
22431,-22.981073961423032,-43.22377422355594,rio de janeiro,RJ
22431,-22.98635610268915,-43.223493851636086,rio de janeiro,RJ
22431,-22.985464986958256,-43.22380921094688,rio de janeiro,RJ
22750,-22.947654111027695,-43.33860615583707,rio de janeiro,RJ
22750,-22.93766184607884,-43.33285998061272,rio de janeiro,RJ
22750,-22.942264368861427,-43.33234314516126,rio de janeiro,RJ
22750,-22.947452308355917,-43.33251287760401,rio de janeiro,RJ
22750,-22.950595346474977,-43.335693014891866,rio de janeiro,RJ
22770,-22.93862838995325,-43.36065293880199,rio de janeiro,RJ
22770,-22.938176713572616,-43.36057257799064,rio de janeiro,RJ
22770,-22.93576111907777,-43.36344160742101,rio de janeiro,RJ
22770,-22.94331672078663,-43.35986259585372,rio de janeiro,RJ
22770,-22.93875849104346,-43.35470804794562,rio de janeiro,RJ
23020,-23.051775589507898,-43.55382380118115,rio de janeiro,RJ
23020,-23.000112858733875,-43.5398580051359,rio de janeiro,RJ
23020,-22.98829406881539,-43.55135303623968,rio de janeiro,RJ
23020,-22.994198077442388,-43.61222825214958,rio de janeiro,RJ
23020,-23.008230000000005,-43.52421824999999,rio de janeiro,RJ
23065,-22.871570951382196,-43.63062005738777,rio de janeiro,RJ
23065,-22.884755307734846,-43.645684188096354,rio de janeiro,RJ
23065,-22.876478999999996,-43.629309000000006,rio de janeiro,RJ
23065,-22.874192276992314,-43.63007764585375,rio de janeiro,RJ
23065,-22.888485785734883,-43.64444376920203,rio de janeiro,RJ
24210,-22.901359568959617,-43.1241522171793,niteroi,RJ
24210,-22.906038835131895,-43.131281138640375,niterói,RJ
24210,-22.89800731079006,-43.12335459939275,niteroi,RJ
24210,-22.90011856561274,-43.12759488885674,niteroi,RJ
24210,-22.899895354434715,-43.11401604302037,niteroi,RJ
24745,-22.846883133332266,-43.005989844427084,sao goncalo,RJ
24745,-22.851883764396185,-43.00916623575305,sao goncalo,RJ
24745,-22.859867453472617,-43.00518559221183,sao goncalo,RJ
24745,-22.857948,-43.00410825000001,sao goncalo,RJ
24745,-22.848136775921045,-43.004371355253674,sao goncalo,RJ
24900,-22.918401715611136,-42.81174804781017,marica,RJ
24900,-22.93309515686359,-42.81447552070693,maricá,RJ
24900,-22.9590338652715,-42.98741450312913,marica,RJ
24900,-22.91407460253353,-42.822768966365224,maricá,RJ
24900,-22.91554384242722,-42.8442667612571,maricá,RJ
25963,-22.416149820084954,-42.97702251227752,teresopolis,RJ
25963,-22.420076958653947,-42.97477112220907,teresopolis,RJ
25963,-22.418514153238924,-42.977214840245544,teresopolis,RJ
25963,-22.42404331060557,-42.976454164397275,teresopolis,RJ
25963,-22.41205671496964,-42.98040019578727,teresopolis,RJ
26600,-22.609707785965462,-43.7136934532079,paracambi,RJ
26600,-22.661686276578678,-43.75903248223633,paracambi,RJ
26600,-22.612245663256164,-43.70913048135044,paracambi,RJ
26600,-22.621215661440296,-43.71859923762833,paracambi,RJ
26600,-22.631550920807832,-43.71184690489247,paracambi,RJ
13990,-22.199761446486033,-46.75056698572959,espirito santo do pinhal,SP
13990,-22.187079879479096,-46.74866061913306,espirito santo do pinhal,SP
13990,-22.196081572379583,-46.75373886702809,espirito santo do pinhal,SP
13990,-22.18903646337101,-46.74709683698521,espírito santo do pinhal,SP
13990,-22.19533040190524,-46.74292180270992,espirito santo do pinhal,SP
14110,-21.26830356894323,-47.81334278513274,bonfim paulista,SP
14110,-21.24444122231519,-47.83081570191587,bonfim paulista,SP
14110,-21.274421060505503,-47.813737389953246,bonfim paulista,SP
14110,-21.253873951733237,-47.80424105327126,bonfim paulista,SP
14110,-21.185944576067463,-47.81498292186677,bonfim paulista,SP
14160,-21.13146388576363,-47.995967757463596,sertaozinho,SP
14160,-21.140482661824453,-47.989689281664134,sertaozinho,SP
14160,-21.133444704137556,-47.98899940882337,sertãozinho,SP
14160,-21.14057532361936,-47.987351046627055,sertãozinho,SP
14160,-21.14247954149116,-47.98773333680534,sertaozinho,SP
14390,-21.09283286688257,-47.14945507372547,santo antonio da alegria,SP
14390,-21.08728200107788,-47.15755250839676,santo antonio da alegria,SP
14390,-21.088359819368424,-47.156340037397065,santo antonio da alegria,SP
14390,-21.088709999999995,-47.158114499999996,santo antonio da alegria,SP
14390,-21.089817176922157,-47.151723449459084,santo antonio da alegria,SP
14400,-20.53193450696372,-47.399446711253766,franca,SP
14400,-20.5317070897318,-47.40043846268641,franca,SP
14400,-20.538235001943136,-47.39560478077839,franca,SP
14400,-20.530270468141236,-47.3994342451299,franca,SP
14400,-20.550742219057277,-47.40649373441216,franca,SP
14706,-20.941036295952536,-48.50513581346596,bebedouro,SP
14706,-20.939879481166063,-48.497546539054454,bebedouro,SP
14706,-20.939767979265756,-48.500680526998,bebedouro,SP
14706,-20.94403006172647,-48.498731222362274,bebedouro,SP
14706,-20.944437855354067,-48.50437549145676,bebedouro,SP
14709,-20.914558974666566,-48.483864000000004,bebedouro,SP
14709,-20.93117933947217,-48.491380321718694,bebedouro,SP
14709,-20.917884679606505,-48.485744742510676,bebedouro,SP
14709,-20.912743834063466,-48.48467421285658,bebedouro,SP
14709,-20.926939261063485,-48.492335693968315,bebedouro,SP
14780,-20.55352180460502,-48.57715926810552,barretos,SP
14780,-20.557343310009298,-48.57337258425841,barretos,SP
14780,-20.561015570771325,-48.56741735788892,barretos,SP
14780,-20.55460503596484,-48.57803595371283,barretos,SP
14780,-20.5608501515379,-48.56475874493623,barretos,SP
14781,-20.5342210194687,-48.563568431308724,barretos,SP
14781,-20.525208383315256,-48.56309270215337,barretos,SP
14781,-20.528487258895872,-48.55105256833637,barretos,SP
14781,-20.5339514454671,-48.55325470191585,barretos,SP
14781,-20.541050653903827,-48.558717073547236,barretos,SP
14910,-21.745080000000005,-48.690252000000015,tabatinga,SP
14910,-21.733549029288618,-48.686532026999956,tabatinga,SP
14910,-21.728866463181717,-48.68881488220222,tabatinga,SP
14910,-21.734993516748688,-48.687003904678186,tabatinga,SP
14910,-21.736936447806226,-48.68773345483821,tabatinga,SP
14940,-21.7664768468313,-48.83154737836604,ibitinga,SP
14940,-21.752458103712865,-48.83485381261138,ibitinga,SP
14940,-21.7680272491601,-48.809349142497304,ibitinga,SP
14940,-21.74562684176356,-48.84686101630731,ibitinga,SP
14940,-21.75492473119379,-48.84352338716271,ibitinga,SP
15041,-20.796222017784032,-49.42402036205527,sao jose do rio preto,SP
15041,-20.789022205472918,-49.42504430848625,sao jose do rio preto,SP
15041,-20.796339693226507,-49.421551705464694,sao jose do rio preto,SP
15041,-20.78766128887413,-49.42087467964291,sao jose do rio preto,SP
15041,-20.796394499999995,-49.42080674999998,sao jose do rio preto,SP
28995,-22.88204693856471,-42.46635522851976,saquarema,RJ
28995,-22.875207404857733,-42.46120421471295,saquarema,RJ
28995,-22.88448041395071,-42.46879700173951,saquarema,RJ
28995,-22.883711480008202,-42.467424899844914,saquarema,RJ
28995,-22.86521636909013,-42.46988538390328,saquarema,RJ
29101,-20.331612635508694,-40.27958609200332,vila velha,ES
29101,-20.333879999999994,-40.281779725955886,vila velha,ES
29101,-20.33103958757128,-40.279743339338175,vila velha,ES
29101,-20.344904343623725,-40.28417604135019,vila velha,ES
29101,-20.3326236329052,-40.281501434420555,vila velha,ES
29113,-20.376888925230066,-40.35244868858468,vila velha,ES
29113,-20.370137975096632,-40.352932875076284,vila velha,ES
29113,-20.370137975096632,-40.352932875076284,vila velha,ES
29113,-20.371121790963628,-40.35474874778938,vila velha,ES
29113,-20.371587482234872,-40.34419901740105,vila velha,ES
29470,-21.03364843509269,-41.65212828601736,sao jose do calcado,ES
29470,-21.025197239812563,-41.65572727085558,sao jose do calcado,ES
29470,-21.029527642215108,-41.657830750185,sao jose do calcado,ES
29470,-21.026994561900953,-41.65679583545493,sao jose do calcado,ES
29470,-21.0295393846404,-41.65368684396185,sao jose do calcado,ES
29909,-19.321929344261804,-40.071124301043405,linhares,ES
29909,-19.318053428309213,-40.06870542190368,linhares,ES
29909,-19.01598970698596,-40.01256132242465,linhares,ES
29909,-19.37624344369626,-40.06653805042002,linhares,ES
29909,-19.31772713257585,-40.07321010193847,linhares,ES
30170,-19.92449229586244,-43.947039608806,belo horizonte,MG
30170,-19.926157848874567,-43.93830887032684,belo horizonte,MG
30170,-19.92742642076859,-43.94027762891685,belo horizonte,MG
30170,-19.931757631975284,-43.943352580068115,belo horizonte,MG
30170,-19.924227912557196,-43.94284422214839,belo horizonte,MG
30570,-19.958089201771624,-43.975531172918195,belo horizonte,MG
30570,-19.96024382763007,-43.97412587454557,belo horizonte,MG
30570,-19.959734828206997,-43.97514370246411,belo horizonte,MG
30570,-19.95597432722605,-43.98405214695026,belo horizonte,MG
30570,-19.95306328294694,-43.98107478116229,belo horizonte,MG
30850,-19.91690663641869,-44.00258750903103,belo horizonte,MG
30850,-19.923489177909836,-44.00563104913721,belo horizonte,MG
30850,-19.924056460730547,-44.00839562738766,belo horizonte,MG
30850,-19.92390750265457,-44.006789776482314,belo horizonte,MG
30850,-19.919753455998684,-44.003855772260465,belo horizonte,MG
31140,-19.892338512349244,-43.9326199797449,belo horizonte,MG
31140,-19.898676084915554,-43.92836170760002,belo horizonte,MG
31140,-19.896916138496152,-43.932287493479116,belo horizonte,MG
31140,-19.902718802383312,-43.9306702065035,belo horizonte,MG
31140,-19.890642394396657,-43.92971220373354,belo horizonte,MG
31260,-19.867166072180634,-43.93513434043602,belo horizonte,MG
31260,-19.860282999722866,-43.93519548332224,belo horizonte,MG
31260,-19.85981396863639,-43.937559774914845,belo horizonte,MG
31260,-19.859151813491813,-43.94417250776163,belo horizonte,MG
31260,-19.858922968636396,-43.937187249379626,belo horizonte,MG
31730,-19.831098006665105,-43.94652358104908,belo horizonte,MG
31730,-19.831098006665105,-43.94652358104908,belo horizonte,MG
31730,-19.82966753067111,-43.944942563131235,belo horizonte,MG
31730,-19.838292546261464,-43.94452003189476,belo horizonte,MG
31730,-19.832062180131548,-43.94622196586643,belo horizonte,MG
32185,-19.849882697848685,-44.02029046658248,contagem,MG
32185,-19.84932591515121,-44.02607720402293,contagem,MG
32185,-19.852212459843773,-44.02261411849137,contagem,MG
32185,-19.843884965747232,-44.03260975758758,contagem,MG
32185,-19.850700121849833,-44.02421825645217,contagem,MG
35450,-20.257795846112877,-43.81183983084434,itabirito,MG
35450,-20.259379036435075,-43.80883309671046,itabirito,MG
35450,-20.24578688620973,-43.80615537270845,itabirito,MG
35450,-20.259593428036283,-43.7761797975741,itabirito,MG
35450,-20.251370250214,-43.81003954267239,itabirito,MG
35680,-20.082126604231757,-44.5732983518722,itauna,MG
35680,-20.082863820808083,-44.58994677175283,itauna,MG
35680,-20.065877147174124,-44.56296563617719,itauna,MG
35680,-20.08279727617385,-44.565891477777875,itauna,MG
35680,-20.073731626219185,-44.57443621387006,itauna,MG
36010,-21.76282506633389,-43.34295644532287,juiz de fora,MG
36010,-21.764698072162275,-43.34385229087078,juiz de fora,MG
36010,-21.763155758901434,-43.349023666768076,juiz de fora,MG
36010,-21.76323184762538,-43.34770654884875,juiz de fora,MG
36010,-21.760174540106178,-43.348235118096824,juiz de fora,MG
36085,-21.715399781621308,-43.403467516394976,juiz de fora,MG
36085,-21.69140237105141,-43.404892013010816,juiz de fora,MG
36085,-21.719280195943252,-43.39601859048414,juiz de fora,MG
36085,-21.718718999999997,-43.40841524999999,juiz de fora,MG
36085,-21.717339453198548,-43.399683103160825,juiz de fora,MG
36880,-21.131145000000004,-42.360993068411354,muriaé,MG
36880,-21.13023044121905,-42.348076998704144,muriae,MG
36880,-21.135176401658608,-42.37119242902185,muriae,MG
36880,-21.130862521784316,-42.364373086733224,muriaé,MG
36880,-21.13096333068765,-42.36128287037027,muriaé,MG
37410,-21.70934867617383,-45.242699205178575,tres coracoes,MG
37410,-21.71075086470572,-45.26489896480875,tres coracoes,MG
37410,-21.701362560164682,-45.25161438815839,tres coracoes,MG
37410,-21.701274067029928,-45.25190400205395,tres coracoes,MG
37410,-21.691152879049575,-45.25584819744066,três corações,MG
24934,-22.968194951803664,-42.95946100698955,marica,RJ
24934,-22.967249550557565,-42.961880394761785,marica,RJ
24934,-22.94901346825209,-42.944541165507346,marica,RJ
24934,-22.968194951803664,-42.95946100698955,marica,RJ
24934,-22.934992491100957,-42.740293069102066,marica,RJ
25961,-22.438035788165227,-42.97930499598549,teresopolis,RJ
25961,-22.438035788165227,-42.97930499598549,teresopolis,RJ
25961,-22.431156042254173,-42.98069553351727,teresopolis,RJ
25961,-22.439283966141698,-42.979825887277954,teresopolis,RJ
25961,-22.43634729600221,-42.978930030126705,teresopolis,RJ
26900,-22.44974379200504,-43.47433038872875,miguel pereira,RJ
26900,-22.455750214104786,-43.47397008887523,miguel pereira,RJ
26900,-22.45646134187861,-43.47010619917408,miguel pereira,RJ
26900,-22.450952794629117,-43.48187610725642,miguel pereira,RJ
26900,-22.47210906628912,-43.484380698138516,miguel pereira,RJ
27175,-22.609469999999945,-43.91234449999996,pirai,RJ
27175,-22.63068286995919,-43.91486946586372,pirai,RJ
27175,-22.627633305074045,-43.898907265468985,pirai,RJ
27175,-22.618472234805143,-43.880322883191184,pirai,RJ
27175,-22.6242797749124,-43.9038576816725,pirai,RJ
27267,-22.527005011849372,-44.13510978037352,volta redonda,RJ
27267,-22.533585569248075,-44.126804849847076,volta redonda,RJ
27267,-22.5125854255785,-44.071644890877295,volta redonda,RJ
27267,-22.53631074522568,-44.13250563405536,volta redonda,RJ
27267,-22.513626440186986,-44.073419542327876,volta redonda,RJ
27365,-22.45229999999998,-44.303622419999954,barra mansa,RJ
27365,-22.451980499999994,-44.306207999999984,barra mansa,RJ
27365,-22.451980499999994,-44.306207999999984,barra mansa,RJ
27365,-22.4526790756,-44.30173444315212,barra mansa,RJ
27365,-22.451980499999994,-44.306207999999984,barra mansa,RJ
28020,-21.78080222519011,-41.30502259827724,campos dos goytacazes,RJ
28020,-21.774094560786438,-41.29647074245573,campos dos goytacazes,RJ
28020,-21.78085558177887,-41.292056556056096,campos dos goytacazes,RJ
28020,-21.78417777036382,-41.30408497347746,campos dos goytacazes,RJ
28020,-21.782375578593754,-41.30290753681735,campos dos goytacazes,RJ
28230,-21.4795193189133,-41.10923999356295,sao francisco de itabapoana,RJ
28230,-21.48321716948839,-41.10372859865126,sao francisco de itabapoana,RJ
28230,-21.576197798431917,-41.0601944735826,sao francisco de itabapoana,RJ
28230,-21.58039437690392,-41.062301562124965,sao francisco de itabapoana,RJ
28230,-21.57928266293413,-41.063141494043954,sao francisco de itabapoana,RJ
28470,-21.530634248940174,-42.19299779303212,santo antonio de padua,RJ
28470,-21.53088,-42.18515099999999,santo antonio de padua,RJ
28470,-21.54999284578427,-42.172352747112484,santo antonio de padua,RJ
28470,-21.538816143074833,-42.18983157167871,santo antonio de padua,RJ
28470,-21.542116839981695,-42.178288751627626,santo antonio de padua,RJ
29070,-20.271848113509197,-40.290147702464125,vitoria,ES
29070,-20.26510181439877,-40.29830531159458,vitória,ES
29070,-20.257992669455728,-40.30122399916326,vitoria,ES
29070,-20.259572569482028,-40.30227596124188,vitoria,ES
29070,-20.261097503462455,-40.298944950458775,vitoria,ES
29936,-18.730462500000005,-39.845663999999985,sao mateus,ES
29936,-18.733934081267034,-39.855037840081955,sao mateus,ES
29936,-18.73512445904009,-39.85536221239294,sao mateus,ES
29936,-18.727719287522778,-39.84297487344393,sao mateus,ES
29936,-18.732574959429478,-39.836560681237884,são mateus,ES
31842,-19.840168078827364,-43.92329932223438,belo horizonte,MG
31842,-19.837843574528204,-43.92258296350051,belo horizonte,MG
31842,-19.837861418258438,-43.92284853649948,belo horizonte,MG
31842,-19.839121378277294,-43.922187622006916,belo horizonte,MG
31842,-19.835124626140473,-43.91776471636563,belo horizonte,MG
79011,-20.429290801412158,-54.59572951433716,campo grande,MS
79011,-20.43620353329184,-54.61741974605939,campo grande,MS
79011,-20.430231401061757,-54.6040797285476,campo grande,MS
79011,-20.431254591317956,-54.609162105240515,campo grande,MS
79011,-20.433501554821362,-54.601400674880075,campo grande,MS
80610,-25.469213992786642,-49.293935146950275,curitiba,PR
80610,-25.46198410075591,-49.2746440500895,curitiba,PR
80610,-25.465793217323526,-49.283543101159935,curitiba,PR
80610,-25.469213992786642,-49.293935146950275,curitiba,PR
80610,-25.467110445726906,-49.291260789889826,curitiba,PR
81460,-25.549428006116845,-49.324492598245754,curitiba,PR
81460,-25.550049422152437,-49.341724024057655,curitiba,PR
81460,-25.53192638396142,-49.340818013212385,curitiba,PR
81460,-25.551136906745906,-49.33800035581969,curitiba,PR
81460,-25.5394837507646,-49.34058221481336,curitiba,PR
83206,-25.5327393775075,-48.52054372415031,paranagua,PR
83206,-25.526515082133404,-48.52514753245549,paranagua,PR
83206,-25.531374243061258,-48.52748853907529,paranagua,PR
83206,-25.53202583732127,-48.520836444977384,paranagua,PR
83206,-25.531303894709012,-48.52743423508408,paranaguá,PR
83331,-25.44690031975288,-49.160968742714516,pinhais,PR
83331,-25.440441654711897,-49.15232130446079,pinhais,PR
83331,-25.440901385250047,-49.167368611720185,pinhais,PR
83331,-25.43883107046446,-49.15323038050325,pinhais,PR
83331,-25.441120349183247,-49.1590487976801,pinhais,PR
84265,-24.338318579333773,-50.62355838299117,telemaco borba,PR
84265,-24.331349032663837,-50.62806115213789,telemaco borba,PR
84265,-24.329076840666758,-50.62991829401213,telemaco borba,PR
84265,-24.326487222646797,-50.62861070604959,telemaco borba,PR
84265,-24.330668504177627,-50.62689087488903,telemaco borba,PR
84400,-25.20150185622089,-50.970647374151824,prudentopolis,PR
84400,-25.207496378495986,-50.98327007689639,prudentopolis,PR
84400,-25.203026819659527,-50.96186850873247,prudentopolis,PR
84400,-25.30924863276412,-51.16754861912181,prudentopolis,PR
84400,-25.20740618515632,-50.96798809755517,prudentopolis,PR
84600,-26.226014834302923,-51.087968907648744,uniao da vitoria,PR
84600,-26.239462313026,-51.09293398907508,união da vitória,PR
84600,-26.239182030565434,-51.09463213969743,união da vitória,PR
84600,-26.248232312514645,-51.095898339389166,uniao da vitoria,PR
84600,-26.229883105621173,-51.086326799905244,uniao da vitoria,PR
85807,-24.9409988170985,-53.4931867821282,cascavel,PR
85807,-24.938116427433698,-53.49418648514059,cascavel,PR
85807,-24.937504249076298,-53.48626130260726,cascavel,PR
85807,-24.946880699694148,-53.49034190175425,cascavel,PR
85807,-24.937358910772154,-53.49997086640849,cascavel,PR
85875,-25.43158405315624,-54.402330873588255,santa terezinha de itaipu,PR
85875,-25.447843148547292,-54.40190305764903,santa terezinha de itaipu,PR
85875,-25.43606497853561,-54.405262814554305,santa terezinha de itaipu,PR
85875,-25.448050489873086,-54.42446585221445,santa terezinha de itaipu,PR
85875,-25.44613208005501,-54.398002271428815,santa terezinha de itaipu,PR
85900,-24.729689944265374,-53.742043512648245,toledo,PR
85900,-24.731389821850414,-53.73842498385818,toledo,PR
85900,-24.731016703584142,-53.73980668976354,toledo,PR
85900,-24.73317897504388,-53.74168711081432,toledo,PR
85900,-24.733046117906955,-53.74298671929308,toledo,PR
87704,-23.08114344297706,-52.45984107381086,paranavaí,PR
87704,-23.079645992608285,-52.46164803880798,paranavaí,PR
87704,-23.077498265465298,-52.46215543858165,paranavaí,PR
87704,-23.079308284374118,-52.446825267123415,paranavai,PR
87704,-23.06683907841917,-52.45568164824061,paranavai,PR
88056,-27.42517433269942,-48.426350651572776,florianópolis,SC
88056,-27.42422893301814,-48.43587816261119,florianopolis,SC
88056,-27.393301718564274,-48.42245011601936,florianopolis,SC
88056,-27.395269270615675,-48.42507782292687,florianopolis,SC
88056,-27.422454279762274,-48.43361502025509,florianopolis,SC
88060,-27.482571511541188,-48.409721360811346,florianopolis,SC
88060,-27.48965428891593,-48.41121862404683,florianopolis,SC
88060,-27.486369471002327,-48.41870458673321,florianopolis,SC
88060,-27.499219522072774,-48.414141806826706,florianopolis,SC
88060,-27.474397492353948,-48.413821720093495,florianópolis,SC
88730,-28.327530882623098,-49.18050954005345,sao ludgero,SC
88730,-28.332290740686492,-49.17852868307646,sao ludgero,SC
88730,-28.328642219264815,-49.16744166422118,sao ludgero,SC
88730,-28.334806979600412,-49.17723789680401,sao ludgero,SC
88730,-28.32867703072823,-49.18247765159138,sao ludgero,SC
88763,-28.03996749237991,-49.12826990796655,santa rosa de lima,SC
88763,-28.040299999999945,-49.128559999999936,santa rosa de lima,SC
88763,-28.039462300719425,-49.12523215531556,santa rosa de lima,SC
88763,-28.018784999999944,-49.175359999999955,santa rosa de lima,SC
88763,-28.03951793455792,-49.12703669080914,santa rosa de lima,SC
88850,-28.748325046839994,-49.483182534145975,forquilhinha,SC
88850,-28.74971848540498,-49.45987394733369,forquilhinha,SC
88850,-28.75376686828296,-49.48542284773472,forquilhinha,SC
88850,-28.750753943954503,-49.4850689306414,forquilhinha,SC
88850,-28.780598999999945,-49.49167399999996,forquilhinha,SC
09404,-23.682426164462306,-46.41716622339997,ribeirao pires,SP
09404,-23.681273420851284,-46.42123677662203,ribeirão pires,SP
09404,-23.6803060116026,-46.4084931015227,ribeirao pires,SP
09404,-23.68242077660001,-46.417281164462295,ribeirao pires,SP
09404,-23.686077073255827,-46.411478812592485,ribeirao pires,SP
09750,-23.688917125468194,-46.552552123595405,sao bernardo do campo,SP
09750,-23.6855765211902,-46.550598331462254,sao bernardo do campo,SP
09750,-23.694930723311437,-46.55402420835774,sao bernardo do campo,SP
09750,-23.683035524054752,-46.55515597594526,sao bernardo do campo,SP
09750,-23.688975804316545,-46.55602481597331,sao bernardo do campo,SP
09812,-23.724048365774344,-46.57360861668318,sao bernardo do campo,SP
09812,-23.726310442148886,-46.56808249417162,são bernardo do campo,SP
09812,-23.726384550637754,-46.56233281418431,sao bernardo do campo,SP
09812,-23.727426517889175,-46.56741299999999,sao bernardo do campo,SP
09812,-23.729252143228017,-46.566646240896866,sao bernardo do campo,SP
09972,-23.72352908497024,-46.62390085855207,diadema,SP
09972,-23.72058172773954,-46.61489491534423,diadema,SP
09972,-23.72134241133354,-46.6247591308501,diadema,SP
09972,-23.7265897707082,-46.617048672451496,diadema,SP
09972,-23.720538267679768,-46.622740298578556,diadema,SP
11070,-23.961812938897538,-46.34427982528125,santos,SP
11070,-23.95976960560335,-46.34643904371285,santos,SP
11070,-23.963716372468113,-46.349638391482465,santos,SP
11070,-23.955154558171856,-46.351386809993535,santos,SP
11070,-23.950750263402316,-46.34375607438397,santos,SP
11705,-24.03273245535946,-46.507630233224916,praia grande,SP
11705,-24.040067546011535,-46.50719049388536,praia grande,SP
11705,-24.036118162702532,-46.50400743336079,praia grande,SP
11705,-24.038226399556244,-46.503094993934376,praia grande,SP
11705,-24.032174364215876,-46.50351508652042,praia grande,SP
12071,-23.00417696397416,-45.53103723525249,taubate,SP
12071,-23.0041128676196,-45.54335231984339,taubate,SP
12071,-23.011893210369973,-45.525042267413035,taubaté,SP
12071,-23.004735202097244,-45.53555070006374,taubate,SP
12071,-23.005298642429764,-45.53695891238367,taubate,SP
12228,-23.25777249999993,-45.82569514299996,sao jose dos campos,SP
12228,-23.205456416734034,-45.882205778760635,sao jose dos campos,SP
12228,-23.25672551767973,-45.82934701152474,sao jose dos campos,SP
12228,-23.249232869553918,-45.833973999163284,sao jose dos campos,SP
12228,-23.25777249999993,-45.82569514299996,são josé dos campos,SP
12620,-22.611569680005164,-45.17989773127543,piquete,SP
12620,-22.61331,-45.177372000000005,piquete,SP
12620,-22.597032225247858,-45.19824216975864,piquete,SP
12620,-22.618111104540244,-45.17430992827813,piquete,SP
12620,-22.605084890997567,-45.188818898596374,piquete,SP
13020,-22.900561910352593,-47.065812260199664,campinas,SP
13020,-22.89907341104507,-47.066836626002676,campinas,SP
13020,-22.900702588954925,-47.06709762600267,campinas,SP
13020,-22.90167934609617,-47.06412723827112,campinas,SP
13020,-22.89874032722604,-47.066074098389976,campinas,SP
13050,-22.93221846205146,-47.096790459495125,campinas,SP
13050,-22.935379600323227,-47.092471841941226,campinas,SP
13050,-22.944223613653424,-47.09322866417561,campinas,SP
13050,-22.925933957816348,-47.0867281866524,campinas,SP
13050,-22.9276822425703,-47.084768927001,campinas,SP
13054,-22.96868827526488,-47.12740552929896,campinas,SP
13054,-22.98618807744239,-47.121706503606674,campinas,SP
13054,-22.970286,-47.12652168206479,campinas,SP
13054,-22.970367503462445,-47.12937299999999,campinas,SP
13054,-22.96971947100232,-47.13205049999999,campinas,SP
13175,-22.811418577663336,-47.24177202124911,sumare,SP
13175,-22.82585418223501,-47.23614217099826,sumare,SP
13175,-22.822483536228305,-47.240494544998555,sumaré,SP
13175,-22.82434155691545,-47.218168576783114,sumare,SP
13175,-22.815920507597532,-47.251297420832564,sumare,SP
13219,-23.195435426048725,-46.85717869637594,jundiai,SP
13219,-23.19020690882197,-46.856773143997145,jundiai,SP
13219,-23.1930600392363,-46.85289183034905,jundiaí,SP
13219,-23.186620255640698,-46.84568192451951,jundiai,SP
13219,-23.195505393300138,-46.85706876908647,jundiaí,SP
13417,-22.746032877835145,-47.63636231303046,piracicaba,SP
13417,-22.732271999451736,-47.635915497057155,piracicaba,SP
13417,-22.738613008050077,-47.64456387108313,piracicaba,SP
13417,-22.7421912470137,-47.63989450637665,piracicaba,SP
13417,-22.73649565139367,-47.633078012753266,piracicaba,SP
13590,-22.11041683240867,-48.30935219804882,dourado,SP
13590,-22.117484176532503,-48.31636205217687,dourado,SP
13590,-22.107435681739908,-48.31949308623902,dourado,SP
13590,-22.117632283685296,-48.31655543552886,dourado,SP
13590,-22.069118863357822,-48.368739759689085,dourado,SP
13800,-22.436317341104512,-46.956026933666095,mogi mirim,SP
13800,-22.438121280598992,-46.973524736049406,mogi mirim,SP
13800,-22.43757145268047,-46.96768249417161,mogi mirim,SP
13800,-22.446581343326212,-46.97169914446876,mogi-mirim,SP
13800,-22.43315949347912,-46.96126845406545,mogi mirim,SP
13843,-22.395468360899063,-46.93880103190308,mogi-guacu,SP
13843,-22.38839243438519,-46.94112504554948,mogi-guacu,SP
13843,-22.379409986433238,-46.93992451845299,mogi-guacu,SP
13843,-22.375376562520156,-46.93689436831594,mogi guacu,SP
13843,-22.395937754600244,-46.945484457951665,mogi-guacu,SP
13920,-22.73824150585765,-46.895858577758595,pedreira,SP
13920,-22.73747302311109,-46.905260476888884,pedreira,SP
13920,-22.740678596144093,-46.894453832800636,pedreira,SP
13920,-22.74095390042642,-46.89644455728524,pedreira,SP
13920,-22.71584625321448,-46.893285968875894,pedreira,SP
14270,-21.492062747451047,-47.38142757064218,santa rosa de viterbo,SP
14270,-21.485083260555697,-47.364046414079475,santa rosa de viterbo,SP
14270,-21.48465431426964,-47.35883363788802,santa rosa de viterbo,SP
14270,-21.48141962350662,-47.363540935344396,santa rosa de viterbo,SP
14270,-21.48878966722215,-47.36346901719371,santa rosa de viterbo,SP
15013,-20.823123445460023,-49.3676981423101,sao jose do rio preto,SP
15013,-20.81774184223933,-49.37042238884625,sao jose do rio preto,SP
15013,-20.81907298929452,-49.36825130462151,sao jose do rio preto,SP
15013,-20.8186365094994,-49.36992583875571,são josé do rio preto,SP
15013,-20.820423405739128,-49.37130081674534,sao jose do rio preto,SP
15014,-20.81734497064537,-49.38133679126948,sao jose do rio preto,SP
15014,-20.817546036485332,-49.37407852238808,são josé do rio preto,SP
15014,-20.815344948009116,-49.37659736169625,sao jose do rio preto,SP
15014,-20.816992865367055,-49.37207694151744,são josé do rio preto,SP
15014,-20.817995405066743,-49.380644858942425,são josé do rio preto,SP
15054,-20.780995319700498,-49.35424790246387,sao jose do rio preto,SP
15054,-20.784494717512484,-49.36758137595951,sao jose do rio preto,SP
15054,-20.7901379527338,-49.35826587154616,sao jose do rio preto,SP
15054,-20.787513628714887,-49.363876457205414,sao jose do rio preto,SP
15054,-20.780699268048803,-49.360715140401815,sao jose do rio preto,SP
15350,-20.68604093423175,-50.55347736946949,auriflama,SP
15350,-20.68604093423175,-50.55347736946949,auriflama,SP
15350,-20.690802328468106,-50.552422185228906,auriflama,SP
15350,-20.690594552995314,-50.55117194604924,auriflama,SP
15350,-20.68604093423175,-50.55347736946949,auriflama,SP
15400,-20.73348478239254,-48.88823835248024,olimpia,SP
15400,-20.721126824311856,-48.91235463973691,olimpia,SP
15400,-20.738053452264502,-48.91128135121387,olimpia,SP
15400,-20.736604729384315,-48.92703028642737,olimpia,SP
15400,-20.74098244465537,-48.92013778513168,olimpia,SP
15840,-21.311150026298016,-49.0511614229539,itajobi,SP
15840,-21.31659353471437,-49.05362504097931,itajobi,SP
15840,-21.30892606662032,-49.06366210486408,itajobi,SP
15840,-21.320860220250346,-49.0604795606608,itajobi,SP
15840,-21.319178134528773,-49.06211895835674,itajobi,SP
79833,-22.22034086651761,-54.77424650711413,dourados,MS
79833,-22.206813554427868,-54.767166078929016,dourados,MS
79833,-22.218110269876803,-54.76775509285612,dourados,MS
79833,-22.217644525733107,-54.77852835920529,dourados,MS
79833,-22.217898811061396,-54.77453778671811,dourados,MS
79902,-22.51734398076503,-55.73643883633191,ponta pora,MS
79902,-22.50849934022019,-55.725364333662135,ponta pora,MS
79902,-22.517185480159362,-55.72317927102787,ponta pora,MS
79902,-22.507641259910965,-55.72309276832457,ponta pora,MS
79902,-22.50824821145704,-55.711548339310454,ponta porã,MS
80310,-25.464029318048183,-49.30472794690424,curitiba,PR
80310,-25.448624649337514,-49.312388484394944,curitiba,PR
80310,-25.44830130391252,-49.30777500874257,curitiba,PR
80310,-25.462139742112548,-49.31688258188703,curitiba,PR
80310,-25.458397864870907,-49.3167451106802,curitiba,PR
81350,-25.508669747227305,-49.33026677895873,curitiba,PR
81350,-25.512622971859024,-49.334330069670905,curitiba,PR
81350,-25.494929999999997,-49.337986500000014,curitiba,PR
81350,-25.49302740605342,-49.33152436995795,curitiba,PR
81350,-25.500943225921876,-49.32537200957929,curitiba,PR
85884,-25.291725444450297,-54.10023587801571,medianeira,PR
85884,-25.294487831925935,-54.094486535295104,medianeira,PR
85884,-25.29295834316349,-54.097410443002026,medianeira,PR
85884,-25.300832711406002,-54.092962619055676,medianeira,PR
85884,-25.290182898584195,-54.094814042657624,medianeira,PR
87140,-23.456818505027293,-52.04686328687023,paicandu,PR
87140,-23.46864786235383,-52.04665766575665,paicandu,PR
87140,-23.45592559389968,-52.03408304757494,paiçandu,PR
87140,-23.459552959058417,-52.04876541663993,paicandu,PR
87140,-23.44737580734548,-52.02462843554787,paicandu,PR
87203,-23.655375036940214,-52.62761849865488,cianorte,PR
87203,-23.6542763502711,-52.630201781462326,cianorte,PR
87203,-23.658399270187434,-52.62644921634303,cianorte,PR
87203,-23.65662239036876,-52.6313640356182,cianorte,PR
87203,-23.657988684525144,-52.628091386394715,cianorte,PR
87504,-23.748416432474365,-53.296901122155084,umuarama,PR
87504,-23.748089510964274,-53.2895625,umuarama,PR
87504,-23.756057929919383,-53.285022,umuarama,PR
87504,-23.750659969473112,-53.3047123117028,umuarama,PR
87504,-23.75441911907777,-53.31343121677527,umuarama,PR
88030,-27.5558008016528,-48.511338687209275,florianopolis,SC
88030,-27.571535852905498,-48.513285842777954,florianopolis,SC
88030,-27.5565492245629,-48.510544346521925,florianópolis,SC
88030,-27.566297235356934,-48.51565715569285,florianopolis,SC
88030,-27.566620177073123,-48.51549312294426,florianopolis,SC
88115,-27.543786658615705,-48.62567962615467,sao jose,SC
88115,-27.542360219585074,-48.6220314712323,sao jose,SC
88115,-27.538627688652834,-48.62878431510971,sao jose,SC
88115,-27.544376887614625,-48.64450660673212,sao jose,SC
88115,-27.544302079338266,-48.634033526609144,sao jose,SC
88400,-27.416852498627023,-49.6005942135774,ituporanga,SC
88400,-27.40806622141074,-49.602828914357744,ituporanga,SC
88400,-27.419361816368383,-49.59017360384731,ituporanga,SC
88400,-27.422219132873998,-49.60147865771224,ituporanga,SC
88400,-27.416220763443388,-49.599454381596495,ituporanga,SC
88930,-28.923547604227323,-49.67645593231614,turvo,SC
88930,-28.935685572599642,-49.671888713002815,turvo,SC
88930,-28.92926870033391,-49.68062841229863,turvo,SC
88930,-28.925981550639968,-49.679580440192495,turvo,SC
88930,-28.92526399868359,-49.68200623785136,turvo,SC
89219,-26.25413501236067,-48.87133423020441,joinville,SC
89219,-26.262260222594396,-48.885854277405585,joinville,SC
89219,-26.245812330452214,-48.88241516075794,joinville,SC
89219,-26.254084620318526,-48.849425538721185,joinville,SC
89219,-26.245812330452214,-48.88241516075794,joinville,SC
89224,-26.270134671231133,-48.80876106346335,joinville,SC
89224,-26.26072509103239,-48.80439280821168,joinville,SC
89224,-26.26084954010618,-48.808722489035716,joinville,SC
89224,-26.26544749264241,-48.79826808756993,joinville,SC
89224,-26.263969532892816,-48.81274293796529,joinville,SC
92030,-29.914668849530724,-51.14844143722624,canoas,RS
92030,-29.908710481822364,-51.145468906861474,canoas,RS
92030,-29.929382161809684,-51.15442370970613,canoas,RS
92030,-29.915205566555287,-51.142258701986194,canoas,RS
92030,-29.962403566571844,-51.1641138047229,canoas,RS
92410,-29.898716481245444,-51.16985096863638,canoas,RS
92410,-29.894189500692487,-51.164232520832016,canoas,RS
92410,-29.8979224565756,-51.15540178282069,canoas,RS
92410,-29.89997624270795,-51.15953090429547,canoas,RS
92410,-29.894455029888295,-51.16902079305612,canoas,RS
93180,-29.6960435029035,-51.24351819389478,portao,RS
93180,-29.6928135,-51.24380849999999,portao,RS
93180,-29.69345084117964,-51.23120140206038,portao,RS
93180,-29.691922035164126,-51.23335619142387,portao,RS
93180,-29.70091351047748,-51.237892722908114,portao,RS
94100,-29.893223650297152,-51.063959342345264,gravatai,RS
94100,-29.94714328092032,-50.92358615966771,gravatai,RS
94100,-29.90455864025809,-51.01502484916016,gravatai,RS
94100,-29.903060578205494,-51.04226892737549,gravatai,RS
94100,-29.90757881903173,-51.022530875238076,gravatai,RS
94810,-30.004232495014985,-51.08199549305768,alvorada,RS
94810,-30.006630419156515,-51.08555564728377,alvorada,RS
94810,-30.0001675754642,-51.078366882844634,alvorada,RS
94810,-30.01373591108183,-51.08074194590005,alvorada,RS
94810,-30.004496975304615,-51.085119109074896,alvorada,RS
95680,-29.36568147459895,-50.81151841637759,canela,RS
95680,-29.370001058675122,-50.81214248627059,canela,RS
95680,-29.35680757531518,-50.80723543720744,canela,RS
95680,-29.362925100537048,-50.80578188883598,canela,RS
95680,-29.356461799153816,-50.795554095892626,canela,RS
95690,-29.64073049519205,-50.56116196609987,rolante,RS
95690,-29.650984336023964,-50.57244508187266,rolante,RS
95690,-29.64130043825374,-50.56060570191585,rolante,RS
95690,-29.60918780244479,-50.56782611139573,rolante,RS
95690,-29.638550420229304,-50.53607711496251,rolante,RS
23550,-22.93636996696295,-43.68796698860304,rio de janeiro,RJ
23550,-22.92788585080505,-43.69546635631484,rio de janeiro,RJ
23550,-22.93735992039637,-43.69465923178509,rio de janeiro,RJ
24040,-22.884496975055352,-43.12662340796614,niteroi,RJ
24040,-22.882039281435716,-43.124424580068116,niteroi,RJ
24040,-22.884629885157104,-43.12807269202257,niteroi,RJ
24040,-22.883765666118144,-43.12869459092828,niteroi,RJ
24040,-22.883019737982668,-43.124993296439364,niterói,RJ
25233,-22.708201704316956,-43.301263500000005,duque de caxias,RJ
25233,-22.69557724799995,-43.306659999999965,duque de caxias,RJ
25233,-22.710220187106795,-43.30710471473803,duque de caxias,RJ
25233,-22.708642307569004,-43.29726388977462,duque de caxias,RJ
25233,-22.70528147302973,-43.301920112682204,duque de caxias,RJ
26250,-22.769625085536315,-43.4390274563049,nova iguacu,RJ
26250,-22.766371255761033,-43.43734693747645,nova iguacu,RJ
26250,-22.768563339439,-43.446042317266,nova iguacu,RJ
26250,-22.763483924960585,-43.44613782937105,nova iguacu,RJ
26250,-22.763483924960585,-43.44613782937105,nova iguacu,RJ
26443,-22.643945441566743,-43.66064898346332,japeri,RJ
26443,-22.640353162554252,-43.667638508219454,japeri,RJ
26443,-22.639884794071204,-43.646847736149034,japeri,RJ
26443,-22.643034908304077,-43.655392599451076,japeri,RJ
26443,-22.67435100777034,-43.6151197890512,japeri,RJ
27313,-22.529842003911803,-44.188492375177795,barra mansa,RJ
27313,-22.552728462698543,-44.11172027329472,barra mansa,RJ
27313,-22.512561527612696,-44.19987965875127,barra mansa,RJ
27313,-22.51791329491113,-44.19693588984564,barra mansa,RJ
27313,-22.516922999999945,-44.19702349999997,barra mansa,RJ
27510,-22.465730692480797,-44.45779469608749,resende,RJ
27510,-22.464595320012688,-44.45410497945643,resende,RJ
27510,-22.468709549022062,-44.455059794945626,resende,RJ
27510,-22.465922647030446,-44.45208379790249,resende,RJ
27510,-22.462200575913176,-44.464192889260765,resende,RJ
27516,-22.478622548704518,-44.46126939341569,resende,RJ
27516,-22.478514850739764,-44.46311150392136,resende,RJ
27516,-22.479188569102938,-44.45987340807947,resende,RJ
27516,-22.481479999999976,-44.457384633999936,resende,RJ
27516,-22.48005991840267,-44.458141469184646,resende,RJ
27525,-22.478050718016014,-44.50608144601535,resende,RJ
27525,-22.479664452680463,-44.499191422009346,resende,RJ
27525,-22.479119999999998,-44.49922649999999,resende,RJ
27525,-22.47990745268046,-44.49282400582837,resende,RJ
27525,-22.48035410770875,-44.49448414554025,resende,RJ
28051,-21.752686105920883,-41.342931617164176,campos dos goytacazes,RJ
28051,-21.750863642086447,-41.34328146613502,campos dos goytacazes,RJ
28051,-21.75369514388119,-41.344213499999995,campos dos goytacazes,RJ
28051,-21.74775180073426,-41.335506260694316,campos dos goytacazes,RJ
28051,-21.746121734205307,-41.33647677648459,campos dos goytacazes,RJ
29066,-20.274743159847777,-40.28413066414694,vitoria,ES
29066,-20.275004858474077,-40.283944321426326,vitoria,ES
29066,-20.274057,-40.30072649999998,vitoria,ES
29066,-20.27622391698903,-40.284368819897104,vitoria,ES
29066,-20.273773851232058,-40.298632963904545,vitoria,ES
29185,-19.933989498185696,-40.405765534571934,fundao,ES
29185,-19.929370807451267,-40.40676320590179,fundao,ES
29185,-20.03782866174987,-40.18956204982735,fundao,ES
29185,-19.932710932893087,-40.40869274294229,fundao,ES
29185,-19.933251855182842,-40.406613750000005,fundao,ES
29260,-20.36457821981136,-40.65951846538821,domingos martins,ES
29260,-20.362547540708782,-40.661957843389914,domingos martins,ES
29260,-20.36012905555818,-40.66232832846519,domingos martins,ES
29260,-20.31680912249455,-40.803305097396084,domingos martins,ES
29260,-20.366295148880877,-40.66064602214158,domingos martins,ES
29313,-20.825998802613153,-41.13645175016037,cachoeiro de itapemirim,ES
29313,-20.824989154399937,-41.15543595821815,cachoeiro de itapemirim,ES
29313,-20.83284344673223,-41.154228519184855,cachoeiro de itapemirim,ES
29313,-20.83381707121585,-41.154877544925675,cachoeiro de itapemirim,ES
29313,-20.830698177819386,-41.15313990407998,cachoeiro de itapemirim,ES
29600,-20.072234826974274,-41.13260705353448,afonso claudio,ES
29600,-20.07817428302873,-41.12344552445209,afonso claudio,ES
29600,-20.076310599567975,-41.12542515642709,afonso claudio,ES
29600,-20.07304220746382,-41.130520157584165,afonso claudio,ES
29600,-20.074847677126563,-41.12399578108004,afonso claudio,ES
30112,-19.937796863437082,-43.93511809270582,belo horizonte,MG
30112,-19.939521520947597,-43.93819737108313,belo horizonte,MG
30112,-19.937278189549083,-43.93937724981856,belo horizonte,MG
30112,-19.93786325783373,-43.94190582722604,belo horizonte,MG
30112,-19.93892290980433,-43.93261644393788,belo horizonte,MG
30160,-19.921360484044065,-43.93920564986445,belo horizonte,MG
30160,-19.925410295862438,-43.93761059437926,belo horizonte,MG
30160,-19.934544709129216,-43.94147188288412,belo horizonte,MG
30160,-19.924852148767933,-43.94018559158064,belo horizonte,MG
30160,-19.92825666388715,-43.941148218160244,belo horizonte,MG
30520,-19.94290708159733,-44.020034873997325,belo horizonte,MG
30520,-19.942196364418024,-44.01738287039065,belo horizonte,MG
30520,-19.936099125526642,-44.021539091697036,belo horizonte,MG
30520,-19.941566448237054,-44.01661988149914,belo horizonte,MG
30520,-19.940691496034926,-44.01500760271822,belo horizonte,MG
30770,-19.911644308904183,-43.97292042423106,belo horizonte,MG
30770,-19.90725729586244,-43.964634898407354,belo horizonte,MG
30770,-19.90757446378897,-43.969313011656766,belo horizonte,MG
30770,-19.905322730796193,-43.9717286994885,belo horizonte,MG
30770,-19.909731373853095,-43.974712226470125,belo horizonte,MG
31560,-19.841515899532542,-43.97289771550586,belo horizonte,MG
31560,-19.834269893704164,-43.97488816152122,belo horizonte,MG
31560,-19.842287173395,-43.97548327698386,belo horizonte,MG
31560,-19.842615597005,-43.97269759893824,belo horizonte,MG
31560,-19.83578368636396,-43.97698322690281,belo horizonte,MG
29108,-20.35074967525604,-40.317252487859186,vila velha,ES
29108,-20.344663092698394,-40.320054534384255,vila velha,ES
29108,-20.34870439470916,-40.31510194116932,vila velha,ES
29108,-20.351359131183678,-40.3168340373245,vila velha,ES
29108,-20.346354422499648,-40.31623035537666,vila velha,ES
29306,-20.84800429049323,-41.09208749231039,cachoeiro de itapemirim,ES
29306,-20.84763253977531,-41.10798034374526,cachoeiro de itapemirim,ES
29306,-20.854566432782452,-41.10306594799263,cachoeiro de itapemirim,ES
29306,-20.856384773999615,-41.10182783620152,cachoeiro de itapemirim,ES
29306,-20.848502999999944,-41.108916499999964,cachoeiro de itapemirim,ES
29450,-21.15709213056911,-41.56442773822537,apiaca,ES
29450,-21.15039969138189,-41.569223790705124,apiaca,ES
29450,-21.153887179804105,-41.56655461851691,apiaca,ES
29450,-21.146935430446607,-41.56759267227394,apiaca,ES
29450,-21.14949590537008,-41.56845259779339,apiaca,ES
30111,-19.91624655709342,-43.936233640966364,belo horizonte,MG
30111,-19.913589221190016,-43.93942500207746,belo horizonte,MG
30111,-19.91624655709342,-43.936233640966364,belo horizonte,MG
30111,-19.91491936774402,-43.941247472584045,belo horizonte,MG
30111,-19.913911749137874,-43.940778764981594,belo horizonte,MG
30260,-19.92439678489817,-43.911675811414355,belo horizonte,MG
30260,-19.92862464525643,-43.90743970432771,belo horizonte,MG
30260,-19.92473484485541,-43.90816333389113,belo horizonte,MG
30260,-19.91948389508914,-43.91167366971553,belo horizonte,MG
30260,-19.91981769109582,-43.912337982514856,belo horizonte,MG
30310,-19.944736576172975,-43.92554456564138,belo horizonte,MG
30310,-19.944020755208005,-43.93300342394257,belo horizonte,MG
30310,-19.945283050233733,-43.93200834583637,belo horizonte,MG
30310,-19.948161834035368,-43.92205790437997,belo horizonte,MG
30310,-19.947202218708508,-43.927233799613354,belo horizonte,MG
30320,-19.959546102948956,-43.93549305303234,belo horizonte,MG
30320,-19.956560228143573,-43.93932076824976,belo horizonte,MG
30320,-19.972806454613707,-43.93445705288811,belo horizonte,MG
30320,-19.974666257573933,-43.941663738963605,belo horizonte,MG
30320,-19.973471659155294,-43.93673510090014,belo horizonte,MG
30330,-19.941373330284467,-43.93759243297362,belo horizonte,MG
30330,-19.946139767701492,-43.93970019830916,belo horizonte,MG
30330,-19.942644404668428,-43.939592124761916,belo horizonte,MG
30330,-19.944665753099777,-43.93624186194559,belo horizonte,MG
30330,-19.945718225085155,-43.94119605314791,belo horizonte,MG
95860,-29.779267920827255,-51.850656638173476,taquari,RS
95860,-29.784544520212204,-51.85802208204935,taquari,RS
95860,-29.80170864645852,-51.84688180001048,taquari,RS
95860,-29.801965779195395,-51.87452027798411,taquari,RS
95860,-29.78786508815496,-51.859375072674275,taquari,RS
95900,-29.45957919035882,-51.96768363129545,lajeado,RS
95900,-29.45394925303775,-51.986844406058964,lajeado,RS
95900,-29.45308622852261,-51.96115080222551,lajeado,RS
95900,-29.46733531798917,-51.977258293561796,lajeado,RS
95900,-29.463345958890073,-51.98011162459812,lajeado,RS
96200,-32.032076778660375,-52.103793550113096,rio grande,RS
96200,-32.03786868115421,-52.09512258956575,rio grande,RS
96200,-32.03766750730387,-52.09043611442283,rio grande,RS
96200,-32.03434686526726,-52.08932175759864,rio grande,RS
96200,-32.0333671780475,-52.09336118429256,rio grande,RS
97032,-29.697507759968662,-53.87413877997511,santa maria,RS
97032,-29.697361183977762,-53.8781110645288,santa maria,RS
97032,-29.697629196779964,-53.87810081542504,santa maria,RS
97032,-29.698255144963657,-53.87639894342982,santa maria,RS
97032,-29.706495906628753,-53.87406360476033,santa maria,RS
98200,-28.63918311794707,-53.09740332833998,ibiruba,RS
98200,-28.63589743766234,-53.114987528991385,ibiruba,RS
98200,-28.638569009234654,-53.07334250033392,ibiruba,RS
98200,-28.630817999999994,-53.09017862381814,ibiruba,RS
98200,-28.626603381528597,-53.09073596249038,ibirubá,RS
98803,-28.281003423550747,-54.258283178397335,santo ângelo,RS
98803,-28.272303,-54.259877249999995,santo angelo,RS
98803,-28.282244114315315,-54.259175319087085,santo angelo,RS
98803,-28.294988550399808,-54.2602453647487,santo angelo,RS
98803,-28.297836763566927,-54.262498609547066,santo ângelo,RS
21046,-22.867022430751916,-43.23613113918864,rio de janeiro,RJ
21046,-22.86666339439666,-43.23445087898898,rio de janeiro,RJ
21046,-22.870597736942095,-43.242964221238736,rio de janeiro,RJ
21046,-22.87293926396007,-43.24151418956532,rio de janeiro,RJ
21046,-22.8733408397027,-43.23910496565058,rio de janeiro,RJ
21321,-22.88688293782105,-43.365750051474464,rio de janeiro,RJ
21321,-22.896191124646354,-43.34314858237672,rio de janeiro,RJ
21321,-22.88957136052289,-43.36715328005074,rio de janeiro,RJ
21321,-22.895428211495148,-43.361700762565604,rio de janeiro,RJ
21321,-22.894175409633405,-43.35568746796124,rio de janeiro,RJ
21341,-22.88641096422165,-43.3508660295746,rio de janeiro,RJ
21341,-22.883008551304037,-43.343404671713415,rio de janeiro,RJ
21341,-22.881413565929858,-43.34346116394447,rio de janeiro,RJ
21341,-22.876119524006004,-43.35166108465574,rio de janeiro,RJ
21341,-22.882959174797236,-43.34446965739789,rio de janeiro,RJ
21840,-22.874598503462455,-43.477731000000006,rio de janeiro,RJ
21840,-22.827187090195668,-43.28920644393789,rio de janeiro,RJ
21840,-22.87417999048916,-43.47829407582582,rio de janeiro,RJ
21840,-22.868280209273443,-43.471537989583986,rio de janeiro,RJ
21840,-22.875070506780663,-43.46545402553522,rio de janeiro,RJ
21921,-22.80845493533955,-43.18765927629982,rio de janeiro,RJ
21921,-22.81285210980398,-43.179794170254524,rio de janeiro,RJ
21921,-22.81029303191187,-43.178646834583645,rio de janeiro,RJ
21921,-22.809551630412432,-43.18649481910471,rio de janeiro,RJ
21921,-22.806610312799325,-43.18243685178032,rio de janeiro,RJ
21931,-22.805776179896323,-43.203935179544835,rio de janeiro,RJ
21931,-22.80425923786709,-43.20446634179701,rio de janeiro,RJ
21931,-22.80706982653355,-43.196905676380624,rio de janeiro,RJ
21931,-22.806849080212356,-43.205495463644745,rio de janeiro,RJ
21931,-22.800192580068124,-43.20567482610086,rio de janeiro,RJ
95870,-29.604363651285958,-51.93872728006997,bom retiro do sul,RS
95870,-29.600030973342108,-51.92669172751402,bom retiro do sul,RS
95870,-29.601410647654475,-51.945268287183445,bom retiro do sul,RS
95870,-29.600099974605776,-51.92987055834015,bom retiro do sul,RS
95870,-29.599830780297946,-51.9377920452424,bom retiro do sul,RS
96201,-32.03094717184131,-52.08162508196311,rio grande,RS
96201,-32.039172535445296,-52.0817143406557,rio grande,RS
96201,-32.034904722276714,-52.08625734417169,rio grande,RS
96201,-32.04138563245439,-52.09486248540269,rio grande,RS
96201,-32.04887902979058,-52.08274176811166,rio grande,RS
98600,-27.45466109507337,-53.94245203619126,tres passos,RS
98600,-27.45625337840751,-53.93061336198395,três passos,RS
98600,-27.45719378635756,-53.93049170392705,três passos,RS
98600,-27.461721648709545,-53.924645498439695,tres passos,RS
98600,-27.45502011267728,-53.928433553777786,tres passos,RS
99060,-28.276252933191227,-52.369086714202915,passo fundo,RS
99060,-28.27390149334963,-52.382313861943345,passo fundo,RS
99060,-28.28059029781518,-52.37232954436184,passo fundo,RS
99060,-28.271590521982613,-52.3816109725302,passo fundo,RS
99060,-28.27255714845423,-52.38112571615141,passo fundo,RS
19013,-22.13360652888778,-51.38976364654071,presidente prudente,SP
19013,-22.138472731140798,-51.394188249170426,presidente prudente,SP
19013,-22.135815788285857,-51.39485141880708,presidente prudente,SP
19013,-22.12947979600667,-51.3915163426337,presidente prudente,SP
19013,-22.13236564058366,-51.396890110231254,presidente prudente,SP
19063,-22.131826190859826,-51.450761316949546,presidente prudente,SP
19063,-22.12884350794778,-51.446552333420264,presidente prudente,SP
19063,-22.13163343329935,-51.449317825672786,presidente prudente,SP
19063,-22.12994340254704,-51.43999936034952,presidente prudente,SP
19063,-22.126310837930273,-51.44070861586648,presidente prudente,SP
20020,-22.906360477927226,-43.17769425437129,rio de janeiro,RJ
20020,-22.909819096860765,-43.16923476351789,rio de janeiro,RJ
20020,-22.907621262565595,-43.17308918639262,rio de janeiro,RJ
20020,-22.90635852899767,-43.17495263336028,rio de janeiro,RJ
20020,-22.908091096312507,-43.17014017819829,rio de janeiro,RJ
20021,-22.916930752149586,-43.17680278227244,rio de janeiro,RJ
20021,-22.90741295337295,-43.16864381072185,rio de janeiro,RJ
20021,-22.916195025535227,-43.17775933902703,rio de janeiro,RJ
20021,-22.911338829303517,-43.17239710436259,rio de janeiro,RJ
20021,-22.936633941171085,-43.17299338235742,rio de janeiro,RJ
20040,-22.905034897862556,-43.177614762728744,rio de janeiro,RJ
20040,-22.90548998167814,-43.177485715361634,rio de janeiro,RJ
20040,-22.906590380518193,-43.177138050522196,rio de janeiro,RJ
20040,-22.906590380518193,-43.177138050522196,rio de janeiro,RJ
20040,-22.90507423727126,-43.17772389786257,rio de janeiro,RJ
21010,-22.811777241615037,-43.29909368630079,rio de janeiro,RJ
21010,-22.815630324456084,-43.29689921842006,rio de janeiro,RJ
21010,-22.8217874454671,-43.295893579664074,rio de janeiro,RJ
21010,-22.816983416036734,-43.29161438980903,rio de janeiro,RJ
21010,-22.816748860667115,-43.29096571925676,rio de janeiro,RJ
21745,-22.88747654844472,-43.41290058505978,rio de janeiro,RJ
21745,-22.876602516792655,-43.408229893011665,rio de janeiro,RJ
21745,-22.876115071325554,-43.41028379626648,rio de janeiro,RJ
21745,-22.873172605603337,-43.41036342783772,rio de janeiro,RJ
21745,-22.883352454065445,-43.41087752775692,rio de janeiro,RJ
22020,-22.96601266501233,-43.1783093037683,rio de janeiro,RJ
22020,-22.96646347238731,-43.18144199082475,rio de janeiro,RJ
22020,-22.96631895506841,-43.17892609529729,rio de janeiro,RJ
22020,-22.965309209821704,-43.17543412877264,rio de janeiro,RJ
22020,-22.96669623674191,-43.17852833207348,rio de janeiro,RJ
22290,-22.954859287264107,-43.18091709714924,rio de janeiro,RJ
22290,-22.950627034422027,-43.176275570084805,rio de janeiro,RJ
22290,-22.955297470604357,-43.17762052939563,rio de janeiro,RJ
22290,-22.955932959201334,-43.17446576894224,rio de janeiro,RJ
22290,-22.953273003058413,-43.17307519135562,rio de janeiro,RJ
22763,-22.949217347820927,-43.35077284348652,rio de janeiro,RJ
22763,-22.97317569404896,-43.69234486338513,rio de janeiro,RJ
22763,-22.94653218096826,-43.35772081986844,rio de janeiro,RJ
22763,-22.93870249624909,-43.35244317346644,rio de janeiro,RJ
22763,-22.94467820151183,-43.356502934070136,rio de janeiro,RJ
22785,-22.975520300681236,-43.48436102271125,rio de janeiro,RJ
22785,-22.976390104566782,-43.49443986532222,rio de janeiro,RJ
22785,-22.99154870924257,-43.49673036302551,rio de janeiro,RJ
22785,-23.006955039482246,-43.4443274170613,rio de janeiro,RJ
22785,-22.99154870924257,-43.49673036302551,rio de janeiro,RJ
23092,-22.869434839575298,-43.55443024078128,rio de janeiro,RJ
23092,-22.851520438121998,-43.54349303014654,rio de janeiro,RJ
23092,-22.881538512396304,-43.54851085095168,rio de janeiro,RJ
23092,-22.881538512396304,-43.54851085095168,rio de janeiro,RJ
23092,-22.87858635717578,-43.54919465724752,rio de janeiro,RJ
23550,-22.933875887039065,-43.68870134055625,rio de janeiro,RJ
23550,-22.93735992039637,-43.69465923178509,rio de janeiro,RJ
24451,-22.827869999999994,-43.01969625000001,sao goncalo,RJ
24451,-22.828184840625926,-43.02268017071824,sao goncalo,RJ
24451,-22.823413750693327,-43.00784642095154,sao goncalo,RJ
24451,-22.83563512107761,-43.00989848175705,são gonçalo,RJ
24451,-22.827847529305462,-43.02084525434145,sao goncalo,RJ
24465,-22.824517500000002,-43.05652424999999,são gonçalo,RJ
24465,-22.817827191025327,-43.052219030770395,sao goncalo,RJ
24465,-22.824517500000002,-43.05652424999999,sao goncalo,RJ
24465,-22.820447607710474,-43.057704673554824,sao goncalo,RJ
24465,-22.822389636080754,-43.06006090987458,sao goncalo,RJ
24756,-22.891851750394064,-43.006206836798846,sao goncalo,RJ
24756,-22.874200469617342,-43.027301882307206,sao goncalo,RJ
24756,-22.891848369760528,-43.00617725625542,sao goncalo,RJ
24756,-22.87691241089113,-43.02247701980244,sao goncalo,RJ
24756,-22.876942438346244,-43.02469025761919,sao goncalo,RJ
25615,-22.490610536856966,-43.152129903809545,petrópolis,RJ
25615,-22.494262626911766,-43.1587692896266,petrópolis,RJ
25615,-22.49037313432184,-43.15585740044716,petropolis,RJ
25615,-22.495604377919914,-43.16082264802904,petropolis,RJ
25615,-22.49189412449367,-43.15708402599278,petropolis,RJ
25660,-22.51377046504942,-43.20986209392224,petrópolis,RJ
25660,-22.513569271644,-43.21244782993329,petropolis,RJ
25660,-22.511715281811636,-43.19877997122729,petropolis,RJ
25660,-22.510861834022695,-43.20501418311837,petropolis,RJ
25660,-22.511715281811636,-43.19877997122729,petropolis,RJ
25710,-22.459837563983942,-43.14172200990929,petropolis,RJ
25710,-22.487916491488672,-43.152169135947,petropolis,RJ
25710,-22.4724669156198,-43.14937106409204,petropolis,RJ
25710,-22.48802063508482,-43.15228400020745,petropolis,RJ
25710,-22.468202042905123,-43.146114663324184,petropolis,RJ
26700,-22.525176465431056,-43.74058341826739,mendes,RJ
26700,-22.531361472577338,-43.73606942847727,mendes,RJ
26700,-22.524264007805076,-43.733226629913474,mendes,RJ
26700,-22.525533575419097,-43.73239225408637,mendes,RJ
26700,-22.513133999999944,-43.74289699999997,mendes,RJ
27277,-22.498182754371285,-44.12361371579433,volta redonda,RJ
27277,-22.499538873160603,-44.12615613711119,volta redonda,RJ
27277,-22.501226883800417,-44.132442595688225,volta redonda,RJ
27277,-22.500388561746252,-44.12477286663972,volta redonda,RJ
27277,-22.499962575076452,-44.127570860811346,volta redonda,RJ
29047,-20.300121565184465,-40.31167495221073,vitoria,ES
29047,-20.29402768568183,-40.30898154306811,vitoria,ES
29047,-20.29988208562559,-40.31303705914372,vitoria,ES
29047,-20.31175415396294,-40.30213394382721,vitoria,ES
29047,-20.29711506327547,-40.30844163197528,vitoria,ES
29090,-20.263598046627042,-40.26277429765146,vitória,ES
29090,-20.2493406017082,-40.269427795169946,vitoria,ES
29090,-20.252980423827022,-40.26707145045876,vitoria,ES
29090,-20.26047187657197,-40.263718491738764,vitoria,ES
29090,-20.263697895089148,-40.26282122788378,vitoria,ES
29156,-20.297536576315473,-40.400868537312284,cariacica,ES
29156,-20.300214306886804,-40.39429994624356,cariacica,ES
29156,-20.267435015506543,-40.41526251550655,cariacica,ES
29156,-20.352414794534898,-40.401049001409575,cariacica,ES
29156,-20.254806099778452,-40.428039123093406,cariacica,ES
29157,-20.26757119487457,-40.42786343410808,cariacica,ES
29157,-20.260704548898076,-40.38131323456531,cariacica,ES
29157,-20.329741538513687,-40.36067662561275,cariacica,ES
29157,-20.256069733429964,-40.3833704572628,cariacica,ES
29157,-20.256069733429964,-40.3833704572628,cariacica,ES
29285,-20.839347450458757,-40.72739984055626,piuma,ES
29285,-20.845634416325197,-40.749216915344256,piuma,ES
29285,-20.837163594494836,-40.71410186955393,piuma,ES
29285,-20.846742663816507,-40.74840281816822,piuma,ES
29285,-20.84271792368279,-40.73348350014423,piuma,ES
29302,-20.848315602744776,-41.12980028604675,cachoeiro de itapemirim,ES
29302,-20.84896085693218,-41.12361165389535,cachoeiro de itapemirim,ES
29302,-20.846060643475077,-41.129761806333406,cachoeiro de itapemirim,ES
29302,-20.855349425008665,-41.12591742999654,cachoeiro de itapemirim,ES
29302,-20.850335158678817,-41.12569284761161,cachoeiro de itapemirim,ES
29480,-20.954686439913583,-41.35082239421584,muqui,ES
29480,-20.948196411679966,-41.340694382252714,muqui,ES
29480,-20.954450778251072,-41.34779232204981,muqui,ES
29480,-20.954445942452768,-41.35427657069087,muqui,ES
29480,-20.953274997597102,-41.34148658663447,muqui,ES
29680,-19.757703950109015,-40.376856973073075,joao neiva,ES
29680,-19.754821990047876,-40.38647304791741,joao neiva,ES
29680,-19.756448951534203,-40.385833906290166,joão neiva,ES
29680,-19.76055900509458,-40.385192789927565,joão neiva,ES
29680,-19.75869976191262,-40.38560518538306,joao neiva,ES
29700,-19.52617980963218,-40.61726008378408,colatina,ES
29700,-19.53344267008817,-40.62559830296347,colatina,ES
29700,-19.521959816821862,-40.615086855630885,colatina,ES
29700,-19.533634269755986,-40.62582639780611,colatina,ES
29700,-19.5308950141165,-40.62305333779854,colatina,ES
21031,-22.84488321703506,-43.25879683126541,rio de janeiro,RJ
21031,-22.849137251457094,-43.26059325437129,rio de janeiro,RJ
21031,-22.849001360811354,-43.260462754371275,rio de janeiro,RJ
21031,-22.841076731317557,-43.257374078538916,rio de janeiro,RJ
21031,-22.84469678296493,-43.25863516873458,rio de janeiro,RJ
21330,-22.88071189148247,-43.37148510017898,rio de janeiro,RJ
21330,-22.879540361648072,-43.36949462683938,rio de janeiro,RJ
21330,-22.884195729672776,-43.35701630988514,rio de janeiro,RJ
21330,-22.885009102977616,-43.3560584125743,rio de janeiro,RJ
21330,-22.88226650291419,-43.372642531363596,rio de janeiro,RJ
21370,-22.874173145161254,-43.33419680070986,rio de janeiro,RJ
21370,-22.86762182708181,-43.31273540328346,rio de janeiro,RJ
21370,-22.875470497085814,-43.32412982183035,rio de janeiro,RJ
21370,-22.870394308904178,-43.31855263113858,rio de janeiro,RJ
21370,-22.868813399936574,-43.31939404731953,rio de janeiro,RJ
21371,-22.84559560949849,-43.33790705190715,rio de janeiro,RJ
21371,-22.84633999056494,-43.336053980697194,rio de janeiro,RJ
21371,-22.84629185844541,-43.330719065352945,rio de janeiro,RJ
21371,-22.85057562808014,-43.32090156217894,rio de janeiro,RJ
21371,-22.852657236193647,-43.322427188181635,rio de janeiro,RJ
22010,-22.962079980841413,-43.1679761924808,rio de janeiro,RJ
22010,-22.96335826366212,-43.17133152123605,rio de janeiro,RJ
22010,-22.96258262891687,-43.17360687731553,rio de janeiro,RJ
22010,-22.962200155692837,-43.170117804749246,rio de janeiro,RJ
22010,-22.96278160338164,-43.17349641006413,rio de janeiro,RJ
22710,-22.933084232038713,-43.36663107132555,rio de janeiro,RJ
22710,-22.946843044559746,-43.3830795846041,rio de janeiro,RJ
22710,-22.92998284830194,-43.36884822026689,rio de janeiro,RJ
22710,-22.92831832889949,-43.37144795697964,rio de janeiro,RJ
22710,-22.942431,-43.384232678169646,rio de janeiro,RJ
22765,-22.951572474608998,-43.344960668474776,rio de janeiro,RJ
22765,-22.9508594207686,-43.34599567361066,rio de janeiro,RJ
22765,-22.969778535487574,-43.35017533836906,rio de janeiro,RJ
22765,-22.95634609019567,-43.346746472243076,rio de janeiro,RJ
22765,-22.9569206666499,-43.35271471211948,rio de janeiro,RJ
23587,-22.924709159377265,-43.62735147659086,rio de janeiro,RJ
23587,-22.919438158751262,-43.623606694269796,rio de janeiro,RJ
23587,-22.92019238718329,-43.62415945989383,rio de janeiro,RJ
23587,-22.917906754371288,-43.6225126964915,rio de janeiro,RJ
23587,-22.928940228871287,-43.62626253494183,rio de janeiro,RJ
24120,-22.88248286955392,-43.088660754775304,niteroi,RJ
24120,-22.88385808941324,-43.08569812506866,niteroi,RJ
24120,-22.881958658895485,-43.09511329239997,niterói,RJ
24120,-22.886476729960037,-43.07906110897805,niteroi,RJ
24120,-22.88592517568814,-43.087877051762945,niterói,RJ
88200,-27.24191068154528,-48.617434258999964,tijucas,SC
88200,-27.242984887970085,-48.625226859882204,tijucas,SC
88200,-27.24437442334345,-48.63738893905402,tijucas,SC
88200,-27.236394815221225,-48.64541180349897,tijucas,SC
88200,-27.244106420632313,-48.6408072980769,tijucas,SC
88705,-28.481715051907166,-48.999506249235395,tubarao,SC
88705,-28.48284634915459,-48.99501379239997,tubarao,SC
88705,-28.47802628243179,-48.99718340569771,tubarao,SC
88705,-28.475046670552253,-48.99006868581569,tubarao,SC
88705,-28.481368691123766,-48.997665902322225,tubarao,SC
88780,-28.190231258277553,-48.66460352500113,imbituba,SC
88780,-28.23654542625501,-48.6720867338544,imbituba,SC
88780,-28.236862238494382,-48.667984095596466,imbituba,SC
88780,-28.240338425632537,-48.67268033835331,imbituba,SC
88780,-28.240800093957027,-48.66166073071859,imbituba,SC
89036,-26.916799563108516,-49.10045008206197,blumenau,SC
89036,-26.91751347995102,-49.097233141860556,blumenau,SC
89036,-26.91454052622771,-49.093499509435055,blumenau,SC
89036,-26.917159452680462,-49.09264040743838,blumenau,SC
89036,-26.91599632584106,-49.091246297535875,blumenau,SC
89210,-26.328968528449412,-48.84116263780367,joinville,SC
89210,-26.324007841796995,-48.83912807729816,joinville,SC
89210,-26.332953999163276,-48.81837569095157,joinville,SC
89210,-26.331754854815436,-48.84291224412372,joinville,SC
89210,-26.335674555369618,-48.837012495700826,joinville,SC
89215,-26.3367734454671,-48.906451424923546,joinville,SC
89215,-26.335018623925208,-48.900652155981305,joinville,SC
89215,-26.33392625007211,-48.90549257369147,joinville,SC
89215,-26.330778775463106,-48.90223242630851,joinville,SC
89215,-26.3325923119626,-48.90511811004674,joinville,SC
89254,-26.46850294670808,-49.109883098307336,jaragua do sul,SC
89254,-26.481949500916166,-49.13054881168377,jaragua do sul,SC
89254,-26.475470256997014,-49.09964748958398,jaragua do sul,SC
89254,-26.48127806301567,-49.116976365803005,jaragua do sul,SC
89254,-26.467770425212,-49.10826240660166,jaragua do sul,SC
89560,-27.00086872288371,-51.14532022116548,videira,SC
89560,-26.991631848942145,-51.18875595704185,videira,SC
89560,-27.00118035685037,-51.14364040742851,videira,SC
89560,-27.01060436374163,-51.15023034279817,videira,SC
89560,-27.012420000000002,-51.1485975,videira,SC
89708,-27.243439526955736,-52.037657786994764,concordia,SC
89708,-27.243182716881297,-52.02511179951488,concórdia,SC
89708,-27.241211601938495,-52.03036281568967,concordia,SC
89708,-27.24103974135804,-52.03642019577389,concordia,SC
89708,-27.24410151745964,-52.02860856433061,concordia,SC
90020,-30.02996719492721,-51.2285747494748,porto alegre,RS
90020,-30.032197385250054,-51.23633299471989,porto alegre,RS
90020,-30.029788561746255,-51.227105369553925,porto alegre,RS
90020,-30.031067651393666,-51.233269180131536,porto alegre,RS
90020,-30.03024333888281,-51.227729220497515,porto alegre,RS
90450,-30.02772762392521,-51.187082614778596,porto alegre,RS
90450,-30.027153372756572,-51.19237693144442,porto alegre,RS
90450,-30.034755398551596,-51.18882961547109,porto alegre,RS
90450,-30.036590612816703,-51.19003529156328,porto alegre,RS
90450,-30.028312561746258,-51.191155540106166,porto alegre,RS
91160,-29.991483510663272,-51.09895269471816,porto alegre,RS
91160,-29.995568999999996,-51.108596999999996,porto alegre,RS
91160,-29.99869923175314,-51.10321025933329,porto alegre,RS
91160,-30.00083421311752,-51.10034532049772,porto alegre,RS
91160,-29.99074596382702,-51.098483216842,porto alegre,RS
18550,-23.279657630556585,-47.6618565754143,boituva,SP
18550,-23.272872073498604,-47.676323296847826,boituva,SP
18550,-23.28343787971438,-47.670430307032895,boituva,SP
18550,-23.27912191937915,-47.68613538547378,boituva,SP
18550,-23.293770399798042,-47.665653644545266,boituva,SP
18605,-22.908683713572614,-48.44025495045875,botucatu,SP
18605,-22.92124054731953,-48.44544998834323,botucatu,SP
18605,-22.91646327615559,-48.437919591869104,botucatu,SP
18605,-22.91119055453289,-48.44224157216226,botucatu,SP
18605,-22.905587210658425,-48.44123434248949,botucatu,SP
19806,-22.657282312191057,-50.41657037194679,assis,SP
19806,-22.657051323638015,-50.428301902223936,assis,SP
19806,-22.659152510964272,-50.41707207799064,assis,SP
19806,-22.65670997083109,-50.44296710887677,assis,SP
19806,-22.648316658607026,-50.433333297247415,assis,SP
20050,-22.905646952536237,-43.17888623036526,rio de janeiro,RJ
20050,-22.904640041635382,-43.17706656480468,rio de janeiro,RJ
20050,-22.906224115730893,-43.17868636635125,rio de janeiro,RJ
20050,-22.905811174014705,-43.17935761449015,rio de janeiro,RJ
20050,-22.906921651133874,-43.18126302178431,rio de janeiro,RJ
20221,-22.897098494287192,-43.18844514265111,rio de janeiro,RJ
20221,-22.90085499999998,-43.191436446999944,rio de janeiro,RJ
20221,-22.904484213976644,-43.19213680766344,rio de janeiro,RJ
20221,-22.89851486594724,-43.1904473119626,rio de janeiro,RJ
20221,-22.902336597004997,-43.19098872661437,rio de janeiro,RJ
20735,-22.899707454902163,-43.29301964141035,rio de janeiro,RJ
20735,-22.898349137919237,-43.28603771175494,rio de janeiro,RJ
20735,-22.900539018033403,-43.287347609210016,rio de janeiro,RJ
20735,-22.899557431300185,-43.28615097584976,rio de janeiro,RJ
20735,-22.902309137919243,-43.28664079557399,rio de janeiro,RJ
20766,-22.867443126002676,-43.282095820156925,rio de janeiro,RJ
20766,-22.862870612816707,-43.2882823724681,rio de janeiro,RJ
20766,-22.86197254010618,-43.28789180584576,rio de janeiro,RJ
20766,-22.869957928126187,-43.283144446707844,rio de janeiro,RJ
20766,-22.866961499999995,-43.28770275000001,rio de janeiro,RJ
20930,-22.89002472433818,-43.23590644033692,rio de janeiro,RJ
20930,-22.889673744099504,-43.23560862031851,rio de janeiro,RJ
20930,-22.88957393727279,-43.23415978795659,rio de janeiro,RJ
20930,-22.890363600611675,-43.22505034194122,rio de janeiro,RJ
20930,-22.88944325422706,-43.2332697253736,rio de janeiro,RJ
21775,-22.891478935169616,-43.448536387432924,rio de janeiro,RJ
21775,-22.887636433521877,-43.44471195865308,rio de janeiro,RJ
21775,-22.886710565352935,-43.445366262132914,rio de janeiro,RJ
21775,-22.880863005828374,-43.44544279239999,rio de janeiro,RJ
21775,-22.88268370858096,-43.44222315070117,rio de janeiro,RJ
22420,-22.984848450458767,-43.20073414542106,rio de janeiro,RJ
22420,-22.985693412718515,-43.198911618096815,rio de janeiro,RJ
22420,-22.98527949653754,-43.20645345045875,rio de janeiro,RJ
22420,-22.985033543424393,-43.21005238190318,rio de janeiro,RJ
22420,-22.985014568959624,-43.21024138190316,rio de janeiro,RJ
22450,-22.99399656731484,-43.233967662069475,rio de janeiro,RJ
22450,-22.98729961394188,-43.229947262854054,rio de janeiro,RJ
22450,-22.98461652484273,-43.23072565390384,rio de janeiro,RJ
22450,-22.982088258122193,-43.22661119302906,rio de janeiro,RJ
22450,-22.97945828864908,-43.2263312875239,rio de janeiro,RJ
08040,-23.512628640025362,-46.44438860046746,sao paulo,SP
08040,-23.50554541993188,-46.445554623925204,sao paulo,SP
08040,-23.50778782431185,-46.447228115875134,sao paulo,SP
08040,-23.508931342043166,-46.447679855252126,sao paulo,SP
08040,-23.504141419931873,-46.44631487246812,sao paulo,SP
08577,-23.482623440635415,-46.37448952833195,itaquaquecetuba,SP
08577,-23.48988814879191,-46.37265745864769,itaquaquecetuba,SP
08577,-23.483042264282698,-46.37493447931138,itaquaquecetuba,SP
08577,-23.479473101948884,-46.36081912564356,itaquaquecetuba,SP
08577,-23.48934831773669,-46.36139435583439,itaquaquecetuba,SP
08663,-23.570380235766372,-46.33524512889459,suzano,SP
08663,-23.568566573305016,-46.33667270749197,suzano,SP
08663,-23.56180328852755,-46.332707557746495,suzano,SP
08663,-23.570505266031994,-46.33276700239336,suzano,SP
08663,-23.564996022883633,-46.329832140795965,suzano,SP
08674,-23.548097553405626,-46.31345697115317,suzano,SP
08674,-23.534418588638978,-46.30910402840255,suzano,SP
08674,-23.53750197402706,-46.30906827418078,suzano,SP
08674,-23.53918298123738,-46.307694152283084,suzano,SP
08674,-23.54689008348358,-46.31556276343883,suzano,SP
08676,-23.54356434749401,-46.30668012867757,suzano,SP
08676,-23.554992699960994,-46.303800857404525,suzano,SP
08676,-23.54378206937763,-46.305144553142846,suzano,SP
08676,-23.553840695968184,-46.30539164682519,suzano,SP
08676,-23.63192896442644,-46.32900904973862,suzano,SP
08686,-23.534753017448814,-46.28783909231169,suzano,SP
08686,-23.534755720078792,-46.28786721968291,suzano,SP
08686,-23.534755720078792,-46.28786721968291,suzano,SP
08686,-23.534269175725896,-46.28458872966833,suzano,SP
08686,-23.534755720078792,-46.28786721968291,suzano,SP
09320,-23.656676689970634,-46.44420755410021,mauá,SP
09320,-23.666369742426067,-46.4423234619713,maua,SP
09320,-23.65947235720467,-46.44407946101901,maua,SP
09320,-23.660260826511937,-46.443079864808446,mauá,SP
09320,-23.6678394657222,-46.44013248946842,mauá,SP
09330,-23.66203473621403,-46.432956184635586,maua,SP
09330,-23.655554789630035,-46.4216842307693,mauá,SP
09330,-23.669111097233476,-46.41441473610571,maua,SP
09330,-23.65727842815229,-46.41956190221493,maua,SP
09330,-23.653703330610146,-46.41129986840743,maua,SP
09341,-23.680005393944356,-46.41760887700971,maua,SP
09341,-23.680926081869746,-46.41618970838548,maua,SP
09341,-23.681404250692374,-46.41331080875588,mauá,SP
09341,-23.665186771567974,-46.42753007467243,mauá,SP
09341,-23.664975203156605,-46.43044136026308,mauá,SP
09371,-23.66930462115525,-46.48159847045406,maua,SP
09371,-23.66598191950101,-46.47570497811254,mauá,SP
09371,-23.667159745373226,-46.47982841382458,maua,SP
09371,-23.671078504161542,-46.47851890925891,maua,SP
09371,-23.665899196231408,-46.481375524013586,maua,SP
09390,-23.65852158573596,-46.45154258453908,maua,SP
09390,-23.649491115471093,-46.44647339884004,maua,SP
09390,-23.65667120009819,-46.45200588317258,maua,SP
09390,-23.66505053318128,-46.45564199999998,maua,SP
09390,-23.65012325121302,-46.44605646892269,maua,SP
09725,-23.699353075768943,-46.5600310818858,sao bernardo do campo,SP
09725,-23.701611332739066,-46.555775808487574,sao bernardo do campo,SP
09725,-23.69833596058631,-46.55874922107444,sao bernardo do campo,SP
09725,-23.707730610612746,-46.554615607413936,sao bernardo do campo,SP
09725,-23.71080766395088,-46.556180165898496,sao bernardo do campo,SP
11030,-23.98291719057115,-46.295757399356525,santos,SP
11030,-23.981964066882146,-46.310039559264744,santos,SP
11030,-23.98922130336426,-46.30067703497028,santos,SP
11030,-23.982321321289245,-46.296557430110866,santos,SP
11030,-23.98403629808414,-46.301170437821035,santos,SP
11045,-23.96112504302036,-46.32316061267247,santos,SP
11045,-23.973438613941887,-46.31880686386977,santos,SP
11045,-23.9750778081488,-46.31953211742653,santos,SP
11045,-23.969609434358592,-46.327328800450076,santos,SP
11045,-23.969386403831717,-46.32005741395926,santos,SP
11340,-23.96130685036886,-46.3950951872383,sao vicente,SP
11340,-23.956672817181385,-46.4115823468242,sao vicente,SP
11340,-23.96078399895638,-46.399678032468245,sao vicente,SP
11340,-23.960550601843586,-46.400029653483344,sao vicente,SP
11340,-23.95887867129592,-46.411266948740106,sao vicente,SP
11444,-23.975254957732748,-46.19387636953538,guaruja,SP
11444,-23.970754236193653,-46.18801463696693,guarujá,SP
11444,-23.95687615470376,-46.1804663264228,guaruja,SP
11444,-23.95687615470376,-46.1804663264228,guaruja,SP
11444,-23.95797005554858,-46.18229164986264,guaruja,SP
11706,-24.048586971275963,-46.535768531578555,praia grande,SP
11706,-24.048719120650336,-46.53400214989085,praia grande,SP
11706,-24.052681897135503,-46.529366222609,praia grande,SP
11706,-24.047324675543916,-46.52731225298631,praia grande,SP
11706,-24.04380706855559,-46.52377642131685,praia grande,SP
12030,-23.036951634709904,-45.56997640165054,taubate,SP
12030,-23.036380720961823,-45.56857765684478,taubate,SP
12030,-23.038579886486254,-45.56497652274739,taubate,SP
12030,-23.032723050682414,-45.578679523498394,taubate,SP
12030,-23.031457517446878,-45.57745836468771,taubate,SP
12062,-23.001805934582357,-45.549787295725075,taubate,SP
12062,-23.001201000000002,-45.54429974999999,taubate,SP
12062,-23.00191708815328,-45.55046574516511,taubate,SP
12062,-22.99653507342446,-45.53718852505956,taubate,SP
12062,-23.008040630792973,-45.55084092502422,taubate,SP
89270,-26.471191655635046,-48.998747219317266,guaramirim,SC
89270,-26.475630957723734,-49.028345106504126,guaramirim,SC
89270,-26.46445383568247,-48.96859756772329,guaramirim,SC
89270,-26.4648191321937,-48.98990664969767,guaramirim,SC
89270,-26.47426410613505,-49.005997859590984,guaramirim,SC
89300,-26.11990678126073,-49.803153488260165,mafra,SC
89300,-26.145483447847766,-49.829423782516976,mafra,SC
89300,-26.122931804557467,-49.823131890556525,mafra,SC
89300,-26.116918227619404,-49.79115396925805,mafra,SC
89300,-26.115658213247716,-49.80744345181119,mafra,SC
90660,-30.073570239252074,-51.20294710534355,porto alegre,RS
90660,-30.072090059668792,-51.20017339979234,porto alegre,RS
90660,-30.062239868168945,-51.20103442394258,porto alegre,RS
90660,-30.070529119626038,-51.20271943395457,porto alegre,RS
90660,-30.067201236741916,-51.19785728602335,porto alegre,RS
94085,-29.92480530030584,-51.057650084655755,gravatai,RS
94085,-29.920649448237057,-51.058926634052746,gravatai,RS
94085,-29.921516852905498,-51.05974266902303,gravatai,RS
94085,-29.92313695836461,-51.056725736597684,gravatai,RS
94085,-29.924592757977965,-51.061034331525214,gravatai,RS
94910,-29.953554209662606,-51.103414237425575,cachoeirinha,RS
94910,-29.953554209662606,-51.103414237425575,cachoeirinha,RS
94910,-29.94849561998244,-51.095131395596034,cachoeirinha,RS
94910,-29.951531220052694,-51.095498574151236,cachoeirinha,RS
94910,-29.948569100087777,-51.094632126733636,cachoeirinha,RS
94950,-29.946784883929517,-51.081698861959794,cachoeirinha,RS
94950,-29.93594250075306,-51.08001838842175,cachoeirinha,RS
94950,-29.95164202508885,-51.07854840539691,cachoeirinha,RS
94950,-29.94497755311863,-51.08231736733988,cachoeirinha,RS
94950,-29.943663596318004,-51.0790116643629,cachoeirinha,RS
95390,-30.233660772021313,-50.23357365986018,pinhal da serra,RS
95630,-29.634960959604406,-50.84224357977237,parobe,RS
95630,-29.627133134770514,-50.84981382629729,parobe,RS
95630,-29.629724877164644,-50.816999178894264,parobe,RS
95630,-29.621164424226276,-50.81780941475566,parobe,RS
95630,-29.62515028232887,-50.82628148967667,parobe,RS
95700,-29.169048413296615,-51.52189899460921,bento goncalves,RS
95700,-29.177640866586593,-51.51757542403719,bento goncalves,RS
95700,-29.16258486019505,-51.520363502514805,bento goncalves,RS
95700,-29.166468510193244,-51.52247206448504,bento gonçalves,RS
95700,-29.17759321374204,-51.507474676977104,bento goncalves,RS
96180,-30.854791704826045,-51.814217582551855,camaqua,RS
96180,-30.856942785202815,-51.81163776062484,camaqua,RS
96180,-30.85803564123393,-51.80332465124722,camaqua,RS
96180,-30.843339145261602,-51.80654470149123,camaqua,RS
96180,-30.856649138593905,-51.800672134963776,camaqua,RS
99070,-28.264814305029326,-52.397392371443395,passo fundo,RS
99070,-28.268042764290666,-52.384055177952966,passo fundo,RS
99070,-28.263938700595602,-52.39598449469509,passo fundo,RS
99070,-28.26539566237644,-52.40050259656546,passo fundo,RS
99070,-28.26713441538442,-52.39428247327685,passo fundo,RS
30642,-19.98840665973221,-44.00893044601535,belo horizonte,MG
30642,-19.983190431588643,-44.01650145657561,belo horizonte,MG
30642,-19.993338534277793,-44.00808268013156,belo horizonte,MG
30642,-19.980753935339546,-44.01177816541636,belo horizonte,MG
30642,-19.986647239511864,-44.00991714002537,belo horizonte,MG
30660,-19.98399904758839,-44.0325732470056,belo horizonte,MG
30660,-19.991471448237064,-44.032569312106844,belo horizonte,MG
30660,-19.984748008050072,-44.030308750908844,belo horizonte,MG
30660,-19.991292118241063,-44.019716432829384,belo horizonte,MG
30660,-19.99198710990251,-44.02662621593854,belo horizonte,MG
30880,-19.905684443245395,-44.02139865113387,belo horizonte,MG
30880,-19.90219661365342,-44.01604954469381,belo horizonte,MG
30880,-19.907974749379623,-44.02160426894224,belo horizonte,MG
30880,-19.899905405505155,-44.01014877254892,belo horizonte,MG
30880,-19.899837587281485,-44.010005201915845,belo horizonte,MG
31990,-19.854201939494487,-43.892061983207356,belo horizonte,MG
31990,-19.853909832361936,-43.89711325768951,belo horizonte,MG
31990,-19.847882482385412,-43.89115870929084,belo horizonte,MG
31990,-19.846092394396656,-43.89734935775293,belo horizonte,MG
31990,-19.848139742714523,-43.89114020566676,belo horizonte,MG
32315,-19.946047667913017,-44.033581928027324,contagem,MG
32315,-19.947313178759455,-44.04243823907798,contagem,MG
32315,-19.94778475932147,-44.04198763968916,contagem,MG
32315,-19.94890115567904,-44.03897682027311,contagem,MG
32315,-19.94679341360178,-44.03179052854089,contagem,MG
35171,-19.530799658011595,-42.57080612305797,coronel fabriciano,MG
35171,-19.516743425071894,-42.63648239279121,coronel fabriciano,MG
35171,-19.523070367941752,-42.61986508870679,coronel fabriciano,MG
35171,-19.523234299817048,-42.609745639725126,coronel fabriciano,MG
35171,-19.504735238264207,-42.603260330705766,coronel fabriciano,MG
35460,-20.198222315762948,-44.00961734339785,brumadinho,MG
35460,-20.073800870218797,-44.04546819239375,brumadinho,MG
35460,-20.143995002659533,-44.201208548776194,brumadinho,MG
35460,-20.14060949386976,-44.2148521549221,brumadinho,MG
35460,-20.13687461553967,-44.20548410903774,brumadinho,MG
35530,-20.437733622502854,-44.75914024487753,claudio,MG
35530,-20.44685016580202,-44.774498706049116,claudio,MG
35530,-20.44176581018382,-44.76227681855618,claudio,MG
35530,-20.445670398078846,-44.766346838927966,claudio,MG
35530,-20.4440919487077,-44.763790588418544,claudio,MG
35720,-19.559992780187738,-44.085205548265264,matozinhos,MG
35720,-19.56622166004871,-44.058049674682,matozinhos,MG
35720,-19.559243319094616,-44.0674615935586,matozinhos,MG
35720,-19.56221396553122,-44.065045409072475,matozinhos,MG
35720,-19.563006369482302,-44.05250436914256,matozinhos,MG
35970,-19.932704332340645,-43.485278615883715,barao de cocais,MG
35970,-19.85144096063375,-43.44727221790266,barao de cocais,MG
35970,-19.857757245608138,-43.44898777718859,barão de cocais,MG
35970,-19.942737300499335,-43.48002566568328,barao de cocais,MG
35970,-19.931954085141722,-43.488925873260825,barao de cocais,MG
36037,-21.767985221426716,-43.381077810851224,juiz de fora,MG
36037,-21.774591208269957,-43.37214621521227,juiz de fora,MG
36037,-21.774411838190318,-43.375840407986644,juiz de fora,MG
36037,-21.78014574319986,-43.39233876255162,juiz de fora,MG
36037,-21.775963823323085,-43.37403598416324,juiz de fora,MG
09176,-23.678376280486216,-46.51874553931426,santo andre,SP
09176,-23.678376280486216,-46.51874553931426,santo andre,SP
09176,-23.678721674649257,-46.51949309960379,santo andre,SP
09176,-23.68046736663973,-46.516801022217,santo andre,SP
09176,-23.67997905169769,-46.5183467623187,santo andre,SP
09340,-23.66800916734961,-46.430377660540266,maua,SP
09340,-23.67355497474707,-46.42695802098792,maua,SP
09340,-23.676149840349822,-46.42749809898461,maua,SP
09340,-23.672174064952287,-46.43581628997885,maua,SP
09340,-23.665697391078428,-46.4408499343586,maua,SP
09628,-23.66148702746846,-46.56416174311855,sao bernardo do campo,SP
09628,-23.66148702746846,-46.56416174311855,sao bernardo do campo,SP
09628,-23.660199240088787,-46.56568437731553,sao bernardo do campo,SP
09628,-23.66210163613023,-46.563358352905496,sao bernardo do campo,SP
09628,-23.66000124008879,-46.56540643559935,sao bernardo do campo,SP
09780,-23.71688471949829,-46.54199108267673,sao bernardo do campo,SP
09780,-23.71751397310845,-46.53807028971694,sao bernardo do campo,SP
09780,-23.71341277214488,-46.53793955715862,sao bernardo do campo,SP
09780,-23.718941717727564,-46.538441370534855,sao bernardo do campo,SP
09780,-23.714791114345907,-46.536086037336204,sao bernardo do campo,SP
09974,-23.726448785734885,-46.61177142728947,diadema,SP
09974,-23.713850158202998,-46.611800999999986,diadema,SP
09974,-23.723594580904845,-46.61175295224778,diadema,SP
09974,-23.723803089647404,-46.60907001832185,diadema,SP
09974,-23.723537511087343,-46.60910697643737,diadema,SP
09990,-23.699711335564587,-46.6181423963299,diadema,SP
09990,-23.700257486265773,-46.61566900320264,diadema,SP
09990,-23.696692654061046,-46.62807794864632,diadema,SP
09990,-23.686300808817265,-46.60397402371754,diadema,SP
09990,-23.696917805722784,-46.625940628228854,diadema,SP
11013,-23.936375141765506,-46.33118283743645,santos,SP
11013,-23.933071987144555,-46.32396741794616,santos,SP
11013,-23.93737698640999,-46.32057621801601,santos,SP
11013,-23.936470188441422,-46.33042341825843,santos,SP
11013,-23.937378999163283,-46.32033683305443,santos,SP
11065,-23.9678895545329,-46.34412123980033,santos,SP
11065,-23.96415699500834,-46.34873417485142,santos,SP
11065,-23.968205550637755,-46.33995063044608,santos,SP
11065,-23.966021797391647,-46.33872018206479,santos,SP
11065,-23.965733965029713,-46.33760022202674,santos,SP
12308,-23.30139631473257,-45.96172658840667,jacarei,SP
12308,-23.30441669969416,-45.965922951843744,jacareí,SP
12308,-23.302225215101835,-45.959958021091815,jacarei,SP
12308,-23.30060492200934,-45.956733123925204,jacareí,SP
12308,-23.300147766576305,-45.958654304056736,jacarei,SP
13060,-22.943830511384977,-47.11233196480047,campinas,SP
13060,-22.942457434358605,-47.11496902345776,campinas,SP
13060,-22.931073230365268,-47.1015098433262,campinas,SP
13060,-22.92587160727678,-47.1066175947833,campinas,SP
13060,-22.937178341661355,-47.10386823792233,campinas,SP
13142,-22.779282394396652,-47.17683629156326,paulinia,SP
13142,-22.793428131831057,-47.18802882307109,paulinia,SP
13142,-22.783890970858096,-47.19339872231518,paulinia,SP
13142,-22.784380617260105,-47.19121252400601,paulinia,SP
13142,-22.781089631135362,-47.176758956647866,paulinia,SP
18708,-23.087531472387305,-48.917377016648416,avare,SP
18708,-23.07979269701192,-48.910814583067946,avare,SP
18708,-23.08411346295225,-48.91774348557327,avaré,SP
18708,-23.085115717444825,-48.91585549754354,avare,SP
18708,-23.085765387183287,-48.92200971135091,avare,SP
19029,-22.07708974256958,-51.41548624933166,presidente prudente,SP
19813,-22.64413459812549,-50.39573483583742,assis,SP
19813,-22.64413459812549,-50.39573483583742,assis,SP
19813,-22.64692138550985,-50.39472188149915,assis,SP
19813,-22.642103253402496,-50.405176745606575,assis,SP
19813,-22.64121971218764,-50.39951515237461,assis,SP
19830,-22.43218558697177,-50.210157989824864,echapora,SP
19830,-22.428119793195894,-50.20871899915744,echapora,SP
19830,-22.42959785645317,-50.20440447347185,echapora,SP
19830,-22.431597241458242,-50.20884134041576,echapora,SP
19830,-22.430991272359538,-50.206962250390575,echapora,SP
21310,-22.881031646375625,-43.33742185657273,rio de janeiro,RJ
21310,-22.874767386894828,-43.342365970309835,rio de janeiro,RJ
21310,-22.87933679822837,-43.34865607617298,rio de janeiro,RJ
21310,-22.879247018321866,-43.34112618261304,rio de janeiro,RJ
21310,-22.882369263402314,-43.33410726089216,rio de janeiro,RJ
21340,-22.87471779793991,-43.348188021524514,rio de janeiro,RJ
21340,-22.87223932944775,-43.35381978518664,rio de janeiro,RJ
21340,-22.870542740492827,-43.35916526172888,rio de janeiro,RJ
21340,-22.868856659732206,-43.35357696987713,rio de janeiro,RJ
21340,-22.87002767692889,-43.35691484831788,rio de janeiro,RJ
21670,-22.84918366556059,-43.37790772468112,rio de janeiro,RJ
21670,-22.852751008445022,-43.37685091055379,rio de janeiro,RJ
21670,-22.84734392506776,-43.377255346096156,rio de janeiro,RJ
21670,-22.85045574581098,-43.38103983057608,rio de janeiro,RJ
21670,-22.843621885105822,-43.374526685671455,rio de janeiro,RJ
22260,-22.949140243955277,-43.1890677882164,rio de janeiro,RJ
22260,-22.949140243955277,-43.1890677882164,rio de janeiro,RJ
22260,-22.953218363869766,-43.19652689174226,rio de janeiro,RJ
22260,-22.953667107132546,-43.19724480030584,rio de janeiro,RJ
22260,-22.95264958963435,-43.19655396822663,rio de janeiro,RJ
23050,-22.906162445467107,-43.56901475728546,rio de janeiro,RJ
23050,-22.90580356177935,-43.56562954756313,rio de janeiro,RJ
23050,-22.906012271591262,-43.56998549406094,rio de janeiro,RJ
23050,-22.9040944052167,-43.55940870275258,rio de janeiro,RJ
23050,-22.912417990564943,-43.56985245516197,rio de janeiro,RJ
24240,-22.896755634456788,-43.09981143435861,niteroi,RJ
24240,-22.896842962519557,-43.09897722661436,niterói,RJ
24240,-22.89691705580231,-43.09887729892085,niteroi,RJ
24240,-22.895198716631043,-43.099874059640136,niteroi,RJ
24240,-22.897420041346923,-43.10090169219233,niteroi,RJ
24350,-22.944019808500155,-43.06302670148316,niterói,RJ
24350,-22.941199651453314,-43.06130999887911,niterói,RJ
24350,-22.943123048811856,-43.057849736652955,niteroi,RJ
24350,-22.943773310188103,-43.06299780228532,niteroi,RJ
24350,-22.937387394170738,-43.07294811576682,niteroi,RJ
24436,-22.82461973461561,-43.06100551172565,sao goncalo,RJ
24436,-22.8195240299615,-43.066198384723506,sao goncalo,RJ
24436,-22.827378703955137,-43.06483730042841,sao goncalo,RJ
24436,-22.82112015443289,-43.060410371723236,sao goncalo,RJ
24436,-22.817130055079346,-43.06887200564771,são gonçalo,RJ
87895,-22.691044103224606,-52.73500879810208,adhemar de barros,PR
87895,-22.6917204762139,-52.7363973605713,terra rica,PR
87895,-22.69291589916388,-52.73694428763919,adhemar de barros,PR
87895,-22.720607015507003,-52.61950198616927,terra rica,PR
87895,-22.688167550187067,-52.7285887011136,terra rica,PR
88040,-27.609381931838456,-48.52161978907573,florianopolis,SC
88040,-27.597328260343893,-48.5257461283686,florianopolis,SC
88040,-27.601580765479785,-48.52704181363604,florianopolis,SC
88040,-27.61166082354627,-48.52432891288494,florianópolis,SC
88040,-27.604591658895494,-48.51688816457964,florianopolis,SC
88215,-27.14294161449014,-48.50728684609616,bombinhas,SC
88215,-27.145974363033048,-48.504888178458096,bombinhas,SC
88215,-27.14724652392996,-48.50579791239877,bombinhas,SC
88215,-27.152188791568843,-48.49241798696313,bombinhas,SC
88215,-27.199532472387304,-48.49567554149116,bombinhas,SC
88372,-26.85907968190116,-48.63953562951828,navegantes,SC
88372,-26.83008244962494,-48.62911917538262,navegantes,SC
88372,-26.823968942766843,-48.62363948489339,navegantes,SC
88372,-26.830588228336012,-48.629205546400016,navegantes,SC
88372,-26.861349255754046,-48.64936088967706,navegantes,SC
89135,-27.104285999999945,-49.376370499999965,apiuna,SC
89135,-27.036387636800438,-49.387449607347705,apiuna,SC
89135,-27.03256082050408,-49.385436353219,apiuna,SC
89135,-27.037882788198264,-49.38979857476578,apiúna,SC
89135,-27.03955300835099,-49.39399342435188,apiuna,SC
89280,-26.253722757239572,-49.378805668119995,sao bento do sul,SC
89280,-26.255622225361453,-49.366212288711225,sao bento do sul,SC
89280,-26.250148195963973,-49.384103873411576,sao bento do sul,SC
89280,-26.24731214459362,-49.381309756059856,sao bento do sul,SC
89280,-26.246149178393335,-49.37803449264805,sao bento do sul,SC
89284,-26.220774603458505,-49.394126334011446,sao bento do sul,SC
89284,-26.22337713168703,-49.3913654020467,são bento do sul,SC
89284,-26.21663099381023,-49.363262460082524,sao bento do sul,SC
89284,-26.2061147883735,-49.34566945047157,sao bento do sul,SC
89284,-26.22232339479319,-49.39047960957176,sao bento do sul,SC
89870,-26.841107282367645,-52.982327822317785,pinhalzinho,SC
89870,-26.842427999999998,-52.98887590705674,pinhalzinho,SC
89870,-26.8519814518048,-52.98035922537352,pinhalzinho,SC
89870,-26.851237895828575,-52.99039615204011,pinhalzinho,SC
89870,-26.85013189624949,-52.98582907378687,pinhalzinho,SC
90430,-30.03327,-51.20423325688145,porto alegre,RS
90430,-30.030116982514855,-51.19866181833923,porto alegre,RS
90430,-30.03024471135092,-51.204228826937594,porto alegre,RS
90430,-30.03069109576425,-51.20618521510183,porto alegre,RS
90430,-30.030402803220035,-51.199619213284166,porto alegre,RS
91350,-30.01895817707312,-51.16296204564608,porto alegre,RS
91350,-30.016235409660094,-51.15925488164338,porto alegre,RS
91350,-30.016235409660094,-51.15925488164338,porto alegre,RS
91350,-30.013878195394987,-51.16759244422635,porto alegre,RS
91350,-30.017672322387625,-51.15720161962285,porto alegre,RS
91540,-30.08286804902226,-51.13043961349074,porto alegre,RS
91540,-30.06801681874845,-51.143391614061336,porto alegre,RS
91540,-30.08286804902226,-51.13043961349074,porto alegre,RS
91540,-30.08905210822047,-51.12519628040984,porto alegre,RS
91540,-30.065506698221515,-51.152038066073835,porto alegre,RS
93880,-29.61265607145342,-50.927364174926524,ararica,RS
93880,-29.637967588780327,-50.9247908739049,araricá,RS
93880,-29.643365999999947,-50.934360499999954,ararica,RS
93880,-29.614404099173207,-50.92521865967616,ararica,RS
93880,-29.612584144054495,-50.91721484128133,araricá,RS
94075,-29.935565245628716,-51.06278127976229,gravatai,RS
94075,-29.934392989327367,-51.06048041395851,gravatai,RS
94075,-29.939138612816706,-51.06335481709848,gravataí,RS
94075,-29.934392989327367,-51.06048041395851,gravatai,RS
94075,-29.93936052178431,-51.06034500874256,gravatai,RS
94080,-29.920144913959266,-51.07064924355125,gravatai,RS
94080,-29.92872287705574,-51.06727519233656,gravatai,RS
94080,-29.922689744936225,-51.06460325062037,gravataí,RS
94080,-29.916894797272327,-51.06910151762326,gravatai,RS
94080,-29.924926499314147,-51.0673188422161,gravataí,RS
94970,-29.88763965221807,-51.08846430359143,cachoeirinha,RS
94970,-29.889477472017326,-51.086742646383975,cachoeirinha,RS
94970,-29.878639943475708,-51.09093972880338,cachoeirinha,RS
94970,-29.889819561401712,-51.08870332634054,cachoeirinha,RS
94970,-29.878824719903267,-51.10976031445547,cachoeirinha,RS
95560,-29.333594390939208,-49.73818879957859,torres,RS
95560,-29.3084206693884,-49.77476358227144,torres,RS
95560,-29.335510383508158,-49.729111197939886,torres,RS
95560,-29.333178162812167,-49.72403349403792,torres,RS
95560,-29.34489552155944,-49.7374124485739,torres,RS
95588,-29.799058831534396,-50.0393816538598,xangri-la,RS
95588,-29.836408604352755,-50.05651008438482,xangri-la,RS
95588,-29.79742997012258,-50.03837769097489,xangri-la,RS
95588,-29.797529231247097,-50.03843342991404,xangri-la,RS
95588,-29.77994731792138,-50.025604462185996,xangri-la,RS
95760,-29.58683498929656,-51.37159365059727,sao sebastiao do cai,RS
95760,-29.589058120149154,-51.37494861331471,sao sebastiao do cai,RS
95760,-29.588495887076853,-51.37366755320749,sao sebastiao do cai,RS
95760,-29.592074999999944,-51.342181999999966,sao sebastiao do cai,RS
95760,-29.564884973223176,-51.35338156334938,sao sebastiao do cai,RS
35920,-19.770824131113795,-43.02637346071022,nova era,MG
35920,-19.762230701596316,-43.03446658711485,nova era,MG
35920,-19.774219983771246,-43.009693105296016,nova era,MG
35920,-19.762011861369697,-43.02775059385231,nova era,MG
35920,-19.756685685654812,-43.03052884416685,nova era,MG
36340,-20.930198743267827,-44.23231424670052,resende costa,MG
36340,-20.9111147591028,-44.23344708578505,resende costa,MG
36340,-20.920038308009314,-44.23736261571106,resende costa,MG
36340,-20.920579924825052,-44.23693817135961,resende costa,MG
36340,-20.920476253098457,-44.235485435796015,resende costa,MG
37200,-21.254273392174948,-44.99971564126612,lavras,MG
37200,-21.250739378296487,-44.99268276395056,lavras,MG
37200,-21.249788711062465,-44.99539026089216,lavras,MG
37200,-21.254523548156254,-45.00091277754056,lavras,MG
37200,-21.240411422701843,-45.004428072998984,lavras,MG
37950,-20.916423501961283,-46.993701179798975,sao sebastiao do paraiso,MG
37950,-20.908705883575934,-46.991153426378844,sao sebastiao do paraiso,MG
37950,-20.917523140063366,-46.989867199221045,sao sebastiao do paraiso,MG
37950,-20.907144053828816,-46.9789255890407,sao sebastiao do paraiso,MG
37950,-20.916045377407144,-46.97546699745661,sao sebastiao do paraiso,MG
38026,-19.76541552484273,-47.92488118789315,uberaba,MG
38026,-19.76541552484273,-47.92488118789315,uberaba,MG
38026,-19.76541552484273,-47.92488118789315,uberaba,MG
38026,-19.76045696145266,-47.92505979019925,uberaba,MG
38026,-19.76377860421836,-47.92139195850884,uberaba,MG
38610,-16.362606334443775,-46.89279560165654,unai,MG
38610,-16.361700544940923,-46.88564178028729,unai,MG
38610,-16.361144228305886,-46.9002225774824,unaí,MG
38610,-16.356630156997415,-46.90525123580637,unai,MG
38610,-16.359377582860958,-46.898789406338416,unai,MG
39403,-16.74508472799934,-43.88799563794789,montes claros,MG
39403,-16.756881173288175,-43.86287820563289,montes claros,MG
39403,-16.755037340534827,-43.893248424594866,montes claros,MG
39403,-16.744363396618358,-43.883056047463775,montes claros,MG
39403,-16.73060304717531,-43.875512726902805,montes claros,MG
18683,-22.602586471149202,-48.81247149518349,lencois paulista,SP
18683,-22.598052175611492,-48.80463807520283,lençóis paulista,SP
18683,-22.59708967504349,-48.80255902399658,lencois paulista,SP
18683,-22.605252757240102,-48.808573016286324,lencois paulista,SP
18683,-22.597270960410423,-48.80417782941829,lencois paulista,SP
19026,-22.105402408171003,-51.413704422732,presidente prudente,SP
19026,-22.105402408171003,-51.413704422732,presidente prudente,SP
19026,-22.07816011805831,-51.41591515710063,presidente prudente,SP
19026,-22.10084683478604,-51.415309114049634,presidente prudente,SP
19026,-22.10176722852413,-51.4189143839671,presidente prudente,SP
20231,-22.913236089647413,-43.18825421481338,rio de janeiro,RJ
20231,-22.91164122453689,-43.18354724508045,rio de janeiro,RJ
20231,-22.910236669715527,-43.1836526261469,rio de janeiro,RJ
20231,-22.911482974652948,-43.186803470827215,rio de janeiro,RJ
20231,-22.911955553984637,-43.18658852207276,rio de janeiro,RJ
20260,-22.913297402446734,-43.20920670635925,rio de janeiro,RJ
20260,-22.92103089537761,-43.21831719525074,rio de janeiro,RJ
20260,-22.91594935172878,-43.21235613840123,rio de janeiro,RJ
20260,-22.922028618096828,-43.215938533585295,rio de janeiro,RJ
20260,-22.925192007501813,-43.219388609210014,rio de janeiro,RJ
20730,-22.897020206763294,-43.30023388550985,rio de janeiro,RJ
20730,-22.903338928674447,-43.29584421244744,rio de janeiro,RJ
20730,-22.898137683045736,-43.298353598793994,rio de janeiro,RJ
20730,-22.90969104302036,-43.29799555176294,rio de janeiro,RJ
20730,-22.901465148479478,-43.29407372078598,rio de janeiro,RJ
20920,-22.89141262003006,-43.22976145989381,rio de janeiro,RJ
20920,-22.89801747178232,-43.22812973917623,rio de janeiro,RJ
20920,-22.89599276019966,-43.2286403731606,rio de janeiro,RJ
20920,-22.894691688874108,-43.23670401788917,rio de janeiro,RJ
20920,-22.894691688874108,-43.23670401788917,rio de janeiro,RJ
21235,-22.835866464048756,-43.322162133504506,rio de janeiro,RJ
21235,-22.836263175139884,-43.32455852830519,rio de janeiro,RJ
21235,-22.837360473091344,-43.31578375522544,rio de janeiro,RJ
21235,-22.830963800709867,-43.33255354579033,rio de janeiro,RJ
21235,-22.842845466818723,-43.32313349999998,rio de janeiro,RJ
21831,-22.889980452763453,-43.487711302932944,rio de janeiro,RJ
21831,-22.888976575412983,-43.48307233295428,rio de janeiro,RJ
21831,-22.894716855675455,-43.48565237815227,rio de janeiro,RJ
21831,-22.895031289485804,-43.48320078988984,rio de janeiro,RJ
21831,-22.889169963290577,-43.48714019250327,rio de janeiro,RJ
22221,-22.931508341392973,-43.181793990420694,rio de janeiro,RJ
22221,-22.932598736049425,-43.17893535455028,rio de janeiro,RJ
22221,-22.925922517889166,-43.17912536955393,rio de janeiro,RJ
22221,-22.92853103882622,-43.1794021767896,rio de janeiro,RJ
22221,-22.930347677633254,-43.17819361546797,rio de janeiro,RJ
22471,-22.966467171793006,-43.20204434165275,rio de janeiro,RJ
22471,-22.97176255536961,-43.20725294171618,rio de janeiro,RJ
22471,-22.97397043712856,-43.206224363869765,rio de janeiro,RJ
22471,-22.96957726256559,-43.20559327018298,rio de janeiro,RJ
22471,-22.973474777396348,-43.20174172632591,rio de janeiro,RJ
22730,-22.925016524647493,-43.36629423621713,rio de janeiro,RJ
22730,-22.916653286857912,-43.36339577662888,rio de janeiro,RJ
22730,-22.919089508217667,-43.37320629987219,rio de janeiro,RJ
22730,-22.923111603670108,-43.37050449763406,rio de janeiro,RJ
22730,-22.919376530122854,-43.36402846849215,rio de janeiro,RJ
22775,-22.972956517889177,-43.39706327699233,rio de janeiro,RJ
22775,-22.965905556986495,-43.38999869671641,rio de janeiro,RJ
22775,-22.97109149321933,-43.38928366763807,rio de janeiro,RJ
22775,-22.951480174082732,-43.38929163219839,rio de janeiro,RJ
22775,-22.972424360764293,-43.35950666877284,rio de janeiro,RJ
25655,-22.52760750799953,-43.195055075889336,petrópolis,RJ
25655,-22.525421917894917,-43.192923973003076,petropolis,RJ
25655,-22.519410282533094,-43.1875037154604,petropolis,RJ
25655,-22.52760750799953,-43.195055075889336,petropolis,RJ
25655,-22.51287773266877,-43.18814018170138,petropolis,RJ
25882,-22.836986306882032,-43.26458725620434,anta,RJ
25882,-22.03052676735352,-42.98185680101964,anta,RJ
25882,-21.99341114917667,-42.911793120725264,sapucaia,RJ
25882,-22.03052676735352,-42.98185680101964,anta,RJ
25882,-22.030775875611848,-42.982344470208346,anta,RJ
25953,-22.41089955323377,-42.96754519462695,teresopolis,RJ
25953,-22.41053196510831,-42.965440073278344,teresopolis,RJ
25953,-22.40636868903346,-42.965960197525135,teresopolis,RJ
25953,-22.410009772094416,-42.96648135101439,teresópolis,RJ
25953,-22.413366655607515,-42.96827320649856,teresópolis,RJ
26215,-22.7504260688875,-43.44143512805863,nova iguacu,RJ
26215,-22.753302848120956,-43.44171598363302,nova iguacu,RJ
26215,-22.754583199678656,-43.446340695980886,nova iguacu,RJ
26215,-22.75493043677062,-43.45141384117432,nova iguacu,RJ
26215,-22.7527429012652,-43.44946759183097,nova iguaçu,RJ
27410,-22.412239826813543,-44.25979552602462,quatis,RJ
27410,-22.410133706180474,-44.26065998403769,quatis,RJ
27410,-22.409051675978194,-44.25941061452454,quatis,RJ
27410,-22.416667287962472,-44.25898019087434,quatis,RJ
27410,-22.414713073782877,-44.26047962494245,quatis,RJ
27915,-22.38954004459297,-41.77709194438561,macae,RJ
27915,-22.386176374305975,-41.77801263677593,macae,RJ
27915,-22.38720229252308,-41.77755767276907,macae,RJ
27915,-22.381865939163376,-41.77687920950584,macae,RJ
27915,-22.38293476680212,-41.775783415224154,macae,RJ
28500,-21.981554055222837,-42.36163387314294,cantagalo,RJ
28500,-21.981139730556645,-42.366520056586374,cantagalo,RJ
28500,-21.97980172715101,-42.36129859993305,cantagalo,RJ
28500,-21.983211584862953,-42.36530590619392,cantagalo,RJ
28500,-21.982189500000004,-42.369279750000004,cantagalo,RJ
28615,-22.31000521194919,-42.52023373510779,nova friburgo,RJ
28615,-22.362183005341045,-42.53367806754522,nova friburgo,RJ
28615,-22.309685600692134,-42.5259743258195,nova friburgo,RJ
28615,-22.31546981552492,-42.51876932834742,nova friburgo,RJ
28615,-22.357035243396737,-42.534905914929645,nova friburgo,RJ
28890,-22.55404662402426,-41.98120292081672,rio das ostras,RJ
28890,-22.51460101480287,-41.91796867389705,rio das ostras,RJ
28890,-22.556230120182263,-41.98243804995958,rio das ostras,RJ
28890,-22.538936408888464,-41.98148874150138,rio das ostras,RJ
28890,-22.55911335502785,-41.9822410035003,rio das ostras,RJ
88506,-27.792006491570362,-50.33499116363635,lages,SC
88506,-27.8122613052975,-50.33293062184772,lages,SC
88506,-27.790768477378965,-50.341222294333235,lages,SC
88506,-27.8108400799623,-50.3268912284705,lages,SC
88506,-27.795349451320927,-50.33930069119636,lages,SC
88802,-28.680422038680618,-49.36995209892042,criciuma,SC
88802,-28.681848966413963,-49.366414728461024,criciuma,SC
88802,-28.68170851396109,-49.3668277131612,criciuma,SC
88802,-28.680422038680618,-49.36995209892042,criciuma,SC
88802,-28.683488156553302,-49.3644348168224,criciuma,SC
91330,-30.028707419095156,-51.16881473134623,porto alegre,RS
91330,-30.030015772941077,-51.15627802785058,porto alegre,RS
91330,-30.039334492353948,-51.161139303912506,porto alegre,RS
91330,-30.02970952039933,-51.163059599630735,porto alegre,RS
91330,-30.02823696615489,-51.159180922990295,porto alegre,RS
92010,-29.916851971694815,-51.17985034021047,canoas,RS
92010,-29.914193804091255,-51.179613100023275,canoas,RS
92010,-29.91803120581388,-51.18223834489729,canoas,RS
92010,-29.915233394973573,-51.18015444907379,canoas,RS
92010,-29.915105383865072,-51.18174367208146,canoas,RS
93216,-29.813910531808045,-51.15997035688906,sapucaia do sul,RS
93216,-29.81459984265377,-51.157063672878216,sapucaia do sul,RS
93216,-29.817767137903793,-51.152757602919834,sapucaia do sul,RS
93216,-29.817870467788325,-51.15101098071214,sapucaia do sul,RS
93216,-29.817673813127758,-51.15402210280281,sapucaia do sul,RS
95044,-29.13428086406137,-51.198161546840666,caxias do sul,RS
95044,-29.132262204597474,-51.19687239336617,caxias do sul,RS
95044,-29.132762343007904,-51.19515583861041,caxias do sul,RS
95044,-29.130362905077785,-51.195328609644605,caxias do sul,RS
95044,-29.169453260079848,-51.20156344678087,caxias do sul,RS
95082,-29.178365921096788,-51.17747690331007,caxias do sul,RS
95082,-29.181532109548407,-51.17621483591191,caxias do sul,RS
95082,-29.175191338383318,-51.17037857893766,caxias do sul,RS
95082,-29.175918504194165,-51.17500349999999,caxias do sul,RS
95082,-29.179773459391917,-51.173559959911685,caxias do sul,RS
95170,-29.891348178542298,-50.27310902841568,farroupilha,RS
95170,-29.2261808308466,-51.35701381113071,farroupilha,RS
95170,-29.22759222621981,-51.3440482642681,farroupilha,RS
95170,-30.02548591938784,-51.209442846903436,farroupilha,RS
95170,-29.22585419858767,-51.340926115313586,farroupilha,RS
95300,-28.218427697867252,-51.53643410117896,lagoa vermelha,RS
95300,-28.210261746321205,-51.52268406119799,lagoa vermelha,RS
95300,-28.214804776848087,-51.52512995948979,lagoa vermelha,RS
95300,-28.210507847625376,-51.52472791993187,lagoa vermelha,RS
95300,-28.213585557694838,-51.52402621409655,lagoa vermelha,RS
95770,-29.458655226411473,-51.30608476190055,feliz,RS
95770,-29.452670875255794,-51.30576278439073,feliz,RS
95770,-29.452288527187672,-51.30683635179411,feliz,RS
95770,-29.451008026064763,-51.292576676415905,feliz,RS
95770,-29.450146500637285,-51.29354700154768,feliz,RS
11450,-23.939318620030072,-46.30539278864907,guaruja,SP
11450,-23.939953449073776,-46.29882568122806,guaruja,SP
11450,-23.940604879595867,-46.30577214551201,guaruja,SP
11450,-23.941875624250766,-46.30033972713948,guaruja,SP
11450,-23.943014661453592,-46.30623699369173,guaruja,SP
11628,-23.787228204727175,-45.55714014799399,sao sebastiao,SP
11628,-23.789396179294826,-45.5592534672514,sao sebastiao,SP
11628,-23.79017651219228,-45.570602918344456,são sebastião,SP
11628,-23.790551287707153,-45.58685862437481,sao sebastiao,SP
11628,-23.786882664723876,-45.56086005107044,sao sebastiao,SP
11704,-24.026786758814687,-46.49304889148245,praia grande,SP
11704,-24.03077309908247,-46.48748488550985,praia grande,SP
11704,-24.024494170103203,-46.47420520705672,praia grande,SP
11704,-24.031911438985116,-46.48371181398084,praia grande,SP
11704,-24.02789406023559,-46.495974674879996,praia grande,SP
11720,-24.005678375238073,-46.45598089924407,praia grande,SP
11720,-24.007887845234983,-46.458790697924734,praia grande,SP
11720,-24.007810231185868,-46.45391439533607,praia grande,SP
11720,-24.009187169859768,-46.45505422883605,praia grande,SP
11720,-24.00897940732456,-46.457278582118924,praia grande,SP
12242,-23.199958288100813,-45.90849172981701,sao jose dos campos,SP
12242,-23.20903094353053,-45.90893736842892,sao jose dos campos,SP
12242,-23.194529234808673,-45.89813581626178,são josé dos campos,SP
12242,-23.202629161809682,-45.90832206119799,sao jose dos campos,SP
12242,-23.196154788504852,-45.89754076256558,sao jose dos campos,SP
13015,-22.90124134639356,-47.055128451024146,campinas,SP
13015,-22.908740385873315,-47.056031917001015,campinas,SP
13015,-22.906835256448755,-47.05327188634657,campinas,SP
13015,-22.898578693865772,-47.05769320191587,campinas,SP
13015,-22.905484690259097,-47.05188254440535,campinas,SP
13026,-22.913757387731554,-47.045573963500495,campinas,SP
13026,-22.914603031363608,-47.04526079669915,campinas,SP
13026,-22.916739384124867,-47.04557450291418,campinas,SP
13026,-22.90638639345557,-47.04788870759128,campinas,SP
13026,-22.911004549201653,-47.05480880027921,campinas,SP
13173,-22.791573261728878,-47.283156581597325,sumare,SP
13173,-22.802849935820056,-47.268332174164286,sumare,SP
13173,-22.812603569248083,-47.27298854079865,sumare,SP
13173,-22.802778631298892,-47.27239842821998,sumaré,SP
13173,-22.797784707418494,-47.27732381257909,sumare,SP
13221,-23.184985205666504,-46.82569758226659,varzea paulista,SP
13221,-23.190599104674554,-46.824430087656374,varzea paulista,SP
13221,-23.20326877198469,-46.822081229972866,varzea paulista,SP
13221,-23.190599104674554,-46.824430087656374,varzea paulista,SP
13221,-23.201780510913842,-46.841440500000004,varzea paulista,SP
13324,-23.205916980841412,-47.307845865802996,salto,SP
13324,-23.205693666397316,-47.30518529211152,salto,SP
13324,-23.205244798776622,-47.308052870390625,salto,SP
13324,-23.202624101304167,-47.309452454209676,salto,SP
13324,-23.207125798776634,-47.32056314403607,salto,SP
13338,-23.089692080212355,-47.19608228864908,indaiatuba,SP
13338,-23.089774633983154,-47.19185517844043,indaiatuba,SP
13338,-23.089404038576962,-47.19094030197929,indaiatuba,SP
13338,-23.08643626977896,-47.19294323703038,indaiatuba,SP
13338,-23.088994585292195,-47.18507506896663,indaiatuba,SP
13486,-22.568907864569766,-47.37619564683011,limeira,SP
13486,-22.570773973189656,-47.38843939147094,limeira,SP
13486,-22.552937999999997,-47.3709825,limeira,SP
13486,-22.570348798776624,-47.37070977101972,limeira,SP
13486,-22.571517142939562,-47.37657431279932,limeira,SP
13500,-22.402133192076768,-47.56233402025511,rio claro,SP
13500,-22.41491433417961,-47.563594271712205,rio claro,SP
13500,-22.403318430948428,-47.56235280389065,rio claro,SP
13500,-22.402120983699,-47.56846013092065,rio claro,SP
13500,-22.416791563967962,-47.56221695862441,rio claro,SP
13730,-21.46569907614626,-47.00475479474461,mococa,SP
13730,-21.469388566108755,-47.00631342212011,mococa,SP
13730,-21.46989238813027,-47.00450042892201,mococa,SP
13730,-21.46692534844244,-46.99998336452263,mococa,SP
13730,-21.467748118899458,-47.00663340999557,mococa,SP
13840,-22.359648157307664,-46.93603474635176,mogi-guacu,SP
13840,-22.354182678869392,-46.923056233781665,mogi guacu,SP
13840,-22.366660879718946,-46.942292551690244,mogi guacu,SP
13840,-22.36096713887695,-46.93205932138727,mogi-guacu,SP
13840,-22.371524503932754,-46.94068571893897,mogi-guacu,SP
14403,-20.54822779974972,-47.395897060007975,franca,SP
14403,-20.55111607627002,-47.39520758736405,franca,SP
14403,-20.567061171203783,-47.36790662073282,franca,SP
14403,-20.539543731426736,-47.39221584605697,franca,SP
14403,-20.56230859673431,-47.40930342597986,franca,SP
14808,-21.812698026371937,-48.15183966694556,araraquara,SP
14808,-21.837461406053414,-48.144462998615005,araraquara,SP
14808,-21.815743075768953,-48.14339802331352,araraquara,SP
14808,-21.810336024698508,-48.14711527477061,araraquara,SP
14808,-21.807618914795988,-48.14400076158464,araraquara,SP
14850,-21.367570681803436,-48.06270442872158,pradopolis,SP
14850,-21.363690797973124,-48.07158744679505,pradopolis,SP
14850,-21.36141268290365,-48.072871245991465,pradopolis,SP
14850,-21.356260573048417,-48.087109397223415,pradopolis,SP
14850,-21.358504555665757,-48.07059655780123,pradópolis,SP
15046,-20.776933935077974,-49.387132341578074,sao jose do rio preto,SP
15046,-20.773196999999996,-49.391597250000004,sao jose do rio preto,SP
15046,-20.763761679727633,-49.38394796577469,sao jose do rio preto,SP
15046,-20.77511395501244,-49.396948846380965,sao jose do rio preto,SP
15046,-20.775990855279353,-49.395612235067986,sao jose do rio preto,SP
15130,-20.806068345905754,-49.50314249273567,mirassol,SP
15130,-20.820957229830732,-49.52640152846772,mirassol,SP
15130,-20.80924795446903,-49.507841500105066,mirassol,SP
15130,-20.804079541677037,-49.498211044420465,mirassol,SP
15130,-20.81851551782242,-49.52020787589112,mirassol,SP
15803,-21.126845368024707,-48.98932863142702,catanduva,SP
15803,-21.132392356840963,-49.00234472710206,catanduva,SP
15803,-21.131337583126534,-48.99264234485542,catanduva,SP
15803,-21.12676412989755,-49.00333561031376,catanduva,SP
15803,-21.127818583126537,-48.99931937039064,catanduva,SP
15903,-21.422670863401702,-48.52121189851047,taquaritinga,SP
15903,-21.473940947358866,-48.62870579035781,taquaritinga,SP
16025,-21.20944818830226,-50.452231747002735,aracatuba,SP
16025,-21.211056293204475,-50.46139197317208,aracatuba,SP
16025,-21.211056293204475,-50.46139197317208,araçatuba,SP
16025,-21.212398974060832,-50.460307995032245,aracatuba,SP
16025,-21.208283800450076,-50.44896563696694,aracatuba,SP
16071,-21.204424026371942,-50.47034877768479,aracatuba,SP
16071,-21.200350117404337,-50.46691578059898,aracatuba,SP
16071,-21.200139695628415,-50.46572890040543,aracatuba,SP
16071,-21.20441085706043,-50.465015387039074,aracatuba,SP
16071,-21.200350117404337,-50.46691578059898,aracatuba,SP
17012,-22.332425763517893,-49.060789754631074,bauru,SP
17012,-22.32725413429287,-49.06232867271887,bauru,SP
17012,-22.329914388250273,-49.06497388844811,bauru,SP
17012,-22.330013018870126,-49.062535544809386,bauru,SP
17012,-22.340721881617895,-49.05882172154043,bauru,SP
18030,-23.50590292645274,-47.46270406757463,sorocaba,SP
18030,-23.5077342850424,-47.455098705522545,sorocaba,SP
18030,-23.50996756009092,-47.46003990188145,sorocaba,SP
18030,-23.524239984085224,-47.451448211533176,sorocaba,SP
18030,-23.509616605603348,-47.46155595920132,sorocaba,SP
18130,-23.53626695697963,-47.13489184347044,sao roque,SP
18130,-23.534589583126543,-47.1339803916267,são roque,SP
18130,-23.531604483209268,-47.13761049293446,sao roque,SP
18130,-23.53532688020907,-47.13873415094024,sao roque,SP
18130,-23.531661045247702,-47.13414314623956,sao roque,SP
18131,-23.535956535662766,-47.15636480737498,sao roque,SP
18131,-23.530910035950733,-47.14197197253356,sao roque,SP
18131,-23.532216315075225,-47.15752749336387,sao roque,SP
18131,-23.53640404218364,-47.140007845692146,sao roque,SP
18131,-23.532998527263487,-47.1508238411705,sao roque,SP
18460,-24.114191165580575,-49.33254226756805,itarare,SP
18460,-24.115003781896277,-49.33324948674633,itarare,SP
18460,-24.104271876437995,-49.32092140881328,itarare,SP
18460,-24.106580543247304,-49.34536436848741,itarare,SP
18460,-24.11070377964076,-49.32577374501435,itarare,SP
18530,-23.112239657852275,-47.71121420729847,tiete,SP
18530,-23.11038571875221,-47.70881019788384,tiete,SP
18530,-23.11290090284899,-47.72550568351698,tiete,SP
18530,-23.115857078632274,-47.7111204314817,tiete,SP
18530,-23.095289994443725,-47.70010200277814,tiete,SP
01041,-23.543712849558617,-46.6402632336835,sao paulo,SP
01041,-23.54320753981771,-46.64090617831388,são paulo,SP
01041,-23.5443921648681,-46.63949930627844,sao paulo,SP
01041,-23.543539449073783,-46.64057731057763,sao paulo,SP
01041,-23.54424217208146,-46.63966881349182,sao paulo,SP
01046,-23.546081127035535,-46.64482029837157,sao paulo,SP
01046,-23.545047855675463,-46.64317276879801,sao paulo,SP
01046,-23.546817419095163,-46.64537999999999,sao paulo,SP
01046,-23.546081127035535,-46.64482029837157,sao paulo,SP
01046,-23.546381972243076,-46.642893706619056,sao paulo,SP
01122,-23.531280767701485,-46.637260391482464,são paulo,SP
01122,-23.531437906745904,-46.63968832737029,sao paulo,SP
01122,-23.531952971406355,-46.64002553482605,sao paulo,SP
01122,-23.53145824340702,-46.63635618512319,sao paulo,SP
01122,-23.530217730509502,-46.64114932835121,sao paulo,SP
02022,-23.50623786745398,-46.64043238758518,são paulo,SP
02022,-23.50357141271851,-46.637645453372954,sao paulo,SP
02022,-23.50494040827512,-46.639984839863764,sao paulo,SP
02022,-23.504335656108086,-46.63613983810171,sao paulo,SP
02022,-23.504335656108086,-46.63613983810171,sao paulo,SP
02055,-23.512952943937883,-46.6083024672514,sao paulo,SP
02055,-23.51299955813957,-46.61060369663572,sao paulo,SP
02055,-23.512715424086817,-46.608710359282135,sao paulo,SP
02055,-23.51299955813957,-46.61060369663572,sao paulo,SP
02055,-23.51299955813957,-46.61060369663572,sao paulo,SP
02440,-23.475865892867446,-46.64976772522937,sao paulo,SP
02440,-23.477501304749246,-46.649751600611694,são paulo,SP
02440,-23.476152132667778,-46.64940646794389,sao paulo,SP
02440,-23.476548300305836,-46.648744632667785,sao paulo,SP
02440,-23.478676532892813,-46.65030338259567,sao paulo,SP
02611,-23.46658982202164,-46.63928171838316,sao paulo,SP
02611,-23.46977775491955,-46.65526828642737,são paulo,SP
02611,-23.46658982202164,-46.63928171838316,sao paulo,SP
02611,-23.469343071614002,-46.6619310992267,sao paulo,SP
02611,-23.465965339431243,-46.6370736511636,sao paulo,SP
02712,-23.50544478573489,-46.68161090896759,sao paulo,SP
02712,-23.505066031363608,-46.67702402164007,sao paulo,SP
02712,-23.506162878988977,-46.68011987290079,sao paulo,SP
02712,-23.505714051907162,-46.67758902484274,sao paulo,SP
02712,-23.505603904524207,-46.68008335457892,sao paulo,SP
02969,-23.48615388842405,-46.71456818137228,sao paulo,SP
02969,-23.484078838190314,-46.713438790870775,sao paulo,SP
02969,-23.484255432973622,-46.71241971135092,sao paulo,SP
02969,-23.484078838190314,-46.713438790870775,sao paulo,SP
02969,-23.483689187344904,-46.71326523466445,sao paulo,SP
03186,-23.567258514570952,-46.58312233236194,sao paulo,SP
03186,-23.56726054731954,-46.58397325145708,sao paulo,SP
03186,-23.56642054010618,-46.58123011656762,sao paulo,SP
03186,-23.567145233971956,-46.58249029961333,sao paulo,SP
03186,-23.567283000000003,-46.582119000000006,sao paulo,SP
03317,-23.540931051907165,-46.55301866833054,são paulo,SP
03317,-23.543869011945223,-46.568107807519205,sao paulo,SP
03317,-23.53864078795659,-46.55875027935824,sao paulo,SP
03317,-23.543583710200227,-46.5668068255741,sao paulo,SP
03317,-23.543713006376638,-46.567636192480784,sao paulo,SP
03449,-23.557674457672125,-46.52192422315191,sao paulo,SP
03449,-23.555296896474122,-46.52116169608749,sao paulo,SP
03449,-23.557032660280477,-46.52470443796529,sao paulo,SP
03449,-23.555296896474122,-46.52116169608749,sao paulo,SP
03449,-23.555565031363596,-46.521460645017015,sao paulo,SP
03479,-23.5742504568354,-46.506074049685466,são paulo,SP
03479,-23.574995172629723,-46.507861828062765,sao paulo,SP
03479,-23.574919746321203,-46.50855770927344,sao paulo,SP
03479,-23.574280557591322,-46.50600057799065,sao paulo,SP
03479,-23.577516000000003,-46.509705,são paulo,SP
03533,-23.54331467943905,-46.52124670344508,sao paulo,SP
03533,-23.54363831334758,-46.52053976380635,sao paulo,SP
03533,-23.54283798335158,-46.522098712187635,sao paulo,SP
03533,-23.545301427145244,-46.514192118096815,são paulo,SP
03533,-23.54200719732822,-46.52318719954992,sao paulo,SP
03759,-23.503585725229385,-46.492143145017025,sao paulo,SP
03759,-23.504279731057764,-46.492290922009346,sao paulo,SP
03759,-23.50472749870488,-46.494808510028165,sao paulo,SP
03759,-23.50393784443368,-46.494832693399175,são paulo,SP
03759,-23.49925432584106,-46.49130238966478,sao paulo,SP
03930,-23.582402779906513,-46.49511096003805,sao paulo,SP
03930,-23.579971114345916,-46.499783390645746,sao paulo,SP
03930,-23.580836528449407,-46.495141941716184,sao paulo,SP
03930,-23.58550348404406,-46.48886272315191,sao paulo,SP
03930,-23.580056158203003,-46.498425742022015,sao paulo,SP
04107,-23.58090815307019,-46.63504646134852,são paulo,SP
04107,-23.57931110162044,-46.63477576759821,sao paulo,SP
04107,-23.58090815307019,-46.63504646134852,são paulo,SP
04107,-23.58003874493623,-46.63561816403137,sao paulo,SP
04107,-23.580401249235397,-46.632767904379975,sao paulo,SP
04109,-23.575640883567477,-46.633540642759954,são paulo,SP
04109,-23.57488785290549,-46.63180082806277,sao paulo,SP
04109,-23.57525436105025,-46.6323139083399,sao paulo,SP
04109,-23.578452031363607,-46.62915297835992,sao paulo,SP
04109,-23.57525436105025,-46.6323139083399,sao paulo,SP
04174,-23.632590834583635,-46.607633748542895,sao paulo,SP
04174,-23.634575496537547,-46.60830436372555,são paulo,SP
04174,-23.63346847599399,-46.605975747706175,sao paulo,SP
04174,-23.634486230781558,-46.60847614900174,sao paulo,SP
04174,-23.632288234638636,-46.6088840185873,são paulo,SP
04273,-23.612052666446743,-46.60783466642034,sao paulo,SP
04273,-23.60388138995326,-46.61462045184374,sao paulo,SP
04273,-23.60068163336027,-46.61544268942237,sao paulo,SP
04273,-23.612052666446743,-46.60783466642034,sao paulo,SP
04273,-23.612052666446743,-46.60783466642034,sao paulo,SP
04324,-23.653652752149586,-46.636357489179964,são paulo,SP
04324,-23.652418662502175,-46.63560515098963,sao paulo,SP
04324,-23.65257635581969,-46.63563783068849,são paulo,SP
04324,-23.659199067170608,-46.63825696073055,sao paulo,SP
04324,-23.650708892867442,-46.638332193173284,sao paulo,SP
04361,-23.642561629753587,-46.66541118151653,sao paulo,SP
04361,-23.64229838663503,-46.66227848014891,são paulo,SP
04361,-23.64181877407159,-46.66287093890233,sao paulo,SP
04361,-23.645837451843736,-46.6617831335045,sao paulo,SP
04361,-23.642196359974626,-46.66411795268046,sao paulo,SP
04363,-23.646845934214372,-46.6660547231519,sao paulo,SP
04363,-23.646687875353646,-46.66573580365271,sao paulo,SP
04363,-23.646167235356934,-46.66585747807145,sao paulo,SP
04363,-23.64840368866095,-46.66936883920197,sao paulo,SP
04363,-23.645293805441735,-46.67085963864038,sao paulo,SP
04515,-23.603868146546244,-46.664721287956574,sao paulo,SP
04515,-23.60038072577764,-46.66721433582437,sao paulo,SP
04515,-23.599567802383312,-46.666485770327206,sao paulo,SP
04515,-23.602705649171973,-46.66609595239199,sao paulo,SP
04515,-23.60290531418431,-46.66590903649949,sao paulo,SP
04548,-23.60067447847549,-46.679921841537194,são paulo,SP
04548,-23.59608895060299,-46.68779513598599,são paulo,SP
04548,-23.598958547867788,-46.68366069885745,sao paulo,SP
04548,-23.596906737145943,-46.68807965208617,sao paulo,SP
04548,-23.60080046655893,-46.67978525007211,sao paulo,SP
04549,-23.604420226210326,-46.67585441341102,são paulo,SP
04549,-23.603992983899836,-46.67720729462168,são paulo,SP
04549,-23.602437240637048,-46.67861583680533,sao paulo,SP
04549,-23.598836863725534,-46.6748534639332,sao paulo,SP
04549,-23.603873972791327,-46.67714782015692,sao paulo,SP
04847,-23.754961606387248,-46.693985693504956,são paulo,SP
04847,-23.754661512349248,-46.69728560866175,sao paulo,SP
04847,-23.756282221669153,-46.69739314040983,sao paulo,SP
04847,-23.756282221669153,-46.69739314040983,sao paulo,SP
04847,-23.754640411045077,-46.69714599347912,sao paulo,SP
04915,-23.68445266916728,-46.74839848404405,sao paulo,SP
04915,-23.676706707744245,-46.74864009103238,sao paulo,SP
04915,-23.680613074932225,-46.75008617845811,sao paulo,SP
04915,-23.682470127971946,-46.75072840260506,sao paulo,SP
04915,-23.68432496142304,-46.74806036026309,sao paulo,SP
05058,-23.532968210658424,-46.708292802527545,são paulo,SP
05058,-23.535269999999997,-46.70899202164008,sao paulo,SP
05058,-23.534510311962606,-46.70793913627446,sao paulo,SP
05058,-23.528660584511517,-46.70836692423106,sao paulo,SP
05058,-23.528442887039063,-46.706457310577626,sao paulo,SP
05588,-23.57370846517395,-46.737071816405994,sao paulo,SP
05588,-23.575790617837026,-46.741010066737914,sao paulo,SP
05588,-23.576142551762942,-46.741667563419696,sao paulo,SP
05588,-23.574199683593996,-46.73911591632519,sao paulo,SP
05588,-23.574023235356925,-46.738878605747566,sao paulo,SP
05615,-23.587321998326566,-46.716914657626084,sao paulo,SP
05615,-23.586882255063774,-46.718436117260104,sao paulo,SP
05615,-23.586882255063774,-46.718436117260104,sao paulo,SP
05615,-23.587207009435065,-46.71697417262971,sao paulo,SP
05615,-23.589197267268794,-46.714920694154245,são paulo,SP
05835,-23.65313653566277,-46.75922277560735,sao paulo,SP
05835,-23.65604039923698,-46.762700936561,sao paulo,SP
05835,-23.65628730030585,-46.76261995115124,sao paulo,SP
05835,-23.64925455024456,-46.75273465868996,são paulo,SP
05835,-23.644378162646394,-46.74450322883607,sao paulo,SP
05868,-23.660562499307513,-46.775402717179304,sao paulo,SP
05868,-23.670001162646404,-46.78158322883607,sao paulo,SP
05868,-23.663200641410356,-46.77892546794391,são paulo,SP
05868,-23.671609459893816,-46.78559724937963,sao paulo,SP
05868,-23.661925072162262,-46.77806898542906,sao paulo,SP
05871,-23.683632580068117,-46.77071537246812,sao paulo,SP
05871,-23.68890747071387,-46.77381668901834,sao paulo,SP
05871,-23.687478,-46.77436304385709,são paulo,SP
05871,-23.68565388897653,-46.77318640939909,sao paulo,SP
05871,-23.683544999999995,-46.77147097446476,sao paulo,SP
06060,-23.552456794881493,-46.780125590339914,osasco,SP
06060,-23.550285489035733,-46.77906261128748,osasco,SP
06060,-23.554752474609007,-46.78310624672523,osasco,SP
06060,-23.551574962519553,-46.78435636580301,osasco,SP
06060,-23.552117650294953,-46.782084998172856,osasco,SP
06142,-23.571237792948242,-46.799562137255414,osasco,SP
06142,-23.57211660782504,-46.797588303364265,osasco,SP
06142,-23.570392232586975,-46.79737186995794,osasco,SP
06142,-23.550388203782514,-46.79505747953667,osasco,SP
06142,-23.567858380258393,-46.79811361613493,osasco,SP
06233,-23.51236148932418,-46.78486267055226,osasco,SP
06233,-23.51654616980736,-46.786437102082736,osasco,SP
06233,-23.51666868227537,-46.78637547810989,osasco,SP
06233,-23.519565917921767,-46.78631453848282,osasco,SP
06233,-23.5142696005021,-46.78731761561057,osasco,SP
06266,-23.48960523619365,-46.79252124522469,osasco,SP
06266,-23.488158372756573,-46.79420734762537,osasco,SP
06266,-23.494890531219365,-46.78791369274058,osasco,SP
06266,-23.490240358329842,-46.790248238271126,osasco,SP
06266,-23.494768852894676,-46.7830205277663,osasco,SP
06328,-23.526157023386936,-46.82353759081268,carapicuiba,SP
06328,-23.528066509878975,-46.8232709603782,carapicuíba,SP
06328,-23.555308252122252,-46.85588504889215,carapicuiba,SP
06328,-23.5261964383681,-46.82451063828325,carapicuiba,SP
06328,-23.52614465430988,-46.823323952515686,carapicuíba,SP
06380,-23.540371273269113,-46.83780271347411,carapicuíba,SP
06380,-23.557972498943823,-46.83742003463413,carapicuiba,SP
06380,-23.538214758768135,-46.835402201759806,carapicuiba,SP
06380,-23.539334531776973,-46.83953636955704,carapicuiba,SP
06380,-23.538887847935744,-46.838578450412164,carapicuiba,SP
06708,-23.59495528274325,-46.84427839419897,cotia,SP
06708,-23.58536587538231,-46.84380861587513,cotia,SP
06708,-23.598011093366978,-46.84555749972091,cotia,SP
06708,-23.596613475993987,-46.85158229003407,cotia,SP
06708,-23.585221508742563,-46.849073924923545,cotia,SP
07022,-23.476787056898825,-46.538862432973616,guarulhos,SP
07022,-23.47390585206878,-46.54144233680534,guarulhos,SP
07022,-23.468972479600666,-46.54159818151652,guarulhos,SP
07022,-23.473521000000005,-46.54167749999999,guarulhos,SP
07022,-23.47390585206878,-46.54144233680534,guarulhos,SP
07272,-23.464877898695818,-46.42562878642738,guarulhos,SP
07272,-23.469786,-46.4224725,guarulhos,SP
07272,-23.461424350539563,-46.425830961423024,guarulhos,SP
07272,-23.433426198299735,-46.51212334325156,guarulhos,SP
07272,-23.469515303639742,-46.421134158336685,guarulhos,SP
07700,-23.36233213890305,-46.740584941257666,caieiras,SP
07700,-23.36451371094505,-46.74765457259503,caieiras,SP
07700,-23.366044414500813,-46.74171708422191,caieiras,SP
07700,-23.359649196498758,-46.74192095110667,caieiras,SP
07700,-23.392296339350597,-46.70960220004753,caieiras,SP
07750,-23.35598564933177,-46.878954348730176,cajamar,SP
07750,-23.356875575004,-46.8769002560306,cajamar,SP
07750,-23.35226454672245,-46.876886471746765,cajamar,SP
07750,-23.35852068895319,-46.87681779252169,cajamar,SP
07750,-23.356875575004,-46.8769002560306,cajamar,SP
08160,-23.504776938432947,-46.415001664689704,são paulo,SP
08160,-23.496478068397145,-46.409074458961705,sao paulo,SP
08160,-23.50132785706044,-46.41033669677995,sao paulo,SP
08160,-23.510437626345322,-46.411559025334114,sao paulo,SP
08160,-23.49948416680135,-46.4109244365803,sao paulo,SP
08431,-23.525436666945577,-46.413071696087485,sao paulo,SP
08431,-23.536889633360264,-46.4167077850424,sao paulo,SP
08431,-23.52560580183505,-46.41440124424374,sao paulo,SP
08431,-23.53892621065843,-46.420535713572605,sao paulo,SP
08431,-23.52907032001269,-46.410524188037385,sao paulo,SP
09090,-23.65198043825374,-46.54095207799065,santo andre,SP
09090,-23.654015957434783,-46.53875018356984,santo andré,SP
09090,-23.65725984485542,-46.541313413411004,santo andre,SP
09090,-23.649442375526533,-46.54347844200464,santo andre,SP
09090,-23.65218934609616,-46.5326156061516,santo andré,SP
09550,-23.620177114796054,-46.551804125504944,sao caetano do sul,SP
09550,-23.616657471002327,-46.557072922009354,são caetano do sul,SP
09550,-23.625580798776628,-46.549427128916854,são caetano do sul,SP
09550,-23.620624648075452,-46.557256175543905,sao caetano do sul,SP
09550,-23.61988311740434,-46.55089745490215,sao caetano do sul,SP
09811,-23.72527983484343,-46.55702673772287,sao bernardo do campo,SP
09811,-23.724368466818724,-46.56916286081136,sao bernardo do campo,SP
09811,-23.726126262625584,-46.55969999719431,sao bernardo do campo,SP
09811,-23.729050504904745,-46.55664102692021,sao bernardo do campo,SP
09811,-23.727490524789886,-46.55901104623439,sao bernardo do campo,SP
09820,-23.746059525102535,-46.55042958090485,sao bernardo do campo,SP
09820,-23.738801057747697,-46.55825702512578,sao bernardo do campo,SP
09820,-23.742595675832373,-46.5505100158117,sao bernardo do campo,SP
09820,-23.747053727422422,-46.555612727855106,sao bernardo do campo,SP
09820,-23.749385113509195,-46.54876601260906,sao bernardo do campo,SP
09854,-23.669731383288145,-46.58979967666909,sao bernardo do campo,SP
09854,-23.732469539856716,-46.572729758649594,são bernardo do campo,SP
09854,-23.760759819968175,-46.5986472045923,sao bernardo do campo,SP
09854,-23.755921485294273,-46.603330179354046,sao bernardo do campo,SP
09854,-23.761144065771127,-46.598225663226565,sao bernardo do campo,SP
11533,-23.925988916770564,-46.40841448983772,cubatao,SP
11533,-23.92760999999996,-46.41661193199997,cubatão,SP
11533,-23.930060763828788,-46.41071167433167,cubatao,SP
11533,-23.927817206921713,-46.4104583507187,cubatao,SP
11533,-23.926611435906548,-46.40778442641041,cubatao,SP
12080,-23.014906457628143,-45.55074777537135,taubaté,SP
12080,-23.016896298235366,-45.549952844233545,taubate,SP
12080,-23.02381377523277,-45.54700118109754,taubate,SP
12080,-23.015497742256176,-45.55269699650481,taubaté,SP
12080,-23.020592467966885,-45.5498716365801,taubate,SP
12227,-23.196496746321206,-45.86480432708181,sao jose dos campos,SP
12227,-23.21617065113387,-45.853027894396654,sao jose dos campos,SP
12227,-23.21606068220902,-45.853274933666114,sao jose dos campos,SP
12227,-23.21253416582351,-45.85046257364535,sao jose dos campos,SP
12227,-23.21072241410349,-45.85081218151652,são josé dos campos,SP
12248,-23.164548810433395,-45.80487447890817,são josé dos campos,SP
12248,-23.172432999999955,-45.78904090499998,sao jose dos campos,SP
12248,-23.17185177220318,-45.795662447242435,sao jose dos campos,SP
12248,-23.174511507816128,-45.78662189303594,são josé dos campos,SP
12248,-23.172887860118855,-45.79550609755325,sao jose dos campos,SP
12281,-23.108130513185962,-45.70200655897629,caçapava,SP
12281,-23.101357751553003,-45.70947640477233,cacapava,SP
12281,-23.099931,-45.706117500000005,cacapava,SP
12281,-23.105585881210686,-45.70412312476192,cacapava,SP
12281,-23.103845564821874,-45.704930951225634,cacapava,SP
12515,-22.8102557858096,-45.18353140514958,guaratingueta,SP
12515,-22.810882876760708,-45.18941860727619,guaratingueta,SP
12515,-22.80827850652102,-45.18197887801432,guaratinguetá,SP
12515,-22.80896546638152,-45.18064354813963,guaratingueta,SP
12515,-22.81044796850788,-45.185064624131016,guaratingueta,SP
12609,-22.75223299417162,-45.119310259651414,lorena,SP
12609,-22.752315115182636,-45.11926174034859,lorena,SP
12609,-22.743254577298156,-45.11916307562471,lorena,SP
12609,-22.749142793780322,-45.12464287095944,lorena,SP
12609,-22.75153416847478,-45.11824457729815,lorena,SP
13034,-22.91071717984308,-47.09344135359799,campinas,SP
13034,-22.913428652469218,-47.08633744094619,campinas,SP
13034,-22.911017416873452,-47.09614127601136,campinas,SP
13034,-22.91071717984308,-47.09344135359799,campinas,SP
13034,-22.91559928642738,-47.09701007369147,campinas,SP
13043,-22.933200411915568,-47.04106490766075,campinas,SP
13043,-22.926824161809677,-47.048759046627055,campinas,SP
13043,-22.93600366916727,-47.03789240022504,campinas,SP
13043,-22.938098783513183,-47.03607647515725,campinas,SP
13043,-22.928951250080626,-47.044806425163806,campinas,SP
13085,-22.792785003606685,-47.08550995989381,campinas,SP
13085,-22.799500973001408,-47.080918169323,campinas,SP
13085,-22.77839835137629,-47.09058011878932,campinas,SP
13085,-22.783092519390934,-47.064130954300325,campinas,SP
13085,-22.75143233971952,-47.05473260560334,campinas,SP
13206,-23.210054245080453,-46.881238259911214,jundiai,SP
13206,-23.217145900629056,-46.87463715901106,jundiai,SP
13206,-23.21322802969016,-46.883290048992976,jundiai,SP
13206,-23.213429585131,-46.88014982734276,jundiai,SP
13206,-23.20743441062393,-46.881160114072365,jundiai,SP
13290,-23.084125277105812,-46.98121307089687,louveira,SP
13290,-23.080145200450907,-46.95778578779591,louveira,SP
13290,-23.06687108404928,-46.954550792628936,louveira,SP
13290,-23.068908971023273,-46.946613912264986,louveira,SP
13290,-23.10098502757524,-46.977502499999986,louveira,SP
13451,-22.73986458794915,-47.41883188163613,santa barbara d'oeste,SP
13451,-22.74838279113059,-47.42318765588904,santa barbara d'oeste,SP
13451,-22.745308390869315,-47.419172776777536,santa barbara d oeste,SP
13451,-22.744061116663108,-47.414419231080934,santa barbara d'oeste,SP
13451,-22.749094277169572,-47.42443670394211,santa barbara d'oeste,SP
13480,-22.564590914795993,-47.40315315223038,limeira,SP
13480,-22.56910982289601,-47.40969521001441,limeira,SP
13480,-22.563264749320183,-47.407019496091195,limeira,SP
13480,-22.571406261728875,-47.413189078827365,limeira,SP
13480,-22.56883743741702,-47.405379876219016,limeira,SP
13566,-22.000554387183286,-47.88585695697964,sao carlos,SP
13566,-21.998797113797657,-47.87527962031853,sao carlos,SP
13566,-22.001831496537545,-47.89690325728546,sao carlos,SP
13566,-22.00193843825374,-47.879363818483455,sao carlos,SP
13566,-21.998995316689022,-47.880441528001995,sao carlos,SP
13635,-21.971012714097714,-47.42669321771252,pirassununga,SP
13635,-21.974930654905922,-47.430753851068324,pirassununga,SP
13635,-21.972662634346133,-47.427911427577435,pirassununga,SP
13635,-21.978501419140915,-47.427235220098964,pirassununga,SP
13635,-21.982431994397455,-47.429627792917564,pirassununga,SP
14790,-20.32575857378295,-48.319543357640256,guaira,SP
14790,-20.313113240602775,-48.31992412114151,guaira,SP
14790,-20.317070075944308,-48.30930702031386,guaira,SP
14790,-20.316211164307095,-48.3094968379158,guaíra,SP
14790,-20.328068303601984,-48.32119669566307,guaira,SP
16013,-21.21380565168213,-50.4155019822264,aracatuba,SP
16013,-21.22499043169479,-50.418966177864625,aracatuba,SP
16013,-21.22499043169479,-50.418966177864625,araçatuba,SP
16013,-21.22068385206877,-50.41606305161871,aracatuba,SP
16013,-21.21325969025909,-50.41453338689483,aracatuba,SP
16022,-21.24108339439666,-50.460231378988965,aracatuba,SP
16022,-21.22806796891994,-50.46565622101585,aracatuba,SP
16022,-21.229815656673797,-50.464374291563274,aracatuba,SP
16022,-21.23222765667379,-50.46458668220902,aracatuba,SP
16022,-21.237435494280636,-50.45814682357588,aracatuba,SP
16300,-21.430859258103766,-50.08987578961023,penapolis,SP
16300,-21.41803454354304,-50.08347255181141,penapolis,SP
16300,-21.415660188646886,-50.082854947700746,penapolis,SP
16300,-21.419382442357964,-50.07041283554872,penápolis,SP
16300,-21.422959279694705,-50.07784403940357,penápolis,SP
17047,-22.33259929227913,-49.0443811707606,bauru,SP
17047,-22.330904070777287,-49.04722860159262,bauru,SP
17047,-22.33259929227913,-49.0443811707606,bauru,SP
17047,-22.329089672301333,-49.04451932114312,bauru,SP
17047,-22.333896637968014,-49.04433601034222,bauru,SP
17400,-22.218988944556266,-49.64362334020589,garca,SP
17400,-22.225268893961463,-49.64858240174964,garca,SP
17400,-22.207471450417557,-49.66454282461354,garça,SP
17400,-22.21044478982765,-49.652952114080456,garça,SP
17400,-22.210688991103403,-49.653325137756546,garca,SP
17490,-22.414350072506682,-49.150791131370646,piratininga,SP
17490,-22.413830931732235,-49.15060784028967,piratininga,SP
17490,-22.41484591655756,-49.13528209370909,piratininga,SP
17490,-22.414200666310073,-49.144425762451775,piratininga,SP
17490,-22.414901074269757,-49.146015166422295,piratininga,SP
17511,-22.181007751312862,-49.963543554532905,marilia,SP
17511,-22.177176507390232,-49.960728356531234,marília,SP
17511,-22.181133855675455,-49.958645071325556,marilia,SP
17511,-22.181945123780974,-49.96247951151254,marilia,SP
17511,-22.18449827206635,-49.959087695308575,marília,SP
18022,-23.520856046117487,-47.43510342877521,sorocaba,SP
18022,-23.522678790178297,-47.43583897807145,sorocaba,SP
18022,-23.520808957663682,-47.4350671314254,sorocaba,SP
18022,-23.522287526227714,-47.431528742714534,sorocaba,SP
18022,-23.566979208999953,-47.54246795199998,sorocaba,SP
18055,-23.489741556206333,-47.509921178602326,sorocaba,SP
18055,-23.480488604106377,-47.51214891470318,sorocaba,SP
18055,-23.499522953372956,-47.50208266042471,sorocaba,SP
18055,-23.501010572854756,-47.48778882209016,sorocaba,SP
18055,-23.481899717179306,-47.511335163887146,sorocaba,SP
05734,-23.626153149296492,-46.74691974117254,sao paulo,SP
05734,-23.627720761275086,-46.74677188164389,sao paulo,SP
05734,-23.622552832964764,-46.744348188656566,sao paulo,SP
05734,-23.62416929669916,-46.74379341771017,sao paulo,SP
05734,-23.629896363655327,-46.73886962143379,sao paulo,SP
06036,-23.559508137402258,-46.77587275540442,osasco,SP
06036,-23.55957485068379,-46.775822017773606,osasco,SP
06036,-23.559621024698508,-46.77555841020835,osasco,SP
06036,-23.559508137402258,-46.77587275540442,osasco,SP
06036,-23.55943398969881,-46.77575905150596,osasco,SP
06385,-23.549127420811832,-46.84347909144322,carapicuiba,SP
06385,-23.5481125810258,-46.842519593913316,carapicuiba,SP
06385,-23.545041302918943,-46.84538535138591,carapicuiba,SP
06385,-23.544095773957046,-46.845149711824895,carapicuiba,SP
06385,-23.545388999999947,-46.84308649999997,carapicuiba,SP
06540,-23.459999538735637,-46.879733658501294,santana de parnaiba,SP
06540,-23.46043937433122,-46.88105230054368,santana de parnaíba,SP
06540,-23.457232483045406,-46.87929551977079,santana de parnaiba,SP
06540,-23.450869042729455,-46.89093015934783,santana de parnaiba,SP
06540,-23.44694699334783,-46.88282939641687,santana de parnaíba,SP
06622,-23.551050344797275,-46.90425505423155,jandira,SP
06622,-23.54740367326217,-46.89834440613694,jandira,SP
06622,-23.541749358949183,-46.89596889056338,jandira,SP
06622,-23.54043018481404,-46.89810626647726,jandira,SP
06622,-23.551081739392547,-46.90383168060544,jandira,SP
06716,-23.60522961818243,-46.90761789965579,cotia,SP
06716,-23.614248844855414,-46.895128612124225,cotia,SP
06716,-23.602162778904997,-46.896647442104644,cotia,SP
06716,-23.60472202553522,-46.88594405398464,cotia,SP
06716,-23.610886093254084,-46.89650612017429,cotia,SP
07054,-23.465607904524205,-46.55524175728547,guarulhos,SP
07054,-23.469991072162273,-46.55638395045875,guarulhos,SP
07054,-23.46827906050551,-46.55625787691152,guarulhos,SP
07054,-23.462655946707848,-46.56051302262102,guarulhos,SP
07054,-23.468829317790977,-46.55608219900168,guarulhos,SP
07131,-23.428632142939556,-46.521968112960934,guarulhos,SP
07131,-23.433942320849397,-46.52520261795259,guarulhos,SP
07131,-23.439461563419698,-46.53112276311384,guarulhos,SP
07131,-23.43291629003406,-46.52529297890816,guarulhos,SP
07131,-23.43873501939172,-46.530612834110364,guarulhos,SP
07141,-23.42586781265509,-46.504539524006,guarulhos,SP
07141,-23.42120135079979,-46.50712738306674,guarulhos,SP
07141,-23.432806257285478,-46.50883209977497,guarulhos,SP
07141,-23.425681682035513,-46.51150453877139,guarulhos,SP
07141,-23.431516775174646,-46.50787368304574,guarulhos,SP
08050,-23.511019526227713,-46.46270107562471,sao paulo,SP
08050,-23.51705837867239,-46.47596385630177,sao paulo,SP
08050,-23.50768754593456,-46.45751223411618,sao paulo,SP
08050,-23.50663569362915,-46.45752842089213,sao paulo,SP
08050,-23.51188692062437,-46.461376006376625,sao paulo,SP
08710,-23.51937483109403,-46.19269037743349,mogi das cruzes,SP
08710,-23.523249878212354,-46.19568822469723,mogi das cruzes,SP
08710,-23.52323657802531,-46.19416553204927,mogi das cruzes,SP
08710,-23.5237205448882,-46.19576630243961,mogi das cruzes,SP
08710,-23.5283168453321,-46.19382776987949,mogi das cruzes,SP
09080,-23.629009002769962,-46.54860999751848,santo andre,SP
09080,-23.64812140827512,-46.537795398147566,santo andré,SP
09080,-23.641349503136418,-46.537864815560276,santo andré,SP
09080,-23.631892124069438,-46.54494905135891,santo andre,SP
09080,-23.6388021058016,-46.53936693103942,santo andre,SP
09230,-23.615718097697492,-46.53118432278263,santo andre,SP
09230,-23.6255763985516,-46.52950241756594,santo andre,SP
09230,-23.615187251141478,-46.52230328196342,santo andre,SP
09230,-23.62288211878932,-46.52624994393789,santo andre,SP
09230,-23.614581796216587,-46.52845844242909,santo andre,SP
09416,-23.734072610599526,-46.442410009208444,ribeirao pires,SP
09416,-23.736101694311678,-46.44166577625721,ribeirao pires,SP
09416,-23.74401903209743,-46.45221001580783,ribeirao pires,SP
09416,-23.73772780705506,-46.4421573764991,ribeirao pires,SP
09416,-23.74345972865564,-46.457646081159396,ribeirao pires,SP
09530,-23.617764471002317,-46.574964586733216,sao caetano do sul,SP
09530,-23.621077380881,-46.578646724225365,sao caetano do sul,SP
09530,-23.6169952519957,-46.575475781941655,são caetano do sul,SP
09530,-23.61937485483686,-46.57593161779636,sao caetano do sul,SP
09530,-23.622040529286128,-46.56877183236193,sao caetano do sul,SP
09631,-23.659989232875425,-46.56453441006411,sao bernardo do campo,SP
09631,-23.65679797391651,-46.56163676992319,sao bernardo do campo,SP
09631,-23.659749167089796,-46.56159504400131,sao bernardo do campo,SP
09631,-23.65889603220032,-46.560715160568925,sao bernardo do campo,SP
09631,-23.657437698020722,-46.56104010531488,são bernardo do campo,SP
09634,-23.651048713024363,-46.568892783772995,sao bernardo do campo,SP
09634,-23.653773586184965,-46.56815218318997,sao bernardo do campo,SP
09634,-23.65161424701369,-46.568539628512845,sao bernardo do campo,SP
09634,-23.653315277280782,-46.56771161933758,sao bernardo do campo,SP
09634,-23.65155288066242,-46.56911442587582,são bernardo do campo,SP
09720,-23.71933860892157,-46.551747934358595,sao bernardo do campo,SP
09720,-23.71822274916581,-46.553587584586225,sao bernardo do campo,SP
09720,-23.714563485140584,-46.55473186372555,são bernardo do campo,SP
09720,-23.713829496537553,-46.55807966472386,sao bernardo do campo,SP
09720,-23.71709451788917,-46.55350353136362,sao bernardo do campo,SP
09895,-23.70734747994644,-46.56687389064575,sao bernardo do campo,SP
09895,-23.707425905407483,-46.570956450782475,sao bernardo do campo,SP
09895,-23.70725643558366,-46.56891892578577,sao bernardo do campo,SP
09895,-23.704327507646052,-46.57526099999998,sao bernardo do campo,SP
09895,-23.702886503462455,-46.56538319608748,sao bernardo do campo,SP
09911,-23.691369029140542,-46.60741867158489,diadema,SP
09911,-23.686296230991424,-46.62414943586482,diadema,SP
09911,-23.687561253938593,-46.62753638980901,diadema,SP
09911,-23.691097623925202,-46.6069118617923,diadema,SP
09911,-23.69030698612153,-46.62130305381174,diadema,SP
11440,-23.98788982791853,-46.24777699362336,guarujá,SP
11440,-23.98575825309215,-46.24299155313549,guarujá,SP
11440,-23.985956273385632,-46.24222863044608,guaruja,SP
11440,-23.984957232298516,-46.23264844976628,guaruja,SP
11440,-23.98155898538558,-46.24654170599109,guaruja,SP
12230,-23.228339583963262,-45.88997341436329,são josé dos campos,SP
12230,-23.2207917171793,-45.894388986958255,sao jose dos campos,SP
12230,-23.21912580544173,-45.88823357369147,sao jose dos campos,SP
12230,-23.220276579519854,-45.8869503506838,sao jose dos campos,SP
12230,-23.22085011795259,-45.8880504826591,sao jose dos campos,SP
12244,-23.201187466647763,-45.958124563464985,são josé dos campos,SP
12244,-23.193885503601937,-45.93285610709269,sao jose dos campos,SP
12244,-23.206586427693495,-45.95270134347042,sao jose dos campos,SP
12244,-23.205200575691407,-45.959905664706554,sao jose dos campos,SP
12244,-23.200151464679593,-45.944498966869475,são josé dos campos,SP
12301,-23.270441385509848,-45.937427684286476,jacarei,SP
12301,-23.26410182292687,-45.94288650360667,jacarei,SP
12301,-23.270081795206153,-45.94102741345594,jacarei,SP
12301,-23.265622390989403,-45.94543997229461,jacarei,SP
12301,-23.271861769181555,-45.936467882512815,jacarei,SP
12460,-22.732323039727124,-45.56427039489908,campos do jordao,SP
12460,-22.729481542494916,-45.58225324429369,campos do jordao,SP
12460,-22.73280891892647,-45.583310253443585,campos do jordao,SP
12460,-22.740639451328096,-45.57817661162467,campos do jordao,SP
12460,-22.720323976313747,-45.57069473279037,campos do jordao,SP
12505,-22.81107305656438,-45.19828547125147,guaratingueta,SP
12505,-22.81107305656438,-45.19828547125147,guaratingueta,SP
12505,-22.816035590995792,-45.19883026598009,guaratinguetá,SP
12505,-22.815353527793167,-45.19792078034502,guaratingueta,SP
12505,-22.813724852509665,-45.200285802013624,guaratingueta,SP
12904,-22.945906215101836,-46.548503978908165,braganca paulista,SP
12904,-22.944128668330553,-46.55065085636796,braganca paulista,SP
12904,-22.944988749379622,-46.547429008050074,braganca paulista,SP
12904,-22.944728158203002,-46.5520584240868,braganca paulista,SP
12904,-22.94210246295224,-46.552481376219006,braganca paulista,SP
13090,-22.88857483236194,-47.04416083236194,campinas,SP
13090,-22.88835559930826,-47.0376225,campinas,SP
13090,-22.879985526280432,-47.03718985632837,campinas,SP
13090,-22.889510605949113,-47.03336441620199,campinas,SP
13090,-22.89161862392521,-47.038001254371295,campinas,SP
13212,-23.151712385018914,-46.97128780668247,jundiai,SP
13212,-23.191065495455117,-46.96317786960707,jundiai,SP
13212,-23.173281302816005,-46.96705070315661,jundiai,SP
13212,-23.189210517081108,-46.96370538022972,jundiai,SP
13212,-23.16910010768081,-46.968245650412726,jundiai,SP
13271,-22.963253612775464,-47.01219940781335,valinhos,SP
13271,-22.96261904213326,-47.0194310357477,valinhos,SP
13271,-22.967971414306938,-47.00257261738798,valinhos,SP
13271,-22.981081963162328,-47.020151392511494,valinhos,SP
13271,-22.980445058400477,-47.01909250168974,valinhos,SP
13400,-22.72101930806746,-47.650757367909144,piracicaba,SP
13400,-22.731512082145592,-47.6554186819492,piracicaba,SP
13400,-22.734190708292502,-47.65736922147847,piracicaba,SP
13400,-22.721071926424095,-47.64914133123674,piracicaba,SP
13400,-22.71736131392451,-47.650355705810995,piracicaba,SP
13450,-22.760477687572443,-47.41281121951772,santa bárbara d'oeste,SP
13450,-22.75112062641464,-47.421296695143006,santa barbara d'oeste,SP
13450,-22.756626786385027,-47.4111694794038,santa barbara d'oeste,SP
13450,-22.76450592415474,-47.411613653251095,santa barbara d'oeste,SP
13450,-22.75756675966071,-47.4112033216942,santa barbara d oeste,SP
13575,-22.039121926580634,-47.90482591534089,são carlos,SP
13575,-22.0367775545329,-47.91074902969017,sao carlos,SP
13575,-22.0398168306885,-47.9101877020601,sao carlos,SP
13575,-22.03136079017829,-47.91394632875526,sao carlos,SP
13575,-22.025036975301497,-47.90953639661835,sao carlos,SP
13690,-21.915727706969644,-47.62033250569028,descalvado,SP
13690,-21.901632773114876,-47.622126138795885,descalvado,SP
13690,-21.905378253315632,-47.60301881454923,descalvado,SP
13690,-21.896249700290042,-47.62146397478246,descalvado,SP
13690,-21.90117064861499,-47.62096239424755,descalvado,SP
13803,-22.524855673119497,-46.95512226265618,mogi mirim,SP
13803,-22.456894599459776,-46.96292885195563,mogi mirim,SP
13803,-22.45416948542905,-46.95794212614691,mogi mirim,SP
13803,-22.452756580068122,-46.979480959893806,mogi mirim,SP
13803,-22.45530432361936,-46.97992084970285,mogi mirim,SP
13806,-22.410052544109128,-46.97276509151268,mogi mirim,SP
13806,-22.431095085813624,-46.9650478336199,mogi mirim,SP
13806,-22.41184932722604,-46.973175129609345,mogi mirim,SP
13806,-22.426035611431722,-46.963531765335546,mogi mirim,SP
13806,-22.431095085813624,-46.9650478336199,mogi mirim,SP
20550,-22.923882502914182,-43.225832678169645,rio de janeiro,RJ
20550,-22.91508241993188,-43.23022686205211,rio de janeiro,RJ
20550,-22.921075822926877,-43.22724007037325,rio de janeiro,RJ
20550,-22.92369350291419,-43.225831619885845,rio de janeiro,RJ
20550,-22.916486976946274,-43.226306340267776,rio de janeiro,RJ
20560,-22.91704952207277,-43.25912941326678,rio de janeiro,RJ
20560,-22.920115499999994,-43.267274999999984,rio de janeiro,RJ
20560,-22.91700248932418,-43.257361217179294,rio de janeiro,RJ
20560,-22.91932002582368,-43.26887811642339,rio de janeiro,RJ
20560,-22.919914897022384,-43.25813883166944,rio de janeiro,RJ
20751,-22.886944522072778,-43.30459252553521,rio de janeiro,RJ
20751,-22.88161167193723,-43.302226317502516,rio de janeiro,RJ
20751,-22.881355889809026,-43.31096666887881,rio de janeiro,RJ
20751,-22.88540751154119,-43.30034049708581,rio de janeiro,RJ
20751,-22.883726709557294,-43.2970083239177,rio de janeiro,RJ
22030,-22.968219049397007,-43.18823673772285,rio de janeiro,RJ
22030,-22.964732067718863,-43.18383929462168,rio de janeiro,RJ
22030,-22.96404947209884,-43.18069045891286,rio de janeiro,RJ
22030,-22.969220852738534,-43.18981414616813,rio de janeiro,RJ
22030,-22.96675881764675,-43.18546392062438,rio de janeiro,RJ
22610,-22.99920563249489,-43.2722509879392,rio de janeiro,RJ
22610,-22.996188271452397,-43.25959841450753,rio de janeiro,RJ
22610,-22.996440626723825,-43.25810248338025,rio de janeiro,RJ
22610,-22.995047208465383,-43.25734955715863,rio de janeiro,RJ
22610,-22.992382012448843,-43.25419833748293,rio de janeiro,RJ
22715,-22.92086016847478,-43.388586780050744,rio de janeiro,RJ
22715,-22.926470469328883,-43.381790490853405,rio de janeiro,RJ
22715,-22.92491047435205,-43.38344666099704,rio de janeiro,RJ
22715,-22.922747444630385,-43.38639806203471,rio de janeiro,RJ
22715,-22.923825736886144,-43.37921170858094,rio de janeiro,RJ
24220,-22.905816548704518,-43.106988856771984,niteroi,RJ
24220,-22.902305918691127,-43.11254462280002,niteroi,RJ
24220,-22.904566594523498,-43.11049125088019,niteroi,RJ
24220,-22.902574860407324,-43.109192038980986,niteroi,RJ
24220,-22.90749962932978,-43.10616955390452,niteroi,RJ
08275,-23.572422544549575,-46.478428428530215,sao paulo,SP
08275,-23.574494011656753,-46.48365532278263,sao paulo,SP
08275,-23.572364479600665,-46.479552715794306,sao paulo,SP
08275,-23.57877698473656,-46.483209005135905,sao paulo,SP
08275,-23.5677737149576,-46.482787147238724,sao paulo,SP
08553,-23.519970011295218,-46.36241961463011,poa,SP
08553,-23.521865280599002,-46.3614827216227,poá,SP
08553,-23.52452589308559,-46.363225098247746,poa,SP
08553,-23.523602259507168,-46.35972989578164,poa,SP
08553,-23.519578534194267,-46.36105575102968,poa,SP
08599,-23.462597421592825,-46.3353165488443,itaquaquecetuba,SP
08599,-23.45117977477623,-46.323040823370036,itaquaquecetuba,SP
08599,-23.462597421592825,-46.3353165488443,itaquaquecetuba,SP
08599,-23.466677083272725,-46.34533256297567,itaquaquecetuba,SP
08599,-23.47143040112417,-46.343578062711345,itaquaquecetuba,SP
08762,-23.577837579106387,-46.223811977118544,mogi das cruzes,SP
08762,-23.571295061273627,-46.22670329183764,mogi das cruzes,SP
08762,-23.569644571844144,-46.22332077193519,mogi das cruzes,SP
08762,-23.57417699999999,-46.22791050000001,mogi das cruzes,SP
08762,-23.572967433876126,-46.21881115199125,mogi das cruzes,SP
09170,-23.674454445015115,-46.50700299500791,santo andré,SP
09170,-23.705616802671766,-46.50935428336895,santo andré,SP
09170,-23.713051931805172,-46.50955075458462,santo andre,SP
09170,-23.708804217871794,-46.5091919070057,santo andre,SP
09170,-23.70957999999996,-46.512179999999944,santo andre,SP
09910,-23.686744432136898,-46.62957957175823,diadema,SP
09910,-23.696929332166405,-46.63027710984852,diadema,SP
09910,-23.688535192683023,-46.62742936609773,diadema,SP
09910,-23.68977546863215,-46.63532210147411,diadema,SP
09910,-23.69597390590919,-46.63158995074721,diadema,SP
11015,-23.959748294477464,-46.31359166374292,santos,SP
11015,-23.948228210658428,-46.32361307992388,santos,SP
11015,-23.95142489731085,-46.32380032321532,santos,SP
11015,-23.947058797391648,-46.32794224756196,santos,SP
11015,-23.948140568959612,-46.31984960199666,santos,SP
11520,-23.90043313112842,-46.423940795026745,cubatao,SP
11520,-23.89252384590019,-46.422963571251245,cubatao,SP
11520,-23.895243939569518,-46.42467214158127,cubatao,SP
11520,-23.896790945788403,-46.42507554788267,cubatao,SP
11520,-23.898890970798004,-46.424265307081015,cubatao,SP
11676,-23.601222071244813,-45.35260618287996,caraguatatuba,SP
11676,-23.599898431170523,-45.356367268505004,caraguatatuba,SP
11676,-23.615142981298085,-45.35458391138088,caraguatatuba,SP
11676,-23.609366270940594,-45.35154468175985,caraguatatuba,SP
11676,-23.610393000000002,-45.35229149999999,caraguatatuba,SP
11740,-24.149651009642906,-46.748097900127796,itanhaem,SP
11740,-24.19147468942237,-46.816324297391645,itanhaem,SP
11740,-24.22096716191445,-46.85188550240245,itanhaem,SP
11740,-24.17322640070283,-46.77594759798792,itanhaem,SP
11740,-24.148881368020206,-46.72395007360402,itanhaem,SP
22630,-23.006529823224245,-43.3509771411032,rio de janeiro,RJ
22630,-23.010874576172984,-43.3298201858157,rio de janeiro,RJ
22630,-23.01105563445679,-43.32792926380635,rio de janeiro,RJ
22630,-23.006824961659557,-43.33829971784556,rio de janeiro,RJ
22630,-23.01105563445679,-43.32792926380635,rio de janeiro,RJ
22713,-22.930927083992938,-43.3849856514328,rio de janeiro,RJ
22713,-22.932495586900238,-43.38512028831588,rio de janeiro,RJ
22713,-22.92566741268944,-43.400638083652716,rio de janeiro,RJ
22713,-22.92733064556528,-43.3868466268394,rio de janeiro,RJ
22713,-22.922982387183296,-43.37921906924808,rio de janeiro,RJ
22795,-23.026044731317555,-43.461041421461076,rio de janeiro,RJ
22795,-23.022690736886148,-43.464701299613345,rio de janeiro,RJ
22795,-23.022111861840678,-43.48031281754715,rio de janeiro,RJ
22795,-23.02462025443473,-43.488420744047744,rio de janeiro,RJ
22795,-23.022304166801344,-43.449979672773964,rio de janeiro,RJ
24936,-22.95903880735188,-42.98584334941111,marica,RJ
24936,-22.960717443965823,-42.98043755603417,marica,RJ
24936,-22.962600038003387,-42.992343000000005,marica,RJ
24936,-22.964295605652257,-42.9846114192065,marica,RJ
24936,-22.963531498560837,-42.98377002128679,maricá,RJ
25555,-22.775863110175873,-43.362487148492974,sao joao de meriti,RJ
25555,-22.78720653383128,-43.369596992229255,são joão de meriti,RJ
25555,-22.78585255620487,-43.36918930118529,são joão de meriti,RJ
25555,-22.77742408061593,-43.38183020229642,sao joao de meriti,RJ
25555,-22.784403254229062,-43.37672882205161,sao joao de meriti,RJ
25900,-22.65894387253605,-43.03681018346885,mage,RJ
25900,-22.655309113785616,-43.03993998110766,mage,RJ
25900,-22.657957969701236,-43.044414333183575,mage,RJ
25900,-22.652919,-43.04871675,mage,RJ
25900,-22.65267198179772,-43.04236746352226,mage,RJ
26020,-22.741389568060406,-43.447926628659445,nova iguaçu,RJ
26020,-22.737372033932502,-43.45268156537653,nova iguacu,RJ
26020,-22.731021895175093,-43.44563130216288,nova iguacu,RJ
26020,-22.73851696682951,-43.44652588614892,nova iguacu,RJ
26020,-22.731579962732248,-43.45199752276874,nova iguaçu,RJ
26285,-22.75306877541351,-43.456554256042644,nova iguacu,RJ
26285,-22.751251000242164,-43.456762456656186,nova iguacu,RJ
26285,-22.746465007063154,-43.45065396084956,nova iguacu,RJ
26285,-22.750148358420468,-43.4745618066645,nova iguacu,RJ
26285,-22.7447955,-43.46742825,nova iguacu,RJ
27910,-22.37333917216797,-41.78264909681508,macae,RJ
27910,-22.372205853858574,-41.778235826015035,macaé,RJ
27910,-22.37445104095456,-41.77877572434477,macae,RJ
27910,-22.371148780834158,-41.78360889168515,macae,RJ
27910,-22.370624382815112,-41.78351180116109,macae,RJ
31748,-19.79768909694483,-43.93419895512006,belo horizonte,MG
31748,-19.801013772693143,-43.93973740259097,belo horizonte,MG
31748,-19.804090651682124,-43.94802529918065,belo horizonte,MG
31748,-19.797244093254097,-43.93370624104107,belo horizonte,MG
31748,-19.797507711639373,-43.93618456757465,belo horizonte,MG
32661,-19.984264616711847,-44.151756359974634,betim,MG
32661,-19.98323709606085,-44.145454512829915,betim,MG
32661,-19.9935998798257,-44.155480018177634,betim,MG
32661,-19.97626107077729,-44.13908410796926,betim,MG
32661,-19.993140838190314,-44.15389329433323,betim,MG
34800,-19.883520408537528,-43.66933297389486,caete,MG
34800,-19.888481683523384,-43.670642708448895,caete,MG
34800,-19.903977222880297,-43.66970335935974,caete,MG
34800,-19.88388784579373,-43.66249581046625,caete,MG
34800,-19.897761238263794,-43.67583323033476,caete,MG
35051,-18.873519360519715,-41.96920602047174,governador valadares,MG
35051,-18.873864764182024,-41.9781014880397,governador valadares,MG
35051,-18.874672641063956,-41.97654090132874,governador valadares,MG
35051,-18.873884139974795,-41.96906756403624,governador valadares,MG
35051,-18.8732369495551,-41.97259064114244,governador valadares,MG
35181,-19.532680367546888,-42.615245644432264,timoteo,MG
35181,-19.552621739309586,-42.58487313836665,timoteo,MG
35181,-19.553556661301965,-42.584973815914026,timoteo,MG
35181,-19.561261985542266,-42.58854274039685,timoteo,MG
35181,-19.562094513206752,-42.58889573824917,timoteo,MG
36080,-21.7388612098217,-43.3839051201743,juiz de fora,MG
36080,-21.74606745406544,-43.36733023688615,juiz de fora,MG
36080,-21.73843685285261,-43.37971947151512,juiz de fora,MG
36080,-21.74006017929483,-43.38120312392522,juiz de fora,MG
36080,-21.745184773241412,-43.36503458687746,juiz de fora,MG
36140,-21.848036121751726,-43.81433567821044,lima duarte,MG
36140,-21.843668359982413,-43.803155685322416,lima duarte,MG
36140,-21.84251976485166,-43.79675855928447,lima duarte,MG
36140,-21.84466473585877,-43.80577472130324,lima duarte,MG
36140,-21.847735357490052,-43.809862603191384,lima duarte,MG
36820,-20.60816754571612,-42.14487245428386,divino,MG
36820,-20.61421938488091,-42.14509496766243,divino,MG
36820,-20.62151877435994,-42.1450058398551,divino,MG
36820,-20.613938597982536,-42.14891484083638,divino,MG
36820,-20.602039799000117,-42.14341794412074,divino,MG
38440,-18.65223568071188,-48.19343213192182,araguari,MG
38440,-18.65005688716443,-48.19506965625226,araguari,MG
38440,-18.64906148486714,-48.1910192001632,araguari,MG
38440,-18.647755799224107,-48.1891303651462,araguari,MG
38440,-18.6512199407787,-48.191581290984125,araguari,MG
39703,-18.531517497570775,-42.619757344122355,cantagalo,MG
39703,-18.53054207318573,-42.61841463347174,cantagalo,MG
39703,-18.525011768906406,-42.627296625778634,cantagalo,MG
39703,-18.530389852661997,-42.62801145556437,cantagalo,MG
39703,-18.531517497570775,-42.619757344122355,cantagalo,MG
41290,-12.901796861905076,-38.46360893604487,salvador,BA
41290,-12.898846489363066,-38.46534101420511,salvador,BA
41290,-12.901733928703308,-38.45744302650753,salvador,BA
41290,-12.902254182229974,-38.45957064715642,salvador,BA
41290,-12.894729152707779,-38.451817831946045,salvador,BA
41500,-12.915400499999999,-38.35595025000001,salvador,BA
41500,-12.912533228238695,-38.34848547291825,salvador,BA
41500,-12.907002666047662,-38.35636812179816,salvador,BA
41500,-12.91432765650561,-38.35714204468281,salvador,BA
41500,-12.923443934099328,-38.489421829503314,salvador,BA
41810,-12.992860352928359,-38.45139313957492,salvador,BA
41810,-12.985336408288791,-38.45228365545454,salvador,BA
41810,-13.00146943063608,-38.452903071893104,salvador,BA
41810,-12.992107222315182,-38.45319368650818,salvador,BA
41810,-12.999941124429201,-38.45032109813662,salvador,BA
45700,-15.257043246448557,-40.24755211052718,itapetinga,BA
45700,-15.25618328789842,-40.25775015041534,itapetinga,BA
45700,-15.259257888888945,-40.24269190215587,itapetinga,BA
45700,-15.255153919274855,-40.239454753817746,itapetinga,BA
45700,-15.247623525513431,-40.25653013646635,itapetinga,BA
48730,-11.562045316983504,-39.29494232788801,conceição do coité,BA
48730,-11.565588037142106,-39.2778096335593,conceicao do coite,BA
48730,-11.564106361694872,-39.29258530705179,conceicao do coite,BA
48730,-11.563603536838167,-39.28253613660486,conceicao do coite,BA
48730,-11.563603536838167,-39.28253613660486,conceicao do coite,BA
51250,-8.138173275583135,-34.9322264583223,recife,PE
51250,-8.132082223700172,-34.93938027407813,recife,PE
51250,-8.140241672722615,-34.92262337160403,recife,PE
51250,-8.132251012114804,-34.938219407907305,recife,PE
51250,-8.140908301316452,-34.922818434491866,recife,PE
54410,-8.109694987159566,-35.02240163663283,jaboatao dos guararapes,PE
54410,-8.1799214768307,-34.917924563679506,jaboatão dos guararapes,PE
54410,-8.16413487476125,-34.913687034999334,jaboatao dos guararapes,PE
54410,-8.182118227828017,-34.92608616497377,jaboatao dos guararapes,PE
54410,-8.178790360267593,-34.91906703540923,jaboatao dos guararapes,PE
55002,-8.28465051618529,-35.96975637467875,caruaru,PE
55002,-8.285402265914025,-35.96640832216556,caruaru,PE
55002,-8.285692133874266,-35.96490236234442,caruaru,PE
55002,-8.288477893351235,-35.96625544535387,caruaru,PE
55002,-8.285467674441277,-35.96833466721674,caruaru,PE
55032,-8.299284607808893,-35.98116283346567,caruaru,PE
55032,-8.297942013448948,-35.97902798728403,caruaru,PE
55032,-8.300518711534625,-35.98258384935776,caruaru,PE
55032,-8.297035277280388,-35.97965723721291,caruaru,PE
55032,-8.294565477667422,-35.9865274675112,caruaru,PE
56820,-7.804819300716695,-37.79330909824093,caraiba,PE
56820,-7.797024844296003,-37.79152710500147,caraiba,PE
56820,-7.804634129740929,-37.79612167564768,caraiba,PE
56820,-7.814854482662856,-37.78973359094173,carnaíba,PE
56820,-7.802354848247455,-37.793478821425936,caraiba,PE
57046,-9.613217239287312,-35.719633652535485,maceio,AL
57046,-9.613217239287312,-35.719633652535485,maceio,AL
57046,-9.568545139332873,-35.75433344379366,maceio,AL
57046,-9.601143983061581,-35.760755079673885,maceio,AL
57046,-9.601791445510248,-35.7187307063644,maceio,AL
58031,-7.112860135976188,-34.8486128018099,joao pessoa,PB
58031,-7.117502521784311,-34.845894838190304,joao pessoa,PB
58031,-7.111580571048868,-34.846736391487916,joao pessoa,PB
58031,-7.11962447013695,-34.84369252553523,joão pessoa,PB
58031,-7.110890161809678,-34.84856229586243,joao pessoa,PB
63050,-7.216966977021895,-39.322405344717296,juazeiro do norte,CE
63050,-7.209830959223493,-39.31624359877085,juazeiro do norte,CE
63050,-7.215641507273028,-39.32854237570997,juazeiro do norte,CE
63050,-7.223803689862781,-39.31910151899561,juazeiro do norte,CE
63050,-7.212741878863986,-39.32223720642163,juazeiro do norte,CE
66060,-1.4442835911766216,-48.478317420508795,belem,PA
66060,-1.4614224729355616,-48.475275501731694,belem,PA
66060,-1.4449083943966552,-48.47204214876793,belém,PA
66060,-1.4494763164346627,-48.481094033296834,belem,PA
66060,-1.4501517171792975,-48.47577406506448,belem,PA
68580,-5.133022577140994,-49.32538237576181,itupiranga,PA
68580,-5.136075009224236,-49.32978477340763,itupiranga,PA
68580,-5.136766635724771,-49.3324156522368,itupiranga,PA
68580,-5.134525978210166,-49.33000303205282,itupiranga,PA
68580,-5.14145326319668,-49.33654065464476,itupiranga,PA
69303,2.8032987716650717,-60.67586684273407,boa vista,RR
69303,2.8091307935875673,-60.67617826467629,boa vista,RR
69303,2.8054078268413827,-60.675827925754696,boa vista,RR
69303,2.8039375538291886,-60.677302487633746,boa vista,RR
69303,2.808768970987451,-60.680340994607796,boa vista,RR
70878,-15.738763274370337,-47.88726421096283,brasilia,DF
70878,-15.738763274370337,-47.88726421096283,brasilia,DF
70878,-15.740230499999996,-47.88494324999999,brasilia,DF
70878,-15.740774999999996,-47.88664875,brasilia,DF
70878,-15.738763274370337,-47.88726421096283,brasilia,DF
71010,-15.815938850453287,-47.99146167115018,brasilia,DF
71010,-15.815492818849464,-47.98730116790318,brasilia,DF
71010,-15.818014409069798,-47.989322340917056,guara,DF
71010,-15.813881648166594,-47.98941649996167,brasilia,DF
71010,-15.815822385005927,-47.98462887194185,brasilia,DF
71015,-15.825499262113878,-47.988239015414955,brasília,DF
71015,-15.823035000000004,-47.98969425,brasilia,DF
71015,-15.821065003133326,-47.983786598612845,brasilia,DF
71015,-15.822164539142674,-47.99069104115812,brasilia,DF
71015,-15.822733785010874,-47.99025638478734,brasília,DF
72233,-15.84773403146559,-48.11320617572606,ceilandia,DF
72233,-15.847695653147822,-48.11230111671739,brasilia,DF
72233,-15.84727124323275,-48.11154169452512,brasilia,DF
72233,-15.848322352318384,-48.111363533771254,brasília,DF
72233,-15.846914233261952,-48.111364710951285,brasília,DF
72304,-15.866991460932812,-48.06216204981815,brasilia,DF
72304,-15.868030012409832,-48.05694760679318,brasilia,DF
72304,-15.869367884937489,-48.06132734937496,brasilia,DF
72304,-15.865721999999991,-48.058983,brasilia,DF
72304,-15.867274576637817,-48.0574591446648,brasilia,DF
72878,-16.054549899999927,-47.974265499999944,valparaiso de goias,GO
72878,-16.056571601732834,-47.98208953789468,valparaiso de goias,GO
72878,-16.059690624997284,-47.98221584165004,valparaiso de goias,GO
72878,-16.060644187733477,-47.98467155109239,valparaiso de goias,GO
72878,-16.05645092572073,-47.98198821913383,valparaíso de goiás,GO
73062,-15.641438073151594,-47.823591230892355,brasilia,DF
73062,-15.646781875941397,-47.823211356004414,brasília,DF
73062,-15.646962445960215,-47.82003836647383,brasilia,DF
73062,-15.649849198986038,-47.81922588773525,brasilia,DF
73062,-15.647354379682108,-47.82295706919504,brasilia,DF
73840,-13.03653845193694,-46.768223464210635,campos belos,GO
73840,-13.034161737152411,-46.76878299683809,campos belos,GO
73840,-13.034705151178697,-46.77376022246997,campos belos,GO
73840,-13.037110615767757,-46.76527303767039,campos belos,GO
73840,-13.044907317050832,-46.76742224076744,campos belos,GO
74460,-16.660202369996266,-49.335579330153195,goiania,GO
74460,-16.661094166786413,-49.337122843188666,goiania,GO
74460,-16.66455899999994,-49.34674588599995,goiania,GO
74460,-16.653753000000002,-49.34188125000001,goiania,GO
74460,-16.671656946243576,-49.307408059348845,goiania,GO
74930,-16.77015400112626,-49.34004189470734,aparecida de goiania,GO
74930,-16.758919587806496,-49.343928494074305,aparecida de goiania,GO
74930,-16.767097199299716,-49.343609723954856,aparecida de goiania,GO
74930,-16.764481087612143,-49.346690691479296,aparecida de goiania,GO
74930,-16.768310692156476,-49.33076526816287,aparecida de goiania,GO
75526,-18.42424231020569,-49.229290585505886,itumbiara,GO
75526,-18.42299488340601,-49.2271890191967,itumbiara,GO
75526,-18.425190738297015,-49.225441927745344,itumbiara,GO
75526,-18.42745354168974,-49.226124061061206,itumbiara,GO
75526,-18.423204973708422,-49.224483177592354,itumbiara,GO
78250,-15.228087212204523,-59.3368078603097,pontes e lacerda,MT
78250,-15.233098299070688,-59.341883095202036,pontes e lacerda,MT
78250,-15.233384313554094,-59.33948922448104,pontes e lacerda,MT
78250,-15.227493811007102,-59.334368090631486,pontes e lacerda,MT
78250,-15.225744895669658,-59.32669194673503,pontes e lacerda,MT
79004,-20.469942001096516,-54.612753842691966,campo grande,MS
79004,-20.46767313099433,-54.604114079491204,campo grande,MS
79004,-20.477003009694858,-54.6029681014484,campo grande,MS
79004,-20.473069380229738,-54.61396172670127,campo grande,MS
79004,-20.46867077906979,-54.61480542434661,campo grande,MS
79090,-20.487978355271423,-54.652955444745956,campo grande,MS
79090,-20.475857254486854,-54.65009118621972,campo grande,MS
79090,-20.487978355271423,-54.652955444745956,campo grande,MS
79090,-20.473028799901808,-54.64870875448685,campo grande,MS
79090,-20.484156978691683,-54.65426566112665,campo grande,MS
81935,-25.59196672634119,-49.26675746465166,curitiba,PR
81935,-25.557451334439403,-49.25691092714524,curitiba,PR
81935,-25.551281656461306,-49.25511847931363,curitiba,PR
81935,-25.559044659443746,-49.25673831972423,curitiba,PR
81935,-25.551694707744232,-49.24547723397194,curitiba,PR
83040,-25.517907565641405,-49.195029478215694,sao jose dos pinhais,PR
83040,-25.517907565641405,-49.195029478215694,são josé dos pinhais,PR
83040,-25.517340681920558,-49.191642708148265,sao jose dos pinhais,PR
83040,-25.52576776975817,-49.201481222253655,sao jose dos pinhais,PR
83040,-25.520290765463326,-49.19572793927346,sao jose dos pinhais,PR
84061,-25.096514742579348,-50.207689585387506,ponta grossa,PR
84061,-25.096271943597046,-50.20637098408528,ponta grossa,PR
84061,-25.093258113797653,-50.20115423659769,ponta grossa,PR
84061,-25.0994407027041,-50.20621578543945,ponta grossa,PR
84061,-25.091299121688504,-50.208564828256726,ponta grossa,PR
85819,-24.98699978821639,-53.450685208725176,cascavel,PR
85819,-24.97151984684406,-53.45392211797207,cascavel,PR
85819,-24.98330703438438,-53.44978251373972,cascavel,PR
85819,-24.970044434935524,-53.44186943727279,cascavel,PR
85819,-24.958354459012067,-53.45395234300092,cascavel,PR
86385,-23.11527383783278,-50.17926898432253,barra do jacare,PR
86385,-23.115595500000005,-50.183268749999996,barra do jacaré,PR
86385,-23.109893635984115,-50.17792937512637,barra do jacaré,PR
86385,-23.11191277206757,-50.179975234386575,barra do jacare,PR
86385,-23.099820921369577,-50.18376880856178,barra do jacare,PR
86450,-23.575245809048358,-49.91439940452419,quatigua,PR
86450,-23.55965177475857,-49.91669781711012,quatigua,PR
86450,-23.572051113255664,-49.9113899746904,quatiguá,PR
86450,-23.568711563362225,-49.916031362162585,quatigua,PR
86450,-23.55922219533917,-49.91657821963781,quatigua,PR
87045,-23.42831529103202,-51.89302878219085,maringa,PR
87045,-23.425564827200848,-51.905619888873254,maringa,PR
87045,-23.41866115802037,-51.885541337021564,maringa,PR
87045,-23.421038402738013,-51.88956292826962,maringa,PR
87045,-23.424828657067984,-51.883406064654494,maringa,PR
87053,-23.46514439298334,-51.922668689788466,maringa,PR
87053,-23.454818711445753,-51.91934915449614,maringa,PR
87053,-23.462563636626815,-51.9092575306125,maringa,PR
87053,-23.466657805096236,-51.91531124671454,maringa,PR
87053,-23.46457787037549,-51.92544000439008,maringa,PR
87400,-23.77770101189612,-53.09420292153244,cruzeiro do oeste,PR
87400,-23.77918802495009,-53.078799367522564,cruzeiro do oeste,PR
87400,-23.787989300854484,-53.08060590339355,cruzeiro do oeste,PR
87400,-23.781332846718325,-53.06989922506245,cruzeiro do oeste,PR
87400,-23.789963078387906,-53.0632592904758,cruzeiro do oeste,PR
08290,-23.551013388568272,-46.44848890729416,sao paulo,SP
08290,-23.54549731828369,-46.44794814930699,sao paulo,SP
08290,-23.56087165805877,-46.4506999200761,sao paulo,SP
08290,-23.541841435195316,-46.45120576464307,sao paulo,SP
08290,-23.55941996502972,-46.44976732584106,sao paulo,SP
08526,-23.556220464963133,-46.38459960770705,ferraz de vasconcelos,SP
08526,-23.556769512349252,-46.384232788649086,ferraz de vasconcelos,SP
08526,-23.557646105747573,-46.38632654025041,ferraz de vasconcelos,SP
08526,-23.556478578683144,-46.385331181516534,ferraz de vasconcelos,SP
08526,-23.55461742054411,-46.382393978114976,ferraz de vasconcelos,SP
08557,-23.508750444583395,-46.34023597223055,poá,SP
08557,-23.511022087592636,-46.345799175638426,poá,SP
08557,-23.518761697696387,-46.33834153890486,poa,SP
08557,-23.51865840172815,-46.33851734641717,poa,SP
08557,-23.510070576461437,-46.341523105603336,poa,SP
08694,-23.514412877515866,-46.296869850936524,suzano,SP
08694,-23.512361274798717,-46.297390104979456,suzano,SP
08694,-23.514393340053797,-46.29687356305431,suzano,SP
08694,-23.514412877515866,-46.296869850936524,suzano,SP
08694,-23.510088389943473,-46.29806750563228,suzano,SP
09121,-23.68555097362805,-46.50288577629981,santo andre,SP
09121,-23.67442271495505,-46.50105371393891,santo andre,SP
09121,-23.67564155535662,-46.50365970064456,santo andre,SP
09121,-23.6721508956374,-46.51127353566279,santo andré,SP
09121,-23.694041029364932,-46.49732613523792,santo andré,SP
09250,-23.627607296150906,-46.50968423910785,santo andré,SP
09250,-23.621852072781632,-46.51210007444626,santo andre,SP
09250,-23.626252707744243,-46.509359982514866,santo andre,SP
09250,-23.626779024150242,-46.51633228948579,santo andre,SP
09250,-23.62502571135092,-46.519569120318515,santo andre,SP
09570,-23.637496609498484,-46.57411344809283,sao caetano do sul,SP
09570,-23.6270095037509,-46.56102316763807,sao caetano do sul,SP
09570,-23.62696617230051,-46.56149274988265,sao caetano do sul,SP
09570,-23.633092445467103,-46.56108236955393,sao caetano do sul,SP
09570,-23.63345110491085,-46.56085644809282,são caetano do sul,SP
09580,-23.640571559593745,-46.57077300194981,sao caetano do sul,SP
09580,-23.645115000000004,-46.57630837898898,sao caetano do sul,SP
09580,-23.642907233423696,-46.577869528305186,sao caetano do sul,SP
09580,-23.641827233971952,-46.57431992867446,são caetano do sul,SP
09580,-23.641827233971952,-46.57431992867446,sao caetano do sul,SP
09851,-23.711287682497474,-46.587537467511204,sao bernardo do campo,SP
09851,-23.713263045434353,-46.592321476169,sao bernardo do campo,SP
09851,-23.70740603329684,-46.589808270038766,sao bernardo do campo,SP
09851,-23.721135872064078,-46.5947333233309,sao bernardo do campo,SP
09851,-23.71794776210782,-46.59228799912784,sao bernardo do campo,SP
11040,-23.973086356656403,-46.31259840397594,santos,SP
11040,-23.97025376741302,-46.31830300014421,santos,SP
11040,-23.97528894699631,-46.313091126550944,santos,SP
11040,-23.975281499019044,-46.31097325396726,santos,SP
11040,-23.97311149154588,-46.308069203589305,santos,SP
11075,-23.944502325841068,-46.33124278031053,santos,SP
11075,-23.951860344711182,-46.33339082904371,santos,SP
11075,-23.947686671100517,-46.342546428530234,santos,SP
11075,-23.951745973916516,-46.33863123007682,santos,SP
11075,-23.947675621755433,-46.33163536175062,santos,SP
11630,-23.831823046046516,-45.37368542232557,ilhabela,SP
11630,-23.826930986528655,-45.371054125516764,ilhabela,SP
11630,-23.822803937352532,-45.37644383089968,ilhabela,SP
11630,-23.81588018814052,-45.35917688978972,ilhabela,SP
11630,-23.775787425799383,-45.35583976264236,ilhabela,SP
11702,-24.01704140383171,-46.442917330284466,praia grande,SP
11702,-24.009251814052167,-46.43071872373011,praia grande,SP
11702,-24.007210921172625,-46.42953971579433,praia grande,SP
11702,-24.012540566405274,-46.423433489025804,praia grande,SP
11702,-24.01393529309248,-46.43007973633787,praia grande,SP
11750,-24.309428863541278,-46.991091315656,peruibe,SP
11750,-24.28823421368302,-46.96075398805407,peruíbe,SP
11750,-24.313720567863093,-47.00134177684809,peruibe,SP
11750,-24.312870791957515,-46.98893173945414,peruibe,SP
11750,-24.321527937272794,-46.99440396058632,peruibe,SP
11930,-24.733820273334437,-47.876372126731866,pariquera-acu,SP
11930,-24.71338568023297,-47.871455483720425,pariquera-acu,SP
11930,-24.711349605149454,-47.88213730041446,pariquera-açu,SP
11930,-24.72944573608409,-47.87352308988344,pariquera-acu,SP
11930,-24.716601672943725,-47.87870945367871,pariquera-acu,SP
12060,-23.018015314877182,-45.556868388324176,taubate,SP
12060,-23.01046997022499,-45.556116794888425,taubate,SP
12060,-23.0172350119534,-45.55837595218639,taubate,SP
12060,-23.018015314877182,-45.556868388324176,taubate,SP
12060,-23.00890614223922,-45.55343726338957,taubate,SP
12070,-23.020535967412734,-45.54064834379336,taubate,SP
12070,-23.015319567295347,-45.54601141879794,taubate,SP
12070,-23.02105706252111,-45.54535859712161,taubate,SP
12070,-23.017873832246263,-45.53343489269437,taubate,SP
12070,-23.01456001761083,-45.544910089157,taubate,SP
95360,-28.599674794891307,-51.78893967854048,parai,RS
95360,-28.601394281306952,-51.78418975524482,parai,RS
95360,-28.600141328576786,-51.78926944547611,parai,RS
95360,-28.599429693048034,-51.78766448720984,parai,RS
95360,-28.596838499999997,-51.78907574999998,parai,RS
95650,-29.546857298676724,-50.775534033402124,igrejinha,RS
95650,-29.571130810970633,-50.805843113417616,igrejinha,RS
95650,-29.573648133086618,-50.78976012504522,igrejinha,RS
95650,-29.56998935695049,-50.79524113234078,igrejinha,RS
95650,-29.56774238359652,-50.796836041713966,igrejinha,RS
95705,-29.159003201842474,-51.49977005197258,bento goncalves,RS
95705,-29.159741220844175,-51.505062380446844,bento gonçalves,RS
95705,-29.152638118392897,-51.52681432548815,bento goncalves,RS
95705,-29.152114225773193,-51.512556421191306,bento goncalves,RS
95705,-29.152831455438914,-51.503179808500995,bento goncalves,RS
95780,-29.67034898140752,-51.46146829327502,montenegro,RS
95780,-29.678394387562328,-51.46866266519809,montenegro,RS
95780,-29.6755034159275,-51.446842976300154,montenegro,RS
95780,-29.685313636665306,-51.46138368923357,montenegro,RS
95780,-29.687694172173092,-51.46407707646445,montenegro,RS
96065,-31.717691664723873,-52.34280772577763,pelotas,RS
96065,-31.717297748831363,-52.348606527208666,pelotas,RS
96065,-31.722444669455736,-52.35443197391652,pelotas,RS
96065,-31.727768259507176,-52.344132789889834,pelotas,RS
96065,-31.72261664501703,-52.35780951526345,pelotas,RS
96825,-29.71592506318239,-52.42031971237576,santa cruz do sul,RS
96825,-29.72487859292422,-52.41591182253141,santa cruz do sul,RS
96825,-29.72182101931676,-52.417882458035294,santa cruz do sul,RS
96825,-29.712113488205404,-52.42038447101232,santa cruz do sul,RS
96825,-29.723520047132176,-52.418164040439876,santa cruz do sul,RS
27351,-22.528072997934117,-44.20304134266612,barra mansa,RJ
27351,-22.529134784816737,-44.20525840398795,barra mansa,RJ
27351,-22.533601411045073,-44.2161516530671,barra mansa,RJ
27351,-22.531985260548858,-44.20046412259748,barra mansa,RJ
27351,-22.532728613818517,-44.20031586955774,barra mansa,RJ
27513,-22.48864507899998,-44.44481849999994,resende,RJ
27513,-22.484057830002214,-44.448269267546195,resende,RJ
27513,-22.47530921750467,-44.44778040981833,resende,RJ
27513,-22.479188029141895,-44.448583263950574,resende,RJ
27513,-22.482807053097904,-44.4501374137159,resende,RJ
27972,-22.32810184283327,-41.764393619733724,macae,RJ
27972,-22.32810184283327,-41.764393619733724,macae,RJ
27972,-22.32810184283327,-41.764393619733724,macae,RJ
28040,-21.926303520999966,-41.526771260999965,campos dos goytacazes,RJ
28040,-21.830397795654456,-41.27364790186736,campos dos goytacazes,RJ
28040,-21.83037906502725,-41.273715800390995,campos dos goytacazes,RJ
28040,-21.72811508519166,-41.34425887947173,campos dos goytacazes,RJ
28040,-21.726198061195326,-41.31717671015159,campos dos goytacazes,RJ
28360,-21.14043400563716,-41.67990945229968,bom jesus do itabapoana,RJ
28360,-21.138981597278036,-41.680945816773324,bom jesus do itabapoana,RJ
28360,-21.14430785478462,-41.68396045714777,bom jesus do itabapoana,RJ
28360,-21.13587254947455,-41.67644884409095,bom jesus do itabapoana,RJ
28360,-21.13971158679458,-41.67160142613672,bom jesus do itabapoana,RJ
29315,-20.840166,-41.183239499999985,cachoeiro de itapemirim,ES
29315,-20.85327275478704,-41.15277800248759,cachoeiro de itapemirim,ES
29315,-20.855565087032492,-41.148628430996006,cachoeiro de itapemirim,ES
29315,-20.840354131215353,-41.12051537839551,cachoeiro de itapemirim,ES
29315,-20.858555999999947,-41.145415999999955,cachoeiro de itapemirim,ES
30180,-19.926141851520523,-43.93684827200066,belo horizonte,MG
30180,-19.93294796808813,-43.94620839286745,belo horizonte,MG
30180,-19.927931016715277,-43.956170991906504,belo horizonte,MG
30180,-19.934804232298507,-43.94377544379365,belo horizonte,MG
30180,-19.926631257833737,-43.93449530169082,belo horizonte,MG
30380,-19.950113421576656,-43.95583838718328,belo horizonte,MG
30380,-19.94911118454628,-43.95760860006343,belo horizonte,MG
30380,-19.953092084655754,-43.9513070291419,belo horizonte,MG
30380,-19.949630468118333,-43.95364742628323,belo horizonte,MG
30380,-19.943615682209014,-43.95185647960068,belo horizonte,MG
31270,-19.853036275895796,-43.95277064446877,belo horizonte,MG
31270,-19.86501291923939,-43.95397580573018,belo horizonte,MG
31270,-19.862035579690723,-43.95868540746485,belo horizonte,MG
31270,-19.85696216998274,-43.95484035338568,belo horizonte,MG
31270,-19.865829089935875,-43.95570128711987,belo horizonte,MG
33400,-19.5921849600698,-43.90098205233704,lagoa santa,MG
33400,-19.647294317081787,-43.906219658540884,lagoa santa,MG
33400,-19.63116523141775,-43.879407128903416,lagoa santa,MG
33400,-19.625694812308453,-43.90052403268763,lagoa santa,MG
33400,-19.599176715460665,-43.91227656756091,lagoa santa,MG
22220,-22.93311463835192,-43.17537798542904,rio de janeiro,RJ
22220,-22.93123120991132,-43.17615996535049,rio de janeiro,RJ
22220,-22.929418162646403,-43.17877979669915,rio de janeiro,RJ
22220,-22.925359623925203,-43.17857020858095,rio de janeiro,RJ
22220,-22.931197585973646,-43.17592232429302,rio de janeiro,RJ
22240,-22.93125598447676,-43.17881321481337,rio de janeiro,RJ
22240,-22.933457718824084,-43.185823731346204,rio de janeiro,RJ
22240,-22.938480754919542,-43.192685158203,rio de janeiro,RJ
22240,-22.93684453401799,-43.189057085059794,rio de janeiro,RJ
22240,-22.933613903399028,-43.18609641355522,rio de janeiro,RJ
22735,-22.92013400805008,-43.36031889592586,rio de janeiro,RJ
22735,-22.92167385596392,-43.363390275867125,rio de janeiro,RJ
22735,-22.92315994755819,-43.360035918036154,rio de janeiro,RJ
22735,-22.915729447111882,-43.353815558832075,rio de janeiro,RJ
22735,-22.923030635033708,-43.361023454325235,rio de janeiro,RJ
22780,-22.96308886984238,-43.402024304605,rio de janeiro,RJ
22780,-22.95007449388509,-43.38337675597268,rio de janeiro,RJ
22780,-22.96916012830113,-43.4153038291853,rio de janeiro,RJ
22780,-22.957889542327873,-43.38398511379764,rio de janeiro,RJ
22780,-22.964487463788963,-43.399119881903175,rio de janeiro,RJ
23078,-22.864778868805185,-43.5715998508552,rio de janeiro,RJ
23078,-22.84345540839272,-43.57077091544632,rio de janeiro,RJ
23078,-22.87647066395896,-43.6133354048553,rio de janeiro,RJ
23078,-22.864778868805185,-43.5715998508552,rio de janeiro,RJ
23078,-22.880365124069442,-43.583735613797664,rio de janeiro,RJ
23580,-22.9148950649489,-43.627992474609,rio de janeiro,RJ
23580,-22.917120434480864,-43.642940748438,rio de janeiro,RJ
23580,-22.911779441571962,-43.62906816847478,rio de janeiro,RJ
23580,-22.913408520900116,-43.631958407821,rio de janeiro,RJ
23580,-22.914867562034722,-43.6348286811125,rio de janeiro,RJ
24030,-22.883862923138043,-43.11562368659535,niterói,RJ
24030,-22.882993846173793,-43.12165872133218,niteroi,RJ
24030,-22.890436234928647,-43.12244643342076,niteroi,RJ
24030,-22.887588762132903,-43.11781399056493,niteroi,RJ
24030,-22.892535283368957,-43.113701585175356,niteroi,RJ
24230,-22.911270381614713,-43.10515133611283,niterói,RJ
24230,-22.905032469083825,-43.11468244669432,niterói,RJ
24230,-22.909753214005306,-43.10187997642667,niteroi,RJ
24230,-22.908944743839704,-43.1086001214437,niteroi,RJ
24230,-22.906274197876492,-43.103573404091506,niteroi,RJ
91130,-30.01125892229781,-51.131081597841714,porto alegre,RS
91130,-29.995868252293814,-51.123667243955275,porto alegre,RS
91130,-30.00371337108313,-51.13413124078128,porto alegre,RS
91130,-30.002738489324184,-51.132654,porto alegre,RS
91130,-29.996120890934204,-51.1270164476888,porto alegre,RS
93032,-29.770654867332574,-51.13215300635966,sao leopoldo,RS
93032,-29.784374253115256,-51.11416728335469,sao leopoldo,RS
93032,-29.779781402662216,-51.131766685671806,sao leopoldo,RS
93032,-29.77918414742905,-51.1287265980372,sao leopoldo,RS
93032,-29.77773221423654,-51.1357791363613,sao leopoldo,RS
93540,-29.683625023379612,-51.10112265149159,novo hamburgo,RS
93540,-29.68443432814088,-51.10513959213473,novo hamburgo,RS
93540,-29.678131362556428,-51.099750926009634,novo hamburgo,RS
93540,-29.674895326253385,-51.10422496538651,novo hamburgo,RS
93540,-29.679226544665376,-51.103227176935505,novo hamburgo,RS
95625,-29.965246172122555,-50.117681069394706,imbe,RS
95625,-29.962375912595746,-50.12777129691834,imbé,RS
95625,-29.92474123727427,-50.10215548694729,imbe,RS
95625,-29.92849889574065,-50.10123853945817,imbe,RS
95625,-29.9598213643996,-50.12994781499297,imbe,RS
96495,-31.457723805596334,-53.66263312223996,candiota,RS
96495,-31.45073006128839,-53.74481646169475,candiota,RS
96495,-31.45947326472708,-53.664311735694746,candiota,RS
96495,-31.549598999999997,-53.71662375,candiota,RS
96495,-31.546993144660917,-53.722124086270924,candiota,RS
97043,-29.676095769634724,-53.825063139736905,santa maria,RS
97043,-29.67980379017829,-53.82157663988114,santa maria,RS
97043,-29.67154115159861,-53.815885502864916,santa maria,RS
97043,-29.666590935835092,-53.81499048192469,santa maria,RS
97043,-29.665956235614196,-53.81500904832193,santa maria,RS
97050,-29.691002326389324,-53.80623715543304,santa maria,RS
97050,-29.68520191878708,-53.796634089650624,santa maria,RS
97050,-29.684124303364264,-53.80221736733222,santa maria,RS
97050,-29.68396972217096,-53.80159707438397,santa maria,RS
97050,-29.692785155875665,-53.80038676104241,santa maria,RS
97800,-28.412391045507437,-54.96008333012874,sao luiz gonzaga,RS
97800,-28.40032554720387,-54.97349850120266,sao luiz gonzaga,RS
97800,-28.411766684944187,-54.96279557207495,sao luiz gonzaga,RS
97800,-28.40675088285094,-54.95836207049759,sao luiz gonzaga,RS
97800,-28.395682530670463,-54.96887418267269,sao luiz gonzaga,RS
98300,-27.890224444772645,-53.30591654790965,palmeira das missoes,RS
98300,-27.90352387356199,-53.30064515121283,palmeira das missoes,RS
98300,-27.90072936626517,-53.31408108231494,palmeira das missoes,RS
98300,-27.908281837226827,-53.310673538682394,palmeira das missoes,RS
98300,-27.900175475880005,-53.314489217110264,palmeira das missoes,RS
99150,-28.4595254944111,-52.20408391320524,marau,RS
99150,-28.4479900924893,-52.20505987015044,marau,RS
99150,-28.42640065374848,-52.21215180255421,marau,RS
99150,-28.422919539395988,-52.22340153528044,marau,RS
99150,-28.44238140043523,-52.19828057184307,marau,RS
13250,-23.005474434298936,-46.84112811740003,itatiba,SP
13250,-23.00349041664382,-46.8408878697493,itatiba,SP
13250,-23.005650799072185,-46.83409618754712,itatiba,SP
13250,-23.001213086853525,-46.84561247024653,itatiba,SP
13250,-23.00156349661489,-46.845103379161,itatiba,SP
13304,-23.269454643632056,-47.27894263431255,itu,SP
13304,-23.283030844307152,-47.272379997922535,itu,SP
13304,-23.278591580566417,-47.27346984595265,itu,SP
13304,-23.27758062698362,-47.277027606728524,itu,SP
13304,-23.282896619770263,-47.27527153413355,itu,SP
13360,-22.992370718625015,-47.507233499999984,capivari,SP
13360,-23.008183141759986,-47.50579880780803,capivari,SP
13360,-22.99738178406145,-47.51636441964341,capivari,SP
13360,-23.015885202020115,-47.5137779946506,capivari,SP
13360,-23.00210849180569,-47.51848359354256,capivari,SP
13418,-22.72880404359728,-47.63173831975289,piracicaba,SP
13418,-22.72966551930281,-47.631531453632746,piracicaba,SP
13418,-22.728908440475443,-47.62912609423504,piracicaba,SP
13418,-22.7182424454671,-47.63064220191586,piracicaba,SP
13418,-22.7287090469155,-47.63187979032251,piracicaba,SP
13420,-22.74098779744896,-47.60706025967849,piracicaba,SP
13420,-22.739593096860766,-47.62640266195392,piracicaba,SP
13420,-22.744344457123862,-47.62183895031454,piracicaba,SP
13420,-22.743033107421017,-47.619899052859445,piracicaba,SP
13420,-22.724720917277484,-47.6199425173409,piracicaba,SP
14021,-21.212279161809676,-47.788151762421364,ribeirao preto,SP
14021,-21.208098499307507,-47.794719661809665,ribeirão preto,SP
14021,-21.208106431300184,-47.794861440331196,ribeirao preto,SP
14021,-21.211792207888465,-47.80458213765943,ribeirao preto,SP
14021,-21.221119294182355,-47.80061499341371,ribeirao preto,SP
14090,-21.177451592561596,-47.79583295337295,ribeirao preto,SP
14090,-21.186225031363602,-47.776271673466454,ribeirao preto,SP
14090,-21.178452478215682,-47.79654969011487,ribeirao preto,SP
14090,-21.17822507937563,-47.787323186508196,ribeirao preto,SP
14090,-21.178233010271775,-47.78944969539497,ribeirão preto,SP
14092,-21.17879415048099,-47.77649663881969,ribeirao preto,SP
14092,-21.174925033585303,-47.7686162776848,ribeirao preto,SP
14092,-21.173452480985652,-47.771623403831704,ribeirao preto,SP
14092,-21.181281485977312,-47.774933382451444,ribeirao preto,SP
14092,-21.176870615875117,-47.77201760713254,ribeirao preto,SP
14200,-21.47587505746344,-47.55665094604657,sao simao,SP
14200,-21.47793745313253,-47.55762866315773,sao simao,SP
14200,-21.46542521164876,-47.572379512719145,sao simao,SP
14200,-21.48446124056672,-47.559266039505175,sao simao,SP
14200,-21.47666083610929,-47.554107052765644,sao simao,SP
14802,-21.760806096824155,-48.17228519205648,araraquara,SP
14802,-21.773027483207347,-48.18459230737496,araraquara,SP
14802,-21.767229724269903,-48.178465401998345,araraquara,SP
14802,-21.774406588954914,-48.19163936441802,araraquara,SP
14802,-21.772113024698506,-48.17820949930751,araraquara,SP
14990,-21.280744442632404,-49.40941619971977,irapua,SP
14990,-21.27898388802944,-49.40961320183349,irapua,SP
14990,-21.279604382088472,-49.40680013002734,irapua,SP
14990,-21.283063565582648,-49.412059358677496,irapua,SP
14990,-21.275812012650494,-49.41252856840868,irapuã,SP
06404,-23.506827278408718,-46.87255898428397,barueri,SP
06404,-23.505967344026324,-46.86762212637944,barueri,SP
06404,-23.50594480724965,-46.86606876547484,barueri,SP
06404,-23.508211585383222,-46.87232533064674,barueri,SP
06404,-23.50594480724965,-46.86606876547484,barueri,SP
06713,-23.615928708516527,-46.84997839900814,cotia,SP
06713,-23.613002612268442,-46.88139388343239,cotia,SP
06713,-23.604892208436723,-46.855798223844396,cotia,SP
06713,-23.607371448368806,-46.85911611647977,cotia,SP
06713,-23.607371448368806,-46.85911611647977,cotia,SP
06780,-23.617823004822213,-46.79358236394467,taboao da serra,SP
06780,-23.621010246205962,-46.793560927488784,taboao da serra,SP
06780,-23.621010246205962,-46.793560927488784,taboao da serra,SP
06780,-23.62147038634657,-46.792189780743215,taboao da serra,SP
06780,-23.622257105199317,-46.790745260747926,taboao da serra,SP
07031,-23.49189491395926,-46.54629394463038,guarulhos,SP
07031,-23.496488565250488,-46.54671310832206,guarulhos,SP
07031,-23.49189491395926,-46.54629394463038,guarulhos,SP
07031,-23.491353968798485,-46.542835172617195,guarulhos,SP
07031,-23.49189491395926,-46.54629394463038,guarulhos,SP
07084,-23.453200132516344,-46.484469408993874,guarulhos,SP
07084,-23.426777011656753,-46.545536095475796,guarulhos,SP
07084,-23.430476629753585,-46.54755752775693,guarulhos,SP
07084,-23.43020140161002,-46.55236234401869,guarulhos,SP
07084,-23.426496953372943,-46.54618596058632,guarulhos,SP
07114,-23.45148088210395,-46.53010976420791,guarulhos,SP
07114,-23.456201668330554,-46.529090214265096,guarulhos,SP
07114,-23.45020376019967,-46.53237228573488,guarulhos,SP
07114,-23.455616951151256,-46.527818249235395,guarulhos,SP
07114,-23.46278550874257,-46.521758320705175,guarulhos,SP
07135,-23.421884689422377,-46.529178202608335,guarulhos,SP
07135,-23.428878537884472,-46.52794727185642,guarulhos,SP
07135,-23.42841735858964,-46.52616082944775,guarulhos,SP
07135,-23.42516847377229,-46.529156744936216,guarulhos,SP
07135,-23.42330352484273,-46.530671359282145,guarulhos,SP
07191,-23.457128050233727,-46.510358249235395,guarulhos,SP
07191,-23.461675040798667,-46.510307470858095,guarulhos,SP
07191,-23.453801999999996,-46.5088804417162,guarulhos,SP
07191,-23.457128050233727,-46.510358249235395,guarulhos,SP
07191,-23.460451292255755,-46.50759469900166,guarulhos,SP
07500,-23.313367272379296,-46.23184349266853,santa isabel,SP
07500,-23.317408639755456,-46.19524531100186,santa isabel,SP
07500,-23.31537058707003,-46.219436240766804,santa isabel,SP
07500,-23.318840385528066,-46.21195867565043,santa isabel,SP
07500,-23.315950938675176,-46.22962200405393,santa isabel,SP
07998,-23.289452664315796,-46.73524341412425,francisco morato,SP
07998,-23.28559950231885,-46.73701730200968,francisco morato,SP
07998,-23.293299758971695,-46.73313405074335,francisco morato,SP
07998,-23.300700197889846,-46.72777735171601,francisco morato,SP
07998,-23.28859151024279,-46.73639599543151,francisco morato,SP
08615,-23.54736980354735,-46.30311358926496,suzano,SP
08615,-23.54655214952238,-46.293749082625176,suzano,SP
08615,-23.544757059604898,-46.29071624149347,suzano,SP
08615,-23.54736980354735,-46.30311358926496,suzano,SP
08615,-23.553936457733,-46.29157696377265,suzano,SP
08750,-23.550512564633678,-46.249246969798506,mogi das cruzes,SP
08750,-23.555789269875042,-46.24219730126027,mogi das cruzes,SP
08750,-23.550336627519115,-46.24452312140506,mogi das cruzes,SP
08750,-23.55621105753178,-46.23951587208548,mogi das cruzes,SP
08750,-23.550250639747244,-46.24504191429536,mogi das cruzes,SP
09041,-23.666655446303828,-46.53485782638931,santo andre,SP
09041,-23.670128965577973,-46.54192542991519,santo andré,SP
09041,-23.660901747568545,-46.53773270261525,santo andré,SP
09041,-23.657888631720095,-46.53707147732027,santo andre,SP
09041,-23.659441763258087,-46.53663518607549,santo andre,SP
09450,-23.754547885654084,-46.39958363488946,rio grande da serra,SP
09450,-23.76770844174854,-46.411080112205724,rio grande da serra,SP
09450,-23.744597091869107,-46.39893554593456,rio grande da serra,SP
09450,-23.75208326129465,-46.40065807990329,rio grande da serra,SP
09450,-23.752573935177946,-46.409469255247934,rio grande da serra,SP
96590,-30.873922879330603,-53.11240411107168,santana da boa vista,RS
96590,-30.867002449267325,-53.11088515935258,santana da boa vista,RS
96590,-30.87019489893844,-53.11599407477164,santana da boa vista,RS
96590,-30.874105692030795,-53.116756933801916,santana da boa vista,RS
96590,-30.872755787253446,-53.113597848212436,santana da boa vista,RS
98280,-28.288170707924987,-53.49225328909686,panambi,RS
98280,-28.296121520617213,-53.501863870424586,panambi,RS
98280,-28.291591553087763,-53.501351235352494,panambi,RS
98280,-28.292825704109816,-53.49911840890322,panambi,RS
98280,-28.289613354027924,-53.51380053395911,panambi,RS
99955,-28.10758843069072,-52.144019433327635,vila langaro,RS
99955,-28.106141989389535,-52.147129429791974,vila langaro,RS
99955,-28.132188935277856,-52.132700193390455,vila langaro,RS
99955,-28.108210782586518,-52.14558732723471,vila langaro,RS
99955,-28.132188935277856,-52.132700193390455,vila langaro,RS
13503,-22.415757370036747,-47.58305865755129,rio claro,SP
13503,-22.415981972791336,-47.5869249790524,rio claro,SP
13503,-22.418412154660196,-47.58650887068334,rio claro,SP
13503,-22.410116205298245,-47.57567349412161,rio claro,SP
13503,-22.40414977258581,-47.57838924348697,rio claro,SP
13560,-22.01139055955482,-47.886487092764376,sao carlos,SP
13560,-22.00906858673322,-47.89088287134292,sao carlos,SP
13560,-22.0154415925616,-47.89681307369147,sao carlos,SP
13560,-22.019002019706843,-47.893632349702855,sao carlos,SP
13560,-22.014513922009343,-47.89487162476193,são carlos,SP
13603,-22.357155798358097,-47.4052921218512,araras,SP
13603,-22.352550302354295,-47.405315706906265,araras,SP
13603,-22.348135781291493,-47.4021391058918,araras,SP
13603,-22.351099368861437,-47.398090489728226,araras,SP
13603,-22.351661682423167,-47.40171845273048,araras,SP
13720,-21.60981572609685,-46.88894824028115,sao jose do rio pardo,SP
13720,-21.610005756826318,-46.9299696883539,sao jose do rio pardo,SP
13720,-21.60268882653238,-46.89804308995045,sao jose do rio pardo,SP
13720,-21.59351550831458,-46.88844281827752,sao jose do rio pardo,SP
13720,-21.59103738777122,-46.89069322701018,sao jose do rio pardo,SP
13732,-21.45399197186411,-47.01859091474893,mococa,SP
13732,-21.461473697097478,-47.01045853962004,mococa,SP
13732,-21.45673480854771,-47.01584615924519,mococa,SP
13732,-21.459680480056846,-47.00968700399902,mococa,SP
13732,-21.452560468183176,-47.01404005555965,mococa,SP
13820,-22.689712550377955,-46.98249303136359,jaguariuna,SP
13820,-22.70117821065019,-46.986256755229135,jaguariuna,SP
13820,-22.71200841104508,-46.97748102746845,jaguariuna,SP
13820,-22.70661946272503,-46.98550047076562,jaguariuna,SP
13820,-22.680646536502284,-46.981523001099596,jaguariuna,SP
13830,-22.607003040200272,-46.91414970477579,santo antonio de posse,SP
13830,-22.60560568076681,-46.906147041587595,santo antônio de posse,SP
13830,-22.60603739878016,-46.94625777843146,santo antonio de posse,SP
13830,-22.607094578683267,-46.920086987310206,santo antonio de posse,SP
13830,-22.608354469793873,-46.92375566766772,santo antonio de posse,SP
14040,-21.171965761873103,-47.86823156258297,ribeirão preto,SP
14040,-21.175104394396648,-47.86459929225575,ribeirao preto,SP
14040,-21.17127173666189,-47.867858425249686,ribeirao preto,SP
14040,-21.1788797136202,-47.86246774000531,ribeirao preto,SP
14040,-21.18159631675481,-47.862799396276,ribeirao preto,SP
38600,-17.211337793818256,-46.886436092783214,paracatu,MG
38600,-17.225342099281256,-46.8806648095217,paracatu,MG
38600,-17.21851623984817,-46.87893410057389,paracatu,MG
38600,-17.218583531721848,-46.87623105210962,paracatu,MG
38600,-17.21688620690272,-46.870923557878285,paracatu,MG
38780,-17.991484082822545,-46.90967912536554,vazante,MG
38780,-17.985572620361793,-46.902928080824104,vazante,MG
38780,-17.994779044971967,-46.904717932913435,vazante,MG
38780,-17.997261639393177,-46.8997766404044,vazante,MG
38780,-17.985572620361793,-46.902928080824104,vazante,MG
39670,-17.86611815258666,-42.86902814286521,itamarandiba,MG
39670,-17.856939601807706,-42.856815188257585,itamarandiba,MG
39670,-17.86122606527271,-42.86599565851419,itamarandiba,MG
39670,-17.863415221267644,-42.864239331863295,itamarandiba,MG
39670,-17.860607537162107,-42.86389603081588,itamarandiba,MG
46810,-12.08280062686555,-41.09455635142474,utinga,BA
46810,-12.081914320454255,-41.0943486575986,utinga,BA
46810,-12.087540521745032,-41.10476493501234,utinga,BA
46810,-12.073432237910161,-41.09018804022589,utinga,BA
46810,-12.084338915926885,-41.09722885801718,utinga,BA
48970,-10.466645277324735,-40.1859028071156,senhor do bonfim,BA
48970,-10.466645277324735,-40.1859028071156,senhor do bonfim,BA
48970,-10.461618573299466,-40.191946146171155,senhor do bonfim,BA
48970,-10.474704446938555,-40.18061236809425,senhor do bonfim,BA
48970,-10.469613650402424,-40.18909287962169,senhor do bonfim,BA
09220,-23.624784000000005,-46.53954225000001,santo andré,SP
09220,-23.625445558139575,-46.5331056711005,santo andre,SP
09220,-23.615669482110828,-46.537743525535234,santo andre,SP
09220,-23.627879189924467,-46.53424986330838,santo andré,SP
09220,-23.621455033322096,-46.53670170554246,santo andre,SP
09270,-23.634906065785625,-46.501075723151914,santo andre,SP
09270,-23.63888466388715,-46.49858921994927,santo andre,SP
09270,-23.64270298553889,-46.488435719803,santo andre,SP
09270,-23.63597305329214,-46.49864163197528,santo andre,SP
09270,-23.634906065785625,-46.501075723151914,santo andre,SP
09271,-23.639620380229736,-46.50604149140166,santo andre,SP
09271,-23.648161607445175,-46.497610144393576,santo andre,SP
09271,-23.639970456575597,-46.497198630446064,santo andre,SP
09271,-23.6416350180334,-46.50644881375161,santo andre,SP
09271,-23.641543550926208,-46.50119026048813,santo andre,SP
09531,-23.625593496537544,-46.57273158090484,sao caetano do sul,SP
09531,-23.619321251457094,-46.57055103606681,sao caetano do sul,SP
09531,-23.618112463788968,-46.57029325145709,sao caetano do sul,SP
09531,-23.625548999999992,-46.57211100000001,sao caetano do sul,SP
09531,-23.618112463788968,-46.57029325145709,sao caetano do sul,SP
09581,-23.63659649486411,-46.5773379045242,sao caetano do sul,SP
09581,-23.63659649486411,-46.5773379045242,sao caetano do sul,SP
09581,-23.638507063357345,-46.581386987536256,sao caetano do sul,SP
09581,-23.633854145161255,-46.576536720930214,sao caetano do sul,SP
09581,-23.630585615326865,-46.58031843381035,são caetano do sul,SP
09810,-23.717439869553925,-46.56248043839798,sao bernardo do campo,SP
09810,-23.723129438830654,-46.557639356367936,sao bernardo do campo,SP
09810,-23.718356989728214,-46.56418268870122,sao bernardo do campo,SP
09810,-23.717304503462447,-46.57103119900168,são bernardo do campo,SP
09810,-23.721830545819934,-46.56023781078733,são bernardo do campo,SP
09894,-23.677727433579193,-46.578469273125826,sao bernardo do campo,SP
09894,-23.677321356396607,-46.579892604506824,são bernardo do campo,SP
09894,-23.677943457960588,-46.577802090484134,são bernardo do campo,SP
09894,-23.678341575624717,-46.5783992004153,são bernardo do campo,SP
09894,-23.677331856512172,-46.57443590853493,sao bernardo do campo,SP
09941,-23.676081379969936,-46.60577024158935,diadema,SP
09941,-23.68013915065418,-46.60841618910198,diadema,SP
09941,-23.68111505299894,-46.60169082808778,diadema,SP
09941,-23.681036531824944,-46.59818524811023,diadema,SP
09941,-23.67564094725611,-46.6006861722257,diadema,SP
11055,-23.967077731057756,-46.32647982514856,santos,SP
11055,-23.962263286427373,-46.328411796295136,santos,SP
11055,-23.96345078351318,-46.32972025965141,santos,SP
11055,-23.96705086733222,-46.32900324522467,santos,SP
11055,-23.968288320012686,-46.328890605459115,santos,SP
11250,-23.828340100753532,-46.1430173832652,bertioga,SP
11250,-23.825035101032157,-46.141261915312384,bertioga,SP
11250,-23.84410764416625,-46.13622057179887,bertioga,SP
11250,-23.843399468086876,-46.141470885764704,bertioga,SP
11250,-23.85014190819259,-46.13898501399728,bertioga,SP
14960,-21.46284342229134,-49.21918836311204,novo horizonte,SP
14960,-21.471704072332386,-49.2139519512295,novo horizonte,SP
14960,-21.46831902802613,-49.23622498914935,novo horizonte,SP
14960,-21.467275528357067,-49.230098566026165,novo horizonte,SP
14960,-21.466924239395826,-49.222028133715185,novo horizonte,SP
15081,-20.84191323693457,-49.36931327345305,sao jose do rio preto,SP
15081,-20.849966350184754,-49.36602919693646,sao jose do rio preto,SP
15081,-20.834633549432574,-49.35885213258401,sao jose do rio preto,SP
15081,-20.84875737766029,-49.364844153091795,sao jose do rio preto,SP
15081,-20.840029285694115,-49.354030530618736,sao jose do rio preto,SP
15091,-20.848590077718566,-49.41316567968361,são josé do rio preto,SP
15091,-20.83258223461113,-49.40118225,sao jose do rio preto,SP
15091,-20.82566796303182,-49.3956004655628,sao jose do rio preto,SP
15091,-20.86653483963913,-49.41332476922104,sao jose do rio preto,SP
15091,-20.83908618764297,-49.402387479036825,sao jose do rio preto,SP
15502,-20.405604560394835,-49.991952668038884,votuporanga,SP
15502,-20.420195425166018,-49.98253175215128,votuporanga,SP
15502,-20.40817022866278,-49.99320049196762,votuporanga,SP
15502,-20.421929116710185,-49.98286423599584,votuporanga,SP
15502,-20.41230297774572,-49.985235891237004,votuporanga,SP
15690,-19.978670454882973,-50.28945423424805,indiapora,SP
15690,-19.980794790468686,-50.281914435751915,indiapora,SP
15690,-19.977310096276796,-50.28476285883402,indiaporã,SP
15690,-19.97992918980853,-50.28688124170789,indiapora,SP
15690,-19.980794790468686,-50.281914435751915,indiapora,SP
15700,-20.26932873300056,-50.54852495698551,jales,SP
15700,-20.271476918564225,-50.55267873059932,jales,SP
15700,-20.26788136430172,-50.55569209304098,jales,SP
15700,-20.271513606350673,-50.55019529350137,jales,SP
15700,-20.265560097314317,-50.549531341481185,jales,SP
16402,-21.674794494864106,-49.73775082070517,lins,SP
16402,-21.673770443793664,-49.73634126242138,lins,SP
16402,-21.67469347238731,-49.73719365375959,lins,SP
16402,-21.6796161719683,-49.71993502995809,lins,SP
16402,-21.674464323071103,-49.740781599774955,lins,SP
17900,-21.4988715,-51.537860999999985,dracena,SP
17900,-21.4988715,-51.537860999999985,dracena,SP
17900,-21.48099977495527,-51.538906533768305,dracena,SP
17900,-21.478259243131188,-51.53222143150723,dracena,SP
17900,-21.47910036328559,-51.5332695851947,dracena,SP
18705,-23.092342721622696,-48.94030210644007,avare,SP
18705,-23.10617543825374,-48.939591211350916,avare,SP
18705,-23.10255739144315,-48.93585752426155,avaré,SP
18705,-23.099717933666113,-48.91955869386578,avare,SP
18705,-23.107071604218362,-48.93141207077729,avare,SP
18800,-23.200603133077674,-49.38191047731838,piraju,SP
18800,-23.199090479215887,-49.37672380650081,piraju,SP
18800,-23.196662103345307,-49.375252656896166,piraju,SP
18800,-23.19473013954973,-49.39027018270899,piraju,SP
18800,-23.205008255212096,-49.37160052445849,piraju,SP
20090,-22.897963477927224,-43.178970829447735,rio de janeiro,RJ
20090,-22.89973268388246,-43.1767632732414,rio de janeiro,RJ
20090,-22.898580652518856,-43.179413772693145,rio de janeiro,RJ
20090,-22.898639347481154,-43.179109727306844,rio de janeiro,RJ
20090,-22.901218061890482,-43.18185648182236,rio de janeiro,RJ
20510,-22.932641211206686,-43.23915878100303,rio de janeiro,RJ
20510,-22.928935966962946,-43.2433679630678,rio de janeiro,RJ
20510,-22.92907250706913,-43.25223683873857,rio de janeiro,RJ
20510,-22.931078941427725,-43.23652847864836,rio de janeiro,RJ
20510,-22.926610361648077,-43.2405611246177,rio de janeiro,RJ
37965,-21.019414002225446,-46.74622373670078,jacui,MG
37965,-21.018911607857454,-46.74523647657564,jacui,MG
37965,-21.020559225065032,-46.742187446945096,jacuí,MG
38500,-18.723031653585746,-47.48924270150391,monte carmelo,MG
38500,-18.734295714087295,-47.49451326046783,monte carmelo,MG
38500,-18.733987400413444,-47.48752766558446,monte carmelo,MG
38500,-18.730271238385523,-47.50032208136275,monte carmelo,MG
38500,-18.734331437403075,-47.49553473010188,monte carmelo,MG
41635,-12.918456851184184,-38.35272390509517,salvador,BA
41635,-12.939726788264604,-38.36334303906118,salvador,BA
41635,-12.953855787119869,-38.35312439993657,salvador,BA
41635,-12.949235177309719,-38.345901366944,salvador,BA
41635,-12.9166961953941,-38.35241228101116,salvador,BA
41770,-12.979645413776984,-38.44513962533874,salvador,BA
41770,-12.981080760504383,-38.44345527100837,salvador,BA
41770,-12.986597138295096,-38.4487343126354,salvador,BA
41770,-12.980789297535878,-38.44742814876795,salvador,BA
41770,-12.985467611431723,-38.44366409547578,salvador,BA
41820,-12.98158709241737,-38.45526521634257,salvador,BA
41820,-12.981185675543909,-38.4538444149402,salvador,BA
41820,-12.988926167638056,-38.45463167430315,salvador,BA
41820,-12.9868574141035,-38.461600430059434,salvador,BA
41820,-12.982878607276776,-38.46117103358531,salvador,BA
44054,-12.221791826533547,-38.962516672773944,feira de santana,BA
44054,-12.218194246465433,-38.96134554149115,feira de santana,BA
44054,-12.216464862649065,-38.955925782960726,feira de santana,BA
44054,-12.215943593396574,-38.95383059639814,feira de santana,BA
44054,-12.211250636966943,-38.95404909769749,feira de santana,BA
45820,-16.37787453533949,-39.58753930062822,eunapolis,BA
45820,-16.37529304077404,-39.58519725723136,eunapolis,BA
45820,-16.324651495121802,-39.574120213084335,eunapolis,BA
45820,-16.375834086072604,-39.588116438152106,eunapolis,BA
45820,-16.372929858409783,-39.58511593807333,eunapolis,BA
48905,-9.416075993755419,-40.496606079876294,juazeiro,BA
48905,-9.43263464347704,-40.495091948093844,juazeiro,BA
48905,-9.429785877151852,-40.495236882950955,juazeiro,BA
48905,-9.424677632372557,-40.496800454220605,juazeiro,BA
48905,-9.416406850187297,-40.49768159845603,juazeiro,BA
49043,-10.976315318373242,-37.086247778223196,aracaju,SE
49043,-10.884427170763201,-37.06682347479017,aracaju,SE
49043,-11.065250323753915,-37.13701835187838,aracaju,SE
49043,-10.875135881988673,-37.058463534674615,aracaju,SE
49043,-10.961364824788966,-37.08416627356476,aracaju,SE
58030,-7.115545623925199,-34.8557625,joao pessoa,PB
58030,-7.110436010066252,-34.851498823722046,joao pessoa,PB
58030,-7.1165753269613194,-34.85752199999999,joao pessoa,PB
58030,-7.1197137316285595,-34.858385099257355,joao pessoa,PB
58030,-7.113537471002317,-34.851073080904825,joao pessoa,PB
60060,-3.7224948535655047,-38.51391833921755,fortaleza,CE
60060,-3.7197648939520995,-38.51663612583874,fortaleza,CE
60060,-3.736826006189326,-38.522406386135614,fortaleza,CE
60060,-3.723840490084363,-38.50710007881095,fortaleza,CE
60060,-3.7224879714380394,-38.51925350972,fortaleza,CE
60192,-3.7426544213168538,-38.48417765306712,fortaleza,CE
60192,-3.748650885290789,-38.49209028559775,fortaleza,CE
60192,-3.742868387885582,-38.48332214978969,fortaleza,CE
60192,-3.743807532056097,-38.48067598765075,fortaleza,CE
60192,-3.743505622993228,-38.484067201709045,fortaleza,CE
62030,-3.6682292357181163,-40.37281407181986,sobral,CE
62030,-3.682633499999995,-40.35113774999999,sobral,CE
62030,-3.678266239120344,-40.366484942942456,sobral,CE
62030,-3.6811016913459036,-40.35619882695577,sobral,CE
62030,-3.676270803750537,-40.36649581313466,sobral,CE
63290,-7.588088395110682,-39.27881329280984,jardim,CE
63290,-7.589520458542905,-39.27447138877162,jardim,CE
63290,-7.588118503136648,-39.19929030225933,jardim,CE
63290,-7.5876385756713995,-39.28278348447314,jardim,CE
63290,-7.583418836457289,-39.28134800029508,jardim,CE
64001,-5.09242518651811,-42.81299538344898,teresina,PI
64001,-5.09220919317687,-42.81073400336755,teresina,PI
64001,-5.086819683783139,-42.7940743187654,teresina,PI
64001,-5.090899907313022,-42.8098857751386,teresina,PI
64001,-5.092635656455371,-42.811311148813054,teresina,PI
64010,-5.116468544794831,-42.78085724117355,teresina,PI
64010,-5.10331472237752,-42.761945500603574,teresina,PI
64010,-5.025881909456399,-42.810679008387936,teresina,PI
64010,-5.022811035706899,-42.81618893798273,teresina,PI
64490,-6.238402063494261,-42.687620954783604,regeneracao,PI
64490,-6.227942829611587,-42.6850333814357,regeneração,PI
64490,-6.231061238744403,-42.68808130859289,regeneracao,PI
64490,-6.237118709859404,-42.68391484605219,regeneracao,PI
64490,-6.217442518328776,-42.69145786189168,regeneracao,PI
65110,-2.5301297697332683,-44.08225830212763,sao jose de ribamar,MA
65110,-2.561080859659279,-44.18909977293838,sao jose de ribamar,MA
65110,-2.5718069999999464,-44.119227499999965,sao jose de ribamar,MA
65110,-2.54487538326739,-44.06229415304586,sao jose de ribamar,MA
65110,-2.552891961902627,-44.17167884093834,sao jose de ribamar,MA
68798,-1.226606420260601,-48.29340811872681,santa barbara do para,PA
68798,-1.2396999928379357,-48.27546040659048,santa barbara do para,PA
68798,-1.229067875078403,-48.29450705600096,santa barbara do para,PA
68798,-1.2319682614505163,-48.29400747172106,santa barbara do para,PA
69057,-3.094762499999996,-60.014357999999994,manaus,AM
69057,-3.0894192023860336,-60.002833582618116,manaus,AM
69057,-3.1131342398003308,-60.01346050375091,manaus,AM
69057,-3.0943663785498927,-60.013159978310185,manaus,AM
69057,-3.096548298084146,-60.00717557576894,manaus,AM
69919,-9.95131749999996,-67.85151076599993,rio branco,AC
69919,-9.95131749999996,-67.85151076599993,rio branco,AC
69919,-9.948212329447742,-67.86106724923539,rio branco,AC
69919,-9.952385328084683,-67.84506959909825,rio branco,AC
69919,-9.960368306721765,-67.83700279719504,rio branco,AC
70235,-15.812658217593002,-47.89365639297883,brasília,DF
70235,-15.813593999999995,-47.892289500000004,brasilia,DF
70235,-15.812658217593002,-47.89365639297883,brasilia,DF
70235,-15.81229423141458,-47.893234047739895,brasilia,DF
70235,-15.81229423141458,-47.893234047739895,brasilia,DF
70331,-15.804321418637416,-47.89824139639752,brasilia,DF
70331,-15.803101755978023,-47.89844129206892,brasilia,DF
70331,-15.801331769210385,-47.89672110837326,brasilia,DF
70331,-15.801004433161644,-47.89527720737431,brasilia,DF
70331,-15.804335233110306,-47.89840662508141,brasilia,DF
70719,-15.783282,-47.88768421244212,brasilia,DF
70719,-15.783282,-47.88768421244212,brasilia,DF
70719,-15.783282,-47.88768421244212,brasília,DF
70719,-15.783282,-47.88768421244212,brasilia,DF
70719,-15.783282,-47.88768421244212,brasilia,DF
72850,-16.130234115673762,-47.966305231347526,luziania,GO
72850,-16.130232000000003,-47.96138024999999,luziania,GO
72850,-16.12765787041445,-47.9655662889947,luziania,GO
72850,-16.142886290543984,-47.95365395873966,luziânia,GO
72850,-16.12618038169807,-47.96254759175212,luziânia,GO
73330,-15.617702740796958,-47.659496962808355,brasilia,DF
73330,-15.616488462605245,-47.6556822934456,brasilia,DF
73330,-15.631361570878148,-47.659263929992285,brasilia,DF
73330,-15.622266835071855,-47.66082498289879,brasilia,DF
73330,-15.62453387504214,-47.6589051586263,brasilia,DF
37780,-21.925390177787193,-46.38339620027643,caldas,MG
37780,-21.91810555845745,-46.39156333042665,caldas,MG
37780,-21.91810555845745,-46.39156333042665,caldas,MG
37780,-21.92489223002598,-46.38468891402799,caldas,MG
37780,-21.92560806882301,-46.383292238009936,caldas,MG
38401,-18.87080945850884,-48.2882386058918,uberlandia,MG
38401,-18.89826933967962,-48.30921044149928,uberlandia,MG
38401,-18.894675991949914,-48.29772614141035,uberlandia,MG
38401,-18.889117400303427,-48.30574818762553,uberlandia,MG
38401,-18.9077127799065,-48.30333135498296,uberlandia,MG
38415,-18.898916300752685,-48.34431239055018,uberlandia,MG
38415,-18.892716338334537,-48.33454540827511,uberlandia,MG
38415,-18.887868597005003,-48.33420591257428,uberlândia,MG
38415,-18.906987520399326,-48.31620526311386,uberlândia,MG
38415,-18.8924584612788,-48.33582547807146,uberlandia,MG
38702,-18.57822401746708,-46.513029966709595,patos de minas,MG
38702,-18.57304535562911,-46.5124219396405,patos de minas,MG
38702,-18.575870973348206,-46.50824316347758,patos de minas,MG
38702,-18.571971935218738,-46.51482955869788,patos de minas,MG
38702,-18.57176622830903,-46.50628684383423,patos de minas,MG
40155,-13.006714289933614,-38.51611048523236,salvador,BA
40155,-13.005226053071809,-38.52135016620151,salvador,BA
40155,-13.005426111075844,-38.517399425008605,salvador,BA
40155,-13.00741120525333,-38.51574017990826,salvador,BA
40155,-13.003255780743233,-38.51678151985108,salvador,BA
41741,-12.970153992000766,-38.41364598491432,salvador,BA
41741,-12.96353030323601,-38.40772934664561,salvador,BA
41741,-12.960339496249087,-38.40987111226843,salvador,BA
41741,-12.971290309707776,-38.41710396250529,salvador,BA
41741,-12.971083454427722,-38.41744265786138,salvador,BA
42710,-12.871531096847065,-38.289259570728646,lauro de freitas,BA
42710,-12.87155217374044,-38.290632588622394,lauro de freitas,BA
42710,-12.871591739943511,-38.29376075965116,lauro de freitas,BA
42710,-12.874789125644387,-38.29769254098601,lauro de freitas,BA
42710,-12.873036040918443,-38.297562446249344,lauro de freitas,BA
44075,-12.252960554320211,-38.95298549915851,feira de santana,BA
44075,-12.24771174396297,-38.94549284434813,feira de santana,BA
44075,-12.253841496537543,-38.94713999999999,feira de santana,BA
44075,-12.255361554387413,-38.95556137986631,feira de santana,BA
44075,-12.257424754371286,-38.95187437287214,feira de santana,BA
44200,-12.548774551976832,-38.712588249553484,santo amaro,BA
44200,-12.553039137731782,-38.7014262134864,santo amaro,BA
44200,-12.558532908222006,-38.699329926375896,santo amaro,BA
44200,-12.54551181426236,-38.718197899415394,santo amaro,BA
44200,-12.548774551976832,-38.712588249553484,santo amaro,BA
44840,-11.84964670773523,-40.792174146132375,tapiramuta,BA
44840,-11.846855486056642,-40.796371574372756,tapiramuta,BA
44840,-11.847566180663218,-40.7941178207244,tapiramuta,BA
44840,-11.845144436931031,-40.79330246972504,tapiramuta,BA
44840,-11.844956496426901,-40.79944994443748,tapiramuta,BA
45807,-16.28592112697296,-39.02270440270471,santa cruz cabralia,BA
45807,-16.3358222828898,-39.01049886365158,santa cruz cabrália,BA
45807,-16.318170058325194,-39.03388659633641,santa cruz cabrália,BA
45807,-16.335509999999942,-39.011289999999974,santa cruz cabralia,BA
45807,-16.34080984481598,-39.012359368375705,santa cruz cabrália,BA
46650,-13.626367667837362,-41.32333173748239,barra da estiva,BA
46650,-13.625932950046051,-41.32449355636991,barra da estiva,BA
46650,-13.62392992636538,-41.31737620381651,barra da estiva,BA
46650,-13.626187530521175,-41.33010234738283,barra da estiva,BA
46650,-13.626868429193514,-41.327030403268346,barra da estiva,BA
48900,-9.43077319936269,-40.50362722887868,juazeiro,BA
48900,-9.434011011108282,-40.50161951110829,juazeiro,BA
48900,-9.417552894981405,-40.50684338087081,juazeiro,BA
48900,-9.429441288695015,-40.50525863801235,juazeiro,BA
48900,-9.424402646653581,-40.477645818245605,juazeiro,BA
48906,-9.421586900546219,-40.509888548225376,juazeiro,BA
48906,-9.442637960988732,-40.48817895718589,juazeiro,BA
48906,-9.420154367058489,-40.50778860188063,juazeiro,BA
48906,-9.422511220263823,-40.4982665428097,juazeiro,BA
48906,-9.421595575849526,-40.50967600329432,juazeiro,BA
52020,-8.04465322675859,-34.896786286427385,recife,PE
52020,-8.046511239800338,-34.897120171388984,recife,PE
52020,-8.04988111656761,-34.896628969473106,recife,PE
52020,-8.040481019706844,-34.892833499999995,recife,PE
52020,-8.04355807660567,-34.89254501304175,recife,PE
53240,-8.006796953179887,-34.85447344331129,olinda,PE
53240,-8.008727710514192,-34.85274131793521,olinda,PE
53240,-8.008679231201995,-34.85263112378097,olinda,PE
53240,-8.00734809103239,-34.85469937844071,olinda,PE
53240,-8.007128047175303,-34.84928261463438,olinda,PE
53441,-7.962329515445754,-34.8545979452002,paulista,PE
53441,-7.956128461105123,-34.89401244286563,paulista,PE
53441,-7.962252455895336,-34.854700691267425,paulista,PE
53441,-7.948756545954434,-34.862563253011245,paulista,PE
53441,-7.951314917149131,-34.86151122338032,paulista,PE
59151,-5.877420655673749,-35.210911969783176,parnamirim,RN
59151,-5.890802884470994,-35.19896982530562,parnamirim,RN
59151,-5.881733702195698,-35.20482110939228,parnamirim,RN
59151,-5.889960748910262,-35.19755690055837,parnamirim,RN
59151,-5.877583193688967,-35.210516307337656,parnamirim,RN
59184,-6.051957340907902,-35.43310857196904,vera cruz,RN
59184,-6.049398542013961,-35.436438665358146,vera cruz,RN
59184,-6.047601112442655,-35.42757896290609,vera cruz,RN
70077,-15.79076666296478,-47.8844391881036,brasília,DF
70077,-15.79076666296478,-47.8844391881036,brasilia,DF
70077,-15.79076666296478,-47.8844391881036,brasilia,DF
70077,-15.79076666296478,-47.8844391881036,brasilia,DF
70077,-15.79076666296478,-47.8844391881036,brasilia,DF
70234,-15.810367499999998,-47.89160100000001,brasilia,DF
70234,-15.811442999999997,-47.890237499999984,brasília,DF
70234,-15.811442999999997,-47.890237499999984,brasilia,DF
70234,-15.810367499999998,-47.89160100000001,brasilia,DF
70234,-15.810063002199271,-47.89094379772743,brasilia,DF
70856,-15.761172953338969,-47.878636368437625,brasilia,DF
70856,-15.761172953338969,-47.878636368437625,brasilia,DF
70856,-15.7623885,-47.87765099999999,brasília,DF
70856,-15.761852999999999,-47.87782875,brasilia,DF
70856,-15.760520999999997,-47.878614000000006,brasilia,DF
71070,-15.84494561197996,-47.98527498130505,brasilia,DF
71070,-15.84494561197996,-47.98527498130505,brasilia,DF
71070,-15.830698500000004,-47.98762875000001,brasília,DF
71070,-15.830698500000004,-47.98762875000001,brasília,DF
71070,-15.830698500000004,-47.98762875000001,brasília,DF
72316,-15.86679943242206,-48.08060995224143,brasilia,DF
72316,-15.865612474507069,-48.07953970607,brasília,DF
72316,-15.866379388735833,-48.081284313562655,brasilia,DF
72316,-15.864544485887036,-48.079809079087276,brasília,DF
72316,-15.86552921219577,-48.07854932123849,brasilia,DF
73015,-15.656221567630755,-47.790259390660445,brasília,DF
73015,-15.657137604038398,-47.79668919191656,brasilia,DF
73015,-15.654087285643048,-47.78718962054677,brasília,DF
73015,-15.658648685019049,-47.79487110050728,brasilia,DF
73015,-15.659131424114078,-47.79561987919168,brasilia,DF
74533,-16.681520999999947,-49.28676199999997,goiania,GO
74533,-16.684580999999945,-49.28337349999997,goiania,GO
74533,-16.67896533933841,-49.28625492549355,goiania,GO
74533,-16.675973623904873,-49.239916690438505,goiania,GO
74533,-16.678609999999935,-49.285049999999956,goiânia,GO
74650,-16.657373999999948,-49.239367999999956,goiania,GO
74650,-16.658417999999944,-49.24018249999996,goiania,GO
74650,-16.654585500000003,-49.24191824999998,goiania,GO
74650,-16.65628815391177,-49.244565651546694,goiania,GO
74650,-16.652404460318124,-49.242703191901164,goiânia,GO
14020,-21.210104711049134,-47.80139005429387,ribeirao preto,SP
14020,-21.2087768104334,-47.80689386955393,ribeirao preto,SP
14020,-21.209885182353247,-47.80261007937563,ribeirao preto,SP
14020,-21.204992158202995,-47.80241777338562,ribeirao preto,SP
14020,-21.184743813491814,-47.801860999855776,ribeirao preto,SP
14051,-21.15867700582838,-47.83504175728547,ribeirao preto,SP
14051,-21.170457282820703,-47.83551450874256,ribeirao preto,SP
14051,-21.16786734693288,-47.83977695697962,ribeirao preto,SP
14051,-21.167300357752932,-47.833405250620366,ribeirao preto,SP
14051,-21.166858623925208,-47.83506784041202,ribeirao preto,SP
14055,-21.1575781634253,-47.81743621509692,ribeirao preto,SP
14055,-21.150822677217352,-47.82661086358131,ribeirao preto,SP
14055,-21.161363061053763,-47.81851569372155,ribeirao preto,SP
14055,-21.15849742492354,-47.83184832361937,ribeirao preto,SP
14055,-21.155184670552245,-47.819691922009355,ribeirao preto,SP
14401,-20.530671079410943,-47.39851931627846,franca,SP
14401,-20.535958059672353,-47.389987057391956,franca,SP
14401,-20.525621914979087,-47.38989850951276,franca,SP
14401,-20.528325175399004,-47.39931699396351,franca,SP
14401,-20.53618637830108,-47.38852507612394,franca,SP
14620,-20.71749602546334,-47.8769102907048,orlandia,SP
14620,-20.712989821280114,-47.85616988957921,orlândia,SP
14620,-20.71628296387685,-47.88816764459721,orlandia,SP
14620,-20.723633668437234,-47.89387180404292,orlândia,SP
14620,-20.725939234359466,-47.86672487241399,orlandia,SP
15050,-20.782078847545826,-49.37199920061633,sao jose do rio preto,SP
15050,-20.79360996992468,-49.372528930033596,são josé do rio preto,SP
15050,-20.785069021811495,-49.36880718769471,sao jose do rio preto,SP
15050,-20.796225752395603,-49.37367246030976,são josé do rio preto,SP
15050,-20.79846719526403,-49.37602319526404,sao jose do rio preto,SP
15735,-20.450709559379998,-50.883178946373526,aparecida d oeste,SP
15735,-20.44970571219513,-50.88403697743395,aparecida d'oeste,SP
15735,-20.45591439609784,-50.87947300773038,aparecida d'oeste,SP
15735,-20.451555191091064,-50.882262569856785,aparecida d'oeste,SP
15735,-20.469863999999944,-50.91659899999996,aparecida d'oeste,SP
15910,-21.255170217894634,-48.48570186533153,monte alto,SP
15910,-21.268717400993516,-48.47354753073049,monte alto,SP
15910,-21.270263256131607,-48.50046297966342,monte alto,SP
15910,-21.26039476860128,-48.48612109625845,monte alto,SP
15910,-21.260556797479108,-48.494698276959376,monte alto,SP
16340,-21.675610173147337,-50.32717939247043,luiziania,SP
16340,-21.67226445823508,-50.333199506254395,luiziania,SP
16340,-21.67508640131515,-50.327266711936524,luiziania,SP
16340,-21.674397223667963,-50.323863680044255,luiziania,SP
16340,-21.67706404788042,-50.328421345561274,luiziania,SP
17013,-22.325826761036385,-49.06251914544972,bauru,SP
17013,-22.324699277829044,-49.06091215225904,bauru,SP
17013,-22.321930499999993,-49.06220175,bauru,SP
17013,-22.325097812395285,-49.04412746753988,bauru,SP
17013,-22.324863499307508,-49.05696310742101,bauru,SP
17015,-22.328931562034718,-49.07560106454488,bauru,SP
17015,-22.328199250908835,-49.06837986805336,bauru,SP
17015,-22.33025628354055,-49.07416448962702,bauru,SP
17015,-22.329107936222673,-49.073372747168435,bauru,SP
17015,-22.329075936516812,-49.07974234552618,bauru,SP
35588,-20.29044985991005,-45.542903835673904,arcos,MG
35588,-20.289567369724317,-45.54601816385398,arcos,MG
35588,-20.280463073195055,-45.550203614252766,arcos,MG
35588,-20.29570059445845,-45.53775171845401,arcos,MG
35588,-20.29271676504475,-45.53589664587086,arcos,MG
35590,-20.028179441056512,-45.54869803989456,lagoa da prata,MG
35590,-20.021455519395555,-45.522431522653804,lagoa da prata,MG
35590,-20.021324808378097,-45.5422025522232,lagoa da prata,MG
35590,-20.011594767683253,-45.545370969385964,lagoa da prata,MG
35590,-20.017939414882303,-45.54781361051413,lagoa da prata,MG
35600,-19.740740588344455,-45.25452490731858,bom despacho,MG
35600,-19.751642958017772,-45.2569080507957,bom despacho,MG
35600,-19.725589939295322,-45.25357736027235,bom despacho,MG
35600,-19.74164985126914,-45.25269411379555,bom despacho,MG
35600,-19.729597640955802,-45.25381339841855,bom despacho,MG
35900,-19.63165621067063,-43.212335433135365,itabira,MG
35900,-19.629875061623117,-43.22636598021782,itabira,MG
35900,-19.633269203457978,-43.21898120390953,itabira,MG
35900,-19.62718963932106,-43.22834613256379,itabira,MG
35900,-19.62318977165416,-43.22699398717192,itabira,MG
20271,-22.943910560140818,-43.254772993992525,rio de janeiro,RJ
20271,-22.915027708840757,-43.22576416152123,rio de janeiro,RJ
20271,-22.912408895925864,-43.22061178697563,rio de janeiro,RJ
20271,-22.91947509103239,-43.219364124329246,rio de janeiro,RJ
20271,-22.914431791274804,-43.22437534303773,rio de janeiro,RJ
20541,-22.918392566189652,-43.2384147500721,rio de janeiro,RJ
20541,-22.924148050233732,-43.247671644036075,rio de janeiro,RJ
20541,-22.923693020543553,-43.24686530420099,rio de janeiro,RJ
20541,-22.919949659732215,-43.23690458840665,rio de janeiro,RJ
20541,-22.917109966414692,-43.24169114403608,rio de janeiro,RJ
20551,-22.912188087425708,-43.24661266665711,rio de janeiro,RJ
20551,-22.911508101015713,-43.242214872872125,rio de janeiro,RJ
20551,-22.912188087425708,-43.24661266665711,rio de janeiro,RJ
20551,-22.91571816126142,-43.24473625506377,rio de janeiro,RJ
20551,-22.916479756592988,-43.24767197253153,rio de janeiro,RJ
21050,-22.86983986984238,-43.26017619525076,rio de janeiro,RJ
21050,-22.876524398551595,-43.26027091479599,rio de janeiro,RJ
21050,-22.878323334270775,-43.2529871873462,rio de janeiro,RJ
21050,-22.878170550637755,-43.26389086372555,rio de janeiro,RJ
21050,-22.82867447764707,-43.315112003604476,rio de janeiro,RJ
21230,-22.82320810545911,-43.32141146765545,rio de janeiro,RJ
21230,-22.823779787408334,-43.324706568122885,rio de janeiro,RJ
21230,-22.827724669167274,-43.333207019158586,rio de janeiro,RJ
21230,-22.82465308128718,-43.32540714084185,rio de janeiro,RJ
21230,-22.827918456575603,-43.321023785734894,rio de janeiro,RJ
35560,-20.09237458645483,-45.30021165360361,santo antonio do monte,MG
35560,-20.097133882968,-45.28022459354211,santo antonio do monte,MG
35560,-20.09523835663765,-45.294155668606265,santo antonio do monte,MG
35560,-20.09625432399571,-45.27496459296336,santo antonio do monte,MG
35560,-20.089205491068487,-45.28666527735634,santo antonio do monte,MG
35669,-19.44022546096705,-44.752428646173385,papagaios,MG
35669,-19.44915971573536,-44.746025898887666,papagaios,MG
35669,-19.456021315160026,-44.75015616721061,papagaios,MG
35669,-19.451384814516427,-44.75538566847967,papagaios,MG
35669,-19.452501030344393,-44.75411315870123,papagaios,MG
35790,-18.75827995462191,-44.431581121590376,curvelo,MG
35790,-18.761855205265977,-44.43990441016521,curvelo,MG
35790,-18.771173990941094,-44.4357336006848,curvelo,MG
35790,-18.7718603838059,-44.436414745280885,curvelo,MG
35790,-18.74429445336346,-44.426451357586465,curvelo,MG
35950,-20.10751433999627,-43.05751404000867,alvinópolis,MG
35950,-20.10751433999627,-43.05751404000867,alvinopolis,MG
35950,-20.110153806073463,-43.05607584226518,alvinopolis,MG
35950,-20.10714203135108,-43.049933893774664,alvinopolis,MG
35950,-20.023929790532346,-42.99309457227375,alvinópolis,MG
36201,-21.230927487768458,-43.79341425698508,barbacena,MG
36201,-21.259445059780752,-43.81075379559754,barbacena,MG
36201,-21.22857806306428,-43.80238754540964,barbacena,MG
36201,-21.229241222335112,-43.78767099477368,barbacena,MG
36201,-21.228553559154797,-43.784991126248656,barbacena,MG
36420,-20.532664687290946,-43.71623161225068,ouro branco,MG
36420,-20.523125072156034,-43.69135398496955,ouro branco,MG
36420,-20.536122099453923,-43.71782968858296,ouro branco,MG
36420,-20.540594416368904,-43.710310855961865,ouro branco,MG
36420,-20.520985531039376,-43.69061568800238,ouro branco,MG
36770,-21.38907215898061,-42.69203937619066,cataguases,MG
36770,-21.390146990403597,-42.68304795796485,cataguases,MG
36770,-21.38789760127328,-42.69424512053171,cataguases,MG
36770,-21.387306741417667,-42.691321446448285,cataguases,MG
36770,-21.3854758972063,-42.69143882117738,cataguases,MG
37143,-21.54820902419117,-46.042778067606186,serrania,MG
37143,-21.547195884940383,-46.04905220504453,serrania,MG
37143,-21.551308693047723,-46.049409895673804,serrania,MG
37143,-21.546728726978117,-46.04158664401896,serrania,MG
37143,-21.547387566505797,-46.03728140041802,serrania,MG
37997,-20.397562741163558,-47.285723751262346,claraval,MG
37997,-20.403658876118698,-47.284037816043224,claraval,MG
37997,-20.399827703088377,-47.28621163701228,claraval,MG
37997,-20.40866330817425,-47.28549624148676,claraval,MG
37997,-20.400930000000002,-47.287606499999995,claraval,MG
39390,-17.126574817685405,-43.81059822795839,bocaiuva,MG
39390,-17.107067839506396,-43.81675251308608,bocaiuva,MG
39390,-17.112548566913933,-43.80602232937073,bocaiúva,MG
39390,-17.1087799155034,-43.81690781614768,bocaiuva,MG
39390,-17.114152585823597,-43.81043419448113,bocaiuva,MG
39400,-16.718833477927223,-43.8691627456287,montes claros,MG
39400,-16.728216831525213,-43.86731969969415,montes claros,MG
39400,-16.727025664362248,-43.867166696524144,montes claros,MG
39400,-16.732003222315186,-43.865993818483474,montes claros,MG
39400,-16.702508957857685,-43.85411340033711,montes claros,MG
21941,-22.86933515510882,-43.21992800026346,rio de janeiro,RJ
21941,-22.814696608661755,-43.21099427601137,rio de janeiro,RJ
21941,-22.864936039198252,-43.21948906404272,rio de janeiro,RJ
21941,-22.812843331669438,-43.21275377601136,rio de janeiro,RJ
21941,-22.80701046321204,-43.20836696251956,rio de janeiro,RJ
22230,-22.93781597002137,-43.17619884430715,rio de janeiro,RJ
22230,-22.93914675437128,-43.176731123232706,rio de janeiro,RJ
22230,-22.93592681848347,-43.17724850236594,rio de janeiro,RJ
22230,-22.933648874834045,-43.17656339162668,rio de janeiro,RJ
22230,-22.93877318595992,-43.17653426643207,rio de janeiro,RJ
22441,-22.978177278774783,-43.22358106936547,rio de janeiro,RJ
22441,-22.90069046602754,-43.5941079967394,rio de janeiro,RJ
22441,-22.986898166253077,-43.22513977061568,rio de janeiro,RJ
22441,-22.980535626983624,-43.223601143487805,rio de janeiro,RJ
22441,-22.98650865277865,-43.219144152374604,rio de janeiro,RJ
22793,-23.009270961423038,-43.42940927644404,rio de janeiro,RJ
22793,-22.99722362556803,-43.41515344348944,rio de janeiro,RJ
22793,-22.996132291707497,-43.404405778521514,rio de janeiro,RJ
22793,-22.95664630850754,-43.356659674012086,rio de janeiro,RJ
22793,-22.95664630850754,-43.356659674012086,rio de janeiro,RJ
23075,-22.88236910768082,-43.56762626325808,rio de janeiro,RJ
23075,-22.883627168474778,-43.56712730322002,rio de janeiro,RJ
23075,-22.873187240510237,-43.57322813269818,rio de janeiro,RJ
23075,-22.86905663025746,-43.59282900421791,rio de janeiro,RJ
23075,-22.878165055209276,-43.59233320169187,rio de janeiro,RJ
23560,-22.894212446852073,-43.71546807493222,rio de janeiro,RJ
23560,-22.904701804345212,-43.71220958174157,rio de janeiro,RJ
23560,-22.90556961495471,-43.70111878656592,rio de janeiro,RJ
23560,-22.900315499999994,-43.709510249999994,rio de janeiro,RJ
23560,-22.909311523457745,-43.69672837177563,rio de janeiro,RJ
25870,-22.0296234152697,-43.20507649341323,comendador levy gasparian,RJ
25870,-22.02863317671452,-43.20527134151183,comendador levy gasparian,RJ
25870,-22.030138325265625,-43.20390204907904,comendador levy gasparian,RJ
25870,-22.033334081168327,-43.207485232467334,comendador levy gasparian,RJ
25870,-22.029962724273975,-43.20545934194909,comendador levy gasparian,RJ
26165,-22.735079682038137,-43.38748613936333,belford roxo,RJ
26165,-22.732632352724565,-43.380140057321405,belford roxo,RJ
26165,-22.726130800871537,-43.38124195424074,belford roxo,RJ
26165,-22.726696377348127,-43.38280246677358,belford roxo,RJ
26165,-22.72804453178761,-43.384781396936305,belford roxo,RJ
27258,-22.5331011515379,-44.129546769086474,volta redonda,RJ
27258,-22.539837226758586,-44.07419563266777,volta redonda,RJ
27258,-22.53882113849616,-44.07233423604942,volta redonda,RJ
27258,-22.537534945322875,-44.07376123841535,volta redonda,RJ
27258,-22.535078108049337,-44.07646662166257,volta redonda,RJ
27260,-22.516415656610747,-44.1043008475131,volta redonda,RJ
27260,-22.518528946707853,-44.10307113197529,volta redonda,RJ
27260,-22.518476381903174,-44.1077550246985,volta redonda,RJ
27260,-22.518674004991663,-44.10348063197528,volta redonda,RJ
27260,-22.518476381903174,-44.1077550246985,volta redonda,RJ
28024,-21.77440939174392,-41.31627010619313,campos dos goytacazes,RJ
28024,-21.774754537034216,-41.31650045646396,campos dos goytacazes,RJ
28024,-21.774440841921944,-41.31477064830044,campos dos goytacazes,RJ
28024,-21.781973489942928,-41.31395271744691,campos dos goytacazes,RJ
28024,-21.78531497899485,-41.32905256813137,campos dos goytacazes,RJ
28300,-21.20851525964521,-41.87484723167247,itaperuna,RJ
28300,-21.21574307617513,-41.886145323149826,itaperuna,RJ
28300,-21.233149015593074,-41.87302751012435,itaperuna,RJ
28300,-21.21690161559261,-41.876285101213625,itaperuna,RJ
28300,-21.202223516500034,-41.90960417651892,itaperuna,RJ
28610,-22.278743054653297,-42.52864048238232,nova friburgo,RJ
28610,-22.27928549029845,-42.532472444030425,nova friburgo,RJ
28610,-22.28091171826231,-42.53291778284467,nova friburgo,RJ
28610,-22.30481063974968,-42.53857446412482,nova friburgo,RJ
28610,-22.27914183533508,-42.53142847780534,nova friburgo,RJ
28625,-22.282320534218375,-42.53983553421836,nova friburgo,RJ
28625,-22.284387918357442,-42.53820575507234,nova friburgo,RJ
28625,-22.280908535797273,-42.535293482678476,nova friburgo,RJ
28625,-22.28913808061422,-42.534736514378594,nova friburgo,RJ
28625,-22.280453964871267,-42.535620791035335,nova friburgo,RJ
28908,-22.918600080765664,-42.03848119319952,cabo frio,RJ
28908,-22.887739211794088,-42.02874946351887,cabo frio,RJ
28908,-22.89843115033693,-42.03740954465677,cabo frio,RJ
28908,-22.894462701579403,-42.03153155744278,cabo frio,RJ
28908,-22.89713903112917,-42.03904188170593,cabo frio,RJ
29045,-20.308649814273863,-40.3121400645295,vitória,ES
29045,-20.291776126262473,-40.300606162646396,vitoria,ES
29045,-20.308184999999995,-40.314382162761966,vitoria,ES
29045,-20.28573284984708,-40.30600883458365,vitoria,ES
29045,-20.305535981418338,-40.306469557187285,vitoria,ES
29160,-20.236316793236703,-40.27327897238731,serra,ES
29160,-20.22824496915154,-40.27624335367368,serra,ES
29160,-20.23764381494903,-40.27475638169094,serra,ES
29160,-20.237760576461433,-40.26925737731553,serra,ES
29160,-20.23161627493881,-40.26849418844781,serra,ES
29650,-19.935089811230092,-40.6015994827909,santa teresa,ES
29650,-19.939121604209674,-40.594777884514144,santa teresa,ES
29650,-19.94053130914016,-40.58817308752419,santa teresa,ES
29650,-19.93331361728653,-40.60088797446874,santa teresa,ES
29650,-19.93931466289294,-40.60969826767421,santa teresa,ES
31110,-19.899120540942892,-43.9404121305903,belo horizonte,MG
31110,-19.90259425757394,-43.93736526449883,belo horizonte,MG
31110,-19.910190510675815,-43.93740180391251,belo horizonte,MG
31110,-19.91243348932419,-43.93636183236194,belo horizonte,MG
31110,-19.91025947100232,-43.93559224854289,belo horizonte,MG
31310,-19.875867454065443,-43.98278199806675,belo horizonte,MG
31310,-19.873169329447748,-43.98001024952385,belo horizonte,MG
31310,-19.871918422990294,-43.979171635870415,belo horizonte,MG
31310,-19.876410587281487,-43.98079465335556,belo horizonte,MG
31310,-19.881519203156603,-43.977407954642366,belo horizonte,MG
32110,-19.885757096253922,-44.01809003760589,contagem,MG
32110,-19.8805102490405,-44.016969213665206,contagem,MG
32110,-19.888565735804132,-44.0181162542333,contagem,MG
32110,-19.877069339761555,-44.02384854850445,contagem,MG
32110,-19.890068066867627,-44.01746739435075,contagem,MG
32405,-20.02529489052474,-44.03931198165561,ibirite,MG
32405,-20.02431468072891,-44.04293587923724,ibirite,MG
32405,-20.02229606723152,-44.035019504256624,ibirite,MG
32405,-20.02676254244148,-44.04915678315864,ibirite,MG
32405,-20.02018627349859,-44.04785262484183,ibirite,MG
21331,-22.868125238703804,-43.36551686343707,rio de janeiro,RJ
21331,-22.86345858228666,-43.36605,rio de janeiro,RJ
21331,-22.867262907553965,-43.360585930896136,rio de janeiro,RJ
21331,-22.876786990564934,-43.36689299901905,rio de janeiro,RJ
21331,-22.87497056203471,-43.35903534442272,rio de janeiro,RJ
21760,-22.8888355500895,-43.41525290645745,rio de janeiro,RJ
21760,-22.896987316694457,-43.42212713598599,rio de janeiro,RJ
21760,-22.890302172081455,-43.42438435414625,rio de janeiro,RJ
21760,-22.896032489872447,-43.42097989203072,rio de janeiro,RJ
21760,-22.8874031759766,-43.417395791967294,rio de janeiro,RJ
21910,-22.794400833198655,-43.17502950513588,rio de janeiro,RJ
21910,-22.794641298084148,-43.172810214813374,rio de janeiro,RJ
21910,-22.79594975924693,-43.1751993714742,rio de janeiro,RJ
21910,-22.78692714516126,-43.183816964452795,rio de janeiro,RJ
21910,-22.790706548704517,-43.183877867880476,rio de janeiro,RJ
22241,-22.93827739912851,-43.195598256997016,rio de janeiro,RJ
22241,-22.938123970309828,-43.197668381354916,rio de janeiro,RJ
22241,-22.938123970309828,-43.197668381354916,rio de janeiro,RJ
22241,-22.93616587844072,-43.19204107660567,rio de janeiro,RJ
22241,-22.940339729961245,-43.19681668844143,rio de janeiro,RJ
22410,-22.98474248211083,-43.19586486663974,rio de janeiro,RJ
22410,-22.98393757617298,-43.210520381903166,rio de janeiro,RJ
22410,-22.984267431040383,-43.2055037828207,rio de janeiro,RJ
22410,-22.984277292425976,-43.20616683377419,rio de janeiro,RJ
22410,-22.984123431040377,-43.20826270191586,rio de janeiro,RJ
22723,-22.915126647964033,-43.409879750821275,rio de janeiro,RJ
22723,-22.91605800868973,-43.41783989992421,rio de janeiro,RJ
22723,-22.915588409400296,-43.39098868581571,rio de janeiro,RJ
22723,-22.915686039125227,-43.38667699013224,rio de janeiro,RJ
22723,-22.918648650585613,-43.410124298372615,rio de janeiro,RJ
23066,-22.883500722206897,-43.62784933672958,rio de janeiro,RJ
23066,-22.88342446897311,-43.62841242181336,rio de janeiro,RJ
23066,-22.888693718564276,-43.61338423951187,rio de janeiro,RJ
23066,-22.884377961971293,-43.639398896329894,rio de janeiro,RJ
23066,-22.888998911737566,-43.61257467401471,rio de janeiro,RJ
23095,-22.876208978908178,-43.56012203941369,rio de janeiro,RJ
23095,-22.853797376074795,-43.53979378031053,rio de janeiro,RJ
23095,-22.85343019954992,-43.54027363364873,rio de janeiro,RJ
23095,-22.87410541892216,-43.56060496788773,rio de janeiro,RJ
23095,-22.862752307262145,-43.54258460491896,rio de janeiro,RJ
23900,-23.00930591078779,-44.32046114144465,angra dos reis,RJ
23900,-23.008471770759154,-44.31971960965667,angra dos reis,RJ
23900,-23.007634432660527,-44.31795487080973,angra dos reis,RJ
23900,-23.01018104095754,-44.32134475185741,angra dos reis,RJ
23900,-23.008116118751833,-44.319388595819476,angra dos reis,RJ
24346,-22.963384848315677,-43.03302455048608,niteroi,RJ
24346,-22.949553527168096,-43.03188289292954,niteroi,RJ
24346,-22.932133719241385,-43.00763753825168,niteroi,RJ
24346,-22.950660449956196,-43.03180815933377,niteroi,RJ
24346,-22.954407572216333,-43.02509191212683,niteroi,RJ
24431,-22.827206075806263,-43.08632597763122,sao goncalo,RJ
24431,-22.83192604604255,-43.08407348560339,sao goncalo,RJ
24431,-22.830935450903965,-43.08221952925961,são gonçalo,RJ
24431,-22.831811279955655,-43.079012985024605,sao goncalo,RJ
24431,-22.82367954295805,-43.085546447727125,sao goncalo,RJ
32600,-19.980614388568277,-44.202799681516524,betim,MG
32600,-19.97351932889948,-44.19335062461769,betim,MG
32600,-19.973783877792993,-44.213643391536685,betim,MG
32600,-19.971494805135706,-44.20218186961289,betim,MG
32600,-19.971587130074784,-44.19801920796791,betim,MG
32677,-19.941877521944868,-44.11327370697121,betim,MG
32677,-20.014777579909726,-44.1236136808713,betim,MG
32677,-19.94087163558197,-44.10912084485542,betim,MG
32677,-19.943539748839786,-44.11123619035177,betim,MG
32677,-19.940972102546684,-44.11150062965476,betim,MG
33145,-19.770113638204407,-43.92922926560554,santa luzia,MG
33145,-19.779011275265145,-43.931838396253156,santa luzia,MG
33145,-19.77818031910018,-43.926650777913174,santa luzia,MG
33145,-19.777488015257365,-43.92866430646035,santa luzia,MG
33145,-19.776462690928334,-43.93040244057509,santa luzia,MG
33200,-19.755283922647653,-43.94895032392866,vespasiano,MG
33200,-19.702733458731448,-43.91729421090412,vespasiano,MG
33200,-19.742043464843494,-43.935595285362,vespasiano,MG
33200,-19.6894418493258,-43.92020591647413,vespasiano,MG
33200,-19.686673005759417,-43.932131523145216,vespasiano,MG
34000,-19.983049645516733,-43.94560895316758,nova lima,MG
34000,-20.170748400141125,-43.93153770085184,nova lima,MG
34000,-20.05338417131688,-43.99231892766378,nova lima,MG
34000,-19.993026762043527,-43.85157010253897,nova lima,MG
34000,-19.988045487829645,-43.84520304291271,nova lima,MG
34002,-20.003724991886262,-43.85729704995881,nova lima,MG
34002,-19.99049603199668,-43.84363879556457,nova lima,MG
34002,-19.99481850341344,-43.84290968517209,nova lima,MG
34002,-19.992922249022314,-43.849109589535324,nova lima,MG
34002,-20.00461694671576,-43.85651043996243,nova lima,MG
35430,-20.415339248383304,-42.89153741877715,ponte nova,MG
35430,-20.41015302763056,-42.92246032249458,ponte nova,MG
35430,-20.40766675612977,-42.88487522823395,ponte nova,MG
35430,-20.408463379198196,-42.89588776864351,ponte nova,MG
35430,-20.42120964270622,-42.91442939101991,ponte nova,MG
35901,-19.660085734123605,-43.232502918518094,itabira,MG
35901,-19.665728543936883,-43.24217284029275,itabira,MG
35901,-19.648311747022525,-43.24590434577237,itabira,MG
35901,-19.65196120320568,-43.23330890641135,itabira,MG
35901,-19.655032413367632,-43.24020277690143,itabira,MG
36205,-21.216647501342187,-43.75240420003465,barbacena,MG
36205,-21.21993871889983,-43.75936157001649,barbacena,MG
36205,-21.22061347463907,-43.754999718236384,barbacena,MG
36205,-21.226882352055753,-43.76598243159897,barbacena,MG
36205,-21.21757442589253,-43.7570093809266,barbacena,MG
35660,-19.847169729157436,-44.60195651841526,para de minas,MG
35660,-19.86471767689174,-44.60234672647882,para de minas,MG
35660,-19.859968043840656,-44.607611934238996,para de minas,MG
35660,-19.869017944389928,-44.607047886991246,para de minas,MG
35660,-19.852120037780864,-44.617764179903595,para de minas,MG
36400,-20.662787836553406,-43.79509261201256,conselheiro lafaiete,MG
36400,-20.651084823429397,-43.77161145855266,conselheiro lafaiete,MG
36400,-20.685418089347856,-43.782109109922004,conselheiro lafaiete,MG
36400,-20.666441484774346,-43.79320095710671,conselheiro lafaiete,MG
36400,-20.67008448660327,-43.78341509685468,conselheiro lafaiete,MG
36502,-21.120087446232457,-42.91067895264525,uba,MG
36502,-21.120980688814207,-42.92773203759272,ubá,MG
36502,-21.12613458753905,-42.92040284385542,uba,MG
36502,-21.12448854224665,-42.92306645775336,uba,MG
36502,-21.12768426236445,-42.93758843558008,ubá,MG
36570,-20.721937677884224,-42.86601159708953,vicosa,MG
36570,-20.757372421316987,-42.87862027539324,vicosa,MG
36570,-20.754356696734707,-42.890861002371565,vicosa,MG
36570,-20.769878541062553,-42.881485356967886,vicosa,MG
36570,-20.759059978950184,-42.88691998737009,vicosa,MG
36800,-20.73445258960086,-42.03154458299644,carangola,MG
36800,-20.728511897081432,-42.02764973587409,carangola,MG
36800,-20.709623592465753,-42.03083731141546,carangola,MG
36800,-20.73377097713744,-42.03241041470019,carangola,MG
36800,-20.73367747784713,-42.0274073395876,carangola,MG
37965,-21.017864793104234,-46.740562515086545,jacui,MG
37965,-21.016692281121575,-46.74369461841485,jacui,MG
28895,-22.510599366131192,-41.93331608353544,rio das ostras,RJ
28895,-22.52109010801289,-41.922028229967765,rio das ostras,RJ
28895,-22.51821269113911,-41.921562806012425,rio das ostras,RJ
28895,-22.49065528354817,-41.923602344744666,rio das ostras,RJ
28895,-22.523484643522227,-41.922687398983896,rio das ostras,RJ
29304,-20.85179271305047,-41.11188169838737,cachoeiro de itapemirim,ES
29304,-20.83787983266648,-41.1160557076532,cachoeiro de itapemirim,ES
29304,-20.86118747983065,-41.12376412225698,cachoeiro de itapemirim,ES
29304,-20.854397753959223,-41.11084619622025,cachoeiro de itapemirim,ES
29304,-20.911732981999933,-41.11879499999998,cachoeiro de itapemirim,ES
30575,-19.97007559893824,-43.979595275607345,belo horizonte,MG
30575,-19.98100892200935,-43.97659226063236,belo horizonte,MG
30575,-19.976559296150903,-43.96856743658029,belo horizonte,MG
30575,-19.97833278879331,-43.9680287411853,belo horizonte,MG
30575,-19.97545143851354,-43.9792148237636,belo horizonte,MG
30666,-20.009416819320187,-44.03925166610885,belo horizonte,MG
30666,-20.015105259507177,-44.03745746502972,belo horizonte,MG
30666,-20.01302464743517,-44.03767353204621,belo horizonte,MG
30666,-20.016044242651517,-44.03075297653588,belo horizonte,MG
30666,-20.020538043020366,-44.02755206356393,belo horizonte,MG
30840,-19.891079580904844,-43.99423022788376,belo horizonte,MG
30840,-19.891562542876127,-44.001623681660746,belo horizonte,MG
30840,-19.892226593398323,-44.00474301985106,belo horizonte,MG
30840,-19.898207328604386,-43.996490237985356,belo horizonte,MG
30840,-19.885963608728666,-43.994959335739736,belo horizonte,MG
31525,-19.821438953372944,-43.97517235261704,belo horizonte,MG
31525,-19.821970991113204,-43.972976844162915,belo horizonte,MG
31525,-19.825290199549926,-43.9728064365803,belo horizonte,MG
31525,-19.821825743551248,-43.97094497613823,belo horizonte,MG
31525,-19.824046459345567,-43.969484220381936,belo horizonte,MG
31555,-19.84506185844542,-43.984663464481436,belo horizonte,MG
31555,-19.843707520399334,-43.9812184185469,belo horizonte,MG
31555,-19.834488984736563,-43.98000151638862,belo horizonte,MG
31555,-19.847094758526232,-43.983385287668135,belo horizonte,MG
31555,-19.84240324340701,-43.97948133472788,belo horizonte,MG
31742,-19.934353008166628,-43.91592032217033,belo horizonte,MG
31742,-19.830320172081464,-43.93597668096826,belo horizonte,MG
31742,-19.827523948929556,-43.93566631320336,belo horizonte,MG
31742,-19.822534869077998,-43.93656218663333,belo horizonte,MG
31742,-19.828365480663418,-43.93975698861047,belo horizonte,MG
32210,-19.95289717247436,-44.030729447633405,contagem,MG
32210,-19.948656631535126,-44.02570558542109,contagem,MG
32210,-19.955060187860933,-44.01391768576098,contagem,MG
32210,-19.957120873292507,-44.032947391280565,contagem,MG
32210,-19.96118199107623,-44.03097649636168,contagem,MG
35240,-19.075270159632932,-41.53085191278982,conselheiro pena,MG
35240,-19.175496957352188,-41.477866592532685,conselheiro pena,MG
35240,-19.176121839508053,-41.47541797193643,conselheiro pena,MG
35240,-19.18042149980331,-41.474870524919076,conselheiro pena,MG
35240,-19.17092659289246,-41.47394823176716,conselheiro pena,MG
35300,-19.79022694508355,-42.14210229958086,caratinga,MG
35300,-19.783091060342443,-42.14909388254468,caratinga,MG
35300,-19.788364835650075,-42.13093738696468,caratinga,MG
35300,-19.791404190600314,-42.15342752529686,caratinga,MG
35300,-19.78036342467616,-42.14969093757431,caratinga,MG
35400,-20.38523748903572,-43.50551302553521,ouro preto,MG
35400,-20.385312776875914,-43.483642071545376,ouro preto,MG
35400,-20.399033483755606,-43.50697139731084,ouro preto,MG
35400,-20.38772538380958,-43.499759757401335,ouro preto,MG
35400,-20.381422777684804,-43.518919300998334,ouro preto,MG
35582,-20.37082066773133,-45.65992239334844,pains,MG
35582,-20.375756723526685,-45.66576199152645,pains,MG
35582,-20.36791463580114,-45.66515016623167,pains,MG
35582,-20.37570756326256,-45.658619520496465,pains,MG
35582,-20.36966356915088,-45.66030841581224,pains,MG
35969,-20.071292976772334,-43.4077293398768,catas altas,MG
35969,-20.074367280825175,-43.40968968405256,catas altas,MG
35969,-20.076581302519013,-43.407768840902555,catas altas,MG
35969,-20.07462703356234,-43.40968692295938,catas altas,MG
35969,-20.078263989555797,-43.407913005952295,catas altas,MG
36240,-21.455693565980855,-43.538209467899804,santos dumont,MG
36240,-21.45464653419801,-43.53501596268609,santos dumont,MG
36240,-21.452903380444525,-43.56632596173236,santos dumont,MG
36240,-21.45228759628671,-43.569697755946514,santos dumont,MG
36240,-21.465823514408463,-43.57429055283102,santos dumont,MG
36730,-21.661606230269783,-42.343946075331836,pirapetinga,MG
36730,-21.655216234066728,-42.34426828268553,pirapetinga,MG
36730,-21.661252493816317,-42.34383006778473,pirapetinga,MG
36730,-21.655093164767575,-42.343774564766214,pirapetinga,MG
36730,-21.662611735431497,-42.34446759310791,pirapetinga,MG
36887,-21.135105838190313,-42.40437998265908,muriae,MG
36887,-21.12462648168361,-42.39193884090375,muriae,MG
36887,-21.125109019626734,-42.392414577340936,muriaé,MG
36887,-21.125359671566276,-42.39050758615032,muriae,MG
36887,-21.12916211878931,-42.393554345403665,muriaé,MG
37701,-21.791043351950446,-46.56244368105504,pocos de caldas,MG
37701,-21.77932247303856,-46.55672973893724,poços de caldas,MG
37701,-21.78790481765125,-46.552133465470405,poços de caldas,MG
37701,-21.78884730029967,-46.56520230495934,pocos de caldas,MG
37701,-21.78389610590297,-46.57676829982419,pocos de caldas,MG
31980,-19.855790507905848,-43.91751730515326,belo horizonte,MG
31980,-19.85693546655893,-43.91684614377628,belo horizonte,MG
31980,-19.856320239252067,-43.91314223550116,belo horizonte,MG
31980,-19.85023012101102,-43.911681107421,belo horizonte,MG
31980,-19.856224798753047,-43.91892108818734,belo horizonte,MG
33030,-19.78407691318338,-43.92964052626267,santa luzia,MG
33030,-19.778913028593827,-43.870026057278324,santa luzia,MG
33030,-19.776434910171936,-43.87481858841343,santa luzia,MG
33030,-19.77686482405592,-43.86968013552269,santa luzia,MG
33030,-19.780640933625747,-43.87034042789416,santa luzia,MG
35162,-19.4780955431646,-42.55679483097696,ipatinga,MG
35162,-19.474405219256763,-42.543484715938554,ipatinga,MG
35162,-19.46579905425952,-42.56290014531371,ipatinga,MG
35162,-19.469016613803536,-42.560332011397215,ipatinga,MG
35162,-19.469095040798663,-42.56727825950716,ipatinga,MG
35184,-19.53353872883878,-42.666891671164805,timoteo,MG
35184,-19.529052692678654,-42.65536454307323,timoteo,MG
35184,-19.537285834738757,-42.67156950451942,timoteo,MG
35184,-19.538484735151847,-42.664845378264275,timoteo,MG
35184,-19.537137851962534,-42.670741546404145,timoteo,MG
35190,-19.435928208105217,-42.2195446348165,iapu,MG
35190,-19.43665541005508,-42.21464360329491,iapu,MG
35190,-19.43867878764056,-42.21125877808526,iapu,MG
35190,-19.43914686497138,-42.212467992667776,iapu,MG
35190,-19.44316839007767,-42.21245299913065,iapu,MG
35447,-20.283772009388834,-43.04455407287914,barra longa,MG
35447,-20.28425600500332,-43.04136114499988,barra longa,MG
35447,-20.281736572003926,-43.03757574642257,barra longa,MG
35447,-20.28211793090288,-43.041355569097135,barra longa,MG
35447,-20.281736572003926,-43.03757574642257,barra longa,MG
35930,-19.801331997431113,-43.17722186400949,joao monlevade,MG
35930,-19.8198877392221,-43.136018485257516,joao monlevade,MG
35930,-19.816839775678044,-43.1790462491789,joão monlevade,MG
35930,-19.82292944151006,-43.13958414203825,joao monlevade,MG
35930,-19.805782518667936,-43.177552290272075,joao monlevade,MG
36301,-21.12573618818162,-44.255521629061086,sao joao del rei,MG
36301,-21.12161791049766,-44.24683213324373,sao joao del rei,MG
36301,-21.12784231473256,-44.25087294601537,sao joao del rei,MG
36301,-21.12596547223816,-44.251968395821386,sao joao del rei,MG
36301,-21.126544870161744,-44.24922605327111,sao joao del rei,MG
36520,-21.00842860029707,-42.839228498514636,visconde do rio branco,MG
36520,-20.997488294542354,-42.83783028302922,visconde do rio branco,MG
36520,-21.013990472958415,-42.84560279997965,visconde do rio branco,MG
36520,-21.007466242256406,-42.830488370177015,visconde do rio branco,MG
36520,-21.000216183708073,-42.83859414781705,visconde do rio branco,MG
37130,-21.4228888193917,-45.9463673863649,alfenas,MG
37130,-21.427407061054037,-45.93472871999206,alfenas,MG
37130,-21.42297339455213,-45.94938535161238,alfenas,MG
37130,-21.426986186630856,-45.94751645981583,alfenas,MG
37130,-21.435871576701608,-45.93769831901,alfenas,MG
37640,-22.843339095273503,-46.320408988369685,extrema,MG
37640,-22.859129927979335,-46.32139982212962,extrema,MG
37640,-22.854755784969498,-46.316238786754745,extrema,MG
37640,-22.854618492563983,-46.316237595882676,extrema,MG
37640,-22.843930061307116,-46.31986643662367,extrema,MG
