product_id,product_category_name,product_name_lenght,product_description_lenght,product_photos_qty,product_weight_g,product_length_cm,product_height_cm,product_width_cm
cf55509ea8edaaac1d28fdb16e48fc22,instrumentos_musicais,43,1827,3,250,17,7,17
7bb6f29c2be57716194f96496660c7c2,moveis_decoracao,51,2083,2,600,68,11,13
3bb7f144022e6732727d8d838a7b13b3,esporte_lazer,22,3021,1,800,16,2,11
5f504b3a1c75b73d6151be81eb05bdc9,cool_stuff,38,1176,3,15350,47,40,47
4c8056caed5757810b9a68b83c3759e6,malas_acessorios,53,1291,2,450,20,40,30
1e5428c428e0f783acd6e3d94ba4ee2a,pcs,55,1067,1,12000,27,50,53
3e0f398b664b26e3224c79dbf435191f,esporte_lazer,57,900,4,400,16,4,11
64c8f1a52b407d92518a1f8b79240a70,telefonia,49,319,1,100,18,6,11
2be2be0a6a5916840503fdf50808ebcb,utilidades_domesticas,41,270,1,600,36,6,19
5a42f73d92034010a4e00360fb0df099,esporte_lazer,55,144,1,3775,18,13,16
50556c630443502c11acde1c320fe278,beleza_saude,59,257,1,250,16,2,20
4a96de21ccfb22ebe1c56992acbbd7fc,climatizacao,58,655,5,1300,30,10,30
bbaef2eadf31fe3ea6702077398be06c,perfumaria,45,1003,2,400,18,11,11
e10758160da97891c2fdcbc35f0f031d,,,,,2200,16,2,11
6a61a5d77a8571a0646e8c0f75f572f4,beleza_saude,53,1368,6,360,30,19,22
e2c3ed9aaddfd2312a6a5fe9b3ddadd3,brinquedos,53,579,1,675,22,24,21
c6336fa91fbd87c359e44f5dca5a90ed,esporte_lazer,39,772,1,150,16,16,11
a530b23a71594d0d986a30359e207762,moveis_decoracao,49,600,2,1400,65,12,12
2029248294c186017ecfc48cecd47bbd,ferramentas_jardim,44,586,3,3250,32,14,22
b3f29e4bbae3c829f7c4231074c307ee,utilidades_domesticas,55,998,3,14850,35,102,35
454157d7294823cc44ad21d4fe31474a,esporte_lazer,54,1241,5,200,16,11,11
0d8c64a12c0e49b2515674c031b965a1,moveis_decoracao,54,220,2,2200,20,20,20
f092eaa771e3dca0bfeca32b5c9d5669,instrumentos_musicais,51,439,3,3350,30,30,30
4ed86bcb86407328452ac1c5b3b89d67,bebes,59,255,2,500,30,8,35
c354569eefd558bf201d0aedf35608ed,cama_mesa_banho,55,166,1,700,49,4,50
a1e9b0d76a76ff474f4a4374fcfb8c42,esporte_lazer,28,663,1,1800,28,12,18
f2d80346f1dd6986e9e6611db7b708aa,bebes,52,446,1,50,16,2,11
e24f73b7631ee3fbb2ab700a9acaa258,fashion_bolsas_e_acessorios,60,1118,6,2250,22,15,20
afce90df29b9a0c1bfe5e1033f1197b1,telefonia,42,356,4,75,19,3,11
0bb7cb61f1957f79dac582ab66ccdc1f,utilidades_domesticas,45,561,2,553,18,9,15
334995514673fb6bae67885458b52984,utilidades_domesticas,37,261,2,250,25,25,25
7130a7cfbe3bb2f11f6524e0cec6eafe,pet_shop,59,140,1,300,16,16,16
629beb8e7317703dcc5f35b5463fd20e,,,,,1400,25,25,25
7e437c1d65a7baab7e7ca6c9f4e98b84,beleza_saude,57,1571,1,2150,28,32,11
590d6cb76092faa04d717fe406c66f88,esporte_lazer,46,254,1,2653,53,15,36
3bcf64d8d26d6e06bd568d27fe31d8e8,cama_mesa_banho,56,198,1,1650,35,20,30
593236d0ff46b4299b4787fb8d43f7f0,industria_comercio_e_negocios,44,1396,2,7225,16,103,25
c20fbbd4ccf2f7da70e150689a6a905f,perfumaria,47,723,1,455,21,15,17
386486367c1f9d4f587a8864ccb6902b,cama_mesa_banho,54,120,1,835,40,9,33
9fa0c72476690fbc66bcacc498fe7fd6,informatica_acessorios,34,1122,2,100,18,11,14
ef1c1ac9af94321c7af51e984279cb6b,construcao_ferramentas_construcao,58,138,6,14900,48,30,48
54af11c815f92135fb554bd9c97dd418,cama_mesa_banho,57,520,1,950,29,10,25
37d2e3656244fd840ebd0460360455cd,papelaria,36,215,1,700,45,10,31
dbbda25f6b7c74669cf2203b2e3139a0,beleza_saude,59,1935,3,300,27,11,15
19d97e807df39d7af6311ba423eaecc3,cama_mesa_banho,59,273,1,8850,16,10,16
dcfe76be1e1036cb99e5d8bdc2a1b1c9,esporte_lazer,26,3694,1,300,20,10,15
ca26080d8f0fa848c329fe732f5e34e8,,,,,1800,25,25,25
f7740e5b4337a3cc4a8a204553101a85,beleza_saude,43,876,2,543,30,12,16
8ce6ed44410ccff5e5437f5d1ec012e4,beleza_saude,47,886,4,500,30,14,16
5773723f7819ffb88c5c758f8f8c183c,perfumaria,54,909,2,700,20,20,20
53b36df67ebb7c41585e8d54d6772e08,relogios_presentes,33,523,3,584,16,11,13
1e56c680b07833e85fec6904b2c7e4b8,pet_shop,58,502,4,200,27,9,26
1ac09f60f3c3bc2021c637ef23fa3248,brinquedos,31,735,3,600,20,20,20
2c71e9b9845634cb1ea6285a8f3cbf50,eletronicos,54,381,2,100,16,8,16
e4f7023069a24c2297617d935f783a5c,informatica_acessorios,52,294,2,1000,20,20,20
b61d1388a17e3f547d2bc218df02335b,,,,,350,16,6,11
385a33a408e9c35c9fbc2025c12f3784,informatica_acessorios,52,967,1,220,22,13,12
0f8977d115c52d93a05dd4eb7052baff,cama_mesa_banho,59,266,1,3975,46,12,43
995e25d9b46dee183004994645768d95,esporte_lazer,57,722,4,500,16,15,20
f9aa001a859b11fd798bb386f3d07eb0,pet_shop,54,802,17,9000,33,30,44
c857b96593773e940454e76efa8eabb3,moveis_decoracao,55,133,1,700,35,4,30
c47d256557f7fa30144ecea5722eebc2,papelaria,59,307,2,8350,38,30,28
a8115d34a4b7b74388da609692162c37,informatica_acessorios,34,1080,2,250,41,2,29
9d29a021677d35a6b84c543bbdbcf120,utilidades_domesticas,50,205,1,800,16,11,18
ea44caac707f7f1325182a538007f838,bebes,59,809,5,6600,45,25,35
812f428f6757ab16c46cffc68f2e90c5,moveis_decoracao,53,1991,2,600,60,7,14
d0b9d3d449a97f582b325f11b512bfd2,livros_interesse_geral,35,1254,4,1833,17,17,18
d5448c89ef7dc8228e12ae75e180ba74,telefonia,44,101,1,100,20,20,20
d0fac709247e97e9b44a5351891ef9f3,automotivo,60,968,3,800,16,16,11
31a2f42a87890f87d77daebdfabc182e,brinquedos,58,419,5,1700,30,35,25
e145fe0be63a7cfdb3b2d57c6769cec1,eletrodomesticos,54,246,1,100,18,8,13
a8d952e8e5436a6fe36d24c402d100de,telefonia,60,540,6,300,17,4,11
aba92acbdc38cb3a656015d4fa601a23,telefonia,59,502,1,325,40,10,11
8934769521d632e65c27992662f05673,cool_stuff,26,1105,3,200,17,4,13
bd9fca6bf4bdcbf4094d7bc11415dfe5,eletroportateis,47,2378,6,4683,45,29,22
50f1880f1989251727fbbfe8c0a346a6,cool_stuff,54,661,2,1450,42,25,15
a4c27cf9767fe2b589251c764b891eda,perfumaria,58,1061,2,368,22,15,18
7736ea239e147291f6adb766c992beb1,cama_mesa_banho,46,128,1,250,40,4,30
c033d17d5564326cf7986e7ffda1cf60,beleza_saude,55,865,4,1350,42,12,11
a1231816b47b24a6fa3de97f2147a8b6,papelaria,60,126,3,6150,25,55,45
2d27434c710806b971a721da337a112a,relogios_presentes,58,401,2,200,16,2,20
962a6951154f98f2c8e9a5b8b2bcf4a9,moveis_decoracao,47,610,1,2550,30,35,30
8aba0cf5748dc396ec71bfdb0624a2fe,esporte_lazer,40,1213,5,300,40,10,15
7b85e3deef35afd6ebed5461ee8f0641,informatica_acessorios,56,617,1,1583,18,15,12
d2f2c2b94c6ac44ece0bd0dd202c7939,moveis_decoracao,54,241,4,1050,32,12,32
1589d392201547c9b78a117c0e2191dd,livros_tecnicos,28,1499,1,450,33,6,22
d48bacc1dcd9c86bf1ed4ed2a303336c,brinquedos,52,752,3,1232,38,18,25
06c38a87544301cba8b0fb5a0796383d,brinquedos,45,553,5,2300,98,12,20
446a112adf10992c2e26eb566a68bd46,cama_mesa_banho,47,718,1,700,28,8,22
c62dee961914cc2e49239963b04258ec,moveis_escritorio,63,1352,1,25400,64,30,74
83b92639fffd1d55c9e04c77c86d8d2c,informatica_acessorios,56,901,1,280,20,15,14
aa48d4f285b37252409e6f9fcb0b8ffb,beleza_saude,46,498,1,440,19,15,14
d696750e550fd0f733979dd7e5dff921,utilidades_domesticas,44,916,2,950,53,5,13
a8fe47ad6f852f93cc92c7b408687de3,esporte_lazer,27,202,5,400,70,10,20
173e9fe34bfe97f3a5e6dc57fe897b74,livros_tecnicos,36,890,1,950,29,3,21
5d42919d908b17ec1848699d89e2bace,bebes,58,1515,1,8300,20,30,82
74abe2be0a975b4af328f6e69f8a5ea1,consoles_games,27,205,3,550,34,7,19
c316d99c0a8d01fc59bde7e88edf27bd,relogios_presentes,57,634,2,120,17,12,13
d4f91ac96799dc3d9221293e29892e30,brinquedos,43,713,3,700,35,7,35
601a360bd2a916ecef0e88de72a6531a,cool_stuff,33,897,1,1600,42,25,15
e251a68000f75257cf9ef16bcea51976,papelaria,44,207,1,200,21,7,14
af56e0203193f066ed64cbbbbf95ae6a,esporte_lazer,50,1290,3,750,25,7,25
f4b952dd7ab601c02bb1bd06395f45f6,relogios_presentes,53,301,2,1183,23,5,26
1af8902c3a99c03308ce1a8d05dc7d52,instrumentos_musicais,61,1106,8,5650,50,15,45
6fb9118651534879ecb3654b56a48a4c,bebes,57,838,8,50,20,8,17
978859c6048ded0fa8bf3b9ea8236387,utilidades_domesticas,59,299,1,350,33,4,20
f26d0caaa778c717f696ce339dd7c927,moveis_decoracao,60,409,1,7450,52,18,35
0105b5323d24fc655f73052694dbbb3a,pc_gamer,59,621,4,2839,19,16,18
36b5bbad82f37ff2276398395227af7d,market_place,16,726,1,300,25,10,16
01cf7c4cffff8db0a1cbe612bd2d50a4,moveis_decoracao,53,371,1,800,40,5,11
3f1a741cf5591384428c1cbb0ef07ec0,beleza_saude,60,400,1,150,60,11,16
38b5079a807bb9f22ddfa46f929accee,perfumaria,55,633,5,200,16,2,11
42c99de3dc62c3687c4c7da629da3c50,casa_conforto,40,420,1,100,18,18,18
f5c0451a8329bdf130172a733eb5d60e,cool_stuff,50,330,1,1700,33,44,19
154e7e31ebfa092203795c972e5804a6,beleza_saude,48,575,1,100,20,15,15
b11f3f1a834f8df4ca743db95563670b,cama_mesa_banho,58,144,4,500,47,3,37
d6061ffaf719f75dd074a637c535b644,casa_conforto,53,1180,2,1850,45,15,12
fb1e2262cc73f7ab23c5dc5cf8d78693,malas_acessorios,52,452,2,16200,43,29,67
a2a7efc985315e86d4f0f705701b342b,informatica_acessorios,45,837,1,1133,16,15,20
6f67fbf87e4b17a1aa8abfe2a0ffc7e4,relogios_presentes,55,660,2,300,20,13,18
1169ec485506aa10f38d941275dfce4b,utilidades_domesticas,58,381,5,550,18,12,12
14d2c4a849afdde0e39ffad27a1dfc56,eletrodomesticos,57,272,1,1650,50,2,37
719d571299707561c34ba04ab867b32a,beleza_saude,41,1178,1,434,20,16,18
4161c903c8834f814fda62d066031d74,alimentos_bebidas,52,595,1,500,33,21,27
3f68d7ea8e04d4b3ffe99bbad06800d3,brinquedos,54,1125,3,700,38,15,27
fd1e94b07608d8b4a74b0c81dd4fe10e,brinquedos,50,874,2,1700,16,42,42
fd5c5a67cd369732c2ac20dbd574d1d4,cama_mesa_banho,58,137,4,450,29,9,21
1aecdb5fa3add74e385f25c6c527a462,ferramentas_jardim,41,3544,1,16400,100,30,30
f83c9874b5b5044ea58fef1be68c1ea8,cool_stuff,52,791,6,5200,63,2,79
19c91ef95d509ea33eda93495c4d3481,beleza_saude,50,1257,1,700,25,12,19
1cbe6092926b24ecacfdeb748bc34105,automotivo,52,666,1,4950,65,25,25
9047a9fe0b7e4175af012bfa793890cd,automotivo,59,344,1,2050,25,25,25
75dffc4de999c1c28630b084e58beee4,automotivo,56,1831,1,1425,24,10,23
5dae498eff2d80057f56122235a36aff,construcao_ferramentas_construcao,58,338,1,2700,24,7,24
c2fb73db15e28aa021dcf7b2856fef27,bebes,52,704,4,3600,60,20,50
738067b78d178e457fa0dc6db5d2cc58,informatica_acessorios,59,583,1,300,16,8,12
83d199d296c44101c8c3b5c9c0cce9ea,brinquedos,26,855,2,500,18,6,21
ba9a847a2c023953743ba9e5ef6c88c6,eletrodomesticos,39,229,1,200,26,15,35
8f7f39a553ee4fad3c49f91a837dc58a,automotivo,53,1421,1,200,20,6,17
325e75d20ca67d859f707129be35878e,utilidades_domesticas,63,427,3,350,30,5,25
d245838e3d0b2b51d751ccdc98885a8e,beleza_saude,59,895,1,50,20,15,15
11fcf75cb0f15b4e28842db20b062850,moveis_decoracao,63,461,2,800,80,10,60
26b2a480ced2900a62bb9431133e95aa,construcao_ferramentas_iluminacao,41,971,1,1050,16,19,16
5e53af05c040b01584b81b3549945faf,construcao_ferramentas_ferramentas,53,470,3,200,16,16,16
b3f3d2afe706552a90fd99f870e4ddf5,,,,,3000,33,40,22
08c816d9a716567bf436173ef6f5f12e,eletronicos,60,740,1,150,18,12,15
46670e03948d0e1c2273c88899f27cc7,consoles_games,48,1199,2,615,19,12,18
69523f67543ff9ea6b1a15858fb59b3b,relogios_presentes,55,201,8,200,16,2,11
3a56185b0baa8dc98beef8ebba000b96,casa_construcao,48,894,1,2300,30,30,30
a04087ab6a96ffa041f8a2701a72b616,pcs,55,1105,1,13700,27,50,53
842f7a72bf72f369c31ba9ff37fb1552,esporte_lazer,57,1600,1,1300,31,33,32
dd4c3b4ab7e001aaf385ea2e68952030,bebes,23,358,1,450,30,7,20
0ae935aec15938b92f6667ec2fde2dc2,utilidades_domesticas,42,542,2,900,25,10,36
d3a10b49783a6ba7ea46526fc79aea91,malas_acessorios,57,914,2,12000,35,20,50
85fa36e792c259f4f0022c6966c50c1c,utilidades_domesticas,42,328,4,400,27,9,18
dca18a6e2fb6da75092ed874094ed7b6,telefonia,62,340,1,300,13,8,10
6803077179d24889430188e03fafd31a,eletronicos,48,287,1,100,23,8,18
b744e6c9118fe1df001c94ef9a4d7ab5,utilidades_domesticas,59,587,2,850,38,31,34
c3e4f757b86c42e1a598380332bc9e88,cool_stuff,53,545,3,4500,30,30,30
1e618d311a1b7f88a9d96ec50aa85582,utilidades_domesticas,42,540,4,9950,31,61,31
8e2e2894b4362d92a3682124ca8124e2,moveis_decoracao,43,203,2,383,24,22,21
e84997d75938765ef99930f908ceedf4,papelaria,52,431,1,1900,49,12,36
36eef04eb938af8bd108b4e2753b5a95,moveis_decoracao,31,192,1,1600,24,27,39
ce3f1427f50a5326751f233ed59e1522,moveis_decoracao,39,396,2,1000,22,10,22
9163c7e81fd68452472912c4cde810aa,instrumentos_musicais,59,153,2,300,16,5,20
858da7953a793b7569420868c88d0ac1,bebes,51,697,1,7100,42,24,42
78efe838c04bbc568be034082200ac20,moveis_decoracao,57,272,1,2500,40,10,30
6d7a4492be45dfb8e38e762efe6614a4,telefonia,60,776,6,300,17,4,12
55782cb82e0efe052da0a3da237da3b2,automotivo,60,1159,3,2450,30,30,30
95d9994fadaf3720792cb0f1db17f782,artigos_de_natal,60,298,9,1000,35,30,35
ac3bf6e6f3fc94d003fe0eaa8de7738d,consoles_games,39,129,1,50,16,39,11
9f7b48e2d4e4d7375f71a10791faa1b8,cama_mesa_banho,42,507,4,2050,50,10,40
4bebf188c775f30a151f05ab7501e290,automotivo,57,2064,1,250,24,18,18
ceb25e5f3be12c14a1c69bd9e9e0f67f,brinquedos,51,1510,7,318,19,23,18
fef0dd8c53552d0f784b7cc5375a3ffe,automotivo,48,1069,1,600,16,2,11
eb7172d8a3c64298d2d767f6603c231e,brinquedos,51,296,2,250,23,11,22
3b31b57a9cdf87158977c3188a8dfa5a,perfumaria,50,509,1,543,24,13,18
32aeecc02aa5adcb7f75155a80a47836,esporte_lazer,45,1575,1,2152,26,24,21
a695ab8413ea83619cde9b18292d6aa1,moveis_decoracao,38,503,4,1700,23,7,23
f07c770a1f1628deda545e01082a0d6d,beleza_saude,35,1014,1,599,16,10,14
97017430754804328eb9597b7f85da03,telefonia,60,818,5,300,17,4,12
66b7fa94628214c463164097cfbadb7c,cama_mesa_banho,58,518,1,2250,30,30,30
7b5d8be0e04080e4c8ee6a7ec2f1f597,moveis_decoracao,50,830,1,650,20,35,20
9d8a0e115e802d845b4ce1eb794d1260,esporte_lazer,30,2299,1,150,20,10,15
64ff7191a8c0fb8fa9b42e947104d406,papelaria,58,391,4,5900,28,55,37
abe356a1d236588f0fdb8099527108d2,ferramentas_jardim,57,417,1,1000,24,13,18
0b52764083ede22c5acb8a573d859ddd,beleza_saude,41,1797,1,1200,25,13,20
50627d7c3dd43902d64134574befe12f,informatica_acessorios,32,626,3,300,16,4,11
ff5d7f21d255435967dfbe72b5dcdb57,telefonia,51,991,3,167,17,3,17
01f1608fbd6fc5b04308ff6157326e6d,telefonia,57,422,2,150,19,4,11
87cb507e0daa37bbf34956fd59eba832,relogios_presentes,55,167,2,250,16,2,11
81dba264e2c91829b19c58fa6eb33072,moveis_decoracao,60,2132,2,400,69,11,11
e70bc14a36a0d1a0394cc724be815a1b,bebidas,47,858,3,175,23,16,16
ebb6edef98680a55bc741b18c3c30844,bebes,37,772,2,1000,21,22,19
cbe91f0c23e32e2de40f57e30580dc24,fashion_bolsas_e_acessorios,54,719,2,250,16,2,11
7a8cdb37b5d447de4dba7806a82f84d7,perfumaria,53,276,2,475,19,15,17
4fbee589d3377144a90a338e4ae76dce,esporte_lazer,45,716,1,500,24,20,20
f422d0d9f8b5f7c27289382b14b61248,brinquedos,63,361,3,1800,38,12,35
93c902b021a9e594f658ab1b0351602a,eletronicos,60,390,7,1250,26,10,18
5ed9eaf534f6936b51d0b6c5e4d5c2e9,cool_stuff,51,693,3,600,20,20,21
9afc7bd1c6286201ccf4bf74ffc9ce6b,utilidades_domesticas,27,59,2,250,23,13,21
d1802b79d2e79841cc2cadedd8d4e6a3,,,,,900,32,10,11
e4aa3f3e3209009166c6b79afa8204bc,ferramentas_jardim,60,482,2,1600,16,4,30
656e0eca68dcecf6a31b8ececfabe3e8,informatica_acessorios,45,236,1,173,18,13,12
6392b413939939ce321eed54003573d6,eletroportateis,30,552,1,350,16,16,11
eee02ac99af9217137a2ef5eaad20376,cool_stuff,39,525,2,500,60,16,11
bea68931a4e8aeb29404dfc74b4ce5fc,cama_mesa_banho,50,315,1,600,16,10,16
2a5806f10d0f00e5ad032dd2e3c8806e,moveis_escritorio,46,1350,1,11875,57,55,22
8bfcc2900410d032d52f24991311a009,malas_acessorios,45,261,1,450,18,48,32
3522a64b7bad6fe22cc046584a9d3fb0,utilidades_domesticas,50,773,2,4383,43,17,37
d3060c543b1b88a647cc284ed7a9dd4a,pet_shop,38,817,4,6200,69,10,49
2028bf1b01cafb2d2b1901fca4083222,perfumaria,54,1536,2,250,20,8,21
43840498716c5a01802df8992c619267,moveis_decoracao,49,718,1,200,16,16,16
e7d5464b94c9a5963f7c686fc80145ad,relogios_presentes,42,938,5,275,16,14,14
8828464e34fc3da3892f568218e14d61,beleza_saude,60,3244,1,3575,21,18,22
3713f19c71c4be21ced80738e2fa49bc,moveis_escritorio,45,1094,1,8200,53,74,18
3ffa02e2ee2ce17abb51b4545f367e7f,brinquedos,25,242,4,200,16,8,11
01c9a70868bec5b748c67fcc26ce5895,brinquedos,39,601,2,750,30,17,30
0502d1a36be75bd36b452f31c6ed264a,,,,,100,16,7,11
7c1bd920dbdf22470b68bde975dd3ccf,beleza_saude,59,492,2,200,22,10,18
a1efe4a86746c22541813e22e1d23e33,cama_mesa_banho,52,289,1,1950,34,9,33
cfef9c856c09723e61b5eeaed5aa2d55,beleza_saude,57,2556,1,300,16,6,11
d66efed659bfd2df454da7f4c4dac4dd,ferramentas_jardim,50,1082,6,860,31,15,14
e5eadf9be70a4a9fa514019542fc330a,eletrodomesticos,48,543,2,1200,35,20,30
2a217b8a9a09c938d8db704d99d7f053,brinquedos,54,77,2,3150,39,30,29
94a6c010ef78e62cab34c6caf0a69b5f,consoles_games,51,113,1,100,20,3,15
dc84e20150e6742b653dfdd592c4bd42,esporte_lazer,56,279,1,175,18,9,16
e33df02e384487f2bcd3788619f89215,utilidades_domesticas,48,274,1,350,20,30,30
c0ac2a543ff5a5c714f9a013becd4b07,telefonia,60,818,6,350,17,4,12
c589625c8ccc7bfd2e8f1fb041e24c4a,beleza_saude,60,919,1,150,22,3,15
1a42ea14c75ffc04ad584513567457dc,moveis_decoracao,58,1117,1,6050,36,23,14
d4ad0f0b0c607df43752eaa46d2ebae3,moveis_decoracao,58,2010,2,1550,69,11,11
9e9289854d376ff8dc6d8200e4d1d754,ferramentas_jardim,60,208,4,1214,30,17,17
f15c46e2da924b1fc76fe638911262bc,consoles_games,49,1944,1,650,16,16,16
b3e40ff639c185b9d726b4b19c17e6cd,cool_stuff,55,934,1,2150,42,25,15
57f2bc497c1a3ebe41ba7a06d78ed159,relogios_presentes,55,336,4,250,16,2,20
d2e8130fbec52f5dac0571ea1993f28a,informatica_acessorios,56,1199,3,525,23,11,16
1a758361b1c10b3ffe3d3373332de319,esporte_lazer,56,819,4,175,17,10,13
9d703ce870d13f6fca072b0fca977fc1,eletroportateis,51,909,2,350,27,5,12
6f2d7833b8f0a094571ebddebdc6623a,telefonia,60,298,7,350,17,4,13
72a137b85d5a1d82cde242493f118f43,consoles_games,55,411,3,600,24,20,27
21e4321fa558327afe025bfb800a8bff,,,,,1500,27,8,19
ba3a1e2c6cc1fb7a27dd74916212e6fb,brinquedos,41,192,6,700,29,7,16
87b42927619008f877bfcdd5068e7edf,moveis_decoracao,40,94,5,300,16,5,20
138d7037b59dcee052810952c983033b,esporte_lazer,50,621,1,1400,21,16,16
293ee8ac0a45f559cdeba37b938fdb66,cama_mesa_banho,51,290,1,8550,40,32,40
31352e05b5f8620929e1b8bbbeda5578,utilidades_domesticas,58,80,2,2050,25,10,25
9ea1152d6d52dc57ab2ea49aa626adc1,beleza_saude,49,3037,1,1067,22,19,19
e71979722971f0e661a45658746f8af7,cama_mesa_banho,54,236,1,950,34,7,32
d41a23bd2bc3ec10cfffc66c0611a290,moveis_decoracao,56,297,2,1000,100,5,20
ee6c49af1a2de55aa0e076257ab4ab99,informatica_acessorios,47,956,1,140,22,14,14
37c871f73c08339b2ee4b6c03337837d,automotivo,56,363,1,100,16,10,15
723f08b94cabe91ad292a3084725903b,fashion_bolsas_e_acessorios,35,385,1,50,17,3,12
27152d405eaca93403563ce6acfccfa6,relogios_presentes,53,323,3,900,23,15,19
ec2d43cc59763ec91694573b31f1c29a,cama_mesa_banho,38,735,5,800,20,20,20
705affd495e328b5af6d73bc403c6bcf,eletroportateis,59,2213,4,13700,40,30,40
1a6706786a1ae8f9e6e4e36a3bed68ed,cama_mesa_banho,47,634,4,1100,40,27,17
736f1b87428f9cfe5f5184c4ac0fbe05,cama_mesa_banho,46,684,1,1500,40,15,32
7c3cbbd1a99a73b3dd683eb7c0570801,cool_stuff,55,831,1,1400,42,25,15
fe06d596708c590bf178cdb82aa7d48d,instrumentos_musicais,64,569,5,850,26,4,22
679a3e5e1d2bb68982be5734c6e55e63,casa_construcao,57,565,4,800,38,38,22
0701bc9fbbb6612a2e7427a3e7ddbf6e,eletronicos,54,312,1,300,24,11,16
dabdc2874e4fc6d00d647f150317d29d,beleza_saude,53,853,1,300,19,17,15
ee385c61faaa052a8d58dc2a88b66f82,utilidades_domesticas,56,645,2,650,24,5,18
7020952e39b390bfe87c475d4c99b3d7,utilidades_domesticas,42,299,1,3700,40,34,21
96cfc21d191df7257d9a6dfef4d897fd,cama_mesa_banho,55,458,1,550,30,3,19
19a6ffd4e245a92747a693805163a60f,consoles_games,28,790,3,150,23,3,18
d66eeeb49d2801f33401c8c6828aee40,automotivo,23,312,1,700,25,20,20
42a2bd596fda1baef5719cb74f73030c,cama_mesa_banho,60,188,1,1300,44,2,35
4d78056b9f9774c590e778a5fbdb7150,malas_acessorios,52,425,2,600,80,11,11
5cca824e6a0eebe738c8a6381d0d9349,informatica_acessorios,63,978,1,200,16,23,19
4724ffa427f315c485e39b02e21859b2,beleza_saude,52,1059,6,550,16,9,11
a2db3ea3100e9950a30b8f0af164ed6f,informatica_acessorios,42,578,2,200,32,12,12
18e2f2853af64a5c039fb829e8609da1,relogios_presentes,55,457,1,600,16,11,11
9f9a7e97e09d403a01120dc5f4ebf36b,construcao_ferramentas_jardim,55,2039,6,215,21,7,15
fa381a4a9af65ea5fc8f3829214045f9,esporte_lazer,60,1351,7,3050,62,10,22
ee5329ffbe604bebcf84b2fd7792024e,beleza_saude,53,84,1,250,23,7,15
9b056287fe05c2dfb1394ff376621eca,beleza_saude,40,657,1,800,21,20,16
3aa3fb2fdb16c7383879e48a574fc8ab,moveis_decoracao,42,87,3,11850,74,8,74
633cb41f42ef3dcfc01174d27637d0ad,telefonia,56,341,2,100,19,4,11
09dbbe2c4f26cad4d560aea043f9632c,bebes,32,1531,2,800,40,30,50
a694f2632fae82ef419fd71587103dc9,esporte_lazer,44,461,1,5100,60,30,30
09c3a2ea33f044aebffecd6681e00133,moveis_decoracao,45,494,1,1150,35,23,35
11c3ff6555092bf425ea842a023a7809,cool_stuff,46,507,1,1650,23,68,25
ad183bca8419cc4a34c0ed87d44b07c7,informatica_acessorios,50,1704,3,600,35,18,35
729a75e5cb63f785e67ebd8c44a5c0ee,relogios_presentes,37,621,1,350,23,12,15
1613b819ab5dae53aead2dbb4ebdb378,automotivo,60,982,2,50,17,10,15
0654d3c1e3efc7e7cd9dbde9cb743df2,ferramentas_jardim,52,368,2,700,20,18,19
af9418dfcdd7f19b51906a2f32cd6bc0,cama_mesa_banho,59,289,1,2150,34,9,33
e06ff9a961edac4a89f5451882861adf,utilidades_domesticas,48,1430,2,800,30,10,25
33fac76e7f17367dedaef7954bbb33b4,beleza_saude,63,1113,2,550,20,20,20
51e3084a334ce75dc646c9c6eea90e37,esporte_lazer,58,390,1,175,22,7,15
afa29d87f14911e7ddf199438b208e37,moveis_escritorio,39,2137,1,7500,58,28,58
2610a3a6c0250a7f4411801a8cf376c7,beleza_saude,56,1697,5,750,19,13,15
39678bc6ddb608fa59c306b78f51efe8,eletronicos,46,442,1,150,25,7,16
df969ce58d2f301f941a09bc75558cd4,bebes,51,446,1,350,30,30,20
20fbf8f8316bd76f105599ecc7e485f7,pet_shop,58,754,6,1450,40,20,30
fed5c40c27e1c88560a9e92d82ee0825,eletronicos,53,109,1,150,24,12,18
bc4cd4da98dd128c39bf0b8c2674032f,pcs,55,3610,4,2650,16,31,39
4298b7e67dc399c200662b569563a2b2,informatica_acessorios,58,420,1,200,21,14,15
1b7b45fba5ad23e8117914f8b36e6772,esporte_lazer,46,1277,5,1600,42,10,22
ef92defde845ab8450f9d70c526ef70f,utilidades_domesticas,36,558,1,450,24,8,15
032e8352e7d34cc2558d4ae22132866c,moveis_decoracao,55,1617,3,4450,105,5,69
8f8cb7e4a7f16d339f87f8aa2711a003,brinquedos,36,529,2,650,28,13,15
a6c23736e4df6d6659ccc0c2e26954bb,perfumaria,47,727,6,300,16,16,16
3c4e3782469a0f1ac459dc6c47ebef31,esporte_lazer,56,235,1,500,30,5,20
a0c6107c67d8dc850d070c70c7d32000,informatica_acessorios,57,489,4,350,19,3,13
ad3cad415b6ec472fcdeff903a4a2567,utilidades_domesticas,51,386,2,2700,44,34,16
d6aa421b9567e3e2a3a0caf8fb846cbc,utilidades_domesticas,48,546,1,5675,25,25,60
6a1c65dbbecc1ece8c22856122a774ac,moveis_decoracao,53,770,1,13650,45,35,45
ceb9134650bd7cae74affc51800f309a,beleza_saude,46,648,3,1100,32,8,38
ca9b2caa4f7ec65aeda5825e09dcf99c,moveis_decoracao,57,2115,2,600,68,8,13
07691def223b4568e8ecb5a5b30574b1,telefonia,58,1568,1,150,18,6,20
7b35ccd93a2184646c03b70326626923,esporte_lazer,30,2162,1,1563,20,16,17
d070415dddac66bcbc0a2e4f253c0f81,automotivo,21,2566,1,20100,61,61,37
6abd84909e8ed79ef808c16f90b91093,beleza_saude,56,389,1,250,16,5,15
9760ff15559ef0855c8aa01c00bd132b,informatica_acessorios,57,245,1,500,18,9,16
55917ad8d492641d4910c90cc593d896,automotivo,29,1641,3,100,16,16,16
bb42f37fc3d9130e4a4339d24a47dd7c,cama_mesa_banho,59,81,1,400,20,2,15
34d94359772f0bc123b585b23014e311,informatica_acessorios,20,1069,3,200,16,25,15
c756c946d61f5ffc068418badfb6302c,relogios_presentes,55,175,8,250,16,2,11
14b47a66430c89500f18cdaaef9e0c21,brinquedos,49,1230,7,3500,30,30,30
e2e2c6003104c5c3b265e60c980904d9,sinalizacao_e_seguranca,57,752,3,14650,65,65,13
978d2315d672718ad7235114a71bc2c6,bebes,54,493,2,4033,27,27,27
41c24b8ce92d1a2cac62db5edfd088b2,relogios_presentes,27,178,1,314,18,11,14
9a21c7ce9df5c19b94d2ea715a23a90c,esporte_lazer,46,183,1,800,25,16,16
ecf60cb41ee36163755ee427f85ef680,esporte_lazer,55,265,3,200,16,10,11
e1dc23d88d327fefb34f58df7d6be272,utilidades_domesticas,29,814,3,425,31,14,14
5fff011a1080f30f5ef452bf7ea65820,automotivo,58,885,3,1400,19,26,16
75d7ef43c821730d335b779416ef824e,pet_shop,60,776,3,800,50,5,50
656d923048a96be8ec0da05d7b71aa28,esporte_lazer,40,604,1,129,22,4,20
d2a2228b3f520f0af299b43ae00c698e,eletroportateis,55,1226,1,500,29,10,16
76de7235ba0ddd12de1d998e1a5a1722,telefonia,57,166,2,150,20,5,12
a7363ecea2a94dac7cd78479fb39b0cd,cama_mesa_banho,48,729,1,2400,20,30,30
f7a17d2c51d9df89a4f1711c4ac17f33,utilidades_domesticas,56,1245,5,350,22,8,19
bec7585cabd7834bae06fc5bd3475cc9,cama_mesa_banho,47,641,3,2150,50,10,40
dc6185221ef0ba24510b48e0612fd51f,cama_mesa_banho,52,572,1,6700,30,20,20
ec5a5cf28e0fbef0c5391157203ab8ce,cool_stuff,57,1407,4,188,16,9,14
c816e7f68945b875d70f82b82f7b0495,cama_mesa_banho,60,124,2,900,95,8,50
195a72beccf48da20d71e2d7530b470a,beleza_saude,48,474,4,425,20,11,14
1d7db62a21ffb4f220d3e8a05fa77e02,fashion_bolsas_e_acessorios,22,328,3,100,16,13,11
ba3f298a122a95c4928e8b8628e8520e,cama_mesa_banho,50,111,1,2200,30,20,25
793ee3bd01e3ecec7ab94aed9aeee415,informatica_acessorios,40,1076,1,950,36,15,16
265f4031e6bbb8ee2c1590baca25c89f,automotivo,51,282,1,750,16,24,24
dbaee28f4ee64465838a229582d77520,construcao_ferramentas_construcao,58,1178,2,418,19,6,13
4fcb3d9a5f4871e8362dfedbdb02b064,automotivo,53,603,1,5950,65,11,65
17865682ce7cccfe7dec02d1f74a8f86,automotivo,54,339,1,350,25,10,15
368c6c730842d78016ad823897a372db,ferramentas_jardim,57,366,2,1650,30,22,30
ec811f847a08d7ad8203b790a1db3070,moveis_decoracao,22,463,1,2000,22,22,22
6e9e036c6017814b391e3059fdc9d315,beleza_saude,55,1200,1,350,37,10,17
fb909933914c1f945839287e7c253687,moveis_escritorio,58,1294,1,7125,52,52,17
9f14f401fce2d9ddd450e7ce60cb7f5f,consoles_games,45,130,1,100,20,3,15
fedbf77eb491dfc9ac276b9ea9ee10c6,papelaria,55,228,1,350,30,15,15
b1c791ce2fd764b4aaea6b9064b224ac,perfumaria,52,425,3,400,23,8,15
646998fa29db22fe94b0bd31b8d228ac,bebes,37,208,1,470,29,10,25
cb81df0e3ccece253557f2a07df4727e,esporte_lazer,25,469,1,225,18,15,16
f34152d311875e9da480bd51f495155d,informatica_acessorios,35,1101,1,250,42,2,30
936a034fe3b07b7ae7c87fc8ceb0749d,relogios_presentes,58,1233,4,450,16,2,20
e0a554e92afe71fd7f9380b7b135175b,fashion_bolsas_e_acessorios,48,357,5,150,16,9,11
aa70ae9ee9a798d44ae6e00ce6d82cb1,beleza_saude,60,919,1,150,22,3,15
67e3279668ba06a3dd977cb31399a311,ferramentas_jardim,38,606,1,6200,18,32,18
3362ea39c2b9a88dc82f2cd6f6838bcc,utilidades_domesticas,57,475,4,200,40,11,30
7d9f42ecf65ca91f7e28483c5008dc4b,cama_mesa_banho,60,234,1,1600,34,7,32
261244fc4d0197d8772346872f5b0f5e,moveis_cozinha_area_de_servico_jantar_e_jardim,54,785,5,975,41,12,12
7ac5f520abfc0589418bc7c76cea7a7c,cama_mesa_banho,59,349,2,1550,30,10,30
3d250bb3d2b89c9bea15327aed52d8ca,perfumaria,55,898,1,275,16,14,16
5cc37c2c2b8ea0c98010d1ee6028e45b,eletroportateis,59,2212,4,8700,40,16,40
1e88eb1734651579b4928df098f4d86c,moveis_decoracao,60,702,2,600,26,8,17
8c4254fc0b9043ade973297a789b042d,sinalizacao_e_seguranca,59,572,4,400,19,11,14
4ce81153410b379f2ccab68653ca5fe4,moveis_decoracao,32,297,1,400,53,15,53
2e64d11879c5bbda600381dbb5452a38,beleza_saude,47,225,1,1350,26,18,11
6df3e292ba834323d4d8164d4c88e698,bebes,50,524,1,250,23,14,28
634256dbcd184b3757ffd7632c9fe52a,beleza_saude,49,295,1,150,16,5,17
6f57ca539fb6b20b79a272e17194d9c9,beleza_saude,34,1053,1,400,20,5,11
e350532acfc2ee911b6dcf1029dcb48d,brinquedos,27,867,5,300,22,6,16
b8b426747049f2d3d6e00b486d47dedb,beleza_saude,49,819,3,1250,42,11,12
74cfb67b11aa83ec20fbb297748c8352,moveis_decoracao,54,1528,2,700,68,7,13
d60c79092c4d9018a9e4f08f24b7a280,utilidades_domesticas,28,735,2,300,20,30,20
3914a208bb9313e3d980399268ddd54e,ferramentas_jardim,40,1222,1,200,16,10,11
def080e33b38a4c756347d4665b40a7f,musica,45,1465,5,1850,55,17,15
526f833e1eb0a32ad9351145a761b9ab,relogios_presentes,60,491,2,250,16,2,11
4a266296cc64880551c3efad9739fb2e,instrumentos_musicais,59,802,2,3750,18,30,27
4858799008e3cd4fcab9c61fbc63a2a0,moveis_decoracao,40,293,3,200,25,4,18
2722b86640ddc24e1374c2df1ac2a230,construcao_ferramentas_construcao,47,1139,3,1700,26,9,20
1ceecf723e6b304ffe1822e9f375fbf1,climatizacao,47,270,2,150,25,25,20
5fc604f5f76a23b94565f06a830fa835,esporte_lazer,51,302,1,400,20,20,11
46f739c1cd676603026c0af4d29ef7a5,automotivo,55,212,3,1850,20,15,20
e251ebd2858be1aa7d9b2087a6992580,ferramentas_jardim,34,511,4,8875,40,14,43
779e74ce337266c06bf392935ab34bc8,alimentos_bebidas,59,459,2,262,28,15,20
341141693c1995e911d0a5843f7c289b,perfumaria,39,613,1,458,19,13,15
f014ea8c6c04cc78a9e70319e351dc4b,utilidades_domesticas,16,202,1,1050,26,26,26
7770bdde7d6bfd349bfdeabc4ce54c07,telefonia,54,581,1,150,19,4,11
3b7929cc079c14493fb6fb3373dbc1e1,audio,21,68,3,1075,40,20,30
b36858b52183f641b1be7bd99cd0ca89,eletrodomesticos_2,46,373,3,15750,68,23,68
4d37ead6e95bf651d4ab59453425e7fa,automotivo,56,651,5,7200,72,4,44
585e7f7e97e55cb9e74556236b43b0be,utilidades_domesticas,57,1016,4,445,23,12,14
b9b5b714e7321b73a1fea73395873dbb,moveis_decoracao,33,575,1,6700,34,40,34
0becf258ac9a4ab1b6b3da6f0ad205fd,cama_mesa_banho,59,395,1,2000,16,10,16
404a57563d487aecbc2b1a01d9b89aab,cama_mesa_banho,62,313,1,3500,45,15,35
a59fb60fddcc72a9878b7ed5cb69d8e4,audio,48,424,1,200,27,5,20
387db3d5d5b6b826e84c8bf648f371e5,relogios_presentes,56,563,2,300,16,11,11
9e0e152552a1323f7e5dcf63d50cdae3,perfumaria,48,969,3,400,20,11,11
1f9c7cb810e038f7414d60d43bc97d18,esporte_lazer,31,211,1,850,51,16,20
741a31499a578979be85db7f80139e62,moveis_decoracao,59,473,1,600,30,3,20
232906919fb046e3d050f8dd336b2634,livros_interesse_geral,34,318,1,250,29,8,23
74ba0cd1f694e0751c7240443e5a038b,,,,,1000,32,3,23
da596542f9179c1021970d21d9b53b76,cama_mesa_banho,40,324,1,750,36,4,29
ab1f9387c0627dd24000bfbc54fdeee0,eletronicos,45,456,1,175,22,11,16
d3c044bd42d84a79e3b0c42662806a48,esporte_lazer,32,3831,1,150,16,16,11
4a8388d725082add032c3a248d515142,esporte_lazer,19,423,2,450,32,8,24
f6c3624f0bad00eefa032e306776a77b,fashion_calcados,51,1436,1,300,16,16,16
c66473cee835e09bdd0edc66f628af7c,eletronicos,48,118,1,100,24,8,18
b046862b2553fe4962392cdc93a2ae93,malas_acessorios,47,1479,1,850,25,50,30
3ec2984cb2de1675a0306bfc60dbe5a5,cama_mesa_banho,56,458,1,1860,39,12,33
33ba4b29d820b397054cc97e892ab1bc,automotivo,57,955,2,300,17,10,15
927ab43b52f8e2af38e2ab92fdd25637,automotivo,57,1671,1,730,25,12,18
20f160a9cf2e856ee5eba259e9ae33f9,perfumaria,56,1224,3,556,21,16,16
f3a1a865ba61412ac17ab53f1a9c0082,telefonia,57,823,2,50,16,22,11
e55ed19897a6692649240b894020d683,ferramentas_jardim,50,187,1,8250,24,102,30
f017f439ad87e9501378bd226f2ce26e,fashion_bolsas_e_acessorios,39,386,3,600,16,11,11
419b12eaf8841add29c3503ee6cddb91,esporte_lazer,60,1552,3,1450,105,15,15
98d893a81a1845b6f278f33eee0a4f36,livros_importados,48,2157,6,1000,33,6,22
43ee88561093499d9e571d4db5f20b79,moveis_decoracao,39,161,3,200,20,20,20
4f469a5f807d396370c43aa7d536a2a8,cama_mesa_banho,36,223,1,550,40,5,30
3554200c1d7f3b4b39a0ae68aa1c0a54,malas_acessorios,56,267,1,4633,37,34,30
3e442d09f9dfef002aadf31960869f65,informatica_acessorios,33,1084,2,200,41,2,29
d011223de539cd224b5c5c8082313d46,moveis_decoracao,50,676,2,2125,28,27,33
6b04a3268d84351b65aeba3f1fbc2a25,moveis_decoracao,59,1749,4,950,65,3,45
622bad99b4296aade0783ebecdd3fa15,esporte_lazer,47,1249,1,400,27,6,25
eeab31cd2a4bcd64e6b249e0a674b3a8,alimentos_bebidas,60,295,2,274,28,15,20
628fb6b9d891eebd296eb3caa5bcb557,esporte_lazer,48,604,1,700,16,13,14
d881b7a2ce3e484f379f751df4c709ce,construcao_ferramentas_construcao,49,249,1,200,16,5,11
ceeb4790786e93c65ce079c50c8bd6b0,ferramentas_jardim,55,617,2,29600,42,17,42
3a05a947f28cf46d789adedc107d7595,esporte_lazer,57,652,1,3450,16,15,20
af407c297ba8ec15891e2d95193203c2,construcao_ferramentas_construcao,39,493,1,2008,45,23,21
e801441171ec3eaf3bbb86d6ba6fc9af,relogios_presentes,44,788,1,275,17,10,12
95afc7174e826b350262195e9810e327,casa_construcao,59,303,2,250,20,4,20
aed75ad669fbebd5a385ac7cc2ae7573,beleza_saude,42,427,1,30000,50,75,56
c03500a4a72be532834b3d947821d519,pet_shop,52,348,10,200,18,9,14
8d777214c45c704660310bdc5a2741ea,moveis_decoracao,55,314,1,500,40,15,40
1efd84ba20d23186f576a37baf64ae9d,cool_stuff,32,133,1,200,18,12,16
f45cf520fba787f057d57c5c8138668f,utilidades_domesticas,59,1582,4,6100,31,29,41
ef0e165d773ec293c5aeb5470a08b183,cool_stuff,57,1620,1,2250,16,40,16
f264c1d9b20b5e4a340254d0405e613b,cool_stuff,48,874,1,1050,42,25,15
4c0a183b1572fcddf968d6992392e24d,utilidades_domesticas,46,857,1,700,16,16,11
547b95702aec86f05ac37e61d164891c,ferramentas_jardim,33,509,1,9100,42,13,39
40b2a43c74c26b963dd1bd05384663a0,esporte_lazer,63,924,5,300,25,12,18
233316af7adf040484dbeccfecad6042,cama_mesa_banho,33,254,1,1250,33,9,38
7564c1759c04fc0a38f2aa84f7a370ee,construcao_ferramentas_construcao,59,2432,3,1200,16,11,11
ebb12274522d82caa7dca657873b2ad7,utilidades_domesticas,47,534,2,11250,40,40,30
a03e401d58a45187271718c5d7610422,utilidades_domesticas,48,1297,3,9650,62,35,37
e84d1a4a08db13e8dea6d400a1c6a3f0,alimentos,34,926,2,700,24,15,24
611a736015e65141abd844f0f37c84af,cama_mesa_banho,48,549,1,450,16,10,16
2b4609f8948be18874494203496bc318,beleza_saude,59,492,3,250,22,10,18
ee9ff7710c74eb0f453f711fe2fd8014,brinquedos,45,293,2,250,34,4,32
309dd69eb83cea38c51709d62befe1a4,construcao_ferramentas_construcao,57,338,1,2150,20,8,20
03b29ca1beec2e03e15a3b980c1505ed,perfumaria,43,656,3,100,18,7,11
69455f41626a745aea9ee9164cb9eafd,relogios_presentes,41,408,2,501,18,13,14
3e935c981d34489d33ea5c721ab2e14c,alimentos,54,524,1,550,32,30,27
f3c5707e7c539ab6533e3611da02b648,cama_mesa_banho,57,204,1,2250,35,20,30
cec09725da5ed01471d9a505e7389d37,esporte_lazer,52,1197,1,2500,20,11,11
7efb82beff3504e95045d59c6369917d,papelaria,50,762,1,400,31,2,22
5abb262996451f878f52e83d721e74dc,brinquedos,58,423,5,2500,30,10,34
2d110366dd24a714cb50dddc30b4101c,esporte_lazer,32,1961,1,250,16,17,22
1164c17af70425821f88bfbdc9e907a3,bebes,44,282,1,550,50,10,50
368645a47a15770520ad12d9ea77c2f2,moveis_decoracao,61,603,2,30000,70,60,60
c6d339a1fa8873b1ffe76fb1b7cc10f1,esporte_lazer,55,3956,1,5150,27,26,25
678c229b41c0e497d35a25a8be1cc631,construcao_ferramentas_construcao,60,339,1,3100,24,7,24
134957eeec87be2414ac629ee0b947a4,informatica_acessorios,57,1370,1,200,20,15,15
f2e53dd1670f3c376518263b3f71424d,cama_mesa_banho,53,236,2,1975,41,13,31
fde71f25e699ca0a2a83a6c3a249b816,livros_importados,51,93,1,600,29,2,22
91072b0e0e5d60ea13524c273da16106,automotivo,43,481,4,100,18,9,16
bd59d7bffae06b0b2ee40cf5b7939626,moveis_escritorio,33,1197,1,21450,101,8,60
3373d1ed7bf5f3187f110c0e9e40a02b,,,,,200,25,5,15
211c67e3e61d45efe54ed020191d042f,papelaria,58,238,1,1900,18,38,30
bd69e6d599b9a3d9c298617c14e46f9f,cama_mesa_banho,54,405,1,700,45,15,30
eb356ef61e2262adcadc023b9522609d,relogios_presentes,60,261,3,200,16,2,11
27672da99215b426dc0ced05731bccc6,fashion_bolsas_e_acessorios,59,412,3,200,16,2,11
660fc6f47144a19180d7309e37155f1e,fashion_roupa_masculina,54,265,2,800,40,6,30
d487d19bd9ea9420465fc556ce17ef4e,cama_mesa_banho,52,126,2,1300,50,5,50
58306668d7263e8ebd2d5c69ef31cc23,beleza_saude,55,261,1,5300,25,105,12
061c050147b7b9fb6f088593900e8dc6,fashion_bolsas_e_acessorios,48,150,2,400,16,5,16
9ba9e0b736763a4badc2d630822c0a1c,utilidades_domesticas,59,1403,10,30000,60,60,60
c6dd917a0be2a704582055949915ab32,cool_stuff,54,1012,1,1200,42,25,15
cf42d2701c959607c1875764e88c7266,cool_stuff,34,365,1,517,25,18,22
1a500c1549fa82451817be3577b4c49a,automotivo,59,1114,3,350,16,5,11
d47f1895ec4f641a519a65d73d2157b5,esporte_lazer,56,661,5,200,16,5,13
9a53219f889aa616af7f732ed9aa3fad,moveis_decoracao,49,1750,3,3150,105,3,70
f7cb23f8a75e563a826b0121408db6a2,livros_interesse_geral,24,1495,3,300,24,3,18
69fb24f0cd077f460768e66b89c3565e,moveis_sala,20,275,1,3400,33,13,33
b2fd74298e16eef2568d2f9dff6042c8,utilidades_domesticas,50,364,1,10450,61,28,28
313f8ed3413f949a1c0eb1cd6495ae5d,cama_mesa_banho,52,222,1,7150,40,20,40
7ba74f993dca27160dc49880d9ac56b2,esporte_lazer,58,1249,1,4350,20,20,20
aadff88486740e0b0ebe2be6c09476ae,beleza_saude,56,390,1,250,16,5,15
b7a2d0cb90ba252129d34d7c8d079d2b,perfumaria,39,211,1,442,23,15,17
a0498bf8b8ff0c35a6b8c736a71526ab,utilidades_domesticas,56,357,2,1050,91,13,11
492bfd5c7a82cfd6dddccdec443b2ca4,pet_shop,39,776,1,8500,16,15,25
700e755cb2df115278726cbf8cc322fd,esporte_lazer,40,977,1,3663,27,27,27
7b9e46278112502bca6d6649e849fdf0,portateis_casa_forno_e_cafe,57,1123,2,450,32,11,11
f10a869cdfe48a282e6dc920da718e9e,beleza_saude,60,183,1,700,19,17,15
1716ea399ed8ee62ba811e6f55180f45,automotivo,25,712,1,200,21,17,17
3bce6b72fbbfc2ec3bcffb83745cc24e,esporte_lazer,48,566,1,200,21,25,21
8ca6ebfd6293a5b03f104d27c4945718,beleza_saude,47,1290,1,1200,25,12,19
8c5876b1c7768217964f353bc7e64393,telefonia,61,440,1,250,18,3,28
98ec655119c24de03b804696821f3955,beleza_saude,46,586,1,200,20,20,30
5743cde12b14a481dbc29d4dc336f92c,esporte_lazer,55,986,2,400,18,9,11
c0d133f59b1b9482e5b66b398ea60a69,cama_mesa_banho,54,235,1,1900,34,8,32
9b9005cfa3747d9fa0d544fc9f994c14,ferramentas_jardim,43,1067,2,700,33,10,18
76914818a87f9b6b320e136e17e6ae06,moveis_sala,33,317,1,13800,59,17,58
76b7fa5da50b22fe17d1e7bbde661106,moveis_decoracao,52,264,1,650,25,25,25
cb035acb0af5f79c8ebad476b968574a,utilidades_domesticas,35,1174,1,1000,34,10,21
463cdd8acfe23847f35e29076df0bbbd,relogios_presentes,40,153,3,550,16,16,11
4a300735bc293723103db0d0c1bc1585,telefonia,42,661,4,250,16,4,20
fe7ad3e3828f32193dfbe6359f733a8f,brinquedos,48,609,3,823,25,28,28
1db1301d6b2401401a26dd1aabcb809e,agro_industria_e_comercio,60,864,1,4600,22,22,22
829e27d905ccac1f24f6dd5c5898de89,utilidades_domesticas,48,659,2,3000,45,13,25
325a813db2664ef1b239883869847f4b,cool_stuff,58,503,2,1800,51,15,32
5caaa02918381c4ad59d38fdcd4a28b9,moveis_decoracao,61,603,2,29700,70,60,60
f858dbf7475a6089fc882318b8aeaded,utilidades_domesticas,20,122,1,400,25,15,25
6bbe55cf8f85c87b6eebb775a53402f4,tablets_impressao_imagem,54,512,1,283,22,12,21
8ed094bfe076c568f6bb10feada3f75d,moveis_escritorio,43,1128,1,16133,63,59,25
361009da0572b0d1d961d347f10e09b1,moveis_sala,62,302,2,5000,45,66,14
fd9222f5293048868b832e5179fa3ec5,bebes,55,973,2,2950,32,22,16
b28c74943399164661bb5350e482ae98,cama_mesa_banho,55,476,1,1917,46,9,37
d102ed54656bd3eaf5bd365494e08bf6,esporte_lazer,59,682,1,200,22,15,22
ff29d8cb1cd0cd5ea37b80dac9939e1c,eletronicos,47,485,1,200,30,10,20
4f8303640418a925cc83a18d2caf0dbe,esporte_lazer,58,402,4,500,24,16,16
7d8f983b213d00e33e83aeabe1ecea40,cama_mesa_banho,59,473,2,8800,50,25,25
36f60d45225e60c7da4558b070ce4b60,informatica_acessorios,33,300,1,207,19,11,14
c6a5b2b8610b3206be072c211b70ba69,papelaria,52,223,5,5850,60,20,29
98354ddeaeae40bd6b705381191a9ffc,informatica_acessorios,59,391,1,900,30,15,15
6ae38d49db7fc65ad1779828542aecba,ferramentas_jardim,42,317,1,2300,23,22,19
80103e141ed0da3b1d63cb0c7d1f7d48,telefonia,36,316,1,150,17,17,17
24541f532451ecaa85eab5b200b2b686,moveis_decoracao,59,2130,2,450,69,11,11
a5341e3f8155dbb3e62323d3ea289729,moveis_decoracao,50,422,7,2850,40,5,44
d1f69b1b509a6f4e1fdca33101625bc8,relogios_presentes,36,343,10,750,30,30,30
c36982ca95045ed1f077134eac1e94f2,cama_mesa_banho,60,219,1,7175,50,18,28
1928afdd082c046af569f70558516d11,fashion_bolsas_e_acessorios,59,236,1,100,21,9,14
144eebc150ba34b9f44f761513b5a394,automotivo,57,693,5,1175,68,8,35
71a7800a633691de8ecdd17463335e2e,construcao_ferramentas_jardim,49,1845,5,550,20,16,30
9820e04e332fc450d6fd975befc1bc28,,,,,10800,40,40,30
ca36223e14b83df526098afff99de992,esporte_lazer,28,109,1,400,16,16,16
a92044ede94468b593b5e4d92498f6c1,moveis_decoracao,58,560,1,2200,43,11,35
dc52f0f5d3ec37a93eaf956cde4e5d2c,relogios_presentes,60,539,7,400,16,2,20
d2f5484cbffe4ca766301b21ab9246dd,informatica_acessorios,51,448,1,180,16,9,16
f538d01bc771eed83997a9e729627b73,bebes,49,796,2,100,16,8,11
8191994b4b3b86f1a4164ec05253fe86,perfumaria,37,587,1,200,16,12,20
c41394a593b75e8e4f3d1fb5e93e151e,esporte_lazer,60,1332,2,28500,105,65,25
81e32892fb8587aa24b175d42bb6bfcc,utilidades_domesticas,46,602,1,2075,47,26,21
c8dc26795ea2ee96f3fa57453cd7667e,pet_shop,59,888,1,300,30,30,30
5c973b4202aac5c372a483e712306f4f,cama_mesa_banho,38,182,2,350,25,9,19
6a44a19c645421001ab4d4c7eb1b687f,brinquedos,58,569,5,20850,45,50,45
97282eb8f31c2cd056e836a69923bab0,cama_mesa_banho,59,604,2,3200,50,10,40
43423cdffde7fda63d0414ed38c11a73,relogios_presentes,41,1159,4,350,16,14,11
56f096959d0abfbb601eaf570323d766,beleza_saude,46,638,1,950,20,20,20
5a3564d805d5fb2e52e88bb740d9b4ea,beleza_saude,57,828,1,200,20,10,20
f7d7b5c58704fb359a74580622800051,cama_mesa_banho,53,223,1,950,45,15,35
887c03038c774a15272a3e75ca7b4fa7,informatica_acessorios,58,548,1,150,16,14,11
9a6ff23254c73d6c6e1f630d220fec9f,cama_mesa_banho,60,243,2,1850,50,10,40
5264bb8a8395e30c0d59ac73be2c7613,telefonia,29,341,3,83,19,4,11
03fed41c5e9067007d852ff83d602753,brinquedos,46,1107,1,19650,75,76,22
ca5c923962558430573f83661dbe36d6,pet_shop,59,747,2,1250,40,20,30
b973581b7ad538c460edbf9378b173ad,beleza_saude,36,538,1,350,16,19,12
c38640ae3a92231abddd15f1fd863eb2,automotivo,56,596,2,925,60,8,33
2ffdf10e724b958c0f7ea69e97d32f64,relogios_presentes,59,582,1,263,17,12,13
181abab3cccc131f868d3bc7a5b97fd0,moveis_sala,38,433,1,1100,31,5,31
cc99f9e6673b4a99658d70f73c3bf1e6,moveis_decoracao,60,782,1,1150,37,5,28
c1c27de6591a9eaeb865eed7b905b046,audio,41,372,4,517,27,22,25
0bcc3eeca39e1064258aa1e932269894,ferramentas_jardim,57,339,2,1800,37,22,40
3963a38599692e337822f032da892d5e,casa_construcao,53,849,4,600,22,18,22
4ae1bd4115a0ea08489ff7e821ddc4e5,moveis_decoracao,37,314,1,5300,40,20,40
868b3136c5b206f91b8208fbfdf2cb7c,cama_mesa_banho,57,364,2,800,45,10,34
0432203d03868bfe5fdbb86fb2148474,bebes,35,1168,3,7003,52,30,46
23ea3287091e8d1237bb93f92177a39b,informatica_acessorios,53,1951,4,550,21,4,14
628bbcb76ac6c7d4abf432b345635f47,moveis_decoracao,38,672,3,1800,84,10,11
b8a0d73b2a06e7910d9864dccdb0cda2,beleza_saude,43,295,1,371,20,16,16
60184212dae4e6b0da32bf54271a8c4a,relogios_presentes,59,476,2,394,17,11,14
de5bf668dfa4391ee96a5fd5c9fa4f06,cama_mesa_banho,59,330,2,2700,40,10,34
4f27f86d1573b8b74b0928ca649abeac,cama_mesa_banho,54,382,1,3100,47,21,41
1a405418406359cc2b8815f93bf359c2,esporte_lazer,56,1007,2,4550,20,20,20
ec529a51d3a0832578dc8ca51574d2bd,moveis_decoracao,53,682,1,250,32,2,22
25d22295e68fa5bc9fff2b947a3eaeb5,malas_acessorios,54,348,1,1600,41,15,29
4c2394abfbac7ff59ec7a420918562fa,beleza_saude,49,1495,3,600,33,19,13
661bbdcbe54d141b50aeaf9d33384d34,brinquedos,38,1096,2,300,16,15,15
88f606f44d39cbba19b301f79a51d7fd,moveis_decoracao,45,609,1,1150,20,20,20
e4c7ed7a832858c17d60ad5e38b00aba,cama_mesa_banho,35,155,1,750,40,4,30
214e5e86400971b7f46f64ce6c737d33,fashion_bolsas_e_acessorios,51,887,4,100,16,3,12
c956bde83b283fe27c438080dcb246c5,utilidades_domesticas,38,547,2,7250,32,28,27
ee99cd2d468819078af4687f923cf17b,moveis_escritorio,43,2230,1,15200,58,28,58
007c63ae4b346920756b5adcad8095de,utilidades_domesticas,48,808,1,2800,30,30,30
9abb00920aae319ef9eba674b7d2e6ff,bebes,35,2395,1,350,19,14,12
51f96ebc4399af670b9f43623b6c7ce5,fashion_bolsas_e_acessorios,9,90,1,200,16,3,15
e3425df9bd51be69917273c9dd92ed5e,relogios_presentes,53,346,2,733,17,10,18
0a27be3536127164b11173c57f14a2da,perfumaria,53,613,1,500,23,8,15
341d85d688ecc3353cf2a968e7ad0dbf,beleza_saude,47,554,1,350,16,10,20
c9bd28e8a4220af0723c7b7f97778681,informatica_acessorios,57,1502,2,300,18,8,20
9da6fbcdb4cc9d08de3c70331ea19a5f,cama_mesa_banho,49,459,1,1700,48,8,39
43b54d1fc56ff394092a3dff6be2d39f,beleza_saude,60,919,1,150,22,3,15
50d77758742285ff49f340ebdf0df5a7,eletrodomesticos,56,953,3,500,30,12,17
4419a1c234d848b2bc86c53b222499b2,perfumaria,46,827,1,500,16,15,15
d16f26b828b30dea74ce1eba8d9b396d,construcao_ferramentas_iluminacao,60,971,1,6500,42,22,42
dbf1bc6f925f7fc97db3fda5c4cbdec8,brinquedos,56,1210,5,175,16,14,16
62d41a80c366aa2d8644e3270adf8440,informatica_acessorios,50,512,1,1225,43,15,21
dc82a2ed47df56af6090d6ffbd165e4a,bebes,45,527,1,250,23,12,17
12679a5fde22662b441abe4f754345ae,utilidades_domesticas,54,1926,1,10825,48,35,45
37688aa1d7a6026150febae63af9f98a,automotivo,55,3326,1,200,24,18,18
052413504e5295cd66ec4ced0b310062,relogios_presentes,55,570,1,165,16,10,12
d7902920eb6a27359c214425f69523bb,utilidades_domesticas,48,312,1,800,16,35,32
7d40b684cc830baa8f7760f6fb1528c0,moveis_escritorio,51,2614,4,2600,53,11,32
9df597081d18ddb0f995470f3203d467,informatica_acessorios,59,410,1,300,16,8,11
af532b7b70d7b3c1a2f042eb10fed9be,relogios_presentes,50,532,2,235,16,14,14
fde90f06296b26995fd0de6f16610d70,construcao_ferramentas_jardim,45,225,1,1650,22,14,14
caf540627b7914ab734c86495fdc95ee,moveis_decoracao,54,769,1,13300,45,35,45
9b89ab91efbb4750c39864ed0262711f,utilidades_domesticas,57,80,2,1850,25,10,25
322159ea16aa68e7bff8da4025d2fef8,malas_acessorios,46,210,1,3250,29,35,21
a52ed2fb26d435066d6613134afcb439,cama_mesa_banho,56,211,1,220,32,4,23
e572ef4db3ee1a8e900245a31184783a,cool_stuff,11,228,3,1500,23,15,15
c36100652b59546fcd8fff467dc29519,relogios_presentes,47,732,2,140,18,16,16
5c61329e1b7e18310bbc294c17cd47bb,brinquedos,31,936,9,250,18,16,16
cbdb9bf611328898bd4b32a384506b3a,moveis_escritorio,26,945,1,12700,55,70,18
bd2208216bc0c202640ae18c57e0f483,beleza_saude,57,651,1,700,16,16,16
729c55b4509d36c18b86f0bacc17ca5d,telefonia,58,702,6,250,18,4,12
33c4b54c2a3e60ac5beb217d833d9f52,ferramentas_jardim,59,986,5,1650,30,23,20
38e28b7814d36bc84b972a75dd7c5ce7,market_place,63,937,1,200,46,4,11
9f9d0d6ad3c84f4f0f6748167d2a6dfc,informatica_acessorios,53,572,3,900,30,6,16
965ab297b516455ba5bae37d17bc51f8,beleza_saude,52,1828,1,1100,25,13,20
b5e13c9a353102f79c6206ff5cb61a50,brinquedos,59,249,2,1500,40,25,20
93a12c289ca2b78e7069e469f5053ef2,informatica_acessorios,55,408,1,233,16,14,15
9fa7e05ae5cddeb74ff2fe5046b742db,beleza_saude,55,449,1,30000,55,75,61
e2e426d1332240070b0a836a854d057b,cama_mesa_banho,57,701,2,1100,50,12,12
ee92961b88199a0d4329a6beca8f63da,esporte_lazer,55,308,2,450,35,7,25
1bbab10ac1cf79799f5c997e4817c46a,utilidades_domesticas,44,330,3,425,18,18,18
98615693c104cb69e8746bdbad198317,esporte_lazer,41,343,1,300,19,2,12
aafdd162fb3c1c192698bcee92418e37,brinquedos,56,836,3,400,25,45,20
d1c427060a0f73f6b889a5c7c61f2ac4,informatica_acessorios,59,1893,1,6550,20,20,20
0c877471e35049402bca235e06cb8063,,,,,10750,34,20,30
518461aa554cd12890fa4baedfc868dc,brinquedos,53,428,3,2208,34,23,24
7bbe91ccbf899dc40a38d012a4dc411f,eletroportateis,48,736,1,2900,16,34,32
4d9e8a6d8d07e4f47e093b8c2999ae01,eletronicos,60,517,4,200,16,6,14
283dc451ad3918badb976d56ff887289,cama_mesa_banho,58,188,1,1650,44,2,35
d316be2b41acc6a122548a0d08570ca6,casa_construcao,54,562,2,15000,50,30,50
cd0efbe03468ba1f0f33c664b53747a9,esporte_lazer,48,1148,1,250,16,8,12
80db55ab8514dce76cb6a22d5014b73a,esporte_lazer,55,1485,2,300,16,16,16
99e6f14f74a00605ad9cfe8c4bb29385,telefonia,54,520,8,300,18,5,12
ae1848ad278bbd5098dea4a749b333a1,esporte_lazer,38,183,2,200,20,20,20
32ad146ce66014dd98fdc2190bc995d6,esporte_lazer,36,491,1,200,18,9,13
85df056390074964b49be3a497aabd9a,utilidades_domesticas,54,219,1,190,16,16,16
b23ede14b480ecd0dbb08e2406b3a206,automotivo,57,1652,1,800,30,20,25
388a6943ef1d99b81f642a0137bfa5da,beleza_saude,44,108,1,400,30,15,20
c1f5307decb89342351bec53668cffd9,telefonia,60,777,4,300,17,4,12
acd9803fca3010f5ad0f3ebefb53e5e6,cama_mesa_banho,59,280,1,5000,40,15,23
e503a0c255ccb611962015bac936f938,moveis_decoracao,52,1089,7,30000,60,64,60
6c712952b8ef62f8d06a0314917400c8,beleza_saude,39,608,1,1200,21,13,19
4c0f00c6b8f193c1cb9459e6b97e0320,cama_mesa_banho,53,1023,1,1625,34,24,24
7afa8c8eca2a26b599823eed4975a820,utilidades_domesticas,60,400,7,2600,37,24,37
2b9496ed8ff2f7b2003258b94a58772b,cool_stuff,33,673,1,1400,42,25,15
ed836edc15625c202f6ba85dbbe95c3a,relogios_presentes,59,564,3,200,16,2,11
fb783e3e545937820b57fe539b2c5a6c,cama_mesa_banho,57,189,1,1100,41,9,31
3de88091a3ed3699a8e32f77898c6368,moveis_escritorio,39,2417,1,15200,58,28,58
59f09deeea7c839a9212a19f3416b892,utilidades_domesticas,58,1404,4,30000,60,66,29
9e10ae46a3021a02f1692448ef9fa1db,beleza_saude,45,2231,3,175,21,3,15
66077cc774ac8ba7c7fcb45fd8e03474,utilidades_domesticas,37,365,2,3121,42,25,30
1612209b0b37fbe80e1e8e1b7d19ca1d,informatica_acessorios,56,580,4,1600,20,15,20
355e78eaf102f03855b48498d1b7e996,brinquedos,43,545,1,9700,30,80,40
6cd0d08f09a8b32450fd32de16265a74,relogios_presentes,46,436,1,416,16,7,12
8a3254bee785a526d548a81a9bc3c9be,construcao_ferramentas_construcao,25,1041,5,200,16,4,11
3263644ec99e2ccf8b31612ba4f28b5c,cool_stuff,35,906,1,800,30,25,35
ddaad3142473118e7c6c4848683026b9,automotivo,43,532,1,200,16,12,20
0442663b51251c398df7f53c29e29812,esporte_lazer,34,1132,8,6600,105,15,25
43dab0384fdbf917781e1b91109bf3df,brinquedos,33,698,2,400,18,21,13
1583253d78b23f7808214770298e0118,consoles_games,27,632,1,250,17,2,14
cb92637d91f8267856d2143b6fc7bd9e,esporte_lazer,49,1806,4,250,22,14,11
43cb1d661a38ba864fc53fe1b6edb0ed,bebes,21,414,1,625,26,14,12
143c616ec3fe0cb065c3805cf9bd812e,ferramentas_jardim,58,986,2,1100,30,23,20
22bd45d50bed841763d6f7f58cb7b6ac,perfumaria,54,956,1,50,16,5,11
f6365f947341b385dcb3f130e58236b8,casa_construcao,31,638,4,550,17,27,17
0cf2faf9749f53924cea652a09d8e327,construcao_ferramentas_construcao,59,338,1,1200,20,8,20
f4f4debbcfcafe6858d1e37a1f6e436e,moveis_escritorio,33,1190,1,13867,101,8,57
6debe62ce3828652a75c52d11bb012e7,informatica_acessorios,26,671,1,150,19,5,13
067a7177d086c25f597516184a07f05a,climatizacao,54,886,1,3800,53,21,36
fe5827d110a9ba59d4ab407e86ccd6eb,construcao_ferramentas_jardim,40,275,1,150,16,4,20
027cdd14a677a5834bc67a9789db5021,perfumaria,42,544,1,341,20,18,16
700b2242828ce37313207c1e91adc2d0,telefonia,59,678,3,150,17,8,14
86cbe3f62944a6ad224137e01f54c0b9,perfumaria,27,609,1,70,17,6,12
7d018f8e4f93213ba7ad276e25fe20b1,relogios_presentes,56,361,2,350,40,10,25
06353656886de747a549351f1ec7fa9b,alimentos_bebidas,44,664,1,650,16,10,11
8b5227e28272123eefd613a10ffd7704,relogios_presentes,51,404,3,820,18,12,16
f4a9b2ee7355882bd41e1bf5126cf56a,fashion_bolsas_e_acessorios,53,768,1,200,16,2,11
30ac6df06dc59ad72cf2f158fc2d904c,utilidades_domesticas,53,1034,2,16550,22,65,40
2743c376f40b82b7bda71ad4a1256507,esporte_lazer,54,582,5,950,20,15,20
5b99f79ba0d929b0f3270ab0f0f5911f,bebidas,24,30,1,1400,16,33,18
8894c64689c2a3a29e2fff744de30e46,moveis_decoracao,50,250,1,800,20,25,20
83a1778b0d5b20c0724c97e35f083082,brinquedos,55,460,1,1100,43,6,30
ab328a14d2698a726fe1ed2695f5f43c,beleza_saude,54,268,1,983,23,16,15
d328462624ad874c591813fcfadbf1a0,cama_mesa_banho,53,413,1,1850,42,11,36
674d9e3c3964c35239687c920b19a307,telefonia,48,650,3,100,19,3,11
10335f29114548c89998eb43398f58e5,relogios_presentes,59,718,5,250,16,2,11
8c96a6969d0fad20629fec9c1ea45e02,beleza_saude,50,1400,1,400,19,20,18
d655dc03de9b831ed22639631ab2958f,musica,35,1798,1,550,33,6,22
75e229131273655c63aa4ab2fd457c0d,consoles_games,39,296,4,700,27,15,22
e4c9d4670d5132aeded7f187fe4de0cc,perfumaria,60,412,1,450,23,8,18
c551ffaf36e5c1d8444b44bb7c78123b,brinquedos,58,1299,2,1110,54,10,31
4a69baa66a13d1adeb41cfe3bc0c27be,cool_stuff,55,963,2,500,45,8,49
93b513d693c7e922381d6aec80dfb639,esporte_lazer,58,1715,5,1550,40,20,20
b80921007ed3f68cf6e536e6daf08610,telefonia,58,751,4,300,17,4,12
e0cf79767c5b016251fe139915c59a26,beleza_saude,55,388,1,250,16,5,15
f59871b3d9da4c64cbe41ad3dd04dc14,artigos_de_natal,60,565,3,400,17,21,11
0c4a0f8ab44f9acd2d04e7024f9ba362,alimentos,49,740,1,388,16,16,14
b99e4f4fa3f421e0ffbd512d9f152dec,eletronicos,52,240,1,1050,22,9,12
652698dafbccac29d78c7ba70dceef10,cool_stuff,44,2413,1,300,16,19,15
32ce8729ae3e7d91243934373ab532ec,ferramentas_jardim,55,199,1,850,34,3,15
6a2909ac21d16b721e4795e7e8ff3e68,esporte_lazer,53,618,1,283,24,23,20
4520766ec412348b8d4caa5e8a18c464,automotivo,59,956,1,50,16,16,17
27a7e832bcfcd69ff687d611c3e79cbd,perfumaria,56,661,2,600,43,16,27
42ec84ace63b58b8c5a7ba7be01d5fb8,cool_stuff,52,1732,10,2550,24,23,27
57e089e3103f5cda6a4ce23b77399bdb,bebes,18,1194,4,650,20,8,14
e95d807bbe3bf3e2147a2ebe9168b7ec,audio,34,230,1,526,20,12,16
cc52718406f03a562ccf2bf14f584887,consoles_games,60,654,9,1150,46,7,33
70e4915197d6c96ebbed11364d8ce3bd,automotivo,55,1408,1,800,25,25,25
dbaeb92cf0908499e8a6f00a9964a6a6,pet_shop,54,444,2,250,16,12,14
f2bec64d5d795250be5e5ec2d38a19b6,moveis_decoracao,52,614,2,28800,60,60,60
f30f863c9a7488715d627cab44ffbd4e,esporte_lazer,48,1597,1,225,17,17,17
a8075470f960215ffb67624782f80fec,ferramentas_jardim,60,361,4,2900,67,3,31
3ea32f63a6aaf8d467e543dedf434ee7,automotivo,57,1586,1,1000,29,18,13
edfbf2390650b0c796e3820bf2782e32,eletrodomesticos,60,1799,3,50,26,2,12
90e72f6ceee757db03bba3a4eaef5dc4,automotivo,60,1063,6,7450,53,43,11
7814c273ab16783d73a9863ebfa8b141,moveis_decoracao,51,756,1,12250,45,35,45
0288f8dd74b931b4ec7a468fdd6ed040,brinquedos,40,226,6,500,20,20,20
d0fe4295267f15ccaceac4fb233d8c9a,informatica_acessorios,52,398,1,350,20,2,26
99a4788cb24856965c36a24e339b6058,cama_mesa_banho,54,245,1,1383,50,10,40
757e8df3e7c5c52482db573f5f368e1d,consoles_games,52,574,1,400,21,10,13
21a23f7375628a983f0496f2511e62fa,moveis_decoracao,55,241,1,2000,36,4,30
0e19c7867209124d5a735e0505c2bb24,ferramentas_jardim,55,1463,1,2350,24,10,35
418d480693f2f01e9cf4568db0346d28,cool_stuff,48,330,1,1950,33,44,19
94938d42be4ea1064db3325c385ee6d6,esporte_lazer,45,374,2,827,52,19,21
83b00325c13c44245b2c3a2befa62a0e,bebes,56,621,1,10700,40,40,40
cd3f4942e46362adc32589ff1a90e3dc,utilidades_domesticas,19,203,1,4050,26,26,26
80ba61cb89c5cc6f704b91b30fae834c,brinquedos,45,231,6,400,20,20,20
c31d2c7898c24ea73ab60e0660fd693f,,,,,395,26,6,18
4167a7ae0930579d1f27d465a1a042f0,beleza_saude,60,919,1,150,22,3,15
b250756c5f34998033b1811801686a0c,utilidades_domesticas,26,330,2,1840,90,4,43
dbe30cd7571498ff45963ea671014c6a,cama_mesa_banho,54,463,1,350,16,40,30
a1efabfd513c691eeb2650e5f04e5cb6,esporte_lazer,42,779,2,600,16,23,11
9ab61676eb915c81c3c893adca21364c,cama_mesa_banho,56,184,2,650,60,10,50
cae79e3b5c787c231543fa415a20b5cc,ferramentas_jardim,36,2213,1,350,45,45,12
f6fa93875f4a7dac03e0a22143f4d815,cama_mesa_banho,37,212,2,450,25,9,19
e20be15ef3888b958c8a76a2f0edfc25,,,,,400,25,8,11
805967bd91579942b3caac4ebcc39a54,cama_mesa_banho,37,167,2,400,25,9,19
9095a5b548eb913258279d5aea381643,cama_mesa_banho,52,634,4,1150,40,30,20
9fe172fa8e662ca8572cf12abf8bce23,fashion_bolsas_e_acessorios,36,412,5,150,16,5,20
04be6baed9b1c67197a4b2dd2f5b637c,moveis_decoracao,59,468,1,1500,30,5,20
c63ea4621680c1b0fca8864c0564bd78,informatica_acessorios,57,918,1,625,25,8,23
8d117b157de0b1a41b75de2833fd4f6e,consoles_games,55,1683,1,625,21,13,13
a7216be504e1ff211b67479ab193a552,utilidades_domesticas,42,886,3,5200,50,23,27
24d746a5965b583493871d11f75b1068,instrumentos_musicais,30,435,1,1000,40,40,30
4b5e26931a0b0d3a690a3f520329a975,esporte_lazer,57,1161,10,9450,85,10,33
4deb009c36a910076a023947a7929201,consoles_games,51,936,2,157,17,8,13
e3f7b3cbb0ccf1f1e361e6974b22e346,cama_mesa_banho,56,608,1,650,16,10,16
9c5cec867c62c0ec4674b002eb1c3e0c,eletrodomesticos,33,94,1,15875,54,46,32
63888810573fd78e60644cdf803cd2fa,esporte_lazer,59,320,2,100,16,16,11
837f3d09b625825bd84bfccb1f51d8be,,,,,300,20,6,26
58f1f70c378b16f78eff44c7104aa772,esporte_lazer,53,985,3,1400,34,16,23
c7bcab3a7039340cf46705f43bab3ee2,cama_mesa_banho,60,341,1,1200,40,7,34
9a98180ffbd0765e89f11cc8dd2385f4,moveis_decoracao,63,639,2,1500,38,7,28
3cb39171fd36c50097f2dedbbe0dfe6e,automotivo,60,3136,4,100,17,10,15
7970fc94b50ea49cd73d4f2910f2f5c7,moveis_decoracao,63,455,6,7950,65,7,65
55403fdc84a027ae6565b360af50e1ee,perfumaria,59,1128,2,5446,21,14,18
315affd5901833621c947264eb9f2588,relogios_presentes,56,741,2,300,16,11,11
daa5000b84b8bd4a9e8e622f154ac0c5,beleza_saude,48,583,1,150,16,7,15
76d1a1a9d21ab677a61c3ae34b1b352f,,,,,550,16,7,11
fcf4c9a897ae906e5a467ebf4589dffd,bebes,60,262,1,987,25,25,25
69594b9c8acebfbd1bbc19f782680d4c,consoles_games,59,1533,4,600,30,20,30
837b5c6df9ceb8a9c604e78fde0e60a2,informatica_acessorios,32,1074,2,250,39,2,30
2fab6789523833dd6179314d5c7da56f,moveis_decoracao,41,227,2,300,16,26,20
a8aae2d57f0b7d4b495da36a2ea21385,construcao_ferramentas_jardim,58,373,1,3300,28,28,23
dd2f30521d540d49a7f2b94cbc99a4d1,utilidades_domesticas,46,203,1,1150,19,22,19
effa78286556d5e79cda2b4aba96a534,brinquedos,53,190,5,700,20,30,31
5538ed283fd2d0e2a1151507e1cbd59c,esporte_lazer,53,1326,1,400,25,8,18
b1631003bdbc3b1e876f83a7d851d74a,perfumaria,48,1003,4,350,18,11,20
7cb1e417bdc1490f948ee59caccb6e1b,beleza_saude,35,1791,4,1050,43,9,23
d5b703c271f43f9c588a6f512a00f77e,brinquedos,27,531,4,150,16,7,20
50d1502fbc61f2be86ac6855552fc1b5,papelaria,46,346,3,300,16,12,12
31ddb1ee64afc01b90d5025db261a737,automotivo,57,1298,3,475,17,18,16
c055bf6d7dda1345d1226b0b3bb42485,beleza_saude,46,834,2,2000,90,8,15
e6407038bf83e03733094f3d6e3f92f6,esporte_lazer,49,1132,8,9950,105,15,25
4da0329350218978429b287440f4b87a,moveis_decoracao,63,683,1,400,21,5,15
a163027285e36415230fb2e097366cd0,esporte_lazer,57,570,6,350,30,16,16
2d4086091519b04cd687a38e33dc276c,informatica_acessorios,59,1080,1,200,20,10,15
5328338cfaa16ba10561cd970c73ca11,cool_stuff,51,330,1,1950,33,44,19
9af9fb5e25c1c09f035e01b7936f6c6e,bebes,18,1311,3,650,21,10,15
381169576b9f3c083a1c3261da161a3b,informatica_acessorios,43,677,2,225,25,9,29
1e5748190b56004a34ec795670bffe4d,moveis_decoracao,63,862,5,600,19,13,12
3fb22448e11f38ac4437c25693fcac1e,moveis_escritorio,59,1219,6,2750,16,36,36
0e8d9a894d190db0d5c32075ab02ea38,cama_mesa_banho,54,229,1,1150,40,5,29
27cef810f33a53a546e924bd77b07cb3,papelaria,49,541,2,800,45,25,35
561e48cdfacd14e7cfe67aa4ebd0caea,pet_shop,63,1538,2,650,21,18,20
b1cbf530dc2a793ced8e0768ffcce501,telefonia,40,580,2,100,16,3,11
473795a355d29305c3ea6b156833adf5,perfumaria,36,605,2,100,20,20,20
78b1ff38b417d7d3c58c33f386512040,instrumentos_musicais,45,256,1,300,18,7,11
be1c4cf8a2d2aade623eb7a646d2a0bc,cama_mesa_banho,54,508,1,850,45,15,30
37e6d1846b84ed781ae3af2fd42c7469,artigos_de_natal,41,751,1,4800,50,8,45
a35a9f46dcee0a67c8c7ad8493eb4135,informatica_acessorios,33,1084,2,200,41,2,29
b6e406be1aa00db8be5dd3ec6b524d4d,moveis_decoracao,63,603,2,25100,70,60,60
64d0feb1bcf9c7fe7b5dad3271c10910,moveis_decoracao,58,696,7,750,25,15,35
d36d9ea1497c1e294498cc39df08a687,cool_stuff,29,953,1,200,16,20,20
f4efad625ed5878a2e7589dfb31c747f,moveis_decoracao,57,622,1,16200,45,26,45
12e2d17d42cd9d770771fb08675a870d,papelaria,48,432,4,1525,25,34,37
f2c2428aeb3fd0a6327905225c1c2444,eletroportateis,55,661,1,17800,40,68,40
0f66dd888ff5af9eba17aa59be9870d1,pet_shop,53,856,1,6300,60,25,25
ebee6703e867082f455a058a8bd04092,consoles_games,53,321,2,200,25,5,15
769083fbf5eb9f3f132a633cc9809388,cool_stuff,58,1419,4,8333,59,31,75
ba01cebc5a3c2494d0a97d4713ec8938,beleza_saude,35,558,1,1250,30,10,17
12fd8665371236b5b586ea4e448902c8,casa_conforto,61,292,1,4050,45,15,35
0a4093a4af429dc0a9334300e5c13ae5,beleza_saude,56,389,1,300,16,5,15
0129d1e9b29d3fe6833cc922374cd252,consoles_games,55,134,1,100,20,3,15
21b524c4c060169fa75ccf08c7da4627,construcao_ferramentas_construcao,60,338,1,3350,21,8,21
af144ed65466a16118af719a57053c95,cool_stuff,47,1060,1,1815,29,21,23
25d6edcd216a9ee579f19f92d694f7d5,telefonia,57,1568,1,100,18,6,11
3db75f31b76375c502f64d550dcd1166,informatica_acessorios,34,1078,2,200,41,2,29
dbb4ce89c8ed5fb6fd901e2e51093179,utilidades_domesticas,34,545,3,2200,48,25,25
5d3e31adf8ff92075c3848f021abaf06,,,,,550,16,11,23
82e4ad16521ca131d95e198d507db370,eletronicos,56,343,1,150,19,12,16
08574b074924071f4e201e151b152b4e,ferramentas_jardim,36,450,1,9000,42,12,39
4e0d588f8e002f2bad9cbe0b8f66f6f6,,,,,200,25,5,15
4413a608a42bd21bbf9d5abbd58c249a,cool_stuff,57,1620,1,2350,16,40,16
dfb97c88e066dc22165f31648efe1312,automotivo,53,597,1,5417,47,44,44
3eebb0207da828bf5376257ceca70959,relogios_presentes,58,438,8,250,16,2,11
5eda4e0f860531d5ba1fe2b23d468cab,construcao_ferramentas_construcao,58,1364,6,4950,20,24,21
f936a018eafeb52059650c9e977b53eb,beleza_saude,41,1376,1,1613,18,18,15
5758144640044883abcfc4569f97b5ee,telefonia,57,880,3,100,18,6,11
55d139324dfb785b405ef1e11f119adc,casa_construcao,46,1330,1,738,23,16,20
74ae869eb82594d9cbe6e934cf143e0c,telefonia,60,751,3,150,17,4,12
8f5501bc2a52a32cb42e220c855cd589,pet_shop,58,2357,6,2350,42,22,32
37f05006248fc8b0d04270ef02d24406,fashion_bolsas_e_acessorios,50,572,5,50,18,18,12
88cb48d5db69a7413a20a707e25ec2d6,esporte_lazer,55,1170,1,850,40,28,25
73c0537a6f1d148275c69a114b2d8bf3,automotivo,59,605,1,450,27,10,17
4fe644d766c7566dbc46fb851363cb3b,artes,48,1232,1,1700,65,6,50
6480f3f31b23d41c1b8ad051c201b244,beleza_saude,54,1859,1,3500,32,22,32
8e80199142878e6d9c9ab17de67eba98,ferramentas_jardim,29,927,1,483,15,16,13
8d98dedc3c19de17f1a090195e85d6b6,brinquedos,40,617,4,300,16,7,20
306d69bdf4ce0d89bad3e622e443cf47,relogios_presentes,60,121,3,200,16,2,11
ffa1ce7f2a287ca5e369673bd77d43de,cool_stuff,52,690,1,1000,29,14,14
a538728fe0b4975180a3818c6d0db331,informatica_acessorios,41,499,1,300,18,9,16
e1588225be877a34df36d7665d1d0173,automotivo,57,431,4,150,16,19,15
36826c711e5778c8d88a7311cc29c446,cama_mesa_banho,54,297,1,5450,20,20,20
9275e1f75faf1d3d1f54e4cb63d12a36,automotivo,51,375,2,166,22,7,14
d83ccbce75276ea1da5ca97cc4d800d9,esporte_lazer,40,442,1,1000,25,35,30
781afe929e3016a667f5f439afd55fce,esporte_lazer,42,590,1,400,18,18,18
4025ee582ef6b8c478af3b44cf89054b,cama_mesa_banho,60,58,1,200,20,2,15
4befae07dba4384f6d8237ad1e7f8294,musica,33,3853,2,900,18,18,18
7f25a88de92ce0d01e61202ade958bee,casa_construcao,57,519,2,2200,40,20,22
5de871daae99423d3fcb04edcb6dd1aa,perfumaria,60,591,2,600,19,17,19
fb01a5fc09b9b9563c2ee41a22f07d54,consoles_games,33,912,2,1500,33,25,11
208eaf2a4764834fb8da989159a30a20,cama_mesa_banho,57,289,1,925,36,6,39
e0d64dcfaa3b6db5c54ca298ae101d05,relogios_presentes,35,514,2,4338,17,12,14
b1cd1b18e50f570382f52a55898e8987,brinquedos,31,754,1,5350,35,43,23
c74e157255c4861775b6885cc14a1ced,brinquedos,59,2412,4,401,19,8,16
e9a69340883a438c3f91739d14d3a56d,utilidades_domesticas,60,1912,5,3000,33,12,34
7e6c4a0bf900e259f50ba63331fd2785,relogios_presentes,59,755,2,250,16,2,11
30ccf4724f5227265f837e9ba0246278,malas_acessorios,52,573,1,1450,49,10,33
9ef6f9077917003875323be25c28c7c5,moveis_decoracao,34,257,2,8450,30,45,40
b7605b5b483063d12bd90a772bff9d21,cama_mesa_banho,45,437,2,550,40,7,50
3f94f864742e33fc293053063b7783fa,perfumaria,21,452,1,500,21,14,15
12485f9cdebb6ca179826ede539554ad,climatizacao,56,1001,4,7300,26,26,56
3570caaeaa3f5a1ae76392bb2b4155f9,esporte_lazer,31,492,3,1550,62,18,15
0fdd1ea79f0f2ec81697ccd021d6d992,informatica_acessorios,42,271,1,490,23,10,22
8a1e1c6e48f0d275628e3c626d57257f,beleza_saude,34,480,2,400,30,6,12
5e3555ed62835dd67704d40a72678cfd,bebes,31,644,1,300,16,16,16
750d887c4fb151156b3c0dec3041549c,construcao_ferramentas_jardim,57,1214,1,4550,53,36,15
839321c2db7b3b3eaff4944c3b052ecd,utilidades_domesticas,37,570,1,1291,23,23,20
71d2e375cd7ae542240f5f335894448a,bebes,52,740,7,2350,35,35,30
1b06c90f0a31f14d0f505323b5723a80,ferramentas_jardim,58,747,4,650,19,17,19
9fef57f37ae72292952e73ff9a7a3fee,moveis_cozinha_area_de_servico_jantar_e_jardim,59,634,5,27150,100,25,65
2dbad6cd56b73cfd7f1885d112d9b96b,beleza_saude,31,3532,1,500,20,9,12
70eb8ec63fd4f2a0bf8607712407727c,moveis_decoracao,29,188,1,2050,20,15,20
8aa6223e400af9c97b07c75993142721,bebes,54,830,4,5000,40,10,40
9bf39940ea9c92c0036e06c6cd577cbd,esporte_lazer,60,1457,1,2450,32,22,22
3193a48de17d955edc655009bfd530e3,bebes,31,1174,3,7698,41,39,46
da686d15de3ee88de081bd159b031e47,informatica_acessorios,59,229,1,300,50,5,20
5b457a0222eba04e6066025115952773,esporte_lazer,45,1541,1,450,33,20,20
33fca9d59532dd4c191217a979346ab9,perfumaria,51,750,1,431,20,11,13
9a81ff03e62cb56207c77fc1e718a4c4,esporte_lazer,52,507,1,1150,34,15,15
f4f67ccaece962d013a4e1d7dc3a61f7,automotivo,52,603,1,7625,61,14,61
5f21301936c11698db6aee5444190da0,perfumaria,57,397,1,367,23,12,16
16c4e87b98a9370a9cbc3a4658a3f45b,instrumentos_musicais,53,1935,1,18000,105,30,40
e939d1e099a84143323ac0e7e90992de,brinquedos,54,527,2,1100,30,21,32
382132cf96c88a277a65226833af5f61,informatica_acessorios,49,664,3,680,47,7,18
24c03f6980d5f778bcf41785abe25533,eletrodomesticos,60,190,1,1200,65,7,38
c1803577315d1501dae3033b5cfa3993,cama_mesa_banho,59,295,1,2200,60,10,40
c06b0271681be1b35ce57c3fc66a9e53,construcao_ferramentas_seguranca,56,1502,3,750,20,20,20
00baba5b58e274d0332a0c8a0a66f877,perfumaria,27,406,4,200,18,7,12
f7c3fc384cd3ac71650982c2c6fcbe77,cama_mesa_banho,52,206,1,600,16,10,16
efdd9c83779dc22fdcbfdce64ffef671,cool_stuff,55,364,1,178,17,9,13
5e7f8e7aeb1f57dd83aae171dec38a73,moveis_decoracao,48,1950,3,6900,95,4,55
06f0e85c7892d5df893f332706340af1,papelaria,57,301,3,9850,30,19,60
5716717fcac28d7783b530d6678cecca,utilidades_domesticas,49,85,1,1000,25,15,20
e8316a4667e5870c85e906b1f062bde1,moveis_escritorio,58,1135,1,9200,53,52,17
f9b178c9fdc90bbcfbd6c6b49ed47d4c,moveis_decoracao,47,894,1,1850,30,30,30
6bb340ddddf26fad46161b199d171cdd,telefonia,51,2113,1,529,21,15,23
bf2748a809c70af53394e915c95c9963,cama_mesa_banho,57,763,2,7650,50,40,43
9aed412277ca4485a7bf6e0c53e65786,informatica_acessorios,63,292,3,100,25,2,16
06edb72f1e0c64b14c5b79353f7abea3,cama_mesa_banho,39,161,2,350,25,8,19
dcd590f679e692420391bbd2c7ae22e2,cool_stuff,20,444,1,333,19,11,15
bfb42d0b9ef73eda575552be54ef53e1,papelaria,24,32,4,250,16,2,18
ae7d28dfad9876194f728695f1a51283,beleza_saude,60,918,1,150,22,3,15
e6609e94d7b022fd6abf6142401618f9,fashion_bolsas_e_acessorios,56,119,1,150,16,2,11
6b8cf2f4f294dd4b50037f061f230fba,instrumentos_musicais,58,620,3,250,16,16,11
61e8bddb5e00dffe8bfbf972cf3fdf18,malas_acessorios,53,473,4,1050,30,15,15
2dd91cf063cf57cb0eebef072746daab,beleza_saude,60,919,1,200,22,3,15
8e6530e49c89cea1759a5876a193a777,esporte_lazer,57,471,2,550,16,20,15
06ead9c0b05b368667d858c09148af03,consoles_games,41,235,1,467,23,11,18
14dffa241a078aeaebaef48a49e807ca,bebes,43,746,4,250,16,7,11
2eb72d11643aaae8f92fafc9296674c8,esporte_lazer,53,484,1,200,21,21,21
048bb098a0e194ddc3d0287b954bc9d8,papelaria,36,73,1,950,20,5,51
b38b25d838ae0b8385e8cc68b9017644,beleza_saude,59,1153,4,200,18,3,20
9d0bb30eed80184666c8acad23921283,livros_interesse_geral,26,2857,1,500,20,22,15
e1da02256dce4dee2207c36853547c7b,,,,,7100,27,28,35
7a5d0e89d069c89b2112e9da539343c2,utilidades_domesticas,60,1018,2,2250,22,22,22
7167a194119e3d3b0da13963e0417c8e,esporte_lazer,56,3280,1,3400,23,22,21
2bc88b31190908684ebece09e5358592,cool_stuff,40,2066,1,1650,33,44,19
f5ea2987f3303da7ac961ca96223909b,telefonia_fixa,63,608,5,150,17,4,12
a1f1aaa22f634ff796e9acad925c346d,ferramentas_jardim,50,1006,1,6025,45,50,40
b95366fcf5a371ace4acfe7d720b07d9,eletrodomesticos,56,124,2,100,18,8,13
15d9c7e1411ece24a0053b1e876e4d4c,telefonia,56,856,1,289,17,9,18
f293394c72c9b5fafd7023301fc21fc2,moveis_decoracao,41,754,3,1800,32,6,28
8af4a717d0442a5fbe332dc587583296,moveis_cozinha_area_de_servico_jantar_e_jardim,17,540,1,17500,97,24,45
0437850bd55b9b2b9cf104b59a611666,papelaria,59,244,7,350,18,2,20
083ffd30820b592e294de7ed668ff975,informatica_acessorios,49,944,3,300,23,8,19
c747d118db61a1c79977309b0ca33ddc,brinquedos,46,961,1,480,19,10,12
5a6e53c3b4e8684b13388d6aa4afdf12,utilidades_domesticas,45,176,2,200,19,9,12
bc68b4f9aacf4761a51fe96ac9cb6d62,telefonia,20,296,3,200,19,3,11
f497ba62f1d6b4f6a3a3266fa8623ad3,beleza_saude,45,1276,1,83,13,8,12
076e4ce53c8914382e7ff3732511b17e,beleza_saude,22,363,2,633,26,9,22
363218ba55c610b750224f90bdd34be1,cama_mesa_banho,46,279,1,1813,67,12,47
c7b3b8509e06ae21abdd78b541215cda,perfumaria,51,504,2,317,19,15,17
a8b0dd2c57b49b649373ff5a495a697e,informatica_acessorios,54,3675,4,350,17,7,13
26d7ac00b95e35c6592f0c0b289179f6,moveis_decoracao,60,585,1,500,24,2,24
7344630ca6c1a4917e55f35c729baa7d,telefonia,57,592,1,200,19,4,11
dcd7a14115098925c83dd54daab99cbd,papelaria,43,131,2,200,22,9,15
b01d34f6d2545269d348181768eca049,relogios_presentes,59,112,2,150,16,2,11
cbb702235ad267cca951499fa8475606,beleza_saude,52,2238,6,433,29,8,25
558180406ec5ec2f77e01f2807180c20,beleza_saude,41,1568,1,725,23,10,15
12d03720e39cc210547b854d2132c2e3,papelaria,59,219,5,2200,25,25,25
f3088483fe1dfd4715e320d1b8324b88,livros_importados,42,157,1,250,33,2,23
256a9c364b75753b97bee410c9491ad8,utilidades_domesticas,59,649,1,25250,68,66,66
452f66a0f164cac57802e2cea93188ac,construcao_ferramentas_construcao,43,1009,4,350,16,61,16
d116d7f4aa44ed3793cce65c2aca77ba,fashion_bolsas_e_acessorios,58,348,5,100,16,9,11
4c9073fdec69bd1812b35ff1a3472aa8,beleza_saude,56,940,2,1717,34,6,34
dc881ef926ca402063ea142afc83874c,cool_stuff,51,863,4,2100,23,40,16
928e52a9ad53a294fdcc91bcf59d1751,utilidades_domesticas,34,1031,6,1600,20,60,20
9a9a9db03d984059e843b4f3cb5688d0,brinquedos,63,499,3,1400,17,21,37
c32b1155b886162db8e1ec114699a799,cama_mesa_banho,53,381,1,825,25,18,40
e4d34d3dbd367b0021e5d65105870180,ferramentas_jardim,41,288,2,1372,28,12,26
f995f36cecde1f56edd98fc83b2b0b41,relogios_presentes,59,700,2,550,25,12,19
03e1c946c0ddfc58724ff262aef08dff,utilidades_domesticas,46,465,1,550,16,22,12
4cd6ba4ea3112de8fc238307c4dc6307,cama_mesa_banho,43,506,3,1000,35,8,25
92d9e76c3678dc402b5d1a49f1ccc7f2,cama_mesa_banho,60,624,1,2550,45,13,35
67d1732a904be023de826d53879c3534,cama_mesa_banho,56,134,2,650,50,5,50
e5ea77a1575b40961598bca64f081976,cama_mesa_banho,54,187,3,1500,45,15,35
527b0d563a8729f44d5ffb437100931f,perfumaria,29,824,1,650,21,17,14
24cdea192c5e345910d4fda8580576bd,informatica_acessorios,56,1284,1,300,16,13,14
49366a8fab2e191239a143647474e7fc,esporte_lazer,52,2238,2,374,22,14,14
4ee0872b98a6a08ce8c8b65e2502842d,fashion_bolsas_e_acessorios,37,558,1,100,17,3,12
6a2961a3f5c85026ed1b3406a9ac27cd,papelaria,50,226,2,10950,60,20,17
4b7690d7352318e41ae9594241ac4789,ferramentas_jardim,39,672,1,1000,20,12,21
af3c32ffb86784d96ad53372364b9d3d,telefonia,47,174,2,150,20,5,12
517d4955ffcf9fbd2bb0beb193c81a42,cool_stuff,54,871,6,900,45,15,16
9ac1378f05cd222b3fb34a3cccc626c7,beleza_saude,31,1406,1,1075,21,19,19
451482edc91f59c001a5a3a0e4d594bf,moveis_sala,58,690,1,16400,105,15,43
f5d8f4fbc70ca2a0038b9a0010ed5cb0,fashion_bolsas_e_acessorios,64,1710,1,200,16,2,11
8e382dedd9ae71943f9a70f6725b748f,utilidades_domesticas,54,1161,1,650,20,12,43
c075b8e131353552218860f1c421e4ef,moveis_cozinha_area_de_servico_jantar_e_jardim,30,1565,4,1750,20,16,30
0aabfb375647d9738ad0f7b4ea3653b1,consoles_games,49,100,4,150,16,12,12
29a0f402bfb08e1e4602102eea060d04,cama_mesa_banho,54,123,2,400,50,8,35
8f3a1c2358138bedfb98645db449110c,relogios_presentes,50,584,2,297,18,11,18
f67ad6b3366ae186b8d29087e6d5ebd0,automotivo,55,998,2,100,17,4,17
ae056fa650b078942afc7d9afc3199c1,perfumaria,55,182,1,150,20,20,30
6217dab6fce05a4924116e90d7f301c1,informatica_acessorios,54,309,1,1000,36,22,25
59a5c66f3c04b01ccdb9362174f6ecdf,informatica_acessorios,58,1538,5,650,17,11,11
5c3aca5c078a343b3b873362e7ac2fcc,relogios_presentes,33,307,1,600,16,2,11
3ac29f1f25166dcc60b97e65d9a5885c,esporte_lazer,60,1493,2,1050,80,8,15
813a30050677eb6996e12eea9ad400bf,beleza_saude,59,1726,5,12000,65,30,40
10ee3576fcc55c71728a897eed8d2f95,ferramentas_jardim,31,227,2,1450,68,3,48
64315bd8c0c47303179dd2e25b579d00,brinquedos,55,889,1,4267,46,39,22
0c159d7ce798ebc726ad977f9ade848a,ferramentas_jardim,46,356,1,250,35,7,11
6a29caa68d4bc5536b4447c25de4c937,automotivo,59,1018,2,100,16,8,11
37ca4ae4320cdda8a0ef625049f4cb88,cama_mesa_banho,51,690,1,1900,30,20,70
660b87fab65fb4b8b123e0e4e98d7174,brinquedos,27,909,1,400,27,10,21
8064566a6062566058808b3815d7defa,cool_stuff,59,989,1,2100,40,30,20
27761f21b03a32be1aad6ebaebddd747,moveis_decoracao,52,624,2,13000,70,60,60
f54cd09fa7e3c0f502187f200eb84084,beleza_saude,41,424,1,2000,30,12,16
6639a238ead6779d6ef0b3eea56f9f86,fashion_bolsas_e_acessorios,48,357,5,150,16,9,11
69f0f3b1c89b4e731e0b691e00bfbded,alimentos_bebidas,45,1796,4,300,16,16,16
28b5fef7b6d63771e9784bc68c783793,eletrodomesticos,60,564,1,1500,65,8,38
846145e9b8d412bd1c9bb478a52ab4a0,cool_stuff,55,444,2,200,16,8,14
f293514e0176006f3af40d473cf24a1e,informatica_acessorios,60,630,1,188,16,11,12
aca2eb7d00ea1a7b8ebd4e68314663af,moveis_decoracao,44,903,6,2600,50,10,30
6987398dff454a3138231540e2a6ec61,informatica_acessorios,38,209,1,1033,31,17,22
f567d4c09e85e4faf20f896b363fb827,esporte_lazer,52,2032,1,200,16,7,21
ee97db3ef647a016f3bb7376f8a3ffcd,utilidades_domesticas,58,832,4,200,18,8,14
068a754dc2d079d7bcd6f254b9a978e2,livros_interesse_geral,38,1348,1,600,24,3,17
a668879a637b097eb47536fdb31d3ce1,industria_comercio_e_negocios,56,2083,7,800,40,30,30
8c89b3cebb0a18a89a173e79375b44bf,cama_mesa_banho,54,304,1,9350,45,40,40
f30a908aadfed5d9edd5619eef796819,cama_mesa_banho,51,215,1,1650,40,6,29
e282624d8c82e04983f125e167eb4521,telefonia,45,343,2,117,18,4,11
c68252426f70e1434cf6e465d7cae869,malas_acessorios,53,1289,2,450,16,40,25
3a002b488f85e2b30838e413c9241f18,utilidades_domesticas,38,1016,1,400,25,15,20
1c5bd6a742367ec4d654a0859523e880,bebes,45,821,4,4550,40,10,40
39aa98469aa7460a9764311b3f8efb12,cama_mesa_banho,47,161,2,350,25,8,19
2a2d22ae30e026f1893083c8405ca522,cama_mesa_banho,60,744,2,8350,50,27,38
b623b7cb05ee3248fbe4a6ecbeed79a4,brinquedos,41,673,1,3008,32,45,32
fad007abeaab6b8b9089a12497105ad6,bebes,52,233,1,11000,41,40,40
ff50a7795bf14586aeb06610fae49095,cama_mesa_banho,59,295,1,2100,60,10,40
20dfc860c4bf533f00053ad778d01a66,cama_mesa_banho,56,357,2,5175,54,31,46
132069c6f99d20d9e0ea2b5b1143ec66,esporte_lazer,45,805,3,697,17,23,17
8a4c5d65d3fa7a37204ea7f8538f91bd,eletroportateis,26,785,3,200,30,16,20
05b4647d7e40f280dc06e3d69deaba21,fashion_bolsas_e_acessorios,51,264,2,200,16,8,11
1ca64333e21cc2921b28c702e3ad522b,artigos_de_festas,15,342,1,300,16,11,11
566a4f2c4385f36d15c00dfcaae132d1,eletronicos,43,391,1,150,25,7,16
66471e25b47c629da4dae1bc0a52c427,automotivo,47,1029,6,4200,23,50,23
6ae3f85f46a37844372252496c77b4d8,telefonia,49,1304,4,650,23,6,16
c7ca99b36741a465e2ea397d5091105f,esporte_lazer,61,990,6,150,26,2,21
5a7373ba4c9b3e13513ded06cd1986c4,esporte_lazer,46,2029,3,105,20,20,20
e2c843e2762213223f21e0206e3b9d9d,pet_shop,48,1004,3,8450,53,20,33
c899857fb2b4a0cee39e479c1989ee3c,relogios_presentes,58,364,2,300,40,10,25
c706d50b57c9e83293c2586d01f32445,papelaria,60,310,3,600,25,7,24
36e5949d5ebec0e432fa58f5f3e65a54,utilidades_domesticas,49,998,1,600,25,15,20
1aaf80d4afeb6d8636711e75d02f1a7e,informatica_acessorios,50,220,1,50,40,2,24
21caff3913095987c249438138d0ef23,telefonia,37,255,8,200,16,3,11
925e74f05a815d63be377531002e29b3,cama_mesa_banho,49,104,1,1500,36,14,36
347b87eae9fc537319fceb5bf22d22fe,beleza_saude,59,651,1,150,23,7,12
29d5359e5182f2c0632e139faf56b663,esporte_lazer,44,3189,1,2243,37,32,33
3be495aa2bea5ca3041d723c2db13209,climatizacao,57,2731,1,200,24,8,17
dd61e943598eec72351633dd6a72d5dc,perfumaria,47,1816,2,350,36,6,22
1b9c9c11fdac157197ea45527ffabae2,esporte_lazer,47,878,1,1125,30,23,26
51945302d0858fe2efed398e1fa2df04,bebes,57,121,1,1650,39,16,40
165f86fe8b799a708a20ee4ba125c289,cool_stuff,40,1456,1,2425,29,30,19
b42d0b0ff31b842e6cd8a86a40919d63,esporte_lazer,54,260,4,2500,55,10,20
cf1817039c1c86d9f7a5991817794083,eletrodomesticos,40,45,1,200,16,35,25
81e5968d5cc613a7fb67502880db9946,brinquedos,29,1764,1,800,30,20,25
c7b3cf9de7be95b3e09e7a63315685eb,malas_acessorios,49,489,2,16250,18,53,39
a4f4c32458bcda36ae3fff9a3c40d2d6,relogios_presentes,55,407,1,1050,29,8,28
cf6db73155e09a3583117d7dbeeab445,moveis_decoracao,56,262,1,950,40,2,30
3fbc0ef745950c7932d5f2a446189725,beleza_saude,50,1257,1,350,19,12,13
c8c969c3a6423f48df9fde8a13e6770b,cama_mesa_banho,52,662,1,550,28,4,22
386703f26f328414fe118e10a5d92675,telefonia,60,776,6,300,17,4,12
422879e10f46682990de24d770e7f83d,ferramentas_jardim,56,348,2,1550,30,22,30
3d9b170c9004474584d9bfed012351fa,moveis_decoracao,31,671,3,750,41,8,31
e0e83e0b538dc1d9a1c6568d3a94034a,esporte_lazer,47,831,2,2300,20,20,20
080a388eb2bd1051b01f6fc4ca659450,telefonia,51,536,1,100,21,8,14
72172e982e8b92155069e4201c92c0bb,esporte_lazer,60,3847,5,200,28,10,13
59089e1668cc247d055ca3f9149093fc,climatizacao,56,709,1,2950,53,21,36
db5efde3ad0cc579b130d71c4b2db522,audio,40,232,1,6663,17,11,13
33e77eecc23c25a65d10f627e5053617,moveis_escritorio,48,1092,1,7400,54,53,20
633a2a64a6478966e0b6805ea708de58,utilidades_domesticas,32,455,3,550,25,15,15
c4b2187a1d2bd1543f27ba3f12e56952,utilidades_domesticas,60,350,3,550,18,16,16
371fa349d92646bbeea5873df0bcdc5a,utilidades_domesticas,49,342,1,490,20,18,16
c4fe6560e914f2830b4a189e91202c29,esporte_lazer,41,871,1,400,20,50,50
0fc6914383c2bea767a9562c9d8b43a1,informatica_acessorios,52,644,4,338,32,6,36
883e57b1f0fab96202d9e39efbe3b671,automotivo,54,709,1,5600,80,10,25
b2f041d29dd572b298f0f74de6297b6d,brinquedos,59,931,2,800,16,26,36
151133751552ad5bdd6645dfdcb0e728,cama_mesa_banho,48,590,1,1475,38,11,30
6ca1597b8e5f2618c47b414b68094450,esporte_lazer,45,573,1,600,17,2,16
7614c62b86a81021243e438cfde78ccc,beleza_saude,53,1135,5,9900,30,39,38
b6e352d888ba31d8999af279cd63aa24,utilidades_domesticas,42,337,2,1225,27,26,26
b89603272c5e7806893eb03712a0b937,moveis_decoracao,57,357,1,400,30,10,30
20abd285d5491b50603aaea6b4c85e93,automotivo,44,890,1,250,20,15,15
edaa2bd93560f6d79e10b21fa2858004,moveis_decoracao,57,192,11,2350,36,21,36
5ece1e51ece4648de249ec6e9d007fd6,casa_construcao,42,2129,1,15008,47,31,51
e390a486e30fd924501447fb663de0b7,cama_mesa_banho,57,647,1,1000,29,8,34
d4fe034cde911805af12724d73fde7e0,cama_mesa_banho,53,867,1,1100,20,16,20
9867ef342d95bb4f9b6ebf39bad864f7,fashion_bolsas_e_acessorios,44,262,4,317,24,25,21
3505d914958a72baa40d2b1e0c56cd29,artigos_de_festas,63,545,7,50,16,4,11
3634f3fec68d72a789377a5966dc289d,papelaria,50,123,1,200,19,20,21
617186c3d97ea56c9c683a8a3974e8c1,perfumaria,59,1071,1,550,21,12,20
6ac9ac586b4aa282c25ebedfa6f47ba4,automotivo,31,280,1,200,33,2,22
b21239d9e018b809f9c5a9707b214235,cama_mesa_banho,50,362,1,850,25,15,25
11f5b5f05fa5e1a6084d240310fac08c,beleza_saude,50,914,2,5675,20,18,17
a23331d31bc426296b09f6a373f6aab5,informatica_acessorios,40,781,3,50,16,12,11
e070a61270050c4b1b704300f331cca6,pet_shop,57,558,1,850,30,20,30
8e1446d14972eb9ba34dd6273315f419,utilidades_domesticas,59,1043,4,300,16,9,11
d63c1011f49d98b976c352955b1c4bea,beleza_saude,57,614,1,950,35,25,20
3f212fef0e1f11b343226b633f0426df,beleza_saude,54,875,1,1050,36,12,22
5ca6a40fbc611451486b6525c655c64b,moveis_decoracao,24,192,2,400,16,26,20
a703c0428c3b87676470d0432bfa8443,moveis_decoracao,54,532,1,500,65,7,20
fe70b3d3e1523d468ece722d2de06de9,esporte_lazer,28,538,1,200,16,16,13
d2c7a1e57b8f3e74095798f867334b36,relogios_presentes,52,222,5,300,16,2,11
7a10781637204d8d10485c71a6108a2e,relogios_presentes,42,236,1,342,18,13,15
b316bc5e17977e45daeede53257820d8,informatica_acessorios,45,311,2,300,20,20,20
fe6a9515d655fa7936b8a7c841039f34,cool_stuff,29,266,3,5650,73,73,20
98a8c2fa16d7239c606640f5555768e4,ferramentas_jardim,39,500,1,8325,43,14,33
73bcea88583002fe12b7399af4ae60da,relogios_presentes,42,631,2,459,18,13,14
77c2aff3c37f549284828851709cedee,beleza_saude,30,1418,1,208,31,7,20
b044bbed524dc39f8465f2d1b5b620f8,esporte_lazer,58,3835,7,375,30,23,23
cc60892b5adc06df9d5cc4531fc06df6,bebes,42,490,1,600,25,10,25
b0075cdedc8e455d734e6b1875336ca1,pet_shop,28,641,4,150,16,9,11
9a803c36a15de3fd981f42c0e4cabdea,esporte_lazer,45,3494,1,2693,29,28,26
fd424396761d9e1609c5516b7d8ce17b,automotivo,53,578,1,4825,61,34,36
ecaaaccb5eb3102553f001d62db6389e,informatica_acessorios,54,144,2,125,16,12,14
5bfcd193eb29c1c8332e2d4ca804d54f,consoles_games,52,1236,1,340,17,7,16
902746d948b5ade6ebe39e5930992bde,cama_mesa_banho,38,535,1,2750,49,13,45
44afebe5ba695261a126f43a4b29d814,utilidades_domesticas,49,465,1,2963,45,33,32
2eadf6089620e82047e4d24101dc6759,perfumaria,44,749,1,500,16,14,14
44a34214a57dc373dcd80f54c919d006,esporte_lazer,21,207,2,350,67,15,15
e7be84ea9462aac5e2b0b08eb35ba7f1,instrumentos_musicais,41,103,1,100,60,16,11
8b50a72d52d7a91fb19d19fbe069e2f2,utilidades_domesticas,54,1754,1,250,20,8,13
afb20d6bc6e0556ba8e9e724e6ea03bb,beleza_saude,44,1081,4,2000,52,17,35
ea3214a6eab15e1e4c9c21932e74b607,relogios_presentes,56,705,2,650,16,12,12
4ba501db540524d84cc382bb041ac508,beleza_saude,42,693,1,248,17,20,16
ae6b739ab6e9d7991fb2ddd70f9c0b6b,utilidades_domesticas,56,595,1,1200,30,30,30
eaecac42c42a65691bc3662b123e884d,,,,,100,25,2,17
31240eaae01b43247d878f3e89996e35,portateis_casa_forno_e_cafe,39,345,1,400,16,17,20
17c4bd4269902c84acc14c497f282ddb,telefonia,51,422,5,300,23,7,15
0a27862bbf658a5b8cf655761bc5c72d,agro_industria_e_comercio,53,642,1,2000,65,22,38
6a0713a63e990052795623e76cc2995e,cama_mesa_banho,31,151,1,900,40,4,30
fb495e971326b55afcb1f473adf0afb8,esporte_lazer,59,920,1,2350,20,20,20
acdffc304400a49352181f5ee9a47c52,telefonia,38,1497,2,1000,20,30,20
1c93cf120c0711a9ba9f0a188a52f649,automotivo,31,676,2,9850,39,49,42
c7f00fc7c45096568acd0e79ade90e64,esporte_lazer,28,395,1,6192,38,37,38
e5ae72c62ebfa708624f5029d609b160,informatica_acessorios,60,367,1,156,18,12,15
bc055ae94989497c0d66bfa4263ccf61,informatica_acessorios,49,544,1,150,24,12,13
d04857e7b4b708ee8b8b9921163edba3,informatica_acessorios,33,1127,2,450,16,4,20
fcf28afb1353f2f12ea041dd74954226,telefonia,59,818,5,300,17,4,12
98712b7f46e0fe4f4da2f7df1b9231a7,eletroportateis,41,450,1,350,16,16,28
9ebcdd5c31b8449a7c4f89971715add2,informatica_acessorios,42,1110,2,275,19,5,16
94e6d7727bd670351f1a806a221d1dba,cama_mesa_banho,55,134,2,1300,50,5,50
b532349fe46b38fbc7bb3914c1bdae07,moveis_decoracao,49,829,1,850,20,25,20
56be1c4161cca988cfebc66dc35b4feb,utilidades_domesticas,50,393,2,2000,41,20,27
c5a00e7e34e45fe4c79a38d102248b48,bebes,38,820,3,275,16,11,11
93c480c7d11c68ba0a71e850da61b674,informatica_acessorios,42,458,4,300,16,4,20
103cc8c441a717d9a54fca312ae8ec3c,relogios_presentes,59,602,2,225,16,14,14
7b8603501af310bf297351a4cc8cd3a5,esporte_lazer,36,642,1,300,20,7,14
fc1d8637c0268af3db482c14b7ef8e75,cama_mesa_banho,60,269,1,1700,34,7,32
a2da86fa759178e9e58e54aa1a144e59,telefonia,57,777,5,350,17,4,12
145978af3e89b318be0b717a0953649a,informatica_acessorios,56,295,3,150,31,3,28
ac5e0fcc8e524a2889013ad21cdd816d,automotivo,58,274,1,50,16,16,12
90b58782fdd04cb829667fcc41fb65f5,moveis_escritorio,34,794,1,7417,102,46,11
a02d0123079f4ae96001ba2010d1a2df,construcao_ferramentas_iluminacao,57,771,1,12000,45,35,45
ef7f9080df1ef631941928033aa7b515,papelaria,39,74,1,100,24,7,14
ff9fa77f938462abd16b53c0d934099f,esporte_lazer,57,3469,1,300,21,19,19
98f45ca7c8c275409c14c93996fdeb07,esporte_lazer,32,1132,8,10200,105,15,28
d189fbf8b5d79a670cebcaaad68d77b2,papelaria,49,453,1,3000,30,10,30
ba3c7887791624fd8c3fee460dcda417,pet_shop,40,617,3,500,24,11,24
273bed0cd59a0b2ca2a0ebe0bd84769f,automotivo,56,1100,1,3600,30,10,20
5dee2c14e1989141e15d341d4c62d72a,esporte_lazer,56,859,1,353,23,15,16
03a20f79e4c056b48ce29b3e30beb0fb,moveis_decoracao,63,1700,1,700,60,11,20
04c48a5fe31aedc4ef3896c005fd483c,perfumaria,36,574,1,449,19,14,14
6768450f8156d15d2eea50dbf509794f,beleza_saude,37,634,2,200,17,8,12
c9b8a74a8865b966e660cc1f7b4e32a9,cama_mesa_banho,59,273,1,18050,16,10,16
97b72ed1900f2af848c76555d62033de,eletrodomesticos,60,575,1,14050,55,19,46
5176d8670222d50ebbe4d4c5dfba2b49,eletronicos,44,86,1,125,18,8,12
85fd14e978b92176dd210c046abc3540,esporte_lazer,60,1201,1,200,16,16,16
f18d999ffda9dade91f3c1b0fb9c7f83,beleza_saude,35,206,1,338,20,14,19
9ddc4249779322828f89d2a9c04f7ee1,automotivo,54,699,1,1277,30,25,27
a4d44eb9f68b301db3a15c9a346f395c,malas_acessorios,56,730,3,3700,37,42,39
aa8e397582b49721494b929b3216b41f,esporte_lazer,47,1199,3,200,30,5,16
827c4a77226a3e7ef259d61eaa775df9,moveis_decoracao,54,439,2,1300,30,25,25
5411e9269501a870cabf632f05655131,papelaria,57,396,3,6550,38,30,28
c3c63b6c88b27cb29ec5d26fb0ab7182,brinquedos,56,923,3,19500,45,50,45
4ac218f276a40201c282dd01401e9bd8,informatica_acessorios,38,1386,1,917,30,16,16
0e1fa2aadc04afbf8fb30200aeba06a2,utilidades_domesticas,54,2050,4,2000,100,28,20
bcac6651b527e7de1413038c0df100d7,relogios_presentes,55,1050,1,600,16,11,11
3baabb34049f9644a9e18dd72e229ef1,beleza_saude,60,762,1,425,17,11,14
777d2e438a1b645f3aec9bd57e92672c,cama_mesa_banho,58,689,1,950,45,15,35
e7cc48a9daff5436f63d3aad9426f28b,telefonia,58,1500,4,700,32,15,21
a09fb9f597a4b8a13ab0c72d70c77081,relogios_presentes,56,610,6,250,16,2,11
8f1138aa9a4a3c0127a10b19fe956cee,cama_mesa_banho,51,383,1,1150,37,9,30
9ee8c8a931dd4d34148aa31f54ee93c1,perfumaria,56,571,4,1700,20,24,30
9007d9a8a0d332c61d9dd611fa341f4b,papelaria,50,366,4,200,51,15,15
7ca389d3eaebd21435892c359851ffa7,beleza_saude,58,323,2,2000,30,12,16
0bc5e6c957486577f11519bf36577b38,beleza_saude,31,1356,2,525,21,18,16
cfd414b4463647f58c7775eaae06893d,beleza_saude,44,1529,4,300,17,7,12
6a33f85f66191cc5b645b5f775ca93d9,esporte_lazer,60,729,4,400,16,6,11
f91ca402b63936397a526d0c81976270,beleza_saude,56,990,2,200,16,16,16
28e2aedad93288312a4929b8dd91ec73,ferramentas_jardim,41,1094,1,1100,16,6,11
e1bf2f209fd2b08e1af3ed71732d9008,pet_shop,34,630,1,127,18,10,14
0bb1142b8037490f29e8f322ad5b538c,perfumaria,37,296,2,200,18,3,11
62c89abe1afe3a23c17765d462718a4c,perfumaria,51,805,1,540,23,13,19
6ba64cfa68872d30def59da724cc6ca2,esporte_lazer,45,573,3,150,27,31,18
5926c58c462b5d1f932ef3f0a9e37d41,casa_construcao,29,869,7,8300,40,30,25
dc4adbe80b638fa8ed7ce4d2822e05af,brinquedos,63,1047,6,2850,65,24,16
5f0968068096bd1129c543f3fb59604b,utilidades_domesticas,59,167,5,2000,40,12,40
e489b41419c7d7d00445dc5d3c9966a4,relogios_presentes,60,146,4,300,16,2,20
79da264732f717f10ebf5d102aa6c32a,telefonia,59,675,5,150,17,8,14
9bb8ca338e5588c361e34eae02e8fad6,beleza_saude,37,314,1,431,19,17,15
f37d4bcbd21078ef36fd59518e99f045,informatica_acessorios,52,673,1,1025,32,14,12
26a6aaf337b078349b5ec749be2e7a5e,utilidades_domesticas,58,1556,3,1100,23,12,17
e788814dbb6e72ac15d42d8651324b56,cama_mesa_banho,45,292,1,1250,41,7,41
bee2e070c39f3dd2f6883a17a5f0da45,informatica_acessorios,53,871,4,175,20,20,20
1c6c35cdf70ee1c3515cd1527f4aa6d8,papelaria,56,909,3,450,28,32,23
81abb619b6717f1ff31f79e5d73a215b,,,,,2700,24,5,17
49cd59957f1c81427ca0b2edf5696969,bebes,33,55,2,400,25,10,30
83d5757d175fa2b1b90e5369ce549b8e,malas_acessorios,20,590,5,4200,40,55,15
4c09470b433cef8a5790d7519849a282,automotivo,59,1278,1,3250,30,30,20
983b5668afc4aa8777599206fcc8964f,papelaria,47,222,2,1500,60,20,29
f73e87b204f0a4bcfa8edda38d11b334,automotivo,58,425,2,150,16,6,11
cd2c0529e45020c77a7c05b4ef2408fd,cama_mesa_banho,55,377,1,1000,32,17,52
90dbd461e405599ef4d208e19e472125,artigos_de_festas,51,336,1,4100,33,18,33
a0d20b18f2a06b34206ba5933b4ec05b,moveis_decoracao,48,3571,1,2600,17,17,60
72ca7a219f9f5b1be88c79e3aedd0152,papelaria,58,487,4,650,21,7,15
68a058d125ba1544e726898f0b8c0523,moveis_escritorio,54,1283,1,10475,52,51,17
b5fc56b0fd1d8e72bc4f4fa53215c16e,livros_interesse_geral,40,624,5,350,24,32,16
7b2c4d6fa7d8e50000ac4c7fca609790,eletronicos,58,942,3,575,26,15,18
ac23312b29784c30304f2ec719891690,esporte_lazer,63,436,2,7800,46,36,36
79366d6a24de9351b7ca6e3cf75a68ec,eletroportateis,44,2558,1,1100,34,11,25
bb50f2e236e5eea0100680137654686c,beleza_saude,60,2644,6,400,34,4,22
fa39c60599eb6573020f07a1b4dd38cf,utilidades_domesticas,52,806,1,1183,38,18,26
59f05ef2066d40581892a96722e9c465,informatica_acessorios,38,1353,1,963,25,18,18
9b1430fd2db68dd26abc986921680143,cama_mesa_banho,59,81,1,350,20,2,15
dbfac885ce74c770040e1c99389553e1,casa_construcao,55,523,2,19800,45,45,45
6c8b2975a4a05d1f36948b20753b29ca,ferramentas_jardim,47,895,9,1500,45,10,35
926d11f0e2a1171fed968faf5caa8f92,ferramentas_jardim,29,799,1,1150,28,55,12
9ada4c8f4e072df42ff63b30520b6975,moveis_decoracao,58,662,1,4150,30,35,30
521a361808bedd9fffb32181e501e09b,utilidades_domesticas,40,220,3,1200,20,25,20
ae8465400218e5aa54535b74d9138416,cool_stuff,46,81,2,1200,35,25,25
324ec8bebfcf3f507afed8c13760f92a,eletrodomesticos_2,41,963,1,27250,51,49,70
f18e0f3757837733f36da5143ddccd73,beleza_saude,49,487,2,30000,69,66,50
3799649bfcc7821635d757a711ae7357,beleza_saude,56,1801,1,2000,30,13,20
b162dfc96ebbb5bed62e6f3ecc8ceefe,ferramentas_jardim,46,810,3,200,20,20,20
2d857ab2a090c784ad9de4c8dedac0e8,perfumaria,63,466,3,1100,35,15,17
3aec7cc616c8c08edba18d7d2f50e43f,cama_mesa_banho,58,298,1,2700,33,7,39
dabc8335b58a49ec2f5fcb06255cd733,cama_mesa_banho,60,643,2,1800,38,7,28
c34eca608b9ad78334018f7690b48912,pet_shop,58,374,1,300,23,19,18
fe9dfbe7f974621789683b7b78be2a16,beleza_saude,54,1131,3,5300,30,24,38
9324d11d98d73e980e13fbd30569e9e4,pet_shop,55,1501,2,875,26,19,23
1121a43969b79e65010c2a5cdd0dcb6c,utilidades_domesticas,58,1204,1,11489,42,67,42
23365beed316535b4105bd800c46670e,telefonia,56,351,1,350,19,4,11
a79e27ad902bfc67386ea63ed1ef7a08,agro_industria_e_comercio,56,93,1,100,16,5,11
31639956e7fac87ecfd9d608040638bd,cool_stuff,38,500,1,5150,90,4,42
e6d3e381889aa6e9d222ad50cb30ac43,relogios_presentes,36,617,2,480,18,11,14
1da4613d4f7e10e1554538b46dd16486,papelaria,59,326,3,1600,60,20,29
c2bd03501cf7f4f3a1201e6069155bc0,moveis_decoracao,55,133,1,900,35,4,30
821f6f2b173248cc704e369c94228008,beleza_saude,58,1552,5,22150,58,94,29
bddc1407637849d18d139b4012e4406a,casa_construcao,38,883,1,2483,18,14,16
53e695484b71a194bf7d89b48700756a,fraldas_higiene,54,560,4,5100,32,19,29
70615110b87b5e185d019c1968084752,brinquedos,60,178,6,1800,35,20,20
e7593e3c84b3302e1531a715f1ded8b2,moveis_decoracao,46,458,1,750,30,30,30
569ffd16f8032478cbeb9800f2e94ba0,moveis_decoracao,49,544,1,410,39,3,28
88d07a97123a341509effc395bf418c8,fashion_bolsas_e_acessorios,30,275,5,500,30,20,20
2903f5a4475454e513a2bdcad950b90f,moveis_decoracao,52,2010,2,3000,69,11,11
ba74c6b75d2ad7503175809688d5a03c,relogios_presentes,59,1088,2,292,17,8,12
3ae88ae7de71731768a584f527dc1fb0,bebes,40,1561,1,850,30,40,50
67fe44191fffe358dc237a228fe96430,moveis_decoracao,51,1186,2,700,53,8,11
a7ca7fd9bf5015bfeecc4010e8fa4ce7,bebes,57,327,3,7400,57,40,25
c3f6113d5b61bc95468432072b27e23d,informatica_acessorios,64,676,1,300,36,9,11
95fcb44ada4cefca4f03cc0b4b69ee33,beleza_saude,55,1530,1,1600,22,14,22
1ffbbf003b5a076002ac9deac36b1c4c,moveis_decoracao,41,352,1,5150,25,25,20
8b52d90d2e8716dad633486c6cc94ecf,telefonia,48,504,3,408,14,16,15
f08b29913c73e394bc8477b1e69f7762,moveis_decoracao,49,709,4,550,34,6,23
909b87db6cb3a7ab26bd03cc59860136,informatica_acessorios,28,1111,1,169,16,10,12
7703b8cb5b77fbb36518ea91e2ca734f,relogios_presentes,54,192,5,250,16,2,11
1c30d57d1e1e0184594217845937b8e0,cool_stuff,38,319,2,400,25,30,16
f55cd6a68f96c3041176998ce1850ff3,,,,,200,20,5,20
29f63bab786f598d17b6ebeec83e78d1,beleza_saude,60,918,1,150,22,3,15
7ee6dbf13ecd5dc58d07fd0fc2eaf49a,beleza_saude,37,780,1,250,17,12,12
054515fd15bc1a2029f10de97ffa9120,esporte_lazer,50,799,1,150,18,18,18
7b1c12cfed7333cdc1dc8e4a20752613,moveis_decoracao,50,209,2,1100,40,25,40
3c1907ae45ee32709a71b67f20f65814,telefonia,40,988,3,250,21,11,14
6ed0ed10d62b45f3de46933b0b2989a6,bebes,32,1531,1,700,30,40,50
2ff995aead9c63a1f37a07b3664ead37,moveis_sala,45,353,1,7500,61,11,46
7935ddc510afb7d08989660b382b7f26,papelaria,59,246,3,7700,60,20,29
e724a0cc4252ae8385e3b66944b6a3ea,automotivo,60,715,3,1750,55,27,40
45e1e8edc20a5fabee57761f03feafc4,telefonia,53,541,1,50,16,6,15
be69b1c83725cafaa993146ad08b11ca,cama_mesa_banho,54,119,1,2450,36,16,36
2f9c2888168b8c2d8e625905f3737057,telefonia,54,169,2,150,20,5,12
4cb6e86e1328e77e20b5f90771683cbe,esporte_lazer,46,728,1,1100,22,27,22
d6dceccd14ebaa873733a545c1e5374a,beleza_saude,52,299,1,350,40,40,11
716a15647e7f7cfa2f875d657dae4c03,cool_stuff,41,634,3,625,18,14,16
f49e985b4cb2d0543890d6dd00077663,portateis_casa_forno_e_cafe,55,1345,8,9050,45,33,35
80a28a92c0530e6838d3f35cae419d34,pet_shop,52,503,1,21750,74,39,40
a5bbc554f75cf4afa2cd56791015ec27,instrumentos_musicais,60,1216,6,800,30,20,25
420db7fc556a05b1cdf665a103f9ce6b,moveis_decoracao,63,691,6,6850,46,31,35
0efc91aa52d1f0669126d3000a94279b,cama_mesa_banho,52,111,1,2100,15,18,25
d5c263f4d651ba657c900ce70a4be7de,telefonia,59,458,4,350,20,30,20
db6796aa712a2626572bb3d0b9a039cf,cama_mesa_banho,53,561,3,1350,45,15,35
cce3ce6484896041ae3dafdd4308a39c,consoles_games,46,653,2,4350,18,33,39
b5e87f53476b0084bd9ff8ae015fe05b,utilidades_domesticas,39,189,2,2200,46,9,32
62d8daeee0db3a60c234c2d1bfd10651,cama_mesa_banho,46,113,1,350,40,4,30
51d35e4714b113bccacfe7248a13375a,automotivo,60,764,1,250,16,10,16
bb674e06dbfa1c64d429fd65dfc02f87,bebes,39,246,4,2300,33,48,35
e85cdca8790ea0026ddf7316f469608a,moveis_sala,32,607,2,4600,30,16,30
d401d9445df5a515a304b386278b4844,perfumaria,52,567,8,1800,26,26,35
870bcc6c58e03ca658cfdd13db4bbe28,informatica_acessorios,27,428,2,487,19,12,16
b3cd6ea8ef75cbcb2856861b31eb9bc0,relogios_presentes,57,312,1,600,18,13,15
b38909cbe15b374243bcacb3e14c3a1e,beleza_saude,41,864,1,300,19,12,13
0798196b28c04c8e543322896c882902,informatica_acessorios,60,527,1,450,17,2,17
2136c70bbe723d338fab53da3c03e6dc,relogios_presentes,55,167,3,200,16,2,11
5a8f056272cbc4ea04c72f989fcb85f8,fashion_calcados,57,2245,8,1150,33,13,20
504f07e36481e5e72043def3d874b92a,esporte_lazer,53,847,2,600,33,5,16
508f0e9cc116910a45a3d133491a929d,construcao_ferramentas_construcao,54,906,2,600,16,5,13
4e424a1cee1626e101d211bd604b10e0,eletronicos,54,675,2,350,16,16,11
a03b43c945af2e3500b0dde49fbd87c6,cama_mesa_banho,56,256,1,6083,51,32,50
cc696680ea0cefcd5d7d5d928afb8de8,fashion_esporte,48,1108,2,200,27,14,13
ffc9caf33e2d1e9f44e3e06da19085f7,beleza_saude,22,279,1,2134,25,22,16
bc45f8d4954ef77dcaad81627640cb2e,moveis_decoracao,56,296,3,1700,100,7,15
a87229f9d53610c8fa59579c82e1da8f,malas_acessorios,49,278,3,850,20,5,20
6856ab01ef22301e08a45d5842ccb247,cama_mesa_banho,59,271,1,1600,45,15,35
fec8c282124bc6f504cbc6e9ec38450a,automotivo,50,1800,1,22100,16,2,11
d9bdf643d95cb89844c0da1a0df1d16e,perfumaria,39,572,1,475,20,9,14
3ff53c0418c367eb333906f83eff8fbd,papelaria,60,343,5,350,30,20,20
9fbfc0d1a475bb65f9c0e39bb927a99a,utilidades_domesticas,38,772,1,4450,16,29,23
8694f037a1ff62c5b61939eb818e43ab,moveis_decoracao,57,314,1,600,40,15,40
586328f570ac0b651d452f1227db4d1c,relogios_presentes,47,434,1,119,17,10,13
b4546f52515517c7e25a51a13695c1f3,moveis_decoracao,60,2070,1,3000,69,11,11
d79868fbfc500d54ebab71dca6ebe5b2,instrumentos_musicais,43,553,2,2200,25,12,16
d487ef7eb97ef91db077d19473d6e5d4,utilidades_domesticas,23,171,1,12000,40,30,40
606a5b6dec14661643801e2cbf308b04,eletroportateis,50,84,1,600,16,35,25
284d7e2406319d5b3491ee65da648b6e,esporte_lazer,30,309,1,1125,32,15,36
952670bc019a73f0933157ec82ff6e4f,cama_mesa_banho,46,162,5,3300,60,18,50
7b0837837bc77c47aff31afc04286281,ferramentas_jardim,56,1087,7,10700,41,23,40
a734287b931bd7a03b9e30261ddc08ef,relogios_presentes,42,450,2,400,16,19,14
ea0698c943d7a9133e6d36de68654750,beleza_saude,42,413,1,500,16,18,15
80736543f7c5c511bccb61d1544d9d0b,cama_mesa_banho,60,310,1,4600,36,10,20
87283a98b24f9f1ac3a31b631073cf47,fashion_bolsas_e_acessorios,50,411,5,150,16,5,20
5b3b5f9ae84ca9ead3138b199420cc94,brinquedos,48,1146,7,5400,20,60,50
946b20e2799c73ad1f8f95440f723ce4,cama_mesa_banho,63,409,3,16800,45,15,35
70aa499facb0946dc40ff974166fd522,automotivo,58,1683,8,2700,46,16,25
e950f579a1170b4e385f734c5771e9f4,moveis_decoracao,31,178,1,650,30,19,30
725cbfcaff95a4d43742fdf13cf43c75,cool_stuff,58,537,2,1850,34,5,34
1e8f7164e2c9b32dcd58e6a6b6b294cb,automotivo,39,77,1,2000,25,6,23
f07dfd51b27ae763526ca43745920b7d,cama_mesa_banho,36,578,2,175,23,6,13
ef8856db4e302ad33dc4d91e40f7593c,esporte_lazer,29,531,2,1350,41,10,35
44291e25afe160dfe5f844da1b0f8b15,perfumaria,54,964,1,50,16,5,11
fb3ac05315c8f4a1b54de74e098ef7e2,automotivo,55,3317,3,850,20,15,20
c695342500b74ff952db47b541726de1,beleza_saude,25,429,1,200,26,18,11
ad1128daf194f4b6ac4256e16233497c,telefonia,32,580,2,100,16,3,11
e95703a89b7e347a78ac894708191b36,moveis_decoracao,52,575,1,3100,30,30,30
f40e67d9fbad11e25f958cc8b534af73,beleza_saude,49,453,1,583,20,6,11
3af5874bd2429ed183a5445d1432fcde,construcao_ferramentas_construcao,51,150,2,100,17,5,13
ec5b5cce0b8464a1c618325f35c779dc,moveis_decoracao,60,2084,3,1300,69,11,11
65fd9b358b7ee029fba34839e9c35fdf,informatica_acessorios,50,556,1,350,28,10,37
df4bcf4a328103951507064660c445e9,automotivo,37,1479,5,650,26,9,24
e1da6ab77f4859eb17950e5df1c0f815,pet_shop,56,724,2,7050,50,21,21
30a47cc354b9607076272300c899dce9,bebes,26,1594,5,450,26,7,22
3c54d3fdff96e2d3dc2115d08ef858c0,bebes,58,961,2,1200,42,25,15
de480e3ae31eea2d2d97d694c43172fc,informatica_acessorios,48,535,4,150,16,5,11
ed2067a9c1f79553088a3c67b99a9f97,alimentos,52,919,1,750,16,12,15
9e4a852f41aff52bafff133d9deb5eee,papelaria,55,382,5,5700,38,30,28
a028a0cb37c1e9693e906ad948031da3,consoles_games,25,491,1,100,18,7,17
5af8f974918d5e68bc22ea894296adb6,ferramentas_jardim,41,674,1,800,19,32,19
d9c2eaccfa617895e2720f212e592de1,esporte_lazer,46,3820,1,1400,22,27,22
f2399cabe080029634d12cec4f60dbf0,moveis_escritorio,50,1117,6,2100,16,26,26
202d7062d09aa564dfd5aaa1aac775b6,moveis_decoracao,50,1538,2,1600,54,8,11
f1a7551730e920950fb0346630971099,esporte_lazer,63,1200,4,1800,70,12,17
40c6502218c2b8ae624cd1576aac13c1,utilidades_domesticas,48,1875,4,550,17,15,15
a9e1892ce37ec3b694e45a58e3377556,moveis_decoracao,57,954,7,1850,90,12,12
0e9083f06ff39f2cfe1ba2c8f589f591,utilidades_domesticas,57,246,5,7900,45,20,45
94475071013412139f862c0bd7e3bb37,papelaria,46,708,3,317,22,14,22
44b6fc0101a9341e43ad3342a51ef75b,brinquedos,47,763,3,3600,52,22,47
edfbb2566914ddd223d3bd6fa1e9693c,cool_stuff,40,1114,4,750,20,8,13
fc7138a8f96aee8302e42916bbbbb818,eletronicos,54,1460,2,161,19,8,17
17b41b007356c9b333b4e7c1fcedb066,eletronicos,50,966,2,23500,60,30,60
d3eacacc44cc941912e3e97ed52037c6,automotivo,45,582,2,10300,40,40,30
8458f51c49c1af4c4b388dab8810215f,esporte_lazer,54,1214,3,1050,43,19,13
1dceebcc5f23c02ea23e16d5bedca000,cds_dvds_musicais,47,117,2,550,35,15,25
46d35d41fbeb3693160ab97bdfa11cd4,telefonia,58,689,3,200,19,3,11
562f0027bf0b43b487536b01b2002a3e,cama_mesa_banho,25,478,3,1100,21,29,17
b29c9ac1d3d4e8866f6c4ad814ae9591,beleza_saude,18,1177,1,500,31,11,23
72cb4380c5a90c64048cafdf60d31f88,instrumentos_musicais,59,1522,1,500,19,16,16
3dfde6238edcdef675421817783b14da,informatica_acessorios,55,264,1,700,30,15,15
07821918ef487fd64eb20b3c8aeb897f,informatica_acessorios,52,1873,1,267,16,16,16
4a5c3967bfd3629fe07ef4d0cc8c3818,construcao_ferramentas_construcao,55,338,1,2750,25,8,25
97407223aaefebbaeb89d285e7c64f75,cama_mesa_banho,56,280,1,1050,41,13,13
159e7e73295b609960c0797eb64b3d39,pet_shop,52,418,1,467,22,34,21
0d86ab499a2af7f2352d18e2a6be12f4,cama_mesa_banho,41,702,1,951,22,15,22
91846781ef75057e134949400768e272,esporte_lazer,59,1732,5,1550,40,20,20
13b39e2e8f2621e6645afa77a459f3f6,instrumentos_musicais,50,1106,1,350,16,5,16
154b6772d166a9c3398661ea26350dc6,esporte_lazer,51,512,3,7750,103,17,28
a8b5e02c7f69ca5ccdfa99417079d135,livros_tecnicos,41,1002,1,2050,28,5,21
af2808733a159ce5dfb2db7ec510f8d4,utilidades_domesticas,54,641,1,1425,27,19,17
050ab8e1f87a468de0eed97451da3efd,bebes,52,1488,1,8450,76,21,21
cadb69af336c16aba5c5223599821245,eletronicos,41,386,1,200,25,7,16
2ac71e1960d313613f4f4cd468c602cb,esporte_lazer,37,737,1,442,19,16,17
380b4664ba5bb18cc9db78ee6bac3558,relogios_presentes,44,322,4,250,16,2,11
186fe07c8b8005ec6a498587ffbc1352,relogios_presentes,60,193,3,200,16,2,11
77b49ce38659731ae58ff7404a8cf515,automotivo,60,264,1,8775,43,14,20
9483476ac5b7549f7df5ff12fb6fb5d9,esporte_lazer,52,183,2,300,20,14,20
b4ce8d32dea944f1720681420c4cd5ef,cama_mesa_banho,58,560,1,2050,43,11,35
919b08607e72077425654ac5fc0b5528,moveis_decoracao,56,279,2,17250,55,30,55
84a87daa85c8b432d90bc1baa0cb4388,bebes,37,1266,3,700,21,10,15
5d66715cc928aadd0074f61332698593,eletronicos,52,390,1,150,20,13,18
945d5b64caf3027a69078cd3254657a7,,,,,750,24,10,18
cd5f3705d31440675796beb0ee641fa8,brinquedos,40,430,2,640,23,24,39
59614aca5e5ddb29fd461f83c8f32b1d,moveis_decoracao,54,942,4,550,34,6,23
564a04f027fb97b53ca08464632db860,relogios_presentes,46,2021,3,550,20,12,15
060cb19345d90064d1015407193c233d,automotivo,49,608,1,7150,65,10,65
6767719f80aabbbf16ab2491899c32d9,telefonia,56,2569,2,375,16,8,14
8ec49c92046701e29cd13082ae8034eb,beleza_saude,32,3682,1,3550,20,20,23
628677036f276f6c0792cded8e9211ee,cama_mesa_banho,37,1156,1,1300,40,40,40
8af5b5f4f89849cc4dce36dee73dd9de,moveis_decoracao,43,730,1,1000,35,10,35
5f19455f0c3902e89f16a6042bd4221d,beleza_saude,53,1136,4,7600,30,31,38
7ec7316a34a907336bae0f4b56d12d24,moveis_decoracao,47,477,3,50,16,3,11
1afdb4e17af189582b06591ae8a031a4,fashion_bolsas_e_acessorios,59,131,5,250,16,2,20
210feb9ae3b060d29ec884aac60e5f10,cool_stuff,50,629,1,1050,37,22,26
3516632e8f52b679ff83d1665ecc990e,informatica_acessorios,45,267,1,167,16,12,13
28a0aebd7bf7ec9b31443c4cfd3e0f0c,informatica_acessorios,58,238,2,350,16,8,11
1a080577618e7fe4d9ddd8fb2b47a964,relogios_presentes,33,623,1,425,19,13,16
525947dbe3304ac32bf51602f9557c12,cama_mesa_banho,60,236,1,2600,34,7,32
dddeb2ee7ac86f0b08c51249f8f329ec,moveis_decoracao,54,198,5,1350,30,25,25
5eb564652db742ff8f28759cd8d2652a,,,,,,,,
1c080978925cd796eb3f7bace4ef4239,construcao_ferramentas_seguranca,55,1012,1,1080,24,27,20
de7087431dce1f95bf39105df32825cd,esporte_lazer,35,1660,1,200,16,16,16
f5d8fde6bbeab928266d4cc80eecd701,market_place,63,420,3,250,16,4,12
4cd531c7f4447ebff6dd6bd12993fab8,construcao_ferramentas_construcao,30,1663,1,21400,33,36,33
11fd9d7ba552e1d28872e008acf1e050,cool_stuff,31,1194,3,10225,19,11,11
ed50991bf7ccfa075d2cb1ca9a29adae,moveis_decoracao,63,395,1,1100,45,15,35
7148a8f67a1564b5a6c5944398357e18,papelaria,60,688,3,800,23,7,16
8beaa9c2347824b1bf4f8784a0cb5ee4,esporte_lazer,38,166,1,900,20,20,15
bf4ff42133c7bced3bda24a521a5e12f,utilidades_domesticas,60,446,5,11550,45,28,45
f7e5d0186f539b61586d7ddd247d2996,moveis_decoracao,49,833,1,2900,40,8,40
a47295965bd091207681b541b26e40a5,telefonia,60,818,6,300,17,4,12
6cdd53843498f92890544667809f1595,beleza_saude,51,625,1,900,25,12,38
906b864d4d4058844e5187d9fb4109a3,utilidades_domesticas,58,614,1,1600,30,35,30
a1ebb47a48200e6566603de49b83f621,esporte_lazer,52,474,1,2900,22,28,42
f1f01d27cb8664e16d57ef4a8075f3be,esporte_lazer,57,615,2,4175,31,33,27
db49e555273e8f70eac0f18f20919850,fashion_calcados,40,303,12,400,29,7,16
161c9558fccfbf0a9ed72b42285635ec,sinalizacao_e_seguranca,59,592,2,450,60,30,22
642a40d4d73b4b2604968937de13634a,cama_mesa_banho,43,93,1,250,40,4,30
d0b183d64a31b20c18de673e6e1edd9d,beleza_saude,52,1400,1,500,21,4,16
7eaf66aca1ed54df09b3c864b7416110,construcao_ferramentas_jardim,55,2039,6,190,21,7,15
9644a7af60743efbb41bd30c624799c5,pet_shop,58,1048,1,2192,38,21,24
4b05791ca096d2b0b87fd292dbd751a1,utilidades_domesticas,51,97,5,200,18,4,12
583f158587cdecda3e8bdea694021e39,esporte_lazer,57,1042,7,800,42,8,26
bc3d15dd90a6794ea7710f1642aae319,,,,,4050,31,24,26
b384160c8fb72e5debfa85d4511f7b28,telefonia,43,598,4,500,18,7,11
1341fe21db99218918b57ca553968a50,brinquedos,39,997,1,1270,31,16,32
35ffbac108d291eae9a8df90f92f6fad,eletrodomesticos,54,186,2,950,62,17,25
acde6bd0b5f91190e2a123df389b0b47,automotivo,52,545,4,358,16,6,17
1600dcf1cea8c0c83702e07b577ab231,relogios_presentes,57,181,4,250,16,2,20
c73628b1c3144b2e0c9c88072f21a213,automotivo,60,1892,2,850,20,9,14
29427de7f8a9ee983d9dbc51cec569b4,cool_stuff,54,995,1,4475,44,24,31
3bebad3cf2c8d1a8d3ce97174643e054,agro_industria_e_comercio,49,903,8,500,17,11,11
a9b36aaa68ebd315701524c822800f29,moveis_decoracao,54,532,1,550,70,7,11
7fb04722aba7a2b632bac8f9819796f3,beleza_saude,48,594,1,1850,24,36,23
3b60d513e90300a4e9833e5cda1f1d61,,,,,450,20,12,15
1191e61a83c807323c6c1cb5eac9ff3c,telefonia,59,777,6,350,17,4,12
3f3bb9a9009cafb307bc91e3d8a507b9,moveis_decoracao,63,208,2,7600,100,7,65
d89b65ae21c1eed8128aafb8c3c553fe,construcao_ferramentas_construcao,56,952,3,1400,16,16,53
b2e22c958b453a43a650a579dcac2e43,relogios_presentes,45,473,1,438,18,10,14
d3d2f358e7e92dbbbc0a37d0b7435253,utilidades_domesticas,58,2108,1,2400,34,31,24
6d6c510f2222e168bf3b6b67e24c9535,informatica_acessorios,33,273,1,517,16,12,15
64fb265487de2238627ce43fe8a67efc,cama_mesa_banho,55,329,1,1825,44,14,34
555c681a23ca3d3adaaf1a74122b5bcf,informatica_acessorios,55,1883,1,5323,22,24,39
afdb06ebeca917512783bcbaa8ed28c0,automotivo,56,568,4,1800,52,5,52
8155728af949f234b666bf60ed257e6a,cama_mesa_banho,57,280,1,550,34,23,43
c3097e07a0a5de0d4b4c836d90c5a284,eletronicos,43,425,1,200,22,11,16
c36bf06e0eb9da82511d954d8f25114c,utilidades_domesticas,56,456,5,300,30,11,20
6dceb64b44142aeb9fe7397dfefae705,automotivo,32,348,2,150,24,2,17
a7ae89769bab33a607946e0fb4a9c7c9,utilidades_domesticas,56,204,1,3300,36,15,29
461f43be3bdf8844e65b62d9ac2c7a5a,relogios_presentes,35,591,3,444,20,14,16
df676834e2a38e1bf267bd85a2dc8e3a,relogios_presentes,43,987,1,550,17,14,15
cfd6c873a8d86ecd3a2cc3b96fc63729,bebes,25,498,1,13450,60,32,42
e19ddcc85537b41f22116c8d5425ef46,moveis_decoracao,48,519,3,700,26,8,22
77feb885b9ca6c9b64934b33e3c0e15e,ferramentas_jardim,54,683,3,6300,37,15,37
349dcde76e42ad7a08253c7e825af897,pet_shop,28,2161,1,700,30,10,20
6dab56beb5263f0d554cae5c55809208,beleza_saude,56,966,5,175,16,10,18
ee75970e2871fe4204cf7bcdda61d08a,informatica_acessorios,58,577,2,1400,22,9,16
20fcf54ae3433ede318a3587bfe559c4,papelaria,54,318,4,1350,38,30,28
24fffbd0188d2b7ceb351214c514b28c,perfumaria,29,616,1,426,18,14,14
b89aa9d4a130c4556741ebc4a93d8844,esporte_lazer,51,239,2,1050,60,15,15
b29fcbd778387a0218e2f058e57bce75,,,,,8750,36,27,54
af91083bde899b201798b52ae89babea,beleza_saude,44,937,1,350,19,12,13
d6dc2dcbb3ef25e47ef82f3c013ab820,casa_construcao,53,646,1,6500,30,35,30
3abb0e27cb9374f334c59074d868bcbe,esporte_lazer,48,1936,2,200,17,11,15
bfdf2b8f64e8464211813710134b205a,beleza_saude,46,1682,1,700,21,14,11
e878662b68e175a58b5951e44574d5c8,,,,,2000,33,8,23
19421075ae0b585f2dc13ff149e2119d,esporte_lazer,32,1797,1,150,16,16,11
24aaea2bb541cc5d78141f2bc053cd37,relogios_presentes,56,712,1,500,21,14,14
bb48c8fda6bcf73c9a0178fd1a1a366d,cama_mesa_banho,59,58,1,400,20,2,15
ee0c1cf2fbeae95205b4aa506f1469f0,perfumaria,44,334,1,200,16,16,13
1e1a186a03f0d98268516827690d4fd2,bebes,60,1078,4,575,16,18,17
6c3effec7c8ddba466d4f03f982c7aa3,consoles_games,56,237,3,100,16,12,12
e357a8646a17191f03fd9f833a0fa29b,moveis_decoracao,52,1348,6,1175,34,20,22
eb883e95b710f252cb15d0fb41d8bbe9,sinalizacao_e_seguranca,54,908,1,3000,30,30,30
51f876eb62be778c757503cf7f8a3b74,beleza_saude,33,198,1,67,17,15,14
e94df75b2e9a8b056be0c144a731f55c,pet_shop,56,1538,2,625,23,17,19
98d61056e0568ba048e5d78038790e77,automotivo,49,546,1,6400,63,11,63
b5a3bb1341d217322573b76c03d7b81e,cool_stuff,45,2066,1,1650,33,44,19
c388aa3cdd554588ebcc869156381ba3,esporte_lazer,46,463,2,300,35,4,25
dc404a1496a08f9f5540c8b5d4b92925,brinquedos,46,753,2,1582,31,31,35
ca140156f7f81f8e406cc66cb8f12a67,moveis_decoracao,42,204,3,800,20,11,14
f42a421aee7e5f8a70a9b68cfd53ef55,eletronicos,35,317,2,350,17,3,12
b0fd001716da5648244fe5c374d03df8,pcs,56,1645,4,2400,16,31,39
88e2fc6c65d64b3edbf2cade16ea82d9,utilidades_domesticas,56,595,1,6850,30,30,30
af8acb9fc1592c0d00bf5b8a3d43e8e9,utilidades_domesticas,57,582,1,4550,30,28,28
d678178aa4291cd25a755a90188375c8,moveis_decoracao,43,789,1,950,20,35,20
2cd4861a56a6f98288e0281e47f4b1d5,cama_mesa_banho,57,293,1,6250,60,10,40
59ebd2c07d59483d0855b5b3d5e18728,telefonia,58,818,6,300,17,4,12
24d8da2d499efba175b1092826b7e390,esporte_lazer,35,248,2,150,20,6,14
f3c5f7d4a6b87b94a7ce5fa1c1b2ca10,artes,53,927,1,200,16,5,11
f849624adffb78b4cd40066ecf73aaeb,,,,,9400,45,39,33
108c2bc00375b068ec4d353bfe3649ce,fashion_bolsas_e_acessorios,57,61,1,300,16,2,11
7743659ed8c624dbee1d9806c3396064,telefonia_fixa,55,1324,3,900,18,20,17
9011dc38b7f50972289ff46cd50b40e2,moveis_decoracao,59,438,1,900,30,4,20
d6b4d1a0d7b4224aa86e3ceff1d78217,eletroportateis,49,2370,2,8050,35,46,35
1c55a8be0613dd888ed9c039cea3d660,moveis_sala,56,1043,2,3100,30,11,30
25e2023ed83352bde98dc1490d14c3d8,brinquedos,30,1024,1,887,30,22,20
f177b434709ecb652dbee4f4b19aef2f,fashion_bolsas_e_acessorios,56,197,5,200,16,16,16
9548f3f06fa6c1983a2278e2a16ecdcb,papelaria,52,206,1,290,18,4,14
c9845573653d06921e63975a8eca331e,telefonia,48,461,5,150,19,4,11
450c25d98ed6923154a934554475bf13,beleza_saude,60,1946,4,19150,87,76,16
7f55769896fc6596e7251490b8b5e536,moveis_decoracao,45,520,3,450,30,10,25
2167c8f6252667c0eb9edd51520706a1,industria_comercio_e_negocios,48,1581,1,7750,36,51,18
53efd9ce31847b93ddaad249b879b88c,esporte_lazer,58,734,2,1200,82,16,14
704ef63ad0ac345842ea734060a83db2,cama_mesa_banho,55,249,1,850,38,10,38
7e0dc102074f8285580c9777f79c90cf,ferramentas_jardim,60,1251,2,800,30,10,30
014a8a503291921f7b004a5215bb3c36,bebes,37,497,4,150,16,7,11
8a8f06e954adeacfeb28b9af2efdc354,bebes,39,779,2,14150,52,63,31
06c950c36d589b39b34f5dc1d4a75e29,beleza_saude,53,885,4,667,30,14,16
7b024909c999cdbddc27bcd2a1eaf889,bebes,59,556,3,9800,65,60,15
563ca93c70b8dbcd7c3738b349a033b1,utilidades_domesticas,39,285,3,700,16,15,12
4534bceddbf90ce5876ec482cc5c74d2,eletrodomesticos,60,215,1,200,18,8,13
34a7ef14a5e7901f4a1d52e7b543c9fe,automotivo,55,1122,3,450,16,5,11
d49f9f12cae797620ffae81f5cdf0f79,beleza_saude,54,116,1,350,19,11,15
134a6fc4a713a799266ebd6a4f4008d4,esporte_lazer,47,900,1,117,16,14,16
efd7af8312533d58ccb5ac26304dd3d5,automotivo,43,294,3,220,16,10,13
a06a7deca7108e64a94482aae448c20a,brinquedos,54,704,10,5100,29,15,40
f494b6e2b8bd806b45b117992c959a8a,utilidades_domesticas,47,485,5,1250,30,14,28
d92239d375e7626174b8545ea884b504,automotivo,60,244,1,480,27,8,14
056193fc88b3f131fae751356896b168,utilidades_domesticas,59,1996,1,8950,40,30,40
fbce4c4cb307679d89a3bf3d3bb353b9,cama_mesa_banho,53,597,1,6550,30,30,30
ddad89d4353753d93ac500b1caa5bf09,moveis_decoracao,57,184,11,2200,36,21,36
b5adf7b72a7eb667aafd446581c35f3f,relogios_presentes,44,234,1,483,17,11,13
dbb67791e405873b259e4656bf971246,informatica_acessorios,32,321,1,207,17,12,13
45f176c0bd310b5d35594fc78a8ed5e5,brinquedos,43,1324,4,3625,29,38,26
e44f675b60b3a3a2453ec36421e06f0f,esporte_lazer,35,1058,1,350,17,17,17
17eebb377a986cfb90285ec913767939,cama_mesa_banho,49,657,2,6700,50,20,40
595fac2a385ac33a80bd5114aec74eb8,perfumaria,29,178,1,400,19,13,19
a92930c327948861c015c919a0bcb4a8,relogios_presentes,59,319,4,250,16,2,20
a3cd9517ebf5a50dca25acce54f3b171,utilidades_domesticas,52,1910,4,30000,75,58,65
86133a2151bd98a3ed2ad758709e6d1b,cool_stuff,59,1634,6,1750,20,8,14
ad3e8888fa82a721dd44c481da333ea7,papelaria,46,80,1,900,50,2,20
8d5a307bf0bf94eceb4ccc2b0753f14c,moveis_decoracao,49,1478,3,1250,22,22,22
bf3024b979e260a941c418cc5771fff2,utilidades_domesticas,50,372,1,800,26,21,21
d54c5b81fc2b38707588dd4eddc7c594,moveis_decoracao,59,455,1,7850,52,18,35
914323edd50192310dd03435b0e6ad65,sinalizacao_e_seguranca,48,373,5,200,18,15,15
1dee3524e3a91274c8255b3a31373ead,papelaria,57,2042,1,700,17,12,17
1f39e56ddd4944595b9a7d9d7e4e16f3,papelaria,53,576,1,2400,30,5,21
86c43103446290e7efacad3701cd654d,relogios_presentes,58,644,6,250,16,2,20
b36f3c918c91478c4559160022d3f14e,,,,,300,16,4,11
97d1914c419fa8222dee93c465395aa4,eletrodomesticos_2,55,772,2,300,16,16,16
d51f9e208b88e49c98f6a55649d5df35,utilidades_domesticas,55,94,2,1200,21,21,21
6e6752783a53e4832b969f1417ca34cf,consoles_games,34,425,5,600,17,5,14
baff5f5a048f514e921ea530c4a7a814,moveis_decoracao,31,222,2,450,16,40,30
ebc714d9f070a89f4d411982ea9670fb,brinquedos,50,999,2,1950,24,35,26
fe59a1e006df3ac42bf0ceb876d70969,informatica_acessorios,60,2136,1,3407,28,22,23
ca9bcd697674a4d0eeb84be9c533b9d2,pet_shop,37,385,1,3800,45,30,35
968996bd8988520a2e0e9e869819fbaa,livros_interesse_geral,51,547,1,350,35,4,25
59a0529af96d3d459965f044c5cd1296,moveis_decoracao,54,974,3,400,50,3,25
e31ddc888efe970ebfbc8e7b460babec,esporte_lazer,58,1033,4,2933,40,7,24
2122804f6d118ffec73266ebf35e85d4,beleza_saude,25,740,1,1450,25,29,15
ef7de0bbb0e0b0110c270e9381719761,telefonia,49,346,3,100,19,3,11
2fea0f2cec6b6324a277d4a61c2ed2c6,beleza_saude,57,2026,3,100,11,11,11
c432f90fa332fd2e5091f2ac2d226aad,alimentos_bebidas,56,757,4,10500,35,30,27
b73f6899a58fe7a37e55149e9a11c717,moveis_escritorio,19,917,1,10500,53,73,18
e7f85e7f0203b7b95cc1b4c21b4b070c,cool_stuff,42,582,1,5575,60,22,47
b58353f3c743b266e48dabef728bc0d0,informatica_acessorios,42,443,5,400,30,16,16
7822d1f226e657d5c98ce5a18bd0ad94,eletronicos,42,433,3,200,23,5,14
50e1b118f266b655f613f753914c42db,cama_mesa_banho,44,630,1,800,16,20,28
4cac1a12a6fe9ffba4a9556dbe582e28,automotivo,46,365,1,200,16,5,20
0abf3e78cba7361d44b40b471592ad38,eletronicos,38,109,1,100,24,8,16
4f5459b07e4a3e0897228ccfe3aa474d,utilidades_domesticas,56,728,5,1850,20,12,16
41f447e263110b954a7e52f6052ab5e1,telefonia,47,334,2,100,16,4,11
13db47eae724e2848e12b71a617a3a41,audio,34,468,1,425,17,11,14
07b90e3c7e287977b2e8cd54a98ddb89,ferramentas_jardim,45,821,2,500,20,20,20
f71973c922ccaab05514a36a8bc741b8,malas_acessorios,47,482,2,16100,35,65,44
af0a99476d96dcc1a1baa7c0d9ff6b9d,beleza_saude,52,913,3,593,30,13,16
dd6701abf8ccf81f932abdb773d15b15,papelaria,57,1772,1,500,30,16,20
362db8a45afd47d3f54c0f34f7c828bc,beleza_saude,16,646,1,800,28,12,18
bf53d80c6cb1cbf63ba17e2175d521a5,bebes,32,1531,2,600,30,40,50
7ba8971d032709efa2bf76c413975d2c,malas_acessorios,45,224,1,700,46,10,33
c35498fbb4358837ae16850f50c3fd22,telefonia,59,973,1,325,19,8,22
f62ddccde7e84ddb39d2df03e228e044,relogios_presentes,48,455,1,300,16,11,11
381f27465b52fd5f9fe3b668e53c1eb7,eletroportateis,48,84,1,700,16,35,25
5a5d7d4e7f23de210890506c818d2b8a,,,,,800,48,40,11
65b8088cea1e67b54a517052979d07a0,cama_mesa_banho,59,679,1,1225,19,17,22
ab0a97f604550b5b5b99180a6dc04461,tablets_impressao_imagem,34,150,1,150,60,11,11
c80c377f9c43421aa6ed91b1259c0bf3,relogios_presentes,56,500,2,338,14,9,13
35557c68a22ecebcf066e25ca2ddc144,ferramentas_jardim,50,741,3,300,17,7,12
151f6da73d1f11e1a75553f0281d19dd,fashion_bolsas_e_acessorios,42,78,4,200,16,2,11
d443be168a577afdf50d59932d3b78c7,informatica_acessorios,48,254,1,1025,30,15,15
bd61abd7c000040b89263d2ce00ae8a0,fashion_bolsas_e_acessorios,29,126,5,200,16,9,11
fce1a7007f115fe2b900a7592ee87c47,esporte_lazer,32,1823,2,200,18,8,14
4d7bb00ae05b63575484f113503baf21,casa_construcao,38,428,3,3350,38,20,20
71540d636652fc682032d3b3c0a180c1,casa_construcao,54,923,8,1050,16,27,16
d9339c5714743c460a9470730f79f6c5,informatica_acessorios,43,904,1,100,16,2,11
82a61259a621866c4ba63743da29a342,esporte_lazer,57,1307,1,4350,20,20,20
31a89a7044c5b133cf646404a4e86022,utilidades_domesticas,55,1231,6,2200,54,25,25
2de4aa76a72feaca51fc8f83ae037c7e,cool_stuff,56,124,1,5600,25,37,36
0cf41187284d7f099adc8415a743ebbd,bebes,60,644,1,300,16,16,16
c9c6fde711572c1ad99ca12728c6af00,telefonia,51,678,2,150,17,8,14
72b88dcc0910a3d1db986870c1515029,instrumentos_musicais,53,1038,2,250,25,9,20
ac18c4fdc7fb66fe4d3d88dfc02d041f,papelaria,42,214,1,600,16,39,37
6aef77cdfe08cd913ecf82f04149e0d3,beleza_saude,37,293,1,800,40,40,40
218f5d32f520df3b8517cdd86da09466,esporte_lazer,28,144,1,2456,53,14,16
e53e557d5a159f5aa2c5e995dfdf244b,informatica_acessorios,33,256,1,180,17,10,13
954ed36fcf28237749ef5616ab0eff87,fashion_bolsas_e_acessorios,59,439,1,150,16,2,11
99f5b2240b82bf9387e5cf2fc0335b08,informatica_acessorios,53,422,1,160,19,11,14
f63729cf4441fe64282cd1b82281792d,esporte_lazer,60,1358,7,2150,42,10,22
acdd9eaa79720ca045ce3768250b8e47,beleza_saude,59,669,1,400,30,10,17
9ba8f142d5750b47282d95c0dad1ef57,alimentos,51,589,1,500,16,16,16
7fa2058a9bf3a89ef34df823357e0be9,eletrodomesticos,48,247,1,190,18,8,13
a3b994a761e7a3ef4b527ac7f1057e9c,perfumaria,54,954,1,50,16,5,11
cd48f265a63e13b762601f5f794c5fca,bebidas,48,859,3,175,23,21,21
e7f539de944d2d7d5c206cd730f606a4,moveis_decoracao,56,427,4,650,30,20,30
b35350b4bec82c6f2935b3919be35427,cama_mesa_banho,30,143,1,400,40,4,30
e8ca1ff2d0a28edb5be8bfbf2964dc3a,esporte_lazer,52,320,1,450,42,10,25
87b77bddc8fa1c1272ec769a5134310c,brinquedos,55,741,2,4384,39,35,34
10a96b8c9e62f372aaf40bf8ec897a75,automotivo,47,376,1,1100,85,20,20
48ece3b2abc4abd9d02f45aca7c3476f,esporte_lazer,50,186,2,1800,90,5,30
ae5cad88462eb7b7b61401e31c45618e,informatica_acessorios,44,1428,2,250,30,20,32
dc48030c42aec9ae7ec9757387ba4250,relogios_presentes,55,490,2,300,16,11,11
6a057a401eab3b3cb8083d9e42972233,beleza_saude,34,3395,4,1200,28,10,18
bb7c4f517d04b6b36671d63ef0f198b0,moveis_decoracao,38,212,2,6450,62,10,62
9fc063fd34fed29ccc57b7f8e8d03388,beleza_saude,48,657,1,750,38,12,25
e3e6af2b9a779d64b3589a5b56102d16,moveis_decoracao,44,565,1,1050,25,25,25
779559842fc122d55edbd03153f35e81,esporte_lazer,55,1028,3,200,21,13,26
002552c0663708129c0019cc97552d7d,cool_stuff,18,263,1,355,22,16,12
c92f0e7b9d49a9543558d6532772441b,malas_acessorios,48,485,5,17550,73,20,47
982565327a800a467fffeac070672ea6,eletronicos,58,945,1,1167,18,17,23
94976cc078d10e74c19c62f0b3b52432,cama_mesa_banho,48,262,1,6150,52,16,44
fc7f47f5160e876b754ce2b83a02c01c,telefonia,58,676,4,150,18,8,14
741158fada4f10d804c017c381d6925e,cama_mesa_banho,60,870,1,17800,58,40,50
84f456958365164420cfc80fbe4c7fab,cama_mesa_banho,55,312,1,1550,44,14,34
eb6c2ecde53034fc9ec47741b3232c9d,moveis_decoracao,49,829,1,500,20,35,20
c403e106353e1aa40efe783ecb39ed7a,cama_mesa_banho,30,169,1,550,40,5,30
aad6f87ee5ffce657b9b3729187be36b,automotivo,53,341,2,100,24,2,17
2f52d0d10362af85da6cc7f901832523,automotivo,55,163,1,200,20,10,11
b0961721fd839e9982420e807758a2a6,ferramentas_jardim,59,341,2,1850,37,22,40
759be9d8dec6d1622e7b0b8be27740fe,moveis_decoracao,17,423,3,600,18,21,20
e03102efbc2229024c89be731f0aedcb,papelaria,57,366,4,750,101,15,15
0c11029e1f747d21ae2f131082236d7d,instrumentos_musicais,56,437,4,5050,70,40,40
aa7f707ef77cdfa8a3059da401c11311,esporte_lazer,33,513,3,300,16,6,20
e9edbdef7d4c22a8507cf7e05d93d96e,brinquedos,56,309,1,300,18,18,18
88fb259945a739dec6cdd001e2cbad55,relogios_presentes,58,2025,3,850,35,17,17
44d097d59e8430f88a67517cd0c4f865,fashion_bolsas_e_acessorios,55,151,6,350,16,2,20
5ca5d42f98d39aa421923c2fde2c1558,eletroportateis,54,1736,4,6950,40,30,40
7ce94ab189134e2d3c05f496d635419c,eletronicos,39,400,1,200,25,7,16
5cde85235c4ae7747e9b48de95178a14,informatica_acessorios,35,905,2,383,19,20,17
d05cc9afc85771f597cf4bc9d8f12546,utilidades_domesticas,37,526,2,450,40,15,13
cd0c6e2f80f5a0ea7e366b01bcb66154,telefonia,57,598,1,200,19,4,11
4a9389b1a1ad7d52963f24ce0391a08f,esporte_lazer,54,561,1,700,18,18,18
787a7fee45732e04f90ace8fda0ed076,papelaria,45,300,4,100,16,6,11
240ab905c5d99c074894c0fb5a27979f,,,,,200,17,5,14
68821aa251c8715f0c4199f413511411,esporte_lazer,20,582,1,11150,28,4,28
1d9263e74c3e8e57d3a7bd505b7b871e,informatica_acessorios,42,885,1,200,28,2,40
7583d9a579408cb84bbc7b0e4548ec18,cama_mesa_banho,59,279,1,5650,40,15,23
854289563c41e83bc59072f5b61fdece,relogios_presentes,43,575,1,300,19,10,15
c9c0435c9331c27dc487a2dc1738a32c,fashion_bolsas_e_acessorios,60,849,1,8400,62,20,40
61787f92f08a18258c0267e53cb9c1cb,fashion_bolsas_e_acessorios,42,220,3,300,22,8,15
bc137217dc0cb0559a1f46e0500f50b6,bebes,38,596,2,300,30,8,12
872db866d615db59612ac933f43d6b22,moveis_sala,31,609,2,9700,27,15,92
3bf95cf337a8c87435a2949c48350fc7,beleza_saude,59,1538,1,2017,28,30,27
3e824028352cd013af85473283f832ce,beleza_saude,54,971,1,550,20,12,12
d60166e9266f585350edbe81a7c3c62f,moveis_cozinha_area_de_servico_jantar_e_jardim,33,1915,6,12550,25,100,30
d86a6c48f83b045cbba6df84926a1f25,brinquedos,58,1150,2,3900,45,33,26
df7dd741f55a686edccf22700954e1d5,market_place,63,1108,8,1950,60,15,45
685d230b37cfc4427f505662387c53e1,brinquedos,40,641,2,350,30,15,20
071feff570bbf61f1721e181435ebf0f,telefonia,60,1401,4,340,22,13,16
2d4a0901f4f1829bd4f4affbb142ce4b,consoles_games,44,1339,2,700,20,15,20
3354a4e684f5e7199f9407db70ccd92b,cool_stuff,52,847,3,1200,42,25,15
680d5104ebbd8f3cb6a209864ab8891f,perfumaria,58,861,1,500,18,17,14
17e7d9a179f3f2d61223252038276d35,papelaria,57,309,1,600,16,44,29
f65464750198350b78735037a9b35dd2,cama_mesa_banho,61,398,1,20100,45,15,35
89197eee3abe531055b90c8ab1df05cc,moveis_decoracao,60,1977,4,2800,69,11,11
821a07e1e2a0382df1f3761ae3cd435c,cama_mesa_banho,56,184,1,1550,46,3,34
d918b3f4aa5272c2c3cd088d087ca069,esporte_lazer,58,3703,1,2083,28,23,21
977aa4ebf84b0eac12c39f9d3d8333cb,beleza_saude,49,623,1,200,30,4,12
3ab4b1931a4bb6cbef302ea76254e850,automotivo,52,951,4,250,20,20,20
71da6d6632902431cdca2b3a8e681b80,beleza_saude,42,713,2,1225,33,13,30
921d31a1daa51460b7a95ea5f3ab64d5,beleza_saude,40,702,1,210,17,9,12
16bf176650a888512655cc94f61860e3,relogios_presentes,50,401,4,200,16,2,11
79c0ace2ccf0da036e787875a49151a4,moveis_cozinha_area_de_servico_jantar_e_jardim,55,1211,5,14150,100,15,15
6cda4e34e42ceee3bc219010c1333577,utilidades_domesticas,51,1519,1,500,17,13,13
867dda95bbba37fe56fa288449fa122f,cama_mesa_banho,43,184,1,600,40,4,30
2b4472df15512a2825ae86fd9ae79335,moveis_cozinha_area_de_servico_jantar_e_jardim,44,112,1,13550,48,49,49
8562e2c780a345b609e1b802d7e3e4ae,cama_mesa_banho,51,1208,1,1100,45,8,35
76f4ae2b91f4c543cb215e778747a63c,construcao_ferramentas_construcao,47,361,2,6375,38,27,41
de4fb1ddae276a3503afed39c8227cff,esporte_lazer,59,1310,2,5200,50,20,40
728cfef9eca3d89054807d5c7e894e04,moveis_decoracao,58,357,1,400,30,7,30
525cba66c6af7c9570d9dae3742cdb89,fashion_bolsas_e_acessorios,30,227,2,200,16,8,11
5fc3e6a4b52b0c414458104ed4037f1c,informatica_acessorios,38,228,1,200,16,5,11
787049a00ace087394d4183387405ee1,casa_construcao,56,1084,3,450,100,12,20
187e7d92b8168c3661824809d0c5dffb,beleza_saude,30,1501,1,1900,27,9,18
dd72dc91b32e2ea6de828c39c805c7a5,livros_interesse_geral,26,409,1,150,22,2,22
10cdbbacd25110d10f8cbe925ea7853f,moveis_decoracao,41,1191,1,8975,57,57,22
130482add9fd75ccb6c57ba007694a2d,informatica_acessorios,55,60,1,2800,40,15,40
491067a4bc3ca4303e9fba74d629412c,bebidas,55,314,1,4400,16,25,23
774bf54401ea79ee6962d25b605716dc,informatica_acessorios,50,3014,6,350,16,16,16
3a2c32450609ca9f17e919385cc2c943,cama_mesa_banho,57,542,2,11700,40,20,30
11e02f2cd150fa54525a1109f61ea2de,perfumaria,39,270,1,325,21,12,15
13c1b4c5f9f4eb68afa4132342e73777,beleza_saude,36,862,1,460,24,14,18
d89ba268c7abe3819f2d39f0a359077c,esporte_lazer,57,793,1,3200,30,30,20
c3ba4e8d3cb30049213b682e751e9d00,relogios_presentes,58,737,3,350,16,2,20
196a8ebab62f48072dc189014d46a8d3,ferramentas_jardim,40,430,1,150,20,15,15
0e2d365a247d105fefc31b17ab8706d9,perfumaria,35,503,1,430,21,11,17
897238958781769d5c277043c154a3df,bebes,25,616,2,450,20,12,20
e988092a8afe5d9393a5c3a7ca17691c,cine_foto,36,337,1,400,23,3,23
952a2fb95f913c10c33c1e509c7b8d9a,utilidades_domesticas,44,209,1,133,35,11,32
88774687a8883c2c512e37de090bc725,cool_stuff,55,745,3,7900,44,21,38
6d68112743e7ed2de3932554b033f544,livros_tecnicos,51,449,2,500,90,11,11
76f520fa5e8912001989fa3fd6530d94,automotivo,35,2507,1,250,16,20,11
a6d11caea18ae416c4861a5a9f9711de,relogios_presentes,41,491,4,433,22,24,19
0a783d7ce18a37749c3a059cf829564b,beleza_saude,58,2879,1,200,18,9,14
d5766f73a7ac018222201ecba2b79018,utilidades_domesticas,43,116,2,350,26,9,19
0705b33fb285827a578fce4899f1b921,esporte_lazer,35,650,1,400,95,6,47
0736b2e56f06e14d3aa1bef54de26052,telefonia,33,367,3,75,19,3,11
bb42b10bcaba6e4a309df375d6fb38df,livros_interesse_geral,27,325,1,500,23,23,23
163da86e86f0089de089399c28c3fcbb,informatica_acessorios,60,407,3,400,16,3,21
83b23a333b811855258c5ec9431f6d3e,beleza_saude,51,247,2,200,25,10,20
033c52084417b98d716d863d8bd11fba,automotivo,56,1144,1,600,30,20,20
1b0e9a414e59a00b13262ffb248ed9b4,alimentos_bebidas,57,400,2,262,28,15,20
5f39447057f5cc7964f30ec06ebf73a1,beleza_saude,46,632,1,650,25,12,19
96e46c5d63399f513d292cdb8033cd02,pet_shop,58,568,1,600,18,25,18
f41c5473a596f099a92bd03297ab0aba,livros_interesse_geral,63,890,1,700,24,24,16
40c7fdb4c192c7df52431d1b079f9026,relogios_presentes,52,192,5,150,16,2,20
1c76b4e79bb358170ef2565779cecb38,fashion_bolsas_e_acessorios,9,76,2,200,16,3,15
54d9ac713e253fa1fae9c8003b011c2a,cool_stuff,57,787,8,1867,36,6,36
f9025647e0a95c843a2d85c23df34c6c,papelaria,60,298,2,700,66,12,12
77c0fc0c22b0e79a703aa61068b7bc7a,instrumentos_musicais,36,1169,5,2500,44,10,32
8dc8cdb4e5a2d2f2af019bc5a255e907,beleza_saude,53,313,1,650,25,20,25
436620c465f757ba7b47dd580f3c1eb2,eletronicos,39,145,3,100,17,3,12
92c92e54ea03085ca64e3556bdc18689,moveis_escritorio,44,1350,1,8000,53,74,18
599f8ba174ccb73cbb51452117fe3cb0,beleza_saude,27,654,1,517,19,11,15
236f65f769241706362f78a15083e369,construcao_ferramentas_seguranca,49,323,4,200,20,20,20
ef153414d98782a711939e8fa3dc89ea,utilidades_domesticas,44,1119,3,950,30,20,35
73bc42701d50d3c0673b38ea8fbe2e32,moveis_escritorio,47,1194,1,16650,63,61,24
976738868bdcc86e959ba2a7b726d4d5,cama_mesa_banho,55,198,1,2700,35,20,30
2597fa111c97e1e8a782d555e3a4d83e,moveis_decoracao,53,1749,3,950,65,3,45
1ed4a7921293b8e5e028f0dd4cc166a6,moveis_decoracao,25,527,3,545,17,13,17
c69dd9ac363d46d6e2ce4b11a0ee164b,automotivo,57,744,1,4475,56,31,34
bcdebacf985da0fae4e1f55f1aba7562,fashion_bolsas_e_acessorios,45,1005,6,750,25,5,20
1fa0faff5eafb13003f9559ebe6becb3,relogios_presentes,59,159,1,200,16,2,20
f5bb0eef3914b07a9dea355a6a3069da,telefonia,57,1044,4,150,19,4,11
54d7ad85b648d3cb2b7069ed446d7f35,informatica_acessorios,42,503,1,1067,32,13,22
2d063994ae4667cff3d6841e9d441d1d,eletrodomesticos_2,60,715,2,2750,25,15,25
16048247166ec654c76c845f308c85f5,perfumaria,45,973,2,400,16,22,16
8e7ec8bbc0989d1ccbe6971f239eae9a,pet_shop,31,640,1,128,17,9,13
4678fb24818cab9ec956d9b610435d9f,perfumaria,60,225,2,100,18,4,11
a54f350cdb1f303fe39221171d003852,moveis_decoracao,24,249,2,5850,25,25,25
d986e4bd747ca20b348abcd013cd1303,esporte_lazer,59,938,4,1200,80,14,14
6276a9c20b9182d92ffebdb0927c2653,informatica_acessorios,42,602,4,300,37,2,28
10714d6a49c0af9ccdab2d806887c5f5,esporte_lazer,59,254,1,700,40,45,25
c892c76504fbc267594383bd0f0d94e8,,,,,100,16,2,11
22c5ddc22ea8cae84fc9917def682dc6,perfumaria,24,435,3,350,25,15,15
b6d96e7683a87fc151ea589ce97a330d,beleza_saude,18,180,4,150,21,4,16
1d6d7be70107889e3193819aca4dc1dc,cama_mesa_banho,54,396,1,900,24,5,20
e4fad067efcea03c66a5fa661d391603,beleza_saude,43,480,1,333,19,16,21
597d26435e8ef77bb0fcd26f6c07d486,moveis_sala,33,316,1,13725,54,22,53
aa53b7499856e6df13008f34100cc336,moveis_decoracao,53,629,1,1800,30,35,30
62bf07cdb14270c48cf42ca0312986aa,esporte_lazer,35,1761,1,8100,30,80,30
e70f7c188cd2c0f01a1f6b35411cc481,relogios_presentes,56,742,3,250,16,2,11
e095c986136fd680308f08bc98f20a53,cool_stuff,63,2662,2,300,17,26,12
70b9fad17d9a6e0fc5cb1f056f9c871d,moveis_decoracao,58,564,1,1050,75,25,25
6421ae053bb80dff3ceae1f217f54ed4,telefonia,56,1081,6,335,19,9,21
476f613bc92f3a20cf80a586fa45a232,cama_mesa_banho,56,207,1,500,50,11,40
0de59eddc63167215c972b0d785ffa7b,construcao_ferramentas_construcao,58,339,1,4100,26,8,26
33a11954c13e439a0a632a2cb996b534,esporte_lazer,30,157,2,250,27,4,11
6b0894fbd8143c541f3c40622d8a9603,ferramentas_jardim,60,3088,6,1200,34,7,22
c57bafab28dd10e1d95c06ec176e7441,climatizacao,51,1265,4,2550,18,37,36
1c2343e8f516d16e590d499476a026f3,automotivo,59,103,1,250,25,20,25
f1b1c272713f21efd25aec03865dffe3,moveis_decoracao,45,713,4,600,34,6,23
a4800b5d0f4850922208a6cefcffed51,esporte_lazer,28,1042,1,1250,19,12,12
b0517edd4454b9c2537f65826f500a2f,utilidades_domesticas,57,476,2,250,30,10,20
bdb4be6ce2f7f2b5be0a16088028c7fc,utilidades_domesticas,54,851,1,3100,45,28,26
cef6b1cb351ebdaec947e31ad360f5db,pet_shop,54,1027,2,850,24,20,24
18209df52bc87a69b84db4df602397c1,ferramentas_jardim,55,1061,2,9600,35,27,23
ca471cac17b5ae036fb4466a577fe1b4,moveis_decoracao,22,721,2,5800,58,20,38
266cb817d01b77ace5dc383d8cfd0540,cama_mesa_banho,54,289,1,4200,36,10,35
acc78c9d340dbe682491c9d31ea7e187,bebes,57,2188,1,450,20,15,25
58f63077f5153309a576fda4e0851982,perfumaria,56,624,2,363,20,12,17
058b372f969b59e8c4a27e224243909c,papelaria,52,90,2,5650,20,30,20
75b65bf02912d0c0ec94785f80216982,cama_mesa_banho,58,2584,6,2628,56,37,48
0cdaad368fc9c18b0e7c3328f79f341b,instrumentos_musicais,51,504,6,8600,39,15,57
4cb33e9787e8a38b82bd68e70f5f4700,perfumaria,55,878,1,333,19,19,21
5dddb31154cbd968caa4706ef0f4e0f0,ferramentas_jardim,35,247,1,1100,19,50,20
5aad359a63cbb4fc35ead44346a3eeb4,moveis_decoracao,24,457,4,100,80,10,60
d33a74e1b6cfc152b6b3f43324d54987,informatica_acessorios,56,366,1,350,27,4,34
e8c6039a25765995ac7c1ec2cbef5765,relogios_presentes,58,364,2,250,40,10,25
211f62173e6bd1cf140c0b05ecf78cbe,livros_interesse_geral,43,551,1,1600,25,6,18
374fb6698c278b6af1c7b7c8fb95585e,relogios_presentes,59,476,2,350,16,2,11
869a3f72ac569dae87e9ea2755d561ef,moveis_decoracao,49,260,1,300,21,3,29
9437358367868e28d75ce47e393eef99,esporte_lazer,57,2890,1,4222,38,33,33
f4851ffef385d506603396041da7c1d3,informatica_acessorios,56,2104,5,650,25,11,15
e2fcaac49de7a3a90f0dc74d7b1e9f10,casa_conforto,60,249,3,4550,40,30,40
0e87ff05afa3ddd73b7920ff4587e0a4,cool_stuff,48,2067,1,1650,33,44,19
72a30483855e2eafc67aee5dc2560482,esporte_lazer,43,869,1,967,21,24,19
041644fcb6426ab2a7c992fac010771a,informatica_acessorios,58,283,4,300,35,5,25
86da2c247cca57fe5928cc175e2a65e3,bebes,57,273,1,8500,30,64,20
a45af86c4a7948f5fabbb5b0132475cd,utilidades_domesticas,36,597,3,300,40,5,40
ce6f74096c84567f22728c84f3d6e7fc,cama_mesa_banho,60,352,2,1300,30,10,30
10698a66d71ebd12be9e8c39302c74b3,pet_shop,56,681,2,150,16,11,11
6f58431a7150fa91bac9f28f5454a8e8,informatica_acessorios,49,204,2,125,16,18,16
f1261761d91b574288d60a6390a007b6,cama_mesa_banho,64,332,1,1600,45,15,35
878446a0acbf50aaffcad66218c018ea,cama_mesa_banho,58,166,1,3450,39,12,33
3e03619d360cd44f29e094aae3c4a76b,esporte_lazer,57,609,1,6950,24,7,11
b9976e9c22fb1540bd71d1bcd2989475,artes_e_artesanato,60,1611,7,2550,46,16,25
081d21aa3dc9b583104a15fc4dfd1160,cama_mesa_banho,54,289,1,2150,35,9,33
8a07df3b4a96005496043e667f667beb,fashion_bolsas_e_acessorios,54,480,4,100,18,12,15
fe7f10e5c9d36a294333b0c35ccc24ad,utilidades_domesticas,41,786,4,1150,30,25,20
4630317645c09161b7409edb2448a828,moveis_escritorio,45,1156,1,16400,63,60,25
1acb18fc869c5489d5f76abcd681165e,esporte_lazer,47,858,1,1600,30,30,35
e68a5a5626c4b1bfc5ca78202f898300,cool_stuff,53,940,1,2100,42,25,15
8d139b1550c8cc91a3babc9cfe9fc147,telefonia,53,1017,5,500,16,6,11
c6ea63369936552872ae890c82175b4b,cama_mesa_banho,58,162,4,2900,35,12,30
cb26d15d1b6eabaac7c0803774245884,esporte_lazer,54,1247,7,30000,86,67,35
0b039b61011417822882815943f13dac,eletronicos,41,711,1,150,30,10,20
d41dc2f2979f52d75d78714b378d4068,consoles_games,44,228,1,450,30,7,25
90ebb732ad20456afe8516eb5fbf75f6,moveis_decoracao,53,892,4,2750,35,35,11
dab2413ead0edda9967edbc9bda2a64e,telefonia,57,680,2,250,17,7,13
add6fbcc94b517d1875ab4a9484e49f5,cama_mesa_banho,54,382,2,3100,47,21,41
da16d51397a128691eb2fec79f2daaf0,beleza_saude,48,534,1,2000,30,12,16
3b37da20f1b1b8d79065208761003a69,utilidades_domesticas,60,926,4,250,20,18,20
67cdbf842853a39463b426b3b2d27466,beleza_saude,34,218,2,350,20,14,18
b59fb744c6f3cd1dc23b10f760848d98,esporte_lazer,45,118,1,200,25,2,17
75d6b6963340c6063f7f4cfcccfe6a30,perfumaria,51,999,2,400,18,11,20
b3c9fbea83e09f3d0994b2f8301c89a7,casa_construcao,56,860,1,11350,20,20,20
9545d45c37449ccbc376de3a04c66e71,beleza_saude,39,1749,1,1350,27,9,18
e87ed1eba20ee630499eb23fcfb5c5fa,fashion_calcados,46,648,2,1000,18,8,20
2b6726ab177dc4ec000e5fcfc6926cf2,esporte_lazer,43,1032,3,1100,16,12,12
431d674f9a4fbd0957ecf6ba3fcb6899,telefonia,56,1892,4,450,17,3,11
ca804be785914dd234a6dd0177c2c577,papelaria,58,696,3,1700,101,15,15
d285360f29ac7fd97640bf0baef03de0,relogios_presentes,46,501,4,363,18,13,13
bef82b9c3489736794c29f6d4a686ca6,informatica_acessorios,51,147,2,300,18,12,14
f4562f701031e9ead90f426761bed162,ferramentas_jardim,55,1314,3,2100,30,30,15
1ec486885049bbb9b79351d150ed18c4,fashion_bolsas_e_acessorios,36,412,5,100,16,5,20
38956cecc0bc8d8837371d0aeeefeb59,cama_mesa_banho,43,113,1,350,40,4,30
4293865e4ead3d446609086b4cfedb4f,cama_mesa_banho,59,189,1,1650,46,3,34
20e4242f5101de646ac3a76508fc640d,moveis_decoracao,43,2186,2,250,60,11,11
cdc4af478fef19f03f1d0353c00271cd,relogios_presentes,52,364,1,250,40,10,25
c21bd5b6be0663cddb80ec6744d6ca24,esporte_lazer,57,3315,3,538,23,17,17
eb8c629f70275fd1c4f809116cce1efc,moveis_decoracao,51,831,1,1400,20,30,20
aadae4da0b9feede5777009c5e1497d1,livros_interesse_geral,60,2671,4,600,20,22,14
904a9e449fbfd90da738ab70ae6ca003,eletronicos,43,742,2,283,18,9,15
49196a215bd6514843cebf65ebbe52c0,perfumaria,56,1440,1,475,16,16,17
5ac31d4825e0f3d9077465c57d4cef3b,perfumaria,45,974,2,100,16,11,14
1ff18eb99f2be0ccb3fb4e39d662308f,moveis_decoracao,45,354,2,1050,35,20,35
af35be35db4ad0dc288b571453337376,moveis_decoracao,24,457,4,100,80,10,60
880be32f4db1d9f6e2bec38fb6ac23ab,brinquedos,45,589,4,200,16,7,11
553e0e7590d3116a072507a3635d2877,cama_mesa_banho,38,735,5,800,20,20,20
7f70545e9d4c47a4e84278437672f03f,eletrodomesticos,57,125,1,300,18,8,13
9a3a44b7cc16f2592b2110e4205edf97,moveis_decoracao,57,2016,2,550,68,8,13
2f5e485bacfeb554bec55cd497c9bc51,utilidades_domesticas,42,367,3,236,23,14,16
1d974de82e60d653a2d1cc79984dcec8,utilidades_domesticas,34,605,5,1650,37,17,34
0466aacbd155769293483722a2e5bead,ferramentas_jardim,53,2430,1,7150,30,40,30
47cc9106e1bc828d424f9439933ca075,cama_mesa_banho,55,434,1,1100,22,18,18
e0148326fbd8d54b927f7000959751a4,perfumaria,29,156,1,100,16,8,19
1ed65bd74fcdbc4b99bc838f1b8583e8,esporte_lazer,45,317,2,500,25,25,25
202bd859659a841de892b00c341300ff,relogios_presentes,57,573,8,200,16,2,11
f93213a23c50edc16c27b96333f734dc,esporte_lazer,52,482,1,7550,28,40,40
e5f4167c170ccd8777cbf51841b6f7f3,moveis_decoracao,58,1400,5,550,47,17,30
ea28ecb788ab4fd8d5dc8bd4b4274209,moveis_decoracao,50,1181,3,2600,53,8,11
bd6e6fce9ada76ea2db0f1912e8e478f,cama_mesa_banho,49,381,1,850,25,18,40
af51d485dc5255ba2e18b21b550156e6,malas_acessorios,57,674,1,22350,32,74,53
40cc62bf0cf7aacfd12d865c196baa55,telefonia,49,613,2,250,19,4,11
52c80cedd4e90108bf4fa6a206ef6b03,ferramentas_jardim,33,2188,2,7650,20,20,20
e840aad8112818661548fda5d12653f2,cama_mesa_banho,59,140,3,1400,36,8,29
329ee774172a8dec4ae65b229f2c73fa,esporte_lazer,57,3285,4,1225,30,17,17
44a879f6d43c4750534a30dea1f6d804,relogios_presentes,48,680,2,5867,43,19,30
12dc5e5d178b930cf87cf16e812fc2d5,perfumaria,27,1280,1,125,16,14,14
3e4176d545618ed02f382a3057de32b4,malas_acessorios,35,468,1,1200,40,22,30
ffcfaba393e8ef71937c6e8421bc2868,casa_construcao,55,523,2,19800,45,45,45
a89d629b52f63724dbee62c0ba9e979e,construcao_ferramentas_jardim,35,1151,1,150,16,11,14
fab8297a9d2e7e1e756998675831f7e9,pet_shop,63,1440,3,6700,40,20,50
8def905dc2fc7ae5edb3637821a7652d,,,,,900,16,16,16
f819f0c84a64f02d3a5606ca95edd272,relogios_presentes,59,452,1,710,19,13,14
e3d56b75987accb32f776ba6c710913e,moveis_decoracao,24,268,1,1050,22,22,24
5dcd17b12ed2175d4fe6157e047d7be2,moveis_decoracao,60,572,2,27600,70,60,60
804276969fd6adfcfb9c9dcbce2fe8ec,esporte_lazer,45,982,1,4900,36,31,31
b7082b40a807413582afbfac88facc4b,relogios_presentes,55,689,1,500,16,11,11
5e939a93f81b2b628f2c09510001742a,cama_mesa_banho,53,337,3,1800,45,15,35
bbdef93b1bffe87d66bc97697e58c1ad,,,,,1000,18,30,19
a0f12db60a5019ce1a4c21fce1697574,papelaria,59,263,3,6150,60,20,29
1108e11fe60f34cb7f2a832d96c17137,moveis_escritorio,37,2071,1,10850,55,24,55
2dfbe6c95d43a6a29a0d56e5b9f528f2,esporte_lazer,48,719,1,500,24,20,20
84dbf59971e2dd6aede4b0e0b1847a54,esporte_lazer,41,971,1,300,33,21,27
7cb2ff3193293db892fd5697aa99a19b,moveis_decoracao,56,297,2,950,100,5,20
07a6879526099e7f3483481e5bd60b77,esporte_lazer,45,235,2,3000,60,15,15
eb54d6afabdf1f96c248b81dec8f180f,consoles_games,26,2385,1,175,24,3,17
d692d19cee022f7acab76373f297ad6a,cama_mesa_banho,56,286,1,1850,70,17,50
a4aa7c1427c31344e5f7cc3d839fe562,pet_shop,52,625,8,2200,50,20,40
4fce0eab61e01d521044c8b071cdfead,esporte_lazer,56,595,1,260,21,16,20
fcf6ad274391aea29f5d6e5ef9da5050,pet_shop,51,1592,2,513,19,15,18
573ecac44bc00133b12d7d80ed8f3fa1,utilidades_domesticas,36,296,1,650,30,8,23
77d86f9e64c28aa93e3d46f4047646d7,automotivo,40,683,1,450,16,15,11
1a57051039dca27521c83e2212042176,fashion_calcados,40,303,12,500,29,7,16
1de98461015ec4932a0459c5772f7b1f,papelaria,53,197,3,650,23,7,15
098c663630a7a81f7d7f42a2ce0b02d7,brinquedos,57,419,5,800,25,8,15
2b0233a7e7ded4751e8e3812f9a4553e,informatica_acessorios,46,391,1,1925,37,11,27
7172a7870fee91850dcbcb1f4de40cfc,cama_mesa_banho,53,244,1,1850,45,15,35
b0c8da302d49498d2ce6be8c631e4e20,informatica_acessorios,24,401,1,213,18,12,13
44fded21627553d1886d459384bbce06,eletronicos,56,280,1,150,25,7,16
b192be433004cc1f10b467c0e9ea309b,informatica_acessorios,57,977,1,725,25,8,24
aef98ce647739e381bae28e004c63235,utilidades_domesticas,52,904,4,200,22,7,15
a3b68fbd8f68d8fdff1dd36cf1336b6b,utilidades_domesticas,45,1760,7,2000,25,30,25
03aad9707028422f38b0563410912177,cama_mesa_banho,49,591,1,1500,38,11,30
8edf8f0889f2cf40d743f3b983aebd3b,automotivo,56,294,1,1700,30,10,60
5c86703f3b01f9df579c3a6232bb908b,eletronicos,41,408,1,200,22,11,16
47cd48073d67f91f09cb5ef9496c920b,cama_mesa_banho,52,248,1,2584,68,17,49
76acdd98759c649f3b6ecd0dc8576c8e,esporte_lazer,58,402,1,650,16,7,13
09481a6dfe9eb590dc8b265b54dc4c97,informatica_acessorios,60,240,1,2533,33,30,23
4efd35570dbaaa27e216bd8bf3ed4cf3,moveis_escritorio,26,1148,1,15925,44,57,27
36c2fb4fa746273709c373f6d6ec6796,cama_mesa_banho,55,1714,1,6038,68,17,47
362917ef32b7ab0660f1d2b1111396ac,alimentos_bebidas,55,965,1,900,16,2,11
d1040cea3114b6e9f7e2170dc39af1db,perfumaria,42,367,2,250,21,4,15
937a43407f2cf75f612cef2795160860,utilidades_domesticas,50,401,1,16500,38,65,45
419538c5c0c21d892928586bee1ea16a,cama_mesa_banho,54,289,1,2900,35,9,34
c5d12f312c344b2c60aad2155a3e6890,pet_shop,59,468,3,1750,31,16,26
ec165cd31c50585786ffda6feff5d0a6,brinquedos,12,503,1,967,37,23,27
70120d2f9b9193aa0030342072d8adec,telefonia,40,622,2,263,19,10,15
ecac1d187a5eb579329eb27d3e4d636f,beleza_saude,60,1237,8,365,44,16,18
9fc98e39f04be8e382d8aa5e259f5489,cama_mesa_banho,29,200,1,600,40,5,30
c66d6e9a7e915171e7e3102f9afee78c,fashion_bolsas_e_acessorios,12,354,2,500,20,20,20
cbff1df298f7bfd7b65557cfc4133d62,beleza_saude,44,1168,1,450,16,21,20
4a5b6d3c24ac5f9eb93d07463ef04dba,esporte_lazer,56,1760,1,200,16,15,15
6f3b5b605d91b7439c5e3f5a8dffeea7,relogios_presentes,35,640,1,335,17,11,16
0d9374142ba86a7c22357ea192bcfde6,utilidades_domesticas,60,1126,3,1275,27,26,27
17787817a9595579380dbad81feb561b,malas_acessorios,54,672,8,5800,50,40,15
25c38557cf793876c5abdd5931f922db,bebes,58,1447,5,15800,38,62,57
77d9c106d2e0bc6122c9f7b991f795b4,relogios_presentes,60,527,1,290,18,9,13
58816ce2ec224ea03aff8abe045f8407,alimentos,60,730,5,1050,23,15,21
259bd66612b61aa4e82ce3cde9272bbc,utilidades_domesticas,57,970,5,250,16,4,11
a1250bbcaa645885c9165eab1573b5c6,fashion_bolsas_e_acessorios,59,179,6,200,16,2,20
14555ba663de8689feacf1d0819cc3b3,esporte_lazer,42,660,1,2150,41,10,35
f521813909e310116b6b2f0b11f3dd44,moveis_decoracao,54,576,4,750,17,20,17
349ce46a0e2e20054aa9d80c48af8816,construcao_ferramentas_iluminacao,41,971,1,1300,16,19,16
ee406bf28024d97771c4b1e8b7e8e219,cool_stuff,54,629,1,1050,36,24,22
98ba4d6506268560a9b0a03b6ae02636,malas_acessorios,54,812,5,2700,19,49,34
629e019a6f298a83aeecc7877964f935,automotivo,57,1166,5,1750,30,30,30
adb1f1939b613f3078806b6afcca0e51,esporte_lazer,57,1235,1,4250,20,20,20
abef8cc12c6428d93526f5bd0f76dd0c,utilidades_domesticas,40,215,2,350,24,29,16
977ba64f692dbbeeb81d35ad7f953c5f,esporte_lazer,34,545,1,300,24,20,21
dca8cbb1c9d8a2db0fbc0c36b8d1a7bc,audio,42,671,5,200,16,2,11
b8762d562d810c2f8d7ad7e9c12957be,utilidades_domesticas,38,130,1,350,20,45,20
e4ca5b20cfe1a020e15e36fe14e880ee,eletronicos,46,331,1,125,20,13,18
c19d5ba108c34b8255cf9a524da92bc4,informatica_acessorios,40,413,5,150,16,16,20
c41cb239626c439032c226463d082c9c,moveis_escritorio,35,2524,1,16100,58,28,58
616042729c11849827291496b18e9ec5,esporte_lazer,45,891,1,300,16,16,16
e95fb3a80ca294f39de925b6428f3a32,cama_mesa_banho,29,263,1,1300,33,9,38
b59b5899ecf4bcc294a72fdd48adaa94,telefonia,55,419,3,225,17,6,13
ce846b23f06e1c42afbc68efc1d35b82,cama_mesa_banho,58,636,1,1400,16,10,16
0c79aab7a6a2449f932887fb3c8d0127,automotivo,43,420,3,250,18,9,14
b60856ce32d90658dbf99b9485327c25,eletronicos,40,429,1,150,25,7,16
427a9f5e8a9d47c60adc5ae34e2657d2,utilidades_domesticas,58,512,1,700,60,10,13
793fdf9c1646a4d7cd020f9f0898450c,cama_mesa_banho,53,293,1,500,16,10,16
490b7f74cbef35be4b6b69bb5f177386,esporte_lazer,43,1158,1,150,16,17,22
7bba94ded780db46c857a6ce6db81c5a,automotivo,57,487,2,50,16,2,11
89321f94e35fc6d7903d36f74e351d40,alimentos,59,982,1,150,17,13,13
cbcf718a3400ee5b15ac8d78559e6bb6,beleza_saude,50,878,1,350,19,12,13
816c0585d491ed8127cebbb3dc7c89cf,brinquedos,50,1198,2,6000,65,25,35
75c06ee06b201f9b6301d2b5e72993f8,perfumaria,54,939,1,50,16,5,11
b69eb25e3a4def8e9cddee18712e0c5e,cool_stuff,59,993,5,7750,34,33,33
d47b66f4d980a10ae5c5aa2222928741,beleza_saude,34,1425,1,717,31,15,22
9b564ab4807c6c00dcc56a91c5e1c8a3,,,,,550,22,22,22
af322f53ac46d23069c8ce5a98632cd7,bebes,49,375,6,200,29,7,16
19956d26cd122df3d47e86b631f1bf4c,esporte_lazer,60,456,1,570,33,21,32
49edaf05a81224abe21b929ea492ccf9,esporte_lazer,50,906,5,4375,42,26,33
cad2db5e318d7283a234c517b2f28a42,cama_mesa_banho,60,259,1,1600,30,5,30
89b121bee266dcd25688a1ba72eefb61,informatica_acessorios,54,1169,1,150,16,16,16
02e27630510d16a95a473d9b35959d3e,telefonia,40,361,2,100,19,3,11
308e4e21ae228a10f6370a243ae59995,moveis_escritorio,41,1083,1,8250,53,74,18
5b8a5a9417210b1b84b67b9a7aefb935,informatica_acessorios,58,509,1,117,21,12,13
0cc96a3f64ff4585c941ab9aaf043f18,moveis_escritorio,53,2324,1,11000,58,20,58
f282b8032570cf3ce692b8ea7e1b6c53,bebes,40,470,2,8350,44,32,35
f84d16882251975d1c1d1c64d551c330,automotivo,40,1006,2,5700,97,3,47
f663f7a6fc390011dd15492f14205573,beleza_saude,52,556,2,300,16,12,12
4a25d757ff72fad7534f478c90be77e6,telefonia,59,751,6,275,18,4,12
2350c74f45b4009cbdab3fa73396c222,eletrodomesticos,56,575,1,1650,50,2,37
3f14d740544f37ece8a9e7bc8349797e,informatica_acessorios,44,655,1,321,19,14,13
5a4491fb73ef5c6689be17bfb30642eb,esporte_lazer,60,608,1,300,27,9,14
c50ca07e9e4db9ea5011f06802c0aea0,beleza_saude,59,1782,1,125,25,14,18
ac9fba4745c7352cc4038631be412f70,relogios_presentes,59,358,1,425,24,5,22
68c923fddf7f83316b53252eaf830724,cool_stuff,33,892,1,1000,42,25,15
b4fc7e84dcaf2fcf3edb234e30362929,esporte_lazer,55,3876,1,1300,22,27,22
dec0886d6479d5bdb56d856c501e01c2,malas_acessorios,60,295,2,875,16,46,38
93ad397044e27dfead96813e2f895acd,relogios_presentes,48,445,3,400,16,10,17
6463e442310f2f4f321c83a32d8c662b,beleza_saude,42,920,1,350,19,10,15
195d8e91830247a20eee5eb4c4236294,cool_stuff,32,1313,3,1000,27,22,39
009af1277432f1a05742df69cdf72d1e,brinquedos,58,916,3,700,20,35,20
7dfb24c54964f42db9b9789bdae92cc0,pet_shop,40,445,1,160,20,10,14
ed5122a6a757a4fea8f32a6fb95a5135,cama_mesa_banho,25,250,1,1938,48,11,41
9ad75bd7267e5c724cb42c71ac56ca72,cama_mesa_banho,60,259,1,1225,35,15,38
5199c64bddaad759e3cc82d7fa449570,cama_mesa_banho,53,152,1,800,35,7,28
9223b2f02160aacde2903cf54f396658,moveis_decoracao,59,2259,2,1400,69,11,11
4e191b1e429b88c6eae1a014f823cb7c,casa_conforto,57,162,1,2375,30,60,43
0c9ff9d8ed9b9bdd825487b3a66e05f5,automotivo,55,620,1,7225,61,13,61
76bfc9b1b1f332cfe28e1480389a38ca,automotivo,57,1789,3,3050,25,25,25
e2bb00220a167d9e60b6776ac33717bc,relogios_presentes,60,504,1,300,16,2,20
15c507fd1d486501a97bd53f82445f1e,pet_shop,24,2738,2,250,20,20,20
f908d3bf313a1308bfb2a46ea2685347,brinquedos,21,587,2,100,20,20,20
978ea005bbc57d3f9ee16f21056f7f63,cama_mesa_banho,50,259,1,1400,52,15,37
a0b706aace06abff783f614e8b01b760,beleza_saude,32,461,1,500,19,16,16
f71645f75bd8cf99682825bf079b8a6e,beleza_saude,53,1484,1,1300,18,18,16
bda14a918da6a4fa9168277a57d59578,esporte_lazer,60,1569,3,1900,105,15,15
7365350090e895554bc2aeb4fea072e7,beleza_saude,35,1774,1,606,23,15,20
7612afaa8218e79b3011243ed9edea9c,esporte_lazer,53,1135,5,3450,40,100,20
6b7739f782cb37f71cc80e8151ebd6ac,cool_stuff,51,404,2,1300,40,30,30
c4fc1d4489f664ce1c6c55b7089738b2,fashion_bolsas_e_acessorios,59,409,3,150,16,9,20
6b9cd06d7020fdbbffa996fcf9707b0a,esporte_lazer,56,792,1,4100,30,30,20
a5db7a80a8d9c9d49050360fceb6ffd4,papelaria,47,84,1,300,28,16,28
96ff741d2c7879406ec3054d6b2a11c8,relogios_presentes,49,578,6,200,16,2,11
5a419dbf24a8c9718fe522b81c69f61a,cool_stuff,53,537,2,1800,34,5,34
0db4869ac8a908414823d44d742f5ba3,moveis_escritorio,47,1158,1,17000,63,58,24
ca0439ecf23442fd24fcaf4c62b85ed5,moveis_decoracao,63,3546,5,5200,45,13,28
1d616bf90efffa0f7e833acb21d5c03d,esporte_lazer,44,243,1,900,40,16,30
588531f8ec37e7d5ff5b7b22ea0488f8,pcs,55,3611,4,2750,16,31,39
40e8b425d1a26e2d9cb77363523e05ce,artigos_de_natal,38,1324,1,4500,50,8,45
a760ef0bb70c954d79e62ec6023d380c,cool_stuff,32,1115,1,1333,24,23,25
98f34b46fd3c8edec3b0e453e0095e77,informatica_acessorios,36,835,1,150,16,2,11
7ab21257ee876b3897bd55046d3d81d3,brinquedos,44,1450,1,683,31,25,24
77115ce07da135cd94ffef9ac16bb1b5,telefonia,34,530,1,90,19,3,11
a9fa0428bc677ac4d0a948fe2982ad1d,esporte_lazer,49,409,1,200,24,5,21
e06f99e79036d681effa3de75989bf22,relogios_presentes,54,257,5,200,16,2,20
91b08d34d0ba4db44da2dc382867ba49,telefonia,47,137,2,100,16,4,11
fb2f2ec90b4ee90ad257bbf89d01247e,cama_mesa_banho,44,629,1,850,16,10,16
6413f7a28e149a324c4a914000399fb2,cool_stuff,53,629,1,975,37,31,17
2a88b20e4ce366edc5efac1c5764d808,papelaria,53,645,1,700,21,8,17
ed5666106b8fb47b57c4b2c5f67a755b,informatica_acessorios,36,957,3,200,16,9,12
1a96bfd3ef9221f2775d1eccd98a7f17,construcao_ferramentas_construcao,57,422,4,200,42,12,12
e5bd04e8e3cb77f1a49404d588d3e528,cama_mesa_banho,46,348,1,600,26,2,20
8215db96a612d69839c27866feabf350,beleza_saude,59,555,1,1075,17,13,15
16241e79b047426033194065d8b321b2,moveis_decoracao,57,526,2,400,18,19,14
4a69bf67fa5c94b8e301ef9c94950755,cool_stuff,46,595,2,500,16,12,22
d7cdea99e6f50310c242d02f16f1f63c,relogios_presentes,41,359,4,450,23,23,20
7c24503a64637f3ab756ed1b44826747,brinquedos,44,302,2,247,18,12,14
0a57f7d2c983bcf8188589a5fea4a8da,relogios_presentes,33,932,1,396,18,11,14
c17f4a8f38d4748ee5409e7bfbc58038,esporte_lazer,39,261,1,700,27,12,49
c1aabbb6f4caec9f5bf7cd80519d6cc0,livros_interesse_geral,25,413,2,400,24,3,16
ecbe401f10ecd3b822d940d63cc3311e,eletronicos,60,915,4,700,16,7,12
6f657bbc44514ab511c65b891301208d,utilidades_domesticas,58,1782,1,1250,22,36,22
75c859dbba6358947a27d204801125a6,eletrodomesticos,57,1113,10,12900,25,25,25
24e648f338846ab5a977cbe3e0638b19,pet_shop,26,574,1,250,16,4,11
fc3e972df7e263b301e2bee77ac2a6d3,esporte_lazer,55,981,6,1600,24,13,16
657247f6f60543b93e3cc708a8e6329c,malas_acessorios,53,526,2,18050,75,20,50
34b91723112fa9ebf6b4d6b4db4a6741,brinquedos,44,1485,1,2238,24,45,27
d58020f0dc3b18e41728f846f5072a6c,telefonia,58,678,3,150,17,8,14
c1a97b7dfb03db09a3736bd6f1eb9034,beleza_saude,54,1598,1,800,16,5,11
62644f19deb898e43ebdcd29ff3d9361,cool_stuff,60,594,1,900,28,20,20
9a7c0784b8058269d176b3089c946ed0,cama_mesa_banho,54,629,2,900,16,10,16
ebad99212b472ad37b106807248d5f47,papelaria,52,447,3,1100,38,33,30
724e311fce23cd5509319b1fd68e5622,livros_importados,59,195,1,800,30,2,21
bffdb7d6bdb994823039ac983d6d30ec,pet_shop,31,621,1,144,18,12,16
9f1c3e71d56894398a42b050b07f1baa,cool_stuff,25,176,1,163,17,11,13
7c55ea4aea1acf1ce11440010f5aa298,utilidades_domesticas,60,1800,7,9900,60,50,20
67a7c7243c0585ccc44471b5a5c115e9,automotivo,58,288,3,20650,63,63,40
a7d756e8f7c4b7e5b679e248a57d91ec,fashion_bolsas_e_acessorios,59,340,4,150,16,6,20
5d6be475f90ab9e808b8484a41bce57a,utilidades_domesticas,39,625,1,400,20,16,16
387cec52e5be20d76d3c240ce7ee707f,brinquedos,54,1168,4,6025,58,22,42
8d723f8940f0c575be59e3dbbded3089,beleza_saude,50,1398,1,150,20,10,15
30b5b5635a79548a48d04162d971848f,esporte_lazer,43,1873,2,900,26,26,26
d1eb048cceb0bd37ada007e53afe32d3,utilidades_domesticas,28,500,3,250,16,25,15
4ac095ce30a68573675e2e0206d31b12,eletrodomesticos,43,236,3,6150,55,19,46
9dfba8dfc02d7b0a915625e28ca316ba,pet_shop,48,738,4,1200,24,24,24
08bcc2d85da3a9c0e2ac1cc28b67418d,livros_tecnicos,38,3543,1,350,23,2,16
ae7d8348fbef50928a680454fffbca00,esporte_lazer,30,682,2,304,27,17,27
11fb16e86df4d50cd2c289ede0b70f42,beleza_saude,48,1240,1,250,26,18,20
a00c4d4b0d7cdb18b36fe47611c28470,informatica_acessorios,56,2571,1,2100,20,30,20
af4e4eefc358246062956d3d2930e6f8,bebes,34,988,2,985,28,30,27
9967480e361da5934ffcd551eb6fcdec,moveis_decoracao,54,1972,2,3000,69,11,11
88794547776aa78fdd4b28bfd90c6469,informatica_acessorios,58,1852,1,300,16,10,11
a25142a39f693df490ab9f63f3149e8f,cama_mesa_banho,53,228,1,1000,37,10,35
1bfb290d7273a442c874dbe74b4abae6,moveis_escritorio,19,883,1,10075,55,64,26
2856b9cb722cb91f23867a5345b6e0d5,instrumentos_musicais,52,468,1,10400,28,48,48
17ad136b7421ea8690fded631b651158,relogios_presentes,60,112,2,250,16,2,20
5b59b0c94f8e31d14fe89dbbfda3df6c,cama_mesa_banho,51,448,1,700,45,8,40
0be701e03657109a8a4d5168122777fb,esporte_lazer,32,282,2,4450,60,15,15
78f29023586e374cdc3773ce0af6bd2c,construcao_ferramentas_construcao,46,1148,1,2100,16,29,36
9da2cf291ccb36ad01ee959e9ccdbc03,market_place,45,623,1,5900,60,15,40
bb549d441943088b73b5c0281dbc7ba7,utilidades_domesticas,39,627,1,6200,41,30,30
32e18e89237933ebdaaebd78a27e7fa1,utilidades_domesticas,48,464,1,1400,26,41,26
2b80699b25d49f30774b88420a36c55d,esporte_lazer,52,1005,5,17600,45,20,97
06c6e01186af8b98ee1fc9e01f9471e9,informatica_acessorios,53,144,2,200,25,5,15
6a31191d5ac5852b0478f6e245ac5b02,utilidades_domesticas,51,948,2,1250,28,21,29
64dad5d113076a6e59a39108fcfe1385,brinquedos,44,212,1,150,28,2,26
e14736de1aa61cedecf657207bce5ffa,brinquedos,19,274,2,400,32,10,26
5432f2acb9813a9ab96418423f923eb9,consoles_games,51,793,3,400,20,20,20
790aa8011de89ef49b85bbe194f6a542,fashion_bolsas_e_acessorios,57,224,2,100,16,6,13
1b8ee158f59c098470fad33f39660964,moveis_sala,32,327,2,6200,55,14,47
d017a2151d543a9885604dc62a3d9dcc,fashion_bolsas_e_acessorios,59,93,7,250,16,2,11
b2d52af3c5981a8d5d064fdb77cc6bc1,perfumaria,55,568,2,240,21,15,22
b20e4519d195d80c6d81bf3963a43d5a,cama_mesa_banho,53,146,2,1500,34,6,41
2b3b11d70c32fbfc8e850fb68985a000,instrumentos_musicais,57,578,3,1965,51,44,11
97c948ebc8c04b26b7bbb095d4228f2a,beleza_saude,60,554,1,30000,55,75,61
181f62ad3d1d8b78fa2695f30613b444,beleza_saude,38,1251,1,1050,26,21,23
5d6bea33648f018dbb563f3a2fab09f3,moveis_decoracao,53,616,1,4000,30,35,30
6a162a899a815ed15db1689e8efc976c,cool_stuff,47,1801,6,1550,20,50,20
7940f574701f6518fea2877012f7055e,papelaria,43,653,3,10350,64,15,51
5fcdc30ee64ffa6bcecc39887915109f,beleza_saude,59,929,1,650,19,19,19
437c05a395e9e47f9762e677a7068ce7,beleza_saude,40,409,1,1110,19,11,18
aede48631330269f65a8d680de491657,malas_acessorios,45,573,1,1400,48,10,33
9c8a36f4987914487728d62b2ba087b9,perfumaria,45,539,3,650,17,7,12
caf9add3dcd98d688be0064d9faf65b1,moveis_sala,60,1146,2,3200,30,11,30
da051bd767b7457572d55aba23fd846a,esporte_lazer,49,473,1,1075,22,23,22
efa490145b5cc82438b6a6de691535fa,informatica_acessorios,57,938,2,500,30,10,11
817e1c2d22418c36386406ccacfa53e8,moveis_decoracao,37,267,1,2750,50,50,16
cddf971ea646c184a153eb3899113d5e,esporte_lazer,22,507,1,200,18,5,18
8b41f2becf919f6177cca1ff15dfd311,livros_tecnicos,41,1362,1,1550,29,5,21
0d85c435fd60b277ffb9e9b0f88f927a,informatica_acessorios,60,919,1,150,16,13,14
73554174c2dccb01cade8d0ce976b791,perfumaria,53,128,1,438,20,14,19
6a23c2eb9acc78f8ec403be9c6210dd4,moveis_escritorio,54,1094,1,7513,53,62,26
d0a672bae47ae7c26b8e1e2ec152edcf,utilidades_domesticas,42,225,1,6513,64,37,38
a42d9c825894f96fc6ed02610891454d,esporte_lazer,57,1176,1,2200,16,11,11
02ce467092b184e71d3967d29110adc1,moveis_escritorio,40,1187,1,12275,40,54,38
b75683e29689c1a989ae97883e8cad56,moveis_decoracao,40,966,3,400,36,15,36
4e0854d426b0556ba1956db5e058f0da,fashion_bolsas_e_acessorios,54,220,3,150,17,6,12
5ddd4525c6d0fbca9dc118056fd90d61,construcao_ferramentas_ferramentas,40,473,1,570,17,10,17
8c7919d7fc63673f2f77a11774044ca1,pet_shop,36,803,2,700,23,21,21
ae7a0b7f28e53b07d86e85f796d6e6de,fashion_calcados,40,303,12,500,29,7,16
08b2b99a87e01c87c200a459bb3f4bc7,beleza_saude,43,225,1,1100,27,9,14
5360ece40f89cf47f68ec7353fb12d49,cama_mesa_banho,49,444,1,550,30,3,19
78214a7dd344600bc2506e60f9e2bbd4,informatica_acessorios,59,162,4,300,16,2,11
5d80e2d738a30fcf851cbd5b4951374a,fashion_bolsas_e_acessorios,49,581,3,100,18,6,12
a4fe640db0a85c68b24bf813604c6b78,,,,,9600,40,30,40
8a3cc0bbd52a7985b211643c48ceff4d,malas_acessorios,49,114,1,600,30,10,35
3bf28879e1992bc098404cbf06003647,telefonia,55,1323,2,50,18,6,11
5a92ef8a5a2511f0d2dff3ea562700ab,fraldas_higiene,17,546,1,2350,36,32,17
7da9810448a8f92f73339d58b1dd73a9,telefonia,49,346,5,100,19,3,11
bdf87352f874c6be145c3fc27775f561,cool_stuff,48,330,1,1650,33,44,19
b27ff4b438c93e0dbc08bf543dbe31ed,pet_shop,56,1541,2,850,24,20,24
008cff0e5792219fae03e570f980b330,esporte_lazer,59,1735,5,1550,40,20,20
fc5dd987f12a7b823a76a44aa1ba88f6,,,,,250,21,3,16
6afab9e71cf3c11c8baa174027ef4312,fashion_bolsas_e_acessorios,39,609,4,100,16,5,11
c9c455f9fd8ca66d3ff7f90a249753b4,esporte_lazer,63,1599,5,500,25,14,22
4535b0e1091c278dfd193e5a1d63b39f,livros_tecnicos,52,1192,1,850,29,3,21
0193fc18d9a6e9b9b0b3a41768fefa12,bebes,59,381,6,500,39,6,27
a019a033dc14cb9c338e4adf48706932,automotivo,49,1064,4,300,16,4,16
d90b49224b5d6eb131a51e53824934d3,cama_mesa_banho,57,236,1,7000,55,15,42
a5ae8400fc9fcacd4af585a57bbf264a,pet_shop,57,747,2,1150,40,20,30
4ce9ab528124f89e091b17d11aa2e97c,informatica_acessorios,54,222,3,500,36,5,15
a84d0660dbffebf352aefbf1a6b18d00,relogios_presentes,60,179,3,250,16,2,20
82d7b276f49e72ffce78d10b20518808,livros_importados,53,80,1,250,32,3,24
a9008cd162e8e98ef1a087a797df2fd9,utilidades_domesticas,60,2395,1,2025,30,24,24
0b3a130c2e54aecf33e3e1955fbeeb00,beleza_saude,54,635,1,650,18,12,12
ccadfeab525a9eb1569983b66e5075c4,fashion_bolsas_e_acessorios,35,920,7,100,20,2,25
35bc6c77029697004675d3a2ce505916,informatica_acessorios,36,327,1,610,27,12,20
e6511545563a2c1c2c48f9e2b150b650,utilidades_domesticas,52,285,1,850,35,15,25
b0835e7780b8ccb0ee25440576992a23,telefonia,19,382,10,100,19,3,11
1bfe62f326ac7bec0f5a83c10cfff228,brinquedos,47,74,2,5700,39,30,29
afa3a51dec198b1d14a0c19849dab3a8,esporte_lazer,58,245,4,400,16,6,20
2b210308bc3d8dee92cb9d62f7b4bbfb,ferramentas_jardim,58,549,2,300,20,15,15
338925450cde31710e3fd65b8bac0b1f,beleza_saude,50,415,1,29050,55,75,61
8317b177579dd27ff068b83205e2169b,cool_stuff,43,465,1,400,18,12,14
fcbb2b8c6eb8c27d15790d9834b253b4,bebes,55,1988,2,350,69,11,11
cac9e5692471a0700418aa3400b9b2b1,bebes,57,2440,1,375,29,14,20
6e741443e7a0707cb99e552dc844439a,automotivo,56,492,1,2600,28,10,14
9749139e09929de55d37e68e64b89706,beleza_saude,53,994,1,650,16,7,13
5c7236967f55c233f51e36e5126eaf7c,beleza_saude,48,2625,1,1800,20,45,11
3f26ccc2d547ea9b11e5ef9673fb40dc,telefonia,50,548,2,125,18,4,14
7af739a42fe4a870e840f2831daf1ba6,fashion_bolsas_e_acessorios,47,731,1,300,16,2,20
8418c7eadd4164f7b60fa91f6a5c3461,pet_shop,38,137,1,700,16,16,16
db3976dc7cb7fe1be02a47a873ece9a9,casa_construcao,42,1324,1,4350,80,15,30
9a89064fd209d1c1661271942a65099f,cama_mesa_banho,55,387,1,2900,40,20,35
84f5c4f480ad6c9998d6a6860f1a2e41,alimentos_bebidas,56,963,1,1100,16,15,15
703d742887bb9267f89b675608ba7aa0,cama_mesa_banho,35,509,2,950,35,6,45
033fe931444d66d788d53aca5b7b22d5,,,,,200,16,19,11
5526b1ae9ab2688cf600783cece249df,informatica_acessorios,49,385,1,200,16,16,16
ba5fb4ab9cd70d201b74b5bad9d4ca00,telefonia,42,347,2,125,17,6,13
e9c1abcc7126360336d8f56d49041a8c,beleza_saude,42,3902,7,500,22,6,16
89e4362d74afa10ac57f8d67210132a6,fashion_bolsas_e_acessorios,30,219,1,1870,27,20,29
b9aad83bfbc546d2e4e7a7fa8e15bc9c,utilidades_domesticas,44,412,1,9900,40,20,30
98fa920be965878f7c44da75d4cb6ddc,fashion_bolsas_e_acessorios,54,650,4,550,43,16,27
a8856d651600289b162f857e26838480,esporte_lazer,50,255,1,600,20,10,15
99c22bb8e56dda8aa0e021be31e8663d,esporte_lazer,47,906,6,4425,42,26,31
d63c71088e06ea00d66dc357cda91a30,cama_mesa_banho,57,295,1,1500,60,10,40
42bcfb513ed8c673eb7ddb4ddfaf9347,pet_shop,51,1545,2,900,24,20,24
c4ee4437696f1885d323b41852fedc8c,utilidades_domesticas,57,534,5,300,30,11,18
3ead2a8b3b92444cfac54979d56c7993,alimentos_bebidas,57,377,2,268,28,15,20
540a93038cc8b4c42ef0821b2cf067d3,moveis_decoracao,60,375,2,4800,20,50,40
af827351cc8287dd464466e8793046b0,beleza_saude,50,2278,1,1230,18,18,16
9b4d597238711e4dfc04d98bb2e5ed17,industria_comercio_e_negocios,58,1553,4,5200,38,30,25
eb973cc4544c2ff1016bcaf981ca1f18,utilidades_domesticas,56,1033,5,600,24,6,16
a1ef6deeb394537b4da00d88e6c5313a,papelaria,55,359,5,600,35,5,50
2f79f1782a0ab54f3a912a844b00ca66,moveis_sala,49,157,2,5050,50,10,55
fa23bf270fb9880690b07d09b9f9ff20,esporte_lazer,60,475,4,800,50,15,25
d76aac04bb7fcc7a54f1215251724b27,esporte_lazer,52,185,1,150,16,2,11
a39cc58c1b5926b6f9f378daa89f1315,casa_construcao,53,646,1,3800,30,35,30
d02d1fb4bb52737b8d68075e5a079a4a,moveis_escritorio,42,1384,1,13175,57,55,22
7d50930301709838d8e90dcac5cfaa84,esporte_lazer,59,254,1,1650,40,45,25
e7890707ac0e4e190a74aa46c92e2c94,relogios_presentes,44,601,6,250,16,2,20
e9cd877ece530798c06b7f8d31b631e3,automotivo,54,488,3,367,17,12,12
b4b817e5f2c4efc8253b4b679c653847,cama_mesa_banho,37,1049,1,2150,26,26,23
e899d44e1fbd1131a4c94b9f7bb1ff2a,brinquedos,29,1049,1,700,43,7,30
0e323ee8f8dc60a0b875e9ac4daf1337,telefonia,55,359,2,317,21,14,16
3dd2a17168ec895c781a9191c1e95ad7,informatica_acessorios,48,894,1,533,22,11,20
c1488892604e4ba5cff5b4eb4d595400,moveis_decoracao,59,426,2,1400,32,6,28
36038dae78cc227e4d14b174f0f695d0,esporte_lazer,42,1357,1,2200,20,20,20
bd6eb9532e448ca538cec41d0b9dc228,instrumentos_musicais,47,182,1,1100,90,20,40
23384f296aa1bf6461d22912093a9847,cama_mesa_banho,63,434,8,100,16,10,16
0dcbc0d012d42719216ea7dff6b90a6f,brinquedos,53,1047,5,1700,28,50,24
54a3b009ede4097eff76990e0fa8553c,esporte_lazer,51,3823,1,1300,31,33,31
99aa268744e2967e0ed6d3b22a38eff2,esporte_lazer,48,1700,2,750,59,14,12
10070e29929f7c7d609ee3201f236b8e,casa_construcao,44,421,5,1250,23,30,15
988a221d27cc482916fd66cd3662ed69,automotivo,45,1273,1,633,20,13,16
e3c816666a7d2a1e7fbf02651e550b78,,,,,115,16,13,11
00c407e056c74eb8040a1233ca6da16f,papelaria,56,183,2,650,35,15,28
9ddd762ee8a13576a809dc66f22aa2b5,cama_mesa_banho,60,233,1,2600,41,8,36
c00627ba53d46c497a4d302caa6d43bf,brinquedos,20,998,1,925,40,21,29
f1c7f353075ce59d8a6f3cf58f419c9c,cama_mesa_banho,56,162,5,9750,35,12,30
91c82ace62e0ca1b69b1a45bcc214b45,relogios_presentes,60,992,1,308,16,11,12
726b4e18f00255e2e63491bcba3f60b8,moveis_colchao_e_estofado,41,866,1,1700,70,10,100
67c4679242adec87208d4681e66cb23b,casa_construcao,56,773,3,1600,30,20,30
fe8f341b1e20d2b1135245c3400a6e53,automotivo,58,904,1,3550,35,20,20
8a7bf523741f8c2bb93d0d6ed38c18d0,moveis_decoracao,60,448,2,1850,30,30,30
10adb53d8faa890ca7c2f0cbcb68d777,cama_mesa_banho,52,155,1,200,16,10,16
fb0467f650186a474da44003e623a3c4,telefonia,43,299,3,200,16,4,11
f7bb503725fb4d7bb55301d5bceba728,esporte_lazer,48,1781,1,400,22,18,12
e59dd207c69d86e890febadc796d1078,cool_stuff,54,850,1,125,16,12,12
a62e25e09e05e6faf31d90c6ec1aa3d1,relogios_presentes,58,3006,2,1000,53,8,18
389ccdc358e8e98aff57a6ed3e038547,utilidades_domesticas,49,162,1,11500,20,50,28
dc9471db933efad7bf0ce685380578bd,informatica_acessorios,49,579,1,800,28,20,42
1347d4320dcd0acd750e37bb3d94a918,eletrodomesticos,54,780,5,7600,30,50,40
74e5e7c0ad09d8fec4d30c75a70a7799,automotivo,55,1443,6,1650,30,30,30
3e87e743e56d7fbf4bb9b67399b99a9d,beleza_saude,45,275,1,553,20,13,18
8c7fe240bfde64b6a20eec6fdb986b1b,cama_mesa_banho,25,209,1,950,30,4,40
8c292ca193d326152e335d77176746f0,beleza_saude,60,2894,1,200,17,11,15
7724d1e2711ecb5f0b7678257e1a1cc6,cama_mesa_banho,58,277,1,8500,50,18,28
0e34187d4312b97b5e698836d28ed040,climatizacao,50,474,2,525,16,17,12
ca112abaf32e02d400ee34f6352b8f44,construcao_ferramentas_iluminacao,58,223,1,200,22,22,22
ddceb6eef6af67e9fbbd4c148dbe5fd9,cool_stuff,52,516,1,4650,37,20,34
5a848e4ab52fd5445cdc07aab1c40e48,,,,,400,20,12,15
ea1185fcb2a7197e60bf9680e889f475,cama_mesa_banho,57,617,1,6450,30,30,30
e766d04f4dd2f3b88523f2f67ab80e2d,moveis_decoracao,56,1892,7,3000,69,11,11
bb8fb197bdc7f3b6ce2939b5be48b19e,ferramentas_jardim,46,1116,8,575,23,13,23
0b0c04563408d8d1187cdbd6292a89fa,fashion_bolsas_e_acessorios,34,222,2,3400,20,50,40
c915ddfdd3e9d773e0939691e85f1d38,esporte_lazer,52,1421,1,1054,23,21,20
d04ae06ca1423cdc5bd50d87c0f7c372,eletronicos,58,1996,3,200,17,9,17
f921da19d229dad9bf3a94e86e7f7f32,utilidades_domesticas,57,360,2,5250,30,30,20
e4d325bd1eea550509bdbbc5c3301fc1,perfumaria,59,874,1,525,16,16,18
f4e4b2101f8c3afd7b8a8546e9d706f4,eletrodomesticos,50,356,2,225,28,13,18
a50acd33ba7a8da8e9db65094fa990a4,automotivo,53,555,1,4105,67,10,67
eedc20781b2e095ce09617ffc959e188,cama_mesa_banho,57,293,1,3600,40,10,30
29313c7daada9c7f09bed37fda499026,relogios_presentes,42,742,2,300,16,13,13
db34e1e6f14cc3755d9149fe8a1de9fd,cool_stuff,38,1513,1,1550,28,36,27
f027a7f215ea97926c427c5b0b313f9d,cama_mesa_banho,53,384,2,800,30,10,20
1cc61b32763a4d816212b3507b6b6c59,livros_interesse_geral,55,556,1,1050,27,30,16
24c66f106f642621e524291a895c9032,beleza_saude,37,325,1,792,19,14,16
6d1d611877ca6fe8901e27ea00df988b,brinquedos,59,805,1,650,33,14,23
262f65b4fffa70d0216e5aafde271967,beleza_saude,55,567,5,200,16,16,16
c4a235a34fa3361e6746f11175504a94,beleza_saude,13,1778,1,200,23,9,14
c429a719cac9a29bfb5749d8f9043dae,perfumaria,40,1389,1,457,25,9,21
0f4a3e29a1c122f94fe4c48c49d9cfa9,esporte_lazer,56,661,3,6850,93,6,93
99444c1e11fc38755dae86f5c67d3d1a,cama_mesa_banho,40,162,1,900,33,9,38
fdff6fbfaeefd11afe77be6f416e9c4e,utilidades_domesticas,50,1273,1,500,16,26,11
5d790355cbeded0cd60e25cbc4c527a2,informatica_acessorios,38,225,1,115,16,13,11
05a9ab81472f6bdcd910cb49b636c5b5,instrumentos_musicais,55,2290,5,250,16,9,11
00989337a1916a0055eedd1fdb35eb53,moveis_decoracao,55,373,1,800,40,5,11
d04bbac48960ecb7ea311b00ca6e1cb7,industria_comercio_e_negocios,52,784,4,11325,18,105,30
d6160fb7873f184099d9bc95e30376af,pcs,55,3632,4,2600,16,31,39
1a6c4373641dbeaf6f12af2427da7719,ferramentas_jardim,60,670,5,700,20,10,20
8adde8ed66e628e94f29b9832156ab08,moveis_decoracao,63,518,2,500,80,10,60
4b54b3c4276e14492c3b466f49583f72,construcao_ferramentas_construcao,53,910,4,1850,55,16,16
abe135ae574a8969994de86975004972,,,,,900,26,18,18
9e9a222ec8c28d9ab56658263c17f16c,automotivo,57,740,5,1150,20,20,20
09f6dccfebfa0688abfc1af640b69e61,esporte_lazer,15,328,2,150,28,5,14
f76a9967d2129cda56d7b3be6cb5c9cf,telefonia,58,637,2,183,17,4,12
9b9d1c4bd979b93c138044e032f99780,cool_stuff,56,1024,1,900,44,24,31
d2347fba1e60ea51f533960fc555baff,moveis_decoracao,39,94,5,300,16,5,20
8603fd58099e4089e9811dfffe1d5ea2,papelaria,41,742,1,14350,101,8,60
9165e7a5f9ef266f66ca19a816cdc657,cool_stuff,60,585,2,2300,53,40,22
f71f42e2381752836563b70beb542f80,informatica_acessorios,34,1078,2,250,41,2,29
11f7fe3e6faefffa90541a46c3a4398d,beleza_saude,56,1897,5,675,29,19,16
7315c8b2fdde9b7ce4e9fb30ddde010b,fashion_calcados,57,404,4,1400,22,12,33
73654d559ec8c7b46ae0c6419cd59072,beleza_saude,42,3156,1,300,18,18,18
bc74f63361c15c1a5baa5b97ac432e62,beleza_saude,42,500,1,4050,17,11,13
8dc3769c164b93196708d01eeca631b3,cama_mesa_banho,47,359,1,16000,16,10,16
66421745b3128972e1b0dcb3123e8c1d,bebes,57,346,2,8800,45,25,45
2800ef620d36d17df9b1adb26cc56a9d,automotivo,36,53,2,4600,102,33,30
4cbe01e6e8b6d49ce7880528c00b6c31,automotivo,57,347,2,3800,39,5,39
34b61264ecf24043cc09e6f4dbf6c0f4,bebes,25,1203,2,9133,48,35,64
d8aed41af112033ae4733abcf1f206fc,moveis_decoracao,51,271,1,3750,35,20,26
fb20d37a2c78452667f7a347e756727c,ferramentas_jardim,59,1251,2,800,30,12,30
6adab229374835b551f6402e0dc53267,pet_shop,56,499,4,1250,35,7,48
01a0f7d0d081d619be810e512be45f97,cama_mesa_banho,50,138,1,4517,57,17,35
63d6e7ab30f482382c9dfbbccae7da54,eletroportateis,56,1031,6,625,21,19,16
21c7ae0df2196c656289e946024f9224,papelaria,55,959,4,6400,36,36,38
a1fc7e27ec70c82cbc5a559b1af76424,beleza_saude,23,854,1,163,33,4,20
f0bc0aed23d451f89495f7650d81e244,beleza_saude,45,124,2,900,30,5,23
4fa33915031a8cde03dd0d3e8fb27f01,perfumaria,43,116,1,468,23,18,19
e2ea268601d73de5126e2616e00be1cc,automotivo,58,92,2,100,16,8,16
389d119b48cf3043d311335e499d9c6b,ferramentas_jardim,59,341,2,1750,37,22,40
67bd616e1ba0d3d3e8545f3113b0140d,beleza_saude,57,3153,1,300,18,18,18
1eacd44485008a89ec96c524993d8207,telefonia,60,776,6,350,17,4,12
15b5c55e291cc54d93c46c9a3c9bb9b2,livros_tecnicos,37,1106,1,1000,27,5,19
3af6d5f9fdb78f106c003ce49d7f0186,beleza_saude,47,156,1,100,16,5,17
51ce083cd2b9078656a94655ab45b8a4,cama_mesa_banho,60,264,1,2450,41,8,36
81288df52439985f610be64465e53f57,esporte_lazer,53,3189,7,3775,35,30,30
44625a08c05dcb9f85a1973644c69c6a,papelaria,60,523,2,600,30,30,11
40678c9096047877fa74a25cc6f0a726,automotivo,53,956,2,500,40,40,40
54e5939fcd9ae70ad0f59f612d6d29bd,cool_stuff,51,471,4,550,27,10,15
209fa5709fd95c3fac1edddca1d6c505,cama_mesa_banho,46,372,1,1450,34,12,40
a237de12bdf0bfe4fe220bae65a89731,moveis_decoracao,57,954,7,1250,60,12,12
27535386be7362e36d9e78c2afb8c0e5,beleza_saude,57,2685,2,900,30,15,26
2ca9b05a180977644da5c44cb49c1c6c,moveis_decoracao,42,122,1,566,48,19,24
2b7bb91ceee2bfa598986638fb136ba4,alimentos_bebidas,59,399,2,262,28,15,20
53ea9da485f6aed8a6f03a85831fe021,relogios_presentes,33,439,1,346,18,10,13
55bfa0307d7a46bed72c492259921231,livros_interesse_geral,43,838,1,550,26,7,36
8817f0cda3d5b42e5f949ee3be9dc80c,perfumaria,54,954,1,50,16,5,11
e50d5ff1ca7c56933a6f35de967fd2e1,bebes,63,1375,2,200,16,22,17
4a16a14bc51cda6c35221b3beb01c037,esporte_lazer,54,874,2,500,21,11,16
e729528d0513c6dfec158a515a47187b,esporte_lazer,56,574,4,5850,90,20,20
151f727718fd1e3d913e793a692c0f14,esporte_lazer,36,979,8,6350,90,20,25
530a4d5b0359677df7cb03484804509e,brinquedos,56,286,2,300,23,6,23
47d85e3e35a3e29f93fdc12b295d520c,esporte_lazer,26,446,1,10000,29,3,29
52d6f0dc99f96ca1d2ddbb64146f11b0,beleza_saude,53,1325,1,450,32,5,21
8c591ab0ca519558779df02023177f44,ferramentas_jardim,47,1893,1,6050,20,20,20
30ab498424a05754d445336acbcf05d5,relogios_presentes,55,807,4,350,16,2,11
7cfda1a28e3673a7dcf2094f856bf54b,ferramentas_jardim,58,2253,5,850,21,20,14
45a9a8115c62ad1ce34845e5ec4cfd48,brinquedos,39,740,2,300,20,20,20
c6c3f359bed2ca70506331f0a05d9c06,automotivo,60,424,1,900,16,16,16
c3798d484fb730f0b5c23af0d5361595,cine_foto,45,150,1,100,16,11,12
c69ee3d090e5c25f7e8633b164fc001b,automotivo,59,549,1,3566,63,9,63
7a38e463ce92bd8ee8449bde3f9ab398,esporte_lazer,43,1083,1,11517,51,61,38
5ec7e3a8dd5bc62961e497992baf4036,moveis_decoracao,57,281,2,1250,30,5,45
4914f8796af2ecd359fd8f44b9b92339,,,,,100,16,11,12
826f5b971a308b08c7596b03ae80246f,esporte_lazer,49,891,1,250,16,16,16
33e79119cfaa0e1f7122bf00b10426bc,telefonia,48,815,1,150,27,5,20
4eeb3431ff29b8867d4f7b817c298a81,telefonia,56,863,1,300,20,8,12
3e5201fe0d1ba474d9b90152c83c706c,cama_mesa_banho,56,255,1,1800,30,5,30
c7fd13b5e515bffdab855d0812842edb,moveis_decoracao,46,490,2,1350,30,20,20
946344697156947d846d27fe0d503033,cama_mesa_banho,55,619,1,500,16,17,17
44e086c4a977f37a888627b43880586c,instrumentos_musicais,60,234,1,600,20,20,20
22f590c457402e4971c9c2090d34983d,esporte_lazer,60,156,1,975,19,20,15
4fb3e6ce442ce9c621ea9509e47ac951,esporte_lazer,40,1023,1,1136,26,29,21
d581a9097bc2a13adf46bbd864ee0d08,beleza_saude,48,2910,1,300,18,9,12
422b2bcfce6061515c2aec9ef1d2a16b,pet_shop,47,190,2,1100,20,20,16
ff678388090fbae683a9a271480fb7f3,cool_stuff,45,927,4,300,44,5,18
727a46f0b58a9ef165af9f7ebcfebfa9,esporte_lazer,33,1440,3,200,19,19,19
2722b7e5f68e776d18fe901638034e54,beleza_saude,43,1234,5,650,20,20,20
f731f8587d4088c174397e010cf892a9,perfumaria,47,963,1,375,21,11,17
dc6217e7f9d8c15039ca95b702ce7e02,bebes,38,488,1,400,55,12,40
c2af5a088a7027f1efe72f4507fd2fbc,telefonia,54,756,2,150,19,6,11
250448da216b8ed83a1afa9b092fd938,construcao_ferramentas_iluminacao,56,297,1,3900,53,13,53
de6d0adf871d95106b89b444a2481fe9,automotivo,56,192,2,1950,19,19,14
dc68ee0fcb033a1ab6714fbb5db60c15,moveis_decoracao,37,214,1,1500,30,10,30
be3e31f416559f351eff764e3cef806a,esporte_lazer,58,341,2,300,27,25,27
bdc3291ab242ec1effc8eb0987850268,eletronicos,53,830,1,541,19,12,16
016711f78a6a87696645db0a6a834826,beleza_saude,14,1366,2,1150,27,22,39
5072bfb5e5e1ce79d108a610b6b22642,beleza_saude,61,1678,1,1100,16,16,15
94cc774056d3f2b0dc693486a589025e,fashion_bolsas_e_acessorios,29,99,3,150,20,20,20
12087840651e83b48206b82c213b76fd,esporte_lazer,27,521,1,1813,30,13,28
4052517cac9e78357d895976124f6972,eletronicos,31,736,3,800,35,30,40
cd974e9271f5d14639a1af02929a8be2,bebes,49,138,2,1200,25,9,18
8963eba2629ee030c4de83703c0ae020,casa_conforto,60,303,2,3450,45,15,35
f9421e9d9b4689dd804adbdb8c712d39,utilidades_domesticas,49,85,2,6050,38,30,38
82f03c68ad0f694bab78643d0ff8c67f,esporte_lazer,25,747,4,671,33,15,28
6a709b701952f3257fb1bebb4388dcc3,climatizacao,55,347,1,150,22,8,16
b82b4d3344aef4d70bc9acfc8a5fe2de,informatica_acessorios,50,1107,3,267,19,18,17
6d4b221ea1d6cce7090d574cfa6185ef,instrumentos_musicais,64,569,5,350,30,3,14
d169836257fb54117a84c70913117d6f,informatica_acessorios,45,229,2,200,16,22,16
ba92b5a0701d2f820ba6ca8f8c86294f,cama_mesa_banho,60,269,1,3400,38,13,46
437c27398475365e3103e091ce518c6f,pcs,52,1042,1,12550,43,42,22
362b773250263786dd58670d2df42c3b,esporte_lazer,51,2526,1,200,16,16,11
ba2a4b4789f9736851b6a9c98d30f21d,esporte_lazer,42,428,1,350,16,10,16
90aa2ab699cd0e459be93124aa91c82f,cama_mesa_banho,56,2507,2,2300,43,8,33
44523a5e61f0a718c2231922b8856ad7,relogios_presentes,42,266,2,286,18,11,14
93a5fdb44a53e09f4a7d659420947201,relogios_presentes,47,589,1,250,16,16,16
d4959e4f53f19c94abec965e966c7ca9,,,,,1200,20,20,20
20f23f339bacbc1863017f4d0619cee4,papelaria,55,411,1,300,34,2,25
8a443635fdf9759915c9be5be2e3b862,cama_mesa_banho,58,189,1,1400,46,2,36
72018b95e99f49156551362f086b62a7,cama_mesa_banho,58,416,1,1500,40,5,30
2d7cd0c78354e447e9c2a37e1e287417,utilidades_domesticas,50,554,4,9900,105,12,40
111110604c6d3718f07e26dbff3d46bc,eletroportateis,39,57,1,800,16,35,25
b33eafe0578ff59c3c9c0853a365e3b6,utilidades_domesticas,30,196,2,2000,48,10,37
1065e0ebef073787a7bf691924c60eeb,construcao_ferramentas_construcao,59,339,1,4300,29,7,29
228f57b1acb5bdce9401c58653c8cc14,relogios_presentes,39,542,1,433,21,12,16
ad53b56bfd80cb8adc160a3deaa239b9,telefonia,53,2178,2,500,23,7,15
c4baedd846ed09b85f78a781b522f126,ferramentas_jardim,58,1893,1,5950,20,20,20
74c45f01e6d11ff78ab287eb985f7343,industria_comercio_e_negocios,49,1119,4,5417,46,52,19
ace8fb267a4f76c58dad79d0171f6812,,,,,26950,65,79,29
289d248f6a9046a0f0be47cda2b45537,esporte_lazer,31,542,5,250,25,25,20
51d4c5626abb1963d3cba78871cce415,cool_stuff,47,766,5,4400,40,36,30
7fb06133a9a56c3d8a2819e9f4d45422,construcao_ferramentas_construcao,54,433,1,1050,16,8,90
94ea362da29f43390e967e874c6fa842,esporte_lazer,25,192,1,3000,53,19,19
7fab1a1472fdd934397068931f63f3ca,brinquedos,53,200,10,600,30,25,20
ac477a098cb23c128ec2915a4f3c4625,beleza_saude,38,1686,2,717,19,17,14
8844bd4b8ca8f93603694ca2bceb77e9,beleza_saude,49,1513,3,900,33,17,12
71f5cad782714ec5d61a1bfa34543403,consoles_games,50,263,1,528,24,15,22
8e7c6eda914c6feee0ee99555bb92d39,eletronicos,47,245,1,150,21,11,14
af2d506fb01b724e03591349ad36b67e,bebes,55,1681,2,600,20,13,13
cfbd9afef85eecef5aecf32844d2bc07,brinquedos,60,145,5,4450,39,30,29
ec02a5d380128f7a188e9ce8f3ddd832,cool_stuff,59,599,2,2275,45,25,18
dae734dc69d90e2ced16dc3367da97b8,eletrodomesticos,54,238,1,400,33,3,36
21a3fd0dcc50f6c1dbd01c2faf1db393,cool_stuff,49,1621,7,6317,37,39,43
d556492cb91418b6a9d9613592b4367f,telefonia_fixa,51,352,1,100,19,3,11
db7f3f42ccab32fa6328b3063b278bcc,consoles_games,28,919,3,300,25,5,24
b1d207586fca400a2370d50a9ba1da98,,,,,350,16,4,11
da1415c61b55b4e9ea8cb19521c857df,relogios_presentes,36,382,1,308,17,12,13
0bbdc963004d9b2fd3427ee3c5ae3608,esporte_lazer,31,1479,3,150,23,7,12
d8c92e2b378d2321b7eb32ba6cf52a66,papelaria,60,2019,5,6150,32,35,32
8de065ea288024906fe52d09d8021df4,cama_mesa_banho,45,1504,2,150,20,2,16
ae52eeb8383b94455f0a08b1f88ad002,informatica_acessorios,60,882,1,167,21,13,12
b6568b6f6f28973098d2856afb8832cb,climatizacao,57,604,4,4900,26,26,56
73326828aa5efe1ba096223de496f596,alimentos,32,1392,1,330,20,15,16
bdcf6a834e8faa30dac3886c7a58e92e,beleza_saude,26,394,1,1614,31,16,28
95c40b993a22463c83beb5c51a03d46c,informatica_acessorios,33,1084,2,200,41,2,29
3a3232c5a8df0895d04012fb058f4bbe,telefonia,51,381,1,150,19,4,11
35559c3265789453c74498644a9f8d6b,consoles_games,38,552,1,500,25,25,25
926a505f318353d8634f3c5102756352,cama_mesa_banho,55,284,1,850,35,10,20
98ae5b3166d58f0055db5dc330ff1914,ferramentas_jardim,41,399,1,4000,43,11,43
6b80b94c131c21e8a80f8139fa458329,eletroportateis,54,360,1,16900,37,65,37
af63237de5e7f1f9c067f7b7c506287e,informatica_acessorios,60,704,6,6800,28,28,36
6f1b3488c5314b527201978357a8d85f,telefonia,52,1487,1,343,19,13,15
cdd0b7472213e44df3b48e96f8deee74,relogios_presentes,50,840,2,150,16,2,11
90ba8b896e0237e45804c8da0f058dc9,fashion_bolsas_e_acessorios,36,462,4,1800,45,11,35
7b52ce3d6635ac7eb9d2bbb3dc931843,eletronicos,42,412,4,400,17,7,12
a412aeba7360afad41b632da6b27105c,informatica_acessorios,33,1084,2,150,41,2,29
bb90206fa281c20f0b4c42a2393b54dd,informatica_acessorios,39,72,1,875,35,14,14
f821142b81bcee787d6383b5c384d37d,moveis_decoracao,42,1644,1,1100,35,25,25
35afc973633aaeb6b877ff57b2793310,casa_conforto,56,176,1,1825,53,10,40
bbc7e843b8e76cabfe107ad624cb2e7a,climatizacao,40,973,1,8800,56,18,33
6cc44821f36f3156c782da72dd634e47,cama_mesa_banho,55,273,1,1050,38,10,38
05a9dadb8402b6b7ae3dd28f7da187b5,informatica_acessorios,59,3314,2,2950,20,20,20
3ca9a17c20e1c00683a97749070fdfe1,moveis_decoracao,51,314,1,500,40,15,40
e673e90efa65a5409ff4196c038bb5af,cama_mesa_banho,53,528,1,0,30,25,30
bdabd28372ee8e7e7b3a825efd22a8fe,telefonia,59,678,3,150,17,8,14
53759a2ecddad2bb87a079a1f1519f73,ferramentas_jardim,58,340,2,1500,30,22,30
8feb43a054893da80044ad0f693fd0ad,eletronicos,37,368,2,150,22,8,17
67cb39173878fcdf21b5491230fe386b,perfumaria,60,660,7,450,20,5,20
4bb7155e3b9b96ca2696edc357ea8dde,automotivo,60,891,5,900,32,7,29
30ed2f5bb848bade9d8906ef78dd880a,cama_mesa_banho,52,444,2,1400,50,16,16
7f72a8900b3d2fc8fa2635b7836d6e6e,brinquedos,38,571,1,147,14,10,12
6ac9af102b44f348819e072be3bb57c2,brinquedos,56,334,2,625,22,17,24
9fb9a39f2e393018aaeb432394aff48f,livros_interesse_geral,34,1151,9,1950,36,5,23
42a2c92a0979a949ca4ea89ec5c7b934,utilidades_domesticas,41,799,1,7000,26,47,27
fb55982be901439613a95940feefd9ee,papelaria,52,211,2,7000,60,20,30
fe8b0ea4a95d3a6488d8e23b41720e46,bebes,32,589,2,450,55,6,19
e745ef0b16caf129dfc0f4979c347619,fashion_bolsas_e_acessorios,59,409,3,150,16,9,11
f8ec436ec93f73848b48b8e0e5fcd335,moveis_sala,27,73,1,6970,65,15,65
21fb5057dd6a737df6851a7ab7a130da,moveis_decoracao,52,709,2,7550,35,35,35
c6bf8cc852eee5c4ab264e792a9c23a1,casa_conforto,37,95,1,2150,52,12,42
d753d967faa594c1c4014dc58966e8e1,construcao_ferramentas_construcao,60,327,1,21900,41,12,41
a9516a079e37a9c9c36b9b78b10169e8,moveis_escritorio,41,1141,1,8683,54,64,31
9e10eb05d9f369d5c38c475425cc2ee9,telefonia,30,580,2,100,16,3,11
4ef55cfc0052b8c8c9313fd35d00289c,malas_acessorios,47,114,1,700,35,10,34
3a3f0628722b2f548673a2f7f5fa5605,fashion_underwear_e_moda_praia,62,594,3,250,19,9,27
0eda6e310c91549299a2f97d0354f7fb,beleza_saude,34,905,2,450,18,13,13
27e7285754ae724e707141aa7e80ff69,ferramentas_jardim,60,319,1,1350,59,23,29
dd6a505f83dd3c6326aa9856519e0978,brinquedos,43,623,5,200,16,7,11
38e24e4d6dbde6523f2ffdfe01ea09ec,informatica_acessorios,58,1147,2,600,20,30,20
c92a761aaccfb831d4220d44648f260a,ferramentas_jardim,55,485,6,100,18,8,12
94dfe961f86c1f33e5387b6c59201fc7,ferramentas_jardim,45,768,1,180,60,16,11
3e7ca2ff3d372303c5773c8018746fc2,bebes,36,428,1,183,17,14,13
04d1e516df784ab0cc7cb3b74a0933d2,informatica_acessorios,38,130,1,150,20,8,15
f35927953ed82e19d06ad3aac2f06353,livros_interesse_geral,39,724,1,450,20,20,20
196616257eff8bc851dc4fc041cbbbe9,moveis_sala,32,608,2,9750,27,15,92
7dd3fec3502f7ef333da2a73e00db394,perfumaria,54,391,3,479,21,15,17
dd0dcee76f9c12fff4bc0eb641d57c7f,eletronicos,44,431,1,250,25,7,14
31123805776da48ab8b0237cdc3e5636,beleza_saude,47,140,1,700,24,24,16
20fb650ad1615624d7e202031400f695,livros_tecnicos,53,1417,1,750,29,3,21
f89caa3ea4fb5f7b6e7fb2bb4ba61881,cama_mesa_banho,43,187,1,750,40,4,30
1b4dee3e58cb87cb5a0acc54ea53db9d,fashion_calcados,54,404,4,800,22,12,33
5be51b87d3f543e942bb8299c5bd4423,esporte_lazer,49,1416,1,350,16,16,16
b2545dd62c61d45d55ebaa04d1cb1e23,,,,,1475,42,24,31
03e931f387c2dd5b006aecdb12515b2e,cama_mesa_banho,55,560,1,650,16,10,16
87aff1d9a5e94db6840c5b963a5cef90,esporte_lazer,59,1732,5,1500,40,20,20
891fb188da14116c09b14fcff8fb1a03,utilidades_domesticas,26,524,4,200,16,11,11
365ddcacd1174891f2b0b6820a7a4fae,moveis_cozinha_area_de_servico_jantar_e_jardim,49,192,1,18800,50,50,50
21a6e49e01d1ee93aadbd8cdf776308f,relogios_presentes,45,510,1,338,18,11,13
f25f304f0e7163a29c271960a6704b0f,moveis_decoracao,33,1197,1,17033,101,8,57
905b384ac5667170689505bbf30f1d07,cama_mesa_banho,53,504,1,1600,45,15,30
a291cc846d74d97f01611894f983073b,cool_stuff,58,478,1,600,22,6,22
fcb61bdd656827a13a98f369eeb9fa3b,cama_mesa_banho,51,215,1,1600,40,6,30
515363bc1bda36afb33bb9cdde0789f3,livros_interesse_geral,36,205,1,250,27,9,18
28beefcab28e6a3b659bae1bf1cbe453,telefonia,54,880,2,250,16,12,14
585fba465552491690a4d0ebc78ef585,pet_shop,24,796,1,200,16,11,11
73f1f4a973ffb99bb0157e38ab33f989,construcao_ferramentas_construcao,23,1177,1,1500,21,19,22
d3e1006ba3735c0d44160026b6e0ced3,automotivo,53,2805,3,1850,19,16,17
dca9904850a1b13faa65450fbd000a3d,esporte_lazer,58,1130,4,250,35,10,15
797cb0efc72192071fc68eb90ce7dd62,automotivo,55,189,3,5900,105,17,19
462646c1c1495199e63684d79e6e0d1b,papelaria,63,920,6,50,16,4,11
e6b6e72a0e6be244a69261788f086429,cama_mesa_banho,60,2361,3,2555,55,17,48
b6acad95bb80b9f438b3496bfdfd8257,telefonia,44,1440,4,150,18,6,11
fb7a100ec8c7b34f60cec22b1a9a10e0,brinquedos,58,321,2,150,16,16,16
fa00124915804f23967ae06d7dfd5874,telefonia,58,363,1,200,24,21,21
71a5f1c2a5fd9889ef26b5ac22aec9c6,moveis_decoracao,60,500,3,100,16,3,11
d5aab5918f6581c1857e6a0c38f13e78,ferramentas_jardim,40,792,6,150,17,7,12
3e6d2bde9274ac275013aa90d7e2bf16,relogios_presentes,52,481,2,250,16,11,11
45dc66388e0aeec2e8baab5572f2fa44,esporte_lazer,47,371,4,1100,30,16,20
6866bdfc7c91ea0dec8997c738c40f6c,informatica_acessorios,60,291,1,1150,23,11,12
7d1a667dbc183583078324f912d42c6b,esporte_lazer,43,2420,1,150,16,6,11
c1cf541d5b33a4b04ddc1c3be7aa1c86,beleza_saude,51,781,2,150,35,2,26
9ce4603565c839785b24a7e95e28f4eb,cool_stuff,40,1516,2,800,22,15,27
3becff10d1deb92b02f2a1ee62a04524,informatica_acessorios,54,1520,2,6150,30,30,20
c4e71b64511b959455e2107fe7859020,utilidades_domesticas,59,1371,2,200,18,15,15
