order_id,customer_id,order_status,order_purchase_timestamp,order_approved_at,order_delivered_carrier_date,order_delivered_customer_date,order_estimated_delivery_date
158a3c94f1c31ab6a1e4b818c150ef70,5720eea9974f8afc6b0d50060fac2622,delivered,2018-01-08 20:38:46,2018-01-08 20:48:35,2018-01-09 15:13:48,2018-01-11 19:27:49,2018-01-24 00:00:00
0c1131dcb8c6ec0c895af6aea3e70983,69de6e98cbd456c73122e8fd3a20554d,delivered,2018-03-04 01:19:17,2018-03-05 04:15:31,2018-03-15 18:33:42,2018-04-24 15:42:11,2018-04-13 00:00:00
b0ab2270e1963a7e70de3b7b433bfc2a,0293c0d1c4c6c83fd6eff23e4cd1ca31,delivered,2018-01-08 17:30:42,2018-01-10 10:32:47,2018-01-13 02:06:58,2018-01-19 16:48:56,2018-02-01 00:00:00
cdf4b0d5611fbf52e84ea0dc45f5ba8e,c618ee064d6aed1a5548cd0146342e68,delivered,2018-07-15 15:19:09,2018-07-15 15:30:18,2018-07-24 16:07:00,2018-07-28 15:58:35,2018-08-08 00:00:00
36ea02534d94c9d58bbbd06fddb3fa9a,0446b2b06900bd31f919292a4379ffb0,delivered,2017-12-03 17:36:49,2017-12-03 17:52:21,2017-12-04 18:06:33,2017-12-13 21:39:00,2018-01-02 00:00:00
10016b700b98966403aafded9f2e168d,715f6330b32864005e645e571dbb2fe8,delivered,2017-11-25 16:22:05,2017-11-25 16:33:34,2017-11-27 18:39:03,2017-12-12 20:51:56,2017-12-20 00:00:00
da0b8ba8e2730558871c2f9eb672e787,6e82a7813cfd686eca3f3d7ce6705d62,delivered,2018-08-13 22:17:24,2018-08-13 22:50:18,2018-08-14 13:50:00,2018-08-17 19:41:21,2018-08-27 00:00:00
19225676ff2a0f88c9d5b21fbe69494e,75aa63f557126fb8f7fbe7bdf01e6fc8,delivered,2017-09-25 14:36:45,2017-09-25 15:06:22,2017-09-26 13:37:37,2017-10-06 18:33:54,2017-10-19 00:00:00
9ad8a5a07627839df5c41599153d02d7,9ca914c4150b88e8beb5e6b27107326e,delivered,2017-08-21 07:24:37,2017-08-22 07:25:20,2017-08-22 18:24:45,2017-09-06 12:10:29,2017-09-21 00:00:00
329c5c3b5a57c04d68cda99d7f94403e,df8127289fba9af36ada908b0a42b538,delivered,2018-08-19 21:34:59,2018-08-20 13:30:43,2018-08-21 06:47:00,2018-08-28 18:03:37,2018-09-06 00:00:00
6810c2b3b3587a83d4af69dcb68295f9,b44a611059f1fdd8ddcdaea0b3f2483e,delivered,2018-04-09 20:52:13,2018-04-10 20:51:32,2018-04-11 17:58:49,2018-04-26 16:38:48,2018-05-04 00:00:00
2d858f451373b04fb5c984a1cc2defaf,e08caf668d499a6d643dafd7c5cc498a,delivered,2017-05-25 23:22:43,2017-05-25 23:30:16,,,2017-06-23 00:00:00
c9dacb231adb8fe3a8d4d452aa10bfe1,25c94fb991b323d4a3b9dbf96be0da22,delivered,2018-05-17 14:23:04,2018-05-18 04:36:10,2018-05-18 13:45:00,2018-06-13 22:12:13,2018-06-04 00:00:00
15835b4cf971838ce051b97200baa5ac,f0efcec882dd726dd5dca4d34d978001,invoiced,2018-06-12 13:26:14,2018-06-12 13:43:37,,,2018-06-21 00:00:00
6bea4b3d238b2f7104807ff9f128f7e6,b9085af804080645661dee18717cbee1,delivered,2018-04-05 11:25:43,2018-04-05 11:35:27,2018-04-07 16:48:41,2018-04-18 17:06:42,2018-05-07 00:00:00
8c0819345572d0da947e64bfdf38e3d2,28431c7da08761c1ea2827009796a928,delivered,2017-02-09 23:40:48,2017-02-10 01:05:13,2017-02-10 15:02:26,2017-02-20 11:32:49,2017-03-14 00:00:00
fc698f330ec7fb74859071cc6cb29772,e779303d9317edc7bce9f584ccaa59e3,delivered,2018-04-18 09:02:27,2018-04-19 02:32:11,2018-04-20 18:46:27,2018-05-09 18:52:09,2018-05-23 00:00:00
056a21113c096b87e87743862452a7d3,7e3721f04862909bc9e85394898019f4,delivered,2018-06-17 17:08:31,2018-06-17 17:38:54,2018-06-18 15:00:00,2018-06-25 18:04:01,2018-07-16 00:00:00
e04227003e31c861c6d5953a9ecaffb9,1d99106cca82c25870ca45588226c83d,delivered,2018-06-15 14:08:12,2018-06-18 11:15:30,2018-06-18 15:16:00,2018-07-03 23:32:10,2018-07-25 00:00:00
1cdcb5dad67ec14d5de2075e832f6099,2f029eb28b4e6df54d4978e3d61709d8,delivered,2018-05-19 16:40:54,2018-05-19 16:59:48,2018-05-21 16:40:00,2018-05-24 21:59:44,2018-06-18 00:00:00
4c22be46e1fe5c05c6ced534449f7432,5c8dd358cd43e858e1a25ba5eb9de22b,delivered,2017-10-23 17:28:47,2017-10-23 17:49:06,2017-10-25 13:44:43,2017-11-08 20:48:38,2017-11-14 00:00:00
ae9e1b5ea01b4df2adbf3d1db769704e,5147535c11cedf05fd1adbd3dfc40599,delivered,2018-07-30 02:16:14,2018-07-31 02:10:08,2018-07-31 11:40:00,2018-08-06 18:52:44,2018-08-21 00:00:00
9a7f882c95ae7d422db8ab15e1ee0a87,f22aca6ec39e20888a279ee104039b32,delivered,2017-08-10 14:41:12,2017-08-10 14:55:17,2017-08-10 20:44:06,2017-08-17 20:13:04,2017-09-04 00:00:00
d41b4a82416b8d3138e5b941cb3fa1bc,67fc18dd86245cfd653233ab73bc0887,delivered,2018-05-09 20:36:26,2018-05-10 07:09:45,2018-05-10 11:58:00,2018-05-15 16:33:20,2018-05-30 00:00:00
b503b740e8fd1459f15b442444b2d4ee,891e43360de6c95937fde8f4d6672658,delivered,2018-05-14 09:20:53,2018-05-14 09:35:16,2018-05-14 15:12:00,2018-06-01 16:04:12,2018-06-06 00:00:00
6542055e71e2ba285676fe57d0822618,1fe381f4b615df3b145782822bc200af,delivered,2018-03-13 13:33:43,2018-03-13 14:28:32,2018-03-14 16:37:44,2018-03-20 16:03:23,2018-04-05 00:00:00
1e693ac6b55dd939e50702b971446d71,4d89e7ec9a5b443f3188cb1132255b72,delivered,2018-06-12 11:32:22,2018-06-12 12:01:15,2018-06-13 11:55:00,2018-06-14 14:18:28,2018-06-21 00:00:00
4a098cad947704b7e739e19a092e24de,c7e19323cb9b0dc5b4859f5a03e861d0,delivered,2017-12-03 01:31:38,2017-12-03 01:51:06,2017-12-06 00:13:23,2017-12-14 20:13:12,2017-12-28 00:00:00
728f6f76b6e070562457bf771c93e002,c753ddf1479aff673b07bdab010c60f1,delivered,2018-03-02 14:50:09,2018-03-02 15:12:20,2018-03-03 15:32:52,2018-03-08 21:04:37,2018-03-14 00:00:00
5124d1910fba5bcf45b9372eb874fe2d,a4108f668ee0837853954a5ce287613c,delivered,2018-04-15 13:12:43,2018-04-16 09:35:11,2018-04-16 22:54:24,2018-04-28 01:04:09,2018-05-16 00:00:00
4c77961d5a6909826862fe6d8881f1b3,2c0f7357417a5ffbe649bd35a797804e,delivered,2017-09-22 22:33:22,2017-09-22 22:45:36,2017-10-02 15:23:05,2017-10-06 21:37:40,2017-10-16 00:00:00
6900ba78f72feb30643f7c2e2ebb3aa1,7a025a70305eeb3f28d6f279b2312f57,unavailable,2017-04-23 18:16:54,2017-04-23 18:30:35,,,2017-05-11 00:00:00
f6ed6898419c893a57cd88e7dbbdb2c7,0f16a3bf59027a68aaea6d31286e28b5,delivered,2018-02-27 18:31:39,2018-02-27 18:48:22,2018-02-28 20:12:45,2018-04-09 23:33:38,2018-03-20 00:00:00
fcaa22948cf53b9b3ff7de0c67b6391c,bdac7cb780e6f6c2be2b42c24c03f04f,delivered,2018-02-08 19:39:39,2018-02-08 19:55:28,2018-02-10 00:26:22,2018-02-16 14:33:01,2018-03-02 00:00:00
979f8ea562e84d3ed962b250fc08976f,15a93aab211662aef57e579c573c6f02,delivered,2017-06-17 17:38:56,2017-06-17 17:50:17,2017-06-20 12:02:34,2017-06-28 16:57:47,2017-07-12 00:00:00
095e9e0811476409362d72fa70d73a6c,1ec264df7a63b93ee299b3e17c356e3b,delivered,2018-02-08 18:36:24,2018-02-08 18:50:43,2018-02-10 04:16:44,2018-02-19 21:19:20,2018-03-13 00:00:00
379c468e2dc90ec7cd68bacf13ecca13,96853060623f0ce3cbf3624b2411256b,delivered,2018-07-17 08:28:23,2018-07-17 08:41:12,2018-07-17 13:38:00,2018-07-20 18:32:07,2018-07-31 00:00:00
b3c2fc7374cd5dbb27c84f1a0315594d,032dc4140d9a51a0febc693a96a44489,delivered,2018-07-03 21:46:53,2018-07-05 16:32:50,2018-07-04 10:14:00,2018-07-10 18:12:36,2018-07-26 00:00:00
388241639571ce95ace22e76655719f9,c15fab5c4434b79b5646efd43c6e4cde,delivered,2018-05-15 23:32:20,2018-05-15 23:54:24,2018-05-16 15:47:00,2018-05-18 19:04:08,2018-05-30 00:00:00
93f27293d6f1881d4784abaf47d53ffe,af20e4d9bc9c5a59eca2afb75030eb4a,delivered,2017-06-27 11:20:17,2017-06-27 12:04:01,2017-06-27 15:52:30,2017-07-10 20:42:06,2017-07-19 00:00:00
13de2b3aeb8d30a32011cb0017beaff8,8195e180531d326cf34077d25743fb3d,delivered,2017-07-12 17:39:39,2017-07-12 17:55:16,2017-07-13 18:07:45,2017-07-14 17:54:47,2017-07-25 00:00:00
79484f19cc86692406efe3763ca1af17,620b061788ebe9ad22a09053ec126c55,delivered,2018-06-16 08:42:28,2018-06-16 08:58:59,2018-06-19 17:20:00,2018-06-28 17:51:57,2018-07-19 00:00:00
973d67484939e1f2afd53304e125bf1f,29b77c09f86219ff14e66f31852f9b6b,delivered,2017-06-23 07:16:53,2017-06-23 07:30:16,2017-06-26 12:58:54,2017-06-27 11:57:07,2017-07-06 00:00:00
788688f686c6ef04e7eb60e4ba103ffd,8bd366ffda4873f0d2e1b9112041718a,delivered,2017-11-22 00:37:30,2017-11-24 03:11:45,2017-11-28 22:15:05,2017-12-11 21:51:37,2017-12-19 00:00:00
79d6c28185a5be065bf1931dc36a289b,a8855786ce866e5aa1bf16a510c812f4,delivered,2017-07-11 03:13:34,2017-07-12 02:24:06,2017-07-19 18:26:57,2017-07-26 14:47:40,2017-08-02 00:00:00
fd9b6d62141f417da1ea28881ad297ed,af0bb59abb273cac5d8691b464dfff12,processing,2017-12-08 13:25:28,2017-12-08 13:38:26,,,2018-01-15 00:00:00
41f04a2247a093f05ada3970a34a2b9a,65670d2a7a79a95d26d61265a6123af1,delivered,2018-02-04 20:43:44,2018-02-04 20:56:12,2018-02-06 18:48:24,2018-02-10 12:42:30,2018-03-08 00:00:00
3749ffb24b4dec6d0cab14cb31e4fa94,c778451490bd2d62f6748492ed4068ac,delivered,2017-11-15 13:09:18,2017-11-15 13:26:53,2017-11-17 23:39:28,2017-11-27 20:53:53,2017-12-07 00:00:00
b80a30ad4fad5c35fbc7904d46cb25e6,dec0327d097743b1b1f013842e6b7f8c,delivered,2017-06-28 09:51:56,2017-06-28 10:05:25,2017-06-29 11:19:50,2017-07-06 14:39:44,2017-07-18 00:00:00
86fbc7823cb0bc0b27e0ccd18022aa19,512ded1d728a366069702fd124de9a6c,delivered,2018-08-18 08:27:58,2018-08-18 08:49:38,2018-08-20 14:22:00,2018-08-23 18:31:49,2018-09-12 00:00:00
1e721ce42c736da389dc1e266e969acd,9670f4d666e901ffcd28269d0096d000,delivered,2017-07-16 17:26:30,2017-07-16 17:35:15,2017-07-18 14:35:09,2017-08-07 13:12:27,2017-08-10 00:00:00
b844269f8f77813365bde577805911f1,ddb57a86c9720a54e2b7394c7112162b,delivered,2018-04-23 13:23:27,2018-04-24 19:03:58,2018-04-25 14:55:00,2018-05-03 19:28:28,2018-05-22 00:00:00
516f5de9225a8f51acf38a5d5057bdd7,31beb004638ae8fbbddd66eab1a4b74e,delivered,2018-08-13 20:45:48,2018-08-13 20:55:31,2018-08-14 16:06:00,2018-08-20 22:09:50,2018-08-31 00:00:00
cad95e56b8bc5ed2c10ee964ba21ac96,ae13ef7e41b712ff329871b5760be19e,shipped,2018-01-30 14:44:20,2018-02-04 23:31:32,2018-01-31 21:12:05,,2018-02-15 00:00:00
2c40105463f11c726046975015826e55,413d2872cfbed54cae78de93afc7912e,delivered,2018-04-20 09:36:11,2018-04-20 09:52:57,2018-04-23 20:12:52,2018-04-30 16:58:43,2018-05-25 00:00:00
4c4c18f172becac0b104709006c11a9b,4bf3c039809b9e6d39e8c207bb5d6325,delivered,2017-12-01 17:12:58,2017-12-05 04:17:31,2017-12-06 21:26:47,2018-01-04 00:13:32,2018-01-08 00:00:00
94334c434972d5f591d2e72330935d25,7646338721482cc1c3429c76ae261c94,delivered,2018-06-24 17:15:56,2018-06-24 17:34:13,2018-06-28 12:25:00,2018-07-03 03:52:32,2018-07-31 00:00:00
cf5b244fd1f7002efc7929be945f1d44,c05ffba0ae84172ddd1098226dfd91ea,delivered,2017-07-16 21:23:35,2017-07-16 21:35:18,2017-07-17 18:12:03,2017-07-31 16:03:03,2017-08-09 00:00:00
154296963babe7e6f491818cb07b17ba,bbf72dd998cf3a7eead87da199b0bafd,delivered,2018-03-25 02:00:32,2018-03-25 02:15:25,2018-03-27 19:48:48,2018-04-21 02:36:39,2018-04-20 00:00:00
9767781031663fd584e27336a14ee5a0,33cb709a35a14f28d9783682d9ec187e,delivered,2018-07-05 15:28:26,2018-07-05 16:23:12,2018-07-06 11:14:00,2018-07-10 15:52:34,2018-07-27 00:00:00
30597759d1d7db03d11b1fd56b1fcfd2,c6f626e33c38ee4bac0c4fe01bf3d932,delivered,2018-01-24 11:30:22,2018-01-24 11:42:24,2018-01-26 16:12:16,2018-02-09 19:29:03,2018-02-26 00:00:00
83ac7baaa477085adfafa311103efaf5,2d90e35c08e9844be3e33d7be88d5d7b,delivered,2017-06-20 18:52:33,2017-06-20 19:03:46,2017-06-23 12:04:21,2017-06-26 14:42:10,2017-07-03 00:00:00
50e8eff30cc85b5bf993d52785bc082a,d1d4697472a54768704161ab0d713a1f,delivered,2017-11-19 00:25:06,2017-11-19 02:18:00,2017-11-21 16:21:28,2017-11-27 18:07:08,2017-12-07 00:00:00
f45d4aa8bc99c39436fe3636932ea53f,5893ebdeda7eec3e99a4103bc4b2fa7f,delivered,2018-08-16 23:08:45,2018-08-17 08:35:09,2018-08-17 15:37:00,2018-08-22 15:42:59,2018-08-31 00:00:00
1fa468994c6de461001e0d8849f60a7f,5bf659be3540f83e2f8f4dd67fd1dcfd,delivered,2017-12-06 09:03:48,2017-12-06 09:34:45,2017-12-07 20:18:38,2018-01-03 19:28:29,2018-01-03 00:00:00
0176a6846bcb3b0d3aa3116a9a768597,aaad67429ea7d339bdf5f71ae3ef74f6,delivered,2017-12-25 10:40:52,2017-12-27 04:32:07,2017-12-28 19:57:15,2017-12-29 21:22:35,2018-01-15 00:00:00
e292b3a258a40c3489d65a60b9cad848,e0f3dd75a709236dd86a35204e6bd69e,delivered,2017-05-16 00:57:20,2017-05-16 01:05:13,2017-05-18 07:19:50,2017-05-22 17:17:43,2017-06-09 00:00:00
92307d93688d9465005c2cf0b6aa7480,a6041a9fbc2ec5b2dee5219b469893ba,delivered,2017-05-22 21:45:15,2017-05-22 21:55:13,2017-05-23 16:41:24,2017-06-19 21:55:57,2017-06-22 00:00:00
539d0e8a233d633cce2f53dc4280c55e,6308df43e19f572096086928db705f23,delivered,2018-03-13 09:14:23,2018-03-13 10:00:21,2018-03-16 20:22:09,2018-04-02 13:18:40,2018-04-20 00:00:00
c5351b62ac42d8a63b11a24ca403a30f,0d34dca8c8a02afc52be8689c8774af6,delivered,2017-11-30 11:48:21,2017-11-30 13:31:19,2017-12-09 12:42:09,2017-12-14 16:38:47,2018-01-03 00:00:00
a1b0f9ee69a79c509eff098467a2fbb0,e0ce7391d9564824f77eca9c2c99f1bd,delivered,2018-03-21 19:56:41,2018-03-21 20:10:30,2018-03-22 21:58:31,2018-04-15 15:54:28,2018-04-12 00:00:00
36d2f4c466cc35f518fac94f87653109,ae276554ae951afd264f67a513ae3b0c,delivered,2018-08-16 08:20:16,2018-08-17 03:31:07,2018-08-20 15:16:00,2018-08-22 21:38:36,2018-08-28 00:00:00
1cc4e549e16c732db4d9228fce789407,3146904311eaf296187c7c7768d78210,delivered,2018-02-27 09:57:31,2018-02-28 13:15:30,2018-03-02 18:37:49,2018-03-26 23:24:26,2018-04-06 00:00:00
b68f6efd1214a39bd3f44cf6e6ed42d8,018c9981e6704cf8fff79db3332a12f7,delivered,2018-02-14 14:52:59,2018-02-14 15:08:25,2018-02-15 15:04:42,2018-03-07 00:53:46,2018-03-22 00:00:00
bb98ebf4863602704a934e547ca8fbee,a9c3ea5497bff2eea60207db6c513717,delivered,2018-02-14 16:28:37,2018-02-14 16:45:36,2018-02-15 19:52:57,2018-02-25 16:47:05,2018-03-08 00:00:00
57edfe6486364c7777241f5ab5902715,1a655f9c2a5fd2c3e77940ffdc848989,processing,2017-06-13 10:51:54,2017-06-13 11:03:07,,,2017-07-10 00:00:00
ede1ae813d155e5d908cc6209fb95301,4e29ae10918438fa42da59c0d63787bf,delivered,2018-08-19 14:29:37,2018-08-20 12:11:54,2018-08-21 12:16:00,2018-08-30 16:54:33,2018-09-06 00:00:00
acca926ef1cc9a37d04aac404dc87f4a,65c6fbb9e8ef2c11d161d909f15d3fe4,delivered,2017-06-14 14:33:25,2017-06-14 14:45:16,2017-06-20 09:34:53,2017-06-23 10:35:32,2017-07-07 00:00:00
bf11d6d45abb67220dbfb9b1f8c09efe,b474f5d2fa522b1ab235ad78afcc17ee,delivered,2017-11-19 10:29:28,2017-11-22 03:06:52,2017-11-22 21:42:29,2017-12-08 13:38:40,2017-12-11 00:00:00
9c9036dccc18ec72597a1abafc18d3b4,651a93e609de83580b7e073e997f7631,delivered,2017-08-09 14:57:39,2017-08-09 15:10:13,2017-08-09 20:09:51,2017-08-14 15:04:19,2017-09-06 00:00:00
ec36a2bdf65bba1742263a91c4f251ae,6608dac8561577f1f1a18ff05e9d1dc7,canceled,2017-02-28 21:49:29,2017-02-28 22:01:44,,,2017-03-27 00:00:00
4d1520659b160e48900f017af350bfb1,db4dd80011bdd47248da15fd40fb05f0,delivered,2018-04-29 12:49:31,2018-04-29 13:11:10,2018-05-11 15:03:00,2018-05-14 19:49:41,2018-05-15 00:00:00
9e99a131a8798c3985381f4f7c96d56e,d9287300a4a22b52cebc3186370089bb,invoiced,2018-01-19 12:52:52,2018-01-19 13:14:42,,,2018-02-16 00:00:00
0337e9398b087d93f41230ceb2410b50,deeec2dbc5ec2ebede3686654f7e82f0,delivered,2018-04-21 16:51:57,2018-04-24 19:24:47,2018-04-23 18:33:05,2018-04-27 19:26:40,2018-05-24 00:00:00
713824809fec35c7cd7125d6a6bd347c,3f0c48f253e225011b3618be8e43ec50,delivered,2017-11-11 21:03:54,2017-11-14 03:55:34,2017-11-14 20:21:24,2017-11-16 23:24:43,2017-11-27 00:00:00
14bd11245c3ec97c47db26f0e5d88743,acd6861e100c050c81cbb4bdadc416a0,delivered,2018-01-16 14:15:54,2018-01-17 17:27:35,2018-01-18 21:39:08,2018-01-25 16:12:19,2018-02-06 00:00:00
f7a0b8c521ea81bf3536ad4ef99fd376,faef2f2f4a3880d56b17a30c8aa683ce,delivered,2018-08-26 10:08:49,2018-08-26 10:24:05,2018-08-27 14:59:00,2018-08-28 20:41:49,2018-08-30 00:00:00
36252698cf1f3b91960c60cb2524ae78,a321fad7152b7496ab9f1ae365fdb3bd,delivered,2018-06-05 17:40:18,2018-06-07 02:55:12,2018-06-11 15:55:00,2018-06-18 14:48:48,2018-07-23 00:00:00
a7a6f07430f4582429b12cd0c2bcfd3e,c2e3cf920b413000eca5ae4e99f0f169,delivered,2017-09-06 13:30:42,2017-09-06 13:44:06,2017-09-11 19:33:35,2017-09-12 16:17:58,2017-09-21 00:00:00
127808959bd2d08cdefdf3015fa205a2,a9e29188d7ed246d080e5cd29c308f94,delivered,2018-04-26 15:29:01,2018-04-26 15:53:37,2018-04-27 13:58:00,2018-05-23 20:52:46,2018-05-22 00:00:00
94843ea453d12bb3fc1b4b2f73cb1f82,85e2d3f3bb3973b7d10bcd6a3e6e50ce,delivered,2018-04-13 17:07:24,2018-04-13 17:31:09,2018-04-19 17:16:54,2018-05-04 18:17:29,2018-05-10 00:00:00
96eb9d1d1588412109dae29e68f86e86,6f33091955b66227318d0e051265e9fa,delivered,2018-05-25 10:38:16,2018-05-25 10:57:05,2018-05-29 12:26:00,2018-06-07 17:08:55,2018-07-11 00:00:00
ccd7d7de58c07e32a30717c6d7f5949d,9e5557654c1e107f0924b9f01df10579,delivered,2017-10-02 15:38:54,2017-10-04 03:04:08,2017-10-04 18:17:49,2017-10-24 15:44:02,2017-11-01 00:00:00
fa0609cc7f74568f4f0b2fe9b286e76c,9e032eba20d95669b5f4c47f016f4240,delivered,2018-02-06 20:32:56,2018-02-06 20:50:37,2018-02-09 14:21:06,2018-02-16 20:32:39,2018-03-12 00:00:00
73dfbf97cb48a39c55ddb4425192d931,ea85147faff1d8207aa36ac8a66d972d,delivered,2017-12-14 08:48:56,2017-12-14 08:59:41,2017-12-14 20:58:03,2017-12-22 15:14:34,2018-01-19 00:00:00
afc5e76e5cc169a08cec884d98173efb,af78298eafb020d57a32bf087b80681f,delivered,2017-10-01 20:48:40,2017-10-01 21:06:59,2017-10-03 12:33:13,2017-10-14 12:33:34,2017-10-27 00:00:00
1a03dc5bbc2707562b5874fa0253154f,c5aa7855884fd94df7d46d99cd88072f,delivered,2017-10-26 17:13:23,2017-10-26 17:49:09,2017-10-27 21:53:37,2017-11-03 21:47:56,2017-11-14 00:00:00
af392a2dadd37ee4dbdbe2dbdf4682f8,7bdb98610c7d1bcb98046b29d8ee2f67,delivered,2017-12-15 16:55:06,2017-12-15 17:44:01,2017-12-18 18:55:02,2017-12-28 17:17:23,2018-01-22 00:00:00
38fd5de0bdcbb66b8c100656463bc730,8c1fc4f0160463f7192647792d749b83,delivered,2018-05-14 12:20:42,2018-05-14 12:40:07,2018-05-15 11:00:00,2018-06-04 14:22:34,2018-06-20 00:00:00
96eb7f709abac11cbb2502c63d8c1ae6,530d2038f10bff32ab518da55c93cb0a,delivered,2017-11-24 08:40:31,2017-11-24 09:50:40,2017-11-24 22:44:36,2017-12-08 00:47:50,2017-12-15 00:00:00
4ef50a2c9652e429d7d7591a0712aad0,e0d4e81ca397eea8ba6a5e9d877aba4d,delivered,2018-05-11 09:51:37,2018-05-11 10:17:40,2018-05-19 06:14:00,2018-06-20 15:28:43,2018-06-06 00:00:00
a5e316a920122ee655d3a9fa01582514,c6018222eb46fd32b78fa3300a9636d5,delivered,2018-01-24 16:38:33,2018-01-24 16:51:26,2018-01-26 14:06:35,2018-02-02 16:04:10,2018-02-16 00:00:00
f878206572adfa47110fed4947806589,1b68647cee091c5dcf4f7200ba5dd760,delivered,2017-01-19 09:59:49,2017-01-19 10:10:14,2017-01-20 11:03:56,2017-01-26 15:48:46,2017-03-13 00:00:00
998c57ab2d55eb30d6de8d103034384b,cc6047333b8307011b59de309487b678,delivered,2018-04-22 17:07:57,2018-04-24 18:04:56,2018-04-23 23:37:27,2018-05-04 00:38:55,2018-05-18 00:00:00
260c1e77793a506e09dd0f8135109966,a06e9a7060cee74dbde1a2d5d7117747,delivered,2018-08-17 06:37:13,2018-08-17 07:31:20,2018-08-17 14:53:00,2018-08-21 22:03:42,2018-08-28 00:00:00
032cf75b6991a44f9583d652730066d9,d3f73e9f703dd22bee2dd83ed43c60b9,delivered,2017-09-28 15:05:17,2017-09-30 02:28:20,2017-10-04 16:44:29,2017-10-06 17:50:12,2017-10-16 00:00:00
a7423cff9cc4cf6f1d6b749fd95d2aa1,b4f2638b64d93172899e3628f0f71345,delivered,2018-03-01 22:56:04,2018-03-02 02:10:37,2018-03-02 16:19:53,2018-03-08 21:02:29,2018-03-22 00:00:00
b489f7ae130ba3fd26b0a20f8cc81c61,99411e9599f8b7a90f2a362b874b66ca,delivered,2018-08-18 20:37:22,2018-08-18 20:49:57,2018-08-20 14:20:00,2018-08-27 14:52:02,2018-09-04 00:00:00
5f4ca60a3374aa89fd1ceeb0431c0c80,352ef4ddf555009bf60410fa9b80bc81,delivered,2018-08-09 17:02:48,2018-08-09 17:45:26,2018-08-10 14:49:00,2018-08-16 20:38:38,2018-08-21 00:00:00
dbfe4e468c74ac901314aac3d2915e40,758c08b6ea220ebc93f6048997872592,delivered,2018-08-07 20:58:29,2018-08-07 21:10:11,2018-08-10 08:23:00,2018-08-15 23:48:48,2018-08-20 00:00:00
8df2f7a8d9fb8958675f795e2f71f27d,b55b2ee30245e129386c1777d67377cd,delivered,2018-01-11 17:49:35,2018-01-11 18:20:42,2018-01-12 21:03:42,2018-02-05 22:52:05,2018-03-06 00:00:00
0f6c56738e9a7a30c78b735a231d3f56,a0d8ff17d8ccc85262a9f8e059a03b76,delivered,2018-08-12 18:43:51,2018-08-12 18:55:15,2018-08-13 16:55:00,2018-08-16 21:22:49,2018-08-28 00:00:00
3c55e82098814e81a8a9314b9ebd0be4,72d4944fcf1d48d6098ae39caa4f4bf4,delivered,2018-05-30 19:25:45,2018-05-30 19:50:48,2018-06-04 11:39:00,2018-06-08 23:03:33,2018-06-25 00:00:00
dc7798b2a62765a8e3a26f86c042596d,ab4b8303e74ab12496148fbbe9d20aab,delivered,2018-03-09 12:59:51,2018-03-09 13:10:35,2018-03-13 00:12:11,2018-04-10 19:34:31,2018-04-20 00:00:00
62bb099353a9b4d95e7612ef18f771e1,1c01770539bc4b2310a572df971ffce0,delivered,2017-09-13 20:32:33,2017-09-13 20:44:09,2017-09-15 21:49:51,2017-09-28 17:38:23,2017-10-06 00:00:00
a7c0c5a345bb63d37fc8aafab1f86a4d,2dd14748e5c894ea5994aa40aa4fc77b,delivered,2017-02-18 07:45:01,2017-03-01 10:51:24,2017-03-07 09:46:29,2017-03-16 10:09:22,2017-03-23 00:00:00
03a0133b4a72f7ca0affd3ecbc9b43f4,ddf3c179813ab0f0034e592d4e19e331,delivered,2018-01-21 16:29:15,2018-01-22 13:53:35,2018-01-23 11:48:43,2018-01-24 16:36:54,2018-02-06 00:00:00
753ea01a5062671540a89514bd6b554a,f19491cb3a8be9c839adf9b302da4076,delivered,2017-10-31 17:29:05,2017-11-01 03:26:15,2017-11-01 20:03:57,2017-11-07 18:38:59,2017-11-16 00:00:00
91bf2a67e8d316444406c19cf587914a,1e4943bca6e827e979f0bf51fcbc2853,delivered,2017-12-05 17:39:58,2017-12-05 18:30:43,2018-01-04 11:49:13,2018-01-16 20:25:18,2018-01-04 00:00:00
4964b712511de5c351d07b12d57e5cc7,bbd5d813124f5a0eb2103ce1624a24d2,delivered,2018-05-11 13:09:46,2018-05-15 03:55:59,2018-05-15 16:22:00,2018-05-24 03:16:49,2018-06-06 00:00:00
8796f3e2ab6a3baee74225a78c550c0a,69c60496cf5ee5f5a98b071c662b35c3,delivered,2018-03-13 12:44:35,2018-03-15 03:10:34,2018-03-23 20:51:42,2018-04-06 20:52:04,2018-04-13 00:00:00
464a29715467046008c5aa817d1ae498,f57e0db92a75b273d6a4901c2dbc4453,delivered,2018-03-24 14:14:42,2018-03-24 14:27:50,2018-03-26 21:06:10,2018-03-28 00:04:23,2018-04-06 00:00:00
ab1197da15cbff2ec70e2d58824ebaf9,ce5ffe8a8840252e27f3e8d915bb52ab,delivered,2017-09-04 20:42:09,2017-09-04 20:55:17,2017-09-05 15:07:09,2017-09-13 15:42:33,2017-09-22 00:00:00
cbc0f78d9e0d7cd99582cd7552cfd64f,fc605af68bba864d01d42be7edd4ec6e,unavailable,2017-02-14 11:45:11,2017-02-14 11:55:18,,,2017-03-15 00:00:00
28d54ed8d82e889932eed0c294c88a6d,b05545f6be20fc92df2c3302db38118b,delivered,2018-02-21 13:58:14,2018-02-21 14:30:38,2018-02-26 20:34:00,2018-02-27 20:54:07,2018-03-07 00:00:00
4b4aab4e37140cad3ae101479ec3bf47,f1b74f95f4688eaabb23a8b1bd55b8e3,delivered,2018-03-23 18:21:20,2018-03-24 11:32:27,2018-04-02 23:28:56,2018-04-04 18:26:20,2018-04-12 00:00:00
cb1ef5be56747ab6c5ef7271ecf4e12c,450000039d50bb8c0c1d03e44875c822,delivered,2017-11-02 11:19:16,2017-11-02 11:35:24,2017-11-06 20:02:40,2017-11-23 20:48:54,2017-11-30 00:00:00
b9e60cfd587e2b40cf959a04023247a8,01fb9c979f94a851f92484ae6d6bc41d,delivered,2018-02-03 13:20:57,2018-02-03 13:30:41,2018-02-05 18:07:47,2018-02-09 18:48:29,2018-03-01 00:00:00
3e5e7b5fa03b93333f27d876d4026ec3,8d04d2021a6a3e1e48b0c6ce1c6bdacf,delivered,2018-07-31 23:45:08,2018-07-31 23:55:18,2018-08-01 11:12:00,2018-08-03 23:04:20,2018-08-09 00:00:00
6eda86a0f1499199eed71198fbb0e243,7a31a88e9adffee30ba900e25f51eb77,delivered,2017-05-06 20:23:57,2017-05-06 20:35:22,2017-05-09 16:27:57,2017-05-24 05:47:52,2017-05-31 00:00:00
a3bb82a765bf828134959a50bdc5f8cc,f4fe2dbe94714c74fce3fa1bd21b5e03,delivered,2017-09-28 10:32:57,2017-09-28 10:50:29,2017-09-29 19:28:57,2017-10-02 18:12:35,2017-10-16 00:00:00
dadfdcd24f54c8c6e8aff011390e5a08,f07aa6675ef85cbacaafe5ffc8e17f8c,delivered,2018-04-19 10:44:45,2018-04-19 11:37:30,2018-04-26 14:04:00,2018-04-27 23:34:30,2018-05-03 00:00:00
11500a4af311587353f096722f1ba4fc,12fd551b8fcfa9432c62a084ffb4a34b,delivered,2017-12-17 22:56:12,2017-12-17 23:14:28,2017-12-19 23:04:46,2017-12-21 17:37:29,2018-01-09 00:00:00
f6ed70efbc4d10c18ee1897b7d1a7ae2,91739a15398e9d413c09e118fa63cd00,delivered,2018-07-22 22:23:58,2018-07-23 12:31:55,2018-07-24 13:34:00,2018-07-25 17:36:54,2018-07-31 00:00:00
bc4bfcffb1b6e4942fa9e911883e6c98,a52734ee63bbdd3515b91c523b2063ec,delivered,2017-05-21 10:42:32,2017-05-21 10:55:14,2017-05-22 10:24:39,2017-05-25 08:28:31,2017-06-09 00:00:00
87e1feb622e373e4f0d2cceb1f610886,59c202534c0e0e5088cdd5fc3b27e728,delivered,2017-03-16 15:07:42,2017-03-16 15:07:42,2017-03-22 09:06:11,2017-03-27 13:06:46,2017-04-04 00:00:00
66ee5096e9bfe7cbb6d32e170dc477b7,5d6004e74b751b9f762bbabc16b77bb9,delivered,2018-04-19 14:28:50,2018-04-20 07:15:10,2018-04-23 17:26:58,2018-04-26 18:08:32,2018-05-09 00:00:00
b63262d64190314592077ae012a3e049,38b61dbac22e5857e3a383f837398b83,delivered,2018-08-12 14:46:40,2018-08-12 15:04:28,2018-08-13 15:06:00,2018-08-17 18:28:46,2018-08-27 00:00:00
65eb69791cdbfbd7bfee2c5f706af25d,f4ebae603a379d4055a61c782a2afcfa,delivered,2018-06-10 12:01:48,2018-06-10 12:17:33,2018-06-11 14:31:00,2018-06-19 15:04:53,2018-07-04 00:00:00
f97b2bdfbaca9c2f04722d8cbc8cc8a5,3ba38209ae8f27771c90ec6b410f2043,delivered,2018-08-08 18:34:29,2018-08-08 18:45:20,2018-08-10 14:49:00,2018-08-16 22:31:44,2018-08-24 00:00:00
d5e892687c8916b17cafe284780d01b0,04ab012a558c5d12ae6037840f85a860,delivered,2017-09-08 15:48:57,2017-09-08 16:04:48,2017-09-11 22:10:02,2017-09-18 17:37:36,2017-10-02 00:00:00
97d0a7726f58ed266c7501929e1ea81d,a5870c43e5dc9630238f6e1af26c5b3a,delivered,2018-01-03 22:28:58,2018-01-05 02:34:50,2018-01-09 01:57:58,2018-01-11 19:19:34,2018-01-26 00:00:00
8c855550908247a7eff50281b92167a8,fffeda5b6d849fbd39689bb92087f431,delivered,2018-05-22 13:36:02,2018-05-22 13:54:37,2018-05-25 13:25:00,2018-06-08 18:03:31,2018-06-29 00:00:00
9758e655b4d2fca01c69a4dde9d4fb5b,7bebaaaa1a33db48ca58e50d6af76be1,delivered,2017-01-21 09:44:46,2017-01-22 09:55:06,2017-01-26 14:05:25,2017-01-30 10:39:16,2017-03-14 00:00:00
9ab1853460522b70139bf63d6715f4c2,1bfc1883b1748812bf2b9ee4cde78deb,delivered,2018-07-25 03:20:33,2018-07-26 03:10:21,2018-07-30 12:15:00,2018-08-03 17:36:58,2018-08-16 00:00:00
0ed85071f4330f23eb0a71d4c26ded6a,644dbfbd91a2bcd850d57349afb60974,delivered,2018-06-13 07:25:51,2018-06-13 07:53:27,2018-06-14 07:03:00,2018-06-15 18:06:43,2018-06-28 00:00:00
6def17fbea3bc7076fe916d298c4b422,6376861fae7d317b580afe9fd232f707,delivered,2017-08-14 16:49:26,2017-08-15 15:45:17,2017-08-16 19:28:25,2017-08-22 21:32:16,2017-09-05 00:00:00
2b749af514f3e9bd00fb20b105f36a83,f30c0c7f51b2c606e9322117d57acba7,delivered,2018-08-01 13:19:22,2018-08-01 13:32:02,2018-08-03 13:15:00,2018-08-21 12:26:46,2018-09-06 00:00:00
481261db37f84927929168d7b183b54b,e8217fb18c09c697dbf62a9ff30e812a,delivered,2017-11-20 11:44:11,2017-11-20 12:07:29,2017-11-22 23:42:40,2017-11-24 16:55:43,2017-12-12 00:00:00
3dce4634061e7ca468efb0460a7a37f2,c450725dd74fe776455b35682c2544dc,delivered,2017-11-08 09:40:39,2017-11-10 02:56:40,2017-11-16 19:54:23,2017-11-22 21:12:55,2017-11-29 00:00:00
9cb31e241f37e9115ca372ccb5973ece,d62ce7b0c4485a242887d93be6d20872,delivered,2017-10-29 14:56:07,2017-10-29 15:10:12,2017-11-03 18:50:22,2017-11-09 18:17:29,2017-11-28 00:00:00
5d2360b577af310633223b53506dcfaa,5859cd71917f97747721166e9289fe6e,delivered,2018-06-13 11:33:10,2018-06-13 11:55:13,2018-06-13 09:52:00,2018-06-29 19:12:05,2018-07-05 00:00:00
5f57d407fe28bd1e4601d998f6caa58e,793c772a9aed291ade39bba058b49358,delivered,2018-04-26 18:00:43,2018-04-26 18:15:12,2018-04-27 13:08:00,2018-05-11 19:06:05,2018-05-23 00:00:00
12e41d433221ec81392012706ab20ff7,3996e5a92621e3e3261b0b4fe47734a1,delivered,2017-10-05 11:32:06,2017-10-05 11:49:30,2017-10-05 20:26:44,2017-10-16 23:03:15,2017-11-03 00:00:00
c0ac92509aa6420f0f3d6f78748793e1,dc233f140b9e24d75d5a1eed74e21c2f,delivered,2017-08-21 00:16:35,2017-08-21 00:50:17,2017-08-22 01:12:40,2017-08-30 16:46:07,2017-09-18 00:00:00
a5cb0c790b2769b76dbd70429cb66d96,47b8d87db17a0601172636ee6597a1b8,delivered,2017-12-06 13:50:05,2017-12-06 14:12:29,2017-12-07 15:16:51,2017-12-12 18:45:07,2017-12-22 00:00:00
d995bfa6db04d756cbb7368ad277887e,e242cc31bb959efeb371ef849627593f,delivered,2018-07-25 17:38:02,2018-07-25 17:50:16,2018-07-26 11:00:00,2018-07-31 17:21:53,2018-08-16 00:00:00
60c46973a2a9ad727ea9c45695b2b312,db75f12c87289bb25391baf511352864,delivered,2018-08-12 12:16:53,2018-08-12 12:30:16,2018-08-13 13:57:00,2018-08-17 15:57:30,2018-08-23 00:00:00
e0e95960e8abbd803bbd543d2225c328,da2115c0723c07a68e9062f4d5aad9f3,delivered,2018-04-25 07:48:30,2018-04-26 04:10:45,2018-04-26 13:48:00,2018-05-08 14:56:51,2018-05-18 00:00:00
6a98fdd0da4868008ed2b97194165cb7,06fcb5edf767ce55050fd0475a708a7b,delivered,2018-07-29 20:54:54,2018-07-31 04:05:40,2018-07-31 15:12:00,2018-08-01 22:12:47,2018-08-06 00:00:00
a5d02c2843eb25d8d1be6217c7483c14,0bb2df81f240ddaa795107ec087ca5c1,delivered,2018-08-06 10:45:14,2018-08-06 11:04:42,2018-08-07 13:10:00,2018-08-13 16:12:24,2018-08-15 00:00:00
9725a1c59138f30c5dba936ca3a2de34,eba3f6407778bb04d46966a1d80f84b9,delivered,2017-01-30 14:19:22,2017-01-30 14:35:58,2017-01-31 09:39:41,2017-02-08 13:14:50,2017-03-07 00:00:00
444cac26abc4e08633d89fb741c242d8,47f43c0d4abe700de3511c779bc31f36,delivered,2018-05-16 00:13:04,2018-05-18 08:36:37,2018-05-18 13:16:00,2018-06-05 20:42:09,2018-06-05 00:00:00
93791e16d527404f5b4e2ea370afa984,b43c81ced7435c5212e787b5b4c93513,delivered,2017-09-11 17:37:41,2017-09-11 18:04:36,2017-09-12 20:38:39,2017-09-15 18:16:54,2017-09-29 00:00:00
077a77e315e3b317121a0af9962e122b,6457e3fd7f768aef7be536207c963d9f,delivered,2018-05-11 10:35:33,2018-05-11 10:58:06,2018-05-14 15:21:00,2018-05-21 23:44:22,2018-05-25 00:00:00
4d21276afd29a3f70e49766a9848d19c,83e4d344f3b14f96050798d2efb6032d,delivered,2017-02-08 13:14:41,2017-02-08 13:30:16,2017-02-09 13:03:00,2017-02-17 14:56:25,2017-03-15 00:00:00
83ff9791592c2639213863eb5f08b1bb,c9b05d012dcca478d0ff2ec7ff2f3693,delivered,2017-12-04 11:33:28,2017-12-04 16:32:53,2017-12-05 22:22:44,2017-12-20 18:32:42,2018-01-02 00:00:00
cabfe1219e952ead9a914adde40efc42,000f17e290c26b28549908a04cfe36c1,delivered,2017-11-10 16:37:05,2017-11-11 02:46:34,2017-11-14 16:39:07,2017-11-30 18:02:33,2017-12-08 00:00:00
e006227af733ca3bcba32f5577afd6d6,4ea3819fb9f6083d7d145331fd9a0960,delivered,2018-01-04 13:39:48,2018-01-04 13:52:19,2018-01-04 22:18:38,2018-01-05 17:06:03,2018-01-23 00:00:00
05d46826bd0fb605d6b00e30e9141882,c5a9ffc867b51a706a06ac6e1e3fa61a,delivered,2018-08-27 19:21:58,2018-08-27 19:35:20,2018-08-28 19:02:00,2018-08-29 17:28:25,2018-09-11 00:00:00
f55863be6758b60482c4bdfa3cd016ed,be914b8a12f44c21a6a7070f585e2e42,delivered,2017-12-07 14:24:06,2017-12-07 15:25:52,2017-12-12 21:19:07,2018-01-05 19:43:21,2018-01-31 00:00:00
335a3061e3498d0b3c574bea8973bb6f,9f104fdd722cb8f30446f33a3a7e3db9,delivered,2017-04-21 18:45:52,2017-04-21 18:55:16,2017-04-25 12:20:34,2017-04-27 08:41:48,2017-05-11 00:00:00
73da42c497d6ab85df4446d41addabdd,7bb3c8543858843a15bcb87b0926e0dc,delivered,2018-01-03 09:45:16,2018-01-03 09:57:23,2018-01-04 20:34:58,2018-01-11 12:18:14,2018-01-31 00:00:00
a7664a67c4bc3ba9f5ea7d49cc369034,35349e5366b6dcd7f8a51e2bf1b3497e,delivered,2017-08-02 11:55:23,2017-08-04 16:50:16,2017-08-08 21:49:52,2017-08-14 09:54:52,2017-08-28 00:00:00
a04875dac0e5be70a331df6f1abda67e,8d00fc5403278a6891ef59df8faf0b76,invoiced,2017-09-29 17:42:48,2017-09-29 17:56:13,,,2017-10-17 00:00:00
3335f13449d5b75804a0a49611cf11a4,905c64238c028ba8ea9cbe01d51d38b9,delivered,2017-12-03 20:25:24,2017-12-03 20:32:21,2017-12-06 20:12:28,2017-12-21 22:51:20,2018-01-05 00:00:00
8a81337c086e3ab740913c061cf6c2d4,87cfbc9db7f2dc260b8f0022377909ef,delivered,2018-03-02 21:52:33,2018-03-02 22:29:06,2018-03-05 19:19:49,2018-03-16 00:56:24,2018-03-14 00:00:00
5e81354e795eec26aec91548a783b116,54d0cdd30e650c9f5abdb8ee917dca6b,delivered,2017-05-09 00:18:57,2017-05-10 02:15:17,2017-05-11 09:42:51,2017-05-17 11:56:46,2017-05-30 00:00:00
3331e2e606f435cefac5a3ec86ebee7d,8dba88d5e26038cb58d959f73983a975,delivered,2018-08-14 15:45:53,2018-08-14 15:55:25,2018-08-15 13:48:00,2018-08-20 21:08:38,2018-09-05 00:00:00
455283c5e3bdcef4ead05938fa665e79,18a0e3a650bfc5f55df2c50a0af08378,delivered,2018-05-20 19:24:53,2018-05-20 19:50:32,2018-05-21 13:12:00,2018-05-22 15:18:49,2018-05-29 00:00:00
67a98da3237e4b4d8d359f32a49bb209,6164f45c309a294c6835a4c8dd5ab0a4,delivered,2018-08-02 12:04:40,2018-08-02 12:50:14,2018-08-03 07:44:00,2018-08-14 23:11:51,2018-08-27 00:00:00
f85b47957bb21d303dabed9052490610,9acb03b0d01aa03db89109d3b514e1b8,delivered,2018-06-26 22:03:29,2018-06-28 02:15:39,2018-06-28 09:48:00,2018-07-05 22:28:27,2018-07-24 00:00:00
1a269df4715562ff85e2ca1830249246,61ce49dcce76346660f215f28aa3ec82,delivered,2018-02-08 17:31:19,2018-02-08 18:32:25,2018-02-09 19:04:35,2018-02-26 21:12:23,2018-03-05 00:00:00
b86315db97d202038cd115a7785eb2c4,2109b137face1d5d20a2517cac0f284e,delivered,2017-11-19 12:41:55,2017-11-20 12:35:30,2017-11-24 16:49:10,2017-11-26 17:58:50,2017-12-07 00:00:00
573aed3067e4c429716880094b71a80b,94cce5d77423fc7926d3af0d01f379ef,delivered,2017-02-22 13:20:42,2017-02-22 13:30:17,2017-02-23 21:55:35,2017-03-07 16:42:29,2017-03-24 00:00:00
cfebb97f36814d6f42de3df1e03d0210,21bdd767d991e3dc7efdb6149f1e6c5e,delivered,2018-07-26 19:47:29,2018-07-26 20:24:09,2018-08-01 16:27:00,2018-08-03 16:56:37,2018-08-17 00:00:00
8a8d4a399c6ef91d4c20458be5048c3b,54ccd7be1a0550989644a7633454f6a9,delivered,2018-01-08 14:06:59,2018-01-08 14:18:49,2018-01-08 21:39:11,2018-01-15 20:18:45,2018-02-02 00:00:00
0fc664e3e9937dfcef8a126f89b976ad,7e4ff294ab0265ce01c7f95c357f7c07,delivered,2018-08-01 08:12:16,2018-08-02 07:25:08,2018-08-03 12:57:00,2018-08-06 14:51:22,2018-08-09 00:00:00
a42738f16ac41ee9a00fb0508283dd15,835e2ccdab532dbb2bf4f03247d096ea,delivered,2018-04-14 08:07:22,2018-04-15 08:11:53,2018-04-18 21:56:44,2018-04-25 20:32:44,2018-05-14 00:00:00
cdbd981121b82988cdb4bc8229598984,f8ce7a62fd76b4ba3d39558b073cfdca,delivered,2018-07-23 17:07:54,2018-07-24 11:32:28,2018-07-24 13:30:00,2018-07-30 20:12:20,2018-08-07 00:00:00
2199c1bff4b83c7fbfe37f9f8818326b,526309529ffe0014a0638effb87237a4,delivered,2017-10-09 16:11:10,2017-10-09 16:40:33,2017-10-10 17:58:28,2017-11-06 17:34:32,2017-11-01 00:00:00
4ec16f88e884232366f73009df2bf045,cf707e5e149e0b146eaa8e9184d169f2,delivered,2017-08-21 01:18:30,2017-08-21 02:00:07,2017-08-22 13:42:41,2017-08-24 17:27:49,2017-09-19 00:00:00
86f1238d241a48cdbedf1a46d8532ded,6e68da0701c0b489f68c86b9546cfbaf,delivered,2018-08-09 14:50:55,2018-08-09 17:10:16,2018-08-10 13:04:00,2018-08-16 18:51:05,2018-08-23 00:00:00
6eb2780615aa0cfbaaef6c8d0aec411a,09f5cf3f546f034dba3dffbe08fe48ec,delivered,2018-01-22 07:15:14,2018-01-22 14:11:53,2018-01-31 20:46:01,2018-02-09 13:50:59,2018-02-06 00:00:00
a3cec8fb296bfeb57c9f6265048b23ef,8fb755ecb504828af36b83579b201271,delivered,2018-05-14 21:36:13,2018-05-16 03:15:11,2018-05-16 10:35:00,2018-06-01 22:18:54,2018-05-29 00:00:00
8d877170b83d13fb1a69834a815d0974,fde2046a30e872623e820431b3ec04a6,delivered,2018-06-06 13:23:43,2018-06-06 13:35:10,2018-06-14 14:24:00,2018-06-22 00:32:47,2018-07-19 00:00:00
1391638490f9af630fb84f5da6f40843,96f541133e6a0139ab3b3e58143eac6a,processing,2017-04-24 09:00:17,2017-04-24 09:15:15,,,2017-05-22 00:00:00
6d2fbf76787b9f35b1f3c3835a8a6a01,97ddf73f360a8a7836067099c248a75c,delivered,2018-07-24 16:52:47,2018-07-24 17:05:21,2018-07-27 13:59:00,2018-08-03 17:17:53,2018-08-27 00:00:00
23fd789ce06f3c54f212b3b9d358579f,aa19484ec6282b1a5a8a73035bb402ed,delivered,2018-03-01 11:54:29,2018-03-01 12:40:22,2018-03-02 19:06:18,2018-04-01 01:46:52,2018-03-22 00:00:00
d8962b14d78c6bc197f6508354109936,14d869de34a3ce7e3930301dafdf02e5,delivered,2018-04-10 22:12:20,2018-04-10 22:29:35,2018-04-11 18:48:29,2018-04-16 17:12:30,2018-05-02 00:00:00
d91a712b4ecf0cba1183e01e2808599c,c7e113c903312c8a63623f58530dae9a,delivered,2018-01-16 17:24:39,2018-01-16 17:32:47,2018-01-18 17:13:13,2018-01-29 18:28:58,2018-02-22 00:00:00
a19276c07c1ec9208f52e764a44acaa7,7e9d165149e0c65112e2b9118b8e6378,delivered,2017-11-29 08:37:46,2017-11-30 02:26:51,2017-12-05 20:39:11,2017-12-13 18:53:11,2017-12-29 00:00:00
40b1c90528443b00c5f0e9b35471aab0,938d7c6ca75d21eaead497f169ac197e,delivered,2017-11-30 09:34:08,2017-12-02 09:38:18,2017-12-05 17:23:29,2017-12-13 23:17:12,2017-12-27 00:00:00
90a2b2da168b833dcca42bdb705790c5,5a70fb925bf88748e2ce9e6ff1fa8548,delivered,2018-04-18 14:13:15,2018-04-18 14:32:53,2018-04-19 21:12:00,2018-04-27 21:12:07,2018-05-15 00:00:00
644a4d69c39a2ed9ae0b84f27a442b71,60ba596d2961c16b7fb6da94f60f0f31,delivered,2017-10-19 21:43:25,2017-10-20 02:56:40,2017-10-20 20:33:50,2017-10-26 16:53:04,2017-11-07 00:00:00
bdb9bdd2b7e7f7fa3429262ba9cfeca4,9c5a04b217ec8c874f1ef224f8847bf7,shipped,2018-01-05 21:34:39,2018-01-05 21:48:04,2018-01-09 23:47:35,,2018-02-07 00:00:00
fa666f44d0e5c50dad23a1bc4a8c2a50,3bb157ebb211d52c0dcae0a1261d49d8,delivered,2017-09-19 09:28:22,2017-09-20 02:36:27,2017-09-22 20:36:44,2017-10-09 18:43:05,2017-10-16 00:00:00
905b8129167452d5eb4b1bc006bb3bf6,f7b95256f6f7513e05931fd394deb33c,delivered,2018-03-19 23:08:31,2018-03-19 23:28:15,2018-03-21 20:32:15,2018-03-28 13:03:56,2018-04-06 00:00:00
44440fdd29ac17b06eb5c690b95d19ed,a64419c8fdc7dd35d0a4464d48f70134,delivered,2017-06-09 13:14:16,2017-06-10 02:55:39,2017-06-14 12:52:10,2017-06-23 11:38:31,2017-07-04 00:00:00
7a952bb8b9ec22220fd799cd8f9f8af7,fae7d84f79611f61adb4bbb2472a2c69,delivered,2018-05-08 22:46:59,2018-05-08 23:11:59,2018-05-09 13:46:00,2018-05-14 15:32:15,2018-05-22 00:00:00
3ba1f632cf89a08caf9837999bf827ef,00b7c3578d5231b0b60a62414118652b,delivered,2017-04-26 00:59:11,2017-04-28 11:45:02,2017-05-02 08:35:38,2017-05-11 14:28:51,2017-06-07 00:00:00
89b229dc09711327ecea7f124b029557,8e78fa10bc579cfbc6f3a6569e3a06fb,delivered,2018-07-23 13:54:25,2018-07-23 15:32:00,2018-07-24 10:51:00,2018-07-28 20:02:18,2018-08-15 00:00:00
c77109162c3bc4ba159fa1e641f143a8,4a9b7895e4e89363cf2eac11cef10004,delivered,2018-02-17 18:33:13,2018-02-17 19:50:22,2018-02-19 22:51:08,2018-03-08 16:52:51,2018-03-13 00:00:00
1fd64d652fae27df0e9aac1f4e605984,731a2e445bb92b757cb2fc658826d80f,delivered,2018-07-26 20:49:06,2018-07-27 20:45:15,2018-07-30 13:51:00,2018-08-03 00:10:07,2018-08-17 00:00:00
c0fabfdace2df4fbd9e0e958f29a2cd7,d6028dc827eae81534f01a813de8d9f9,delivered,2017-12-03 17:44:17,2017-12-05 17:37:25,2017-12-07 15:24:06,2017-12-12 19:37:50,2017-12-20 00:00:00
d2142399ae9975a18c099e642c5e48f9,c09557607b4707656905142f3e80c1be,delivered,2017-04-17 21:09:39,2017-04-17 21:22:12,2017-04-20 16:24:24,2017-05-29 08:10:00,2017-05-25 00:00:00
66f914f1914a21decb9c8cd76cbca55f,c5ddd2d83188e82163995d19351a79b3,delivered,2017-11-30 17:20:03,2017-11-30 17:30:59,2017-12-04 20:25:00,2017-12-14 16:48:47,2017-12-27 00:00:00
d12a47d442a17b323b1a2cc05b2c217b,7836f079e1b55a81c5e3ad8c5a7d0bb3,delivered,2018-06-22 11:16:05,2018-06-22 11:39:39,2018-06-29 09:42:00,2018-07-03 21:38:50,2018-07-17 00:00:00
40674b7f0ee237bb07702a45f2bd7d9b,ba9e2c8bd1a9d2a57c007283d0c60eab,delivered,2018-06-21 09:46:43,2018-06-21 10:22:45,2018-06-21 14:46:00,2018-06-29 17:52:08,2018-07-27 00:00:00
bfccbf3f4c803a60b641433bc8affe01,0d922512d7f76cba4bc96a9960a7a7c4,delivered,2017-10-29 11:33:26,2017-10-29 11:50:21,2017-11-01 19:04:37,2017-11-09 15:42:07,2017-11-17 00:00:00
6e3b262fc2ba819e9cfcd9e9bad5b7de,8881342d751d2d1f75196259e19b25ad,shipped,2017-04-14 11:26:42,2017-04-14 11:42:13,2017-04-17 11:06:40,,2017-05-17 00:00:00
309a6548116f31b315cbf53be18cda77,6f75dd25e38631f03bdd255cce321144,delivered,2018-03-10 18:58:18,2018-03-10 19:10:27,2018-03-12 21:50:54,2018-04-05 14:08:33,2018-04-17 00:00:00
69a1237e93bbfef907c3ae4cdae74244,18f5a381ca2dbd572c82906dd141edf7,delivered,2017-08-14 16:49:47,2017-08-14 17:05:34,2017-08-17 16:45:50,2017-08-24 19:03:06,2017-09-05 00:00:00
caac03dc57366d1423cbfe4bfcd8d18f,05cf99f3501b95c29357f026d4383c6e,delivered,2018-01-04 23:12:32,2018-01-04 23:28:24,2018-01-11 16:48:37,2018-01-30 18:38:51,2018-01-29 00:00:00
0a9a43ac5fe59c6c4bee2a8f9b9fcce8,f11eb8f0b8b87510a93e3e1aa10b0ade,delivered,2018-07-02 08:00:35,2018-07-05 16:02:18,2018-07-05 11:10:00,2018-07-10 23:12:41,2018-07-27 00:00:00
ab7c89dc1bf4a1ead9d6ec1ec8968a84,dd1b84a7286eb4524d52af4256c0ba24,delivered,2018-06-08 12:09:39,2018-06-08 12:36:39,2018-06-12 14:10:00,,2018-06-26 00:00:00
08ade2fc02096cf490d463016e5ee02e,3174268a8b7e3f6eca7629f077ce08ca,delivered,2018-01-04 22:43:33,2018-01-04 22:50:30,2018-01-05 21:35:31,2018-01-11 11:57:55,2018-02-01 00:00:00
f7e9f0f0c92fa9d46dc73e8f6d28ab96,6c33226d12ff402d2818d9d6c7042496,delivered,2017-11-10 23:59:11,2017-11-11 00:56:08,2017-11-16 13:24:30,2017-11-22 01:01:24,2017-11-30 00:00:00
06b0e5a0e09e97a92ab2614c36c4bea6,80d02feec2eb2a0d3534442afe4e0e2a,delivered,2018-05-03 14:32:27,2018-05-03 14:55:03,2018-05-04 10:49:00,2018-05-10 00:28:49,2018-06-06 00:00:00
dd12ffa175ee0c7931890dd19db54427,73910b1013f7de5548a01ebc4792cf57,delivered,2018-01-01 15:58:37,2018-01-02 14:47:34,2018-01-02 22:23:22,2018-01-10 14:01:58,2018-01-30 00:00:00
13915b8e35e0ca97dcbdf2cffe7233c5,7b0d41e836e8a4abe1293a322995251a,delivered,2017-06-27 11:33:59,2017-06-27 12:35:35,2017-06-27 15:42:12,2017-07-05 11:22:50,2017-07-19 00:00:00
ce19416583ee035a7a8097db2c53f98c,1312052710d8669c61d9d6d07f5664c3,delivered,2017-09-08 08:03:25,2017-09-08 08:15:14,2017-09-11 13:11:11,2017-09-12 20:21:53,2017-09-20 00:00:00
443038d9ed6b74bc4f7bfa679ce81bf1,f9efa1e08ec36a3bd42cdeb68995af0b,delivered,2018-02-24 21:26:42,2018-02-24 22:00:22,2018-03-05 20:33:19,2018-05-07 22:31:53,2018-04-05 00:00:00
0942763b4318676d85b3185d80f57cd3,aff091d3610e27f6a5354d603830e328,delivered,2017-09-14 14:40:08,2017-09-14 14:50:07,2017-09-15 21:33:07,2017-10-10 23:33:03,2017-10-05 00:00:00
8394892177e59c9293914e83fe4c4dfe,d8b1047c56cbd858aa50fb5bf85976cf,delivered,2018-06-08 20:40:52,2018-06-09 20:35:13,2018-06-15 16:32:00,2018-06-30 11:54:33,2018-07-23 00:00:00
16efc11ccab2e8a17656020f80cd39e3,0a564cb06b5914890ac8f1664ece017e,delivered,2017-12-01 16:13:44,2017-12-05 04:11:45,2017-12-06 01:38:54,2018-02-05 21:08:10,2017-12-27 00:00:00
4fb104ec6918efe57f7e105fe598d96f,b04387f66716ae227cca39f8ad86ddf9,delivered,2018-07-01 20:24:32,2018-07-01 20:35:11,2018-07-02 13:39:00,2018-07-07 13:15:48,2018-07-30 00:00:00
e81638ffb72997c5bd2c1fa0f98918ab,93d5e378ae2f72a07db704f1f6716a7e,delivered,2017-06-27 11:06:41,2017-06-27 11:43:58,2017-06-28 12:59:34,2017-07-06 15:53:26,2017-07-19 00:00:00
d6005403869b100d1c75019e5d92e327,c8b49d3cef4ddd3164f67ae9794b3fea,delivered,2018-04-07 23:06:26,2018-04-07 23:28:38,2018-04-11 14:25:37,2018-04-16 13:28:41,2018-05-07 00:00:00
af6e07a86cda553646ea0f7039453591,61c045cb17074c6519d6570bf25d3288,delivered,2018-06-11 21:01:18,2018-06-11 21:40:22,2018-06-12 15:50:00,2018-06-18 20:18:47,2018-07-18 00:00:00
ce170c4c87651a4312275b8139e76fd0,b095fd720a224dcf7c988f5868a99def,delivered,2017-06-20 13:14:58,2017-06-20 13:25:25,2017-06-21 18:15:43,2017-06-30 09:22:37,2017-07-10 00:00:00
2a380098d95a87f70c9b8d16dc0ee722,806c6547c32d65555fb424fcfd309a92,delivered,2018-02-23 09:47:11,2018-02-23 10:09:25,2018-02-23 23:47:40,2018-03-21 22:08:19,2018-03-22 00:00:00
20edc82cf5400ce95e1afacc25798b31,28c37425f1127d887d7337f284080a0f,delivered,2018-06-27 16:09:12,2018-06-27 16:29:30,2018-07-03 19:26:00,,2018-07-19 00:00:00
893d40b53f61002a75eff0c92b557219,7cbaa85e0ebac50c20576511d07df810,delivered,2017-03-19 17:48:50,2017-03-19 17:48:50,2017-03-22 09:47:43,2017-04-01 10:36:59,2017-04-19 00:00:00
3b81c43a73c516855c1f690e280e3466,f3da085c67eb4dcf31e0c457c727744a,delivered,2018-04-01 17:15:00,2018-04-02 17:10:23,2018-04-03 20:22:21,2018-04-05 14:14:51,2018-04-13 00:00:00
39840651d975d5a257f08661d376e085,75601f6db2d74a6760995934349dd9b3,delivered,2018-04-24 23:18:29,2018-04-24 23:30:22,2018-04-25 14:18:00,2018-05-03 23:42:27,2018-05-22 00:00:00
e5d4d06531c0f91fef9b87eb7d3b98dd,d6fb5169197b4c8425c26e087f268bae,delivered,2018-02-07 23:03:07,2018-02-08 00:35:23,2018-02-14 16:18:49,2018-03-03 13:42:00,2018-03-08 00:00:00
cc2999bc678cab0949b90c4759d7a284,dfa8a1b565b79938d84942f83d88a2f7,delivered,2017-07-05 07:54:13,2017-07-05 17:36:24,2017-07-07 17:41:51,2017-07-18 16:52:30,2017-08-02 00:00:00
b65a9099b9f6617410e0f5fb0b9e1fdc,d962481ccf3e97521018974422943966,delivered,2017-03-09 19:12:19,2017-03-09 19:12:19,2017-03-10 09:27:21,2017-03-14 11:48:06,2017-03-31 00:00:00
56a726fa0f40d3678696e62aaed9690d,dc7302a83e9681f614bb59a515df38b3,delivered,2017-01-25 00:46:17,2017-01-25 01:02:14,2017-01-27 10:51:56,2017-01-31 17:43:01,2017-03-02 00:00:00
f7780ea2807db31691e83f0013294035,3088cc4bfafe311f1d84830808c2aa6d,delivered,2018-07-30 15:22:15,2018-07-30 15:35:16,2018-07-30 15:00:00,2018-08-02 18:32:30,2018-08-02 00:00:00
f1d8785bcee63b8e0354436ac2f2a546,e11b56593ff355a003b782dd8e4ca5b5,delivered,2018-04-12 20:18:16,2018-04-14 02:15:20,2018-04-16 13:13:27,2018-04-18 13:18:31,2018-04-27 00:00:00
c3fbba8f64cc6b2e99abc0e00d5ade2b,214c9a1e18b8592e8a56bfcf31514b9b,delivered,2017-04-10 17:10:58,2017-04-10 17:22:26,2017-04-12 11:57:12,2017-04-20 12:31:32,2017-05-11 00:00:00
6e25a89b2b006e7da0ff978bdcfe66db,36ee1c55ea025fdce1759f64ad07aab7,delivered,2018-08-09 13:14:29,2018-08-11 02:50:25,2018-08-15 12:12:00,2018-08-20 20:21:55,2018-08-27 00:00:00
f9985288469173749a1fd05693c5aa2b,16322e237a07158592862b5d6d91642d,delivered,2018-02-01 11:57:55,2018-02-02 12:51:41,2018-02-06 00:45:52,2018-02-14 17:07:38,2018-02-23 00:00:00
10ed58c723182bd11f81473b383432de,8c5128dd6ef4e8221c2a6121b2df459d,delivered,2017-05-06 18:48:42,2017-05-06 18:55:20,2017-05-11 15:26:01,2017-05-17 09:43:47,2017-06-05 00:00:00
7276ebb4ef0951f006dbfb2deb76d255,c22d78768bdaf7ac1da407717cedac93,delivered,2018-05-16 08:24:45,2018-05-18 04:54:44,2018-05-18 13:18:00,2018-06-02 18:36:27,2018-06-08 00:00:00
576adb3745bf32808dc8207fe39f8542,f6ec8e3d19c8c405c7839b0389c5bb7b,delivered,2017-06-17 09:36:39,2017-06-17 09:50:17,2017-06-19 17:04:29,2017-06-19 20:54:39,2017-06-30 00:00:00
2cd1462cdfa4e911bdab5084ad3b7f34,480f1f560457c6fab13b8c4debb7b294,delivered,2018-06-14 13:57:30,2018-06-14 14:21:51,2018-06-15 13:13:00,2018-06-18 20:21:20,2018-06-26 00:00:00
b80185240ef710443ca7ea53cb1cbce1,b714ada6fe694b6d0eca038f33e53305,delivered,2017-12-09 20:44:18,2017-12-12 03:38:28,2017-12-13 18:35:27,2017-12-28 18:09:36,2018-01-08 00:00:00
577b745a85120419fe27073e3c9e1a76,dc5e8db48a49602f506e67b843668d72,delivered,2018-04-26 21:57:27,2018-04-27 13:30:54,2018-04-28 07:58:00,2018-05-07 13:22:01,2018-06-08 00:00:00
8c13aa9bfa920854ca73694d94387d40,8ad17d877d2373c52b855c0eed7295bd,delivered,2018-05-21 11:39:50,2018-05-21 15:31:47,2018-05-22 12:24:00,2018-05-24 18:21:44,2018-05-29 00:00:00
509e9d1f29c6fe103a4738b15478ac45,c3f9d2766e289410c0cc3a4256667bde,delivered,2017-11-24 23:07:12,2017-11-25 01:16:57,2017-11-28 16:44:46,2017-12-12 19:45:03,2017-12-19 00:00:00
006cb7cafc99b29548d4f412c7f9f493,97dc92f1aae3a7db8b252d1b8466910e,delivered,2018-02-17 14:22:34,2018-02-17 14:35:28,2018-02-20 19:08:00,2018-02-25 13:46:52,2018-03-13 00:00:00
06fa245bf2ac2f602be83224fc55ae39,96c9939a5ec01aa77921f2701cade82c,delivered,2017-06-15 19:44:13,2017-06-15 19:55:16,2017-06-19 16:48:46,2017-06-27 14:11:56,2017-07-19 00:00:00
b8db7d2782799267ee683bb2afa7f26f,0680214e013bf3ee08069f02ed2c0d80,delivered,2017-12-08 22:32:18,2017-12-08 22:52:36,2017-12-11 14:57:22,2018-01-11 20:44:04,2018-01-09 00:00:00
b89fe4be84bbe9ccae46504cda83162f,46a7d2bbdb489fd43bf82d7a5e6114db,delivered,2017-06-23 23:45:09,2017-06-24 00:35:26,2017-06-27 10:48:59,2017-07-12 20:52:12,2017-07-19 00:00:00
01218a8a807fc187849529e6f12237a9,a652f27bc38cb4869b7d5d82902c0b16,delivered,2017-10-22 23:06:06,2017-10-22 23:14:25,2017-10-25 15:05:08,2017-11-01 17:28:49,2017-11-14 00:00:00
e49e7ce1471b4693482d40c2bd3ad196,e4e7ab3f449aeb401f0216f86c2104db,canceled,2018-08-07 11:16:28,,,,2018-08-10 00:00:00
2bc1eac46ee8d6fad3f7369668f1bdf0,309e974054989e7a4f3fc8805b3bf55e,delivered,2018-07-21 13:24:30,2018-07-21 16:15:11,2018-07-24 14:51:00,2018-08-23 23:04:52,2018-08-21 00:00:00
90c086a01b85684eb03d4f7b99d95501,335a327d8f2f15e0cc36a493218b1c30,delivered,2017-03-27 01:10:24,2017-03-27 01:22:04,2017-03-27 08:22:30,2017-04-04 17:22:35,2017-04-20 00:00:00
d2b5f540a6876d69b10bd2cd1edf4855,8f02b2e57bef69fcfb71e63b5246c62b,delivered,2017-06-08 09:19:18,2017-06-08 09:30:18,2017-06-08 10:59:48,2017-06-21 16:25:40,2017-07-04 00:00:00
76de574e14e58baded25a12dce8075c1,3dc99b2fcf41c0898cfc7f38c2fefe5e,delivered,2017-06-18 10:26:33,2017-06-18 10:42:57,2017-06-19 13:45:40,2017-06-22 16:04:05,2017-07-11 00:00:00
f3d113574c163b8642fb44302c8fe0c9,7ca7b6bb5ab0b1ac2529e5c489cf3592,delivered,2017-06-23 21:50:23,2017-06-27 04:03:14,2017-07-07 19:25:30,2017-07-13 18:23:47,2017-07-24 00:00:00
a7b3d11d05a59e62a799d50ad789abe7,08fa67bf8d7cc2241741f62794ad0b45,delivered,2017-03-25 20:26:34,2017-03-25 20:42:30,2017-03-27 15:58:15,2017-03-31 11:51:59,2017-04-18 00:00:00
9d8f8e29ae80be83c9a161e3d08bb9a4,80828141e564cd43c7278737dbb337f4,delivered,2017-03-12 12:10:44,2017-03-12 12:10:44,2017-03-13 11:36:06,2017-03-17 06:54:57,2017-04-06 00:00:00
2f2df159f26ddb73d55ee72372200d3e,86a7245fffe6a418ca1658a13ecc4531,delivered,2017-07-17 01:19:50,2017-07-17 01:30:09,2017-07-17 22:14:50,2017-07-26 09:44:00,2017-08-09 00:00:00
c277dea251cfd74bf121060769a7135a,06061ffdb496a2030a55687e3d14d977,delivered,2018-08-09 00:00:08,2018-08-09 00:10:24,2018-08-09 15:08:00,2018-08-13 20:16:49,2018-08-24 00:00:00
e32ebf133fb19cafd04315ff6d108047,b65a67a6cb9f36ff9379fcc0c88cccb8,delivered,2018-04-10 21:47:20,2018-04-10 21:55:18,2018-04-12 20:12:15,2018-04-17 18:57:29,2018-05-08 00:00:00
a7dfdfebf93719bd1ad61e569a852c31,62286ca771b7e7fc40c28aca1a8a4278,delivered,2018-04-27 12:04:24,2018-04-28 03:15:32,2018-05-09 14:14:00,2018-05-15 13:54:33,2018-05-29 00:00:00
74d882fe8bdccca5952fbe23321ecfa7,784ea06d707eeb460893a573fa879dc2,delivered,2018-05-20 01:24:02,2018-05-20 08:17:29,2018-05-22 12:39:00,2018-06-11 13:34:28,2018-06-07 00:00:00
34c27434e5c29d595d0398f19f461807,cf61549e5a1db5a63945b94660db1d31,delivered,2018-01-19 20:37:32,2018-01-19 20:57:55,2018-01-23 20:51:45,2018-02-01 22:13:15,2018-02-22 00:00:00
a0d3b62390e72dcfd8fc6b29c1af0061,fe9a30a8c40ddbb91c3399e7bd78c50f,delivered,2018-08-15 18:28:56,2018-08-15 18:43:58,2018-08-16 12:34:00,2018-08-17 17:36:46,2018-08-20 00:00:00
d11c4164f4abab90d9262e2f1adcabb0,a41c9b1adbaa6df804ab7f2593a84608,delivered,2018-06-28 08:44:08,2018-06-29 02:55:21,2018-06-29 15:09:00,2018-07-02 16:05:52,2018-07-12 00:00:00
762264d81c3f54fa5e5a4e02b84eb85c,75119e7aa32e3e42fbd019b09af7e7e1,delivered,2017-10-21 22:42:10,2017-10-21 22:56:21,2017-10-24 01:22:55,2017-11-06 21:36:29,2017-11-13 00:00:00
87d30b7fd5316c576377b79548be7d84,f6707ad9321dba0eba6285da8c77b7e4,delivered,2018-07-05 21:48:56,2018-07-06 21:50:32,2018-07-10 12:06:00,2018-07-11 15:58:49,2018-07-18 00:00:00
d8c15550aee132ffe4ed54c7da238e35,889c0258aef3619626b02c8ee0343cde,delivered,2017-05-18 12:54:06,2017-05-18 13:10:54,2017-05-19 13:53:15,2017-05-23 11:05:19,2017-06-07 00:00:00
2ff4dba9b7e65ee15034ed2b0004048d,f3721694bcec86501e4a19cf459d3b28,delivered,2018-05-23 18:35:24,2018-05-23 18:57:12,2018-05-28 13:54:00,2018-06-08 13:38:45,2018-06-28 00:00:00
aa07fc0f496d65986abc9044683b8800,39256804b05cde32ac8f5ed003645f6b,delivered,2017-08-19 18:28:11,2017-08-19 18:44:14,2017-08-21 18:40:30,2017-08-25 16:05:15,2017-09-21 00:00:00
38e9133ce29f6bbe35aed9c3863dce01,ad312389a098ceff46ce92c4595c06d0,delivered,2017-10-12 20:54:11,2017-10-14 03:28:24,2017-10-17 17:04:42,2017-11-21 17:06:59,2017-10-31 00:00:00
c81f74e50f0496fa39716cc77cacd460,7b270ebc87c25c8404348c10ff80a80e,delivered,2018-03-04 22:48:38,2018-03-04 23:09:22,2018-03-05 16:15:04,2018-03-13 18:54:32,2018-03-26 00:00:00
973f596fdd2295f00754dd37ab7eb684,01cc68904d33964bd2e7bd52d10efe18,delivered,2017-02-06 22:47:03,2017-02-06 22:55:13,2017-02-10 15:27:04,2017-02-15 04:35:01,2017-03-01 00:00:00
962938a0eb303d087976fbcbe632723a,1579098c5d9e5744b0f81f652b2f3f3b,delivered,2017-12-18 08:26:07,2017-12-18 09:31:24,2017-12-20 21:51:41,2018-01-09 18:45:26,2018-01-18 00:00:00
246b14cc444e8a7df0afd80495dfa052,f327c66b64d68e69e89d4b90680787aa,delivered,2018-07-04 01:20:01,2018-07-05 16:33:20,2018-07-05 14:58:00,2018-07-06 19:22:45,2018-07-19 00:00:00
e088d467c07c9879ddbdaaa9b1c51e85,eb0e488592359ee385d18b209e4911b6,delivered,2017-10-15 19:47:30,2017-10-15 20:20:28,2017-10-17 21:51:38,2017-10-27 19:56:45,2017-11-06 00:00:00
879f83e9f2c3777d90bed2b448e144f8,b07884373a48a80842802d6bf097d411,delivered,2018-05-14 11:56:00,2018-05-15 04:55:34,2018-05-15 14:32:00,2018-05-16 16:11:09,2018-05-22 00:00:00
062b1b23a7928be5abeb406e5889e08e,7d6a0d2bc3cd8656c1be4de50b4d73d3,delivered,2018-03-21 22:46:08,2018-03-23 02:07:35,2018-03-23 18:44:30,2018-05-08 20:19:01,2018-04-23 00:00:00
30a461491fa262d5d6321e3194bbb452,d793c36ce968769248cb9ea17deb90a9,shipped,2018-04-26 11:30:58,2018-04-26 11:53:12,2018-04-27 14:55:00,,2018-05-17 00:00:00
03ab852861cd75d0a9225c92a3354a3a,4236ba0e8837211a7c2d22719c96bf86,delivered,2017-12-10 10:03:25,2017-12-10 10:10:25,2017-12-12 00:41:29,2017-12-16 17:08:12,2017-12-28 00:00:00
039ff75de38e514eaa8ffb2618d5227e,de95d380cf871cae8dc79670a84a1bbe,delivered,2018-01-03 08:46:55,2018-01-03 08:57:24,2018-01-05 19:45:52,2018-01-09 19:16:54,2018-02-02 00:00:00
d47e5fbb24cade152dd968c93b0f0c66,e55ce7b0d217face26f0b2126413a84d,delivered,2018-05-14 19:23:56,2018-05-14 19:35:19,2018-05-15 14:45:00,2018-05-17 01:40:47,2018-05-22 00:00:00
c68482199495e3a57ca04d15b0159808,ad0dbbc49ba11e1ee93a974f6be5c81f,delivered,2018-03-10 19:54:28,2018-03-10 20:47:40,2018-03-14 01:10:57,2018-03-26 17:28:43,2018-03-28 00:00:00
c3cf2a2c2e8b5cfbe960f65bf800b91a,9ca3c3cb222efba635805f6fefc8961e,delivered,2017-02-24 18:02:20,2017-02-25 06:45:22,2017-03-01 11:13:58,2017-03-06 13:12:46,2017-03-17 00:00:00
eeb395f21c0508f1593722cd5058462b,3afcd4f9f9411b8cb8f1d250b0a6f6c2,delivered,2017-07-30 21:20:32,2017-07-30 21:36:17,2017-07-31 16:30:04,2017-08-08 20:23:54,2017-08-22 00:00:00
995cb1fde464cb3683cf2902d8827a13,985b35e7309802e954547d2f6fdfe9e9,delivered,2018-07-15 21:00:44,2018-07-15 21:15:19,2018-07-16 15:29:00,2018-07-25 21:41:16,2018-08-02 00:00:00
bfdf5728dc66ccaf9131885e9e39b5a2,83ecfad6ffb6c167292c8fca66042ea9,delivered,2017-11-10 14:22:37,2017-11-10 14:35:32,2017-11-14 18:51:23,2017-11-17 21:03:04,2017-11-24 00:00:00
04e452498b75f049f617f5ed7ffc0633,52ebfe7b40ff6cbe2db79c566f36e6bb,delivered,2018-05-22 23:30:07,2018-05-22 23:57:56,2018-05-23 20:23:00,2018-05-24 21:18:24,2018-06-06 00:00:00
2e7a8482f6fb09756ca50c10d7bfc047,08c5351a6aca1c1589a38f244edeee9d,shipped,2016-09-04 21:15:19,2016-10-07 13:18:03,2016-10-18 13:14:51,,2016-10-20 00:00:00
74bbb7eea3f17308c17374bf5f572b65,3e4be3176a580becb5d751cf0f409c31,delivered,2017-04-21 22:01:50,2017-04-21 22:15:07,2017-04-24 12:07:16,2017-05-02 14:48:19,2017-05-17 00:00:00
129538e4bc7308e9ab041540283813f2,482da0f3d74585e56f424bacb4d3741c,delivered,2017-03-15 21:50:14,2017-03-15 21:50:14,2017-03-17 06:34:15,2017-03-23 16:08:02,2017-04-03 00:00:00
30acc4fc5f485f20a89c9af9b0b67481,8366ba08152f16bb9b8534350e085166,delivered,2017-08-01 00:02:01,2017-08-01 17:05:14,2017-08-02 12:15:43,2017-08-09 22:39:51,2017-08-23 00:00:00
f425c83fa6d7f497e5f4a1c243401110,6bbd371a1f2217cc0ad1bc185c0e2894,delivered,2017-06-27 22:36:13,2017-06-27 23:04:24,2017-07-04 14:57:22,2017-07-13 21:04:30,2017-07-19 00:00:00
12c8abab1047518ce64899cb2c2966b7,47f2b930037868546be2c3297f60c82a,delivered,2017-12-05 11:47:17,2017-12-05 11:58:27,2017-12-05 23:49:27,2017-12-12 23:32:34,2017-12-29 00:00:00
f8db134d4ac3747d627adb962ec08f73,092389b0ad58d08590243690dc4db793,delivered,2017-05-16 18:59:44,2017-05-16 19:15:11,2017-05-17 08:11:33,2017-05-18 13:22:18,2017-05-29 00:00:00
eeecf0540c4a674f123d57397790b15e,c97f40e1ef3030fe5d60dfdbc045a233,delivered,2018-03-31 06:19:08,2018-03-31 06:30:11,2018-04-04 18:41:45,2018-05-09 11:48:50,2018-04-25 00:00:00
122804b6e70597eca700595473d8297b,e24936459392dc2e3f09cfacc083fbfe,delivered,2017-07-15 12:41:12,2017-07-15 12:55:13,2017-07-17 21:23:26,2017-07-24 20:46:30,2017-08-08 00:00:00
26298a4e971b2abb0e472ae55f3a6cd0,c9f60908f2a9d84ff48f4650386eca94,delivered,2018-03-27 23:53:33,2018-03-28 23:50:12,2018-04-03 20:44:42,2018-04-23 21:18:26,2018-04-18 00:00:00
9b91ddcbd6cbceb83d4fd2462ca1f95e,6152d0774bbbf74f7140541c0569dafa,delivered,2017-01-05 14:22:02,2017-01-07 03:44:09,2017-01-11 16:25:57,2017-01-16 16:32:52,2017-02-01 00:00:00
be6eea060429ae021a46df0a1990365c,2a9543cbe3f8f53d8f8a62237f3ba8f5,delivered,2018-01-30 17:46:03,2018-01-30 18:10:34,2018-01-31 18:32:02,2018-02-05 19:42:14,2018-02-21 00:00:00
82fa967d1d3bc56f31565b771fe79181,4d36af0b2f66083f21a8f7d549647d6a,delivered,2017-03-08 15:00:44,2017-03-08 15:00:44,2017-03-13 05:32:24,2017-03-16 17:48:01,2017-04-03 00:00:00
7e25a709518d3b5b51fab58d605ea0e8,f26da87c662e29c4680a07cf6e7f3a97,delivered,2018-04-04 18:42:39,2018-04-04 18:55:28,2018-04-07 01:12:20,2018-04-19 00:28:44,2018-04-25 00:00:00
26ac15c4f69145c3a0ce4f2ebccd2a84,e02f5d3db6a97933d8d9a4dfc6a69ea4,delivered,2017-11-26 00:22:41,2017-11-26 00:33:26,2017-11-29 22:37:46,2017-12-27 19:07:43,2017-12-26 00:00:00
5bbe496e9e32884e4f0260f1b6bd6c3d,da6f87409fcc1f75e9bce0ff233ace2c,shipped,2017-07-06 14:42:02,2017-07-06 14:55:21,2017-07-07 12:04:44,,2017-07-28 00:00:00
48761cfd8309604ddb00a812ae7d9473,ef546a9e08a36c4b877691daccbc4304,delivered,2018-08-16 00:40:20,2018-08-16 16:40:09,2018-08-16 12:41:00,2018-08-23 00:16:28,2018-08-30 00:00:00
827d8ae687faef2e9c2bc79196b26f6e,bb837c97a08ecdabcf131bfd33098c27,delivered,2018-01-16 15:06:44,2018-01-17 03:34:38,2018-01-17 17:22:32,2018-01-24 17:18:57,2018-02-06 00:00:00
09badf53476a6bda72b4728e858a3433,9872961494c04c3939cc4fa43bfaeb75,delivered,2018-02-05 13:51:27,2018-02-05 14:10:47,2018-02-06 16:04:24,2018-02-19 19:40:19,2018-03-01 00:00:00
2f3e2209a4db6baec6526ced407bbce9,29fe12563a56d3735707d3faed2c7292,delivered,2018-02-16 16:39:19,2018-02-16 16:56:10,2018-02-20 23:22:02,2018-02-23 01:22:53,2018-03-05 00:00:00
042ce41927758767ec2aa0de06486b4c,ffa8a2de48bb3fb30f0452c34d3b978d,processing,2017-12-01 10:39:13,2017-12-03 10:53:16,,,2017-12-29 00:00:00
46f36d95da75ced0462d57df904d36d0,06c629d842cb8236fceea0a9e90ccd1a,unavailable,2017-03-02 15:27:25,2017-03-02 15:35:19,,,2017-03-23 00:00:00
ef8ce968377e840a2be50d7c49a1f4ce,d262e8fcc210139d0efa2bf2a24fc0ea,delivered,2017-11-25 14:06:40,2017-11-25 14:17:53,2017-11-27 23:38:46,2017-12-06 22:42:34,2017-12-29 00:00:00
b32b3375c9aee9e103b0c8ef64af9087,814ce562d2427d9ab15fc001a783d2f7,shipped,2017-11-24 11:54:58,2017-11-24 14:37:09,2017-11-28 18:06:50,,2017-12-08 00:00:00
4748c7d66bbedbf52de84b3bc4cbc482,59e42a0f4ed79508f022aca1f2f87e25,unavailable,2017-05-25 21:45:54,2017-05-25 21:55:08,,,2017-06-08 00:00:00
05646cef8f5791776e224b7967607b4f,e3d26d1fe9b0926a8a306b11179bbd00,delivered,2018-04-15 16:50:27,2018-04-17 06:11:32,2018-04-17 21:36:35,2018-04-25 21:46:45,2018-05-15 00:00:00
b68158eed8887928a1dea62a3d9fc407,6fc2f5ad517b6d8f74b12e58397f6615,delivered,2018-02-09 13:48:50,2018-02-10 02:49:30,2018-02-15 19:37:13,2018-03-06 11:37:48,2018-03-23 00:00:00
b0cb5e1b222437d8ee177f463fbcf464,52e79890db8c8221861c635f6b460b1d,delivered,2018-01-23 12:41:06,2018-01-23 13:01:30,2018-01-24 13:54:22,2018-01-31 15:48:46,2018-02-21 00:00:00
35f069c19a16b1ef6a4c4fda664db415,1af81a97080e5f84ff8390118b0e991f,delivered,2018-03-19 19:51:05,2018-03-19 20:08:44,2018-03-20 23:12:15,2018-04-04 13:57:42,2018-04-13 00:00:00
bc0feb6a96ad7552648f4183cb6ecb63,d52952f17a55695f6713b15d38c9af52,delivered,2017-02-23 10:06:46,2017-02-23 10:33:11,2017-02-23 11:42:33,2017-03-13 03:04:12,2017-03-28 00:00:00
f14a4d4319ffc65a920a962e0532907d,cbd8e50ddd632c2457b5b6340498e211,delivered,2018-04-05 20:15:38,2018-04-05 20:29:13,2018-04-07 01:14:38,2018-04-14 18:05:07,2018-04-30 00:00:00
3b80f5f8f9c4664e52e228a8ce5752f9,b62c66b99dc904ade0b5568a95fe904d,delivered,2018-02-27 22:34:44,2018-02-27 22:50:52,2018-03-16 00:37:36,2018-03-19 15:26:30,2018-03-13 00:00:00
a5b16df50e965748a0f8406dd415f23c,9e0b227113c81f8f7091ab121ac98796,delivered,2018-05-14 16:47:26,2018-05-14 17:18:42,2018-05-15 11:38:00,2018-05-17 04:53:21,2018-05-25 00:00:00
971dae4156d63b465b28ce4e45afc849,ba28f5e789469764b295ecdb66470d9b,delivered,2018-05-07 12:39:10,2018-05-08 04:55:15,2018-05-10 18:29:00,2018-05-17 19:38:39,2018-06-04 00:00:00
a769126f033474696dd593d143b450d4,f104b5445c31fb5895fac27d95a3293b,delivered,2017-11-24 23:51:56,2017-11-25 02:33:18,2017-11-27 22:25:40,2017-12-01 17:29:02,2017-12-21 00:00:00
f27fd91fafee87eccffe0df85538c795,74493089cad5208903209e997a8eb9af,delivered,2017-06-14 15:39:33,2017-06-14 16:02:40,2017-06-16 15:36:02,2017-06-28 16:46:03,2017-07-17 00:00:00
1a3a7d56968e2833fcbb6d4f6885c1cf,2f364a588ce20ad014cafdedbd623310,delivered,2018-08-14 07:44:12,2018-08-14 07:55:09,2018-08-14 15:10:00,2018-08-17 21:42:41,2018-08-31 00:00:00
47bfd5091e67cf36c5d7d5e6ca97db53,f1db37fa9a45df4db594466b460e647e,delivered,2017-08-11 18:11:14,2017-08-11 18:25:17,2017-08-16 19:43:59,2017-08-25 18:42:52,2017-09-18 00:00:00
d9117cec0a7a5bee29c4f45cf820b930,ac9650ff78fe1d4b99796c5caa216ad7,delivered,2018-03-27 12:43:20,2018-03-27 12:55:25,2018-03-27 22:32:27,2018-04-02 14:44:37,2018-04-19 00:00:00
9c8ffc9afe14108def96d0b1a3678eec,7f59e76c0aa7ffa96374216e3fa5a4d5,delivered,2017-04-05 22:29:43,2017-04-05 22:42:43,2017-04-10 10:03:28,2017-04-21 10:22:41,2017-05-03 00:00:00
38b74d37b6bb4886a9b460ef8d4ba2d7,aa85716e1df710e8779a526d83d034da,delivered,2018-01-18 09:02:48,2018-01-18 09:12:29,2018-01-19 03:05:30,2018-01-25 19:28:53,2018-02-08 00:00:00
502f9fab8b6ef318e23a5700a237ef1b,514c03e2461d472afce7f786187178de,delivered,2018-04-08 11:23:06,2018-04-08 11:49:55,2018-04-09 20:04:20,2018-04-13 22:22:25,2018-05-02 00:00:00
80a02feb35f630ff84f1c40179f58bf7,b2ea611fe31cd36edad1b142cea0a9ab,delivered,2018-01-28 09:53:36,2018-01-28 10:10:30,2018-01-29 17:18:57,2018-02-05 21:56:54,2018-02-21 00:00:00
e26c49bee8a495cdc21b67ab5b2d413e,a589bb2fc41fa5787691857cded23b5d,delivered,2017-08-03 22:50:55,2017-08-05 02:55:31,2017-08-08 19:17:00,2017-08-15 18:56:27,2017-08-29 00:00:00
e2ba84b9fda1f36c6b2ae25097ef72e0,97de1f2c8777fcb7d6000cda55786124,delivered,2018-02-27 15:23:07,2018-02-27 15:35:29,2018-03-02 20:04:59,2018-03-07 23:03:54,2018-03-29 00:00:00
5855ed67c59c23f410f190aabae43591,cb85674de3108f718d4b6b608ee2f0da,delivered,2017-09-08 12:55:46,2017-09-08 13:05:18,2017-09-11 22:42:27,2017-09-15 21:55:41,2017-10-02 00:00:00
6e8762ed90dc2ba796c568273539cd77,f704f5612200fcc94627abfc094464bf,delivered,2018-03-20 21:32:13,2018-03-20 21:48:47,2018-03-21 22:11:50,2018-04-11 21:19:20,2018-04-13 00:00:00
4119f9ae0b1ceaaa966616d6a3ba616b,93c3f15b475d3800c0c2e1606edb0d97,delivered,2018-07-30 14:00:47,2018-07-31 06:35:17,2018-07-31 19:02:00,2018-08-02 00:38:37,2018-08-03 00:00:00
a6840c3c8bb056af9cce2e2ea459769a,49c62562aa524f7e52c41008a9f187d3,delivered,2018-03-08 16:21:08,2018-03-09 03:00:35,2018-03-14 01:28:26,2018-03-16 20:02:49,2018-03-26 00:00:00
73925631ba33c322f310fa0a01283e76,bdeebe7a66f7c942b84dc2d2a5daa9e3,delivered,2018-08-09 19:36:11,2018-08-09 19:45:18,2018-08-10 13:07:00,2018-08-14 22:22:47,2018-08-15 00:00:00
cf76d482b013f8af6dc046a3001c1c4f,04eafb40a16989307464f27f1fed8907,delivered,2018-07-04 13:08:27,2018-07-05 16:25:13,2018-07-06 09:09:00,2018-07-12 20:26:34,2018-08-06 00:00:00
4c4590c53b8582812e4bf510d3e55e58,8943a36516635e4916eb25668432071e,delivered,2017-07-16 22:47:11,2017-07-16 23:03:39,2017-07-18 20:12:54,2017-08-17 18:55:07,2017-08-18 00:00:00
dfda82f701815b8d9306b1343ca3e2bd,eb48ab464500f361c68e031087e573cd,delivered,2018-05-15 11:33:28,2018-05-15 12:15:09,2018-05-15 14:20:00,2018-05-18 15:05:38,2018-06-08 00:00:00
c8682e224367b603f0ac144e77fabe14,af1d8655ed6152d15b718ceb2f7c397c,delivered,2018-06-11 11:03:55,2018-06-11 11:15:40,2018-06-11 14:59:00,2018-06-12 18:47:21,2018-06-20 00:00:00
7af07887f8840085ae4b65cb52f4af29,5dafa582b0cccfe3f6e80a91ef94a083,delivered,2018-07-08 11:10:22,2018-07-10 17:05:42,2018-07-11 18:01:00,2018-07-23 21:44:40,2018-07-27 00:00:00
92b4d74d8984ddfd468fba03281fec49,7282e7e28bca4c8d52bee1bef2b4dcd4,delivered,2018-04-16 11:52:47,2018-04-17 12:30:20,2018-04-17 21:43:40,2018-05-03 21:49:52,2018-05-14 00:00:00
773ecfb47260922193611c913a702942,345c52fd455ccfd8077644b600840ad7,delivered,2018-01-22 12:45:55,2018-01-22 14:54:24,2018-01-23 18:48:41,2018-01-30 12:00:00,2018-02-15 00:00:00
5642f00882c2ab59e001778dc483135f,6d3daf88dad3c59f48f9ec367fc43a78,delivered,2018-02-09 21:41:44,2018-02-09 21:50:28,2018-02-16 21:04:08,2018-03-23 20:34:34,2018-03-07 00:00:00
6e970ac8488781fb447ff2c2859168bf,eb033b491e53ad18899061e9e19f25b2,delivered,2018-01-22 10:12:17,2018-01-22 14:53:33,2018-01-24 14:36:30,2018-01-26 17:22:06,2018-02-06 00:00:00
0982c70ab125dee2e64f27e5aa2b4fb8,79c672ef1735d58585e076fb896276b3,delivered,2018-02-15 18:26:46,2018-02-17 03:47:47,2018-02-20 10:39:10,2018-02-21 21:24:58,2018-03-02 00:00:00
c1674af37cefb68196b330a473e46d7d,bfb9b1d3eed11407245df8870eadecc6,delivered,2017-05-11 22:41:34,2017-05-13 03:05:29,2017-05-17 09:11:35,2017-05-18 06:45:30,2017-06-02 00:00:00
325cfd48a71240cb16c9f50468478c92,6fae532749efd824d103f027b7bf7834,delivered,2018-07-02 14:43:25,2018-07-02 14:55:20,2018-07-03 15:31:00,2018-07-12 21:58:53,2018-07-16 00:00:00
6e41c1b023ea08cb4744bbe97eedb35c,27a88f58c6d8d6be880c80c424c16202,delivered,2018-06-28 18:50:51,2018-06-28 19:11:39,2018-06-29 14:21:00,2018-07-04 15:32:11,2018-07-25 00:00:00
8b0da5e289d763ef6aa842f3927d6421,e2120686ad347caa15e31d9fba78aade,delivered,2018-02-17 22:30:05,2018-02-17 22:46:57,2018-02-19 14:07:28,2018-02-22 18:29:10,2018-03-12 00:00:00
1871117e3b468a4dc29c82849099069b,1f567c8732fb5317d6ce391624d34cb2,delivered,2018-01-15 09:15:37,2018-01-16 03:39:58,2018-01-16 22:59:04,2018-01-23 20:38:45,2018-02-05 00:00:00
2f9e3156d784ec07c5e1b8075263562f,4fafc71715e80054ae90f1b3eb0a9110,delivered,2018-05-28 10:40:18,2018-05-30 02:31:53,2018-05-30 14:11:00,2018-06-18 16:08:46,2018-07-04 00:00:00
663f5bad78ee236c44c5f31fc8c280cd,194022ce695cffb81d8a6aea3c050fbf,delivered,2018-08-09 23:10:58,2018-08-09 23:25:12,2018-08-13 12:46:00,2018-08-28 16:36:53,2018-08-27 00:00:00
b54e7e86152b2e409b6cc7080eddc990,21198f061f21cabd2e87f995dcf50599,delivered,2018-03-18 15:53:18,2018-03-18 16:05:32,2018-03-19 16:41:40,2018-03-21 18:48:49,2018-03-29 00:00:00
68bb4de546513f8cdd2c1d21fc3bc114,2a340b549b324ad89196ca8bf908addb,delivered,2018-01-09 15:45:45,2018-01-09 15:54:32,2018-01-11 18:18:18,2018-01-19 03:06:45,2018-02-07 00:00:00
bc549579fe8b9728bac120abd8c20174,2f10dc6ea31f47d7ce69dcc713ca6e07,delivered,2018-05-08 04:37:15,2018-05-09 03:35:09,2018-05-10 12:55:00,2018-05-15 16:45:07,2018-05-17 00:00:00
20176fe1ddb4756918024acdffd0cb05,1cf7dea919ba9ca8bb252c4da7cb2aed,delivered,2017-10-19 03:08:03,2017-10-19 03:27:40,2017-10-19 13:29:50,2017-10-24 17:46:18,2017-11-07 00:00:00
cdc1504eb9521a2941c00363ee8288d2,87e3b43896edfc6786a0d8ab36a14202,delivered,2017-09-05 16:05:43,2017-09-07 02:55:57,2017-09-15 23:13:04,2017-09-27 17:47:56,2017-10-04 00:00:00
cbfe43d4a7e8df6def7f9247e1c6120e,a5025dca34865983e2a8276422abde37,delivered,2017-07-02 19:33:39,2017-07-04 04:25:19,2017-07-06 13:44:24,2017-07-10 18:16:46,2017-07-21 00:00:00
0e3338b5499d77ae55c16c4e1c9f30e9,2a51c71933c7ab32a41cf66b2c797882,delivered,2018-06-01 13:30:13,2018-06-05 04:31:10,2018-06-05 12:07:00,2018-06-12 21:19:47,2018-07-05 00:00:00
fa6b736da07e6fab64807d4d37d8062d,4f259c289190fa3fe4f22ce16b175022,delivered,2018-08-01 16:54:09,2018-08-01 17:24:03,2018-08-03 14:53:00,2018-08-08 22:51:38,2018-08-16 00:00:00
27c60cfbe4965270943d7cdab0989038,5f0da02ddc5814e24c420575d2280df1,delivered,2018-07-30 12:10:23,2018-07-30 12:30:16,2018-07-31 14:06:00,2018-08-04 00:42:50,2018-08-16 00:00:00
3438960569bf3e42fa63f8e7bab0ac03,521896033ed628472193e3adccf722e4,unavailable,2018-08-02 15:28:32,2018-08-02 15:43:56,,,2018-08-10 00:00:00
9c3580e890d4e5c7a6f8ca754b9aff45,9b8ea202f406114ad504c7a3147cffd4,delivered,2018-07-31 10:44:07,2018-08-01 03:31:45,2018-08-06 16:32:00,2018-08-14 22:58:34,2018-08-22 00:00:00
4a520a26516a2fba9ae35945ac6a2229,41c4298bad8ddcba7c752f4b8defb6a9,delivered,2017-11-05 19:51:43,2017-11-07 04:31:16,2017-11-09 20:56:51,2017-11-16 18:58:28,2017-11-27 00:00:00
de1a0e5b80f69f235671980dc449d278,9c4532dd54ac03bf8a6a3ce7a0680e2f,delivered,2018-01-16 16:10:55,2018-01-16 16:30:04,2018-01-24 22:26:34,2018-02-20 19:27:06,2018-02-21 00:00:00
8d9c0dc8d5a2ce804f6b925d8f8e6c1d,8c65f37a2cb3d0bedced14e105742bae,delivered,2018-03-19 13:40:14,2018-03-19 13:55:33,2018-03-20 00:28:42,2018-04-10 23:28:27,2018-04-10 00:00:00
f87e6a448c7194cbe50fa937efad03ba,fc8d128a358eb85b316708c1a0fe0cd7,delivered,2018-03-30 14:45:24,2018-03-30 15:27:40,2018-04-03 00:38:39,2018-04-18 19:51:06,2018-04-30 00:00:00
f93e43e1c7ad8105d4644ca79c6ffe21,5d07a551ce2ce8238665f00d1562ccce,delivered,2018-03-30 20:22:57,2018-03-30 21:07:34,2018-04-03 18:51:28,2018-04-12 13:11:29,2018-05-08 00:00:00
9792283e8d46d73ee4a3d91fc3264a50,e97eb53515b9fd98a3db45f4be5e70a2,delivered,2018-04-04 10:43:29,2018-04-04 10:55:21,2018-04-05 23:47:24,2018-04-13 00:12:49,2018-04-26 00:00:00
8ef90bbfd83a3525620bc52b758b655d,704458c6514db60176c4eb59bae24d30,delivered,2017-11-28 13:43:30,2017-11-28 13:55:27,2017-11-29 23:28:37,2017-12-15 19:21:50,2017-12-21 00:00:00
5dd21baa3b88bf3e97bcc80aa1b0b52a,a96336755f2a6f45496391ac601274fc,delivered,2018-05-28 09:07:47,2018-05-28 10:04:55,2018-05-29 14:11:00,2018-06-05 17:54:22,2018-07-04 00:00:00
92cadc3e20edf9c11602105c344a717f,d3a2623a3fa9bc2041ea7b6aae6789bc,delivered,2017-10-27 07:57:17,2017-10-27 08:10:07,2017-10-27 15:34:55,2017-11-03 15:53:00,2017-11-28 00:00:00
f174b7bb70b31bea3dbfdf7cf9719ce5,fa02a9d0399654a2a97b861ec8ef7897,delivered,2018-01-26 22:44:20,2018-01-26 22:52:21,2018-01-29 18:13:04,2018-02-01 22:38:59,2018-03-05 00:00:00
f0306b5ed43b47782c4f72497dc5e97b,1d40bf2da4a31578ce877c16addb89ac,delivered,2017-10-19 10:36:34,2017-10-20 20:49:37,2017-11-01 23:06:41,2017-11-09 15:48:56,2017-11-24 00:00:00
fefeb61b51f4a30efa5d44a833e3a797,29e994be5ff2076a7a75bf09f73a9735,delivered,2017-11-27 23:32:29,2017-11-27 23:49:49,2017-12-04 18:37:51,2017-12-09 16:17:34,2017-12-11 00:00:00
61ce184c1c73abf33b18c98b0dff1229,7a704fc433bd27f103e167b4898c831d,delivered,2018-07-04 19:48:39,2018-07-05 16:21:59,2018-07-05 15:17:00,2018-07-11 20:28:44,2018-07-31 00:00:00
5b30ad24f4e7ba20015ff2f3c2c30aa5,dee57da8651049f63370bb487fed6615,delivered,2017-11-08 23:00:54,2017-11-08 23:12:12,2017-11-10 18:07:44,2017-11-16 18:41:57,2017-11-29 00:00:00
2a02dbd2e676fcfb7ee4d2bffdc4b378,92e886206d327b4998f959511fa1c392,delivered,2018-04-05 11:10:17,2018-04-05 11:28:08,2018-04-07 01:10:59,2018-04-17 15:57:27,2018-05-02 00:00:00
7f8345ecf528aa9b47423c9cc5ab3986,e7be4b005fa54d1d294039b73a6f2ba2,delivered,2017-07-23 17:37:35,2017-07-23 17:45:13,2017-08-03 21:11:00,2017-08-04 19:09:39,2017-08-15 00:00:00
a69a40da9add4ab2edf07d939ebfb7df,d2f49302a19fe5eb90d76e10870e334b,delivered,2017-06-19 13:00:36,2017-06-19 13:10:11,2017-06-20 11:09:22,2017-07-05 16:28:06,2017-07-19 00:00:00
cdbbf42ba3892a989ca5b644ee43db7f,d147a2516941f9b1fa511da01902a86b,delivered,2018-08-03 10:42:40,2018-08-03 11:04:21,2018-08-03 12:57:00,2018-08-13 18:22:21,2018-08-29 00:00:00
bc76bb0ff492abd2cfc722349f3d62a2,54af9d31eb26ac435fa7bc914d9a30bf,delivered,2017-10-10 14:03:03,2017-10-10 14:29:52,2017-10-10 20:52:05,2017-10-13 21:52:00,2017-10-27 00:00:00
c8a2a495848f547a4a4a26597ca9190b,886406e39c7527f64f34223f444bd4c4,delivered,2017-12-29 11:29:05,2017-12-29 14:37:31,2018-01-02 21:28:41,2018-01-08 23:23:38,2018-01-18 00:00:00
b7261927790781e114d3a12f39ef44c0,0883816eb4425537f417d5d63553ab8c,delivered,2018-03-19 11:10:14,2018-03-19 11:31:18,2018-03-21 19:06:43,2018-04-02 12:16:51,2018-04-11 00:00:00
268270567c35e07af0d2f8c8cc978410,4487ca94364334677a4a0d66975cb980,delivered,2017-08-28 22:13:47,2017-08-29 05:32:18,2017-08-29 20:20:06,2017-08-30 20:16:38,2017-09-11 00:00:00
d27e502287dfd6690077b513380b7fbd,bf08885e81c08228779ba7da3beb7e2f,delivered,2017-12-09 14:35:29,2017-12-09 15:30:50,2017-12-12 21:08:53,2017-12-13 19:03:33,2017-12-28 00:00:00
93404003d3192d8a2d781361faa129dc,c8728a6ecadbec957fde55e78ca8d03d,delivered,2018-08-24 16:01:28,2018-08-24 16:10:53,2018-08-27 15:18:00,2018-08-29 13:04:25,2018-09-05 00:00:00
ff0d5a38b85fbd18f685047969739467,e048275f9fddd7f0c183cc921274bc62,delivered,2017-09-30 16:37:19,2017-09-30 16:49:23,2017-10-09 17:13:27,2017-10-11 19:31:54,2017-11-06 00:00:00
d1ac79e195d42ffecfe5abe8428c6535,a43b9483961041642fa607e74f87b912,delivered,2017-11-27 08:11:49,2017-11-29 08:16:44,2017-12-06 10:15:43,2017-12-23 18:22:19,2017-12-22 00:00:00
7c8582fc7ce51a091fe83cb5efa4e84e,78b2c378bfab658007bb6c5ae2b09829,delivered,2018-01-12 14:57:31,2018-01-13 14:52:30,2018-01-15 17:24:46,2018-01-17 22:23:33,2018-01-31 00:00:00
6ab7569ca759f8bc38432f315743fcd3,46402f6f38e465b425db684e5987718c,delivered,2017-10-25 11:12:59,2017-10-25 11:28:44,2017-10-26 18:12:51,2017-10-27 14:42:28,2017-11-07 00:00:00
f7c5c5ff5045e13c98901bbbf8e871d4,1d5f7303f8a2248f42cf919af8d77cc3,delivered,2017-07-26 18:22:31,2017-07-26 18:38:51,2017-07-28 17:35:33,2017-08-07 19:22:24,2017-08-18 00:00:00
816c0409fb7624265037bcbadc488c2b,ce84bc58b9f9dfb7fcb0b5da67c99087,delivered,2018-04-24 18:55:28,2018-04-25 18:32:10,2018-04-27 11:19:00,2018-05-03 15:22:18,2018-05-15 00:00:00
27a940efdd448db29463b53ea0cfa2f4,3b3a94e8869494140c9338cf3034a920,delivered,2017-05-01 23:09:52,2017-05-03 14:10:15,2017-05-04 14:42:30,2017-05-23 17:16:57,2017-05-26 00:00:00
4069c489933782af79afcd3a0e4d693c,5d6ddc4e70e7d06e3b32e2ebd658de6c,delivered,2017-07-02 21:10:38,2017-07-02 21:25:15,2017-07-03 15:21:42,2017-07-13 19:19:52,2017-07-27 00:00:00
24750706d247c4d573cae75ee4372c59,35fd70b44c6c7abfd28a469e9a85f0cd,delivered,2017-06-06 16:12:20,2017-06-06 16:25:37,2017-06-12 15:03:57,2017-06-13 12:50:09,2017-06-20 00:00:00
002955b0acc63d04f6724a31967e82bd,accb4b4ad075d07a833eacca116071c7,delivered,2017-12-18 13:43:54,2017-12-18 15:51:31,2017-12-19 17:51:40,2017-12-26 18:28:29,2018-01-16 00:00:00
a8913a7a82fc8acaeb44c6e9909944e0,99dd4efeee255127aab6b84d50e1dda8,delivered,2018-05-11 16:20:01,2018-05-11 16:31:37,2018-05-14 15:06:00,2018-05-24 17:12:40,2018-06-06 00:00:00
3ba2a040080e83d936f7121ae9cc993d,cd81681e520d4adf01f08d9ddda810f5,delivered,2017-10-15 23:50:11,2017-10-16 00:49:08,2017-10-16 22:17:05,2017-10-18 17:07:36,2017-11-10 00:00:00
796e3c109c8740eea3d4321a8ad5ca5c,a7669839a9034fe81cbc46797f0b4f61,delivered,2018-05-11 10:12:40,2018-05-11 10:29:50,2018-05-15 13:16:00,2018-05-22 13:52:10,2018-06-01 00:00:00
a916a97323dee3f33707e4a752c22c9e,d106e0cf032240aa997b079d58974bfd,delivered,2017-07-03 09:25:59,2017-07-03 09:35:21,2017-07-03 16:29:58,2017-07-04 14:35:52,2017-07-14 00:00:00
4aaf9b9778e313ecfcfe11ba5673b136,a0af680b53dd9ddc1df27ee4a01fe25e,delivered,2018-03-24 15:11:38,2018-03-25 15:10:24,2018-03-26 19:31:01,2018-06-07 13:28:40,2018-04-27 00:00:00
c2673706bb89f4fa18b1837c6dd088e1,b1cd5fb9df0c995339f00947da09aa8c,delivered,2018-03-23 21:56:30,2018-03-27 04:08:22,2018-03-29 22:28:49,2018-04-19 17:37:34,2018-04-13 00:00:00
16b1ca4005cd15dce41f3431902ba314,b8f8bff5816a15d1951795b05a919cce,delivered,2017-06-13 22:30:27,2017-06-13 22:55:19,2017-06-14 15:21:21,2017-06-23 11:37:31,2017-07-18 00:00:00
d2651bbfae1f2a0814488eea7ff6165d,0f4fa1eb4a17044d57731292c86838fd,delivered,2018-08-14 22:48:48,2018-08-14 23:04:35,2018-08-15 15:07:00,2018-08-23 00:36:45,2018-09-10 00:00:00
4a17b2645f4598da6cdcd43f785b9b1f,83ced71889769885f9a06748fc0364fd,delivered,2018-08-22 13:06:17,2018-08-23 02:44:25,2018-08-23 09:32:00,2018-08-24 18:49:41,2018-08-27 00:00:00
e8204ce4727e0579d7cebd304236bcc3,7673829d261bae4cab2db2e831d038af,delivered,2017-04-06 10:50:06,2017-04-06 11:02:57,2017-04-07 16:28:03,2017-04-12 12:55:07,2017-05-02 00:00:00
b6b01d3d01c6df1ff950084e0f9ec7f4,9c2fc7e2f1765c15b18e8c25c08eedf3,delivered,2017-07-24 21:05:02,2017-07-26 02:15:13,2017-07-27 17:47:43,2017-08-07 17:22:54,2017-08-11 00:00:00
cc2462dfe3164edb93bf14003c301c3a,b27682bd2c95905f9733e5af679c3688,delivered,2018-01-27 07:56:43,2018-01-27 08:10:41,2018-01-29 22:54:57,2018-02-07 14:58:08,2018-02-23 00:00:00
af92012b9c9ebac7f18b1a219e2474fc,beb1179c24f5eb219e9906c440fc59ff,delivered,2017-04-20 15:12:24,2017-04-25 07:55:44,2017-04-27 15:33:36,2017-05-07 12:03:09,2017-05-26 00:00:00
c546a6c20db2388cfdf1f72285456a3f,db147afc51da134594884b8ad4364d35,delivered,2018-02-02 14:23:39,2018-02-02 15:31:21,2018-02-03 01:03:53,2018-02-17 13:57:48,2018-03-07 00:00:00
faa72e2db68f17d71fa5c725cafc53ad,a6a0a62ce165053b536f84be26fd22c7,delivered,2018-04-15 18:34:32,2018-04-16 08:51:12,2018-04-16 18:56:48,2018-04-20 20:28:56,2018-05-16 00:00:00
3da7fcd2d00d6f81453fba8a93e079c5,b82b741535cb05a2dd990dc926db9a17,delivered,2018-03-29 13:38:29,2018-03-29 13:54:10,2018-04-02 18:59:48,2018-04-03 21:09:00,2018-04-13 00:00:00
9afd8793167c97876e93424de3f01498,7d2b61cc089a1692568ad66cd27c8cbc,delivered,2017-08-07 09:50:16,2017-08-08 04:04:41,2017-08-08 18:04:26,2017-08-14 18:55:59,2017-08-29 00:00:00
914b9f8c467264d57ba0df4ee274dd0e,cc5eb0cc159057a89bf808454eab21ca,delivered,2018-01-29 09:34:13,2018-01-31 13:32:25,2018-02-03 00:39:41,2018-02-11 18:03:53,2018-02-14 00:00:00
ab0bb51a710692e96d316072209e1c75,5b170a1fa36d54e1a28fa50d6dca899f,delivered,2018-03-25 20:34:39,2018-03-25 20:48:22,2018-03-26 18:11:58,2018-04-03 16:52:46,2018-04-11 00:00:00
4d02fcbcbf4a19682c0c09fb8fc8005f,2d5c7d1250eefd0b786eaefdeaba91bd,delivered,2018-07-24 21:21:15,2018-07-24 21:30:17,2018-07-25 15:20:00,2018-07-26 18:52:52,2018-08-01 00:00:00
eeb1f86a9f9c08e3eb0bbb7186dccf60,92dc2362ac5619266eeed4ec88234e1c,delivered,2018-07-30 12:58:34,2018-07-30 19:32:03,2018-07-31 14:54:00,2018-08-01 19:28:27,2018-08-02 00:00:00
ce9924e409dde4b753e2893f0835ba62,34425af515e189a4aa18e67c29f44e38,delivered,2018-05-12 16:00:00,2018-05-15 04:35:00,2018-05-15 13:05:00,2018-05-21 23:16:45,2018-05-28 00:00:00
ef43d5664bd1ab24fd6b38b5a8ca3cf6,8d61ec6452053b7b174af0627f83d6ca,delivered,2017-11-21 23:07:23,2017-11-22 21:13:24,2017-11-28 13:21:27,2017-12-11 20:58:52,2017-12-08 00:00:00
a7d73128b7dc2644c342e7495ebe8e3f,a99b2128d3db96e838381fe6042cdee6,delivered,2018-04-05 15:59:54,2018-04-05 16:11:03,2018-04-10 23:37:43,2018-04-30 16:59:24,2018-05-02 00:00:00
44551b161630b0e90e73ed35fafb4268,615222e0c8a4e524ce32eacd567c1bb9,delivered,2017-04-14 23:45:31,2017-04-15 01:05:23,2017-04-19 16:06:27,2017-05-17 09:42:30,2017-05-17 00:00:00
b519435b8a999cbefb70936aed23af56,b9cadcd6906737e12a04a48dfd818a90,delivered,2017-05-24 23:23:56,2017-05-25 23:30:14,2017-05-26 11:15:32,2017-05-30 18:07:52,2017-06-13 00:00:00
6ca34a7e19802d00261e550467a965c8,40b4a5ba496a0d550201b2cef9bed5b9,delivered,2017-12-19 16:39:09,2017-12-19 17:29:14,2017-12-21 21:26:54,2018-01-03 23:16:59,2018-01-12 00:00:00
4e4bcd8837ffdbe350288d7fa0948c01,5e5e6470cb171508e864b8fc75379c73,delivered,2017-09-13 21:37:44,2017-09-13 21:50:21,2017-09-14 21:48:54,2017-09-20 17:20:29,2017-10-04 00:00:00
6248b0a9b547366913fb67922a7a2b77,4ae48f8e3942147402a1286118601c83,delivered,2017-01-14 15:11:28,2017-01-14 15:22:39,2017-02-03 10:50:28,2017-02-03 10:50:28,2017-02-28 00:00:00
4726bb2be36557009e1f231af49916e0,510afdc891236e163630afa457975472,delivered,2018-02-14 15:22:57,2018-02-16 07:55:52,2018-02-20 17:46:58,2018-02-22 19:55:14,2018-03-01 00:00:00
b1efe5ab6f4610dc50fd9e55e4269b58,a8358cb0d9cfc5497bc084dd0adefda3,delivered,2017-12-03 22:50:40,2017-12-03 23:31:23,2017-12-05 09:05:05,2017-12-17 11:37:15,2018-01-05 00:00:00
2bd9bddf117b28b0736de5b81eea032c,752a1e24b22edf31a897379138ad174d,delivered,2018-08-18 10:45:40,2018-08-20 11:30:03,2018-08-21 14:05:00,2018-08-27 23:32:27,2018-09-04 00:00:00
ac21bec6ae437954a28c4db16dd5737f,d24a42b429025967e6db9734a049d995,delivered,2018-08-09 08:11:21,2018-08-09 08:50:52,2018-08-09 14:53:00,2018-08-14 22:28:54,2018-08-16 00:00:00
4fb04008f96cb74d5bd6bbc8600cb3fa,86cc0af6acddf198ff26add9318add1d,delivered,2018-06-23 15:36:52,2018-06-23 15:56:01,2018-06-26 11:36:00,2018-06-29 14:26:45,2018-07-13 00:00:00
2f5c5719818df4d83050dd5174ca0288,1be3deb75d2f1f4fdfbd22c4650136f6,delivered,2017-04-17 10:06:22,2017-04-17 10:22:27,2017-04-18 14:48:18,2017-05-05 14:08:12,2017-05-10 00:00:00
546b9703cec4a0b57e4573d7ded4ae12,2b1aeba2eecc28cc25ea11c0fb348706,delivered,2017-08-05 16:44:46,2017-08-05 17:20:12,2017-08-07 20:26:33,2017-08-15 18:53:01,2017-08-29 00:00:00
a2a3515a501b9b77129df7bff1813e76,6545721ab602f8dd2ed740b17f7ea8a0,delivered,2018-01-24 19:40:07,2018-01-24 19:57:27,2018-01-30 17:57:00,2018-02-25 20:14:41,2018-02-20 00:00:00
c8102ecf69e44a64b993aea77adad664,bdb11f4359b264ea2474110e64a7ec54,delivered,2017-12-22 16:25:57,2017-12-27 04:07:42,2017-12-27 21:14:19,2017-12-30 13:09:44,2018-01-18 00:00:00
3d8add25381cd597c33ad196fda3c36f,896b6dbcf9dbb72a1a2a5c4ba2308eb3,delivered,2018-05-16 11:56:35,2018-05-17 03:34:47,2018-05-18 12:07:00,2018-06-04 18:42:00,2018-06-01 00:00:00
2f1a0775fbeb87d4cc9d66070ce0f897,3cebb5418614be0993ffaab8fd88b066,delivered,2018-02-07 11:26:49,2018-02-07 11:51:18,2018-02-09 00:56:44,2018-02-15 22:29:50,2018-03-06 00:00:00
7dccea198365e4c9f616fbf3eef62fdf,f935073220d9b434fa07ed832985c724,delivered,2018-05-10 18:14:21,2018-05-10 18:30:37,2018-05-11 13:22:00,2018-05-17 21:26:47,2018-05-24 00:00:00
5be2326ca192b2612fd8d601f3981dca,cbcd51a7259d2e00eb88ed4ae42f9da2,delivered,2017-06-04 17:24:58,2017-06-04 17:35:19,2017-06-05 11:09:59,2017-06-12 15:22:23,2017-06-28 00:00:00
48ab980d180764382cfa411d2fb63dc0,d8f5ece0bb8f177a047fad8e3639ffbd,delivered,2017-08-04 13:47:57,2017-08-05 03:10:15,2017-08-08 20:55:11,2017-08-23 19:57:42,2017-09-05 00:00:00
943980abcbc522eb49346398ee2594b4,96530093e1f224383da249e21be5787b,delivered,2018-03-23 21:19:37,2018-03-24 02:10:44,2018-03-28 01:46:58,2018-04-05 15:28:43,2018-04-17 00:00:00
328d856c33d24e8aac1b90367ae7cd3a,5ca2a93c4bf830a3bde999890100180b,delivered,2018-02-23 13:56:37,2018-02-23 14:15:47,2018-02-26 22:43:18,2018-03-14 21:38:47,2018-04-09 00:00:00
f2710c3e65b68cfc927a8aac6ecebe83,88be8e039439308b5ec70c4994293485,delivered,2018-01-04 17:50:02,2018-01-06 09:56:20,2018-01-11 17:09:32,2018-01-16 12:08:07,2018-01-29 00:00:00
ff3a6dc71d198630c018885d4049ef6b,e749ef65bf52337f19fbf21c4b61c53e,delivered,2017-11-16 13:42:46,2017-11-16 13:55:28,2017-11-20 21:51:38,2017-12-07 14:23:31,2017-12-05 00:00:00
b4ec6d93789e37e779f86f3b7a9982e5,a79c3eb63791c42b3c065e2f942d84e5,unavailable,2017-10-10 09:25:47,2017-10-10 09:35:32,,,2017-10-30 00:00:00
3c5261ee6c155b81e82cb5cdc60b045f,36e3ef8fb933d8bb9d41919db6838486,delivered,2017-07-13 19:50:11,2017-07-13 20:04:18,2017-07-17 15:57:37,2017-07-24 19:24:27,2017-08-04 00:00:00
6c913991aedb5977cece1b1865cab730,67183b1b66db8358614f86d20c62294f,delivered,2017-08-08 21:31:55,2017-08-08 21:50:07,2017-08-09 15:33:51,2017-08-16 19:37:48,2017-09-05 00:00:00
214e3e63d08a54a0670daa8ce72df870,4b2c763f9ab82adb060b50e0db39846e,delivered,2018-07-16 18:18:52,2018-07-18 02:55:26,2018-07-27 12:02:00,2018-07-30 19:21:44,2018-07-31 00:00:00
b9c43f56d5318f81019ea0687d34a9ac,4e84e01a198b303ee368e61f8cd7c9a6,delivered,2018-02-07 09:18:05,2018-02-07 09:31:33,2018-02-08 18:58:33,2018-02-16 16:12:42,2018-03-08 00:00:00
ac7be03875c6dcaf9cbe029dceeaf54c,fbd922e9f5bf7801d5158eca21b27c26,delivered,2017-08-14 21:29:09,2017-08-14 22:24:25,2017-08-16 11:59:54,2017-09-05 17:24:18,2017-09-15 00:00:00
332dbacb7e4b30fa11983953ea356627,6200c299ffab28fa4ca572d91c3bfee5,delivered,2018-05-03 23:48:53,2018-05-04 00:12:45,2018-05-04 12:27:00,2018-05-07 15:05:44,2018-05-21 00:00:00
00526a9d4ebde463baee25f386963ddc,5848ef3f994e18c5121d291e0daedc81,delivered,2018-08-07 22:03:44,2018-08-07 22:15:22,2018-08-08 14:11:00,2018-08-16 19:58:24,2018-08-15 00:00:00
52e1b92cb6de5f5bca72b3d73f59d193,60b20675f7175e98930880120692fb08,delivered,2017-11-30 14:00:13,2017-11-30 14:17:30,2017-12-06 18:53:00,2017-12-12 20:49:00,2017-12-27 00:00:00
a809c12014a1497839f797359c3f6d3e,914bc54a99e04ce218bc7ba0c40caa8e,delivered,2017-12-03 23:34:19,2017-12-03 23:54:01,2017-12-04 19:13:04,2018-01-09 01:05:59,2018-01-05 00:00:00
8337da5abde9a018a9ab51bf20aee333,3aa26b0090c89244c07c04d241eb30af,delivered,2017-12-18 10:44:33,2017-12-18 11:51:45,2017-12-21 22:52:36,2017-12-27 18:59:03,2018-01-11 00:00:00
f9a799d2f679685212cad64ee906048d,9192efe29732cd3f91347e6cba770ce3,delivered,2018-03-07 12:43:02,2018-03-08 02:15:42,2018-03-08 23:16:20,2018-03-22 19:39:01,2018-04-09 00:00:00
cd1afe54001178b012be992f11234a8e,d30553b51b521018932b96d1eb08d678,delivered,2017-12-11 18:24:33,2017-12-11 18:36:25,2017-12-14 00:23:47,2017-12-15 21:48:31,2017-12-28 00:00:00
c5496f84549a814974881b9f211c66f0,89a7f5483cc2b2c5c8ac274323a2150a,delivered,2017-08-26 12:25:51,2017-08-26 12:35:19,2017-09-01 19:11:48,2017-09-05 20:53:53,2017-09-18 00:00:00
0a2798cd0ba9166659c07e35ef5eb817,0eff840a67ceab65fe61ccffdb12e3f3,delivered,2017-11-21 12:45:22,2017-11-21 12:57:37,2017-11-23 19:19:07,2017-11-24 19:33:04,2017-12-01 00:00:00
a72ddc1e569249752806276ac7ad97b8,ff3e24884cccf9cf357f9d89890e0370,delivered,2018-02-10 23:14:37,2018-02-11 00:15:29,2018-02-15 22:39:22,2018-02-19 23:59:00,2018-03-14 00:00:00
5339b02466cf3545d79c1b8c2d555faa,f80fc8c638c8616af8789ae5e751ff13,delivered,2017-12-17 18:01:19,2017-12-17 19:13:51,2017-12-20 17:07:55,2018-01-11 00:33:15,2018-01-15 00:00:00
3a1ce4053005d669ac4e0047a13573cf,1d4411212e90d6a24fd2d09f74878b48,delivered,2018-06-25 22:43:44,2018-06-25 23:37:32,2018-06-27 10:04:00,2018-06-28 11:53:43,2018-07-16 00:00:00
b6ada13d6a3410de57d6f0268420de95,b49bc6198b41271f01eb19d926735803,delivered,2017-12-04 21:51:54,2017-12-05 10:30:50,2017-12-06 21:39:30,2017-12-07 19:32:35,2017-12-20 00:00:00
81e54776f3bdf237512b1ceb5337a066,8d6592798ee09cde08208f51e7876083,delivered,2017-03-24 01:10:14,2017-03-24 01:23:39,2017-03-24 14:44:43,2017-03-31 11:03:12,2017-04-17 00:00:00
4dae49f3bd8b5abe8d252762a1c88a1f,0ede3e81d1aaa05d656b0b1214de6763,delivered,2018-04-11 08:38:25,2018-04-12 05:11:25,2018-04-13 22:56:32,2018-04-16 12:05:36,2018-04-23 00:00:00
a9083ea133304692d6ef21706d3a7df6,41f6743f15781c8e8c3ed21c10a52c3e,delivered,2017-04-23 13:20:24,2017-04-23 13:30:15,2017-04-24 14:28:14,2017-05-08 09:31:13,2017-05-15 00:00:00
cf40f4e7a565c0a50f13f0d95f3f3cc0,b86c70a0b240c0af80126a3ae79db4f8,delivered,2018-07-14 19:03:49,2018-07-17 04:32:09,2018-07-18 13:22:00,2018-07-23 16:32:07,2018-08-06 00:00:00
b4afb7b9e849ab4cdaa2bf9994ab7829,3bd20660108e168d60e24b450d49cdfc,delivered,2018-07-02 22:23:00,2018-07-02 22:35:17,2018-07-04 08:40:00,2018-07-05 20:28:53,2018-07-16 00:00:00
f888aadfaf9861131a6b24882e4c5ee4,ead3600e85d8eb332081f04815d0f381,delivered,2017-07-08 15:38:35,2017-07-09 18:30:12,2017-07-11 18:47:48,2017-07-18 17:09:47,2017-07-28 00:00:00
1758ad531fb74f63e2ce97f1791a1325,e10ac1f32d57ca783af63540d3ec375c,delivered,2017-05-24 08:57:47,2017-05-25 02:50:14,2017-05-25 11:56:56,2017-05-31 13:05:28,2017-06-22 00:00:00
3198a007090c3a630beb0fe82d14a0c6,134224848047da7d93f50ce13565f1d1,delivered,2017-05-24 20:02:36,2017-05-25 02:50:19,2017-05-25 09:27:11,2017-06-01 13:15:43,2017-06-27 00:00:00
888c01bfd57017617508bd53797100ed,5ba140f1494030e4f6cdbd7e7a270987,delivered,2018-05-02 19:34:10,2018-05-02 21:18:45,2018-05-04 11:53:00,2018-05-21 20:03:31,2018-06-01 00:00:00
b650d7403dcbd0ea65de939ef388e69a,e826caec2782e3a3787294d13a77c2e8,delivered,2018-05-02 15:28:10,2018-05-02 16:18:52,2018-05-03 07:50:00,2018-05-10 11:49:08,2018-05-23 00:00:00
93ee9cb7db8225691be98c521eac1e28,b9d52ad17ca3a9b3a1b97f8ca19ad4a1,delivered,2017-07-28 12:19:51,2017-07-28 12:30:21,2017-08-04 18:39:29,2017-08-07 19:39:56,2017-08-17 00:00:00
32c9679b14183d04c1ffea3f6e5ae12e,ddf11cd7c5aa41d78e97d674cfa535bf,delivered,2017-03-21 20:23:26,2017-03-26 23:32:33,2017-03-30 13:23:46,2017-04-06 07:27:47,2017-04-11 00:00:00
08bf75dcf867b9f13026785053e87052,f78e8d1d24e5a4f1b1219e6ae1416aca,delivered,2017-08-15 07:55:36,2017-08-15 08:05:24,2017-08-18 20:42:58,2017-08-31 16:59:59,2017-09-08 00:00:00
01c1644529b18608f086d2ff0f3b8181,3c90bb0fba16e889f898e2da1df5fb32,delivered,2018-06-23 09:55:44,2018-06-26 05:12:58,2018-06-26 14:25:00,2018-07-05 20:24:21,2018-08-01 00:00:00
8457694c62d5fbc1a63f67ce1a554cb2,3974a6bc5940a75b412517171f7b3255,delivered,2018-04-03 18:04:01,2018-04-03 18:29:52,2018-04-05 16:12:09,2018-04-09 22:46:36,2018-04-24 00:00:00
7a94606a015a9feffa3b4ac23e84d132,3beec086fc157dbb92da88d3eb62dd4a,delivered,2018-01-31 07:56:18,2018-01-31 13:31:38,2018-02-01 20:22:14,2018-02-09 21:13:19,2018-03-02 00:00:00
24cfb770f308b181cc3ae36ca3d573ad,bd1a3e41c0ddbd5cf6166db3c1c4bfc8,shipped,2017-04-02 01:12:22,2017-04-02 01:22:40,2017-04-03 15:20:52,,2017-04-26 00:00:00
6e4851de3a0a02ee3f21958e7a3a9fb5,474815429e8d4d94b034014057ee55ce,delivered,2017-03-16 20:54:44,2017-03-16 20:54:44,2017-03-20 06:26:42,2017-03-24 13:43:08,2017-04-04 00:00:00
3be081dab4d2bd03cca448a1e0befbd5,47a9436be796bd18a4c1d25e5783d048,delivered,2018-01-08 19:29:06,2018-01-08 19:36:23,2018-01-15 15:18:28,2018-01-25 18:55:46,2018-02-05 00:00:00
c5d3cee440eb83e631a641c4da2ef16f,06c6f4eaf3c4f75577aced1da71c244f,delivered,2018-06-10 23:04:44,2018-06-10 23:15:20,2018-06-11 09:39:00,2018-06-23 17:19:24,2018-07-13 00:00:00
8c389c12aa23b689926d20a01729206d,c8fd59bd341fb70b98b85a0a01e4def0,delivered,2018-03-05 20:13:00,2018-03-05 20:28:46,2018-03-07 23:29:02,2018-03-12 22:37:25,2018-03-26 00:00:00
cd62738b275de1aca104da8e9ee761a8,e3f390f6f590be2be7cc0c05cd54ece6,delivered,2017-11-16 12:18:37,2017-11-16 12:30:41,2017-11-22 21:22:52,2017-11-24 21:02:12,2017-11-29 00:00:00
cfc1cc329b18565c0bdb4aa77d042c93,490bdfaadbbec3b4bed71410e2adbb15,delivered,2018-04-17 15:54:32,2018-04-18 02:11:18,2018-04-24 15:48:25,2018-04-27 17:08:43,2018-05-15 00:00:00
dd74aa86ac49c4818ea173b6a376d8de,2dd21bcff00bdf23764d180e6b65e7c9,delivered,2018-02-03 14:05:15,2018-02-03 14:30:19,2018-02-08 23:57:47,2018-02-26 20:43:20,2018-03-01 00:00:00
670ad1c6fd20977956e8ee2e09f92baa,741599c6251909302172689216fe2930,delivered,2017-06-23 10:38:32,2017-06-23 10:50:18,2017-06-27 07:47:45,2017-07-10 18:18:10,2017-07-19 00:00:00
77ad790bc77b40f61485833a46bb6968,f5011243aef5abc8d53d6956ad074c66,delivered,2017-11-27 09:14:56,2017-11-27 09:31:27,2017-11-29 19:06:59,2017-12-18 20:55:02,2017-12-20 00:00:00
a3beebf1efa956ba70cf01a80c483367,9da570dd0f573074ad3458b7ba281a62,unavailable,2017-10-12 15:15:50,2017-10-12 15:28:10,,,2017-11-06 00:00:00
2b46723e0416af4c04c758c77bbf9279,4ad62a046c967ad05f4f28dcb8e33bff,delivered,2018-08-02 22:07:38,2018-08-02 22:24:21,2018-08-03 15:10:00,2018-08-08 19:21:42,2018-08-13 00:00:00
61c3c1cdd42ccd14931a2fe11d77e2a7,b6113cb31237fc5caac3837be20c02ae,delivered,2018-07-30 10:37:15,2018-07-30 11:31:21,2018-07-31 12:46:00,2018-08-04 17:51:38,2018-08-17 00:00:00
dccb282b858f9b481824964de4cda528,993d3aaa8f72c48c09cfe10946eb7c6b,canceled,2017-08-25 19:10:57,2017-08-29 04:26:12,,,2017-09-20 00:00:00
79847bdf9821dfcc7a036271d0c6044b,ba800c3db2f86dbeddfb9824aa2b35ac,delivered,2018-07-05 09:14:52,2018-07-05 16:31:21,2018-07-05 14:19:00,2018-07-06 17:41:50,2018-07-18 00:00:00
54219c88839d9b1991f5550734f20c9f,c85790678eba7034f14f08ee44c67c21,delivered,2018-05-01 20:55:33,2018-05-01 21:12:25,2018-05-02 15:26:00,2018-05-08 16:38:42,2018-05-25 00:00:00
f8327f59e5ec97d2240579e1dc6dfcdc,e61d98019b18172feeca8225d11ab03a,delivered,2017-12-23 23:49:03,2017-12-27 04:12:36,2017-12-28 18:14:23,2017-12-29 19:52:26,2018-01-15 00:00:00
128a17800e8fc3801c814f3f921418b0,34624f5ee33f25e8192a7654a42ac857,delivered,2018-07-29 17:31:26,2018-07-31 04:05:38,2018-07-31 13:53:00,2018-08-02 17:26:56,2018-08-07 00:00:00
cb668af8e8de760052440b117748f7e6,58825d0631a6ef87590049d67b0a1ad1,delivered,2018-07-18 17:44:28,2018-07-19 02:55:31,2018-07-19 18:04:00,2018-07-26 23:12:35,2018-08-08 00:00:00
b539f51f7cf6a9c1a871d2bb898cdd27,590e0ece7d320dac89d029c8b3b9f23a,delivered,2018-08-16 17:56:44,2018-08-16 18:10:29,2018-08-17 14:20:00,2018-08-22 13:34:45,2018-08-31 00:00:00
263a9500469f59675e1b68ea13bc8b2a,62a7a460fd87aa9e89758b60db626a9d,delivered,2017-10-10 10:33:56,2017-10-11 03:14:44,2017-10-16 18:11:52,2017-10-21 13:48:46,2017-10-27 00:00:00
53d87cd7f6e019f2691e10d60fb10932,0bf7fba27a51200f1752bedc3fbd2628,delivered,2018-03-31 10:41:36,2018-03-31 10:50:12,2018-04-02 20:18:28,2018-04-12 19:22:19,2018-04-18 00:00:00
aa7d642fecef401c80602a4dcb0a82ac,b2b6a80eb03f1c08201222ebdc059442,delivered,2017-12-19 22:53:14,2017-12-21 06:49:24,2017-12-27 16:39:21,2018-01-06 14:57:16,2018-01-29 00:00:00
7860e9b8501efdbdc0be993136da3c52,fce71f731eee55cf8aa62f8fcd6c43bd,delivered,2017-05-22 13:47:12,2017-05-22 13:55:21,2017-05-22 14:56:53,2017-06-01 15:53:59,2017-06-13 00:00:00
87049d4b9b8517e7f78b3724f698c4a1,7b87e4074ae4ee57ef2f7a7df19fd937,delivered,2018-07-05 11:26:52,2018-07-05 12:30:43,2018-07-05 14:25:00,2018-07-07 11:40:56,2018-07-19 00:00:00
7d513824c667a2e85bbf10cb740bf289,2a6d528bdc943b263029c518703f5367,delivered,2018-03-29 22:10:38,2018-03-29 22:26:46,2018-04-16 13:44:58,2018-04-23 22:42:06,2018-05-03 00:00:00
65320cb291f4cacd8b0114a29eafa4c7,28802391b537abb352ee02f689cc7abc,delivered,2017-05-24 18:39:05,2017-05-24 18:55:17,2017-05-26 09:59:30,2017-05-29 14:11:53,2017-06-07 00:00:00
25343b5d23ba1a73d782fa405c9a5886,ad44127de955ed1bf705d59c99a27163,delivered,2017-11-21 16:47:11,2017-11-21 16:57:21,2017-11-22 19:32:50,2017-11-30 18:38:31,2017-12-13 00:00:00
da792ccf2fb581023240f57c7ad5c14a,02ddfa173e4b48752e94d36f0a12872c,delivered,2017-10-15 15:59:05,2017-10-15 16:14:58,2017-10-16 19:13:56,2017-10-19 21:03:30,2017-11-07 00:00:00
d1c2348d6bb4417cb581eb1d530ae66c,13f36458253f2a3f64986d7f918df945,delivered,2017-06-04 23:24:36,2017-06-04 23:35:10,2017-06-12 12:45:12,2017-06-19 19:18:40,2017-06-30 00:00:00
750a504dabdd1c0910ec98db80d14ea2,6327876b7962247ee1bc5ed656164735,delivered,2017-07-24 20:24:41,2017-07-24 20:35:23,2017-07-26 03:11:58,2017-07-31 21:57:33,2017-08-15 00:00:00
7c6a24cab7128145feb51412987798c6,1726600c085f65e9200ef2b46f28c58a,delivered,2018-07-16 17:58:34,2018-07-18 02:45:23,2018-07-18 12:08:00,2018-07-23 19:59:33,2018-07-31 00:00:00
81ae37f8ac6c04f48ac5a71303729abe,3ac3d7c491b558c46250c70bf4d7d5f4,delivered,2017-03-24 10:28:01,2017-03-24 10:45:08,2017-03-24 13:29:42,2017-03-28 13:48:10,2017-04-12 00:00:00
22929eca5fe4738503a332952b9bfbab,6bba8cfa429c7e0de271fd8240e49d21,delivered,2017-02-01 14:17:10,2017-02-01 14:25:17,2017-02-01 15:27:28,2017-02-10 08:18:34,2017-03-02 00:00:00
9036c3ce0a28353732668a2822a0a1c8,a22f714930974165c998fb8e86250203,delivered,2018-06-05 09:02:27,2018-06-07 02:55:00,2018-06-07 09:55:00,2018-06-20 01:22:01,2018-07-16 00:00:00
73aca43a4a4709c819920271b2743341,83ed4f17f63c452ca60253582bd3553e,delivered,2017-02-06 14:38:16,2017-02-06 14:50:18,2017-02-07 08:53:56,2017-02-21 06:31:49,2017-03-13 00:00:00
ceae0f133957c3337b7f630eb8bf80d9,026ae2477af95b832998d23578eb4336,delivered,2018-07-15 10:46:59,2018-07-15 11:04:08,2018-07-16 13:41:00,2018-07-20 15:24:37,2018-08-07 00:00:00
aca3b492e82b71863328c4c288861ca2,9be914d71f87403b18d4008de773d816,delivered,2018-02-27 22:35:46,2018-02-27 22:48:15,2018-03-09 22:09:38,2018-03-14 21:06:57,2018-03-27 00:00:00
e8a1a86a8e4605d1b538931af504d864,21f9e4f6dbf8b54c4d66b6fcb3c2d837,delivered,2017-05-18 11:17:59,2017-05-18 13:05:57,2017-05-18 14:16:49,2017-05-26 12:34:48,2017-06-09 00:00:00
bfd57b73f299e0d78761611486a49de9,a20aec4e64fc5b7ae68c9648c147a324,delivered,2018-07-25 09:46:22,2018-07-26 06:45:10,2018-07-27 14:12:00,2018-07-31 16:58:55,2018-08-15 00:00:00
4479256715e46f9c6ec0402a14889a5b,efe0f347fe4acd9f2fc67cad55efdd91,delivered,2018-04-12 16:06:54,2018-04-14 02:15:35,2018-04-16 16:19:14,2018-05-02 22:58:39,2018-05-11 00:00:00
424e1ceb3de9ad0df2ae67ce62d75bce,ac5d9952787cc10cb1cee5d1f68c0b4d,delivered,2017-03-13 09:40:32,2017-03-13 09:40:32,2017-03-16 11:26:44,2017-03-22 14:14:42,2017-04-03 00:00:00
93e89f81c82a22b8095dd19f7f973abe,212a8577b07fe0659c5eb09277983ae3,delivered,2018-02-16 09:46:37,2018-02-17 03:35:32,2018-02-19 23:03:42,2018-02-23 21:13:22,2018-03-09 00:00:00
d9a7926047f158ca6ab53261baaef77b,1ace86e495109913f0b2700bd7247b61,delivered,2017-11-07 15:28:27,2017-11-08 03:26:39,2017-11-10 20:18:37,2017-11-16 21:34:34,2017-12-04 00:00:00
0f38051157b7ad1d4e0b6c5d20de6ae7,af1f25102280108074d2a310ffe4bd1e,delivered,2018-07-31 12:06:37,2018-08-01 02:35:12,2018-08-02 14:54:00,2018-08-06 16:14:38,2018-08-15 00:00:00
cc008d324278200689ee451a547b97c3,35c8b0889f907434cf3cc776569ba7e2,delivered,2017-02-01 12:34:54,2017-02-01 12:54:06,2017-02-06 08:37:51,2017-02-08 15:45:29,2017-03-08 00:00:00
8497feec743d70689576b2849a5ae95f,1846f31738b622a163fe57dd41f2df49,delivered,2018-01-17 22:12:44,2018-01-17 22:29:52,2018-01-19 00:19:01,2018-01-26 22:36:27,2018-02-07 00:00:00
189ba95d81c72d1250e45df72f8acaa4,dee1a312a2edd8671e8885825cbdd2a1,delivered,2018-04-26 00:40:25,2018-04-26 03:30:52,2018-04-27 15:34:00,2018-06-28 16:03:56,2018-05-21 00:00:00
d4295c2cfed0fb943b1354de24b47726,7ca386d94fad690a5c2db60793eaf51e,delivered,2018-04-18 21:10:15,2018-04-18 21:30:39,2018-04-19 18:51:50,2018-05-03 17:36:42,2018-05-17 00:00:00
b97ca4dfeb3b285bbbd1e7a528beba92,68fb4226ef248268b7c3d7effd5d7613,delivered,2018-05-17 21:55:40,2018-05-18 02:54:26,2018-05-23 06:29:00,2018-06-04 17:46:42,2018-06-05 00:00:00
742a36775534b588ed2a62ba4c2d9cd7,b3137029b6e1d3d2e172a8725c0d3e5b,delivered,2017-07-28 09:45:54,2017-07-29 02:23:30,2017-07-31 14:27:28,2017-08-12 11:33:14,2017-08-17 00:00:00
dcb6b3a5dfe3c868690d213b263b6dc8,18ea52dddd0eb6548f78b6a3545ed9a6,delivered,2018-05-04 15:04:35,2018-05-04 15:33:17,2018-05-07 15:23:00,2018-05-09 17:12:13,2018-05-23 00:00:00
354a5b90cf468691c4b06debfd2c8115,e879d9cc471ab8feafa1056998e6ec95,delivered,2017-01-28 20:01:21,2017-01-28 20:31:32,2017-01-30 08:27:47,2017-02-15 18:47:34,2017-03-20 00:00:00
d95c7210ba7d2249083e45536f2d0a27,50c3d604564366cc6e2e3e920cfe6a36,delivered,2017-11-09 16:05:47,2017-11-09 16:26:32,2017-11-23 22:15:04,2017-11-26 17:17:05,2017-12-05 00:00:00
8ae04dfbb6a99bc4d4871edc08bf8ee8,69669ffeb8cceacaeba748ae8e50af0b,delivered,2017-11-24 19:30:37,2017-11-24 22:54:08,2017-11-28 20:34:07,2017-11-30 14:42:30,2017-12-08 00:00:00
9c9353e8fd52f68f8442e580b5f2bba6,6430b9e20f8b2acf27b7cb72406d0c87,delivered,2018-02-27 21:30:27,2018-02-27 21:49:00,2018-03-05 17:36:49,2018-03-23 19:38:52,2018-03-21 00:00:00
5e52347cf930a594b49921ee25d22742,9745530bf7ae3bd09df91feac9b7b827,delivered,2018-02-27 18:40:51,2018-02-28 18:35:31,2018-03-01 20:17:03,2018-03-27 01:48:22,2018-03-19 00:00:00
497ce9c1558c455c54cdc09e3f5e961a,a311ee3ace919e91f7bfe39b98976f57,delivered,2018-04-21 11:52:23,2018-04-24 18:33:23,2018-04-23 22:39:29,2018-04-30 18:44:30,2018-05-16 00:00:00
670c2c5576afd689e7694569bd7a16fc,6b59b00f6c51f03f0b371c2942315fa6,delivered,2017-11-09 10:56:48,2017-11-10 02:56:52,2017-11-16 18:27:08,2017-12-04 23:28:33,2017-12-01 00:00:00
8b06c6beb946868da80b3d6c18d20917,02628c7e9eed8af6043c70257a7a87c1,delivered,2018-05-13 18:47:14,2018-05-14 18:49:55,2018-05-15 13:38:00,2018-05-24 12:41:15,2018-06-07 00:00:00
35cf1961f10100bb2198e4f935ab4173,c57e8c7a4bcef288ef247e0641416bee,delivered,2018-03-02 22:26:28,2018-03-02 22:49:02,2018-03-06 18:59:05,2018-04-03 01:03:09,2018-03-23 00:00:00
7a0698ce87fc4cd3e171e7361f0bc0b5,95b18ed2e0c4328d80daed9047b6d995,delivered,2018-06-20 12:39:18,2018-06-20 13:21:08,2018-06-22 16:22:00,2018-06-28 18:12:24,2018-07-16 00:00:00
74d9e9683c40581c6efb5d3ef994c902,870a2ecbfbb1a8ab339c721efb886732,delivered,2018-08-10 10:33:46,2018-08-14 05:44:10,2018-08-14 14:33:00,2018-08-23 18:56:23,2018-08-15 00:00:00
befe8fab6c34f5861b73a3645ce38e24,348e683217ee0e2946f846ba75105e62,delivered,2018-04-28 01:48:54,2018-04-28 02:11:14,2018-04-30 15:24:00,2018-05-09 15:09:45,2018-05-23 00:00:00
a9ef90b7e8572edf6aa35360c03236e5,668a13c83c83233ec67fd29942380da7,delivered,2018-08-18 15:27:43,2018-08-20 16:35:27,2018-08-22 13:20:00,2018-08-27 21:11:51,2018-09-04 00:00:00
d014768ef3626e852218e98382169840,22210021ead9f4ebb1968130b654d092,delivered,2018-05-11 19:18:34,2018-05-11 19:50:39,2018-05-18 16:46:00,2018-06-07 14:24:47,2018-06-11 00:00:00
58862b6204545c832643872387966329,4f55026e18d09fba60a3a17c63761094,delivered,2018-08-08 19:23:00,2018-08-08 19:35:18,2018-08-09 12:35:00,2018-08-17 18:11:06,2018-09-14 00:00:00
baed56f3eda9223b74c6cf175f05678e,a5efc13305474c8a533b4222cb176d4f,delivered,2018-03-21 15:06:40,2018-03-23 02:15:31,2018-03-23 22:58:43,2018-04-09 15:42:09,2018-05-04 00:00:00
575cf745e50a19f7d43cb7831c5c76ed,4dc6615418c35ea2ba535531549b13ed,delivered,2018-04-05 22:35:47,2018-04-06 18:50:13,2018-04-09 19:32:10,2018-04-10 11:35:47,2018-04-20 00:00:00
2bc4e677f1913a63cf631fa0e18c1525,7f808ce649c66a61c4a2ef4a19c2e86d,delivered,2017-10-22 17:26:41,2017-10-22 17:49:08,2017-10-23 19:48:51,2017-10-24 22:42:56,2017-11-03 00:00:00
4eb3a441cbc81bd1c7d4449e569ae605,79a8a1cf74f02d3c312f7543733b8c85,delivered,2017-03-05 23:01:56,2017-03-05 23:10:20,2017-03-07 06:57:52,2017-03-15 15:11:54,2017-03-23 00:00:00
084420ecc28fd09f04b4d0c5fa9929e1,90ba3da08cd3de66690ac220e19e6cc3,delivered,2017-05-23 13:53:50,2017-05-23 14:03:21,2017-05-24 09:03:21,2017-06-08 14:03:12,2017-06-23 00:00:00
0646e0e4885dd8c69dddd6b2742b3b1b,c1f4934a2867529428088c9305287625,delivered,2018-02-07 14:58:06,2018-02-07 15:11:18,2018-02-08 23:22:02,2018-02-21 16:28:55,2018-03-13 00:00:00
529a65336debb1c3e3327d7d67dc733d,37b891af1e46170207e5e0dcb2f88dd8,delivered,2018-08-22 18:47:03,2018-08-22 19:04:29,2018-08-23 12:08:00,2018-08-30 20:51:26,2018-09-14 00:00:00
054d2d649e0904dbf1f19399094f2826,487a1ff2c6a61d9df9dcd8a94c3914c2,delivered,2018-01-10 15:54:50,2018-01-10 16:10:08,2018-01-11 18:39:53,2018-01-17 22:21:38,2018-02-05 00:00:00
f1495dcc4cf8d4ec585f058cedc68356,0fbcccee7916948cfe0c96fc1d19ea00,delivered,2018-07-16 00:05:26,2018-07-18 03:31:08,2018-07-20 14:06:00,2018-07-25 12:26:56,2018-07-30 00:00:00
f44845a8eeec9bf829093ad92c846c09,507928d99b23819eb6e79e0772dbbadf,delivered,2018-07-11 13:32:28,2018-07-11 13:50:22,2018-07-12 15:33:00,2018-07-25 01:21:59,2018-08-08 00:00:00
777e839a3f71170e58385675ce610501,776f08a4e825c406004d9e30e2096d17,delivered,2018-08-05 18:05:07,2018-08-05 18:15:20,2018-08-07 12:54:00,2018-08-14 17:54:42,2018-08-27 00:00:00
2ba6f4043547bc847cc055c975cb57cf,af204ae44962575977140c5d3a95b680,delivered,2017-06-25 10:33:52,2017-06-25 10:45:10,2017-06-27 13:36:19,2017-07-04 18:47:40,2017-07-18 00:00:00
dd8532619e81337caf4ddc77fb34d981,4c82b862da252196bc8936f210aadc8b,unavailable,2017-05-15 10:58:15,2017-05-15 11:10:15,,,2017-06-02 00:00:00
1782944168d9dc2fcfd025bc44d898c8,9a033d3ece10a355d14111f8dabc115a,delivered,2017-03-15 01:34:41,2017-03-15 01:34:41,2017-03-15 14:03:15,2017-03-20 14:41:56,2017-04-03 00:00:00
76b5a5fc007406c38125f8d12147093f,0a69a5c6297718d8964fba58fbb675e7,delivered,2018-03-11 20:54:38,2018-03-11 21:28:13,2018-03-13 12:48:41,2018-03-14 22:38:42,2018-03-22 00:00:00
7aaffbd34cee1970afc42ae26489ca31,8e9bb73ffd143cbd9ac3766df76aaef9,delivered,2017-03-20 14:45:56,2017-03-20 14:45:56,2017-03-23 15:59:52,2017-04-03 14:08:22,2017-04-11 00:00:00
d3506e0ae259db768a156a6c229b7f81,2005babe96a6efae53dbae29be5e5f39,delivered,2017-07-14 17:02:43,2017-07-14 17:15:18,2017-07-18 19:04:00,2017-07-24 21:27:52,2017-08-03 00:00:00
3e4875148a652a619d8615653b4c8e3c,64e2ba6c3e485261327eedd7e735765d,delivered,2017-11-26 15:05:37,2017-11-26 15:15:01,2017-11-27 19:12:34,2017-11-29 12:36:47,2017-12-11 00:00:00
5c9a0939b9e4b6d310a738b443bd44e2,0e67345e8ee5736220fb34c1109f125e,delivered,2018-01-22 20:12:29,2018-01-22 20:34:01,2018-01-23 16:14:11,2018-01-30 18:21:29,2018-02-14 00:00:00
4b9e3d73bc7731420bb3f45c2cec9ed7,4478c8dc1d77c1bfec4e97fda085f15e,delivered,2018-03-28 11:31:00,2018-03-28 11:47:56,2018-03-29 18:27:25,2018-04-19 04:48:45,2018-04-18 00:00:00
29d0c2dcd3c5d5fc8737f0b81bea7304,e4d5a32cc316be61bb51af386f67ba08,delivered,2018-05-10 08:36:03,2018-05-10 08:55:44,2018-05-10 15:47:00,2018-05-11 19:33:10,2018-05-24 00:00:00
940d6ffb9723c1e13bd69d602c34dce3,5fab3587c62eb407975fa62dc9f9559d,delivered,2017-11-23 18:41:57,2017-11-23 18:49:29,2017-11-25 00:34:34,2017-12-07 19:19:08,2017-12-18 00:00:00
01d48ed99667ce49eaeaa7980a31b987,2e704319d4930866cfa99a7508fe0351,delivered,2018-03-08 09:31:11,2018-03-08 09:48:57,2018-03-09 00:10:31,2018-04-10 23:11:49,2018-03-27 00:00:00
a0148d30bd60b1529214a696f8be8aea,c2a42c6cf2c1a14683e01d64890e8ae5,delivered,2017-07-18 11:20:53,2017-07-18 11:30:24,2017-07-19 19:33:39,2017-08-23 17:42:59,2017-08-11 00:00:00
0dfa1a2ce4218fe50a09559609703829,42dd96f61bdf4275466cf845a61d184f,delivered,2018-06-23 21:57:52,2018-06-24 21:58:36,2018-06-25 19:39:00,2018-06-26 17:12:18,2018-07-05 00:00:00
de8d425cef1f6b298913e9fc0c451d6f,52ad40cad13b4152d0c6ccefa638d646,delivered,2017-06-06 10:56:26,2017-06-06 11:05:12,2017-06-08 13:50:16,2017-06-14 14:58:43,2017-06-27 00:00:00
abb72024277f9d7ed4a0dec9cbe56e03,9f1842d0065029e551b25e200cdae591,delivered,2018-06-23 20:13:15,2018-06-23 20:36:12,2018-06-25 13:43:00,2018-07-02 22:56:40,2018-07-26 00:00:00
ee708af463026757088ec8811920ad51,f943587b68f16e53870a00ce97931e54,delivered,2017-07-06 14:09:46,2017-07-06 14:23:40,2017-07-11 14:37:54,2017-07-14 21:05:39,2017-07-28 00:00:00
deef94d95b5cf9c23e10621ad71a96b2,d5d4cab5f11cc0e7d3c3882091d815c7,delivered,2017-03-18 11:40:26,2017-03-18 11:40:26,2017-03-22 09:14:39,2017-03-27 12:56:01,2017-04-06 00:00:00
29e364dfcbd17d9ebd50456ac1cdd335,4b4e11c84fed713098490bfed5839f33,delivered,2018-02-05 22:14:39,2018-02-05 22:30:30,2018-02-06 21:07:57,2018-02-17 14:08:11,2018-03-05 00:00:00
27dc874d0fc1a19c74ec77ca706be968,f70caac357fd937a7c229b019eec9110,delivered,2018-07-02 07:52:38,2018-07-02 08:10:11,2018-07-03 12:53:00,2018-07-04 22:03:25,2018-07-18 00:00:00
4d2280f2d019f91aa6cb3e4e4188d984,2832de5584863f66a54e271f2988811c,delivered,2017-10-18 14:13:08,2017-10-18 14:28:17,2017-10-19 14:48:38,2017-11-27 11:59:00,2017-11-16 00:00:00
3328fcf7fefe319b350bec31d74bfd46,47ef3da26d1d60abc77a2a3eb050991c,delivered,2018-01-24 12:15:01,2018-01-25 12:18:59,2018-01-30 00:58:51,2018-02-19 22:32:08,2018-02-21 00:00:00
98c977c116f7779360e9fecffd3860b6,e144d625b739ab69821471cc91327926,delivered,2017-08-28 20:24:52,2017-08-28 20:44:54,2017-08-29 18:42:19,2017-08-30 13:27:51,2017-09-08 00:00:00
d82255dd8d216b8577f8f2527ce817a1,65d82c4a61c5d879633df01f1352ba2a,delivered,2018-05-03 11:05:17,2018-05-03 12:32:12,2018-05-09 14:11:00,2018-05-24 21:44:23,2018-06-04 00:00:00
aeb6c6dcbb894bc3055802e5a7c5d271,58636319a78146d1c98f4602f0839597,delivered,2017-12-31 02:09:21,2017-12-31 02:27:25,2018-01-02 19:21:44,2018-01-08 20:30:35,2018-01-30 00:00:00
7e77eb1830c5ca91d26012b8e0fed483,d4a482cbaeecc8d8bf7c2e5d38fc5898,delivered,2017-12-15 11:24:06,2017-12-16 02:51:45,2017-12-19 20:04:31,2018-01-11 19:04:24,2018-01-11 00:00:00
0e6cacd64f68d4bc8b0cd488367ac297,dade98c46f47b797913babfbda567f24,delivered,2017-12-03 22:53:14,2017-12-03 23:30:58,2017-12-04 18:12:19,2017-12-13 01:13:03,2018-01-02 00:00:00
132ab6f8e1c86c21b064ee8832129bb1,78d5661572968e9b17462be561afa42c,delivered,2018-08-17 16:53:48,2018-08-21 04:35:20,2018-08-22 08:07:00,2018-08-27 23:32:33,2018-09-12 00:00:00
8030ea400239674937d96cff6bf0c321,fd49e9ce1d624c2b1dab02c05ae03838,delivered,2018-01-11 18:24:34,2018-01-11 18:33:43,2018-01-17 21:07:11,2018-02-08 17:57:41,2018-02-14 00:00:00
7d38d0b8ab96504f2f2058ac3f01710f,16b1ae6ede88a77e625443ab2ae0da09,delivered,2018-07-06 20:27:56,2018-07-06 20:50:56,2018-07-10 11:30:00,2018-07-14 14:12:34,2018-08-09 00:00:00
e6461bf12e723ae0324f5248219b54e6,989ef866c6bb297451a72dfc2ccfed23,delivered,2017-12-02 20:28:47,2017-12-05 09:30:54,2017-12-06 00:09:20,2018-01-04 22:36:54,2018-01-10 00:00:00
8e83e34d39ed0235b3460da4bd082fc8,08e9e9af9d6d0393d4f6b8c331adc6e7,delivered,2018-07-19 23:57:54,2018-07-20 00:10:13,2018-07-24 16:00:00,2018-07-27 15:26:46,2018-08-14 00:00:00
5d0d28b0a5db80fe44a0ac53bdb979dc,61fad79bfe55baa042c5fe91d8aa337f,delivered,2018-05-12 10:22:05,2018-05-12 10:35:21,2018-05-15 15:03:00,2018-05-18 20:49:36,2018-05-28 00:00:00
22caa724849d26dec4cd73ffc70bc133,983286740ff2d1fd74d499fd1a711de7,delivered,2018-06-20 16:51:23,2018-06-20 17:21:20,2018-06-21 12:51:00,2018-06-28 13:48:32,2018-07-17 00:00:00
4e5128aa6e63f380424a245a12444fae,e6e13fc085719134e62cd5f74902b352,delivered,2017-11-16 14:21:52,2017-11-16 14:35:27,2017-11-17 16:58:24,2017-11-24 19:04:38,2017-12-08 00:00:00
d5b98f30a5e1df17359cc0588f14b5ae,605290d36a17bf44c7f1cd478338e0a9,delivered,2018-03-20 08:59:49,2018-03-21 02:51:02,2018-03-26 23:19:34,2018-03-29 02:33:33,2018-04-02 00:00:00
418b064f8c759c498dff85001d3428f7,5eed10cc8c372ca465dd35f531fd0338,delivered,2018-06-04 09:35:03,2018-06-05 09:32:29,2018-06-05 11:51:00,2018-06-11 20:37:42,2018-07-11 00:00:00
8bc835be169be964f492f42b517b0a3c,d9919a807634bcd9e9e474117595f7d9,delivered,2017-12-01 12:30:13,2017-12-01 12:38:39,2017-12-08 03:07:03,2017-12-12 23:24:51,2018-01-03 00:00:00
fe9fae71b4fa7d05f1934adc54391f8d,fa9db18cb6fd65d306a4d710799111a8,canceled,2018-02-15 15:28:12,2018-02-15 15:46:54,2018-02-21 19:59:14,,2018-03-07 00:00:00
88341acc29a62edca27bdefc22a97670,796250d5ab26277f5ae5951b76056972,delivered,2017-06-28 10:30:03,2017-06-29 10:35:20,2017-06-29 13:58:17,2017-07-10 20:02:53,2017-07-21 00:00:00
fc94ca74e236e7bad0e7a33cd62dc474,a807bd3f8b7f9925b6eb9d07c0f3387a,delivered,2017-05-08 13:12:30,2017-05-08 13:25:23,2017-05-09 13:27:34,2017-05-23 10:27:42,2017-05-31 00:00:00
97400d97515bc5f8457c78d57a53ee5c,358f8584c61ba2913efea575fcbbcf53,delivered,2018-01-26 10:07:25,2018-01-26 10:19:16,2018-01-26 22:33:20,2018-02-08 17:47:33,2018-03-06 00:00:00
e5ee38b54f1a799f6e122d67768cc1b2,225ebef5545fbebaf3d70c1c460a5859,delivered,2017-12-23 16:28:14,2017-12-23 16:37:23,2017-12-26 18:04:16,2018-01-11 16:13:33,2018-01-31 00:00:00
2eeb8e6a0c5f3787936ab06ff6dfc54f,6c3e9edd435212d79004e2328c4fe0ba,delivered,2017-11-06 12:03:52,2017-11-06 14:33:30,2017-11-09 18:14:57,2017-11-10 20:56:57,2017-11-22 00:00:00
5492e5f6cccb69b3bfb5b0c1242e69b4,b590f36d80cdf38b073103b882dcb2b3,delivered,2018-06-27 14:20:22,2018-06-27 14:32:24,2018-06-28 09:04:00,2018-07-05 14:48:10,2018-07-19 00:00:00
94257b7c9b794f53994f042c218d8799,6d036be2310d04cd23d731538e7379df,delivered,2017-06-24 19:28:58,2017-06-27 03:55:21,2017-06-29 14:38:30,2017-07-05 17:03:08,2017-07-26 00:00:00
560691faf05a5433e9617b9582948175,d6658fb848aa2854c95128fd08d39c52,delivered,2018-05-09 22:32:05,2018-05-11 03:10:29,2018-05-11 15:02:00,2018-05-14 19:27:28,2018-05-17 00:00:00
f7a395a125a7e8815b2b8c19bcfd6967,0ed7a6b94c234ca60cb9c4812c1fd044,delivered,2017-04-15 18:35:59,2017-04-15 18:45:15,2017-04-19 07:37:56,2017-05-03 14:09:45,2017-05-24 00:00:00
d9e44c3fd2ce16086619f299e92e12d8,213573df8c484028f3492fa3548074da,delivered,2017-05-06 20:11:10,2017-05-06 20:22:14,2017-05-10 10:08:52,2017-05-17 17:34:14,2017-06-02 00:00:00
96acc057158c055d3508b8379df12cea,d29d92e86e87e8732c9558570df752ca,delivered,2018-07-10 09:46:48,2018-07-10 09:55:16,2018-07-10 15:06:00,2018-07-13 00:06:52,2018-07-18 00:00:00
40753325f836f577dd8bab3f0e5807e6,e13f009104ff6db9e8722ff60788a3c7,delivered,2018-08-16 20:34:10,2018-08-16 20:49:42,2018-08-17 14:43:00,2018-08-23 00:12:09,2018-08-27 00:00:00
aa9216f0e8af39eb6edc7e44fafabb41,24ef921a5c32a36263d909a364456f0f,delivered,2017-07-30 18:06:08,2017-07-30 18:15:25,2017-08-01 13:06:02,2017-08-04 20:07:42,2017-08-23 00:00:00
74fedc6aa056c9359846751fe21a8676,eddc5ddb5496488dfdf0c96258861610,delivered,2018-07-13 08:47:39,2018-07-13 09:04:01,2018-07-24 16:07:00,2018-07-27 19:24:53,2018-08-06 00:00:00
1397417a57ad1bbfe8d639df8cdee908,fc9fdbf5a26b1399e70bb3666cf7f9e6,delivered,2018-07-02 18:16:59,2018-07-02 18:31:03,2018-07-03 15:06:00,2018-07-09 22:32:16,2018-08-09 00:00:00
0286dd0f954cb641dc3eb5db5e4467e6,f098b709bc90c53838898e66da197e4a,delivered,2017-12-09 09:40:48,2017-12-12 04:09:22,2017-12-13 19:47:59,2017-12-21 21:16:58,2018-01-10 00:00:00
50dd2a49e14604137b84567d5c9e0c8c,1ede25f1583f9a3a558b5a69f1931459,delivered,2017-07-01 16:52:31,2017-07-01 17:05:07,2017-07-10 19:48:02,2017-07-14 18:14:48,2017-07-21 00:00:00
aaa6f66c3f76dbaecfc60183d6a248ed,c353c61f1db7085071135afad6006ff3,delivered,2018-04-13 21:11:12,2018-04-13 21:32:33,2018-04-17 19:02:56,2018-04-25 19:42:20,2018-05-16 00:00:00
69b018bee00243bd10c2f8634e068f78,143352eb1597de8926f839bf52f82ea0,delivered,2018-03-12 11:25:04,2018-03-12 12:35:31,2018-03-14 16:04:58,2018-04-27 23:12:43,2018-04-03 00:00:00
fb11e3f2905ee0f75ef24f40def76252,1ce361e264c832e9920f1000dd243982,delivered,2017-03-19 18:25:15,2017-03-19 18:25:15,2017-03-20 10:14:17,2017-03-22 06:17:51,2017-04-10 00:00:00
493ba21a937e956c5e0e4e26c9f1b7f9,408d74d06be5d5140bb933f248de1342,delivered,2018-07-15 09:56:32,2018-07-16 13:30:36,2018-07-27 07:26:00,2018-08-02 18:06:41,2018-07-26 00:00:00
beecb33087d159cc2dc627ff4a1fb9e1,83730488524b0398123e465b5b9b3e7b,delivered,2018-01-21 01:39:34,2018-01-23 03:52:42,2018-01-26 20:27:05,2018-02-05 13:29:43,2018-02-15 00:00:00
15b9bbc3bfc272e14a8da450ed7867c2,8242a1cee3edc3b94095009410aa4118,delivered,2018-05-15 14:07:20,2018-05-15 14:35:33,2018-05-24 12:24:00,2018-06-10 18:17:40,2018-06-08 00:00:00
e630382ebe09e682fd9032c7d269f62b,f41cd30821b697ff6f6e7795504222e9,delivered,2018-03-30 10:50:57,2018-03-30 11:30:20,2018-04-04 01:16:42,2018-04-12 10:38:38,2018-04-25 00:00:00
b5968d622fd956659480afc3320a104e,322f2569c4dca8ee5119d0714fc09c1e,delivered,2018-01-10 21:06:26,2018-01-10 21:13:26,2018-01-15 17:35:34,2018-01-27 14:37:48,2018-02-02 00:00:00
de0daebf5103477af7117c12c057b772,b6dcf411c45cbe8e176562028c22851f,delivered,2018-06-08 14:24:32,2018-06-08 16:30:51,2018-06-11 11:49:00,2018-06-12 17:38:53,2018-06-19 00:00:00
881a5cda3b897b035971e3fcfce58aa6,aabb289abf4c3277937c216d0729f36d,canceled,2018-01-31 16:16:21,2018-01-31 16:34:19,2018-02-02 19:04:47,,2018-03-01 00:00:00
1ea7acde8dacf11a098d0b85b13cdc0e,281fb8b9868caf9889214e5a8d56e271,delivered,2017-10-27 16:21:02,2017-10-27 17:31:13,2017-11-01 00:07:57,2017-11-06 20:17:37,2017-11-22 00:00:00
84ce3bfa332a0a5e57045f91f6dce21e,bbb9f5a943f8a29dfe08dfa1d45b1415,delivered,2017-07-29 00:23:27,2017-07-29 00:36:52,2017-08-02 19:17:45,2017-08-10 21:27:55,2017-08-21 00:00:00
84f5e6c0a0e3155e38c00f434ba90ce8,0cecd74a34f636f301b750123dd4dd3c,delivered,2017-05-06 20:11:11,2017-05-06 20:22:13,2017-05-10 09:47:45,2017-05-17 14:03:42,2017-06-02 00:00:00
d56e764f8fe72cb1656efbbc36d504d1,ec33d3fc0f4da0b41f352f62cbaed8dd,delivered,2018-06-13 08:46:13,2018-06-13 09:15:35,2018-06-18 15:49:00,2018-06-22 21:54:45,2018-07-18 00:00:00
aa9b1d8c2b53c8780216ea7c3b88452f,37dab02dba724717bf07e823bcc44742,delivered,2017-04-10 16:44:31,2017-04-10 16:55:19,2017-04-12 16:08:12,2017-05-05 06:27:42,2017-05-08 00:00:00
bfa75f5b708094727e17ff4ec9bb4f1c,28450048348e99f41971dec6257cf532,delivered,2018-05-24 11:07:06,2018-05-24 11:39:07,2018-05-24 18:24:00,2018-05-25 12:24:43,2018-06-11 00:00:00
8c0af913eb525b355c4997a2a4166696,c54541b6572fbb34622dad2c048ecac0,delivered,2018-01-06 15:01:01,2018-01-09 07:26:38,2018-01-09 23:44:09,2018-01-23 22:43:14,2018-02-09 00:00:00
c36722bf525388104790764a7917ca07,c37e1557e41bd2262d75e5b12712720f,delivered,2017-05-09 14:38:16,2017-05-09 14:50:19,2017-05-10 09:25:47,2017-05-15 13:56:42,2017-05-31 00:00:00
0900f1b09f4249e09ce4735618757707,3e67e5961d248ae6376ee09203e05e83,delivered,2018-06-20 16:47:24,2018-06-21 03:17:56,2018-06-22 14:11:00,2018-06-29 12:11:36,2018-07-17 00:00:00
05ad4f359a4235a593f41f0533fe0457,8963214440da51e55f9662749ddb81c7,delivered,2017-08-25 20:53:06,2017-08-25 21:05:19,2017-08-28 19:15:38,2017-08-29 14:03:54,2017-09-08 00:00:00
42b71d23c4c47ac0364517ab0ada92c3,5f794585ed532b5bc3fb53e0a25b56f1,delivered,2018-07-10 11:49:29,2018-07-11 03:30:13,2018-07-11 11:49:00,2018-07-12 16:12:43,2018-07-18 00:00:00
7457d3d23917512e33d58f76c92b4508,17f569b832ebe61b0af0d5005f5fd6f7,delivered,2018-07-06 16:21:43,2018-07-06 16:35:10,2018-07-12 14:32:00,2018-07-20 17:28:25,2018-08-07 00:00:00
406de5462666366ba69ee8d333eafc31,d023c6e72db6feaa3fe07734d7fdd17d,delivered,2017-08-06 13:09:40,2017-08-06 13:25:19,2017-08-07 13:24:44,2017-08-11 19:43:49,2017-08-29 00:00:00
b23f0b276fa55094ad39dda33c542976,d9e2f992cd2607e140ce5bd507a2b8ac,delivered,2018-01-07 00:24:51,2018-01-08 07:08:23,2018-01-09 15:53:18,2018-01-10 19:05:40,2018-01-24 00:00:00
b18c7057bf0a8cf25032b7dc0a680796,6d28f0fa1646cf572c403bae21daea20,delivered,2017-09-25 22:13:40,2017-09-25 22:29:18,2017-09-27 19:03:47,2017-10-06 19:34:05,2017-10-23 00:00:00
9e5fb230df649a8014388ee2cba9d347,610886edefcf1ab6711acc4e94f45637,delivered,2017-08-03 18:50:00,2017-08-04 02:25:35,2017-08-04 16:19:32,2017-08-10 21:17:35,2017-08-28 00:00:00
55a0842ea8508da4c9ef096cbac8bfef,d2898df8d7ab23976854d61a684ef6bd,delivered,2018-07-31 19:31:09,2018-07-31 20:23:52,2018-08-01 16:30:00,2018-08-06 23:28:54,2018-08-14 00:00:00
5b72a0a59eaf0de6502b2959810e3dd5,8787ba68a8789a9f9e2491e011573d10,delivered,2018-08-13 18:09:28,2018-08-13 18:24:15,2018-08-14 13:44:00,2018-08-20 16:03:55,2018-08-24 00:00:00
c5cc268cb03043a12fe9c322246d970c,8df826101613bb32c800c08bd0b16cb2,delivered,2018-01-18 11:34:00,2018-01-20 09:10:53,2018-01-22 23:43:27,2018-02-06 20:37:12,2018-02-15 00:00:00
fc699344c004d1635c1e3a27f707c8b6,c552b308fd0baf657702d0eba4ee3b65,delivered,2018-05-27 23:03:10,2018-05-27 23:15:24,2018-05-29 13:47:00,2018-06-08 17:18:33,2018-06-28 00:00:00
5f8727348fdce5ad81ba441d3bf9e18c,5a191290110e4563a197cf74bae3f90a,delivered,2018-05-06 12:46:07,2018-05-06 13:10:06,2018-05-07 13:50:00,2018-05-15 19:05:18,2018-05-24 00:00:00
20205e58b36d43ecc44120a373616f06,c0d8991a1701037d5c1085767dea67b9,delivered,2018-03-10 23:56:56,2018-03-11 00:10:40,2018-03-12 20:46:28,2018-04-06 22:54:28,2018-04-06 00:00:00
f338453ca69a4ab210fb2f6184e7f6ce,d866a4ec44fa725695311a8021e83c3f,delivered,2018-04-08 20:02:54,2018-04-08 20:15:10,2018-04-09 17:07:36,2018-04-16 17:23:02,2018-04-25 00:00:00
e6e2b1d0f8a98dca93bfcc801eaedc3a,a8bf87cfcbec9e129b0a2e9c56c2a95a,delivered,2018-08-14 09:45:01,2018-08-16 03:10:20,2018-08-16 15:34:00,2018-08-27 18:06:27,2018-08-30 00:00:00
4b9e031a205af9c7035eda4f4db1ba69,c55751576fef472fbe91aa1fe165a581,delivered,2018-04-16 22:28:11,2018-04-16 22:50:15,2018-04-17 23:24:35,2018-04-20 15:48:57,2018-05-08 00:00:00
28bc8f33c194dd4f636717ef490d0921,64ebc89fe827e44bf4c57f7e22676e12,shipped,2018-02-26 12:08:26,2018-02-27 10:48:37,2018-03-17 00:11:31,,2018-03-12 00:00:00
f54fc4773a70856861f06fd47df664aa,630a8c52c651e607568d25a1da038105,delivered,2017-06-12 19:50:16,2017-06-12 20:05:31,2017-06-14 19:16:59,2017-06-19 21:45:54,2017-07-11 00:00:00
b72bd7bf1e84a4cde235a7ffcc7542ca,585593d76e71aa8bcabac6773c2c3de7,delivered,2018-06-06 21:39:53,2018-06-06 21:55:21,2018-06-12 11:14:00,2018-06-14 21:47:57,2018-07-03 00:00:00
23ec62701b81a534e40494d279ea0b83,dd2b489e0d54de04ef56427126b0d480,delivered,2017-08-23 17:34:57,2017-08-23 17:50:17,2017-08-25 15:10:48,2017-09-04 18:32:32,2017-09-15 00:00:00
42ac49d6394099d7c2a5d2d7fd813bd8,e5381e8c6c9fd17625f8ab76bee76b8d,delivered,2018-03-19 08:43:21,2018-03-19 08:55:56,2018-03-20 20:58:31,2018-04-05 19:17:27,2018-04-06 00:00:00
813ef880f4bd43a937a8c15bd672681d,d073b9710a594b0cbda0ec8fdfbf5d7a,delivered,2018-03-27 15:33:31,2018-03-27 15:52:02,2018-03-28 16:47:51,2018-04-13 13:36:53,2018-04-23 00:00:00
c0c7bd9b0f4864ea4d1e2671ce38bff8,3ee7951cbdbf56ac257be470c8baa4fa,delivered,2018-02-25 11:38:47,2018-02-27 04:31:10,2018-02-27 19:51:14,2018-03-06 14:13:59,2018-03-21 00:00:00
6fd7aad38ed11be7812e861b8947f7d4,82becb9786935b5880aad883239d6f98,delivered,2018-08-08 13:12:51,2018-08-09 03:45:26,2018-08-09 13:02:00,2018-08-13 18:03:04,2018-08-22 00:00:00
d3397f49eba129958cca1d4ed73dba9a,dfe2c56fe645cce819861d7b621661ec,delivered,2017-10-01 19:59:03,2017-10-03 04:05:09,2017-10-04 20:06:07,2017-10-06 15:17:03,2017-10-18 00:00:00
bc9fdcff8d8146b6f6c58c294f047b3b,296ab1d0d22dbc2bfcb80832953a0550,delivered,2018-04-30 10:41:01,2018-04-30 10:55:07,2018-04-30 15:09:00,2018-05-07 21:28:28,2018-05-29 00:00:00
3ca6693c62bcb94cf84a1c9f89191483,558d10ad25cf808e1f3e532951991954,delivered,2017-07-10 14:36:12,2017-07-10 14:50:18,2017-07-12 15:32:03,2017-08-25 15:09:29,2017-08-09 00:00:00
22ef9d3714207d9a803bd9acb19fd0cb,1322ab99d2cdd4a0da0150a209d321c5,delivered,2018-07-23 15:11:08,2018-07-24 11:32:35,2018-07-26 15:33:00,2018-08-06 14:02:46,2018-08-14 00:00:00
8d607893abaf69faeb1313f7cacfeca1,30ef75ecbcfb818484c4854a8caace0f,delivered,2017-06-20 16:12:23,2017-06-20 16:25:16,2017-06-22 08:28:44,2017-07-05 11:52:03,2017-07-12 00:00:00
1cef8c054a99de4870f9f34b4822f206,bb992aa0173715b2ec5e1e3b74903743,delivered,2017-07-05 15:44:33,2017-07-06 15:50:25,2017-07-12 17:42:48,2017-07-18 20:43:22,2017-08-07 00:00:00
22ea5431233830227f077473a051d55d,699c53363f423420e15ad5b424eb584f,delivered,2018-05-06 17:41:23,2018-05-07 09:13:41,2018-05-08 15:39:00,2018-05-18 20:08:47,2018-06-04 00:00:00
4f20f374acaa47920134df2f634691da,18dbb42d3322bd536fae68ae41640e0e,delivered,2018-01-08 16:03:45,2018-01-08 16:12:27,2018-01-09 17:24:49,2018-01-10 20:24:37,2018-02-05 00:00:00
1c939324bacd87c65d030c7974e38338,be18603bce09d123fbcb26af9ec069c5,delivered,2018-02-14 18:10:38,2018-02-14 18:20:48,2018-02-16 00:22:28,2018-02-19 16:45:07,2018-03-07 00:00:00
9eaeb9a3ef1fbb54f2c06d5ea38dd919,56d361be1eb9434e60410e456a56a559,delivered,2018-02-08 22:51:59,2018-02-08 23:08:42,2018-02-26 20:36:31,2018-03-01 22:29:00,2018-03-19 00:00:00
4ce2a78f4b4b1166f0e04bbdc825f7b3,d615aea633470f9686f84cec51940be8,delivered,2018-08-16 09:41:52,2018-08-16 09:50:25,2018-08-16 15:14:00,2018-08-22 15:06:41,2018-09-06 00:00:00
39f72b79ba5e9b6b512b7fc2ba46a4a5,1a270bd3424ebc7805d5e63c51957e12,delivered,2018-02-28 14:41:52,2018-03-01 15:09:50,2018-03-02 20:09:05,2018-03-20 18:07:36,2018-03-27 00:00:00
f6ac794aa8cea9470250b0af77efcc17,2a9584c1ab5178e20f6b2761a4561cdb,delivered,2018-04-14 15:08:02,2018-04-14 15:32:38,2018-04-18 18:28:31,2018-04-24 00:08:37,2018-05-15 00:00:00
d7defcb8f59419ce565959f595bbb988,fb53b449e82b537c318a3a742ef82dad,delivered,2017-03-10 23:35:49,2017-03-10 23:35:49,2017-03-14 14:07:18,2017-03-17 16:17:56,2017-03-31 00:00:00
653f05432280006916452a2fbb55b136,784218b26424ee2726401c5e73df14d3,delivered,2017-03-16 15:56:47,2017-03-16 15:56:47,2017-03-20 11:41:55,2017-03-24 14:33:30,2017-04-10 00:00:00
85fb2afed45145db40381a894fed8d1b,9aa7354b0719e5e51822b84828b73dd5,delivered,2017-02-09 23:51:22,2017-02-10 01:05:22,2017-02-10 11:34:12,2017-02-21 13:09:10,2017-03-16 00:00:00
a3d4051a7f847866e86aa7e6a7427898,2144d50aff3ee4a90c2a037d1de4cb93,delivered,2018-01-23 18:13:41,2018-01-23 18:38:40,2018-01-26 15:22:31,2018-02-06 20:55:02,2018-02-15 00:00:00
8e43f2c9b150b717ae56640b5fb64150,e9f46540ef118e5937bafbb8bbcaa09b,delivered,2018-08-05 11:03:29,2018-08-05 11:15:13,2018-08-07 14:31:00,2018-08-08 20:52:35,2018-08-10 00:00:00
613ea91cb4b6b072a114ef3e5e9b6227,804101df19b9e3e6be806314f23892ce,delivered,2018-06-28 12:36:06,2018-06-28 12:50:34,2018-07-02 12:27:00,2018-07-05 18:12:31,2018-07-19 00:00:00
422dc200156c43d69ba21c16beffd57e,7d0006ecf079f0df09d48b43d853ef88,delivered,2018-04-08 12:59:58,2018-04-08 13:10:19,2018-04-10 17:16:44,2018-04-27 00:12:41,2018-05-07 00:00:00
293e34b72465ae7478f59d4d0b3e58ba,369681dede08381d68cdbc2e76f226d6,delivered,2018-07-17 16:39:56,2018-07-18 02:55:19,2018-07-19 14:26:00,2018-07-25 18:31:29,2018-08-02 00:00:00
e69f75a717d64fc5ecdfae42b2e8e086,cfda40ca8dd0a5d486a9635b611b398a,delivered,2018-07-01 22:05:55,2018-07-01 22:15:14,2018-07-03 13:57:00,,2018-07-30 00:00:00
2c559a6f1ac48c4f100f4775a1362ea1,5be5d703076bbbf577ade3fdddf51e20,delivered,2018-01-10 10:50:11,2018-01-11 18:11:25,2018-01-17 21:19:00,2018-02-02 17:29:57,2018-02-14 00:00:00
2efab00b70c96a73f5fed910d373957a,0b82ef8137cfb5f47ebcc41131c03663,canceled,2017-12-24 10:07:19,2017-12-26 21:39:19,,,2018-01-19 00:00:00
a46ca44d1b7cf49a346dbab87d2344ac,7682165fb7924ce303e686009bd6cb9d,delivered,2017-07-18 17:38:12,2017-07-18 17:50:26,2017-07-20 09:51:12,2017-08-01 18:47:53,2017-08-16 00:00:00
2f98f40416fdda614b3c3b4539ec23cc,d6ef3328eedc908b44e74cc119e4af95,delivered,2018-08-16 13:35:44,2018-08-16 13:45:11,2018-08-17 12:44:00,2018-08-20 19:16:51,2018-08-22 00:00:00
fea37071a9fe1444fc1ed7f316b68478,260d3578e7364bc239a08277dfec894e,delivered,2018-07-04 00:19:09,2018-07-05 16:09:17,2018-07-05 11:08:00,2018-07-06 14:54:46,2018-07-17 00:00:00
ceb533871105f7cda81fafc19e1ee38e,f86da6175d72ff2d6a9de63342e1d303,unavailable,2017-10-20 07:33:11,2017-10-21 03:07:36,,,2017-11-10 00:00:00
ce182b138eec89ddd69e9fca1c900aae,5b7f75e63b3845cc1e306d5f667d69b7,delivered,2018-05-30 12:42:08,2018-05-31 03:15:18,2018-06-01 16:43:00,2018-06-15 21:06:41,2018-07-25 00:00:00
3f75656d4a9d4b3e18204bae2bd96925,887a7f0cf91952bc799bc7a555262389,delivered,2018-08-05 09:56:45,2018-08-05 10:25:14,2018-08-06 11:51:00,2018-08-07 13:08:41,2018-08-09 00:00:00
8772e0a97847589e126a8fc3d6e05782,1b03f1416a15427f26e39af3d530b8f3,delivered,2018-03-26 17:46:20,2018-03-26 18:08:08,2018-03-28 20:32:42,2018-04-17 22:27:39,2018-04-12 00:00:00
99e4c7eebc4e218f0ef4729921038c19,7b7d563426a10b8b26bfc679be70fbd8,delivered,2018-03-11 19:30:33,2018-03-11 19:47:54,2018-03-13 21:36:41,2018-04-08 13:37:48,2018-04-03 00:00:00
36138672074a247040d772897526e427,eb097f0bc1c67934f3172862f49f082d,delivered,2018-05-02 00:19:37,2018-05-03 04:32:55,2018-05-04 14:10:00,2018-05-10 20:27:04,2018-05-25 00:00:00
7dc8487f60263dbf289600757f5c6f99,8a8440c5a7fd24d8bd07df72f6abf753,delivered,2017-05-22 22:21:31,2017-05-22 22:30:16,2017-05-24 12:14:23,2017-05-26 09:58:01,2017-06-29 00:00:00
71ca3bab201007339dfb592df2d185d4,ac9b518157bd24e321650a1a3f7eaf65,delivered,2017-10-23 19:29:00,2017-10-23 19:45:46,2017-10-26 13:39:50,2017-10-31 21:09:50,2017-11-14 00:00:00
1ccf7e1581518166ddaa4fe829c3ca11,0e31b4f03534cff1a85edca3eec8841b,delivered,2018-01-31 16:06:34,2018-02-01 02:56:47,2018-02-05 20:03:41,2018-02-17 01:04:13,2018-02-22 00:00:00
21f8398df3e0b6c3c2ba3efbebf46b3f,bce53bf51af5de1bbe4963b6828fb2c0,delivered,2018-01-24 14:26:35,2018-01-24 15:07:37,2018-01-26 00:12:55,2018-02-03 19:09:02,2018-02-14 00:00:00
6bcce39be127575854779e39a50f2059,d8b65951c84554c80270720c9b5f1178,delivered,2018-04-28 02:23:24,2018-05-01 05:32:22,2018-05-04 11:35:00,2018-05-08 00:18:58,2018-05-17 00:00:00
99444a1ae54c5cdeb0dc5e97b57aa6e5,3f90b03c801ce19bad60d569faa1bdc4,delivered,2017-08-02 18:18:33,2017-08-02 18:30:18,2017-08-04 18:52:11,2017-08-09 16:32:38,2017-08-23 00:00:00
a0171ff239b3463e4813e36663dac6f8,9777095cf095a5260473d23063c063c9,delivered,2017-07-12 18:06:01,2017-07-12 18:23:54,2017-07-13 19:56:37,2017-07-18 23:04:08,2017-08-03 00:00:00
43af6866590ab60c4848da9f146fba99,554008a4e90d3dfef2440abf989525d5,delivered,2017-04-19 11:00:59,2017-04-19 11:10:17,2017-04-19 13:26:53,2017-04-27 19:19:51,2017-05-12 00:00:00
bf7937a823a3232d50fe7a0520ae8c0c,e36beb1a691e2a8425544454f4916f5b,delivered,2017-10-09 14:50:19,2017-10-09 15:15:11,2017-10-10 15:43:01,2017-10-25 19:12:13,2017-11-03 00:00:00
a584b2acfafd53fc605e76baa4a5cfaf,f114414231ebd557e92bf1cd7c4f94c8,shipped,2018-02-01 22:40:26,2018-02-02 16:00:42,2018-02-03 01:32:57,,2018-02-23 00:00:00
3287906d23c6e6cb0ebb48f0b766001b,1c01b6e99332e712ccd834ae02122d20,delivered,2017-09-06 14:39:40,2017-09-06 14:52:27,2017-09-08 15:50:06,2017-09-19 16:59:01,2017-09-27 00:00:00
9461233f007294d53c027b24648e02f3,80dd6889d1cd0b80f9ff71789a835f18,delivered,2017-04-17 12:24:44,2017-04-17 13:05:30,2017-04-18 11:16:43,2017-05-10 08:47:52,2017-05-08 00:00:00
f76b26cd77226ba5e1e3c800cf1e6ff2,e517764f936509d128d13b3997f6f3f6,delivered,2018-07-18 11:36:56,2018-07-18 11:50:10,2018-07-18 14:29:00,2018-07-20 19:28:26,2018-07-31 00:00:00
0f57f8c8546ce0d3837910801250d944,fe088b708cc9258c6ac74a99a77581cd,delivered,2017-08-18 20:56:48,2017-08-18 21:10:18,2017-08-21 21:17:24,2017-08-24 19:53:35,2017-08-31 00:00:00
cd25a7c65029c84ae2f9ff0e4b968d0e,b5e5834e0ea55cdba7835b12c756f94b,delivered,2017-11-07 13:59:47,2017-11-07 14:15:51,2017-11-08 19:28:42,2017-11-14 16:41:46,2017-11-30 00:00:00
d398dcdebcb172e3625236bee43da9ec,543826d02e97f00429af97e89afae353,delivered,2018-06-07 21:00:11,2018-06-07 21:15:20,2018-06-08 09:58:00,2018-06-18 23:32:01,2018-07-20 00:00:00
030840d9a6c8137615d5a2c916667c2c,677fbd5e154bdb06b0ad01bd85aa2ee3,delivered,2017-08-01 14:40:53,2017-08-01 14:50:23,2017-08-02 19:17:02,2017-08-15 18:37:35,2017-08-23 00:00:00
72adf8902a7ccd9b21ba70c84f2d53c4,79cb6eaafbdbcb9d443dd5ebd01e016c,delivered,2018-06-06 22:20:23,2018-06-08 02:56:12,2018-06-14 12:42:00,2018-06-22 20:35:28,2018-07-17 00:00:00
46a9fa5d713a569777fb30562505588f,d8b3b1bcf1aef3174859a70001a5f3fe,delivered,2018-02-20 19:42:37,2018-02-21 12:05:40,2018-02-21 22:49:10,2018-03-02 19:05:00,2018-03-16 00:00:00
d8af11fee1f5a13bf7b3584b9cce55fa,035702d60604fde0df3e3d975fcc3aa2,delivered,2018-02-10 16:31:15,2018-02-10 16:47:57,2018-02-21 18:47:34,2018-02-26 18:04:34,2018-03-15 00:00:00
5cd688955f6e1066065fb55213589afc,712b75336797a9b64ca4ebdad576add6,delivered,2017-06-08 00:06:50,2017-06-08 01:10:34,2017-06-16 12:39:37,2017-06-27 11:27:53,2017-07-17 00:00:00
36af11f74568a0546f14fc0e5a0c2851,bb5fc5de2c32b73753d3663397e7a056,delivered,2017-12-14 16:50:47,2017-12-16 16:53:41,2017-12-19 22:09:22,2018-01-12 02:26:50,2018-01-11 00:00:00
4da1780a79ddb7340ed2081b6c035d2d,9b8b192da9442a84ba0a1503a3363146,delivered,2018-06-05 12:11:34,2018-06-05 14:31:21,2018-06-06 07:55:00,2018-06-07 16:48:55,2018-06-29 00:00:00
48997989a21e741f0f93be9870c82b90,be6c90c5799acd0fc1ca2d13d08507ed,delivered,2018-04-02 10:27:48,2018-04-03 10:28:50,2018-04-05 00:48:53,2018-04-05 17:24:42,2018-04-12 00:00:00
bbb149f610cf770685fa5169b6e9a48d,5498bd0b82115fdefdf65bb638d581c7,delivered,2018-05-18 12:02:39,2018-05-19 14:59:36,2018-05-21 15:38:00,2018-05-23 12:15:35,2018-05-30 00:00:00
a85c1538df5701aa9a7c6cc423bd80f4,6fac8a7f89a9c17f55520dc1f6ff2c88,delivered,2018-08-07 17:00:07,2018-08-07 17:10:23,2018-08-09 12:19:00,2018-08-15 00:16:38,2018-08-17 00:00:00
5308a8e3331c9fab38efdb6a6c1d89c4,43a8f0d16dc07bbf5e34f897c36060af,delivered,2017-06-04 17:16:08,2017-06-04 17:25:11,2017-06-08 17:36:29,2017-06-19 20:42:06,2017-06-28 00:00:00
1affc4ad6b0957720114bf91c2f39879,022f4d871399246624c353f06712cb75,delivered,2017-03-15 19:34:30,2017-03-15 19:34:30,2017-03-17 12:42:40,2017-03-23 15:42:06,2017-04-03 00:00:00
de219d6cf606e877fc9a0df6b811ab61,762b59169664d761596b65b8110298de,delivered,2018-01-25 23:26:05,2018-01-25 23:36:20,2018-01-29 17:53:22,2018-01-30 23:07:01,2018-02-09 00:00:00
daa31883279538aaa2097f19342c2b90,b7215096d9ed6d194e700543aa624947,delivered,2017-10-12 11:30:34,2017-10-14 03:56:17,2017-10-17 18:14:02,2017-10-19 18:57:46,2017-10-26 00:00:00
aeffea2c78ec9b15d6cd7478c9072c07,9711ec758b9270ff19adfc9bec1b4a09,delivered,2018-02-11 16:11:04,2018-02-12 16:10:27,2018-02-14 19:39:55,2018-02-17 02:15:49,2018-03-07 00:00:00
a92c76269cd2be64008c82c84d6e5d48,a8a72553d270066753aae3e20a8d035f,delivered,2017-09-01 10:23:11,2017-09-01 10:30:22,2017-09-06 17:30:07,2017-09-12 16:33:28,2017-09-26 00:00:00
1ca44c5850de39660439deebf65c8fd2,c058c2acda5bc9cf23799a92b0a3dad8,delivered,2017-05-29 23:06:05,2017-05-29 23:22:45,2017-05-31 07:12:20,2017-06-06 14:17:04,2017-06-22 00:00:00
658677c97b385a9be170737859d3511b,de6dff97e5f1ba84a3cd9a3bc97df5f6,delivered,2017-04-09 17:41:13,2017-04-09 17:55:19,2017-04-10 14:24:47,2017-04-20 09:08:35,2017-05-10 00:00:00
a382cb8f8029155c37cb65eed956b494,f5b43fb071bf02064396958f57e6fd87,delivered,2018-08-21 17:09:16,2018-08-21 17:15:22,2018-08-22 12:25:00,2018-08-30 14:54:48,2018-09-05 00:00:00
12d46788e71b703634c01cdcd4946e7a,44e17592d71531e574a502e8329fc867,delivered,2017-12-26 17:19:19,2017-12-27 04:12:32,2017-12-28 11:45:47,2018-01-09 19:18:39,2018-01-22 00:00:00
dde867f83e689b0167785b684ab311cd,8f29ceb9da71dd3cfe7055c0c1fb7e7d,delivered,2017-10-16 14:29:26,2017-10-16 14:50:12,2017-10-18 19:57:43,2017-10-25 09:42:40,2017-11-01 00:00:00
37b2da18eede8674ecc05302ebb6e32b,d906dd7f11e40617aba6e03961da0f05,delivered,2018-02-26 18:30:59,2018-02-28 09:56:32,2018-02-28 22:33:42,2018-03-20 16:38:32,2018-03-20 00:00:00
4b2113709e5d5f3760113b4a980cc88d,e34aebde692d331d54140c5dea6689d6,delivered,2018-08-07 13:34:42,2018-08-07 13:50:10,2018-08-08 12:58:00,2018-08-14 18:21:43,2018-08-27 00:00:00
a28afc1326ae005c8fe230354d0aee19,b4540c2dc69a6c13c4e5d921a1d3c0af,delivered,2017-10-31 08:52:41,2017-10-31 09:06:23,2017-11-03 20:17:34,2017-11-13 14:06:07,2017-11-24 00:00:00
1704f22579a5be1ff00ac2cdcc1e582c,40cf2f73247ea80b023e4c63891ce67c,delivered,2017-07-30 23:11:01,2017-08-02 08:35:13,2017-08-04 18:47:50,2017-08-11 17:14:42,2017-08-29 00:00:00
e5bc6c7594c02f53761ea092c5c9af1d,0f3303966706b6737bc7a6a198d9caef,delivered,2018-07-12 20:05:49,2018-07-13 15:45:16,2018-07-18 15:06:00,2018-07-25 20:32:56,2018-08-06 00:00:00
d3cd9432f1869452249ac839d04a7964,84055878b8547a9f9944a8108146cf4f,delivered,2018-05-07 11:20:02,2018-05-07 17:56:57,2018-05-11 10:03:00,2018-05-17 17:56:17,2018-05-25 00:00:00
b178d37bc8cf0346e18f4ebeff294dcc,dcc0611ff5be7beee83892383507927a,delivered,2018-08-15 18:14:08,2018-08-17 03:31:14,2018-08-17 14:51:00,2018-08-28 18:51:21,2018-08-31 00:00:00
fda14ed39c4cbf5c218cad0c470ce3be,b8e0eaf8dc01916ba959fcd6f786791e,delivered,2018-07-31 23:33:47,2018-08-01 00:20:04,2018-08-01 15:07:00,2018-08-07 03:32:47,2018-08-22 00:00:00
efa2e42246bfe580af1b33ae96edc78b,3b6dc76e9598654bd9fc7a898ed4813c,delivered,2018-08-06 12:42:34,2018-08-06 12:50:27,2018-08-06 14:06:00,2018-08-08 20:40:31,2018-08-09 00:00:00
0b3580bfab9b4aa7c6b53769a4ee5189,569d0542c214c1f833112efb87157c01,delivered,2017-06-24 11:36:22,2017-06-27 04:15:23,2017-06-27 13:01:14,2017-07-04 18:27:37,2017-07-20 00:00:00
a54dca1918f3c9eaa16ac953a5d8c9ba,7d503fdcb60c50cbd8159964b13654c3,delivered,2018-03-15 10:36:18,2018-03-15 10:50:28,2018-03-16 22:36:23,2018-04-03 20:18:35,2018-04-03 00:00:00
75729cd39e546ea4083ab7f3859bb745,aa3e69930a8912ca423373a6b5ac4f56,delivered,2017-02-09 19:33:07,2017-02-09 19:43:13,2017-02-14 13:52:28,2017-02-20 23:57:30,2017-03-16 00:00:00
26343f9d74c00cf82b588331730367e9,0d47b685e9e483c338f38fac97429145,delivered,2017-08-23 18:46:17,2017-08-23 19:05:42,2017-08-24 13:22:53,2017-08-25 22:50:22,2017-09-05 00:00:00
11a9088002b4fdb9c21827b2b585dcf7,f79c9ce96b5c0d7c708917616a0ba2fe,delivered,2018-05-15 09:10:10,2018-05-15 09:33:18,2018-05-15 13:52:00,2018-05-18 19:55:32,2018-06-13 00:00:00
1e2eefb7d4535b86f105f75ea6125a47,2c0a50f85601b8f4dc450e4d824ab203,delivered,2017-12-29 19:20:15,2017-12-29 19:32:23,2018-01-05 11:54:00,2018-01-20 15:59:29,2018-02-05 00:00:00
691ae3791090baa73a918bece7c1d443,50f4ec7d46a714a53d430d880a9636f5,delivered,2017-08-01 13:13:42,2017-08-01 13:30:18,2017-08-02 18:03:30,2017-08-09 19:54:39,2017-09-04 00:00:00
56a879c57a3b6118c13d30799d1ae6a2,e91dcb655cec02c3277a5c66bac74e04,delivered,2018-04-19 23:00:36,2018-04-20 00:16:36,2018-04-20 18:53:29,2018-04-26 18:12:38,2018-05-22 00:00:00
73dfec91f44d4356d6abcf6cbbbcfe90,8c699d5d2606b7cbfe0e3a8bbf1a3fec,delivered,2017-11-21 22:55:37,2017-11-22 15:26:47,2017-11-25 11:03:35,2017-11-30 15:53:20,2017-12-13 00:00:00
4a8c411435966af42c48f7de7714c2f6,b47466b05aaa9bacb7b8aa2302c2b525,delivered,2017-06-26 08:12:49,2017-06-26 10:33:15,2017-06-27 14:12:17,2017-06-29 16:41:55,2017-07-14 00:00:00
f811bab9c2621b4c181ebc2cb4605614,421af3148f6becb0b5a67a98e68987b8,delivered,2018-03-08 11:19:29,2018-03-08 12:00:26,2018-03-09 00:11:26,2018-03-29 19:03:58,2018-04-11 00:00:00
a1ab5e252318a46e01c2429f06ce0a41,8e15432cb70519851d493b9dce73707c,delivered,2017-06-23 06:43:59,2017-06-24 02:30:07,2017-06-26 15:41:40,2017-07-10 16:32:36,2017-07-26 00:00:00
078012a290408a687e5802ac7ad6c0aa,69eefc7588679e6d4a880f2eb9866b5a,delivered,2017-05-17 15:44:53,2017-05-17 16:15:16,2017-05-22 12:18:56,2017-05-25 09:16:47,2017-06-08 00:00:00
60cb4dff7b70f5122c9ecd1fe2058b38,89aac25164a5f84e4302a43721d0dfd9,delivered,2018-02-14 17:13:26,2018-02-14 17:28:08,2018-02-16 00:22:51,2018-02-22 20:51:55,2018-03-07 00:00:00
b1f632bf6d3b5bb0cb03cf91b8283c3a,f15ad839f9310522cede84e46d072995,delivered,2017-09-12 17:49:58,2017-09-14 03:04:45,2017-09-19 19:13:11,2017-09-29 19:37:57,2017-10-09 00:00:00
40f74de53615f2e4d81c384c983b74e6,3ce7468170f59905cc4073cf015f8dcf,delivered,2018-05-02 11:46:26,2018-05-02 12:14:33,2018-05-07 13:31:00,2018-05-08 23:09:02,2018-05-16 00:00:00
f5e0327c97a90df59977a815f6e4453c,e6c59c09cb529c3f49bf5aa8e345d2e8,unavailable,2017-12-06 14:39:11,2017-12-06 14:52:17,,,2018-01-03 00:00:00
40df8c3397a83c958da60d5ad1e1eb85,d4f7e997120818cc9db564b522ba2a80,delivered,2017-11-30 23:01:57,2017-12-01 10:30:54,2017-12-02 00:43:46,2017-12-18 17:08:57,2017-12-28 00:00:00
5e11fe9f9a64d664e12cf549745060e0,44a838eb7c573fe810820c3f440bf4f0,delivered,2017-04-10 17:39:35,2017-04-10 17:50:17,2017-04-12 11:54:52,2017-04-18 18:37:05,2017-05-04 00:00:00
564d8bd235927df0c8c8bfe8ff4aee6d,215ecd6d28192482775b68824432464d,delivered,2018-04-12 15:30:49,2018-04-14 14:35:18,2018-04-17 18:31:50,2018-04-20 19:19:42,2018-05-07 00:00:00
82cefc0ed05913e6d19b9d6283dbf9cf,8ec1004a0848f47f8a538b9b6ea7e0b4,delivered,2018-03-24 10:01:37,2018-03-24 11:41:04,2018-03-27 00:42:05,2018-04-17 15:12:18,2018-04-24 00:00:00
71f47871e9cf560d325f00a5628c4a94,c8e76bbce6b7d189fd852f670e96262d,delivered,2017-04-21 22:41:48,2017-04-25 08:05:33,2017-04-27 05:04:40,2017-05-06 08:56:02,2017-05-17 00:00:00
819834742179a50790827926997ca8dc,efab7a8022b17f28b622e1895c2adc65,delivered,2018-03-10 14:26:32,2018-03-11 14:30:32,2018-03-13 00:47:00,2018-03-28 22:16:42,2018-04-04 00:00:00
22401427638873c7bd3cffca5c9f38bf,6f25d98f3f9e03ef507d02ee33430e21,delivered,2018-07-24 14:59:24,2018-07-24 15:10:20,2018-07-27 13:55:00,2018-07-30 19:21:40,2018-08-14 00:00:00
44aec9c2be37dd0f0b954562c94ccfec,eb1f5775cb6c152c959d5a76a8204baa,delivered,2017-09-26 14:23:47,2017-09-26 14:38:12,2017-09-27 19:23:31,2017-10-03 18:23:40,2017-10-20 00:00:00
60114243c9bedbdafe9bc312bd608936,9340fee89818bd84d3a005f8fbfe5b82,delivered,2017-12-22 19:23:43,2017-12-22 19:35:19,2017-12-26 20:15:14,2017-12-27 16:15:46,2018-01-12 00:00:00
5a87769ff430e7d1873e2bb9b3968af3,dd1a12426ed78bacc77fd02911ed1117,delivered,2017-09-27 21:24:27,2017-09-27 21:35:29,2017-09-28 13:58:08,2017-10-03 12:34:25,2017-10-24 00:00:00
827d13f1e8fe2d4c2b3becfa2b0035ca,6e0cfceb2d49f48738767d48272a8ea8,delivered,2018-04-02 22:56:21,2018-04-02 23:10:16,2018-04-04 12:38:25,2018-04-17 03:58:45,2018-04-30 00:00:00
f3a3becaf45a4f7799cd93b1fdeea2c7,f85c1412c63126bbfaa30cac5590c0aa,delivered,2018-08-06 13:20:42,2018-08-07 13:15:19,2018-08-08 11:11:00,2018-08-20 21:41:34,2018-08-24 00:00:00
0330631bdb2ec8c341f487ed9c22fc8b,e3109970a3fe8021d5ff82c577ce5606,delivered,2018-05-25 12:02:08,2018-05-26 02:31:54,2018-05-29 15:41:00,2018-06-07 22:42:02,2018-06-26 00:00:00
c0412e955e8866bd36d56c196d1c9d82,f66f2668857fa2ede0a1d2147fe10bde,delivered,2017-10-19 10:17:18,2017-10-19 10:35:19,2017-10-24 16:07:43,2017-10-30 18:44:04,2017-11-07 00:00:00
c145341df96866c0282d832acbda1225,ec3ec417b16fb18d288705ec41bdd297,delivered,2017-05-06 16:19:08,2017-05-09 09:50:25,2017-05-09 11:17:02,2017-05-12 17:53:36,2017-05-19 00:00:00
5e754503796f05f2ad0541feb16a6a85,ff9ec39d2bb09243f0139f792ad1ec7b,delivered,2018-08-22 20:38:49,2018-08-23 02:50:24,2018-08-23 14:12:00,2018-08-29 16:43:25,2018-09-14 00:00:00
3e290444f5680a0f8a95b7d87980a358,f072965e658fe6c9591cc88d5b6cd9fe,delivered,2018-04-15 20:44:23,2018-04-15 20:55:36,2018-04-18 17:04:33,2018-04-26 15:44:25,2018-05-16 00:00:00
a033e71a9fdc7a30404bd7a39d3ad173,7967273ffe4b8e02d0fde3762994b1de,delivered,2017-02-11 17:06:41,2017-02-15 11:32:13,2017-02-20 04:34:06,2017-02-25 02:38:36,2017-03-10 00:00:00
84aaa1a774e37a0a7c1a5413dc49e168,7cc4123da344ba5ca2fa23c0f7903fce,delivered,2017-07-21 10:03:34,2017-07-21 10:23:25,2017-07-25 19:45:28,2017-07-26 21:13:05,2017-08-03 00:00:00
911caddee9193485ecfacba64e139beb,a33988fde632872a5c5458823b9c2d01,delivered,2018-08-12 21:16:42,2018-08-12 21:30:50,2018-08-15 12:12:00,2018-08-23 18:53:44,2018-09-10 00:00:00
7a2ea112b017a44fc1ba0eb88979f3f9,8ee3752ed676be5e448ebda2266e87e5,delivered,2017-11-26 15:05:45,2017-11-26 15:18:26,2017-11-27 16:43:11,2017-12-04 17:53:06,2017-12-11 00:00:00
938cf86c22cfbcdef5e04f4038fad081,c9eb8a8ef99b47cda776effb97e13b63,delivered,2018-01-22 23:19:30,2018-01-22 23:35:17,2018-01-23 16:38:59,2018-01-29 19:58:44,2018-02-14 00:00:00
1501eaa2540a52164308d1dc061f89e0,77f94a8479757404d1c14a4ff16a23a7,delivered,2017-04-15 18:18:06,2017-04-18 06:55:15,2017-04-18 15:44:20,2017-04-28 06:13:56,2017-05-11 00:00:00
05691e7046cf3a798bfce39b35377b78,532106a874f0e6d89668d5aa4066d9cd,delivered,2018-06-22 15:27:17,2018-06-22 15:38:46,2018-06-25 11:37:00,2018-06-26 23:28:46,2018-07-05 00:00:00
96867881a8d245ffae18dd2f1c4898d2,40e7a663ffaa7aa2f2ad20d6d40d6b14,delivered,2017-01-26 22:19:43,2017-01-26 22:30:17,2017-01-27 11:47:20,2017-02-08 12:12:39,2017-03-02 00:00:00
c9283076b0f196acde755765fcfaec9b,a854caf1b1cc61e8c864be51d1e4338a,delivered,2018-02-20 09:23:20,2018-02-21 06:15:19,2018-02-28 01:26:56,2018-03-14 22:19:29,2018-04-27 00:00:00
64cf1005615f1de47bc3715fd74f95cd,d10cd8cffde7523db8d9053b5599580a,delivered,2017-09-09 10:59:51,2017-09-09 11:40:07,2017-09-14 19:13:52,2017-09-21 12:07:44,2017-10-03 00:00:00
011c899816ea29773525bd3322dbb6aa,c15a53f6fbae984bcbf4ac7bc4395cc3,delivered,2018-04-30 15:02:34,2018-05-01 05:32:34,2018-05-03 16:51:00,2018-05-15 22:33:37,2018-05-24 00:00:00
c85617bff1ff615fb850f55304688d60,203628078a2e7779fae27d1dec973b44,delivered,2018-07-18 10:35:01,2018-07-18 10:50:23,2018-07-18 11:55:00,2018-07-24 22:58:35,2018-08-08 00:00:00
38774303eed7ea4f45f31ba37969381d,18b22d597785579797e1526c9621beff,delivered,2018-03-31 20:27:56,2018-03-31 20:47:24,2018-04-03 00:18:51,2018-04-26 17:58:52,2018-04-18 00:00:00
3822b25e989ac059e7f232678b67a465,44b6addf8f0742048c4bd7a8797db51f,delivered,2018-07-24 08:01:33,2018-07-24 11:41:04,2018-07-25 12:06:00,2018-07-30 16:06:50,2018-08-10 00:00:00
7ba66cc7f94f613ad60852e42e42e7e7,f96605120e03b2562298bbd2495d85f8,delivered,2017-10-08 22:08:28,2017-10-08 22:25:46,2017-10-10 19:03:59,2017-10-20 19:55:27,2017-11-07 00:00:00
006127b8b9a1681a982313ed7129c3c0,1aac2b5adf8aec2c00fe67d06aa8ebc2,delivered,2018-03-08 16:01:59,2018-03-09 02:31:25,2018-03-13 03:42:06,2018-03-20 22:27:30,2018-03-26 00:00:00
151137bf7ab537c1a2da6bba1368d87d,8678ce9bb3f23410f28b6caa0813528a,delivered,2017-09-05 13:52:21,2017-09-05 14:05:17,2017-09-11 18:11:49,2017-09-18 18:59:39,2017-10-03 00:00:00
395363317a9cc3945212a000edf960d3,dc5cdaee8fb928470e237d86e3a75459,delivered,2018-02-21 20:49:41,2018-02-23 02:31:07,2018-02-26 15:33:37,2018-03-21 00:17:35,2018-03-21 00:00:00
730829b3aeb0e111d1d9bcb2b04c3179,bbb9cd869774a135413dc0aa80e698d6,delivered,2017-08-21 07:17:42,2017-08-21 07:30:12,2017-08-21 20:24:02,2017-08-22 20:22:21,2017-09-06 00:00:00
89a5ef83a41559d5c8d248e28b57b193,ab404258ad36d371346b5fd3942490cb,delivered,2017-08-25 14:59:20,2017-08-26 02:15:09,2017-08-28 18:03:47,2017-09-05 19:24:02,2017-09-19 00:00:00
f6a40045364c9ef1f9405ef1d094c389,73522d9ec5b4e4b71550fc64f77cfa27,delivered,2018-01-06 09:45:08,2018-01-09 07:21:05,2018-01-10 18:09:36,2018-01-13 02:22:39,2018-01-31 00:00:00
a1b54f30ed711d13163bfa0c07e8c847,4bd62c9ef8238366a55babd065151b46,delivered,2018-04-04 20:17:01,2018-04-04 20:30:15,2018-04-05 23:24:41,2018-04-10 13:52:36,2018-04-19 00:00:00
742e519465c1d0ed1dc1664ad04ba238,11cd281d555bc011b8f9ed53d78f0d64,delivered,2018-08-02 22:01:27,2018-08-02 22:15:19,2018-08-10 15:36:00,2018-08-22 23:31:49,2018-08-31 00:00:00
f203ff896860dd89c812c809102145ba,7083d00488ab9bbc6d8791c7a6858692,processing,2017-05-05 00:23:54,2017-05-05 01:25:13,,,2017-06-06 00:00:00
704966e2252d9ef26bfb8203cb8fbf1b,28026498023f3d6b3d8167d07ba85cdd,delivered,2018-04-19 22:24:23,2018-04-19 22:35:23,2018-04-23 12:42:05,2018-04-30 18:38:53,2018-05-16 00:00:00
373fa646df70e5064388905c109571ec,af67b2b2d0c9bf64c5337d46fcacaa00,delivered,2018-08-05 14:07:33,2018-08-05 14:24:25,2018-08-06 14:10:00,2018-08-09 18:51:55,2018-08-15 00:00:00
fd7f923cec63405c5df9b1f05d0572bb,d350a613608b1daf059e9ecf45d0aa54,delivered,2018-08-12 11:24:47,2018-08-12 11:35:16,2018-08-13 13:11:00,2018-08-17 01:52:31,2018-08-23 00:00:00
3aebf099badf8a95a8c1831fc2373eda,c1b20d05e97c613b0983d4532371c13d,delivered,2018-06-21 22:40:05,2018-06-21 22:57:22,2018-06-22 14:51:00,2018-07-03 19:17:49,2018-07-30 00:00:00
5f79591dc99f5f8850f6259c80b83be2,f35de5e4afc2f0462050170cb553321f,delivered,2018-06-23 23:22:24,2018-06-26 05:12:59,2018-06-29 15:48:00,2018-07-03 17:17:06,2018-07-25 00:00:00
0c7a17af18a4180dbfee261ce22edb69,73c2df352cbd86c80f9aaa6da043d2f1,delivered,2018-03-17 17:38:38,2018-03-17 17:51:01,2018-03-19 23:48:20,2018-03-20 16:03:18,2018-04-05 00:00:00
003a94f778ef8cfd50247c8c1b582257,da108bc410acffb1400cf9caea65a332,delivered,2018-08-03 14:52:31,2018-08-03 15:05:14,2018-08-06 14:12:00,2018-08-24 00:18:38,2018-08-15 00:00:00
de8d4b40800d2483074fe491bd25aed4,95b0cd118d1f2dea54bdd21f996daf24,delivered,2018-03-29 17:39:12,2018-03-29 17:50:12,2018-04-02 15:37:22,2018-04-05 20:19:05,2018-05-03 00:00:00
7bfa5cf288b9dab1fe987fdde74c14fd,7dd5baf5ba6884882bc08f0f35384644,delivered,2018-08-17 10:10:31,2018-08-17 10:29:13,2018-08-17 14:48:00,2018-08-20 21:15:39,2018-09-19 00:00:00
cfeb3afaa54f31d14c4d9a8107717ad8,abc6a537ee9498af3b3e1b59ce2b2ea3,delivered,2017-12-05 06:32:23,2017-12-05 10:42:08,2017-12-06 20:41:29,2017-12-08 02:04:15,2017-12-21 00:00:00
ae125b80547d3ba1360e23d720f43e8f,43fe60e7ba431636df6e1c7414c2b17b,delivered,2017-11-24 09:55:38,2017-11-24 11:16:00,2017-11-29 20:58:33,2017-12-05 21:47:05,2017-12-14 00:00:00
db5a21571d549b443f1b502b880e2358,55945e7471c527fc4ff7066baeb8c477,delivered,2017-11-16 22:55:45,2017-11-18 02:35:43,2017-11-20 11:28:50,2017-11-30 19:24:34,2017-12-06 00:00:00
0a9578b7213cdc97d31f2e5b5a359bdf,5584b1ace8b18cc156ce51b989fd2958,delivered,2018-05-01 18:47:44,2018-05-01 19:13:22,2018-05-03 12:28:00,2018-05-10 19:55:18,2018-05-24 00:00:00
8f815207602f16cdf25a3fb1858ca6be,5c6aa01a2dd25458cc58481f40a25bc3,delivered,2017-03-31 02:27:06,2017-04-04 05:55:28,2017-04-04 16:19:52,2017-04-10 12:03:28,2017-04-26 00:00:00
d2d2b46f15aac179d92c40438fb3a4e6,5ed9935669cb1a6a81a20282f48a5ce6,delivered,2017-07-31 15:26:03,2017-08-02 02:35:54,2017-08-07 19:27:56,2017-08-10 23:10:16,2017-08-18 00:00:00
df410b19c3e348fb548ae68badd49827,6a6c433159ff775ba7f5ff8ec38b5b6f,delivered,2017-01-14 23:05:01,2017-01-14 23:15:17,2017-01-17 05:18:01,2017-01-24 15:11:39,2017-02-14 00:00:00
e4a03aa31a44aef0f584dff623119c72,7e29d996caf508b65825f57600ebef69,delivered,2018-08-16 00:18:25,2018-08-16 16:38:42,2018-08-16 13:17:00,2018-08-23 17:07:50,2018-09-06 00:00:00
198078b833ce5c6249ea278d2bb3e220,1871a12ac5e835c89fa644d16d17dd22,delivered,2017-07-10 09:44:10,2017-07-12 02:10:42,2017-07-13 12:17:40,2017-07-26 00:51:22,2017-08-09 00:00:00
618450817fba79842e9347f1c03714d3,5b547dd68c1218f594ed1c26bea5d0fa,delivered,2017-10-30 10:40:38,2017-10-30 11:10:06,2017-10-31 16:42:57,2017-11-07 17:34:47,2017-12-01 00:00:00
89bed55dd88d035e3b1b2489862e53cc,d2086bed6bec231d8db6a6158cc4b407,delivered,2018-01-05 17:03:43,2018-01-05 17:12:22,2018-01-10 19:56:56,2018-01-22 09:35:29,2018-02-09 00:00:00
425de35c38a6fbe5030783d1ebf2b93f,d757f3fd109b21e730d6ca8c9df50908,delivered,2017-08-26 19:27:19,2017-08-26 20:00:15,2017-08-29 20:34:01,2017-09-11 21:55:51,2017-09-18 00:00:00
682d2a1eb8b2676fc3337cf90c96ca8b,ae4cf79e3528752966e1eeb9743fee41,invoiced,2018-03-05 16:26:53,2018-03-05 16:36:13,,,2018-03-21 00:00:00
5d4641e1bc38e17f79478bb33fdfbb0e,da8ba8c96cedb55c833c0371aff309bf,delivered,2018-04-03 21:05:30,2018-04-03 21:15:21,2018-04-04 19:09:02,2018-04-13 20:12:53,2018-04-25 00:00:00
fdd1fb95516e360a47c2a3babcd4edd0,5da45c1f98656331089701cb8f850153,delivered,2017-04-03 23:19:02,2017-04-05 02:45:18,2017-04-07 14:42:19,2017-04-27 09:17:26,2017-05-02 00:00:00
e2532fe843f45b7a1aa7ede9474ca960,8ac0a23bbeb76d7c5244660c19f9d552,delivered,2018-04-03 07:08:31,2018-04-03 07:28:15,2018-04-05 23:32:49,2018-04-06 22:00:17,2018-04-16 00:00:00
349de605467ed7131cc22d614313551a,01c622ea29f8ca6980b1ff07eadff0f0,delivered,2017-07-17 23:12:22,2017-07-18 00:25:13,2017-07-27 15:46:42,2017-08-05 15:33:52,2017-08-10 00:00:00
7d6e61d9e5cbe64880924d4b7c366cd8,25c02365611124c7e9a013edc5c26584,delivered,2018-08-06 12:21:15,2018-08-06 12:35:18,2018-08-09 15:07:00,2018-08-15 20:32:54,2018-08-28 00:00:00
93a157bd42d5aee115dbfbca895d9998,489bab9b8add8f1970756681d0787135,delivered,2017-08-29 18:48:54,2017-08-29 19:04:46,2017-08-30 20:17:48,2017-09-22 17:57:50,2017-09-27 00:00:00
6101d68c2fb03e7c4571839add1a24b0,2a8ca956e86443110f087a53ae82b52f,delivered,2018-06-13 15:45:23,2018-06-13 15:59:43,2018-06-18 14:32:00,2018-06-26 18:58:40,2018-07-13 00:00:00
3a8e8e947707941c5e3af4aa4da84478,de0944cfee0d3c5e328399740f56e989,delivered,2018-04-30 11:45:19,2018-04-30 12:15:22,2018-04-30 14:23:00,2018-05-07 13:10:03,2018-06-07 00:00:00
5b1ff9c294ce6149733c6912262c60f9,1cee7be2a8055eeac71626608c2360b9,delivered,2017-02-08 10:18:09,2017-02-10 03:03:16,2017-02-10 08:12:35,2017-02-23 10:51:16,2017-03-17 00:00:00
f7404ef9274b77e82cba63629c091e3f,e2bfd0a3a3e2677586821cb7f3a27d07,delivered,2018-04-04 18:14:40,2018-04-06 03:08:22,2018-04-07 01:22:14,2018-04-18 17:18:24,2018-04-26 00:00:00
e54fadbb3cef276c1b184ec780d06ae2,9194b81f653a21ddac05211e071c9d7f,delivered,2017-02-12 21:48:59,2017-02-12 22:02:59,2017-02-13 08:58:08,2017-02-16 17:53:48,2017-03-10 00:00:00
62ffdc08aacc0d5763a38e07039234d8,a7df6cb7a8debf4132e292cb793cd105,delivered,2017-07-15 16:50:35,2017-07-15 17:05:20,2017-07-21 20:04:22,2017-08-10 18:16:58,2017-08-18 00:00:00
8d49bed8f03eff2e3595adfc9043a4f9,cb75f1b57449ab6f2efb6da4648d906e,delivered,2018-04-18 14:47:52,2018-04-18 15:11:27,2018-04-19 19:41:57,2018-04-23 18:22:44,2018-05-08 00:00:00
eb8f24cf4aa474bfe99c062aff65c4c9,c93425583027046f9893dcd578aa6e22,delivered,2018-03-15 15:11:08,2018-03-16 03:25:09,2018-03-20 01:18:45,2018-03-20 17:43:38,2018-03-27 00:00:00
18d4e6891576559aeaaef675e25d53ad,8ed3a953186a64ad090056ee27657038,delivered,2017-06-21 13:13:52,2017-06-21 13:30:18,2017-06-27 14:57:26,2017-06-29 17:32:54,2017-07-13 00:00:00
df5cc31d446df3719dde958e4f9dd5dc,babdd387394b20e5cb5c015bbfadc9d8,delivered,2018-08-04 21:15:44,2018-08-04 21:30:14,2018-08-07 14:37:00,2018-08-14 22:21:39,2018-08-27 00:00:00
4e8c3b29f4bcb44200ab8296779d910b,f52048aa7c7272e8cf66d63f3e5957ce,delivered,2018-04-27 21:25:04,2018-04-28 19:33:47,2018-04-30 14:19:00,2018-05-07 20:12:51,2018-05-17 00:00:00
fb89dbec79bc8b1f0d12165058cb1cb3,9f26cf541e3e5cc2e1dafa5555cc78ba,delivered,2018-02-24 13:28:11,2018-02-24 13:47:36,2018-02-27 20:24:08,2018-03-08 19:44:28,2018-03-21 00:00:00
93cb3576b5e361f46b9a9f1720a3eb06,30e20b600c72408514e38306ffc7138b,delivered,2018-08-03 14:08:55,2018-08-03 14:43:54,2018-08-06 15:37:00,2018-08-07 23:18:41,2018-08-09 00:00:00
b51636cb252c5b72813e83843f8f73d4,89be18e38f73e5fa754fb173d64a9bcf,delivered,2018-03-09 20:07:27,2018-03-09 20:40:22,2018-03-12 21:21:53,2018-03-16 00:32:16,2018-03-21 00:00:00
898ded7ecb1e4d92997856bd8b7a8aa1,c8f6c692a4e62702f5e636d2865dd447,delivered,2017-03-21 20:03:16,2017-03-21 20:03:16,2017-03-23 15:14:24,2017-03-27 15:45:50,2017-04-07 00:00:00
092ae7e7141e3d69ecd0935d97e14fd9,6e27bba7912469fdd0527f2c6c8ea100,delivered,2018-01-17 09:19:54,2018-01-17 09:31:07,2018-01-19 20:35:16,2018-02-08 22:43:16,2018-02-16 00:00:00
5ab0f11d0dffdb3aa7084f276108fdfb,92f24993236f99b8448fa691826dc67d,delivered,2018-05-15 13:36:29,2018-05-15 13:55:10,2018-05-16 09:45:00,2018-05-22 18:25:33,2018-05-30 00:00:00
00d50baf1bc56a3c59de1810a6b84b0d,430dae64e910e717c1135ff28b67aad2,delivered,2017-05-23 21:55:24,2017-05-23 22:10:12,2017-06-01 11:55:31,2017-06-28 11:19:37,2017-06-23 00:00:00
191c451ac0475419ae3c6e7dd134545d,595db1a58f8b33d7c1358fc3d894c1a4,delivered,2017-04-07 19:48:37,2017-04-07 20:03:09,2017-04-12 06:52:48,2017-04-19 15:58:05,2017-05-03 00:00:00
45f515769238adec68b3ed763acbc3b2,01208d73b8f2d0e10347aae1242a12fa,delivered,2017-06-09 23:23:45,2017-06-09 23:35:19,2017-06-12 16:14:06,2017-06-19 14:40:39,2017-07-06 00:00:00
6ef172eee30cfbfa01516ce2eb2ee68f,506a9747164ba320cf874723aad41c23,delivered,2016-10-07 11:37:12,2016-10-08 03:51:24,2016-10-12 03:51:25,2016-10-15 03:51:25,2016-11-29 00:00:00
aae94c2aeef4dd87a92315ae2f25f67e,398058a183d74d961177b370d76e443f,delivered,2018-03-15 18:15:20,2018-03-15 18:28:48,2018-03-16 12:52:05,2018-03-22 14:18:33,2018-04-09 00:00:00
820967deb14804facfa599c683438b09,c336ffa7394e94710f4ebf37935825fb,delivered,2017-10-22 14:40:39,2017-10-22 14:56:07,2017-10-24 11:18:45,2017-10-27 16:12:55,2017-11-09 00:00:00
d7541649368af95f781177990c686696,095e83440b663f60b4fa7b13731f0a04,delivered,2017-12-20 17:18:31,2017-12-21 16:35:22,2017-12-26 23:58:36,2018-01-11 21:24:21,2018-01-22 00:00:00
84d54e2fe6fc76e34d897b32c59dd75d,40ada5e3dc4b3c488f9367c4ba39727a,delivered,2017-06-24 16:20:33,2017-06-24 17:00:07,2017-06-28 13:43:57,2017-07-03 06:52:00,2017-07-20 00:00:00
fa82edaf6d788f4a8a80e2f8fc4cb9b7,0c5be6b354afcc24ff40642e4538268a,delivered,2018-08-26 19:04:05,2018-08-26 19:15:16,2018-08-27 14:43:00,2018-08-28 19:52:42,2018-08-30 00:00:00
7b875e17a8b649ecb72124320bdfd20f,399c6c81654067bed2b65f0265f1282b,delivered,2018-01-28 22:45:22,2018-01-28 22:53:23,2018-02-02 01:42:28,2018-02-16 00:46:39,2018-04-30 00:00:00
f36968a6fff53a64b407f705a0566478,1062d9c6d405aeb42ec6fa9b937238a7,delivered,2017-12-16 12:40:05,2017-12-16 12:55:49,2017-12-18 21:03:20,2017-12-28 18:29:12,2018-01-11 00:00:00
17c378811f6ab30e2c7d554f2d4fbd44,ed3a94d132e06f96fa99c1f1640496db,delivered,2017-07-27 20:36:00,2017-07-27 20:50:26,2017-08-04 17:47:41,2017-08-29 19:00:29,2017-09-11 00:00:00
99bd93d530d8b588cc9fe65dddee7411,d4d42d766020a2cab496ebe924934162,delivered,2017-10-30 14:21:13,2017-10-31 14:15:56,2017-11-01 19:27:05,2017-11-03 21:38:35,2017-11-16 00:00:00
c2339bbec3aaccee5dfb887e03903617,f12f332ebbf1b1f68126b31bcc25429b,delivered,2018-06-01 13:49:15,2018-06-01 16:11:41,2018-06-04 14:08:00,2018-06-12 20:42:08,2018-07-19 00:00:00
eddf1b58726e1b53c010f681422195fc,9fff124c067a8e923fbcf6cdea20ea56,delivered,2017-08-03 14:17:03,2017-08-03 15:30:17,2017-08-09 21:27:36,2017-08-17 21:03:05,2017-09-01 00:00:00
76605cf925ed0ddb1629abe46ecf0fe7,4a30fabb5431e637b6a8ef606e9ea9ba,delivered,2018-06-26 12:08:57,2018-06-27 12:08:25,2018-06-28 15:41:00,2018-07-02 22:37:58,2018-07-20 00:00:00
c1f39bb1d57f413cc9d3086d546b3866,2f20e98344b75554e78a681c992cb5d3,delivered,2017-09-12 00:22:40,2017-09-12 14:30:32,2017-09-14 14:03:57,2017-09-19 19:38:47,2017-09-28 00:00:00
ecf7e61d0f5617017f9105bf07f390f6,4603b60ea92a73e8a68c72269d5a88a5,delivered,2017-02-19 03:33:17,2017-02-19 03:45:13,2017-02-21 14:34:38,2017-02-24 09:47:39,2017-03-17 00:00:00
0550cddd79cea841641e17c802d9c403,02385ca219b24812b4c7c65818e3b06a,delivered,2017-08-09 16:57:21,2017-08-10 06:45:12,2017-08-11 13:49:40,2017-08-14 11:25:51,2017-08-22 00:00:00
c80568cc3de3ee4efd40e9329b74b233,282e5e59f9bed5c561e52c14586bd6c5,delivered,2017-07-27 11:15:09,2017-07-27 11:30:07,2017-07-28 17:45:37,2017-08-09 18:52:25,2017-08-30 00:00:00
2e386e86851d57f3a4f9b2bde748df42,cd2aeb7652a5a67b8da8c50950351f0c,delivered,2018-01-03 22:02:54,2018-01-03 22:11:36,2018-01-05 00:20:03,2018-01-11 16:49:35,2018-01-26 00:00:00
9f47e04f95b2bba1442d5bbf0611733e,ed6d5239528458c1a45a3b15105ea27e,delivered,2017-05-09 19:28:46,2017-05-09 19:42:28,2017-05-16 15:36:22,2017-05-17 10:42:04,2017-05-25 00:00:00
7a2226788e3271396a9eacab9c7533ff,afa43790ae863947519d2d28d5606633,delivered,2018-02-24 12:48:15,2018-02-24 13:07:42,2018-02-26 21:16:55,2018-03-12 18:36:43,2018-03-28 00:00:00
7c086fb9c0a3c91487ff8c4395bd64b6,7997729f17343b6f2bb7f4e809d868ba,delivered,2018-03-19 05:50:49,2018-03-19 06:09:23,2018-03-20 19:58:54,2018-04-10 18:56:26,2018-04-10 00:00:00
5be0a4b3c5edf92cb76efb03c61c2474,839b34274b35a7d587a82f2d22d4adb9,delivered,2018-08-01 00:25:31,2018-08-01 00:44:08,2018-08-03 15:10:00,2018-08-06 17:28:36,2018-08-10 00:00:00
9e7a3686660a2b85282c9b3e2111602e,96a150873b4c18818a6d9011c534abc9,delivered,2018-05-16 10:23:19,2018-05-16 10:37:35,2018-05-16 10:53:00,2018-06-05 01:02:17,2018-06-06 00:00:00
fdf6635fc014c7f771754eefe24ff684,d204659d7a7e5e8d95820be143be3acc,delivered,2018-01-14 18:50:16,2018-01-14 19:09:18,2018-01-15 23:39:49,2018-02-02 02:50:58,2018-02-14 00:00:00
0b27e5029dd7bd0891b5da96fa33a93b,f18cdb6c4c7b85a238a9ececbe4112e2,delivered,2018-08-18 13:38:46,2018-08-20 11:49:51,2018-08-21 20:05:00,2018-08-30 12:32:42,2018-09-25 00:00:00
a92e6290657082950fa4ebb6fe8141a6,0f9fc50c9cc8ee06c5d2445655e4bca0,delivered,2018-05-20 16:15:36,2018-05-20 16:30:10,2018-05-22 08:06:00,2018-06-13 00:15:34,2018-06-08 00:00:00
d1c433d85b26e0171d6f80a9356ae7bf,df6e96da5aba22aaf0e63f79c82b0e6f,delivered,2017-11-24 10:33:49,2017-11-24 12:38:31,2017-11-29 22:52:43,2017-12-05 16:22:53,2017-12-26 00:00:00
4cb8cb3ecb5dbc9df36cb56451499a0f,6daa8f0dc2e558d601f7ed53eb6188e0,delivered,2017-09-07 23:47:40,2017-09-08 00:03:08,2017-09-11 14:13:05,2017-09-24 17:39:50,2017-10-05 00:00:00
3c1ceafa085d9c28c784b0ad99895a6e,dadfdba2f1a53778ac008daad465d544,delivered,2017-03-28 17:10:37,2017-03-29 02:22:33,2017-03-30 16:27:33,2017-04-18 06:48:58,2017-05-03 00:00:00
5ffc7455c07cb79260d36024277e417a,8edf9775ff2d85510096c409785457a3,delivered,2017-02-06 17:02:13,2017-02-06 17:15:06,2017-02-07 05:09:29,2017-02-21 10:57:37,2017-03-17 00:00:00
7a9436be8022293777e4f2619c171b17,b2cbce849410403be11de7f51dc04ac0,delivered,2017-12-06 11:12:32,2017-12-06 12:03:40,2017-12-06 20:23:01,2017-12-19 19:56:43,2018-01-03 00:00:00
ab2689fb3d9f1cf323c75b49d6a393e8,66138f93472ce2d46ee1e3d7c716a51c,delivered,2018-05-04 15:59:47,2018-05-05 15:55:18,2018-05-08 15:55:00,2018-06-06 09:15:59,2018-06-07 00:00:00
6685b09627204e7cd04be4b077ad21d6,312543d64e7713e1993cb0f1eb618a22,delivered,2018-02-07 22:03:41,2018-02-07 23:09:52,2018-02-08 20:14:05,2018-02-19 20:22:33,2018-03-13 00:00:00
71bb4b0d814139920f939608c9d37685,adbf0c3f16cf7a8694225b8853458877,delivered,2017-08-17 08:58:53,2017-08-18 02:31:03,2017-08-18 12:41:22,2017-09-02 15:29:53,2017-09-19 00:00:00
c4e6c7d5fa7585017ea3c7bdaa32a956,bee0caa1c2c4ec9867df20ceef6b5a7e,delivered,2018-04-19 15:08:19,2018-04-19 15:38:29,2018-04-20 19:39:47,2018-05-09 20:26:55,2018-05-17 00:00:00
2c6e01c8eed693c9cddbaf86bdd25e31,02bcc64ec51494bf78f5a83c1414a4eb,delivered,2017-08-14 12:19:13,2017-08-14 12:45:22,2017-08-15 17:52:43,2017-08-21 23:15:37,2017-09-05 00:00:00
8af844e18cf7ddedd50343fcd0990863,f9a64a6822305f6ef6d94f347af822ae,delivered,2018-03-08 12:49:00,2018-03-08 13:10:30,2018-03-09 19:32:16,2018-03-14 01:08:37,2018-03-20 00:00:00
7e50d85d90ed82feaf9011470ce9e36e,42247da546edf5752cf0a3259d18df38,delivered,2018-06-08 23:20:40,2018-06-11 08:58:15,2018-06-13 13:52:00,2018-06-22 19:58:31,2018-07-16 00:00:00
b9fdbff1d403555f4d184966b1ac398e,aaeab2e85bf09f0054194d80783a4cbc,delivered,2018-07-31 09:25:39,2018-07-31 10:00:10,2018-08-06 14:22:00,2018-08-07 18:55:09,2018-08-15 00:00:00
44815cc7c0caea31d6002373f52bec23,4b5ea9d1e61ab5eba117fd91eb7862b9,delivered,2017-09-15 14:44:26,2017-09-16 10:08:13,2017-09-19 15:13:56,2017-10-04 21:11:04,2017-10-17 00:00:00
a916ef54d66196808d8852471ef39edf,c3e03d1569832dcb3cdfa2ea53369220,delivered,2018-01-24 12:29:19,2018-01-25 02:57:47,2018-01-26 22:38:51,2018-01-31 22:35:41,2018-02-16 00:00:00
fe6de2a2f0a13307c3b9718817d14c7c,a2149ebf1a15e45e7b38fd8e2d97c704,delivered,2017-07-09 19:01:26,2017-07-10 21:35:18,2017-07-12 10:16:36,2017-07-20 16:39:57,2017-08-04 00:00:00
f060d1eeb07c0294f897df1ff19d4b99,68ebcac94ae12019a0d4412660f8f1d9,delivered,2018-08-08 18:48:49,2018-08-08 19:04:49,2018-08-10 10:52:00,2018-08-22 15:33:51,2018-09-04 00:00:00
fef88a82df9affd47bdc67a4c8bbe4b2,bc6b9c888681765f177cacee35b6157d,delivered,2018-02-13 22:20:34,2018-02-13 22:35:25,2018-02-15 16:35:49,2018-03-01 23:36:41,2018-03-12 00:00:00
f74730419f6f2508e020bfb728606058,e40ac6d2d8a71ed4d27468d5564b7a92,delivered,2018-08-08 17:54:25,2018-08-08 18:05:21,2018-08-10 08:26:00,2018-08-13 23:52:28,2018-08-21 00:00:00
b39b424d0d3ee3397614f97926ed63b6,b08d990513d3a4b14828642b56ae3c02,delivered,2018-08-03 11:26:27,2018-08-03 11:44:07,2018-08-07 14:51:00,2018-08-14 12:36:33,2018-08-16 00:00:00
0f121110b75ef7c38c79d67833c49830,d506a6e68d7d209947cc3fb558a3a09c,delivered,2017-09-14 10:12:04,2017-09-14 10:25:47,2017-09-28 15:03:58,2017-10-10 15:13:21,2017-10-23 00:00:00
df506acc7ef7a1311a4602005f0c982e,1379dcee952b1e41e65f13755f51e001,delivered,2018-06-27 17:35:43,2018-06-27 17:51:07,2018-07-03 06:00:00,2018-07-09 21:38:31,2018-07-30 00:00:00
d2945e686c883978378a10e49be7fb24,73cb441c896a460a30affe43bff3df82,delivered,2016-10-06 19:38:12,2016-10-07 10:11:09,2016-10-14 23:21:11,2016-10-18 18:34:50,2016-11-28 00:00:00
6e7d56b33e25e67ee602c9bfb9a63018,748d0a448acf0d2296b277ab8f8d451d,delivered,2017-07-30 11:30:39,2017-08-04 11:33:04,2017-08-01 17:25:38,2017-08-04 19:57:56,2017-08-11 00:00:00
4631c1e3bc2f88c99b9ffcb6a8a62e37,6467fe19883330361d51a6b3df90ce59,delivered,2018-01-13 15:17:12,2018-01-13 15:29:08,2018-01-15 16:34:30,2018-01-21 16:52:47,2018-02-14 00:00:00
c9d0365e799572906dd4a83e17d1b6e5,9ee66eb44f775d666d668af72dc76499,delivered,2017-01-29 23:24:19,2017-01-30 00:31:49,2017-01-30 10:52:01,2017-02-07 11:48:59,2017-03-16 00:00:00
8b564962527dd053cfc85c8fc98ad1df,7a9f83795de1c16c6be36870eccd9b10,unavailable,2017-10-09 16:38:21,2017-10-09 16:56:30,,,2017-11-08 00:00:00
1dacb75a3f524523a6521835a6787057,92f8771418e7b8dff78750306809ecea,delivered,2018-08-13 16:50:25,2018-08-13 17:04:34,2018-08-21 16:30:00,2018-08-23 01:31:41,2018-08-20 00:00:00
6a5f6e137c8ecd4e1389645cfee6182b,dd9e4c1eca6003eba8ada3a5b1484563,delivered,2017-10-07 17:56:41,2017-10-07 18:07:25,2017-10-10 17:30:18,2017-10-16 18:42:27,2017-11-01 00:00:00
e54245d9ada10a3d2910565a0bc2fdbf,811304598ea0c428e694dd8a6ded84d1,delivered,2018-02-17 22:10:09,2018-02-17 22:26:31,2018-02-19 20:25:15,2018-03-15 14:41:50,2018-03-16 00:00:00
1491a4777b694dc4c2e8916fd9a99b1e,d23d90c1f2e9ef50c8536ac262199950,delivered,2018-01-19 18:25:30,2018-01-19 18:35:20,2018-01-27 15:28:45,2018-03-02 18:18:36,2018-02-19 00:00:00
fd5dcd7ef5f731d33e85a73c6a76e4a9,98b6834cd613456c3c7f38402ef94cc1,delivered,2018-01-04 17:54:28,2018-01-06 13:48:31,2018-01-08 21:27:15,2018-01-16 15:46:00,2018-02-02 00:00:00
5fc2475da462df87150a6013f0879f5b,00ba7e4052ff6531f4e8aa0b0054318b,delivered,2017-05-07 12:10:01,2017-05-07 13:05:55,2017-05-10 08:47:55,2017-05-19 14:27:50,2017-05-31 00:00:00
892e04325197686b3f5a32eb5fb38177,a95a3515eff43dcc042cd6af4c28bc7d,delivered,2018-02-14 11:52:13,2018-02-15 03:55:52,2018-02-16 01:26:55,2018-02-28 20:06:30,2018-03-01 00:00:00
baac0911f2a4d722ae9402a45b7e995f,edef03bdc413c0a6511fff76b3c9e0b7,delivered,2018-05-15 16:55:25,2018-05-15 17:15:24,2018-05-16 14:16:00,2018-06-01 15:41:24,2018-06-11 00:00:00
fcf380438c697a895901151d7a333c5c,003a75d228dc67cb2918e40c2aacc4bf,delivered,2017-10-19 12:07:22,2017-10-19 12:26:11,2017-10-25 20:32:42,2017-10-26 17:32:30,2017-10-31 00:00:00
1f57e9ff5f61f27154f91721393f9615,50074838d31ff6a3560df49cae0d534d,delivered,2018-03-01 07:30:51,2018-03-01 07:45:21,2018-03-01 20:37:09,2018-03-08 16:30:23,2018-03-21 00:00:00
7588fbb6c9001d45b0f2bafb4be7ef56,a1c991feff10a10e9c9e4d0bad6fe1e9,delivered,2017-10-15 17:15:38,2017-10-15 17:56:25,2017-10-18 16:22:43,2017-10-25 22:02:56,2017-11-01 00:00:00
806d19127814e557e910ad0c90891886,d56fc85fbbd22594447cb37f68c02e95,delivered,2017-05-12 15:39:49,2017-05-12 15:55:15,2017-05-16 10:18:59,2017-06-01 15:03:23,2017-06-19 00:00:00
cc3518a32accaeeca420bab0fedd0661,ab8f0f8aebb8b6b7369a7aee659fdcb1,delivered,2018-01-03 11:59:24,2018-01-04 05:14:56,2018-01-04 23:22:30,2018-01-23 22:36:11,2018-02-06 00:00:00
3b477558dd43ca0e069be6c79321aa26,73e9ca3feda9327182d698425804e4cd,invoiced,2017-05-08 12:04:22,2017-05-08 13:02:50,,,2017-05-29 00:00:00
739706624ef992fc93bb60f5df5e1278,80d1b0a1bf64b3976917a886a2dd62dd,delivered,2018-08-15 22:27:30,2018-08-15 22:45:13,2018-08-17 10:55:00,2018-08-23 16:17:13,2018-08-29 00:00:00
f6a88671e8773e56db1b3d82d29a01ce,5d5d33e9eb05f3287dd028e3818a9a99,delivered,2017-07-11 20:16:19,2017-07-11 20:43:43,2017-07-12 19:14:39,2017-07-17 17:40:06,2017-07-31 00:00:00
e86fb2abd1932ca34230cb407378e9d8,abfb0f5c3e33e9758046fd150f11f8d7,delivered,2018-03-07 15:10:04,2018-03-07 15:32:16,2018-03-13 21:51:26,2018-04-17 21:58:21,2018-03-27 00:00:00
2ec3fb192c828ca618c797ccb2c22a3e,0ab3d6b4dbec9970125fb421e7d69f75,delivered,2017-10-31 13:39:17,2017-11-01 03:35:34,2017-11-04 04:12:50,2017-11-13 21:25:50,2017-12-01 00:00:00
82516b1bbe4b8bbcb50025b8cbd62505,cba10f2bbe92f7f14a7c042facc2d358,delivered,2017-12-22 17:43:58,2017-12-22 17:53:26,2017-12-28 20:29:33,2018-01-03 18:34:34,2018-01-15 00:00:00
b99b9205eafc5fa75cfce1be7d1d9bff,578c6b9a577d79103c6328de248eea5e,delivered,2018-04-06 09:20:57,2018-04-06 09:30:21,2018-04-07 01:18:34,2018-04-13 22:51:49,2018-05-03 00:00:00
86c411cc5e0c28b069f3e98edc6e6290,37264a2e16c50d5240898ea7f185312d,delivered,2018-07-10 13:42:04,2018-07-10 13:50:17,2018-07-11 14:58:00,2018-07-12 17:41:35,2018-07-18 00:00:00
4d43556083ebb5d85e8a49e87730add6,f0a88549dc79279163f18562c41ce81f,delivered,2017-05-02 06:49:31,2017-05-04 11:42:49,2017-05-04 18:47:49,2017-05-12 13:44:24,2017-05-25 00:00:00
7c67a9f94c58c5b1c1a40953151fbccd,e3ee993f5b68f60fdda5d3fb16299fd2,delivered,2018-08-26 19:01:18,2018-08-26 19:15:16,2018-08-27 11:25:00,2018-08-30 12:07:55,2018-09-18 00:00:00
4f971c4ebb15cc7cc89db8cf3acd2b33,f97aca2b8c62877d486e8afccaac5898,delivered,2018-04-09 23:34:35,2018-04-10 00:49:39,2018-04-11 15:24:36,2018-04-23 13:38:24,2018-05-04 00:00:00
34b3d6f518fb789c443e4ec00f9bb0ce,0340b2de09f18a986fea9f26cc7b2d9c,canceled,2017-05-25 13:07:50,2017-05-25 13:22:31,,,2017-06-19 00:00:00
a37f223ddfb275821019dd70ef97b23f,19fe071421f0c3e88b95a638f494d4a7,delivered,2018-08-19 19:37:08,2018-08-20 14:30:15,2018-08-20 18:20:00,2018-08-22 00:42:33,2018-08-23 00:00:00
1a69d5fdff0003d4571dffa1a9a10967,ed12242ad54c1e72af61e6f7faa4ef09,delivered,2018-02-19 13:33:29,2018-02-19 13:46:44,2018-02-22 00:21:28,2018-03-08 23:34:31,2018-03-13 00:00:00
f7361cf43f37fb3e52d766023b2a2205,b7c6a7b4843f3e00ff86559c717db968,delivered,2017-05-25 09:00:19,2017-05-25 09:10:18,2017-05-26 10:18:48,2017-05-27 04:44:54,2017-06-07 00:00:00
fe114439ae61b71927352b185b73550d,7b07b69535a74728a0b01adb13414b46,delivered,2018-05-09 11:58:19,2018-05-09 12:15:30,2018-05-10 12:01:00,2018-05-18 12:32:54,2018-05-25 00:00:00
7a8adf1b52b8d3c0735699f5708bf513,c0b26f372775acfd5f2d1a8e256fb9d6,delivered,2018-02-26 20:27:00,2018-02-27 22:48:13,2018-02-28 19:57:42,2018-03-13 23:58:32,2018-03-23 00:00:00
f8d631ef8b5096ff7454bf32eb066adc,d2097ad5b2a41f250574fcb77d7515cd,delivered,2018-05-22 23:36:17,2018-05-24 02:35:15,2018-05-30 13:44:00,2018-06-04 17:28:52,2018-06-25 00:00:00
e94d2aa1b4e27a13571357d326e1694d,ed11d279d89c44bca26fd1b29db725b5,delivered,2018-01-24 15:31:27,2018-01-24 15:58:02,2018-01-25 15:25:42,2018-02-07 15:48:56,2018-02-19 00:00:00
e3369fffb9c064e20cc82f4f612ce0ca,7d6e327dc7acc214784c12a1848a4c0c,delivered,2018-05-04 16:52:13,2018-05-04 17:10:21,2018-05-07 14:12:00,2018-05-10 20:03:18,2018-05-29 00:00:00
395cdd6553a4735ca1839ba756f6fbaf,83e0ab53251715a17d58356fd6567675,delivered,2018-07-23 19:56:39,2018-07-24 10:31:38,2018-07-24 15:26:00,2018-07-30 20:31:51,2018-08-20 00:00:00
c36b0f4253481ba100d5a003cd3b6fc6,7dd79bd17d2be396ffdaabb3244e4213,delivered,2018-08-02 12:24:01,2018-08-02 13:15:26,2018-08-03 15:52:00,2018-08-08 16:36:53,2018-08-16 00:00:00
0dbd48af8e89b595eec029357764af2b,e4e5ff953eaae46ad6d35088e9db153f,delivered,2018-06-09 17:51:54,2018-06-09 18:18:57,2018-06-11 14:46:00,2018-06-21 15:05:02,2018-07-16 00:00:00
fe752108fc4e35deba17eca323635246,591f3c97fbb1c6e0a5b9676b4d734a6e,delivered,2017-12-21 00:30:27,2017-12-21 21:11:04,2017-12-22 18:34:50,2017-12-28 19:13:16,2018-01-18 00:00:00
7b905861d7c825891d6347454ea7863f,2079230c765a88530822a34a4cec2aa0,delivered,2017-08-18 09:45:35,2017-08-18 10:04:56,2017-08-18 18:04:24,2017-08-23 22:25:56,2017-09-12 00:00:00
c12658dc350b49b1970455764f1137f3,79c50087220a5bc7f7d990c39aad78e7,delivered,2018-02-22 14:50:05,2018-02-22 15:08:33,2018-02-23 21:08:25,2018-03-29 23:18:38,2018-03-21 00:00:00
8026c598dd1215d12c3c326458788d7d,824f3575a98b7382fdaf20c8a67737ab,delivered,2017-05-17 17:51:07,2017-05-19 02:15:22,2017-05-19 20:34:38,2017-05-25 10:27:38,2017-05-30 00:00:00
7e61f390f3e0aa3b112e56091d2b9ee3,d6ae16638058915ff2ad94b83cc19e52,shipped,2018-08-17 22:25:09,2018-08-17 22:35:14,2018-08-20 14:30:00,,2018-08-28 00:00:00
4637ca194b6387e2d538dc89b124b0ee,a73c1f73f5772cf801434bf984b0b1a7,canceled,2018-09-03 14:14:25,,,,2018-09-10 00:00:00
52008998ed11bdd670e60f49dd40935c,6cb6c3977a3d51c6ae2bac379e4aab7a,delivered,2017-09-25 20:39:30,2017-09-25 20:57:03,2017-09-26 19:14:58,2017-10-02 18:12:42,2017-10-20 00:00:00
0a5a2c824e893eb66abd0d869f6c45e6,6f1591e62e5032b3d97250dbbead7b08,delivered,2017-08-27 22:13:57,2017-08-27 22:30:13,2017-08-29 18:46:40,2017-09-05 18:10:27,2017-09-19 00:00:00
2baebe65c04491d526afff8c7b67703c,cfc717c6474d14f341aff6a633d59df1,delivered,2017-11-18 18:38:43,2017-11-18 18:50:24,2017-11-23 17:55:45,2017-11-30 17:54:38,2017-12-14 00:00:00
e907b53c6245de45677494c2348dc8cc,553203c044ef2745380115fb3696fba2,delivered,2018-06-26 22:19:28,2018-06-26 22:50:23,2018-06-27 11:17:00,2018-07-10 22:31:56,2018-07-17 00:00:00
59b4abe1af7c9b48dcc8330a65a2be81,7e630d15d865b2701e663c2a6dec9079,delivered,2018-05-11 23:49:18,2018-05-12 01:05:41,2018-05-17 14:25:00,2018-06-05 15:49:07,2018-06-05 00:00:00
01ae5e4c5d2549f7c05000a2f5856c28,9951d99835f50c491d724e5be22150e3,delivered,2017-11-05 15:01:09,2017-11-05 15:15:23,2017-11-08 19:52:12,2017-11-16 15:28:42,2017-11-24 00:00:00
25e8002575a945e8d4ae84ca208daa50,e8ab8f389636432382f031e90d3606bb,delivered,2018-06-18 07:49:22,2018-06-19 04:16:56,2018-06-19 15:47:00,2018-06-22 15:45:51,2018-07-05 00:00:00
8bb61c38933e53a46312713c209dee29,5cf62d2467f616db098ec254256a4e81,delivered,2017-12-12 17:08:25,2017-12-12 17:15:31,2017-12-13 17:22:56,2017-12-18 19:02:15,2017-12-29 00:00:00
7ef259be178f9f06c72a57add85b71cd,a16a13abd16a9d85e4b382ecdc192d33,delivered,2018-06-06 16:55:17,2018-06-06 17:13:19,2018-06-29 15:22:00,2018-07-12 20:03:51,2018-08-09 00:00:00
c8c528189310eaa44a745b8d9d26908b,197a2a6a77da93f678ea0d379f21da0a,canceled,2018-08-28 20:05:14,,,,2018-09-11 00:00:00
801ff9fd867535b5d27f82019cfef7e1,5e8bf0eda6937b9050cc77c6bfe223af,delivered,2017-07-06 10:25:10,2017-07-07 02:45:57,2017-07-11 11:16:50,2017-07-19 19:52:44,2017-07-31 00:00:00
af6abe9c52e60044f9a708a55cb9b189,04c87355ded588f31f753951fd7e4af0,delivered,2018-02-21 22:22:48,2018-02-21 22:35:22,2018-02-23 19:08:25,2018-02-28 16:53:15,2018-03-21 00:00:00
f5505d7f1cc35295b499bba485a876f3,c035da5d1169d55bb2fe42597da25385,delivered,2018-06-19 16:51:49,2018-06-19 17:26:35,2018-06-22 16:22:00,2018-06-28 18:06:33,2018-07-16 00:00:00
6dbf90ca92c05262ffcf5a7988ec31b6,3c5d9be5e99aa56b2b5b0c9d4a2072ef,delivered,2017-11-26 22:37:24,2017-11-26 22:53:14,2017-12-06 23:32:39,2018-01-06 12:36:39,2017-12-27 00:00:00
e2f49525c9c3c8cd854d01239a6726d7,8d0bbe35e14a529f293e0c550c4f6374,delivered,2018-05-02 09:35:22,2018-05-02 09:57:25,2018-05-04 13:17:00,2018-05-10 21:38:47,2018-06-08 00:00:00
caad52d4e709edbd81fa417ccc0179c0,913c6ff534af922ec4d21dc7f1b2db49,delivered,2018-05-09 10:03:30,2018-05-09 10:15:18,2018-05-11 13:55:00,2018-05-16 20:54:31,2018-05-28 00:00:00
523d5e9ab692bee9c8dfd7063351f696,f0d9c201d2ab5c9467693e46b2c3d40c,delivered,2018-05-20 01:15:58,2018-05-20 08:17:30,2018-05-21 11:29:00,2018-05-22 16:48:44,2018-06-01 00:00:00
85c9164bed6016c63dab9cde6887f37e,246ecd502d6e6d53f5103fdc161c2e6c,delivered,2018-02-05 19:49:09,2018-02-05 20:10:46,2018-02-06 16:28:50,2018-02-22 22:59:00,2018-03-02 00:00:00
8fd10b4326b26a7131022cf8f659abef,ad2b0a762916fd035a887d161c19445b,delivered,2017-12-07 02:07:42,2017-12-07 02:15:19,2017-12-12 21:52:42,2018-01-23 19:09:47,2018-01-12 00:00:00
a409968a19f09aaa2d44cebcef64ff53,4871648597f5e905374f3740d8d3fff1,delivered,2018-07-16 16:39:29,2018-07-16 16:50:20,2018-07-17 08:55:00,2018-08-06 17:18:19,2018-08-22 00:00:00
431f71d848d8dc0ee88bdd5ab9697865,6a8f9fcd9f9fa3a59d9813fefaff6a44,delivered,2018-01-21 22:30:31,2018-01-22 14:03:06,2018-01-24 15:28:32,2018-01-26 18:05:01,2018-02-06 00:00:00
3f5a1c29c5881cc9902ed702efbdde45,61260c512475ab1d7519b332199e8c1d,delivered,2017-09-10 19:10:22,2017-09-10 19:23:25,2017-09-15 21:27:38,2017-09-19 14:59:20,2017-09-21 00:00:00
32dad65c7c23a695894f80922d9299ec,da4668d04be436501614b38d36f72375,delivered,2018-02-28 15:52:24,2018-03-01 02:49:01,2018-03-01 15:27:00,2018-03-13 20:52:35,2018-03-22 00:00:00
60587a0b83305888501192ff07ba8bb9,2f38c3926fb8ba143f2741e9e7adc93f,delivered,2017-12-03 12:29:04,2017-12-05 04:13:45,2017-12-07 20:29:53,2017-12-10 13:48:47,2017-12-20 00:00:00
34ca707f0687a186215481e5b55df48a,32f7fa273af43c883fe0b290f86ca006,delivered,2018-02-24 21:10:36,2018-02-24 21:28:20,2018-02-27 16:08:08,2018-03-02 19:41:31,2018-03-16 00:00:00
5857c4471757f3c88440e2f2f405c7c1,e3f7787cf546d9eb3097e856db584f28,delivered,2017-05-28 18:26:26,2017-05-30 04:35:27,2017-05-31 07:12:22,2017-06-05 13:42:25,2017-06-20 00:00:00
ea25a7c224e8ab2c05c2425da85c033d,c7b61613579c9bdffb328c60b8b6c148,delivered,2018-08-15 22:59:53,2018-08-15 23:10:13,2018-08-16 15:12:00,2018-08-21 12:57:45,2018-09-06 00:00:00
bc21fd56e19626007f06da1b7f7b6c39,ce48eb5adf120b207900d03d7cd52c39,delivered,2017-11-06 21:19:16,2017-11-07 04:31:19,2017-11-16 23:08:43,2017-11-20 17:37:34,2017-11-23 00:00:00
2de931311a1cb3001070a6c567124301,57de838eef2ecc95a8b6040a6a5157df,delivered,2017-09-16 13:21:47,2017-09-16 13:35:09,2017-09-19 19:07:15,2017-10-04 17:47:32,2017-10-10 00:00:00
a2cb7138f0dbd806834e29cecfa9f454,c1937fb00658a73317253a822b2a52b6,delivered,2018-01-04 23:20:29,2018-01-05 23:11:25,2018-01-08 20:16:01,2018-01-17 17:35:56,2018-02-02 00:00:00
6012c4f6717daddf50ae413224098301,5499897b58c3ec629f6e695d644177aa,delivered,2018-07-09 12:39:21,2018-07-10 04:45:06,2018-07-11 15:22:00,2018-07-19 18:28:29,2018-08-02 00:00:00
7f984c0a94661992ad50329fb29359b5,b5ad922d0e543779627a2550706c73e0,delivered,2017-10-14 09:38:15,2017-10-15 09:49:08,2017-10-25 22:52:49,2017-11-03 21:39:38,2017-11-08 00:00:00
dcc0ebfe0fa59c24fd859aacb8e1f2e9,1677478f9e63c2843cfc7acb65976463,delivered,2018-03-22 15:57:22,2018-03-23 09:55:30,2018-03-23 20:03:40,2018-03-26 19:48:47,2018-04-04 00:00:00
061cafafafb36839a8ee7cf19ab807c6,a85c4ce1598da0a210287d8af78326f8,delivered,2018-03-14 07:03:01,2018-03-15 03:10:51,2018-03-21 21:32:18,2018-03-23 00:57:01,2018-04-10 00:00:00
6257efd6f6189754247b7a4fe4a1fe0f,929895edb644a1fbb7636ae6555fdf43,shipped,2018-03-23 19:24:16,2018-03-24 02:11:01,2018-03-27 01:57:16,,2018-04-16 00:00:00
858dc2838532d6ec487b622925f25c56,8a70aa71714e9dacc4dac1a4c4b336b9,delivered,2017-05-15 09:49:01,2017-05-16 03:42:32,2017-05-16 16:40:17,2017-05-22 16:53:06,2017-06-02 00:00:00
cc6ff18551eb92a7b41171d26f847102,969f78e4502fe4fc9d432ce2f34d01a0,delivered,2018-01-15 18:41:21,2018-01-16 03:36:25,2018-01-18 16:45:01,2018-01-26 18:18:33,2018-02-05 00:00:00
1d525c1f58c75e74697f3993a3fc80a7,e5e64951448d14fcd1ff8d98ab5f9e71,delivered,2018-01-07 22:22:22,2018-01-07 22:32:25,2018-01-08 16:59:20,2018-01-10 15:11:50,2018-01-26 00:00:00
fd26702a3f7ee5d86580de591ff53e3f,d3b1dd5a9cafa5e8191a28f92a8f5d40,delivered,2017-07-04 08:59:04,2017-07-05 03:04:05,2017-07-05 13:41:24,2017-07-12 12:57:30,2017-08-01 00:00:00
6f211f55f5d2168a3c9d8c60e6a89c3d,726e75bfe782c4674b24619653011d9d,delivered,2018-05-12 09:39:18,2018-05-13 09:35:21,2018-05-15 15:15:00,2018-05-17 23:38:54,2018-06-01 00:00:00
0627a80d6b5c65e9b212271f845e34da,d94f717fa5e77c3d7b16ee7cccdfe45e,delivered,2017-10-30 22:57:51,2017-11-01 03:31:16,2017-11-14 16:32:31,2017-12-15 02:55:01,2017-12-08 00:00:00
b9e02f2f3a6648709578cdd17f31976d,a90a58018ba607a42d2f0c56857fe3d8,delivered,2018-01-30 14:38:19,2018-01-30 15:10:55,2018-02-02 15:32:35,2018-02-15 16:33:39,2018-02-21 00:00:00
492e8ed750e427ec9d97ca8d4d4eb69c,d8e2eb3e9f0c4624e6774d0241e81954,delivered,2017-02-07 23:13:17,2017-02-07 23:25:10,2017-02-09 13:43:20,2017-02-14 13:12:33,2017-03-08 00:00:00
793fe057b09c8c2bebdd48451e985432,752ce9de228d0aa05ded6c88c1b176df,delivered,2018-04-17 15:53:53,2018-04-17 16:30:36,2018-04-19 18:03:47,2018-04-25 17:08:55,2018-05-24 00:00:00
064eacf6619a7203b06b7187bf3a3779,1731604d6fcd6fd6dbc0e2e12d552ddb,delivered,2018-01-03 18:07:35,2018-01-03 18:17:30,2018-01-05 18:17:58,2018-01-16 16:35:03,2018-02-02 00:00:00
fd15c3951b25d11abd0fcc3518ef2b42,7d2923a34828c8f767f2c6b110ddf4d3,delivered,2018-04-19 18:43:44,2018-04-20 07:32:03,2018-04-23 22:06:31,2018-05-03 14:19:14,2018-05-17 00:00:00
4196c75071e7c2d5ca1fb521e2dc75a2,c4b2c169ecb610bcbc293e907c08081c,delivered,2018-04-23 07:56:35,2018-04-24 18:57:06,2018-04-25 14:30:00,2018-05-08 02:05:33,2018-05-16 00:00:00
b32d933cbb60baceeffff29dad694641,8588989971302386a38473265806affb,delivered,2018-08-16 09:18:25,2018-08-17 03:35:10,2018-08-20 13:07:00,2018-08-21 13:21:01,2018-08-21 00:00:00
5c86a3bce0bf5ae461b06446d58b323c,225008b45eaf94a20275ae749fc63983,delivered,2017-06-02 08:48:45,2017-06-02 10:50:19,2017-06-08 11:44:19,2017-06-26 07:42:36,2017-06-27 00:00:00
08bdb086a562d4a730e238d0ba09be26,2645421a41e015b1818b76759bf2c49a,delivered,2018-02-08 07:57:06,2018-02-08 08:10:24,2018-02-09 23:33:46,2018-02-26 17:42:06,2018-03-06 00:00:00
6a7f146c996d90e099636967012fdc8d,0e7393ef1ebb20126cf9f31cf7259302,delivered,2018-03-04 16:36:42,2018-03-04 17:28:28,2018-03-07 00:37:46,2018-03-19 19:03:38,2018-04-06 00:00:00
907ccd3dfa00fa686c55005689b891e1,b6db31d15c20b950ea5002e99486a1f1,delivered,2018-05-08 18:42:04,2018-05-08 18:55:27,2018-05-09 11:14:00,2018-05-18 18:08:45,2018-05-25 00:00:00
6279fb07bd3980aec19cfa5c3fb66118,523c3fe129657579768655ed4e6e5f96,delivered,2018-05-12 08:28:00,2018-05-12 08:51:45,2018-05-15 11:04:00,2018-05-16 20:39:44,2018-05-29 00:00:00
de7a40e39e02017beee1513d57ea0467,a6d5d3636fac08d83cdda01174465f15,delivered,2018-03-28 10:07:07,2018-03-28 10:28:45,2018-03-28 22:21:11,2018-04-10 18:14:34,2018-04-19 00:00:00
8c510c44b51565dc8e76fca5cb99f860,038c357f0618e32eadd4f356a6c1229a,delivered,2018-02-27 14:01:27,2018-02-27 14:15:26,2018-02-28 21:37:20,2018-03-09 20:44:43,2018-03-23 00:00:00
d17257adac505bd94de0bce06cff3547,bb31f17e002c3cb7358496d89a4e3293,delivered,2018-05-17 09:49:30,2018-05-18 05:16:25,2018-05-18 10:13:00,2018-06-01 15:32:10,2018-06-05 00:00:00
301507cc236bfc4b5eed4fd3dc664c12,98e291daf328c08849cb0369cd861a14,delivered,2018-04-03 22:55:48,2018-04-03 23:10:11,2018-04-04 23:18:28,2018-04-05 15:32:56,2018-04-17 00:00:00
a650c714762d0184be820c5e311c8d96,e07b59a7108cd76e53e18fe3748394ee,delivered,2018-08-05 06:31:51,2018-08-05 06:45:07,2018-08-09 14:26:00,2018-08-10 21:48:22,2018-08-23 00:00:00
1b68cfcb862b5d454c4812021edbe3b4,c377db3c410c88f51fa477a5cc0be291,delivered,2018-07-17 20:51:27,2018-07-17 21:05:41,2018-07-19 15:26:00,2018-07-24 23:16:49,2018-08-02 00:00:00
69477156227df21c82fda29850060511,39158ecf3ff6201bdab0f2bed9f00149,shipped,2018-05-17 20:47:54,2018-05-18 02:36:18,2018-05-21 11:04:00,,2018-06-05 00:00:00
d0dcef5f811f8e0b4f67f1f26805a8a6,4acd2f01ec378db9eca84598a4f4ab0c,delivered,2017-08-05 14:13:02,2017-08-05 14:30:15,2017-08-07 20:34:53,2017-08-10 20:42:02,2017-08-28 00:00:00
2ebdfc4f15f23b91474edf87475f108e,29f0540231702fda0cfdee0a310f11aa,delivered,2018-07-01 17:05:11,2018-07-01 17:15:12,2018-07-03 13:57:00,,2018-07-30 00:00:00
d9ecfbca463d0edab5f63732a812a5d1,74f3420d05bc68c7aca52b3b73fc9ae2,delivered,2018-02-20 11:21:19,2018-02-21 06:25:10,2018-02-21 21:23:59,2018-03-16 22:08:52,2018-03-21 00:00:00
232f30270c13607c2184ab9980245bfc,bc7eb769eeb68a51edf0205462dc15de,delivered,2018-08-01 16:44:36,2018-08-03 04:35:18,2018-08-04 10:51:00,2018-08-08 21:51:55,2018-08-15 00:00:00
6440501490dabcc13bc292e417ca410c,5793f678892bf48b7d7065fd9e0c7d7f,delivered,2018-07-13 11:23:14,2018-07-14 02:45:15,2018-07-16 18:34:00,2018-07-30 12:26:34,2018-08-10 00:00:00
00d5fac7792747fba4b528f23930bebd,83b22908078c379ad87b33bd9034ebc2,delivered,2018-03-06 11:33:17,2018-03-06 11:55:39,2018-03-08 01:13:43,2018-03-14 20:10:54,2018-03-27 00:00:00
30d2a2368488274228f1d64c2ab3231e,ac57edb936ba767e31cdfd3d727932d6,delivered,2018-06-01 01:47:21,2018-06-05 04:31:01,2018-06-05 14:51:00,2018-06-26 00:12:44,2018-07-19 00:00:00
f779d4c1a2d02746570b5124c38302fa,d663f3d2620ac39c3fcbafebccf8f166,delivered,2017-06-10 15:38:16,2017-06-10 15:50:16,2017-06-12 13:15:51,2017-06-26 11:21:19,2017-07-11 00:00:00
edbcacae5cb8f20f789d86dc0cf80ade,a2c32079da05c60d8e39eee66b12530c,delivered,2017-01-31 18:49:35,2017-01-31 19:01:36,2017-02-02 10:18:59,2017-02-08 15:05:59,2017-02-27 00:00:00
81c277d38bfc8beca560a53fac3646f5,1748b9f945e5b64b45417d766da4e07f,delivered,2017-09-11 21:36:12,2017-09-11 21:50:14,2017-09-13 15:07:39,2017-09-14 18:32:30,2017-09-21 00:00:00
007ec946d4f798caf2b43c9d44c56421,3ace63287bc8b41172016c06a5093808,delivered,2017-11-24 13:05:15,2017-11-25 04:15:38,2017-11-28 19:27:06,2017-12-06 22:38:40,2017-12-26 00:00:00
722472fb65236469ae8a7934269a980f,b362913ed32818b745caa7396e5fc17b,delivered,2017-07-19 21:31:19,2017-07-21 02:55:14,2017-07-21 16:13:10,2017-07-31 17:37:39,2017-08-10 00:00:00
7ae297a5353312db3c47746c3b1a8527,8b117077bfcf3d5f2b425c8735d78a40,delivered,2017-11-28 19:55:45,2017-11-28 20:15:37,2017-12-01 00:46:49,2017-12-05 15:42:45,2017-12-27 00:00:00
527ef7d428c7f5edbd92451ba0b7ce70,ef17f9a2e7925f62d5db83763b2aa4c7,delivered,2017-06-07 16:38:50,2017-06-07 16:50:17,2017-06-08 15:29:01,2017-06-19 16:29:40,2017-07-04 00:00:00
b324f4270850cbba23533b9a9d3434a9,e9ca879579f4bf6379cc71a0f0d10c2f,delivered,2018-04-01 02:36:48,2018-04-01 03:27:28,2018-04-02 19:05:35,2018-04-03 21:38:39,2018-04-12 00:00:00
1404879b6eab59758d3d92fc8f504f98,fdbed455fe5a8f3029c4b4bfe8ad5500,delivered,2018-05-08 21:07:09,2018-05-09 03:11:43,2018-05-09 14:21:00,2018-05-16 21:42:09,2018-05-25 00:00:00
9fe1f3d48d5a0ba5eb84e53689b8a766,1dc4c9fec0b8dff52815bc148005e1e2,delivered,2018-03-10 19:39:25,2018-03-10 20:20:22,2018-03-12 19:21:54,2018-04-11 19:57:39,2018-04-04 00:00:00
6bca1e1153602e07db22966a5b800e9c,2026b1c867563bed4845509e3020574e,delivered,2017-11-06 21:18:16,2017-11-07 04:31:42,2017-11-08 20:26:49,2017-11-13 17:09:33,2017-11-28 00:00:00
7aed06997400a84f154227f83f9a8f86,7da9a89355550dc1056ad9d8a9a7028b,delivered,2018-05-18 13:11:50,2018-05-18 13:36:32,2018-05-18 13:50:00,2018-06-06 19:03:47,2018-06-12 00:00:00
c0db7d31ace61fc360a3eaa34dd3457c,80c0276f1c674e7b026d5a39799afaa4,delivered,2018-02-13 16:36:56,2018-02-13 16:50:30,2018-02-14 19:12:31,2018-02-16 18:06:52,2018-02-23 00:00:00
4bdde1ba1f6aef6c851f5ba80be3433e,75d3a2981d8edde1ecc2ecac7f82e4bc,delivered,2018-02-16 14:21:36,2018-02-20 07:26:51,2018-02-20 18:05:57,2018-03-08 02:05:32,2018-03-14 00:00:00
1c009b90a698d21d53fcda6aee401ad4,2a05b113978f1620a688760fa3873b8d,delivered,2018-06-18 22:17:30,2018-06-18 22:37:08,2018-06-20 12:27:00,2018-06-25 14:04:49,2018-07-11 00:00:00
1d8a6b3b4362492f06a5da27121fd530,34324e7a13247e2859ac8c1d3636e3f0,delivered,2018-04-10 20:56:15,2018-04-10 21:15:20,2018-04-14 01:12:37,2018-04-19 23:51:34,2018-05-03 00:00:00
40d9b709b3b6a77fcd309165705f58d7,d707f0c570bead47049c3a517b657b95,delivered,2018-07-29 15:38:03,2018-07-30 18:31:09,2018-08-14 12:56:00,2018-08-20 16:21:00,2018-09-10 00:00:00
ad7af94fde1de7cae7f6aea90e45823b,a8a812ac63050ceaaaa30a9fa3a0db1e,delivered,2017-08-13 16:38:05,2017-08-13 16:50:12,2017-08-14 15:19:47,2017-08-21 18:47:44,2017-09-05 00:00:00
72b014780c2effe0419b8bb4b534d612,aae2be15a6f6c5b953b34cb4fc7be29b,delivered,2017-11-08 12:00:01,2017-11-08 12:11:30,2017-11-09 17:32:28,2017-11-21 20:58:36,2017-11-29 00:00:00
37a63972d6fa35618d22858e3cffefc1,9517bc0cc0531f3b191708822d0cd1aa,delivered,2017-12-12 01:34:43,2017-12-12 01:47:12,2017-12-12 16:14:50,2018-01-25 21:38:47,2018-01-12 00:00:00
730c83933acab283b21bae7b3fcc91d1,6e37091e698b4eededd017fa87a1ce5b,delivered,2018-07-05 08:54:50,2018-07-05 16:07:03,2018-07-05 14:24:00,2018-07-11 16:16:48,2018-08-03 00:00:00
ddf7e19dc4d5ff4be22e808142f35e5d,806f7c1753a3be75c708138b58666ea3,delivered,2018-03-03 09:07:44,2018-03-03 09:28:50,2018-03-07 02:37:39,2018-03-26 20:42:46,2018-04-05 00:00:00
9d9866633100cc4ffb5fc63ee78fb52f,a19aaf0a448df405ce973d0eb03a8784,delivered,2018-04-05 16:56:38,2018-04-05 17:09:46,2018-04-06 17:42:39,2018-04-11 10:27:31,2018-04-17 00:00:00
af8eabc10c9907fe66df1310db525200,914ef20b010c05ea572b275471f43f29,delivered,2017-03-02 22:24:48,2017-03-02 22:35:17,2017-03-03 14:39:08,2017-03-23 13:35:12,2017-03-29 00:00:00
cda07ad4f2f777317f2d6b2e3621a5cd,75d2b9b168cf65e5c1865ce4d1745ebb,delivered,2017-09-25 10:02:03,2017-09-26 03:24:49,2017-09-28 13:43:44,2017-09-29 18:44:59,2017-10-11 00:00:00
8dd554aaa8e7d61ddde56ba4189c780f,3a6be57061ebc68cc00b74186fe7ce5c,delivered,2018-01-30 09:51:29,2018-01-30 10:14:48,2018-01-31 13:04:07,2018-02-20 15:25:00,2018-03-07 00:00:00
4409c188d231bae1d6cf351748ebdd4e,84c85128a1b73db241b00d2e02dd7a0e,delivered,2018-04-19 13:55:35,2018-04-20 07:11:17,2018-04-20 18:51:50,2018-04-24 00:23:43,2018-05-08 00:00:00
bef67738a473b9e3dafb560907533864,802bcca31830ba447d6ffc3d71d5da80,delivered,2018-01-17 14:14:42,2018-01-18 02:11:25,2018-01-18 22:32:43,2018-01-22 17:17:07,2018-02-01 00:00:00
cd9fc86d944e6e7e6845deab57fdb8bc,d45fc45398590dded7c3589089e5e04c,delivered,2018-03-29 13:15:54,2018-03-29 13:30:26,2018-04-03 21:56:57,2018-04-09 22:34:37,2018-04-17 00:00:00
29d0a45c5f4c8f6d17e390ab762df890,202a9225c9f2ef075e5813780113672d,delivered,2017-03-26 18:42:05,2017-03-26 18:50:25,2017-03-27 11:15:15,2017-04-12 22:48:00,2017-05-02 00:00:00
d3a93984e59258e140f2bb4784be7bff,faf021149b2f194c6fab41368a338641,delivered,2018-05-10 13:30:53,2018-05-10 13:51:56,2018-05-14 08:37:00,2018-05-21 13:45:56,2018-06-05 00:00:00
a8d2e3eaad4ea714202c0dd853cca757,65e486b530298fa033cc7dc5cf3e6fb1,delivered,2017-04-02 14:30:11,2017-04-02 14:42:26,2017-04-05 08:51:20,2017-04-10 13:39:54,2017-05-02 00:00:00
dd78f560c270f1909639c11b925620ea,8b212b9525f9e74e85e37ed6df37693e,delivered,2018-03-12 01:50:26,2018-03-12 03:28:34,2018-03-12 21:06:37,2018-03-21 14:41:50,2018-03-28 00:00:00
8447ff843b2616c50c0ced28ab1dae03,e28dd4261bed9c7ba89ecaf411b88f7c,delivered,2017-12-20 23:45:07,2017-12-22 02:37:45,2017-12-23 13:10:45,2018-01-09 18:14:02,2018-01-22 00:00:00
210e60465099814a1d2c7635e4065153,fc849c5fbc7e2b0c7cfebc138886c693,delivered,2018-05-09 18:27:00,2018-05-09 18:54:13,2018-05-10 16:07:00,2018-05-22 00:08:26,2018-05-29 00:00:00
b0928556a10706af462ca2ab2c91903b,0b9e85491c194a97516c87f30a93abfa,delivered,2018-08-03 22:23:06,2018-08-03 22:35:17,2018-08-06 13:40:00,2018-08-14 18:16:42,2018-08-23 00:00:00
f26f92a3da58e9c771820a7b4d9a6800,597950088114c1a9e2b27459051f40ff,delivered,2018-02-10 19:27:28,2018-02-10 19:35:32,2018-02-14 23:09:27,2018-02-19 15:07:08,2018-02-26 00:00:00
c93e4c73cba512f76817291e0de8bec4,9f5a2f912f123d541a318029712fe90b,delivered,2017-09-12 16:32:09,2017-09-12 16:45:08,2017-09-13 22:39:49,2017-09-22 16:43:37,2017-10-04 00:00:00
7835af1856de332f2f3c9204b740a3a2,d1b370c90ad7dacb840010a6e89c7e89,delivered,2017-12-24 17:34:12,2017-12-24 17:48:13,2017-12-26 19:49:01,2018-01-03 21:12:08,2018-01-19 00:00:00
7e3e92dc3eaf5389f32da97228f7dd0e,62d50e9a714ac024c196d9548594e2aa,delivered,2017-07-02 20:47:24,2017-07-02 21:03:55,2017-07-03 11:42:08,2017-07-11 20:22:31,2017-07-25 00:00:00
c26b94aa87e95d1c1eb1b592f43eb223,7aed8da5ae4e0e34226c47f3bf041956,delivered,2017-06-29 00:10:49,2017-06-29 00:23:33,2017-06-29 15:41:19,2017-07-10 17:36:56,2017-07-19 00:00:00
6cb134bb285a64b0425d1fdaa00d4214,d854800a320bbb07b484f76894e4638f,delivered,2018-07-01 20:54:21,2018-07-02 20:50:21,2018-07-03 10:48:00,2018-07-10 22:12:13,2018-07-26 00:00:00
3faf126d8a3b0684272791cd3c6cf3fe,824841f5112b77c04e832f5a46c2d733,delivered,2018-02-25 14:13:44,2018-02-25 14:28:09,2018-02-28 19:59:33,2018-03-07 18:31:53,2018-03-28 00:00:00
c158e9806f85a33877bdfd4f607b72e7,25456ee3b0cf84658015e46686025224,delivered,2017-04-14 22:06:32,2017-04-14 22:15:13,2017-04-17 14:52:32,2017-05-08 11:10:26,2017-05-18 00:00:00
5a0e5ad33542c79b10be87a344ee0086,917149651e472bef5b609eb58e742eb4,delivered,2017-06-13 11:13:38,2017-06-15 03:03:40,2017-06-16 15:37:52,2017-06-19 18:06:01,2017-07-04 00:00:00
6c2953724cd30669e1b904e179a2346f,f5b92e56a780e1573737b5ad7d15ab19,delivered,2018-02-17 10:33:27,2018-02-17 10:49:50,2018-02-20 00:09:19,2018-03-12 12:53:26,2018-03-22 00:00:00
8ca57f2b32c00588cab243b2115441f5,284e326e8a71e55bdb0b210ddfabaa27,delivered,2018-08-06 18:45:01,2018-08-07 06:45:09,2018-08-08 16:18:00,2018-08-18 11:48:58,2018-08-30 00:00:00
62fe29a53926ef67e73c4b5f3e1ba6f3,fda187c74a59672dfd4c786231565791,delivered,2018-01-01 23:15:14,2018-01-01 23:26:49,2018-01-05 18:32:26,2018-01-09 17:09:16,2018-01-24 00:00:00
40ef667b4259d5f521a0fd1a093d0415,bb8bd97c39739129411746c4ca7c754f,delivered,2018-07-11 19:25:07,2018-07-12 04:06:09,2018-07-12 15:04:00,2018-07-13 17:45:33,2018-07-20 00:00:00
ac71263052acddd3b2031b5937f8fc30,ffdaff86e5834cb843ada60a745d4222,delivered,2018-04-24 22:18:53,2018-04-25 22:10:25,2018-05-02 15:20:00,2018-05-04 21:18:36,2018-05-15 00:00:00
49e19ca07e42bde08630a08e50ad980e,cb67357747667b594aa6d47770e7334c,delivered,2018-05-31 17:47:23,2018-06-01 17:53:11,2018-06-08 11:18:00,2018-06-15 19:14:38,2018-07-05 00:00:00
f4b76dbfe0f911217da5adaa458f5b5b,c2d9ace6123e42fa913bd6fad131bf09,delivered,2017-07-27 23:29:11,2017-07-27 23:45:05,2017-07-31 17:27:38,2017-08-07 20:32:51,2017-08-22 00:00:00
2d8f8f85abccae68275f423d878f2b7e,8ca53db6e60cffad03828535d1fcc1a2,delivered,2018-02-27 08:31:17,2018-02-28 09:56:35,2018-03-06 22:33:27,2018-03-23 14:34:43,2018-04-04 00:00:00
376a342d70faa7a733b871acc701def8,8563b07a84656ff32968702daa37c468,delivered,2017-12-11 11:50:54,2017-12-11 11:58:24,2017-12-12 13:09:44,2018-01-20 01:36:58,2018-01-05 00:00:00
1d5b194c01e762aa59a47ae8dca7199f,e5b2dea74bc86ced6b86f103ca99bcd9,delivered,2017-06-10 18:02:25,2017-06-11 18:02:36,2017-06-13 14:38:41,2017-06-19 18:33:40,2017-06-28 00:00:00
fe91d55ea129eb6d5a2d5fc82bcacbd0,a5d6b2f5be2eca026d50b24773ef1113,delivered,2018-07-16 08:52:35,2018-07-16 09:04:17,2018-07-17 13:07:00,2018-07-24 20:15:34,2018-08-07 00:00:00
03f83b59e7c7355647462745b18119f1,c1865c11ead00a1bcd19971382032e8a,delivered,2017-07-14 16:49:26,2017-07-18 06:03:49,2017-07-24 13:58:07,2017-08-07 17:43:07,2017-08-09 00:00:00
675bc8cd15e6b9225582b9161288670f,8a2d6290feaba2aea18c2b8a5a60cc32,delivered,2018-08-25 23:32:01,2018-08-25 23:45:14,2018-08-27 17:58:00,2018-08-28 17:36:21,2018-09-04 00:00:00
f5218a2401f92542f87b1de5bc3f92ff,997070d4812561b1a8ededcbb6c2429e,delivered,2018-03-02 11:04:18,2018-03-02 11:15:45,2018-03-05 20:55:04,2018-03-06 13:38:58,2018-03-14 00:00:00
83ea47ad24b5fce57aa5ade0fd069c94,6e8a9c87724e18b7e567193cdd3e4b45,delivered,2017-09-26 01:25:02,2017-09-27 12:49:12,2017-09-29 17:04:21,2017-10-13 18:32:35,2017-11-30 00:00:00
ee038389c9f437f7c0e2d1b105a26038,5ad5c913900581e3ebd6c20ba68c5760,delivered,2017-07-02 12:03:31,2017-07-02 12:15:19,2017-07-05 13:44:46,2017-07-11 22:03:39,2017-07-25 00:00:00
f72c493e7f65e42101baca23c7c2fd90,015bbed5b941c909ebf091ead5eb2a05,delivered,2017-07-27 18:04:06,2017-07-27 18:23:46,2017-07-28 17:10:09,2017-08-03 19:32:57,2017-08-18 00:00:00
00b1cb0320190ca0daa2c88b35206009,3532ba38a3fd242259a514ac2b6ae6b6,canceled,2018-08-28 15:26:39,,,,2018-09-12 00:00:00
3ff220e93d03aad9bb6767d90ac0e846,ba827769097443c480330d84fad09494,delivered,2018-01-14 22:48:28,2018-01-14 22:59:24,2018-01-15 16:03:34,2018-01-23 18:13:06,2018-02-07 00:00:00
ad1ffca90f5325d0f320f2b0f54eb114,535ad20edf8f32252bb8c7786f18df1e,delivered,2017-11-24 16:40:41,2017-11-26 17:16:11,2017-12-13 19:35:11,2017-12-29 14:38:34,2018-01-04 00:00:00
1d0acbd3a21cb00b1cede4db748fa0b1,42e6dab95c5c9ff9067a6d954ccdcfbe,delivered,2017-09-01 22:52:49,2017-09-01 23:10:10,2017-09-06 19:06:35,2017-09-15 15:43:38,2017-09-26 00:00:00
af9ce0d4f36308fcf461b3f497c24bcb,690834a6694434cfb474ee30305154f4,delivered,2018-03-15 09:38:31,2018-03-15 09:50:48,2018-03-21 19:26:57,2018-03-28 21:12:29,2018-03-27 00:00:00
0a0e7f9881dffec612b28e2682242574,2df6fa407bea6af2e165b3dc8355d382,delivered,2018-02-22 09:09:51,2018-02-23 02:15:48,2018-02-27 13:13:46,2018-03-18 18:46:48,2018-03-22 00:00:00
2c9bc10b715272770d51948b929485f7,2ca9b081fd8cf85263e827dffd02446b,delivered,2018-05-03 15:12:22,2018-05-04 15:10:22,2018-05-07 14:20:00,2018-06-07 20:03:26,2018-05-29 00:00:00
ec727bb2d54db32de3e2a4845988fe0b,b9f66f0da7f1dcb542b44a18581c8aaa,delivered,2018-01-14 18:39:27,2018-01-14 18:49:29,2018-01-18 18:49:03,2018-01-24 15:56:48,2018-02-05 00:00:00
08d70627d548cd883ac394cc5da92d87,05de5898b9da9365b1823e7fd23700c1,delivered,2018-02-14 17:35:53,2018-02-14 17:50:25,2018-02-15 20:34:07,2018-02-23 01:09:17,2018-03-14 00:00:00
b826c69bf943ea295e515a1078f76086,f41d2058b5f03c36e81d18a58878e876,delivered,2018-07-23 02:44:13,2018-07-24 10:31:51,2018-07-24 14:42:00,2018-08-09 19:22:10,2018-08-08 00:00:00
75626319165f5a98618d8916fd5c6df8,7e8b40da1dd60be07114921fe802381e,delivered,2017-11-02 21:45:17,2017-11-02 22:06:01,2017-11-06 19:11:54,2017-11-14 18:09:10,2017-12-08 00:00:00
2f2d19b0f7b592189062b9ba3eaecc16,ff9602a062f03021213c2ffcfd7f7e9d,delivered,2018-02-27 17:09:11,2018-02-27 17:28:25,2018-03-01 01:23:26,2018-03-16 01:06:26,2018-03-26 00:00:00
9f98d6530155e3b3869f47e53834b562,0f1749055e31c2093f2392e8a639e1be,delivered,2017-09-20 15:26:33,2017-09-20 15:44:19,2017-09-22 18:46:47,2017-10-03 23:18:18,2017-10-13 00:00:00
1cbc4deb78977f04e2e3c262a613abc0,091644e5b77192246134faa0a042a356,delivered,2017-11-25 13:31:25,2017-11-28 03:32:40,2017-12-01 21:59:03,2017-12-07 17:48:53,2017-12-15 00:00:00
c1fbc5439e7dfc2d85fef29b7353bbdf,685bdb800c0df843bb14d7a7a241c0df,delivered,2017-07-17 13:34:52,2017-07-19 03:45:21,2017-07-20 18:31:53,2017-07-26 01:03:32,2017-08-09 00:00:00
efab4aff7807bb9194a9f4f434820161,b4b7f7c1b2a1a968c55e72c5275e0c8e,delivered,2018-03-12 10:47:46,2018-03-12 11:20:25,2018-03-12 22:28:29,2018-03-29 20:35:16,2018-04-03 00:00:00
bf40c06bf172145e8d7d468e6de69de8,5364f18dbadca7f50016ad6da7a39436,delivered,2018-06-27 20:55:17,2018-06-27 21:10:04,2018-06-30 08:21:00,2018-07-04 17:38:30,2018-07-20 00:00:00
c2e9150ecca583eb68c1e2e2b650caac,fe2f3701874bc7c2a8e1509621366717,delivered,2018-05-07 13:59:25,2018-05-07 16:12:36,2018-05-15 15:46:00,2018-06-04 21:16:49,2018-06-07 00:00:00
c6bf92017bd40729c135b58b643f64c2,3d3c463710ea6e8dd9a63c1110eeb06b,delivered,2018-08-08 01:15:06,2018-08-09 07:44:53,2018-08-10 14:43:00,2018-08-15 00:18:43,2018-08-16 00:00:00
5aa89bb7eb1a8dca4d70fcd37878c8a4,fe86c2c022a8d1665da64dabf0ceeaea,delivered,2018-07-25 10:54:43,2018-07-25 11:05:10,2018-07-25 11:58:00,2018-07-31 20:06:21,2018-08-20 00:00:00
5add03213ad417aab3988852ea890572,69009aaf4e400602c05b1da3989ca40b,delivered,2017-09-01 10:42:58,2017-09-01 10:55:24,2017-09-04 21:45:52,2017-09-11 16:36:06,2017-09-26 00:00:00
d8e0ad323eb1f4ae7725beb34e2aff1f,dbe0f00a51158c7c60c7de899c9562d9,delivered,2017-11-24 21:45:13,2017-11-25 00:35:54,2017-11-28 18:12:43,2017-12-02 14:07:11,2017-12-08 00:00:00
1eeaec28c1a699b3b423fba26109e197,e6f7cbd1504efea2bf999b2fa1cb8679,delivered,2018-03-06 09:30:25,2018-03-06 10:09:27,2018-03-07 23:18:43,2018-04-03 22:08:44,2018-04-17 00:00:00
cab041d8d606d6c9d3165da578795340,888d2ebe1af2a8c93c75dae5dfc23719,delivered,2017-05-13 13:16:20,2017-05-13 13:25:17,2017-05-16 04:41:47,2017-06-02 14:28:53,2017-06-19 00:00:00
6657640ffd626be03509bc9226994b36,f01c52a4a145463aae16a5017f50f11d,delivered,2018-08-18 10:33:27,2018-08-18 10:50:43,2018-08-21 16:03:00,2018-08-27 16:21:27,2018-09-06 00:00:00
e4aac63ea6f6b75b6d91ead05207fb43,9aa2c4bac83761140a8703ebdf9e49bd,delivered,2017-05-25 12:51:37,2017-05-25 13:05:42,2017-05-31 11:35:26,2017-06-02 09:44:29,2017-06-07 00:00:00
f7c13c71907b58b590da46643fda3bbc,df60888bb018eac1edeaf5694b830029,delivered,2017-07-03 13:20:54,2017-07-03 13:43:47,2017-07-07 20:17:34,2017-07-22 15:29:32,2017-07-27 00:00:00
f0df036e9be21fc238f131bbfcdde769,1fa16395beca89233661543954ca6cf1,unavailable,2017-02-24 23:39:21,2017-02-24 23:45:14,,,2017-04-07 00:00:00
47f3a8b9c3d8dffb6f878768c73b0971,26d51363d20344386df9fb922a155a26,delivered,2018-04-06 12:10:51,2018-04-07 02:35:15,2018-04-11 16:42:21,2018-04-17 22:20:54,2018-05-03 00:00:00
660020bc4184db41dc39b332230e94a6,31f96a7faffd537b8ceef28d305cd375,delivered,2017-09-03 19:29:50,2017-09-05 08:34:28,2017-09-06 20:33:17,2017-09-12 23:41:44,2017-09-21 00:00:00
add2976dccd076ad28a521b9f86c1012,e060cc4070c78bb9c40c42771b995c68,delivered,2018-02-21 10:11:39,2018-02-21 12:06:07,2018-02-26 17:19:29,2018-03-08 16:04:48,2018-04-02 00:00:00
7073be83c3247747c26a69d5a689edbf,f2f4eb1a9dd538dbe28987f5d42e9857,delivered,2018-07-16 15:32:50,2018-07-16 15:45:17,2018-07-20 15:50:00,2018-07-23 12:41:23,2018-08-01 00:00:00
027b013d2186e25c2b82beb3679d0833,752b19f57cd013e2bf4e3c62da5a29e5,shipped,2018-04-11 15:49:16,2018-04-11 16:10:51,2018-04-13 20:05:02,,2018-05-02 00:00:00
8553cd91f67faa93fd2aa45148bcc3c8,f882aaf28af48842b1ca318f520f443c,delivered,2017-06-03 10:47:56,2017-06-03 11:02:59,2017-06-06 17:45:22,2017-06-12 15:22:27,2017-06-26 00:00:00
1a9f85c859f73034acc85057b4899a8e,f34e32b8604090d1c2a7f3b04c834807,delivered,2017-07-06 17:11:14,2017-07-06 17:25:21,2017-07-07 18:12:02,2017-07-31 22:42:33,2017-08-10 00:00:00
643efaf4eddc8f0b4f71b1674c882fa4,d7d536ccde7b524ac5a42e24b000d982,delivered,2018-07-02 21:45:21,2018-07-05 16:27:02,2018-07-04 14:55:00,2018-07-09 19:48:46,2018-07-25 00:00:00
c9cdd7f64546202e53576e2997f112f4,8229657fd11afc46e7e8c6be1636c80c,delivered,2018-05-19 14:06:06,2018-05-19 14:31:16,2018-05-21 10:30:00,2018-05-24 22:05:17,2018-06-06 00:00:00
cc1fe613e2c3dce712d71a852ee6726f,ac9c7c7db86f7b99d3cf8e7e1d025fd9,delivered,2017-05-22 15:12:29,2017-05-23 15:23:06,2017-05-24 09:10:59,2017-05-29 09:46:35,2017-06-13 00:00:00
d1329f2d9a7c9c972b1ab5c6b7c8d3a5,cb4be9a063393bfe007a290302727b26,delivered,2018-01-03 22:16:10,2018-01-04 17:11:27,2018-01-09 22:28:11,2018-01-17 18:22:30,2018-02-05 00:00:00
bd76688da0406f5c377080cc43888b5e,6e7d0829bdbbcd61c6d863922f942daf,delivered,2017-06-27 15:34:03,2017-06-27 15:45:19,2017-06-28 13:35:40,2017-07-07 19:17:52,2017-07-19 00:00:00
ef45f5b9b9146357bf702bb363b16899,5d1ac35d928dd8d9f9d1418aba5f4579,delivered,2017-04-09 19:56:36,2017-04-09 20:05:42,2017-04-10 07:49:12,2017-04-17 15:46:12,2017-05-04 00:00:00
c3a6dc9afef5794ea4a867b5a18e0ad1,0c305f688ce08dc9402a2164fd6f29d6,invoiced,2017-11-25 14:10:20,2017-11-25 17:32:57,,,2017-12-19 00:00:00
6b654c2dc2e7c610cb22c325fb723057,5239179f060acba3aae48fdc19d479ea,delivered,2018-07-04 10:15:33,2018-07-05 16:09:25,2018-07-05 12:30:00,2018-07-14 14:28:31,2018-07-17 00:00:00
b760ac65b36c9bbc913c2dd94131faf3,686ce156cefdae2f46a1b7917d96ef18,delivered,2017-12-04 11:57:38,2017-12-04 16:31:14,2017-12-05 20:55:38,2017-12-11 15:58:59,2017-12-27 00:00:00
489b4af31f96f42648f0c0636a51b289,e49282ae3ee47bc3b2e30025544b25f5,delivered,2018-02-09 21:13:06,2018-02-09 21:29:18,2018-02-14 20:05:13,2018-02-18 13:58:47,2018-02-23 00:00:00
dbe267dee5dcb469508162440874551f,9cbea85941aeae8e6a33506e066a1913,delivered,2018-01-12 20:08:22,2018-01-12 20:16:21,2018-01-15 17:08:54,2018-01-30 21:21:41,2018-02-14 00:00:00
751410acff2d9dbfee9158ae8e21d6d6,3e0d49ed5998234cb45d06c5ed7bcdf7,delivered,2018-03-10 15:06:18,2018-03-10 15:48:27,2018-03-19 17:52:45,2018-03-27 20:32:45,2018-04-12 00:00:00
0334c2700a7e8ac0f3efeb36b4a91e68,48ee4490f797cdb00bf00f9255351ee4,delivered,2017-09-06 22:41:34,2017-09-06 22:50:15,2017-09-08 19:49:56,2017-09-19 19:52:37,2017-10-05 00:00:00
534c285356eb06898b7ea7edbb14476b,b692fb160782271845b7c858cbd9c1df,delivered,2018-03-23 08:49:19,2018-03-23 09:08:35,2018-03-23 23:04:33,2018-03-28 02:52:21,2018-04-11 00:00:00
d16e915397932f8b3510f595170d1d6b,020edf80d85585b9ccf1c48396ec32aa,delivered,2018-05-07 20:43:47,2018-05-09 02:54:17,2018-05-09 14:09:00,2018-05-16 18:56:50,2018-05-29 00:00:00
5f71bc83356f39cf9e9b8004f39a989a,3f979bbdedf57087a39ae7fed98ec7de,delivered,2017-08-23 14:29:48,2017-08-25 10:44:56,2017-08-31 20:04:30,2017-09-11 19:47:32,2017-09-25 00:00:00
689e8820798347950a2649f71c734bd0,1510278962879d204243606cbd1a9ede,delivered,2017-10-12 10:25:23,2017-10-13 21:07:15,2017-10-16 19:33:35,2017-10-31 16:37:34,2017-11-06 00:00:00
4d44526e9f5875e440f58363f5a621de,803996d0e510a99f243e939b6c6f705f,delivered,2018-04-25 09:18:10,2018-04-25 09:33:24,2018-04-25 14:43:00,2018-04-26 13:43:41,2018-05-14 00:00:00
2d1e2d5bf4dc7227b3bfebb81328c15f,ec05a6d8558c6455f0cbbd8a420ad34f,delivered,2017-11-28 17:44:07,2017-11-28 17:56:40,2017-11-30 18:12:23,,2017-12-18 00:00:00
00f57f2ccce2a2e3f393fe8f5e616e0d,c5e16ca2f4093350809b5f66c5cdfd32,delivered,2018-07-08 22:01:30,2018-07-08 22:15:10,2018-07-11 14:28:00,2018-07-16 15:38:32,2018-07-30 00:00:00
102dc75f04e28c228169dedb666dcd3e,2ecfe1283802b15ec960b6d0c903de2c,delivered,2017-12-11 11:27:52,2017-12-11 11:37:23,2017-12-15 21:54:39,2018-01-05 00:43:00,2018-01-09 00:00:00
18c2175899ae0ea38308dec32efffc22,11d81028de401df36d24cd769fa0aef3,delivered,2018-04-03 18:21:15,2018-04-03 18:35:11,2018-04-05 18:50:59,2018-04-14 10:06:44,2018-05-02 00:00:00
cdc1ac6a94d34f438c153db4b7b5a691,ef6b2b4d3dafcaff444be4b56e9edcf8,delivered,2018-08-06 10:11:21,2018-08-06 15:04:43,2018-08-09 09:57:00,2018-08-14 19:18:48,2018-08-20 00:00:00
df281308c4a5cd2e3f2cc5c7eb5c30c3,4666258a26f60758fbdbaaea7ae1173c,delivered,2018-03-26 18:01:40,2018-03-26 18:15:21,2018-03-27 23:44:00,2018-04-06 20:16:44,2018-04-19 00:00:00
bb6f77e22d300a3c74436c9ea8925945,76696c96f4cfa5fbaa17fdcced323c9b,delivered,2017-12-19 23:00:42,2017-12-21 02:11:55,2017-12-21 22:13:32,2018-01-04 22:56:57,2018-01-24 00:00:00
818878a0bdfd8a8cf46e474a03fc5366,e865ee96ba1d73c1bfad1dc94269fc14,delivered,2017-10-26 13:43:41,2017-10-28 02:55:22,2017-10-31 18:25:47,2017-11-09 16:44:32,2017-11-23 00:00:00
9ce36e2fe5d89681ffcdc294ea7363ac,583f92cf005d530fb347398860f184c4,delivered,2018-06-04 11:16:53,2018-06-04 11:30:42,2018-06-05 13:05:00,2018-06-14 10:03:26,2018-07-20 00:00:00
47120c8873cf3ca85fec9f20ec00a032,a3dff9a630a63b528b2fbed1bc448fbe,delivered,2017-06-17 11:16:11,2017-06-18 11:23:01,2017-06-19 20:04:20,2017-06-26 15:03:10,2017-07-07 00:00:00
47de8637746123051630916b1ab338cf,0b39d705dbfe16398432a7a048591853,delivered,2017-11-21 13:56:43,2017-11-22 13:49:25,2017-11-24 21:44:42,2017-11-25 15:42:19,2017-12-01 00:00:00
2a0facc85fc2b839b8c194436787402b,6d6e81e5815b1fff666907cfa150a691,delivered,2018-05-16 04:35:22,2018-05-16 04:54:21,2018-05-17 15:06:00,2018-05-23 11:13:02,2018-06-05 00:00:00
53cbf33b674d602f6746cb90a9d874fd,e5ed7280cd1a3ac2ba29fd6650d8867c,delivered,2017-05-15 17:42:38,2017-05-16 03:25:20,2017-05-16 16:02:08,2017-05-22 14:14:45,2017-06-05 00:00:00
67174eff886029c2cc97d11c74eea9a7,6f8a90f42a1120e42bf3db98b595040f,delivered,2017-11-25 12:47:46,2017-11-27 21:51:28,2017-11-29 16:19:03,2017-12-10 21:06:16,2017-12-26 00:00:00
780dfcd5aaf2662f3f6ce2201164394b,f73d378096054953caa2d69a8abceb73,delivered,2018-08-22 21:26:03,2018-08-24 04:05:18,2018-08-24 12:07:00,2018-08-29 13:35:47,2018-09-18 00:00:00
9247f243c8ce8daa5f7011af7f97fecb,d004cba3f9bec60369b26eed8b97d594,delivered,2017-08-26 22:55:05,2017-08-26 23:05:39,2017-08-29 20:22:38,2017-09-08 19:41:33,2017-09-19 00:00:00
ce9fc4b5d521bad32b0c3893b9b3788f,47166f88862447ea5f8e078b2aaefb46,delivered,2017-11-15 16:18:30,2017-11-17 03:35:48,2017-11-29 00:16:36,2017-12-14 18:37:40,2017-12-06 00:00:00
22f1399a4c5b23e40453c44942c04100,da27f48eeb029c62720ef773ab95806c,delivered,2017-08-10 19:25:35,2017-08-10 19:43:53,2017-08-16 19:32:42,2017-08-22 17:56:36,2017-08-30 00:00:00
581ef4e5af5c7bbdcd26579839290635,60a9c78e3568017be691575628c8c141,delivered,2017-11-18 15:48:48,2017-11-18 16:06:19,2017-11-22 21:37:38,2017-12-08 18:49:10,2017-12-13 00:00:00
1844430a4130a112771839a244829457,94d33f0fa325a5e1a184a1806f98793e,delivered,2017-10-08 21:43:00,2017-10-08 21:56:20,2017-10-09 20:56:09,2017-10-25 14:48:03,2017-10-25 00:00:00
d3fd3af08566edbfdd903c8f2a2d8bef,a83775842cfcc6236435e48b77767b1a,delivered,2017-11-05 14:23:00,2017-11-05 14:35:22,2017-11-07 19:05:03,2017-11-16 22:03:15,2017-11-29 00:00:00
179e23361d372901e40a92f8c29bd61d,80c3315cd9ff9d91afc63a7028c50712,delivered,2017-12-11 17:32:18,2017-12-11 17:50:20,2017-12-13 00:47:53,2017-12-27 22:19:17,2018-01-15 00:00:00
9b696fcb8112df3f6719a6a1e5648e2d,84ab0b89b5dbc8b53172eaa88f08681b,delivered,2018-03-28 11:26:34,2018-03-28 11:35:27,2018-03-29 22:52:10,2018-04-04 18:41:11,2018-04-20 00:00:00
c1ef9804b695d6060c0964f2c6324433,ba668ea30c47e2012890846c77978d03,delivered,2018-02-06 11:04:45,2018-02-06 11:15:50,2018-02-08 19:12:45,2018-02-09 17:58:09,2018-02-22 00:00:00
e0d2a8f85504cc90d52a2ca9a8e64f28,92bb62cc05b986e591f8c0c3dc76f844,delivered,2018-02-13 10:44:31,2018-02-13 11:06:59,2018-02-23 03:49:40,2018-03-10 17:58:43,2018-03-01 00:00:00
1fed99a98b731643b3b81a56f08b4bfa,2437ed5f9121586c4399bce8f264e2e3,delivered,2018-07-08 18:13:14,2018-07-10 04:45:04,2018-07-10 13:55:00,2018-07-25 13:41:55,2018-08-03 00:00:00
54afcb850639d95181bf3ee674f97c25,4919bff1d1c1d952eb806540d6a7d84c,delivered,2017-11-12 09:43:54,2017-11-12 09:55:30,2017-11-13 15:48:36,2017-11-21 20:10:08,2017-12-06 00:00:00
9f699b61466717356c395dfd79ec616e,90e8a15802c871cf927f0b4ce81e0947,delivered,2018-01-04 01:49:03,2018-01-04 04:55:29,2018-01-09 22:34:41,2018-01-11 20:34:09,2018-01-22 00:00:00
10f69c462a2c700cf1b141b9874af717,641d5bf17c23bb54add76ce8e47c1bd2,delivered,2018-07-18 16:32:10,2018-07-18 16:42:33,2018-07-20 15:06:00,2018-07-23 19:32:29,2018-07-31 00:00:00
6d37c6659de0183777f4035151bd508a,73910c380c76a4dca24e4e6bfdad16e2,shipped,2018-03-15 20:43:34,2018-03-15 20:56:01,2018-03-16 20:37:48,,2018-04-17 00:00:00
405b7a0bffb459dbc7646665024a2665,719f9d5899f3d358cb2c624ca2bb18e8,delivered,2018-08-03 21:42:33,2018-08-03 21:55:21,2018-08-06 11:55:00,2018-08-16 20:29:33,2018-09-06 00:00:00
9d71dfb3ebb4e219c2d5b658c31cc476,530a7c06fbc78da973f9244e585c5997,delivered,2017-07-10 11:15:04,2017-07-10 11:25:24,2017-07-14 16:04:46,2017-07-27 17:37:38,2017-08-01 00:00:00
c8613f1f2b834e72422ddd76442f677c,4720c66c135564981e9f6f641d711e68,delivered,2017-12-07 13:30:57,2017-12-08 02:35:21,2017-12-08 19:27:10,2017-12-28 04:14:23,2018-01-04 00:00:00
242e24b7eaa9f48cde9d679f8591124d,3197648bc591f89b9b15d647c1ee1c0e,delivered,2018-04-11 12:25:04,2018-04-11 12:50:54,2018-04-12 00:08:32,2018-05-11 15:54:56,2018-05-25 00:00:00
d82b18538d54e63389c7a2a8bf8a875d,110d1ee2a64ac0d58f0e1161569b6ae4,delivered,2017-07-19 23:00:06,2017-07-21 06:43:17,2017-07-28 18:53:43,2017-08-07 21:07:54,2017-08-17 00:00:00
20c93204065c1cc43ac91fe4358f8983,d53782279acdd8fad99e3908be8bbcf1,delivered,2017-04-09 15:38:44,2017-04-09 15:50:12,2017-04-13 13:57:36,2017-04-20 11:25:58,2017-05-08 00:00:00
8755ff039d17ea91d56589e906fefc9b,e0dbd977cd107f73ab95d0891194cc47,delivered,2018-01-16 19:18:58,2018-01-16 19:31:20,2018-01-20 00:08:50,2018-01-24 23:17:38,2018-02-07 00:00:00
cf1d0b87e826698d649f105224d60d8f,95b1d607aee48796e6913f15e78fe1b6,delivered,2017-11-13 21:42:51,2017-11-13 21:55:23,2017-11-16 17:46:58,2017-11-22 17:47:32,2017-12-08 00:00:00
d2b37f806be7546de2ce1d2bbd5cacee,4a1bc15d1237a794eb2d89f1516fae88,delivered,2018-06-14 21:18:33,2018-06-14 21:37:00,2018-06-15 19:02:00,2018-06-20 19:22:15,2018-07-11 00:00:00
dfafca185f2fc62924f857e85569b923,9b45fdfe7e8439a4e7d2814b3eb6894c,delivered,2017-09-24 08:07:14,2017-09-24 08:24:17,2017-09-27 20:08:09,2017-10-03 19:17:47,2017-10-23 00:00:00
0af905b4a536b95528b4eb5dd2c192da,bdd71d1ed3a12a4878d61d011209c2da,delivered,2018-03-09 13:50:15,2018-03-09 17:28:46,2018-03-13 23:11:40,2018-03-20 15:54:59,2018-05-03 00:00:00
2fa1143e47aa3e9c10a97d47174aabb2,51436e563c50b518d0ca230003396172,delivered,2018-02-28 19:54:11,2018-02-28 20:10:33,2018-03-02 19:51:33,2018-03-27 18:12:04,2018-04-03 00:00:00
a46177e85f66471bb30ef25db0461233,b92f3a12fb6bfa44bda7894e6a4c45be,delivered,2018-01-20 10:42:30,2018-01-20 10:53:18,2018-01-23 00:44:37,2018-02-02 23:02:45,2018-02-16 00:00:00
33ca67f12b946d8830eb3805cc63761b,18e8c826c91f467ecc07f9e1447b8860,delivered,2017-08-21 13:10:55,2017-08-21 13:25:11,2017-08-22 19:17:04,2017-08-31 19:49:58,2017-09-15 00:00:00
2be69b19c3402f7c2ac375f252022d70,7f7b5099d28accf45603fbc7a9fda452,delivered,2018-04-23 15:37:59,2018-04-24 17:12:45,2018-04-24 23:37:41,2018-05-14 19:13:44,2018-05-17 00:00:00
bedc87ce363e6bf8c8868b96b2213ae4,88a98577c0d60c958eaaab2bf1e57f2b,delivered,2018-02-24 22:09:13,2018-02-27 04:31:10,2018-02-28 17:49:01,2018-03-09 00:58:29,2018-03-23 00:00:00
b7052b027c0d0f9034f466378c59248d,add5785e010249251e3af691ab7341b9,delivered,2018-06-10 00:17:39,2018-06-10 10:57:56,2018-06-12 14:22:00,2018-06-26 18:58:32,2018-06-21 00:00:00
cd204f2c023b810c30b9d94d83549c84,60316082457ca4288ed89e75c9f9d50f,delivered,2018-03-04 10:13:05,2018-03-06 03:55:46,2018-03-08 01:24:35,2018-03-29 22:14:22,2018-04-06 00:00:00
3d0e84aa6695f156f958a00ca2a2745b,3cea18522d4d87f0397edbbbc5ce28e0,delivered,2018-01-24 21:31:57,2018-01-24 21:39:24,2018-01-29 17:56:51,2018-02-15 00:31:47,2018-03-05 00:00:00
d4de0ad9ddefd13e60191fbc49925dc5,7ca3b9ef13b93f0aeea91fc136aa9d18,delivered,2018-07-13 12:49:07,2018-07-17 04:32:27,2018-07-17 13:19:00,2018-07-25 19:52:13,2018-08-23 00:00:00
354025795ae5d3d171988505159a7843,436d3faf6f9b9df23510f8f9c5dd6680,delivered,2017-09-24 08:07:01,2017-09-26 03:35:37,2017-09-27 20:14:48,2017-10-02 18:54:27,2017-10-23 00:00:00
c5437b7b7a52d4dd0ed6fc0a1f18f7b7,f03e031295605d558ec6e88c413fe4b2,delivered,2018-06-26 12:37:12,2018-06-26 12:56:48,2018-06-29 14:16:00,2018-07-03 20:24:29,2018-07-11 00:00:00
289745e1222668d6792ce3ccbb27356f,1a5f1ecec258984cc83d3dde079bfffc,delivered,2018-06-01 19:38:14,2018-06-01 19:51:51,2018-06-02 08:45:00,2018-06-05 14:05:54,2018-07-05 00:00:00
e5cf005255a551709fd938c0c57e3d6a,a35a1b563beadc6e07728160500da9eb,delivered,2018-03-20 12:05:40,2018-03-20 12:15:48,2018-03-21 19:23:37,2018-03-22 21:47:47,2018-04-02 00:00:00
7e131886d59cb8a02c847ed61228fd8c,9915051c0eb60afd11c7a49cb9ea8f8e,delivered,2017-03-20 18:25:04,2017-03-20 18:25:04,2017-03-21 08:26:42,2017-04-10 14:55:49,2017-04-06 00:00:00
a31768d1614db23dfc711f738b2b774f,774aa06c60fb3845b46b5d97508521f3,delivered,2017-12-01 21:25:52,2017-12-01 21:37:31,2017-12-04 16:54:59,2017-12-11 18:52:46,2017-12-26 00:00:00
e924fd08e03d8ac96fb7bf1291eb7c9f,79a4c16fed29a84462e7b5c831464cca,delivered,2017-06-11 09:33:54,2017-06-13 04:33:32,2017-06-14 15:06:59,2017-06-30 15:59:45,2017-07-07 00:00:00
b8a939e0425262884b50cbd95032f71b,35b18529904d8a54f3a02555e7fb80be,delivered,2017-09-26 17:05:47,2017-09-28 17:25:16,2017-09-29 21:53:50,2017-10-11 14:02:50,2017-10-19 00:00:00
c3d82084f95e12ecd6cc271e0c225175,641cc3ed9b805233ffd9d29dba7f7370,delivered,2018-07-29 18:17:11,2018-07-29 18:30:32,2018-08-06 16:49:00,2018-08-10 01:51:58,2018-08-27 00:00:00
a967b2911a10315ea9e93191515fad0c,e65cbda166eab6494bd038552411332e,delivered,2018-01-14 20:14:00,2018-01-15 09:55:29,2018-01-18 23:43:48,2018-01-26 21:41:44,2018-02-05 00:00:00
96d921e9bfe801df7426999a566a8aeb,bf814c71e0db62efbaa06968cc9c6763,delivered,2018-07-16 20:48:51,2018-07-16 21:05:12,2018-07-17 14:28:00,2018-07-26 16:49:01,2018-08-01 00:00:00
85ca753c76c79d8eed79b7a31660be3a,eb744ed77ced9d7b54a6f212098e644b,delivered,2017-06-30 12:20:48,2017-06-30 12:30:15,2017-07-03 18:22:11,2017-07-12 18:19:48,2017-08-03 00:00:00
65f4f976c2281eb3c5f69547ca21893d,775e5b39bea2cf3e7080071ddbf9d708,delivered,2017-04-09 09:52:05,2017-04-09 11:05:17,2017-04-10 15:56:25,2017-04-18 10:50:10,2017-05-03 00:00:00
37792549e9a1606a574bb4a8aa76136e,35f840b076d79718e004c0951fe0f435,delivered,2017-11-29 10:23:22,2017-12-01 11:30:59,2017-12-01 20:24:48,2017-12-04 20:17:16,2017-12-19 00:00:00
6cbb7541cec244760660574cd04791c8,74e5dd0462887a0d6b683b422c6b1b3c,delivered,2017-12-11 11:37:37,2017-12-11 11:51:04,2017-12-12 19:21:47,2017-12-18 18:07:02,2018-01-10 00:00:00
0d06a5815afe53875fb7bf4b7437fe8b,1dcc60dd188374880a488973252e96f7,delivered,2017-11-24 14:16:11,2017-11-24 16:19:06,2017-11-24 22:36:42,2017-12-07 16:29:39,2017-12-15 00:00:00
cc38d740da287b3c64f4d1f3d4ee4f86,b4b0c0b0e3f72d82a595495c1c8b5ecf,delivered,2018-07-20 11:18:25,2018-07-20 11:30:16,2018-07-20 12:10:00,2018-07-31 12:46:45,2018-08-09 00:00:00
f99f5bffbe97d450126f330cd970c5e9,5e4a6deb288ee0d277260ff584e7c2b2,delivered,2018-02-16 16:18:59,2018-02-16 16:30:37,2018-02-21 10:49:56,2018-03-07 20:08:20,2018-03-13 00:00:00
737b63f784a8e20dbc2a9abd527f3923,3463ac00dc2de6d13c26ace2d43fc34d,delivered,2017-03-22 12:58:27,2017-03-22 12:58:27,2017-03-23 16:09:06,2017-03-27 12:39:06,2017-04-10 00:00:00
b22331e9a36bc5d09bc4d29486765554,4cbd19ddd6ecabff61817a1dc560ee7d,delivered,2018-06-13 19:17:49,2018-06-13 19:42:00,2018-06-14 14:21:00,2018-06-18 22:08:58,2018-07-20 00:00:00
03515a836bb855b03f7df9dee520a8fc,153e6d880db3cac30ecfeb13e0047841,delivered,2018-01-19 13:24:38,2018-01-19 13:36:01,2018-01-19 21:47:56,2018-02-05 14:33:00,2018-03-01 00:00:00
4561cf6b4b4f741552d9b994141419e4,a9c9705c8059a3dc99fa74cd40e65fa0,delivered,2018-07-27 12:51:41,2018-07-27 13:04:23,2018-08-02 08:46:00,2018-08-08 16:18:34,2018-08-16 00:00:00
d1ea55f7318ed68dab3622af81e15141,7882d91898341a59ddd07cc20b613d40,delivered,2017-08-26 19:57:52,2017-08-26 20:10:20,2017-08-28 18:10:57,2017-08-31 14:32:17,2017-09-20 00:00:00
922162cabb84e44a2efa143dd96ef464,9374b51947c71dfbc0cad487a541df5a,delivered,2017-08-25 18:45:23,2017-08-25 19:06:02,2017-08-28 16:53:23,2017-09-19 16:32:51,2017-09-08 00:00:00
0d10abc3bc3707c914cf5197ed2eb31e,c36b6c328033cca3190e0e45ee61b010,delivered,2017-08-19 09:10:45,2017-08-19 09:25:11,2017-08-23 17:17:44,2017-09-04 20:43:47,2017-09-19 00:00:00
8003e1099872d27581e211a7cf5422cf,3085208ef72d0f6c9ae2c1d7872609db,delivered,2018-03-18 20:29:14,2018-03-18 20:47:51,2018-03-20 01:55:26,2018-03-29 22:11:27,2018-04-06 00:00:00
e634ef64a41599a3ddcd8bcef955e364,e54f507ec1ad92aaaded5565f48f1a19,delivered,2017-05-04 13:24:53,2017-05-04 13:35:22,2017-05-08 15:38:03,2017-05-23 20:09:43,2017-05-25 00:00:00
482c3ed0fe2eb68b316507e78faa6783,1ea6e83f3f7e635b07ff88693fb6e2b1,delivered,2018-01-13 09:45:34,2018-01-13 09:55:30,2018-01-15 19:28:48,2018-01-25 15:52:37,2018-02-15 00:00:00
d184b9c3e16c01c0507923c0ae50d1b3,e118e14ed443bc9e2ea96b5bbe09ab14,delivered,2017-08-01 12:50:41,2017-08-01 13:05:48,2017-08-02 18:04:37,2017-08-08 21:17:28,2017-08-23 00:00:00
169f444739d294d19e4103e460d963d4,8f0f359a835944478c1c46f14fb5f2c3,delivered,2018-01-21 21:25:43,2018-01-22 14:00:22,2018-01-23 20:54:43,2018-01-30 14:29:05,2018-02-22 00:00:00
8b2fb881ec8d04ffa5bc7a27833ad984,a5d4658c9339e6f25f8f2e7d9b5cbc24,delivered,2017-03-14 12:58:42,2017-03-14 12:58:42,2017-03-16 16:21:39,2017-03-21 09:25:00,2017-04-07 00:00:00
796033ffde6ba06e0abe387e36ee8fe0,62d3c457010afc957d955568318e6d78,delivered,2018-08-26 14:17:08,2018-08-26 14:25:15,2018-08-27 07:45:00,2018-08-29 18:48:44,2018-09-11 00:00:00
41e296c991263f9ade5507299e38fe72,26414d88442f62fcbd8a39607b9211e4,delivered,2017-11-25 01:30:14,2017-11-25 03:58:34,2017-11-27 22:21:07,2017-12-05 01:24:41,2017-12-15 00:00:00
a81be81673bee4a384c6b5468a606478,511ccb3aafea18b48241f081b07dbba3,delivered,2017-11-07 21:46:04,2017-11-07 21:55:36,2017-11-08 20:34:58,2017-11-21 15:55:44,2017-11-30 00:00:00
e744792a1abc89d92d36e086697eaf97,b3b41a1b2f4447baf0ff13137fb8d088,unavailable,2017-03-06 21:28:55,2017-03-08 03:30:17,,,2017-03-29 00:00:00
cda0a20d2df6b9c3f02aa5258c99af6f,cef102e266fd2812ecd629b5da0d4dc6,delivered,2017-11-30 21:17:58,2017-12-01 10:31:51,2017-12-01 20:29:53,2017-12-23 17:38:11,2018-01-02 00:00:00
454645a3375b0ecfa430922acc9dc990,620af7c2756e6781cc62555738216d00,delivered,2017-10-02 22:44:03,2017-10-02 22:56:21,2017-10-20 10:32:32,2017-10-27 18:21:57,2017-10-24 00:00:00
2898d74d595f1564b2df34edb8c0cfc4,41ebc1df9d5af975ea8582f4be95f836,delivered,2018-05-04 16:54:41,2018-05-08 03:55:21,2018-05-14 13:52:00,2018-05-21 19:37:32,2018-05-30 00:00:00
bf5d8018171eeb0788be7f1c871eb981,704fb26a9d85d9ad8fd8b167eee000fd,delivered,2017-07-26 00:34:16,2017-07-26 00:45:10,2017-07-26 19:13:52,2017-08-04 18:07:43,2017-08-17 00:00:00
f8822b6085858dd513bb20e7e0c88e83,86f88f01dcc9599c9734faa1cb606a94,delivered,2018-05-06 10:51:36,2018-05-06 11:10:27,2018-05-08 13:35:00,2018-05-15 16:03:07,2018-05-23 00:00:00
0312ecf90786def87f98aa19e0e0ce63,45cce495588388d074ab985f2f9b9bb4,delivered,2017-05-10 22:02:40,2017-05-11 00:31:33,2017-05-17 10:06:53,2017-05-18 17:09:46,2017-05-18 00:00:00
42889cba53a791dfa45f24d62019a521,a584daec24287b6e6760e3784d490d36,delivered,2017-11-27 19:19:43,2017-11-29 19:17:05,2017-12-01 13:31:52,2017-12-27 17:34:26,2017-12-20 00:00:00
e4b5604780e8b0ba35b9335194254b33,b8ae52eba45117ca56310b303a029ffb,delivered,2018-03-04 15:34:39,2018-03-04 15:48:21,2018-03-06 22:51:43,2018-04-07 00:08:31,2018-04-03 00:00:00
48c43415ea1c4af9afa92542183b6e55,5589151bd114970188a1141fbd5c8d25,delivered,2016-10-10 17:49:21,2016-10-10 18:02:22,2016-10-30 10:37:42,2016-11-01 14:14:46,2016-12-02 00:00:00
e89b13d12a0a1f7d9e4c432de0363654,289a6b3181d1c9b33b780b4828887995,delivered,2017-08-17 22:17:09,2017-08-17 23:10:09,2017-08-18 14:14:59,2017-08-19 12:54:46,2017-08-30 00:00:00
eddf262f362444dbd097ffd397117611,e2a24090f81ea85d218b542924f6b753,delivered,2017-07-15 17:03:24,2017-07-15 17:25:26,2017-07-17 20:07:44,2017-07-18 20:07:41,2017-08-03 00:00:00
f4264d035517830fb75d4dfced48ceee,d812a9b5f458bcf0843f65dd9f5253ef,delivered,2018-05-04 06:41:25,2018-05-04 06:55:13,2018-05-04 14:15:00,2018-05-07 17:58:29,2018-05-16 00:00:00
d7b00090ed4c28c03afc316bc0a2ec17,421b26251df460215626e527be273792,delivered,2018-04-16 18:51:24,2018-04-17 05:50:39,2018-04-18 19:56:34,2018-04-20 20:41:31,2018-05-09 00:00:00
d2f270487125ddc41fd134c4003ad1d7,cc803a2c412833101651d3f90ca7de24,delivered,2018-05-31 22:57:07,2018-06-02 19:50:18,2018-06-04 08:12:00,2018-06-05 20:42:09,2018-06-28 00:00:00
3124684fac5c06e0aa798a6c20b9413a,2ef489da4e9da946da422e562cd90860,delivered,2017-06-05 12:57:58,2017-06-05 13:10:21,2017-06-22 16:48:58,2017-06-28 15:19:39,2017-06-28 00:00:00
258d79062482663262a46174dc7d38f8,bfc6cd805c216b8daf35a8036a275c5a,delivered,2018-06-21 21:44:04,2018-06-21 21:58:49,2018-06-22 15:43:00,2018-06-28 18:34:47,2018-07-17 00:00:00
8e75defef52610477f8662c16b16498a,3052550ac063656f49a00f2f6a177a4e,delivered,2018-06-18 22:40:38,2018-06-18 22:56:19,2018-06-20 14:43:00,2018-06-27 18:41:57,2018-07-19 00:00:00
0c4d9abe48221137e67e9d01a442df13,ccce3ac024e004b2607899abecc0d9fd,delivered,2017-12-04 13:35:13,2017-12-04 17:14:35,2017-12-05 21:58:43,2017-12-20 18:52:40,2017-12-20 00:00:00
2bba38e2a9893d1126b133f189ee66f3,1c90d2c27dabbe23f3e469b3776499be,delivered,2017-11-26 18:51:19,2017-11-26 19:12:22,2017-11-28 22:03:42,2017-12-08 20:51:42,2017-12-20 00:00:00
cd383d7a5f926abfe7b2ee1b80078b45,37fccd2d756c8564ce539cef92358880,delivered,2017-02-09 22:05:38,2017-02-09 22:23:00,2017-02-20 09:32:08,2017-02-23 09:22:41,2017-03-10 00:00:00
c00ec2c5d2f145b694e4f478c71c5711,0c24eb9748620ef4c1a57fbcb77f5ff6,delivered,2018-01-15 13:33:36,2018-01-15 13:49:58,2018-01-16 21:45:18,2018-01-22 18:24:43,2018-02-05 00:00:00
0e6dbbc7484dc1ee0392c9ca801035c2,90f65e1539426f18ab1941841d728c72,canceled,2018-03-01 22:40:51,,,,2018-03-23 00:00:00
1dc23ddb9b0da103fa2b711855d60c76,feaad759d81ebdfbb1bb6d805eac5da1,delivered,2017-05-02 03:31:23,2017-05-03 11:10:18,2017-05-03 13:17:24,2017-05-19 11:11:51,2017-06-06 00:00:00
8753234920fc250d95ea7dc9d517cef9,0f676b631c8e3fe6fa181071d0a6bcfd,delivered,2018-03-29 10:51:53,2018-03-29 11:09:00,2018-04-05 19:19:10,2018-04-09 17:36:28,2018-04-12 00:00:00
414fe5cf5ccc8afed3c265aede6cc37d,cd35dd0b8e59b051825c99ff42983181,delivered,2018-01-10 19:34:02,2018-01-10 19:50:26,2018-01-11 19:10:06,2018-03-08 19:18:35,2018-02-14 00:00:00
c7e358703b2248a4ee0adf815936c2d3,365fade8f6d6113cafba55e06ab251ab,delivered,2018-01-05 00:47:54,2018-01-05 00:59:19,2018-01-08 18:55:16,2018-01-16 00:34:54,2018-02-05 00:00:00
1d03ab3055cbeb857235ddc26b6fc88a,efcff0dedc5aad0606ae815bbb9ccad7,delivered,2017-03-24 12:20:28,2017-03-24 13:07:25,2017-03-27 15:33:42,2017-03-31 11:44:46,2017-04-25 00:00:00
338cd98c972c8d9b015759974ca7446c,58550909176303c05f37a9f3a3e913cd,delivered,2017-01-26 11:09:11,2017-01-27 11:50:23,2017-01-30 11:45:17,2017-02-02 14:58:07,2017-03-22 00:00:00
0cc25005d4c6ad2b8ca080644cee93d8,00694a1bf2da47e37b2bd3193eeae839,delivered,2017-11-24 09:58:46,2017-11-25 06:31:52,2017-11-30 16:42:52,2017-12-01 21:39:10,2017-12-08 00:00:00
51149ebc2ec1ecbf8a2503fd49753259,a7ef64352fb7fdebc2f7a65c0ad75325,delivered,2018-02-22 21:58:40,2018-02-22 22:10:29,2018-02-23 20:09:06,2018-03-11 21:56:40,2018-03-19 00:00:00
2e8f6d00a2eaf2a625d99b8d0ec27627,d86b488d0a9dba21fbdf4786c30ddb5d,delivered,2017-06-06 19:02:52,2017-06-06 19:15:19,2017-06-08 17:24:02,2017-06-14 18:02:20,2017-06-27 00:00:00
8d64e424b042f023526817b2f765a442,64573453bdba984df0f2255736f776ba,delivered,2017-11-30 07:11:14,2017-11-30 07:33:06,2017-11-30 22:36:55,2017-12-03 14:28:33,2017-12-18 00:00:00
bd0d8e38394d7cb075e6c93b3ebe1180,a0195318f72f8d70c69675aff4c48f60,delivered,2018-08-09 11:53:06,2018-08-10 03:05:12,2018-08-10 14:16:00,2018-08-13 18:35:27,2018-08-16 00:00:00
9dece38ba34c2b0050efef28e85d7bde,db913a930f7150edd2c9d735b27df1b1,delivered,2018-05-13 19:02:14,2018-05-13 19:12:38,2018-05-14 13:44:00,2018-05-18 20:58:28,2018-06-06 00:00:00
7db38640b175244483b5c37ac175566e,cb567aae66e06084ca13b05acf19692e,delivered,2017-05-24 00:06:25,2017-05-24 01:25:25,2017-05-24 15:39:50,2017-05-26 12:56:59,2017-06-14 00:00:00
51c86c4487b86a4e4cb8eeec8618de9c,273cba7d43266b9fb2737824de113e43,delivered,2018-04-05 21:43:44,2018-04-05 21:55:13,2018-04-07 00:32:39,2018-04-25 13:21:59,2018-05-03 00:00:00
8d5af908ce8ffa721a9f665abb660200,f587020fb390d4db881c59e50b0ef9e9,delivered,2017-05-27 13:30:08,2017-05-27 13:42:19,2017-05-29 13:49:12,2017-06-02 16:03:22,2017-06-27 00:00:00
6c11e4c7d9e5f7769c8090475602f54e,9c2ba98b81feb86a71ba30fbc3520f28,delivered,2018-08-22 23:20:54,2018-08-24 08:50:10,2018-08-24 13:58:00,2018-08-27 18:28:53,2018-08-29 00:00:00
847aa72b1ca97537af9c72ce7e99bf94,f0acd4906098739719f7507162c85942,delivered,2018-08-18 21:19:10,2018-08-18 21:30:14,2018-08-20 14:13:00,2018-08-23 01:03:47,2018-08-28 00:00:00
21b2689d22f457f04c68814cb269764d,e5b109875eefb9d243b353dfde8552a8,delivered,2018-08-02 12:05:18,2018-08-02 12:50:16,2018-08-03 12:26:00,2018-08-08 22:12:37,2018-08-15 00:00:00
b75531d67f9616e9012cea103a187c8c,b671be06b16d469205a87c380a30a09c,delivered,2017-03-07 22:10:46,2017-03-07 22:23:29,2017-03-13 09:32:58,2017-03-23 08:35:59,2017-04-12 00:00:00
5f7577cc4d04d08a6edae39a0b96e281,45d806ce5ead27ab0476dba78e3647f2,delivered,2017-08-04 17:14:16,2017-08-05 02:55:36,2017-08-08 13:33:51,2017-08-22 20:00:11,2017-08-29 00:00:00
0a10c45a73c3213a1499c3989973849b,7d8983250c2d0a3ee2e1deeb1bfd9523,delivered,2018-01-15 23:47:57,2018-01-17 03:35:27,2018-01-20 15:34:50,2018-01-23 19:55:53,2018-01-30 00:00:00
a23f4025d60af6199b5eb5631b070e7f,c69a08ef1c07bde2bbcab44dce1bd0b6,delivered,2017-12-07 20:48:38,2017-12-09 16:31:19,2017-12-13 22:10:26,2017-12-22 13:52:15,2018-01-05 00:00:00
18c7a26dfefa3c4686770ca98c0819fb,7cd5270ebafd25ed42d608a9b2620eda,delivered,2018-02-01 22:36:16,2018-02-01 22:51:44,2018-02-08 18:09:32,2018-02-21 19:49:10,2018-03-02 00:00:00
db0d1ecbd182db92c44e389118dbcbe7,a181d9739990ed390d7d9ab2565f93d1,delivered,2018-05-05 21:59:28,2018-05-08 04:15:41,2018-05-09 14:59:00,2018-05-22 21:52:37,2018-05-30 00:00:00
016e4acfc34b9f2abc69795f47c92f0e,ab53dab22635ae74adb0baa0689afcc0,delivered,2017-09-15 13:53:55,2017-09-15 14:10:19,2017-09-15 20:02:46,2017-09-18 21:40:44,2017-09-27 00:00:00
b1cc044d321053348a5e482ca7e6b2e3,d3286ca43aa21423c6045b2806ca8e56,delivered,2018-01-30 19:29:01,2018-01-30 19:54:04,2018-02-09 13:08:10,2018-03-16 01:41:08,2018-03-20 00:00:00
0286c83491d80e29a5f16c150abb76b2,c9d83efae10ff5d47b75d591e2bbbffe,delivered,2017-10-29 16:45:18,2017-10-29 17:06:08,2017-10-30 19:03:52,2017-11-01 15:14:28,2017-11-10 00:00:00
39948b49e7e68844f9f5a31d12a3c4c6,810d6e6ff6e67c94075b39488b77632c,delivered,2018-03-20 17:23:39,2018-03-22 02:50:09,2018-03-27 19:03:57,2018-03-28 20:06:36,2018-04-06 00:00:00
c02ba990f9573a840c307babf93b3416,fac62f659b6e79c9004f4df20f81e56c,delivered,2017-09-03 18:42:46,2017-09-05 04:36:04,2017-09-06 22:59:07,2017-09-21 22:18:05,2017-09-27 00:00:00
8e238195658d4539944106a75adb0d60,2cb5c5492e971898f891f51efdf57042,delivered,2017-04-23 20:30:30,2017-04-23 20:42:15,2017-05-05 18:44:51,2017-05-15 15:08:41,2017-06-08 00:00:00
de3205739b43c0284c856d5bd725dc55,bd6292322eb6573fc98ac5931d04f5e3,delivered,2018-01-31 21:39:27,2018-01-31 22:09:43,2018-02-06 17:15:06,2018-02-07 23:22:55,2018-02-16 00:00:00
fd3634dbb2f578420b7b7dc1633766ce,2b02213d249d2abc717cc1c6bb4e9cb0,delivered,2017-06-30 14:03:15,2017-06-30 14:15:12,2017-07-03 14:32:37,2017-07-19 18:27:22,2017-07-28 00:00:00
a02dc27653c8ef244fd7d8c4d5bc81f5,36215c1129f4b3642a7cd36350c00d44,delivered,2018-08-02 18:38:57,2018-08-02 18:50:20,2018-08-03 13:57:00,2018-08-21 02:52:26,2018-08-24 00:00:00
e2fca022373f1b683cf49d41e76ec1e8,e6428b88ea8513d718bb4199f280cd77,delivered,2018-04-01 21:29:34,2018-04-02 21:28:58,2018-04-03 20:58:26,2018-04-05 23:18:46,2018-04-26 00:00:00
deb8ce115f74e504ae38e7db9bdd42e6,a8a702b6be013bb059beb57f4f555800,delivered,2018-06-26 14:22:38,2018-06-27 14:32:13,2018-06-29 14:21:00,2018-07-10 21:27:36,2018-08-08 00:00:00
946d0f6c2be5f68f7a11380b3b2ad702,d9f9425a078997c63496609bbd812501,delivered,2017-05-13 11:20:10,2017-05-16 03:35:36,2017-05-18 13:55:38,2017-05-26 11:05:23,2017-06-12 00:00:00
fd965a5e6e0a6b5d4e631551ecd45b9c,0166c4ebd26a021fe864a0b91761f50f,delivered,2018-05-12 17:59:06,2018-05-13 17:55:11,2018-05-14 10:10:00,2018-05-17 17:41:10,2018-05-29 00:00:00
2af07ef80eaeea49803f4f6a3dd99280,8e0d5257ac46d3f8ef385707ee27fd0e,delivered,2018-01-30 19:01:59,2018-01-30 19:14:47,2018-01-31 21:28:38,2018-02-14 21:33:22,2018-03-01 00:00:00
069d921a767dfeb76fb4a7f39bc4217c,5eecda6ad529c01c64a0dc71cfc02f17,delivered,2018-07-05 15:49:02,2018-07-05 16:35:33,2018-07-06 09:00:00,2018-07-11 18:03:10,2018-07-18 00:00:00
72a055afec5322997eace70e9f743482,54da5dbc494349153af7466f6e030d7d,delivered,2018-02-24 20:04:09,2018-02-24 20:15:27,2018-02-27 22:09:30,2018-03-21 23:52:38,2018-03-16 00:00:00
a6055e208086fe169c0a0f191b43445c,28a8b3e9e93103e57dfbe8df0cdbce5f,delivered,2018-05-04 18:44:15,2018-05-04 19:10:01,2018-05-07 17:14:00,2018-05-08 20:12:09,2018-05-17 00:00:00
787ae1110521f3a8bc19a7ac93b8c914,06d59aa5dcec13f7cb753276300a499b,delivered,2018-03-11 19:24:31,2018-03-11 19:35:50,2018-03-12 22:32:22,2018-04-03 21:28:49,2018-03-29 00:00:00
6660a709a26684b66ea12d604ddf0579,4356b8d02549aef5b23be49c9824ce56,delivered,2017-09-23 12:10:18,2017-09-23 12:30:16,2017-09-25 19:08:00,2017-09-27 19:25:34,2017-10-10 00:00:00
f3730b23378f3e3415e54360e5a7c844,d43e617665b9a99e6e9b0ca80101867c,delivered,2017-11-23 22:55:19,2017-11-23 23:08:24,2017-11-25 17:58:41,2017-11-29 20:42:40,2017-12-07 00:00:00
5481cc369cb2fe41d87a0eb98c512166,5d442e2ce67bda00693d989b8ee6232d,delivered,2018-02-26 15:06:05,2018-02-26 15:15:53,2018-02-27 15:09:12,2018-02-28 15:42:12,2018-03-12 00:00:00
e1cb06b1ce820a025fed0669adf9a7f9,c7d01474e137ab202e9d31f379d6ad02,delivered,2017-05-14 23:34:25,2017-05-14 23:45:10,2017-05-16 12:34:01,2017-05-17 09:52:18,2017-05-24 00:00:00
56c31c03a2fc4a10abafed9320733788,8c847a3d8d8f7b7fde182ad0f4857b83,delivered,2017-11-20 11:27:55,2017-11-20 11:46:26,2017-11-21 23:12:25,2017-11-22 22:46:46,2017-12-01 00:00:00
fee41f55534a71ad5fd16ac61bc5281c,96b846b2e764efc19d7e33e7a482a603,delivered,2017-12-18 19:36:46,2017-12-20 06:57:38,2017-12-20 18:29:28,2018-01-06 18:04:13,2018-01-16 00:00:00
5f7d84d0a7cea1633979f2b458c740b6,8dc52e5ad5b73b2c4f559a80c7bee085,delivered,2018-04-18 10:23:16,2018-04-20 07:11:00,2018-04-21 00:33:41,2018-04-26 16:13:00,2018-05-09 00:00:00
50bc1ac9db5f38b0982adba11e35b948,71ca22f53f754920cd75ffae69cf2343,delivered,2017-10-13 14:30:14,2017-10-14 03:56:28,2017-10-16 19:42:24,2017-11-06 14:42:01,2017-11-06 00:00:00
c49d07f9806a006e5b310764f661e911,1018405e6c2d86a48cd8ea8f2ca0ebaf,delivered,2017-04-27 18:10:14,2017-04-27 18:25:09,2017-05-02 13:27:42,2017-05-10 10:04:37,2017-06-09 00:00:00
60787bfeaae0862411713fa2071d87db,3a6968ced25621f86fc2ad61f2eb90e8,delivered,2018-03-28 09:09:21,2018-03-28 09:27:46,2018-03-29 20:33:49,2018-04-10 14:06:25,2018-04-17 00:00:00
bde5891c6b5d690163ceae7143c288f4,c4cdce4f982f9bb93096b4ba5cda6e5f,delivered,2017-11-08 12:42:07,2017-11-08 12:56:53,2017-11-09 15:16:51,2017-11-16 19:27:43,2017-12-01 00:00:00
61b40f2b303f6b312a3563e508baafb7,4209c2248f1d9e2a244d179a52053ffa,delivered,2018-02-22 08:04:09,2018-02-22 08:40:20,2018-02-23 21:53:02,2018-03-01 02:52:53,2018-03-16 00:00:00
5b93109649fd0855758bb61ef5fc3d37,90a58b8dfd590f9303aab89bfb08a33b,delivered,2018-04-10 17:50:13,2018-04-10 18:09:12,2018-04-11 17:03:27,2018-04-25 22:37:27,2018-05-07 00:00:00
ed965f5b2d371fefa5afc3ded3835a0e,37a35978aab474b5f6ca6b43cf03c19a,delivered,2018-02-15 15:37:41,2018-02-17 03:47:42,2018-02-19 23:16:49,2018-02-21 17:07:36,2018-03-01 00:00:00
35e3f3cac84a02e430e53ca318ce9791,b76b87175551ebd3a0402fc8e593571d,delivered,2018-01-30 17:07:26,2018-01-30 17:29:54,2018-02-06 23:41:12,2018-03-15 20:41:20,2018-02-21 00:00:00
496c7edde87a9059e9887b3f1fc62523,0ec94dc37e4e44d1b7a9eddf4a8a3da9,delivered,2017-03-07 12:38:40,2017-03-07 13:04:09,2017-03-08 12:10:03,2017-03-09 13:48:02,2017-04-04 00:00:00
8c2ce0a5a34c3f1e1a56aee2283a45d4,e43ba73efbce0b4dd005c5d76a88629d,delivered,2017-05-19 08:48:02,2017-05-19 09:02:31,2017-05-19 14:55:19,2017-05-25 15:41:35,2017-06-12 00:00:00
f8ff4b3861d957e056ce454bffbb4ff0,011263a2375678dc8d8fcda1c3e11cd9,delivered,2017-03-23 12:27:39,2017-03-23 13:06:14,2017-03-24 14:47:12,2017-04-04 15:17:57,2017-04-27 00:00:00
b8827e3fbdce70200068de321b62f11c,ae4776734a6c3d0a014d64732168ade4,delivered,2018-05-10 06:47:13,2018-05-10 07:09:43,2018-05-10 12:35:00,2018-05-12 17:28:26,2018-05-30 00:00:00
16292a9c0445a1d618c28b154f1a6fbe,94b0aab2e79d1fba20520b2cef320dc5,delivered,2018-05-31 13:18:45,2018-05-31 13:35:19,2018-06-12 13:53:00,2018-06-22 01:05:59,2018-07-11 00:00:00
3282bc9c548b4d233a43f5c6d96fade8,da9c8d08ff43e0e3f90bdb93eaded55f,delivered,2018-01-23 09:36:08,2018-01-23 09:52:16,2018-01-24 12:52:51,2018-01-27 12:23:06,2018-02-19 00:00:00
9bc38db4ef1d6f4fd1844e03b30b843e,edb1c5c35746b4a1d65ad8a98fa84570,delivered,2017-12-04 13:44:44,2017-12-04 16:47:31,2017-12-06 20:57:30,2017-12-08 23:34:16,2017-12-21 00:00:00
20cebe1097b0f1c09cc5f22570566d1a,4264cfb1465f313419a9c2dad9e511d8,delivered,2018-02-04 23:32:38,2018-02-04 23:49:50,2018-02-05 16:42:15,2018-02-27 20:47:57,2018-03-09 00:00:00
31593a3048f6d0e061a4101a6e5fe24f,b6623d5bf68c77aaaa0033d082ef2e96,delivered,2017-10-05 09:53:37,2017-10-05 10:07:21,2017-10-05 17:49:01,2017-10-16 19:15:44,2017-11-03 00:00:00
40789dad22231468ebb1cc58cc892d6b,683c9c1fe268212d92bf51fa976d136a,delivered,2017-10-07 23:05:39,2017-10-07 23:14:25,2017-10-09 19:30:17,2017-10-16 19:52:45,2017-10-31 00:00:00
1f32e76e92fc0ebf756639dad26ebaa9,f4dd96cb420c457ddfe5059609035b9f,delivered,2017-07-05 13:39:22,2017-07-07 02:46:03,2017-07-07 17:59:52,2017-07-10 19:57:28,2017-07-19 00:00:00
9f23214f021883350f10518588c2ad74,f2dd08d67a0f435788ea8ed3e5225590,delivered,2018-03-28 00:32:25,2018-03-29 18:35:47,2018-04-04 11:44:47,2018-05-03 21:04:09,2018-05-09 00:00:00
b00122d54463704c33f4768470c6db03,0cd43fdae479c385b043dcbe71f99bbf,delivered,2018-01-03 19:00:56,2018-01-04 16:50:29,2018-01-05 22:58:09,2018-01-16 01:22:16,2018-02-01 00:00:00
dc7997edb72a765e7b39dbb9be3a63a2,ef3a66154372e62de501a93651f293da,delivered,2018-05-05 15:16:04,2018-05-05 15:33:15,2018-05-07 15:22:00,2018-05-08 20:28:49,2018-05-18 00:00:00
1662797f04736ea5acb5de67d5672fcc,c82367a413b58dcccbad4eb8a50e8945,delivered,2018-03-16 19:39:14,2018-03-16 19:55:22,2018-03-19 19:51:55,2018-04-05 20:59:37,2018-04-05 00:00:00
0700ebb6d2f93a025b6ba09074cb57c2,b28df93f277b995d67fd7b31e40a932e,delivered,2017-04-12 13:07:44,2017-04-12 13:22:38,2017-04-18 14:45:52,2017-04-27 06:51:34,2017-05-08 00:00:00
28cc666d3c85564ac6854085a36582fb,9bad93b17d6f93ac3ec4f63c2fc3b7dc,delivered,2018-02-23 13:08:12,2018-02-24 02:35:46,2018-02-28 19:05:03,2018-03-01 21:05:04,2018-03-16 00:00:00
8a03e73a80b701470a167fc0291836b7,4ddab76c82c365030cacb12a8e953dc4,delivered,2018-04-06 08:52:45,2018-04-07 09:08:08,2018-04-09 22:51:06,2018-04-13 18:06:54,2018-04-25 00:00:00
a36a813c74f1991b48c5e3403bcebba5,0a3bc6054705cbcbc069154c83ab3df4,delivered,2018-05-08 16:06:32,2018-05-10 03:36:53,2018-05-29 13:18:00,2018-06-04 20:51:52,2018-05-30 00:00:00
b1873e7f1c0220c132db2642ecf2bf1b,389efb68674e38efb4ce37a9b72ca36f,delivered,2018-07-16 18:55:19,2018-07-16 19:10:16,2018-07-18 14:02:00,2018-08-07 11:20:45,2018-08-22 00:00:00
59668dbabb7fd2151ea6d80d1ea0f251,3c9792a69423a23cb1fba107c5079981,delivered,2018-03-02 11:20:41,2018-03-02 11:30:44,2018-03-03 00:17:30,2018-03-08 21:06:26,2018-04-02 00:00:00
64e827a2a04dc6dd5adcb685b1d26ed1,f4c527f30d0af8124485642436b910c1,delivered,2017-07-02 12:18:48,2017-07-02 12:30:12,2017-07-03 15:21:15,2017-07-11 18:19:34,2017-07-25 00:00:00
3bf55ff583973c0c06914babcbb30891,8a6d71ee4abd5374542ced36a5c53e40,delivered,2018-01-15 20:35:23,2018-01-15 20:50:45,2018-01-19 01:10:09,2018-01-22 18:52:01,2018-02-07 00:00:00
3b8a3138cb95908731feea1a6e456ecc,895dc6310e03a3a99b01e8224e7086a5,delivered,2017-02-07 19:37:14,2017-02-07 20:42:19,2017-02-09 15:48:14,2017-02-16 10:57:31,2017-03-14 00:00:00
a85b39b522ebdc78718abeca337444a5,b195bc90f08a925b3fcff60a27e14e45,delivered,2018-06-26 14:08:31,2018-06-26 14:33:59,2018-07-03 12:32:00,2018-07-04 18:41:55,2018-07-13 00:00:00
339cfa1a6bf1f4f0c50db99c5255b714,3c3e4944db82d06e6413f8111e7a7a5c,delivered,2017-02-02 21:40:21,2017-02-02 21:55:14,2017-02-03 18:47:30,2017-02-16 15:27:45,2017-03-02 00:00:00
963cb654293e98ba41a3c609d2c3ca4d,34c7072b051e4df2c2a048d2db72edaa,delivered,2018-01-23 18:58:56,2018-01-24 15:58:05,2018-02-01 01:21:15,2018-02-15 18:33:12,2018-02-20 00:00:00
e61eef70c6a825396525e3f3d9a82ec9,4388a78467a347df7bae385d0cdd93bd,delivered,2018-06-15 16:54:57,2018-06-15 18:21:32,2018-06-18 14:48:00,2018-06-19 11:12:09,2018-06-29 00:00:00
27c6771e4bc936d8ef460989587acc1a,3f2e51e61d65ef449d876636ff3f1364,delivered,2017-12-14 15:16:42,2017-12-14 15:31:23,2017-12-15 00:05:03,2017-12-29 19:24:35,2018-01-10 00:00:00
9566b36fbba7756a79b5d2cba4e058d9,6c60cba0b553924964bcbf588c7fec36,unavailable,2017-07-10 16:47:00,2017-07-13 10:04:11,,,2017-07-21 00:00:00
37d4f4fa2c96f2b37291fbb0e85ff90e,bea4dd01f3c88de870e94eb9447bc0d7,delivered,2018-03-12 16:10:58,2018-03-12 16:27:57,2018-03-13 17:26:20,2018-03-22 22:04:11,2018-04-12 00:00:00
6ce893d804dc1a09876e09ef2537b8f4,18dff7c2afb1ce5fb0bcbad957ef233d,delivered,2017-11-24 12:59:43,2017-11-24 15:13:44,2017-11-28 20:57:02,2017-12-04 19:47:34,2017-12-14 00:00:00
ec149fdcafd89d783f2942078e182e1e,e72eaa64d93891becb7b33bcbb385b11,delivered,2018-03-15 22:45:30,2018-03-16 16:30:44,2018-03-24 12:46:43,2018-05-03 04:17:01,2018-04-06 00:00:00
617b248faca8fe758da0640030f82f00,49fbaec7f8c365d12595c7b6cb6db285,delivered,2018-06-15 12:20:19,2018-06-15 12:45:55,2018-06-15 15:51:00,2018-06-21 16:21:59,2018-07-16 00:00:00
1415b17c0425330751b1b6770dc5db23,a8e569a5a0b98b1e496270dbaae45a27,delivered,2018-04-19 14:14:14,2018-04-19 14:34:54,2018-04-19 23:36:20,2018-04-24 13:53:05,2018-05-09 00:00:00
76aa4331248df0c7d222f16901a12597,66e822818cfda1db261d52e9e2a9f19e,delivered,2017-06-18 13:04:41,2017-06-20 10:25:11,2017-06-22 13:28:02,2017-07-04 14:09:52,2017-07-07 00:00:00
c912c210c22a9527553521d8fda44563,6eb257a208b7082dbd96413e6d139602,delivered,2018-04-23 09:19:59,2018-04-24 17:23:05,2018-04-25 12:31:00,2018-04-26 19:32:09,2018-05-08 00:00:00
ee23103ab94d84788e8fb686103c0954,4eee666d81e4820818ac51c38b46da8d,delivered,2018-02-04 19:23:01,2018-02-04 19:35:30,2018-02-06 01:03:42,2018-02-16 15:45:22,2018-03-07 00:00:00
982d82bc18646c6288463c134c89fc3e,37aa35bff555a25b9de984deaa0b514d,delivered,2018-07-26 22:05:42,2018-07-28 02:35:13,2018-07-30 12:15:00,2018-08-07 23:36:49,2018-08-13 00:00:00
b8831de8421ce05d880cb13b8610f9c3,6624813688ccf41b6807e77a9f194c2b,delivered,2018-08-10 15:00:29,2018-08-10 15:10:22,2018-08-15 13:34:00,2018-08-17 14:45:01,2018-08-21 00:00:00
c4af0542c4e80ac8948b90a8e681438a,c67a8cad742b0690b21e4f3dd47e5e36,delivered,2018-03-28 07:16:09,2018-03-29 07:07:06,2018-03-29 17:46:43,2018-04-03 01:36:54,2018-04-10 00:00:00
28ea88a8bad588a92fdc8933affa2d09,2d9491955f2aaa6964262a95b669b034,delivered,2017-12-11 15:30:13,2017-12-12 03:54:27,2017-12-12 18:44:53,2017-12-18 18:24:51,2017-12-28 00:00:00
e4a15d634030ab198f2c262701ef1a43,2f32a98fe19fbf324593daea7c67fc39,delivered,2017-07-18 10:39:16,2017-07-20 02:15:13,2017-07-21 19:41:26,2017-07-22 12:11:59,2017-07-31 00:00:00
f0c8f501afe22bb7a23e3721bcc6221c,aca18b64dfc4ffb2db3fe697768b37b2,delivered,2018-01-23 12:22:00,2018-01-23 12:33:26,2018-01-24 22:24:49,2018-02-16 22:12:34,2018-02-16 00:00:00
b653d11a2d36e5f0ef423e03e28e7682,e9c74734e04f65160a26264b5524a3dc,delivered,2018-08-02 19:54:25,2018-08-04 04:23:58,2018-08-06 13:30:00,2018-08-09 20:28:23,2018-08-17 00:00:00
bf99266f91395a536eec2caf09bad879,dc3228becc9cda34ba2ee67aec398f88,delivered,2018-01-25 09:49:02,2018-01-25 09:58:29,2018-02-01 13:04:51,2018-02-28 20:34:25,2018-02-23 00:00:00
7af964692dbab0c7e5f70ff30f03b7df,b2930651f79c65466a1bab5fb5baf7e5,delivered,2018-08-14 03:22:04,2018-08-14 03:30:08,2018-08-14 14:21:00,2018-08-17 22:41:13,2018-08-23 00:00:00
430cd6b6d3066421a8bc48ce72541ba3,fdd862fcaef60c5198b49bcb033c906e,delivered,2018-07-01 14:58:48,2018-07-01 15:29:53,2018-07-03 06:30:00,2018-07-05 21:04:53,2018-07-20 00:00:00
61d430273ff1e88f2944acb53e99eab5,345a9015c65f954a3828232dce3a2d0e,delivered,2018-05-06 09:48:42,2018-05-09 17:35:59,2018-05-10 10:28:00,2018-06-05 12:09:51,2018-06-06 00:00:00
6cc40732b6bc944a2b6cb8aca515bfe5,ba4eec713eeb24b401bd89b380363910,delivered,2017-08-14 20:02:20,2017-08-14 20:45:14,2017-08-16 19:03:48,2017-08-18 21:17:08,2017-09-06 00:00:00
225ce7a56330d0d477b097a8752b22cf,43eabd043baaab5f73193fae5eae4af9,delivered,2017-02-24 16:37:19,2017-02-24 16:50:15,2017-03-01 10:45:51,2017-03-30 14:23:58,2017-03-31 00:00:00
e5277018d6ad784647a82c8d0f7f8dcd,0c7aa3b3d34237d58e07d8458c5683ba,delivered,2017-12-30 15:13:25,2017-12-30 15:27:18,2018-01-04 23:13:00,2018-01-16 21:03:12,2018-02-02 00:00:00
3a8120ab24d55fb6df380a431836a916,915324f5c372a16f2cba00005464110e,delivered,2018-05-13 21:23:10,2018-05-13 21:35:14,2018-05-15 10:46:00,2018-05-22 17:09:55,2018-06-11 00:00:00
95d01aa47c6ad56612e6c8e9057647bf,734061465fe7d5790e21853ba9721acc,delivered,2018-03-01 10:47:09,2018-03-01 11:14:28,2018-03-06 14:12:35,2018-03-11 17:54:38,2018-03-23 00:00:00
8d4b407022b632729179432fdecbc16e,d516b3d67e888a60101647dc1c73edad,delivered,2018-03-03 17:52:05,2018-03-03 18:08:58,2018-03-06 05:26:37,2018-04-11 16:46:37,2018-03-26 00:00:00
e84f839667bdb61865f74a90bc11ec11,3d20577b680eba8c0f24f1012404171b,delivered,2018-07-24 20:45:59,2018-07-24 21:04:15,2018-07-25 13:04:00,2018-07-26 16:22:03,2018-08-06 00:00:00
a24a47282e13a3896fb83d6f49403e95,fcf0a8e930625f8e0e76ee66eba88402,delivered,2018-07-12 09:40:48,2018-07-13 02:43:53,2018-07-13 12:47:00,2018-07-20 17:22:35,2018-08-01 00:00:00
238652e39c5fdf89a8fd44776f532501,fc041ede47154c40f55455e20c1a1954,delivered,2018-07-25 09:15:28,2018-07-27 02:05:11,2018-07-27 13:49:00,2018-09-17 14:37:09,2018-08-10 00:00:00
889e1d99762dd368ffbc599fca39bb91,a6213be5160f76ac6fa665067ecc8a82,delivered,2017-09-08 08:49:01,2017-09-08 09:03:33,2017-09-18 20:02:49,2017-09-25 17:46:29,2017-10-03 00:00:00
e6a6d96ae279ae5a454516029a7c43f0,bdebf3864c17651e6fff4ef53f155b05,delivered,2018-07-12 16:53:30,2018-07-13 02:43:54,2018-07-13 15:11:00,2018-07-24 11:23:37,2018-08-01 00:00:00
6935b759d76562923a21746fce73fe75,a148f10ca6771ae483a760a535cd3f2e,delivered,2018-06-28 21:17:37,2018-06-29 02:53:15,2018-07-03 09:26:00,2018-07-09 19:22:09,2018-08-03 00:00:00
38d53048cadc43042f82188a761f6765,ccbd8555e574d889b4c79b3ec6f35fcd,delivered,2018-07-15 19:35:42,2018-07-16 19:31:19,2018-07-17 13:41:00,2018-07-27 19:11:56,2018-08-09 00:00:00
92e0e57ece13a66d7232aa795367d00b,d5a4979618ec6fe5b7f120ccb95821c6,delivered,2018-06-07 15:58:28,2018-06-07 16:21:09,2018-06-08 14:22:00,2018-06-11 17:12:13,2018-06-25 00:00:00
c410d85093b93e495da87d8041af5ffa,f8578672384385a1888677c3bac69dfc,delivered,2018-07-21 12:19:00,2018-07-23 11:31:46,2018-07-26 13:39:00,2018-08-01 22:58:57,2018-08-16 00:00:00
ad7d9326d258f80eb37b239345f12bab,9eac01273a3af8693258b4e2cba53b68,delivered,2017-10-23 00:05:04,2017-10-23 00:25:14,2017-10-23 19:09:09,2017-11-06 18:34:04,2017-11-16 00:00:00
4c0b506d42a6b9fe0951c6cc05419141,f225771a2f46c4efd6ab6967f5c23070,delivered,2018-03-08 22:38:54,2018-03-09 01:22:10,2018-03-09 21:58:38,2018-03-21 16:22:29,2018-04-06 00:00:00
f6b066fe810a20c879b7a4aa8ffd30af,a01b1970efe8b573e00c01cf5ef8b758,delivered,2017-05-21 19:59:32,2017-05-21 20:10:20,2017-05-22 13:47:07,2017-05-24 15:56:57,2017-06-09 00:00:00
36d41a5b60875876ac9f3dea8d233a1f,9525e9588f32cbc9dd5eecd6c63da24b,delivered,2017-11-27 08:41:22,2017-11-27 08:50:53,2017-11-28 17:32:32,2017-12-18 23:08:06,2017-12-19 00:00:00
207899590ac0ec260af0446b68101b21,a890c03e9d0445e3f23f331a4fa21a1c,delivered,2018-02-25 21:43:00,2018-02-26 21:48:16,2018-02-27 23:53:00,2018-03-27 18:56:49,2018-04-12 00:00:00
3b43489e5e595593e63470f9e524d325,0f4e6706036eec942d3b94d1d00ba58f,delivered,2018-06-22 21:24:55,2018-06-22 21:58:37,2018-06-25 13:20:00,2018-07-24 14:41:46,2018-08-01 00:00:00
a650c3b90a4fe07df3649652c1571200,c7d46d38693dda374be909b1fade2047,delivered,2017-12-06 07:41:06,2017-12-06 07:53:29,2017-12-07 00:12:28,2017-12-08 19:43:17,2017-12-29 00:00:00
9f49bd16053df810384e793386312674,98ef9188ce9357bd77f60150a935c7fb,delivered,2018-07-29 11:41:33,2018-07-31 04:31:32,2018-07-31 13:40:00,2018-08-06 20:07:34,2018-08-22 00:00:00
9e0584f7d8ecc18347e6ce7eb7922628,819de07331adbd18c444712e08d51dc3,delivered,2018-07-15 13:52:04,2018-07-15 14:05:25,2018-07-17 09:31:00,2018-07-20 21:58:44,2018-07-30 00:00:00
f3c19ec2622d12aafeb4c32621b951b2,ed8281fe17bd28cb00b79f98fba9c537,delivered,2017-12-13 12:58:59,2017-12-13 13:12:06,2017-12-15 18:34:57,2018-01-13 02:18:44,2018-01-10 00:00:00
c0a8c5b9536ee81202e0c08ffd9abee4,9e9d917a4dcbc69e41a7772dbe236713,delivered,2018-06-29 11:28:18,2018-06-29 11:51:20,2018-06-29 15:34:00,2018-07-04 21:19:30,2018-08-06 00:00:00
52fb3b22b5c78d0b753ffeb820ed01a1,12d6c8927ce18ddc37dc9e74ec9dec83,delivered,2018-04-14 14:06:55,2018-04-14 14:31:32,2018-04-19 21:06:58,2018-04-23 19:38:46,2018-05-03 00:00:00
116916cf522fb4386293fb7cfa886e7e,d78f6069da55a04e77ac324ab187c2aa,delivered,2017-08-25 23:55:43,2017-08-26 00:05:54,2017-08-28 20:16:55,2017-09-11 12:46:08,2017-10-02 00:00:00
faf1b809401b186ca28936c3e1cb07aa,44207bd279cce3ea4df67d246f816533,delivered,2018-05-13 19:17:06,2018-05-13 19:34:14,2018-05-15 13:09:00,2018-05-18 18:06:53,2018-05-28 00:00:00
10a419c662c88c75ed796f78bc88d31b,42e4ba168ec81ad850d53a5cfd176cf2,delivered,2018-03-07 10:35:14,2018-03-08 02:15:57,2018-03-08 22:02:27,2018-03-23 02:25:30,2018-03-23 00:00:00
16be5e70ff2ab4fa7caf1f4350750711,1c4c32e3591a802adaf5bab2f8645097,delivered,2018-02-26 15:56:09,2018-02-26 16:15:41,2018-02-27 20:16:41,2018-03-23 16:46:52,2018-03-21 00:00:00
da48c3a7c7a54b3a4fa8e4f0d0a0e49a,4fdf851814f8f40bdc1a2973b759566e,delivered,2017-02-26 01:05:37,2017-02-27 01:15:06,2017-03-02 17:39:35,2017-03-15 11:51:49,2017-04-03 00:00:00
0191bbb5166d4b9a68df11797d5acfa9,62b59a64eb786a96516229b7f3612c72,delivered,2017-08-10 12:17:35,2017-08-10 12:30:15,2017-08-15 19:26:45,2017-08-24 18:15:16,2017-09-08 00:00:00
fa630bc4aa5f6aa35485ddc68bb56edb,78003bdedb0e24f82a2027221622ed27,delivered,2018-08-22 18:20:05,2018-08-22 18:30:15,2018-08-23 15:45:00,2018-08-29 00:09:38,2018-08-30 00:00:00
4f2478354c7836ea575c7e2f38dd1d1d,5a1184a130531482314d389906afee6c,delivered,2018-02-20 14:13:30,2018-02-21 14:30:37,2018-02-27 04:42:16,2018-03-09 21:03:55,2018-03-19 00:00:00
ad366003d331bb0eaa77c1efc5570657,d54371af4fe03138c67f7ad33c8986f2,delivered,2018-01-17 08:03:08,2018-01-18 02:11:30,2018-01-18 18:34:56,2018-01-22 21:23:03,2018-02-07 00:00:00
e84fc9bd9b30107feb50736a4763e483,5c1cfd3396dc73c155cbff6e8958c617,delivered,2018-03-09 16:14:16,2018-03-13 04:48:00,2018-03-19 17:58:39,2018-04-05 18:03:35,2018-03-27 00:00:00
71dab1155600756af6de79de92e712e3,8c20d9bfbc96c5d39025d77a3ba83d7f,delivered,2018-02-01 18:32:02,2018-02-01 19:37:42,2018-02-19 18:37:35,2018-03-12 18:58:21,2018-03-22 00:00:00
d79f4264e783c7bfb5a7513f811a236a,468a33d90073632f3d419ec748c83fc8,delivered,2018-01-25 20:59:08,2018-01-25 21:12:33,2018-01-31 22:51:37,2018-02-09 23:29:11,2018-03-05 00:00:00
64e32e79cb2d36bb6c9848e16fba6029,3582e2507041f4f95a243c5033699acb,delivered,2017-04-28 09:50:33,2017-05-03 11:42:39,2017-05-03 12:35:00,2017-05-17 11:38:25,2017-06-05 00:00:00
ee5cda8e001e5e116ecfadae037c5b1e,67ecc6b957ac04df1289cbb717919aa6,delivered,2018-04-23 12:27:19,2018-04-24 17:22:49,2018-04-25 16:07:00,2018-05-03 21:04:31,2018-05-17 00:00:00
6fc020b0ec995fb761ee385f34df5a6a,41a657674484cf533a6cf683a1063ace,delivered,2017-09-13 16:59:00,2017-09-13 17:10:40,2017-09-14 21:20:03,2017-09-16 15:25:58,2017-09-25 00:00:00
f395e98fb5c1c6ce1306e80de2fe125b,17b84775b092425883616b88bc1bbba2,delivered,2017-04-10 23:12:09,2017-04-10 23:22:28,2017-04-12 14:40:23,2017-04-19 17:57:55,2017-05-11 00:00:00
93a4103fd6a1562ec4442ddb02a38c5d,0ec7fc82a014f62c13bf934aa074185d,delivered,2018-01-30 08:34:27,2018-02-01 02:56:13,2018-02-01 17:54:52,2018-02-08 19:28:35,2018-02-21 00:00:00
eccfa9494767cbb5849832af90431606,8f8bb707c5803bbdf5c57fb926b79156,delivered,2017-04-02 17:24:38,2017-04-04 06:05:36,2017-04-07 16:18:09,2017-04-23 14:05:14,2017-05-05 00:00:00
4b4a19bd8b1065ce9a4f227eff142150,68e39b15a421a9bbc7df0dd39c3a2bff,delivered,2018-02-16 15:07:18,2018-02-16 15:26:52,2018-02-21 10:04:14,2018-03-14 20:36:23,2018-03-15 00:00:00
f51e3c7f79d1e2c076acbb6af1588b95,3469ebe2f9aa5e08f1a85ecf20b549e0,delivered,2017-03-10 20:04:32,2017-03-10 20:04:32,2017-03-15 13:27:52,2017-03-17 15:28:13,2017-03-29 00:00:00
16e9aa07e3c0747d339a73bf9c1d275d,ea79db9c02e4bf4172f8cbbbc24fb0be,delivered,2018-04-17 22:36:19,2018-04-17 22:51:53,2018-04-18 19:41:21,2018-05-03 19:53:37,2018-05-21 00:00:00
fcde2f7449493b4f207a23fae117b0fb,e66de6386879967a7fb922ddb088609f,delivered,2017-05-24 00:13:29,2017-05-24 01:25:28,2017-05-24 17:47:03,2017-06-01 12:52:47,2017-06-20 00:00:00
bb2481cfc7467d4d8ee14699270dd7e8,2a7b2b2d08b5bda4cdd784673a9c5fc0,delivered,2017-06-14 11:13:00,2017-06-14 11:23:15,2017-06-14 12:41:54,2017-06-26 17:22:21,2017-07-06 00:00:00
16647da0639fd5db20f1e8de9305bc5c,0a28710d39c87618a19f30a66d3a70e4,delivered,2018-01-15 20:36:27,2018-01-15 20:50:43,2018-01-23 15:27:02,2018-02-05 22:33:41,2018-02-22 00:00:00
87d43116721d5ee0c0748fd7d393cc9d,a7f4253f2a560d4035c330dcef235b74,delivered,2017-02-01 22:31:12,2017-02-01 22:41:28,2017-02-02 15:32:44,2017-02-09 19:32:37,2017-02-27 00:00:00
45c653bdeb327fde86e2a52bd3d33e89,477d25a94a52bc31e37ca4c2bd589cb0,delivered,2018-06-04 21:49:36,2018-06-04 22:11:14,2018-06-05 13:23:00,2018-06-11 16:18:38,2018-07-13 00:00:00
1428d5591252000b5c73e00f91d4889a,df0cd48862bf18ac12632f80ea972fc0,delivered,2018-06-02 12:49:16,2018-06-02 13:10:05,2018-06-04 13:59:00,2018-06-05 16:57:52,2018-07-05 00:00:00
21cade19cb2ceb4f1e5c9f9aa0daa4a9,b32986c4d47912105f4a9cc6d0b3f631,delivered,2017-12-30 13:07:43,2017-12-30 13:18:30,2018-01-08 19:46:59,2018-01-18 20:44:42,2018-02-06 00:00:00
51a7d7d26116c0eaee6bb35ea667dfda,35a7f7f18808a0d5ca9913a8bc0304c5,delivered,2017-04-25 08:12:22,2017-04-25 08:26:24,2017-04-25 11:44:06,2017-05-04 07:18:36,2017-05-18 00:00:00
23878b3366bb97c4877f944c685fc546,8ee18779cf374be7b2bebc957901b9cd,delivered,2018-08-23 10:23:31,2018-08-24 10:16:49,2018-08-24 15:08:00,2018-08-29 18:21:11,2018-08-31 00:00:00
3f330c606a285a5bd1cf10b860dd6302,3dd397d7407cf9ab3713d1432a3759b6,delivered,2017-09-24 17:34:19,2017-09-24 17:45:23,2017-09-27 19:15:09,2017-09-29 19:22:25,2017-10-17 00:00:00
271c268d4d21a60bfad6ddb92be3ba3b,6d2eff8b896317be39088c57f793c025,delivered,2018-01-11 22:16:27,2018-01-11 22:28:28,2018-01-20 02:04:07,2018-02-07 01:04:27,2018-02-15 00:00:00
0229bc966620f05d9d8fc29c704aa6ff,48a01175afae9a275b3b57ccd21da366,delivered,2018-07-21 19:10:05,2018-07-23 16:00:16,2018-07-24 14:28:00,2018-07-28 00:26:43,2018-08-06 00:00:00
4e99d33f688f3a9af1feb6d2f50d7509,85b3cf7f68020f420f26122e3bb6febd,delivered,2018-01-02 09:33:31,2018-01-04 05:17:19,2018-01-12 20:51:40,2018-01-15 19:25:00,2018-01-30 00:00:00
4dcbd5ebfc13eef35e0fcb0ca1c2807e,033be315f82e41697260be39939d3662,delivered,2017-10-22 16:39:09,2017-10-23 17:49:12,2017-10-24 21:03:32,2017-11-08 18:28:44,2017-11-16 00:00:00
47d160e3b388f73aa2dfad3c508f4ca3,3328834615c63920c7aa70de65af963c,delivered,2018-08-05 09:35:33,2018-08-05 09:45:08,2018-08-06 15:36:00,2018-08-11 16:38:43,2018-08-20 00:00:00
b68c27cf94ce13113c69bd86e640c41f,4fb0754d75e8871c0d64fc12772bf609,delivered,2017-10-29 22:31:45,2017-10-29 22:44:58,2017-11-03 11:12:09,2017-11-08 13:47:46,2017-11-17 00:00:00
62bffd187fdcb56c61d7980953e3ceb7,26e1fa61b30f55d0ad6603ce7dfa685a,delivered,2018-03-17 12:48:15,2018-03-17 13:08:59,2018-03-21 19:05:31,2018-04-27 15:38:59,2018-04-13 00:00:00
0db67754b16d1c810f66a42f0f726359,f2c27ef5248a5235d79ed601b5840a50,delivered,2018-04-16 12:08:16,2018-04-16 13:11:25,2018-04-17 19:33:47,2018-05-02 20:32:03,2018-05-15 00:00:00
52b9aacc52af6fe2fa59c2f86e84a735,44b26067709f0e4966a16aa621ad73eb,delivered,2018-03-09 10:24:31,2018-03-09 11:00:23,2018-03-13 02:04:52,2018-04-12 20:06:39,2018-04-20 00:00:00
43f65aac05e035a88e4479f89cf12ea5,5faa4eb65bc3e5199c572550c81bc7bd,delivered,2018-07-25 17:40:45,2018-07-27 02:15:21,2018-07-27 13:20:00,2018-08-01 23:41:55,2018-08-09 00:00:00
cff56b4b6ab1de09fcdd6f4efa0a0fc0,1e6e86c36785c218182b1725886d9dda,delivered,2018-02-22 12:40:52,2018-02-22 12:50:29,2018-02-28 01:27:04,2018-03-08 15:47:30,2018-04-19 00:00:00
02e4a3c7ec652c4ab1077763215580cf,bb94a3b74ba3365158625e1dd55f6642,delivered,2018-03-19 17:22:02,2018-03-20 03:10:41,2018-03-20 17:25:32,2018-03-24 14:49:40,2018-03-29 00:00:00
b175558ffd938e94b83e3837637604fb,39b0cdba89a7af6e2fbd09107e21a69a,delivered,2018-06-28 16:44:46,2018-06-28 17:11:53,2018-07-03 16:52:00,2018-07-04 15:24:58,2018-07-12 00:00:00
6e57a0a9be49f002ca81bd94ec9b7021,a623f9c1f640ca6742364b726e5efda5,delivered,2018-05-02 12:35:16,2018-05-03 03:52:54,2018-05-03 13:17:00,2018-05-04 17:08:39,2018-05-16 00:00:00
40b0e6507607e122ac052bf9426dba12,37cb0c403b8adef6c53a9d10cb9abcf0,delivered,2018-01-15 16:16:33,2018-01-15 16:31:23,2018-01-17 11:56:42,2018-01-26 00:14:55,2018-02-08 00:00:00
9bd1262011363cf74478ba1d6f04ab28,81e59183c23c411880fcbdcb19637687,delivered,2018-04-18 20:55:32,2018-04-18 21:11:16,2018-04-23 10:11:00,2018-04-30 20:17:32,2018-05-21 00:00:00
16e6abd6364ba99a3513c39f0e27145e,53eab182ae5eebbbc870ac6ae17d9b92,delivered,2018-01-13 23:21:55,2018-01-14 23:12:20,2018-01-15 22:43:08,2018-02-02 16:58:56,2018-02-14 00:00:00
5a45d91a6a45708d28e1f018a24a2607,919aa64a6d7c36fe7b543e67a44aa203,delivered,2018-04-21 18:35:45,2018-04-24 19:06:34,2018-04-23 17:27:42,2018-04-26 17:58:26,2018-05-21 00:00:00
d0fb3aa60de69b80cdb04eb31fd28032,d5c0c9ebf69430a2905b27c44adb8900,delivered,2018-01-11 00:25:54,2018-01-12 02:35:30,2018-01-15 17:33:28,2018-02-02 13:28:33,2018-02-15 00:00:00
76606b013751ab0fc648e671d8bbf16c,2798b51a189b8834e9d8d5907659a4bb,delivered,2018-04-29 12:17:32,2018-05-01 05:55:12,2018-05-02 14:28:00,2018-05-04 02:17:00,2018-05-09 00:00:00
7052e36ae417756ec2f9d6239f311d8d,6b9a33f401d8354c5d02e52e111716ba,delivered,2017-07-25 08:54:42,2017-07-27 11:43:30,2017-07-28 19:16:36,2017-08-04 15:29:15,2017-08-21 00:00:00
442651ec03ad04b3ba5cd034cc8853c8,f9c8f1adcfa05801bc411aba910a8730,delivered,2017-10-05 14:47:58,2017-10-05 15:07:14,2017-10-06 16:46:14,2017-10-19 16:05:41,2017-11-03 00:00:00
65e0e5b714d6228729c256106d12abd4,aaaf0308dd4ee292fd6f57b4e0523cba,delivered,2018-02-08 10:59:26,2018-02-10 02:36:59,2018-02-14 22:36:33,2018-03-07 15:09:19,2018-03-06 00:00:00
221b863362f9e6ec4ec0a4f08608a69b,a317108e17ac2499f40ad853aa533810,delivered,2018-04-27 22:30:19,2018-05-01 05:54:26,2018-05-02 14:05:00,2018-05-09 20:40:52,2018-05-21 00:00:00
1d090f0194c35ed8b589f82f102bd758,fd453c63f0f4d5bcc17d43c076dba510,delivered,2018-04-28 17:05:06,2018-04-28 17:15:15,2018-05-02 14:58:00,2018-05-09 20:37:52,2018-05-22 00:00:00
297358750c4d97989ee76a22ce38764f,0b6f35a17065f42b4737c5978235e61a,shipped,2017-08-25 22:28:41,2017-08-25 22:45:11,2017-09-13 21:39:45,,2017-09-20 00:00:00
df23ed2daa7af696a5334c284dbc13ba,2b929021a055399bece4bf1464d20343,delivered,2018-01-16 17:27:32,2018-01-16 17:37:52,2018-01-17 22:19:34,2018-01-28 17:02:51,2018-02-07 00:00:00
819928f65fed7471ab4f5a39391bd67f,cbac4e3f2112643125519cc78eeb5325,delivered,2017-08-18 16:59:10,2017-08-18 17:25:17,2017-08-22 20:39:32,2017-08-25 18:10:14,2017-09-12 00:00:00
540b0c68a4bc555477ee033cfb99b095,7a95bccde135bf0facd1744d129d19a4,delivered,2017-05-24 21:12:23,2017-05-24 21:25:07,2017-06-05 11:50:03,2017-06-09 18:42:45,2017-06-19 00:00:00
181ff95f97fee531c4afa9e882186f18,ebf46ff530343a129926adc1f831dea4,delivered,2018-06-20 14:16:20,2018-06-20 14:38:41,2018-06-20 15:02:00,2018-06-27 13:18:47,2018-07-18 00:00:00
1801ac1e33ecd0aaf015d7b7c0e70204,82161fa730414d7236334ed880197d6b,delivered,2018-07-29 08:05:14,2018-07-31 03:45:39,2018-07-31 15:22:00,2018-08-02 22:27:51,2018-08-09 00:00:00
52b9a4ef7e4655cb918edd7613606ce1,cb2822257aa212fb6a955a2163d6012f,delivered,2018-04-30 11:04:53,2018-05-01 05:54:59,2018-05-02 14:30:00,2018-05-09 23:51:47,2018-05-18 00:00:00
b41f51ebf23530b00f69e5602f81a653,98235737c9dddb3db5fe5a9b1af8918b,delivered,2018-02-13 01:24:48,2018-02-13 01:35:33,2018-02-16 17:37:01,2018-02-25 21:04:23,2018-03-07 00:00:00
9e22fa092a2a1bb489823e54d3b48309,c7976e50c4fa15500e08efe74193b060,delivered,2017-09-01 17:17:22,2017-09-01 17:25:19,2017-09-05 20:29:55,2017-09-13 20:13:28,2017-09-20 00:00:00
4c5d80480b7c923ec02b8dee8c00a846,d8e4093b1a0d9885110b24a74feb6ab7,delivered,2017-11-21 20:37:30,2017-11-23 02:56:27,2017-11-23 21:03:13,2017-12-11 22:03:44,2017-12-15 00:00:00
6b6de07ee5e837bde4aead95e9891f0e,b8694b002470eab0f605638f4427d499,delivered,2018-07-27 18:03:57,2018-07-28 02:44:36,2018-07-30 14:41:00,2018-08-01 03:16:55,2018-08-03 00:00:00
05d6faf8d3942006edf7cbc669faa965,9d70473610a913bc6ae8b9b52c35459b,delivered,2017-09-10 18:16:43,2017-09-10 18:30:18,2017-09-11 21:23:06,2017-09-18 16:48:26,2017-10-06 00:00:00
a3d314d074a652024b6b7ce9cf5e9275,e54968e88e7710a302367e395a6462d0,delivered,2018-01-16 17:48:51,2018-01-17 17:39:22,2018-01-18 16:52:02,2018-01-19 22:39:07,2018-01-31 00:00:00
3dd755153da335084e4f2ae10c077b5e,5336c5ee4f79f50db5090376d6023df6,delivered,2018-05-10 00:20:09,2018-05-10 00:34:07,2018-05-15 16:18:00,2018-05-18 22:42:00,2018-05-29 00:00:00
077743f9ba8964fff85ace5b958e5284,47159eaf5092747bb560f38b5acdd0da,delivered,2017-12-12 21:30:05,2017-12-12 21:52:46,2017-12-15 18:07:46,2018-01-04 22:00:00,2018-01-05 00:00:00
cd9b48fbcef64e5b838f5026ac43c776,941ee410fbd4f99ec9e47d2067a0417f,delivered,2018-06-23 12:07:31,2018-06-23 12:34:55,2018-06-25 17:50:00,2018-06-29 19:58:51,2018-07-31 00:00:00
18a1c68dfdce96e96b0faf031deb6b67,2d6696a5ad00ac738d9627cacbb49eb8,delivered,2017-11-23 12:15:54,2017-11-23 12:29:25,2017-11-27 15:27:12,2017-12-11 19:10:14,2017-12-22 00:00:00
bbf8379df25b807eb1dabc84d060f8a2,b8355c60d2d4ed37c4a50fbd96d629cf,delivered,2018-04-03 13:49:05,2018-04-03 14:09:54,2018-04-05 00:20:52,2018-04-21 09:22:08,2018-04-20 00:00:00
f5dd62b788049ad9fc0526e3ad11a097,5e89028e024b381dc84a13a3570decb4,delivered,2018-06-20 06:58:43,2018-06-20 07:19:05,2018-06-25 08:05:00,,2018-07-16 00:00:00
7527dc48e587e3cc2071e727f32a2610,1d96ca9c6b79fe73bcad683eb98a4c56,delivered,2018-05-10 00:22:46,2018-05-11 03:10:47,2018-05-11 12:26:00,2018-05-17 23:38:47,2018-06-20 00:00:00
d9f4838ea42729e0b08088b15492477b,39592999581de2960ceaab403add3205,delivered,2017-08-27 22:11:18,2017-08-27 22:30:20,2017-08-28 21:03:47,2017-09-01 19:17:37,2017-09-14 00:00:00
fc10c2bcfb34da9f78f483c17714eef0,36a1aa63bf2ebcd4911e026092700610,delivered,2018-01-14 13:02:23,2018-01-14 13:11:28,2018-01-15 19:59:01,2018-01-17 19:22:33,2018-01-30 00:00:00
e1b7512618fd9b1dc5bba0cfe3a7aee4,3a6593692ab61c6618b23ddce7347ceb,delivered,2017-07-22 13:24:06,2017-07-22 13:35:17,2017-07-26 15:33:59,2017-08-03 22:17:34,2017-08-15 00:00:00
e1a90f68f1eb2b0f154dbfdace7bdab6,d5ab28cc3a09431710c8b8066f168ee3,delivered,2018-05-11 00:40:38,2018-05-11 00:58:46,2018-05-14 16:02:00,2018-05-17 14:20:42,2018-06-04 00:00:00
4d59cc2a2e7bb6c0a851725f5888a9b5,ead83a4f8f7be8c3034b2e98754a6147,canceled,2018-09-06 14:50:07,,,,2018-09-21 00:00:00
a9e41421a906ed1a2e2c882a0cfecf48,219a14804135f9a0b4e76c88de0b5cae,delivered,2018-05-09 00:07:59,2018-05-10 03:10:14,2018-05-10 15:24:00,2018-05-18 19:06:44,2018-05-29 00:00:00
c2e38eb887763f42dbd2417388e62b7f,481b84475f6bd84bc0b83fd1ccb02e77,delivered,2018-02-10 13:44:26,2018-02-10 14:10:30,2018-02-14 22:23:13,2018-02-19 14:37:43,2018-03-07 00:00:00
d7734a834b8c2b0138d57157af28e7f1,9a3a72f79c865e8d4778890226b127ef,delivered,2017-06-04 20:28:39,2017-06-05 20:35:14,2017-06-12 16:15:19,2017-06-19 18:47:51,2017-07-11 00:00:00
ebee038c5993647eb1defc78207cd187,0310d1eb2978431efb158b535a3c0fd7,delivered,2018-05-23 07:50:10,2018-05-23 22:35:46,2018-05-25 12:44:00,2018-06-04 14:28:56,2018-06-08 00:00:00
e670c857f8a70c9aacdf644c59980d17,9046e54eb6f0639a45d278973bad06ab,delivered,2018-04-11 20:38:34,2018-04-11 20:50:54,2018-04-12 22:24:22,2018-04-27 21:45:54,2018-05-07 00:00:00
2c2ad0e6636d842e7f1eead45cdc6065,89b38155c3932e00912173b7aef3dc94,delivered,2018-03-15 14:53:01,2018-03-17 02:45:46,2018-03-19 19:38:41,2018-04-24 16:49:47,2018-04-05 00:00:00
e8a2fe3e5e58d8ed9080188f35c108ef,9dd8245cbdc86cf19b4e02f11c923849,delivered,2017-06-13 11:13:23,2017-06-13 12:23:34,2017-06-19 13:57:55,2017-06-19 18:07:51,2017-06-27 00:00:00
d8548c48e1580222bda2c86c47ce10cd,16982a113ebc20e88b9459911012b11f,delivered,2017-08-31 10:21:58,2017-08-31 10:35:21,2017-09-04 19:33:22,2017-09-12 20:57:30,2017-09-25 00:00:00
0ead7996f8952fba09e18bed9872414e,1070bdeb30f438c677f47d05bb084550,delivered,2017-04-18 17:12:17,2017-04-20 02:50:33,2017-04-20 15:47:44,2017-05-06 09:17:52,2017-05-12 00:00:00
4420cbe16c262f724b648cd1294c88b6,8655fe7b7fda80004fa4c9e0cd65cd57,delivered,2017-03-25 09:08:40,2017-03-28 03:51:24,2017-03-30 16:08:48,2017-04-07 12:23:32,2017-04-18 00:00:00
7bfe238bd2ede94073ec8c6c64509b90,44c14ab4c4d0144041d639254fcf13d9,delivered,2017-04-19 21:08:35,2017-04-19 21:25:14,2017-04-20 09:59:07,2017-05-02 15:46:49,2017-05-18 00:00:00
7c496cea7613c2efe6033e93e573347f,2b629d0b742814e674442efd475d0c7c,unavailable,2017-11-23 19:46:09,2017-11-23 21:39:27,,,2017-12-14 00:00:00
9f625a3ed898cbfe30b9f9ef44897889,1b00ab4ab200e2215c0913759051f47c,delivered,2018-06-13 08:32:11,2018-06-14 02:57:06,2018-06-14 13:12:00,2018-06-15 18:12:51,2018-06-28 00:00:00
32d29d9903eaaae11d418d087f442fbd,1367595e0b2e19af7d65497c6332de14,delivered,2017-09-04 12:54:32,2017-09-04 13:10:09,2017-09-05 15:42:49,2017-09-11 16:47:23,2017-09-21 00:00:00
c5bc8257538b2c4e938a4e8836aa70b5,9a72067ed588f17196e71c5b7758ff25,delivered,2018-05-13 14:47:18,2018-05-13 15:11:45,2018-05-14 14:51:00,2018-05-24 19:54:40,2018-06-19 00:00:00
8f413a1f9c167b4f6c5f891b6c7c7d27,58431adea9b3704f65eb48603e5ae23d,delivered,2018-01-23 16:09:29,2018-01-23 16:31:32,2018-01-25 17:52:50,2018-02-09 00:32:27,2018-02-26 00:00:00
689338a5ff7fc20c596ee2695dfac8c3,2254b94e0f630fbf407e03563b0747c5,delivered,2018-01-21 16:34:52,2018-01-24 08:31:52,2018-01-30 01:38:31,2018-02-04 10:08:55,2018-02-14 00:00:00
1e9bf802b8192eb97af61fd92b586471,9b393f101c2a58389bc8c804e560b284,delivered,2017-03-10 21:44:39,2017-03-10 21:44:39,2017-03-14 10:33:09,2017-03-23 13:27:54,2017-04-07 00:00:00
f5812a9fb42759e8e49d17f11e9d18ad,72c9fcbee3deb52caf82f27187887616,delivered,2018-07-31 20:32:44,2018-08-01 09:04:04,2018-08-03 14:35:00,2018-08-09 18:50:57,2018-08-14 00:00:00
5df489bf628aa872653bc4791319921f,194f91ba65b13e35ba4883be836ecfc5,delivered,2018-07-31 20:20:14,2018-07-31 21:00:13,2018-08-02 15:52:00,2018-08-07 18:25:14,2018-08-30 00:00:00
75f959697b81c9b9eeddb7499941ecaa,e39f84b2bff6b8160f8257e7c1164c0c,delivered,2018-08-04 10:03:25,2018-08-04 10:15:18,2018-08-06 15:35:00,2018-08-08 19:28:38,2018-08-15 00:00:00
1d9c50c894c0353c480222a9de8512a4,9b019db873f6ac74abb726288163456d,delivered,2017-12-21 07:48:42,2017-12-21 07:58:25,2017-12-21 15:28:35,2017-12-28 19:35:11,2018-01-16 00:00:00
34688497162fbb53b24e10738f912fa4,35b1a3161577151979b495f826641469,delivered,2018-08-14 21:28:20,2018-08-14 21:44:02,2018-08-15 14:04:00,2018-09-04 21:33:01,2018-08-22 00:00:00
8c6bfa76e0b4be56db6c43f35db2d4e0,3a0eb9e1b206d86984425581cc2e6f58,delivered,2018-04-08 11:43:25,2018-04-08 11:55:17,2018-04-09 18:51:30,2018-04-11 20:19:05,2018-04-20 00:00:00
ca3b58af42b9daa0734a85b70fefb260,83f3fbb00f10d67c1a2a0173c6b49b23,shipped,2018-02-07 01:59:12,2018-02-07 02:10:21,2018-02-07 18:18:28,,2018-03-12 00:00:00
3386674e0363653ac5f71597d88d80fe,d057951b2e010930970d111b015bc37d,delivered,2018-07-23 12:04:23,2018-07-24 13:24:53,2018-07-24 14:42:00,2018-07-31 18:42:16,2018-08-10 00:00:00
27d30c300e058c28a3db99bf39aee1ad,a62c69530073e68d2c7e8c407ee8090a,delivered,2018-02-22 02:49:05,2018-02-23 14:15:49,2018-02-27 16:59:03,2018-03-08 16:11:54,2018-03-26 00:00:00
ee2201177cf7e3f0d85cfb44a6a548d3,c9eb51d4c73a71b76a9b1131ce6e5828,delivered,2017-07-24 23:14:08,2017-07-24 23:25:21,2017-07-25 22:14:46,2017-07-27 19:19:31,2017-08-11 00:00:00
3ec8d477ad3b18290ba325fecaf053f3,722a4e948bc8a8a02e9f1ea192e2052c,delivered,2018-03-05 09:37:06,2018-03-05 09:48:27,2018-03-06 20:49:01,2018-03-08 14:58:37,2018-03-21 00:00:00
6fd9d5b35f04ff5c30e58111b9ecbff4,8dbea104c98049225865dd6fc0ea8bc6,delivered,2017-06-28 10:52:04,2017-06-29 06:43:46,2017-06-29 16:36:53,2017-06-30 15:38:02,2017-07-18 00:00:00
a6cf11644446a2f66b35c06a3b61917a,a06b36afcb92e3dd94f5589baf453ec3,delivered,2018-04-12 15:43:20,2018-04-12 15:55:15,2018-04-13 12:44:47,2018-04-18 18:02:23,2018-05-04 00:00:00
d3a543aebcdb10da36e411d1b65a7493,55295292eefde14db24c4018c8fb550a,delivered,2018-05-21 10:33:00,2018-05-21 15:32:00,2018-05-23 14:00:00,2018-05-25 22:08:39,2018-05-30 00:00:00
4abc32e9c706c58cae553dae3c2c914b,f14da5aeebc8cb65ae9238a0cf5aac7f,delivered,2017-10-08 18:24:44,2017-10-08 18:36:25,2017-10-09 15:51:58,2017-10-17 18:13:22,2017-11-14 00:00:00
8071505187465938d3f033c82180edc6,4aa4b0bc224d904c78b9416cf90bc686,delivered,2017-06-30 13:00:42,2017-07-04 04:04:07,2017-07-04 13:27:07,2017-07-17 18:53:54,2017-08-01 00:00:00
804b3f6bad007a44efd1fd85f0291070,186da0669cec6692e20f9bb2f1985aba,delivered,2017-09-28 21:11:45,2017-09-29 10:28:35,2017-09-30 00:12:02,2017-10-09 19:32:59,2017-10-20 00:00:00
98f80eddddaaa6c3e5dea02ff36ad263,d821071edc6be2316b5bb7b4bc6d6b12,delivered,2018-01-19 19:59:21,2018-01-19 20:17:02,2018-01-23 00:12:45,2018-02-19 21:59:55,2018-02-14 00:00:00
78d406c93c4c8fcfdc38b4b1b8842b9c,fb20d746de8b6784ad3a0b665c457c17,delivered,2018-07-21 09:48:28,2018-07-21 10:05:21,2018-07-26 11:55:00,2018-07-30 16:58:59,2018-08-06 00:00:00
80bbfe23fd50d4ea9762ef70a8ada1be,733c183c3f9284e9e1f4886214f1b376,delivered,2017-05-08 11:36:06,2017-05-08 11:50:06,2017-05-19 09:37:34,2017-05-25 08:37:45,2017-06-08 00:00:00
3be9883ba4ef261dc194228abc739d0c,34d9abbd51f86b7faec4fb8bd8a630d5,delivered,2017-01-22 20:54:11,2017-01-23 21:02:12,2017-01-27 14:21:25,2017-02-03 15:52:34,2017-03-02 00:00:00
940586e6751748f8a6bb630c6f5e3415,35cc86e02062cda7f52208ab92493200,delivered,2017-11-18 23:19:17,2017-11-19 23:15:23,2017-11-20 22:19:51,2017-11-29 12:23:08,2017-12-12 00:00:00
3af00e0602421aa412b0f4ef0ebdb6c4,59e0d4564a850e47541812e373226501,delivered,2017-09-01 21:28:51,2017-09-05 04:25:56,2017-09-12 19:25:23,2017-09-14 14:44:57,2017-09-22 00:00:00
d302035b23b53abf7dadc4b6a0b62547,4c3a69a70ab3aafd4c7024377c9c9821,delivered,2018-02-16 08:15:12,2018-02-16 08:27:06,2018-02-22 00:18:28,2018-03-08 16:30:42,2018-03-13 00:00:00
33ce126846ecce9afdfe8f1b93551928,630f64fb6bc2a53c0e5d61e03761e5c4,delivered,2017-08-28 17:26:57,2017-08-28 17:45:08,2017-08-29 19:56:30,2017-09-06 19:33:43,2017-09-27 00:00:00
c7b4a7a4d974418197e38cc0f6c2ea85,8f1a8643c245e8b74e2e6535ca5c4e19,delivered,2018-02-19 13:32:15,2018-02-20 13:28:04,2018-02-23 23:59:23,2018-03-02 22:39:34,2018-03-19 00:00:00
3d5857f4fdb1061d247dea2544782580,ceec04c1f9846950a467eee17ccdfb85,delivered,2017-10-25 14:58:48,2017-10-25 15:14:19,2017-10-26 16:48:54,2017-10-27 18:26:47,2017-11-07 00:00:00
b1726f5f5eee97d8fea5de3919216920,047af869a64d9d11c79cae050dea02b3,delivered,2018-03-02 00:47:01,2018-03-02 00:56:56,2018-03-12 19:21:34,2018-03-18 20:26:28,2018-03-14 00:00:00
8dad890455db66ffac6129c12a659b6e,23a749a15c5fbb6adfc59210e855f02c,delivered,2017-04-24 12:44:00,2017-04-25 08:15:18,2017-04-25 14:35:26,2017-05-05 16:23:01,2017-05-15 00:00:00
1439c73f16c16e5ec78a3b2ff4e4f73e,618fcce72f4fa2a302ffb7cac06dd84c,delivered,2017-08-24 23:57:43,2017-08-25 00:15:31,2017-08-28 11:37:57,2017-09-23 15:43:21,2017-09-20 00:00:00
22481cdbb6f8a97cee4e2ba46d59c024,c8d6e2f404529ee75435754a20a88c9f,delivered,2017-05-01 10:49:22,2017-05-01 11:02:31,2017-05-02 08:11:04,2017-05-09 11:37:00,2017-05-29 00:00:00
2dce16f88737c679c4fddab2b2cf88da,6c24d5af84017a7f107d5339f00e25e3,delivered,2017-08-10 14:25:36,2017-08-10 14:45:11,2017-08-10 21:58:31,2017-08-26 14:18:58,2017-08-30 00:00:00
01787af385123b93ba50c5f05530ee12,ca5fc68d665a2ce5392fccbde3475f72,delivered,2018-05-15 17:33:50,2018-05-15 17:54:29,2018-05-16 09:25:00,2018-05-17 14:24:29,2018-05-29 00:00:00
574accd5d1addd79bc32cb3effecf05b,e608980439b12edb850750947d887089,delivered,2017-11-26 17:52:26,2017-11-28 17:55:32,2017-11-29 23:22:14,2017-12-08 19:49:42,2017-12-21 00:00:00
9cb058418ca948d8b6c3f369d031ab90,ee4919c10e807a1ac1d48c9314950830,delivered,2017-07-25 21:33:46,2017-07-25 21:45:14,2017-07-26 14:27:50,2017-08-01 17:34:56,2017-08-14 00:00:00
3e6378294bcb6ea2ff0ff1eb3ba7388f,63150e501182768887ac59b79c6b8546,delivered,2018-05-12 16:33:05,2018-05-13 16:31:46,2018-05-16 06:00:00,2018-05-21 16:38:21,2018-06-08 00:00:00
7d7802f0d69dc1e8aca3e936dee50912,8256ca825f52c400ad2894793c8a232d,delivered,2018-04-09 10:20:40,2018-04-09 10:30:34,2018-04-10 20:19:08,2018-04-13 21:28:46,2018-04-25 00:00:00
c22a588780963010739e299de0a9bf51,b400985b193841a8e9b087168b103e15,delivered,2017-05-18 12:59:40,2017-05-18 13:10:57,2017-05-18 13:29:17,2017-05-31 15:54:52,2017-06-09 00:00:00
c73c7b94754de2363ea55ba35902321d,6c80407cbc3d1710a3abffea674cc1f4,delivered,2017-11-30 15:31:04,2017-12-01 11:30:58,2017-12-07 19:57:34,2017-12-19 14:28:05,2017-12-22 00:00:00
1ac18d97e1b6b6735f1c5ff4f4757380,7f6dac815cfedce002223f96e81506ca,delivered,2017-11-13 23:10:55,2017-11-13 23:31:12,2017-11-17 20:09:16,2017-11-22 22:04:45,2017-12-01 00:00:00
327c17fe3bf926f72f592503b52e3b5a,b9c84df370dea836ec452ed49cca4c78,delivered,2018-01-07 23:42:15,2018-01-07 23:53:40,2018-01-08 21:27:00,2018-01-26 18:58:59,2018-01-31 00:00:00
ad443a68e64f21acbda949c91bbe9aff,554f93da437c4a70aed87dbd4f3dbe0f,delivered,2017-10-08 21:42:48,2017-10-08 21:56:21,2017-10-13 19:52:47,2017-10-20 20:48:34,2017-11-08 00:00:00
c10f283ced7431fdfdcc159b12344b11,eab8d39b5241abcb22eebeca69547491,delivered,2018-06-12 20:26:38,2018-06-13 20:39:47,2018-06-14 14:41:00,2018-06-18 15:28:55,2018-06-29 00:00:00
09b8d47d2f753e1c1ee4da43e4429ff5,903f32aafd0c0b8f44467b505107d153,delivered,2018-07-28 17:56:15,2018-07-28 18:10:12,2018-07-30 12:49:00,2018-08-06 22:28:41,2018-08-20 00:00:00
8d42bc7cf9914679406f48db0e05e571,481bc44dade5fd594cc14012ba50b262,delivered,2017-12-01 16:35:00,2017-12-01 16:49:33,2017-12-08 22:16:05,2017-12-27 21:59:10,2018-01-02 00:00:00
152c82feee7072e62c6496ad13cc188d,4ae7657c4b99ad33c3b842f5f0decd86,delivered,2018-07-25 15:49:36,2018-07-25 16:04:47,2018-07-26 09:14:00,2018-08-02 20:28:35,2018-08-14 00:00:00
8ed4df9e21def5033d20475c0e568c92,fc17baf4dcd77a8e52ccf15b42f82c2e,delivered,2018-05-14 13:48:00,2018-05-14 14:09:59,2018-05-15 14:51:00,2018-05-21 21:26:39,2018-06-20 00:00:00
466334b9ec76342cf368c99aa06375cc,1efebd69ab836c96419c1606dc79c1bc,delivered,2017-12-04 11:30:44,2017-12-04 16:30:35,2017-12-07 18:53:35,2017-12-08 16:54:39,2017-12-20 00:00:00
32a5bc9d3f2a71d05c275cfb8d2adccf,94dbca303a9992cbe54a1a2cb78df2a5,delivered,2017-07-20 13:38:18,2017-07-20 13:55:10,2017-07-26 20:03:26,2017-08-03 17:23:48,2017-08-18 00:00:00
8bf12a5b441bd86a1edbccb6137c9b0b,c466c7e0ab222e3ef6c8046e96128a8d,delivered,2017-09-02 16:05:34,2017-09-02 16:23:34,2017-09-12 19:55:32,2017-09-13 18:05:11,2017-09-15 00:00:00
1b31224d12bca993297e386557c6a6d1,993a144bb2476f75dedfaaa4d1f3d213,delivered,2017-08-17 20:15:03,2017-08-17 20:55:22,2017-08-18 16:59:57,2017-08-28 17:39:37,2017-09-15 00:00:00
1679d1eb7779b27771375628ff2f95f7,fdeef3ab1f545e40afb89b67d3979118,delivered,2017-11-24 09:33:45,2017-11-26 09:34:26,2017-11-28 22:16:59,2017-11-30 23:16:48,2017-12-08 00:00:00
e326f9904d668c8e2fce637b8b1fabe6,1a2c5e72ec0730bd2dc38f854761d1e3,delivered,2018-07-28 13:14:25,2018-07-28 13:44:38,2018-07-31 15:55:00,2018-08-01 14:51:23,2018-08-06 00:00:00
038eb192a216fe0c545a8ff3b1b96885,320a107d49c46f919012be351ec06cbe,delivered,2017-12-30 22:07:13,2017-12-30 22:19:19,2018-01-03 22:14:41,2018-01-05 18:23:09,2018-01-24 00:00:00
b27b73e4dc66dd3733d11cd49b3474be,6d9ef37528ae275f2b37f5796c8784f0,delivered,2017-06-09 17:01:27,2017-06-09 17:10:22,2017-06-09 17:17:44,2017-06-13 15:03:40,2017-06-23 00:00:00
886e9aa900cc918c87009fa3bbb3a493,7c21bd5b2cbccfd0cb432b73153afb1f,delivered,2018-06-25 07:55:12,2018-06-25 08:38:26,2018-07-03 07:54:00,2018-07-04 01:27:30,2018-07-16 00:00:00
fb52772040f4324904abfd196ab908f8,f42e699878e3e99189d663c0818b7006,delivered,2018-04-02 14:55:04,2018-04-02 15:11:50,2018-04-03 17:21:40,2018-05-02 16:52:25,2018-04-18 00:00:00
9af9ab2e5e9932c6d31b5fb79e8c844b,ccdf080c53c6ea522feac09d9ea18290,delivered,2018-02-25 20:50:52,2018-02-25 21:08:06,2018-02-27 18:58:52,2018-03-21 18:26:42,2018-03-21 00:00:00
905fc82a3f92ee92e5084172bf337840,c5b20170d6ddfe451eddcd3ac0043bff,delivered,2018-05-01 11:44:15,2018-05-03 03:55:18,2018-05-03 11:11:00,2018-05-08 18:36:31,2018-05-29 00:00:00
675d6533ed09bea158fd932431474b82,6036479ceafa4aab3dc585f1a05772e8,delivered,2018-07-28 21:10:25,2018-07-28 21:24:19,2018-08-03 15:14:00,2018-08-07 18:24:36,2018-08-22 00:00:00
ff36f4d6d98c0b2a7e70acb7d1b3f139,5cec9498555333d107bea6a6ccd9e2f9,delivered,2017-03-23 18:25:38,2017-03-23 18:35:16,2017-03-24 12:39:56,2017-04-05 14:13:11,2017-04-18 00:00:00
2780526e7e2cab327faf72d4ed3d2b5d,56add768549d86b62ee58bdc77832ea0,delivered,2017-11-29 14:57:33,2017-12-01 14:54:26,2017-12-01 22:34:20,2017-12-11 16:39:16,2017-12-27 00:00:00
7b9d2b13802cfc504efc515be768ee0f,908e309daba56744e5547669c5e0aff0,delivered,2018-04-26 07:49:45,2018-04-27 03:51:13,2018-04-27 15:32:00,2018-05-04 20:38:52,2018-05-21 00:00:00
e708577dce77e8e44c1bd9534419576e,914ab1ff67c21c0d81ee7bb3d0e33893,delivered,2018-05-03 18:55:30,2018-05-03 19:10:47,2018-05-09 15:48:00,2018-05-15 01:52:03,2018-05-24 00:00:00
19e9072a16886c91fdd5127eb6ffaa6d,b3a04113801a5c4f023a00303023e9be,delivered,2018-07-18 12:45:29,2018-07-18 12:55:57,2018-07-23 11:05:00,2018-07-24 18:02:30,2018-07-26 00:00:00
dd1341091b6a6b619079944b4aa45eb7,dfff377396a4ab6e54d73dd479008d66,unavailable,2017-09-23 11:36:05,2017-09-26 04:14:15,,,2017-10-10 00:00:00
5e5e74b102f501b1f57aa7ee1a7b84de,477497012d509132e418c5ec5e69d109,delivered,2017-10-13 10:53:47,2017-10-13 11:07:35,2017-10-18 16:04:44,2017-10-23 21:45:49,2017-11-01 00:00:00
12bac66f44df6a103bb5b982c45f5617,34a57d208c01c5a0d4cb4cfb232e647d,delivered,2018-05-06 09:02:34,2018-05-06 09:15:18,2018-05-10 15:08:00,2018-05-11 18:43:34,2018-05-22 00:00:00
d57afd1eb0696854d3351e5926aa9813,58a556973edd562151f3346d527427bf,delivered,2018-02-20 08:54:23,2018-02-20 09:07:31,2018-03-08 01:33:41,2018-03-16 19:16:57,2018-03-14 00:00:00
5fab73b31e4fd43344a3f2fa650807ce,10d723bb23836f3aeaba6c95810b120c,delivered,2018-01-02 17:47:14,2018-01-02 17:56:42,2018-01-05 21:38:33,2018-01-13 00:56:03,2018-01-26 00:00:00
c75886866a89a0c9a04fbcd4699f3772,19e0b32ab46adbf4c0a65588e5e05b4a,delivered,2017-09-27 18:56:35,2017-09-27 19:14:10,2017-10-06 13:39:03,2017-10-21 12:43:49,2017-10-30 00:00:00
67d6c5d86ba37be6774ee81dc0bed780,99dbdde50aa099bb65865d1d444bea15,delivered,2018-06-11 21:32:12,2018-06-11 21:59:39,2018-06-20 15:20:00,2018-06-28 17:44:23,2018-07-30 00:00:00
f008d12c8af46ec384fe7917b2991f7f,250952be8a7484ea9352534be9f2b587,delivered,2018-01-10 10:04:46,2018-01-11 09:56:36,2018-01-11 20:09:58,2018-01-16 20:26:39,2018-02-02 00:00:00
3c557fef5b5d9315a99f7442ef013a8e,621d89fb61292d49317f4a4562a11f49,delivered,2018-02-14 11:52:13,2018-02-15 03:55:52,2018-02-16 19:59:29,2018-02-21 22:43:43,2018-03-01 00:00:00
d43472e081e497455a0b707e249ce567,b2c2afb111af6e0f4fc365860ad22537,delivered,2018-04-01 11:51:21,2018-04-01 12:07:30,2018-04-04 19:58:38,2018-04-16 18:34:45,2018-04-23 00:00:00
064df82a5ad596912cc304c6c72a42bf,0c8af5a21f97e8702d8a49fc3232036b,shipped,2017-02-26 14:26:14,2017-02-26 14:35:16,2017-03-01 15:24:52,,2017-04-03 00:00:00
bb39cd2f2f58e93ae10568be5cad1b58,ddf98a7aaeadf47dbd2a7fa2e82eb3ed,delivered,2018-01-03 22:50:18,2018-01-03 23:23:12,2018-01-05 00:32:12,2018-01-05 18:59:36,2018-01-19 00:00:00
b7379296b019454685a1d8bbd412f36a,86d9162e0baa8145683f025c9164de46,delivered,2017-09-26 08:47:29,2017-09-26 09:04:28,2017-09-26 19:34:55,2017-10-11 21:56:38,2017-10-26 00:00:00
1dfc614ac8b1f459eef53dd1c85c2e53,05812fc855821b2f091461ede3d2a960,delivered,2018-06-07 14:57:56,2018-06-07 15:19:15,2018-06-08 14:08:00,2018-06-12 19:19:00,2018-07-23 00:00:00
7f6209da874fb56bf2fd26791d83bcb8,c5ddea870873143bfa9a00611cfcc972,delivered,2017-06-04 19:55:30,2017-06-04 20:10:13,2017-06-05 15:55:48,2017-06-13 17:24:27,2017-06-26 00:00:00
adb251e4a198e6d934082144c31f07fb,441ed3a1b8e761107310bb52752cff20,delivered,2018-02-27 14:13:10,2018-02-27 14:29:14,2018-02-28 17:55:27,2018-03-12 23:25:53,2018-03-21 00:00:00
5685548b79358ab0ae555e21ef9cb4ea,c17c6a65a59d3b444858f91b44800134,delivered,2017-02-11 21:54:04,2017-02-11 22:05:15,2017-02-15 07:37:47,2017-02-21 10:11:46,2017-03-16 00:00:00
b1ab9ab628993453ae0b068d4a8fcf78,2b98b520582527503b1ccb5aec7949a4,delivered,2017-06-05 17:34:50,2017-06-05 17:45:16,2017-06-06 11:40:28,2017-06-09 16:42:16,2017-06-26 00:00:00
e83965852a6e35ed713250e090367ff7,8d53cffa847c8c98fc003386511020eb,delivered,2017-12-11 22:13:55,2017-12-11 23:35:56,2017-12-22 15:18:58,2018-01-20 00:58:28,2018-01-04 00:00:00
b1927b1b40d5a2c5e0d49a6bb76fc273,94038129d7563a93b534f34df9b25ad0,delivered,2017-07-24 18:17:09,2017-07-24 18:30:13,2017-07-28 17:17:53,2017-08-10 22:24:04,2017-08-17 00:00:00
3acfefca1b7d510f944c782689681753,fd82f1f6243134cada673eb5c862ee33,delivered,2017-10-19 13:06:58,2017-10-19 13:21:19,2017-10-19 20:33:24,2017-10-20 20:54:59,2017-11-01 00:00:00
28a32ec11abbac5c27adfa4d8cbc351a,57227045173898a44efa3707ce0d7399,delivered,2017-11-26 18:33:35,2017-11-26 18:53:45,2017-12-04 21:41:50,2017-12-12 13:38:32,2018-01-02 00:00:00
f1d6087db90cd2b8feb467f5924d4f08,db413ec55ca6ad5b093d08c564cf9a9a,delivered,2018-08-14 17:26:41,2018-08-14 18:23:55,2018-08-18 08:43:00,2018-08-21 12:35:38,2018-08-22 00:00:00
6ae15bd9804be2bd1217f4583325802f,58eef387307ca6f5acbe151dbd4d1b10,delivered,2017-03-15 23:09:18,2017-03-15 23:09:18,2017-03-16 10:06:56,2017-03-21 12:05:45,2017-04-03 00:00:00
0893ae2dd572c400965d60fa77f45076,32e2b0ae693a8b4699e23eebb370dea3,delivered,2018-07-18 10:23:33,2018-07-19 04:35:16,2018-07-19 13:26:00,2018-07-24 14:58:37,2018-08-06 00:00:00
53d06d4e404736f8d7d8795474e5845d,1b821d88761e953317becd1561e7d434,delivered,2017-09-25 08:56:14,2017-09-26 04:04:28,2017-09-27 19:13:42,2017-10-10 19:50:15,2017-10-27 00:00:00
8c64dfe75b003b8f1eddd9721843049a,887a4af9b36671b35fac1219972a48db,delivered,2017-04-25 20:16:31,2017-04-25 20:25:13,2017-04-28 11:16:29,2017-05-11 12:05:02,2017-05-24 00:00:00
842cd0a979d57e29ba51a0f84a844cd8,c7b636cdd628ac8e9a1815e0ea5ac5ce,delivered,2017-11-27 16:05:00,2017-11-27 16:15:32,2017-11-28 23:28:47,2017-12-27 14:14:38,2017-12-27 00:00:00
43c6a6a7096ab15a3baa2438ce460cfc,2d0402de72b302a2627bfbf8a1e7ea93,delivered,2017-08-11 17:54:46,2017-08-15 03:43:56,2017-08-15 23:33:20,2017-08-17 20:27:46,2017-09-12 00:00:00
f3753df1e0c5a22ca7c2ff5722387739,73a77e205798f6f820f6d70908b0be0a,delivered,2017-11-13 11:44:01,2017-11-13 12:06:41,2017-11-16 13:31:50,2017-11-28 04:11:49,2017-12-06 00:00:00
2cbc30cc52609a954b2eda461da97579,848a2f352884465ed67fceee37d858b6,delivered,2018-05-17 14:43:29,2018-05-17 23:18:09,2018-05-18 13:34:00,2018-06-04 15:35:46,2018-06-20 00:00:00
3c9bb68264b21d0acea375d7ea752fef,efe0bc8c596413f5f6193bffdf474f51,delivered,2018-04-13 22:10:25,2018-04-13 22:29:57,2018-04-16 18:32:20,2018-04-20 20:12:06,2018-05-04 00:00:00
43787011f63fb232ab281d68142f504f,b2378e4329384d595b08676b7d631a48,delivered,2018-08-06 18:39:07,2018-08-06 18:50:18,2018-08-15 13:06:00,2018-08-16 15:41:32,2018-08-20 00:00:00
e4b2030986f453ba45c63a508073e3d3,fc1930db602f4e5c3ef7aed98aed36bb,delivered,2018-05-02 12:35:31,2018-05-02 12:55:28,2018-05-09 14:10:00,2018-05-18 19:38:46,2018-06-11 00:00:00
a9383c949571ed7784f4bc07275752e9,e91028540517d0d7c1c12fc938abed23,delivered,2018-03-28 17:07:26,2018-03-28 17:27:54,2018-04-09 23:23:23,2018-04-19 14:42:54,2018-04-19 00:00:00
885e6b2a928b8989d31fe2e7db3a55f4,fdc9ea90bfb6df0f7f53217158a3ce0d,delivered,2017-11-24 18:03:04,2017-11-24 21:16:21,2017-12-07 00:35:09,2017-12-16 19:59:03,2017-12-26 00:00:00
6d1832bd42dccbd91d1ce32da7f54492,1d12f3eea210892c245c9be2bd17a93c,delivered,2018-07-01 12:02:12,2018-07-05 16:19:44,2018-07-03 19:25:00,2018-07-04 22:37:38,2018-07-16 00:00:00
49e4c4907bdae7153ea492e2827fe5ab,09d35a85e870a6f5425234574a0ae1c9,delivered,2018-08-02 17:13:46,2018-08-02 17:30:24,2018-08-03 13:56:00,2018-08-10 06:08:36,2018-08-16 00:00:00
22fee62c2b437df078309d53efb2ec30,e8eaf1cd83fb76f65bdf87f4ab372d59,delivered,2018-06-26 22:07:14,2018-06-27 08:53:25,2018-06-27 10:20:00,2018-07-03 03:11:13,2018-07-30 00:00:00
7834f61a42c24bfd83ff86a2886344d9,fc095837bc58e78ea02238dc7d6d3e0c,delivered,2017-12-02 11:17:52,2017-12-02 11:38:24,2017-12-04 21:13:08,2017-12-05 19:53:21,2017-12-20 00:00:00
e0f9722525043b60edddacd46709fea1,a89cadca9c9e913ed236af9991cfd22d,delivered,2017-05-11 22:41:40,2017-05-11 22:50:21,2017-05-12 21:37:56,2017-05-19 08:34:51,2017-05-31 00:00:00
e67c98054d83d2b7a9ba6e37eb2ca005,c838e44ef735bf81eaaf088eca9e4b18,delivered,2017-07-01 11:07:50,2017-07-01 11:24:06,2017-07-04 14:59:56,2017-07-05 13:12:42,2017-07-14 00:00:00
1473319e2ff85803b7e969a788740cda,1874bf6cc7db3ab099a368518a32ddf4,delivered,2018-07-10 23:41:08,2018-07-11 00:35:11,2018-07-11 14:03:00,2018-07-16 14:28:35,2018-07-30 00:00:00
3c179a72f1d2d9c87b18d2a0fa99079f,fbece8dafc6de4b62cef0d4df0228e7c,delivered,2017-06-26 18:03:36,2017-06-26 18:15:15,2017-06-27 15:43:38,2017-07-03 15:09:40,2017-07-18 00:00:00
0bc9cc637f074aa7df9fb7f206125066,64b522c8d8d1f7acce0f99ab0bc4309e,delivered,2017-05-25 11:58:23,2017-05-25 13:33:53,2017-05-26 10:08:25,2017-06-01 15:17:32,2017-06-19 00:00:00
9333298e9cc54a35f22242a9fc3a3ad0,7268d0d0a96aae2c0a19496f87fa9116,delivered,2018-07-06 21:20:26,2018-07-06 22:10:48,2018-07-10 12:12:00,2018-07-17 01:04:47,2018-07-27 00:00:00
e72a5280a46ca876b0fd05c1a1ee605c,e27a8cc9ed6af44e996a710cc9c09565,delivered,2017-09-13 19:56:29,2017-09-13 20:10:21,2017-09-15 17:57:56,2017-09-21 16:23:33,2017-10-03 00:00:00
71c0d1686c9b5556355dc29a0f5cf8dd,076523f7baf4359c0728c0bee2d8ccc1,delivered,2017-11-26 19:11:20,2017-11-26 19:33:42,2017-12-07 22:22:48,2017-12-12 18:05:54,2017-12-21 00:00:00
3c23f03a52f26c926ec48ffa9bdd82f1,6b4181b03448813620a39cf169871ab4,delivered,2017-05-31 16:51:41,2017-06-01 03:50:19,2017-06-02 11:15:49,2017-06-16 15:17:49,2017-06-21 00:00:00
e778abcc21ac8c885cf25e865e3ac49b,d4911eb6b6642de30488f78e70a9fe5d,delivered,2017-08-07 13:09:57,2017-08-07 13:23:30,2017-08-08 16:09:08,2017-08-09 18:24:29,2017-08-18 00:00:00
12fb3c36ed38cd5bf01aa6b287d4acfb,82e984ca94de36120ef7eb9388284c9e,delivered,2017-12-02 00:48:21,2017-12-05 04:17:45,2017-12-05 22:43:46,2017-12-22 18:57:48,2017-12-28 00:00:00
efe7380fd1ca4f19193a35a028f0ce54,fa64f507ec714d45b905f7330add8aca,delivered,2018-07-22 19:59:02,2018-07-24 11:31:59,2018-07-25 13:23:00,2018-08-14 15:25:22,2018-08-16 00:00:00
0d02b771eedf655d493ce414a9a7abd1,e823a77c1eaef4c7664b0f4e4d275fb6,delivered,2018-01-31 19:15:21,2018-01-31 19:29:26,2018-02-01 19:10:36,2018-02-19 19:39:19,2018-03-05 00:00:00
add546d4d3ce43710bba09276bbe07e2,6e99627292e6e50e897b63a3b94560eb,delivered,2018-05-25 12:48:12,2018-05-25 13:13:21,2018-05-29 12:47:00,2018-05-30 20:22:36,2018-06-12 00:00:00
bd7f6df012ed820ea52bf7f46da3026e,be2bfa73cb312a427f22e598733459d4,delivered,2018-06-10 22:50:53,2018-06-10 23:10:54,2018-06-12 12:51:00,2018-06-13 20:12:04,2018-06-21 00:00:00
3190cee126ad6894778d3f21c28b0a55,f1d1239bf0cad23368e7729702967983,delivered,2017-10-16 11:34:00,2017-10-16 11:49:37,2017-10-17 22:52:56,2017-10-23 19:52:17,2017-10-31 00:00:00
4d73a326dfc780a0a459f4ca37111749,40443fa34ffdf6e08864f0e327ba3fd5,delivered,2017-11-15 13:36:39,2017-11-15 14:06:26,2017-11-17 20:32:29,2017-11-22 21:48:32,2017-12-05 00:00:00
84ad418dcacad799e4a81ac24328d6fd,a938af9f18a3121d6729480532cb755e,delivered,2017-04-14 15:38:54,2017-04-18 03:55:27,2017-04-24 07:19:51,2017-05-09 11:36:11,2017-05-31 00:00:00
84effd777e819e984c091302a37641d4,9baa3ebdd47ab308b0a043a9ff5a9f10,delivered,2017-11-24 23:17:46,2017-11-25 02:14:48,2017-11-28 21:28:44,2017-11-29 18:19:02,2017-12-12 00:00:00
63576020815760d4b5d11cef32595ada,eb1db1addc49bbf82c8ce7668681cd07,delivered,2017-09-03 18:10:21,2017-09-03 18:35:29,2017-09-04 19:49:57,2017-09-06 21:39:43,2017-09-21 00:00:00
3dfbb4a1925fb940c975dc4c5855a7d2,ae8db3ad1465ebe372f722f5d3dd5739,delivered,2017-10-25 14:35:46,2017-10-25 15:15:05,2017-10-27 14:08:53,2017-11-06 17:32:04,2017-11-14 00:00:00
820749211528f2ac3c371469c8dcff94,f439a62be9d46893925dc9c101e2b80a,delivered,2018-07-29 20:17:44,2018-07-29 20:35:14,2018-07-30 15:46:00,2018-08-03 23:56:28,2018-08-21 00:00:00
c99c7b68a239931777d626071e46895d,9fe715c3b27abd3049313efce3e0683d,delivered,2018-06-20 10:14:59,2018-06-20 10:44:10,2018-06-20 12:57:00,2018-06-23 16:04:58,2018-07-16 00:00:00
6289ee54f79f145b31d94596c21ff419,9a0480bdb0c0c8e63a17be53e1faf91f,delivered,2017-10-23 23:39:37,2017-10-23 23:56:12,2017-10-25 12:48:02,2017-11-03 17:23:47,2017-11-09 00:00:00
fa65dad1b0e818e3ccc5cb0e39231352,9af2372a1e49340278e7c1ef8d749f34,shipped,2017-04-20 12:45:34,2017-04-22 09:10:13,2017-04-24 11:31:17,,2017-05-18 00:00:00
aa0cbb40775d50f0535c3e4a38603b3c,fc5e6cad3f8c6354b277b835229513d7,delivered,2017-09-04 10:56:05,2017-09-05 04:15:21,2017-09-08 17:32:00,2017-09-14 17:46:57,2017-09-29 00:00:00
7742297b8ce3c16600efdeca04a70937,4730b6f81e02460ea4b9d1217c4d6367,delivered,2017-05-29 10:44:01,2017-05-31 07:02:39,2017-06-01 13:19:33,2017-06-12 13:12:40,2017-06-19 00:00:00
4d38bf00b95dbf4dcf2820177584ade9,41a8b44b5199e1a781daa6f67b8ccb16,delivered,2018-02-21 16:38:31,2018-02-21 16:50:30,2018-02-26 16:17:43,2018-03-23 20:56:25,2018-03-15 00:00:00
e251afd3ced38d4de3a5ece05d615ef5,f071974e65cb75a420c1530a8b0b27f4,delivered,2018-01-25 14:59:08,2018-01-25 15:20:12,2018-01-29 19:59:12,2018-02-04 19:35:39,2018-02-09 00:00:00
9c2ba52157b36c56751de3ad0e6ec01c,578d5098cbbe40771e1229fea98ccafd,delivered,2018-04-19 10:35:22,2018-04-19 11:15:18,2018-04-19 22:18:31,2018-04-23 19:58:33,2018-05-14 00:00:00
579997e88b2563ab8a3f3d6f5022a8a6,143e1e9cc9c731abaaed1c15ab5d7b74,delivered,2018-01-30 07:21:20,2018-01-30 16:34:55,2018-01-31 23:13:29,2018-02-09 16:31:55,2018-02-26 00:00:00
bf8a5f3ed4349bd5873e69a7bf24afdd,265e3c18ceed2964038497b11ef3e4c7,delivered,2017-12-01 10:30:46,2017-12-01 11:31:08,2017-12-09 00:21:23,2017-12-22 19:28:36,2017-12-28 00:00:00
475daaf912c5d6077ae695875f9e02dd,af19987afaab941ddba949ef09e2b393,delivered,2017-09-02 14:17:54,2017-09-05 04:44:23,2017-09-11 17:06:55,2017-09-18 18:35:11,2017-10-09 00:00:00
460281d0eeab1990c9fd04ac4705d3ed,c12c3f999921db1622354fa4a873cd05,delivered,2017-05-18 23:45:34,2017-05-19 01:25:16,2017-05-19 20:34:38,2017-05-29 11:48:02,2017-06-09 00:00:00
4cb0286c9f5805ddd172e00cef67ecc3,e3d025dfd872e46859d611e7a73f6c2d,delivered,2018-06-17 20:18:47,2018-06-17 20:33:54,2018-06-18 15:10:00,2018-06-20 19:08:22,2018-06-29 00:00:00
3e0ff86919e2e005d7f1d59015edb415,b6e1a45abb82ce0e62d8a98787f46c59,delivered,2018-03-26 00:27:30,2018-03-26 00:48:31,2018-03-27 18:16:32,2018-03-28 19:54:50,2018-04-06 00:00:00
5cca397d52ba2f962523520cc83db7ba,7f0aa96805d1c2d2002d0ac60c2ac139,delivered,2018-04-02 22:04:57,2018-04-02 22:35:50,2018-04-04 17:26:31,2018-04-12 19:08:35,2018-04-25 00:00:00
60ead11db6b36221fe1424e330883a9a,223291591dac2cc98cea3868de7bf593,delivered,2017-08-28 18:12:43,2017-08-28 18:25:10,2017-08-31 20:57:36,2017-09-04 16:06:48,2017-09-15 00:00:00
3eff3be449eaedf0e5b56e9a7d35bb82,7015c89cd26ef46ee3d23f5d8cdeb308,delivered,2018-07-15 19:42:44,2018-07-15 19:55:20,2018-07-16 13:50:00,2018-07-23 22:16:51,2018-08-27 00:00:00
d8a0ebd040a2059ee8dbec7e4055b927,6a19aac11f8b7b0541420cfd0b4bd3a5,delivered,2018-03-26 21:47:13,2018-03-26 22:07:08,2018-03-27 23:58:24,2018-03-31 17:16:27,2018-04-26 00:00:00
b027e9d1b5a30853af2663e94f2e8a00,ba93bb3d4a9e2aec793c0f474a071ae2,delivered,2018-08-12 08:36:16,2018-08-12 08:50:06,2018-08-17 14:15:00,2018-08-22 17:28:22,2018-09-03 00:00:00
94a280e9178a824b49777271fdf8e5cc,0dbfdb203a06e44a110c7eb98a4ca78a,delivered,2018-06-13 08:36:35,2018-06-13 09:15:32,2018-06-19 15:19:00,2018-06-26 21:57:35,2018-07-17 00:00:00
12f3c6723ad757676360f2b5bd8ce007,e98065a8b5eab63b7ae08943455d7ba9,processing,2018-01-19 18:24:33,2018-01-19 18:32:27,,,2018-02-20 00:00:00
2c85015afa7245242d2f751099dd70e0,425303cf0383f08e3aeac0ef4f6dac7e,delivered,2017-09-19 10:35:43,2017-09-19 11:20:16,2017-09-21 20:39:05,2017-09-26 21:37:33,2017-10-05 00:00:00
760e70b6d3136376633a2c6369da1c69,468fff96eab377a97c5bcf8f998bf2c2,delivered,2018-03-23 13:43:42,2018-03-23 13:55:37,2018-03-26 16:46:27,2018-04-02 22:22:22,2018-04-11 00:00:00
2e143861a5240d0e457622ac38913826,46f59880bf46bba55ff84044bc5873e4,delivered,2017-11-30 20:10:39,2017-12-01 09:30:59,2017-12-01 18:34:16,2017-12-12 16:41:50,2017-12-26 00:00:00
ffa2a7fdee9759a1c69f742f0a21d371,582f3b5944cd433da07eaf7d52118ee5,delivered,2018-02-11 14:23:30,2018-02-15 03:55:46,2018-02-16 02:04:41,2018-02-16 17:55:44,2018-02-26 00:00:00
d16f9a68b1aa5e1e872a86a474930835,9d4990db1cc3fde3a88bddc0a8d7e548,invoiced,2017-02-04 10:12:38,2017-02-04 16:10:12,,,2017-03-07 00:00:00
19af64f6a5b2b246709859143e3c5c16,fc8cc2463a5a12c57e5fd875551460fc,delivered,2018-04-27 13:35:36,2018-04-27 13:53:07,2018-04-28 09:10:00,2018-05-09 01:33:01,2018-05-29 00:00:00
2d582ca9251cf300ff17929c5151438a,63bab0b2961c9ff106d7d0b0adb18e6c,delivered,2017-03-17 09:59:57,2017-03-17 09:59:57,2017-03-20 04:55:35,2017-03-27 13:42:23,2017-04-11 00:00:00
564e414f20390e6417f5e6c6ad3f095e,3c8863310a791b2426da5c04de18e70c,delivered,2017-12-20 19:29:21,2017-12-21 02:11:19,2017-12-26 20:52:20,2018-01-12 12:28:03,2018-01-24 00:00:00
0e708996976c68e134fee66107305c6a,e0f3079d7a5f0cf9284ff3476dd2672d,delivered,2018-03-10 17:44:21,2018-03-13 03:50:45,2018-03-13 21:24:48,2018-03-22 17:51:17,2018-03-28 00:00:00
23e61b7a50280ac24831f163542e5fe6,17224e2103f611bab48b1c5df0949d81,delivered,2018-08-19 22:02:19,2018-08-21 04:29:37,2018-08-29 13:48:00,2018-08-30 16:52:25,2018-09-03 00:00:00
fbf2e87d7c7542aa36e1d91e5b462c60,c57c16abec4fbb154792e80e491a6fe6,delivered,2018-08-03 07:06:35,2018-08-04 07:04:11,2018-08-07 07:33:00,2018-08-13 23:56:46,2018-08-24 00:00:00
2e2005a55f448272a7f91f8ec48db9ee,de3f106541e9cf42f36a02b78a4ecc5b,delivered,2018-05-15 17:07:39,2018-05-15 17:37:28,2018-05-16 14:14:00,2018-06-02 02:41:55,2018-06-07 00:00:00
483c22865f4aa9d0bd3cceb535b176ab,209ff5d502f02e97bc3cd9bc444945a4,delivered,2018-01-03 18:58:59,2018-01-05 02:39:34,2018-01-10 22:59:52,2018-01-18 17:23:08,2018-02-01 00:00:00
aeeb0a68040240daa8065187ca9d0770,6d1f22bd0825cf224f21a5e3a5f90dee,delivered,2017-06-14 19:28:01,2017-06-14 19:42:45,2017-06-23 12:52:09,2017-07-12 13:59:41,2017-07-07 00:00:00
7a8107927fd13f239a62ba070873fe45,39627b5018f045c6237bd64635234d65,delivered,2018-07-30 00:04:55,2018-08-01 16:31:33,2018-07-31 11:01:00,2018-08-02 01:46:45,2018-08-03 00:00:00
a52fca56c21fd8b4564823dd3c99120c,c059e9c054e8b1d94fc946fa5fe0973f,delivered,2017-12-26 12:19:08,2017-12-26 12:28:56,2018-01-10 18:10:56,2018-01-16 20:35:35,2018-01-23 00:00:00
678ec27e8a4c8d92384bd0834f21b308,47c34bcae24080749be1315ad1fc2bb4,delivered,2018-08-14 20:59:19,2018-08-14 21:10:10,2018-08-20 13:36:00,2018-08-25 16:56:25,2018-08-24 00:00:00
d30ebaf399ed0c5ec1cc71ed36c0dd68,6cec3bf613919f962b9f8492aa4d404e,delivered,2018-03-25 17:04:48,2018-03-25 17:15:30,2018-03-26 19:17:21,2018-04-04 19:28:36,2018-04-18 00:00:00
99c8af04316c292e23ca57d8917db2ad,c05d36c6e2c9dcd92507fdc72e5ce44b,delivered,2018-01-12 16:21:42,2018-01-12 16:31:24,2018-01-16 13:06:54,2018-03-15 20:25:26,2018-02-08 00:00:00
3ffb5839790306f5e88e8319508dae29,e5f65110b354e660abf6ba77dd78c4c3,delivered,2017-05-19 15:28:55,2017-05-19 15:42:49,2017-05-22 15:53:38,2017-06-02 09:13:23,2017-06-12 00:00:00
d19f4ab4bd008d9b26f5eb3afc6cc251,b71d390fe8dc57d420c1e5bf672fe8ee,delivered,2017-05-29 10:25:47,2017-05-30 02:42:42,2017-06-01 12:05:02,2017-06-06 14:17:29,2017-06-09 00:00:00
64eeb35d3ade7fcdff9fbb1ca5175bcf,d00827c5fac201b079be8af3a7fc9f08,delivered,2018-08-16 07:55:32,2018-08-16 08:15:14,2018-08-17 10:40:00,2018-08-23 00:09:45,2018-10-04 00:00:00
ceabb3e5878fd35ef9451cb2aeda20b1,1671f344bd401d0cc0ba2869cf2ae973,delivered,2017-05-30 17:29:14,2017-05-31 17:35:10,2017-06-01 08:38:15,2017-06-13 14:38:16,2017-06-20 00:00:00
3598d5876c343ad3d9699be24dc09b8a,68d54b6b1f24a481a2f472046153c118,delivered,2018-05-17 17:15:08,2018-05-18 02:14:37,2018-05-18 14:19:00,2018-06-07 15:24:52,2018-06-05 00:00:00
9dabd200c58f609f380ecd1e44898086,1bb2273c4c26af24561221cfc4fbd7f1,delivered,2018-06-12 20:50:18,2018-06-12 21:24:02,2018-06-15 13:48:00,2018-06-27 17:11:52,2018-07-19 00:00:00
b409363b150c3fc8fe6dddae1bceb1d3,836a7bfd738af688ed28899ff7e61873,delivered,2018-04-04 10:05:24,2018-04-04 10:29:24,2018-04-06 23:08:43,2018-04-11 15:12:00,2018-04-20 00:00:00
f9604c62f4691fd43013cd1e6489e332,d3ca3a344d5f960ad6733ccc5b27005c,delivered,2017-06-19 10:10:22,2017-06-19 10:25:15,2017-06-19 20:51:50,2017-06-26 17:21:55,2017-07-07 00:00:00
7a2e13975471a7fa79bf252ac36cc095,83901f425d913fa2261031ae7d879018,delivered,2018-01-26 00:26:59,2018-01-30 04:31:17,2018-01-30 21:07:09,2018-01-31 18:56:39,2018-02-09 00:00:00
89253d28593c5b4eec3bbc9638a055d3,221dcdad673d808783fa3ca936233e18,delivered,2017-08-08 13:10:28,2017-08-10 03:25:40,2017-08-11 20:04:50,2017-08-17 18:30:46,2017-08-30 00:00:00
37f61d782089bd338aff5207a31fb933,4883322c6fd5bdaa2beb408d27427ea4,delivered,2018-02-19 15:41:08,2018-02-20 16:00:21,2018-02-21 23:06:59,2018-03-05 16:34:15,2018-03-14 00:00:00
171a1f1ee5fb6ee190e46e3a9dbf85c7,0fbd8d7dd77b4aa7c3b8a93ec376a581,delivered,2018-07-22 17:27:02,2018-07-23 12:32:17,2018-07-23 14:51:00,2018-07-26 16:38:30,2018-08-09 00:00:00
cfaa877f09b4f4bc73fc768bf5817df7,bdc8a93d24ec975556babebc0bdfb9c3,delivered,2018-05-14 11:33:52,2018-05-14 11:58:32,2018-05-17 11:58:00,2018-05-18 15:32:05,2018-05-30 00:00:00
d933bc3298b938687c5aab9685d2108c,a0ce4f6c04746a55b96b6344e07cceb1,delivered,2017-08-28 20:26:41,2017-08-28 20:44:56,2017-08-29 16:58:14,2017-09-08 20:30:07,2017-09-21 00:00:00
b52312202c9a950b9054cb94fd040440,bd9704a4da1d3d36e5eeec69f4b5af09,delivered,2017-09-28 13:19:35,2017-09-30 02:14:41,2017-10-04 18:52:10,2017-10-09 19:51:38,2017-10-20 00:00:00
760209837cc5c577075aeb32eb2f219f,2e7a7949ed59755832f8877b154bb202,delivered,2018-08-14 23:38:02,2018-08-14 23:50:45,2018-08-15 12:20:00,2018-08-18 20:08:55,2018-08-29 00:00:00
f73b31435ce6dec43df056154c39a1ce,f0f671d4034e98cdf20f0c452d6db02b,shipped,2018-08-20 12:37:54,2018-08-20 15:35:42,2018-08-24 16:48:00,,2018-08-27 00:00:00
e2b2feccda2c913e120d23c72b550cca,7754a974b02485c72aa600f3dbfc8dc7,delivered,2018-01-24 12:16:13,2018-01-25 02:38:17,2018-01-25 22:56:30,2018-02-27 00:17:01,2018-02-26 00:00:00
a698966a44dec5eb80ac9c132b5d2a53,941913272005809a002595532d5ecc41,delivered,2018-07-25 23:10:19,2018-07-26 23:05:18,2018-07-27 12:51:00,2018-07-31 17:34:52,2018-08-13 00:00:00
c6a8408a66e38da8f30bee8e73a34a67,7e7664514011a7ae9513d462d7e61493,delivered,2017-06-16 20:00:57,2017-06-20 10:45:14,2017-06-22 13:13:29,2017-06-30 15:14:52,2017-07-06 00:00:00
3501186fe160a6e3162126a1bfcb2e08,2186009b718b71dbcc74eb3b71600414,delivered,2018-05-02 03:50:02,2018-05-02 05:01:29,2018-05-04 10:30:00,2018-05-18 11:22:38,2018-06-01 00:00:00
1f990d2b7b5a992e60e4c0ac2ff40f36,e9c5b5a2ac7092e9cea253d18528ac0f,delivered,2018-01-29 21:48:23,2018-01-29 21:55:30,2018-01-31 23:04:07,2018-02-05 16:43:07,2018-02-22 00:00:00
73df7f271536068cac9f113c9d73cbb0,4d2063ca8a2563066b6c5fea4c9242f7,delivered,2018-08-13 17:54:44,2018-08-15 03:15:30,2018-08-16 11:35:00,2018-08-23 16:32:39,2018-08-27 00:00:00
64930a85c555750a1f71af3d49b0c54b,6bdc6bd2a184acd029712b3ab0037565,delivered,2018-05-01 17:20:54,2018-05-01 17:35:15,2018-05-10 16:51:00,2018-05-16 18:10:53,2018-05-23 00:00:00
889d953454eb01607e1ded9e6c9e1657,febaa0b6a9a58299fe86ab3cc375080f,delivered,2017-08-31 12:58:38,2017-08-31 13:10:20,2017-09-04 13:14:56,2017-09-06 20:28:42,2017-09-18 00:00:00
4c3898f5e7ca29c2fe30781d80f88857,746e70218aa146b8a9b9fb2fc5101860,delivered,2017-11-02 21:51:51,2017-11-02 22:05:51,2017-11-03 22:52:45,2017-11-13 12:17:40,2017-11-24 00:00:00
248b9e7139f9afa6227c51a42ecb915a,e2793697038f61d6ceb3ae89e93d0dab,delivered,2018-04-02 23:45:38,2018-04-04 03:09:00,2018-04-05 00:49:41,2018-04-12 01:12:24,2018-04-19 00:00:00
8a3c2c90a94d0d385e338f5765a86292,868abd036b449e8e53761765bf59bbbf,delivered,2017-11-26 21:09:26,2017-11-26 21:18:21,2017-11-28 18:51:50,2017-12-18 15:39:47,2017-12-19 00:00:00
2663ce3526465b7ee9809428adabdc45,032a544bbe984490f6ff7450e3c8b0bc,canceled,2018-08-30 13:07:46,,,,2018-09-12 00:00:00
5f7c5a387a87c6c7a3fefa36dc21929a,f6a7e0ba6be36e5fdf7f15cdb3d21df2,delivered,2017-08-02 16:23:29,2017-08-02 16:35:25,2017-08-08 21:47:32,2017-08-12 14:35:46,2017-08-24 00:00:00
3e6c77a5839517805ed2f8f80e7d9054,a6fe690d5608de5a62f7d88b87fafba0,delivered,2018-06-06 21:29:12,2018-06-06 21:55:04,2018-06-07 14:25:00,2018-06-08 20:28:30,2018-07-03 00:00:00
c33f6b9840953ad210b51a86f6aa13a9,a03851354f0d59c91b9796815d5ec52e,delivered,2017-05-31 15:39:51,2017-05-31 15:50:22,2017-06-02 15:34:59,2017-06-07 09:38:44,2017-06-23 00:00:00
203a9f020a3ddd0f46400de701b212df,c48f80d49ae289dd9a54abcec2ba76bd,delivered,2017-11-14 16:57:33,2017-11-15 02:36:07,2017-11-17 21:23:56,2017-12-01 17:57:31,2017-12-14 00:00:00
42a64eac09d0a6be5a307753093d45e8,d8690d5619753ee8295c1a1f602d9fc0,delivered,2017-10-25 08:53:51,2017-10-25 09:06:11,2017-10-25 17:02:45,2017-10-26 19:05:14,2017-11-07 00:00:00
78e0775b7967227a9d6f00277bed69e2,57b1284ee4544b378d7f1d5cc857815c,delivered,2018-04-05 12:13:24,2018-04-06 03:08:29,2018-04-13 13:48:21,2018-04-17 19:38:44,2018-04-24 00:00:00
6d78e79c696c9f3be8ef263ead6a119b,a829af0c8a5e125dafae1be7a814f72f,shipped,2018-06-22 17:07:59,2018-06-22 18:16:05,2018-07-05 15:48:00,,2018-07-26 00:00:00
fa83e155dfa5da681c4754559e6d1043,4a0a9ff7be23502c8356f3b5fbf5472c,shipped,2017-05-20 07:49:33,2017-05-20 08:03:19,2017-05-24 11:55:56,,2017-06-13 00:00:00
eb31fdfb332cea92e0b75fbe92b0a1cd,c13fb77725debf9be5e88e59125fbb0f,delivered,2017-11-26 19:43:27,2017-11-26 19:53:46,2017-11-27 22:26:57,2017-12-12 16:23:38,2017-12-15 00:00:00
601d20f33163e575f4eb9704e3730c1a,41b73e4199c7fb14607fb96d55cfbd8f,delivered,2018-07-05 18:35:55,2018-07-05 18:51:11,2018-07-06 11:15:00,2018-07-13 21:26:26,2018-07-19 00:00:00
fe62bcdcf8ce8da3e223a41f588abdce,32cb7327d17784d2cff0134d28892d72,delivered,2017-09-29 21:28:32,2017-09-29 21:49:10,2017-10-04 19:43:34,2017-10-09 20:12:54,2017-10-24 00:00:00
0166cc8756d58b4a30fb49de83527120,19e9dac43eee8df98092482fdce676da,canceled,2018-02-08 21:09:18,2018-02-08 21:27:56,2018-02-09 23:12:30,,2018-02-22 00:00:00
b050c4789515afbf9494031e52fcb0ac,f1c644808cff23dee2ab83dcc9368ff2,delivered,2017-11-27 23:49:08,2017-11-27 23:58:24,2017-11-28 16:46:56,2017-12-26 15:36:49,2017-12-18 00:00:00
4d9a2be7276029d8369fbf0fe73b6c0e,cdb4b652db32f3d644367ed686fbbff7,delivered,2017-05-19 01:03:40,2017-05-19 01:30:23,2017-05-24 18:42:07,2017-06-08 17:40:08,2017-06-21 00:00:00
1570fe1d14badec761d75ca93916bd6a,ed064a574e08a0062cf08d485375c9d0,delivered,2018-05-27 18:26:29,2018-05-27 18:54:56,2018-05-28 15:55:00,2018-06-07 18:08:45,2018-07-11 00:00:00
d5e9734f54e05a41246389d38b732a51,bc46822a62f07f6f519876caf542661f,delivered,2018-06-14 15:52:22,2018-06-14 16:18:59,2018-06-15 13:48:00,2018-07-02 18:04:09,2018-07-17 00:00:00
51d33e03b53c86c11bb49dac397b1a46,ec359a502fd8a54ed98d8d607e130f65,delivered,2018-08-02 19:18:03,2018-08-03 19:30:43,2018-08-07 07:33:00,2018-08-15 00:04:30,2018-08-23 00:00:00
fbf96285c7d996a4ddcc48002f857af1,236423b6751e8c624b3e72f25ca8adfd,delivered,2017-07-23 22:20:23,2017-07-23 22:30:16,2017-07-25 19:34:08,2017-07-26 16:33:58,2017-08-15 00:00:00
4183d7a336883150da3c52cfae5688f7,937e64116b8e024eea0b4c0153692fd6,delivered,2017-11-25 00:33:24,2017-11-25 02:33:06,2017-11-27 21:16:08,2017-12-02 19:58:06,2017-12-20 00:00:00
e5bc812e034a9041261c8637e4dc4497,a63fcd0e94a363c54647f26b254c6ee1,delivered,2017-07-20 13:56:18,2017-07-20 14:10:15,2017-07-21 18:13:54,2017-07-28 16:28:59,2017-08-09 00:00:00
49a7909b97f9d04abf822c29353fe343,d6c52e7cfae2c1fda93a81b706555188,delivered,2017-12-05 14:39:16,2017-12-05 15:21:27,2017-12-11 20:29:10,2017-12-15 20:29:06,2018-01-10 00:00:00
cd49c5c6f772ac87200f116a7a5499e5,c68f1a0b156eeb49b2b3168e4ab55681,delivered,2017-03-08 01:59:31,2017-03-09 02:51:06,2017-03-09 13:31:27,2017-03-14 10:34:44,2017-03-29 00:00:00
414643c3ed26cd6d93ac777a102a3ac0,359a2f5153fd7d2d178c72aa9e701e45,delivered,2018-02-09 00:22:10,2018-02-09 00:32:23,2018-02-11 06:12:04,2018-02-20 19:17:02,2018-02-26 00:00:00
103a7b5711f736d920fcb1fe4bd28bcb,63c0e998a8a49b7937fcb229c96c968f,delivered,2017-06-06 17:46:28,2017-06-08 03:05:23,2017-06-08 08:15:05,2017-06-28 14:34:56,2017-07-05 00:00:00
42c2b836618db2b955ea569011464e97,dc65d433aebdabfb3e8ef0612d7a3e67,delivered,2018-05-23 17:27:50,2018-05-23 17:37:05,2018-05-30 13:44:00,2018-06-02 12:06:21,2018-06-29 00:00:00
c14280403027095676ce13109d5e2864,bc673b29705cd8b01f9238a1dd8fdf3c,delivered,2018-03-17 16:38:49,2018-03-19 07:28:21,2018-03-23 23:08:42,2018-04-16 22:22:55,2018-04-19 00:00:00
242c9821e1036401ddc1d061ffcb034c,d21a1b30f682a1faa9cccc16d674eacf,delivered,2018-04-19 21:10:42,2018-04-19 21:30:55,2018-04-20 18:34:33,2018-05-10 18:32:30,2018-05-15 00:00:00
236c5c6711eb7864803f0f0c739e5c05,1c1ad3c35a22aac00ba2c90156b27e8d,delivered,2018-05-23 16:20:54,2018-05-25 02:55:17,2018-05-25 12:57:00,2018-06-07 19:54:50,2018-06-19 00:00:00
7af905809ddbaaed2af20592006857e0,5c9c326c6ba02d6301cb8c68292316f0,delivered,2018-04-15 23:38:38,2018-04-15 23:50:13,2018-04-19 01:38:40,2018-04-21 17:20:57,2018-05-11 00:00:00
fb14d0b924669f4fedd4109bbbfbb736,a6fb7a48402f0b53260a6b518b2119ee,delivered,2017-04-24 17:08:07,2017-04-24 17:22:39,2017-04-26 09:21:57,2017-05-03 12:58:57,2017-05-12 00:00:00
e8a9b36dea36cc9c246000b8c7cca976,f7335df2eeca0716c89a87c5692dea34,delivered,2018-04-23 12:49:27,2018-04-24 17:36:01,2018-04-24 17:32:27,2018-04-25 18:18:33,2018-05-11 00:00:00
3d6024a65d547d75ce7c38da01993565,71dcbb257571501de1dc58ac8321a39b,delivered,2018-05-29 18:27:08,2018-05-29 18:51:21,2018-05-30 16:40:00,2018-06-02 11:16:42,2018-06-21 00:00:00
21a00b08cbeb5716bbb66105e3dbd850,002b5342c72978cf0aba6aae1f5d5293,canceled,2018-09-10 17:51:25,,,,2018-09-20 00:00:00
1073c39f7b5d5091bb6dfd342d1f4be0,0fe5a97d856c6e12e88270cd49d08b2a,delivered,2018-03-04 20:58:36,2018-03-04 21:11:00,2018-03-07 22:17:43,2018-03-22 19:52:40,2018-04-10 00:00:00
622cd02bfa274728c8d0260bc7c492a2,4d545e854893ff8e7bed40e22bd55ab0,delivered,2017-07-28 09:35:08,2017-07-28 09:50:17,2017-08-07 21:02:56,2017-08-09 13:45:42,2017-08-30 00:00:00
1fbf5baa345604aa56a1e8a510eafd49,ab90b1f7d064000a9389493c14ec0232,delivered,2017-12-11 17:20:39,2017-12-11 17:32:36,2017-12-13 17:28:41,2018-01-14 17:03:31,2018-01-05 00:00:00
54ef7706bc8a0c0209e7aca10d463608,2b4ee808fb510ba674b47f509fa03c38,delivered,2017-08-19 20:38:45,2017-08-22 04:31:50,2017-08-22 15:08:16,2017-09-11 22:17:59,2017-09-21 00:00:00
55ccd4969754c36c0e5d45ce55594aa4,ffdeb329ff51afd3a45ae5dcd7239ac6,delivered,2017-10-22 20:01:31,2017-10-22 20:14:27,2017-10-23 20:37:54,2017-10-24 18:13:44,2017-11-03 00:00:00
72da19d53265a57c6e81454bb0c7add3,2cd340f0483672ef400892090c549289,delivered,2017-08-21 23:14:08,2017-08-21 23:25:34,2017-08-22 21:27:49,2017-08-29 16:28:15,2017-09-21 00:00:00
3e67a858c3fcd6a3929e94f287d9772d,f299efe8059770d577b6b06420de12a2,delivered,2018-03-19 11:47:06,2018-03-19 12:10:27,2018-03-20 15:26:37,2018-03-28 01:37:28,2018-04-13 00:00:00
4d018d28940042ac4bfd91cb21ac8b8b,d1e1e6357ad88f9f2849304c44884cf0,delivered,2017-12-15 21:19:13,2017-12-15 21:31:25,2017-12-19 18:45:22,2018-01-03 21:45:58,2018-01-15 00:00:00
309b9de8813533826a3005f94bee92b9,7d256faf9786f86ad032ffdc9554ea2d,delivered,2018-04-24 14:31:39,2018-04-25 14:33:20,2018-04-26 13:38:00,2018-05-04 18:56:50,2018-05-23 00:00:00
d9e0e6c219155daf624e2cd31056d474,7ad81ba6ffad3deaefb12dc8097c9f5f,delivered,2018-04-02 10:09:23,2018-04-03 10:09:40,2018-04-04 00:36:43,2018-04-10 18:24:36,2018-04-25 00:00:00
c831c64f0cd1f084f23944c0f1f9d123,6e2155e4c5218340df96c5be87f8931b,delivered,2017-06-20 16:47:24,2017-06-20 16:55:17,2017-06-21 09:15:44,2017-06-29 10:41:35,2017-07-12 00:00:00
fce05609044e53ac3adaa8ecc88301e0,f9dddb829b92d4226e458efff3c49047,delivered,2018-01-19 15:41:35,2018-01-19 15:56:16,2018-01-22 23:56:31,2018-01-30 14:37:45,2018-02-14 00:00:00
e8e805e78f96e0ff9ba477f9cc5e3448,e0c77096ebcb9aedc1c613ac43e0ccfc,delivered,2017-07-12 23:03:19,2017-07-12 23:23:08,2017-07-14 19:43:41,2017-07-24 17:55:00,2017-08-04 00:00:00
293d3c2a058c0395d19e7d1a4aa87f41,0ca5257ba1280eb54d0e7c5823f8f9b4,delivered,2017-05-18 09:55:25,2017-05-19 02:30:31,2017-05-22 11:33:30,2017-05-29 07:05:42,2017-06-01 00:00:00
724c63c0c7f775d58382c4fb12081867,8d728722e525d9c57d445ac0b8aab301,delivered,2018-07-26 08:25:42,2018-07-26 08:35:18,2018-07-30 14:08:00,2018-08-10 16:16:31,2018-08-17 00:00:00
db1cfa492610bccff9d25d439a9ff2b6,d67409b18fea6a27c87240f38798b20f,delivered,2018-04-18 11:54:50,2018-04-18 12:10:14,2018-04-19 22:52:32,2018-04-23 12:18:29,2018-05-08 00:00:00
5730dad6ecb4f73d55da69d127c2bb6b,695d206207b2d41598f8d78b77ac67af,delivered,2017-12-11 13:06:04,2017-12-12 03:50:04,2017-12-18 16:57:54,2017-12-26 19:13:31,2018-01-04 00:00:00
ea8d7eb561a1c07f203cd9af8c59873b,026378e6d9977bf974a1ebe64f92cfee,delivered,2017-10-21 12:43:21,2017-10-21 12:56:26,2017-10-23 16:43:19,2017-11-01 14:11:36,2017-11-10 00:00:00
ac57a5e116e95f1b04e07e0b57a5f6f5,cd1782de5d260d0a90737fb52bcf8a28,delivered,2018-08-06 21:04:32,2018-08-06 21:15:21,2018-08-07 12:34:00,2018-08-22 01:03:30,2018-08-16 00:00:00
cbd4818fd2df9243a5f4698948f80bd0,1863b95f5438f793f49ba1c6995860e7,delivered,2017-12-07 13:29:50,2017-12-07 15:29:38,2017-12-11 18:21:41,2017-12-14 11:26:54,2018-01-03 00:00:00
db4c181f6ac63a558233e98861beda3e,fe86f452d3595048dd7000032a0283aa,delivered,2018-02-26 11:11:05,2018-02-28 09:29:40,2018-02-28 22:54:41,2018-03-23 21:22:52,2018-03-23 00:00:00
ee46e60afd0a0052089f6729df72feec,9bc9ba55fbe97a847d41d2a0324b1ca7,delivered,2018-03-14 21:30:10,2018-03-15 03:15:37,2018-03-15 20:04:34,2018-03-22 13:54:28,2018-04-10 00:00:00
5319d79dbab671824060b110de9d8346,4e09b5a438e739bed892cb3980e5332b,delivered,2017-11-05 20:11:03,2017-11-05 20:26:43,2017-11-09 14:46:44,2017-11-28 11:29:27,2017-11-29 00:00:00
cba50ee7d72101bacb9accfaaf1d087d,a21458e978c59c41679d6a8559bf4a85,delivered,2018-01-22 10:33:42,2018-01-22 14:16:25,2018-01-23 18:22:47,2018-01-29 21:14:52,2018-02-16 00:00:00
016d1bdf6efab4f6b805df1c03043113,32ea572ef909ce200bf5097211d79d22,delivered,2017-10-04 20:26:53,2017-10-04 20:35:24,2017-10-05 19:50:09,2017-12-01 18:49:05,2017-10-31 00:00:00
e9a18a01a641ece17c11a804a3651208,f6a410defc688664c9817dbfa4017e8c,delivered,2018-07-23 09:33:10,2018-07-23 14:30:56,2018-07-26 15:03:00,2018-08-02 15:21:38,2018-08-02 00:00:00
3776ca53eef7dc944d1b615e9ec3ad36,58c9cac8b8d827ecd1854a007b921fca,delivered,2018-06-27 09:36:14,2018-06-28 02:15:49,2018-06-28 11:09:00,2018-07-04 10:24:40,2018-07-20 00:00:00
82ae1c851b481c7c7f6fbfdfb05e5131,a79a3128c32bbc4b1dddfd957d17b4ae,delivered,2017-11-27 14:39:18,2017-11-27 15:03:04,2017-11-28 23:32:21,2017-12-21 21:33:50,2017-12-20 00:00:00
36b53be88597f8fc8af05d1a35c0dc45,ec3032c0af9490ab5427a43ac0b0c426,delivered,2017-12-14 20:07:31,2017-12-14 20:18:34,2017-12-22 23:09:55,2018-01-09 14:04:47,2018-01-11 00:00:00
6a8f2976398f920ad337da439b22b202,65444b44c0f0ed4a08ee0ad501974b39,delivered,2018-05-12 10:53:41,2018-05-12 11:14:05,2018-05-14 15:12:00,2018-05-15 18:32:55,2018-05-24 00:00:00
8e9168f5b8cbf3a8e5d2f6767cefa724,32dee19a706a627011743dd7c54f3c35,delivered,2018-03-27 22:00:22,2018-03-27 22:10:26,2018-03-29 22:41:55,2018-04-07 00:48:41,2018-04-13 00:00:00
39e3311579afb8c467eac9a76b7e8561,1c62440cda77a9850bf3e546d3518c7d,delivered,2018-01-18 13:36:21,2018-01-18 13:53:05,2018-02-06 14:39:31,2018-02-15 15:07:09,2018-02-09 00:00:00
11b7adfd63537ace6ab5ede1feb62610,1d50ef713093771ec10c3ba611db3afb,delivered,2018-06-26 08:08:04,2018-06-27 08:30:51,2018-06-27 10:16:00,2018-07-03 22:36:33,2018-07-17 00:00:00
0436c197b0ba8265af9fa94b7f444866,d2bc0da79a4e2ae1e11523f27454311b,delivered,2018-08-07 15:54:26,2018-08-07 16:05:22,2018-08-08 14:52:00,2018-08-16 20:08:42,2018-08-24 00:00:00
675a27f901e5f0350eed10f052e09b60,296f5301f45389edbfbaf19581acae8d,delivered,2018-03-05 13:22:10,2018-03-06 13:15:28,2018-03-08 19:58:21,2018-03-15 20:26:44,2018-04-05 00:00:00
9fbb5075d54585f5a28a955a0f68b8c7,3e5c2c488b72c38a8c0d67227f69f30c,delivered,2018-07-31 21:48:48,2018-08-02 03:10:15,2018-08-06 08:27:00,2018-08-08 22:36:49,2018-08-17 00:00:00
7d15087ec6066de9ee6e63afe93ef9b0,a4a8f70c6e841e099bc5106ea46bf078,delivered,2018-02-13 12:56:45,2018-02-13 14:35:23,2018-02-15 00:17:44,2018-02-27 12:43:23,2018-03-09 00:00:00
05dbe6bf3e09d4e05160a98d0a926bb1,c9fb84e88f11e478d569305888e89920,delivered,2017-10-03 19:05:31,2017-10-03 19:14:32,2017-10-05 21:42:42,2017-10-16 19:33:25,2017-11-03 00:00:00
c8cb7b0f298cd146d61e1ce533494bca,9cc17bb45c605dc49e16aeb5ae3be739,delivered,2017-04-03 16:37:07,2017-04-03 16:50:17,2017-04-04 10:27:52,2017-05-02 15:04:27,2017-04-28 00:00:00
649aa2900b06d80727880b4e94da7919,881cde96227ba4ff44f52daa470b497a,delivered,2018-07-15 18:57:28,2018-07-16 22:30:59,2018-07-17 13:15:00,2018-07-24 19:51:49,2018-08-02 00:00:00
4b3c7f8318b056586e0407857f44a136,a7c6653654e36720ded54cb3f92432a3,delivered,2017-10-31 16:20:25,2017-11-01 03:26:13,2017-11-01 18:25:27,2017-11-03 20:27:30,2017-11-08 00:00:00
9a965cd710da5125076afbd641624600,f26dc4fb2f5373199f3430bda158626c,delivered,2017-05-15 22:53:50,2017-05-17 03:55:28,2017-05-18 08:00:00,2017-05-23 17:42:41,2017-05-26 00:00:00
49cf32489672b15ea441df827b693bfb,fdbd4c985b856764d8a4a30a3cdd1d8f,delivered,2018-03-26 00:57:58,2018-03-26 01:10:39,2018-03-27 22:24:50,2018-04-11 21:22:57,2018-04-18 00:00:00
816b15129b14c066ff4f5755938aefb0,1d676b0771f334b33856636aedba43c1,delivered,2018-01-11 15:32:58,2018-01-13 04:54:48,2018-01-15 23:56:01,2018-01-18 12:19:24,2018-02-02 00:00:00
dcd55caf6dcb4c4a54e6f09eecdb4822,338ceb7a4e121b2cf002f41b325d76d4,delivered,2017-10-12 15:03:54,2017-10-13 10:28:11,2017-10-13 16:46:16,2017-10-17 17:50:00,2017-10-31 00:00:00
d4e27dc356ca647fd39f91affa4feb89,30f83ded5a1d46d831783b7f5ab3927b,delivered,2017-05-19 17:44:16,2017-05-19 17:55:11,2017-05-22 13:18:05,2017-05-31 06:22:02,2017-06-12 00:00:00
3789e9b1be0db55442c1ae8b24ab51ec,6d52fd2bb97581b9a3fd5998e06f5c46,delivered,2017-12-22 11:40:52,2017-12-22 11:52:29,2017-12-27 00:08:46,2018-01-09 15:26:21,2018-01-30 00:00:00
7f40bccfad4d1884bacd6cb9d10e84e1,d3ef0c42a88b099e427be86fff577e54,delivered,2018-05-13 22:17:28,2018-05-15 05:15:00,2018-05-15 14:59:00,2018-05-19 00:22:45,2018-06-07 00:00:00
ccf9f826a9a2889f396bc19425443c9c,099dd240798668d46c5989ed873226c2,delivered,2018-01-30 18:19:18,2018-01-31 17:30:26,2018-02-01 19:10:34,2018-02-05 19:14:17,2018-02-15 00:00:00
233eebd5164efa70e2f97046c2bb804c,71efc8423141b34577e6c63aefddd5bc,delivered,2018-03-26 16:32:34,2018-03-26 16:47:35,2018-03-27 22:57:22,2018-04-03 00:57:48,2018-04-12 00:00:00
13ff6c4c055b81a28af3b21f157f4255,452bba6986ea29efd283237ca1ba0725,delivered,2017-11-24 11:27:12,2017-11-24 13:32:25,2017-11-27 21:24:37,2017-12-04 16:23:44,2017-12-11 00:00:00
b8fe1ee18bb4fc8242cafbc4d3edb987,e8999e45e374e1ce4ff7ef09d5995931,delivered,2017-10-06 21:02:22,2017-10-06 21:14:12,2017-10-20 19:21:35,2017-11-17 20:42:58,2017-10-31 00:00:00
e98a7233637d3d8e07adcf92b23daaf3,e198ea664c0323a3e9806e09dd3eecef,delivered,2018-04-02 13:08:56,2018-04-02 13:28:34,2018-04-04 17:31:06,2018-04-06 18:03:45,2018-04-18 00:00:00
873c916c2bff3ea61a59f7bf7f0879c2,83c25d4a789ac9054fa86a6e17284455,delivered,2018-08-06 13:35:57,2018-08-06 13:45:19,2018-08-08 15:01:00,2018-08-14 20:08:33,2018-08-24 00:00:00
1353506aaf9cbe711a4d41f9442d4167,fc2b715f699d791561d8330e42ac7350,delivered,2017-07-22 21:26:27,2017-07-25 03:30:31,2017-07-27 19:12:21,2017-08-02 16:09:44,2017-08-15 00:00:00
c9dff4871bed0bc5d4b917767a22d67d,aaaa1ef4f90f3cf6cd099870ea77e99a,delivered,2017-11-24 11:23:38,2017-11-26 11:18:26,2017-11-28 16:09:19,2017-12-11 13:42:39,2017-12-26 00:00:00
b01c6ff869f5625618ca2aeed1f4daf3,00931b6a1ae01ead1f98d4e1d1547106,delivered,2017-12-09 15:57:50,2017-12-09 16:10:16,2017-12-11 17:17:13,2017-12-18 21:58:43,2018-01-08 00:00:00
6cd6ee8cba5c8dbddb25d90578edba0a,6570c3201dbf324786cba23cfe64fe2d,delivered,2017-09-28 15:35:20,2017-09-30 02:28:24,2017-10-03 14:11:41,2017-10-16 14:28:19,2017-10-31 00:00:00
bf9b9000c617c6eb39e6666c98f7493d,7ea1796cd1883cc423df9b9a5483db94,delivered,2018-03-31 18:49:05,2018-04-03 05:15:28,2018-04-05 23:14:47,2018-04-20 14:41:40,2018-04-18 00:00:00
4e8a81dd08968b65427a30b932a8fb0a,5e68ff4fe28a8fc50beaece056586fe6,delivered,2017-08-23 14:06:56,2017-08-25 03:04:10,2017-08-28 17:45:55,2017-09-04 18:46:57,2017-09-15 00:00:00
f30e745209cd648c475f3949b1adb2e6,0d1d5438d7f01a46c249fee6c79e7e32,delivered,2018-06-14 00:16:57,2018-06-14 00:40:30,2018-06-21 12:11:00,2018-06-25 15:54:42,2018-07-11 00:00:00
91563e540f8b0e89389b96cf4d52296e,b557ba6be35b6f40ddec0f6a151226c4,delivered,2018-04-25 21:16:31,2018-04-25 21:30:24,2018-04-27 14:06:00,2018-05-03 20:19:18,2018-05-23 00:00:00
c8cdd4400eb4d108c4fb6992339c9fa1,416c0bf0ad270a0ca1960aefec7ad6dc,delivered,2018-01-05 09:00:35,2018-01-05 09:08:20,2018-01-05 16:17:56,2018-01-15 18:12:37,2018-02-06 00:00:00
a2dd87f10cd0b3cdb73c6ba52e333250,21c0c4d41202817c20b246e5a5070ac4,unavailable,2017-10-11 18:51:26,2017-10-14 03:49:24,,,2017-11-07 00:00:00
0f7dc069548c19f11ff030e2433b8c08,70a7136931d143222e79c6393ccc524d,delivered,2017-08-26 21:07:49,2017-08-29 04:44:55,2017-08-31 20:57:35,2017-09-11 19:10:11,2017-09-19 00:00:00
38f95affd04d115a3cf2c655d000581f,294f90edf9d7f04ae89f4af0f2b64ed6,delivered,2017-11-25 10:11:24,2017-11-25 12:13:15,2017-11-29 22:09:14,2017-12-20 16:32:23,2017-12-21 00:00:00
3d6b0a5241a441368d12c56b313c6f70,c658bb8cec1d8abc36b0f23ce79f49be,delivered,2017-06-14 11:00:28,2017-06-15 03:03:38,2017-06-16 12:07:56,2017-06-22 10:50:00,2017-07-21 00:00:00
64958fed45ad3cd3b84be03fd9ac01cd,51dcfe10205819fd2d3294782a1065cc,delivered,2018-02-14 12:14:39,2018-02-14 12:30:26,2018-02-14 21:41:42,2018-03-09 16:58:34,2018-03-06 00:00:00
eaec6e2d982640b10c56b8eb00049f51,ca370b831b24aadb045f0fddf63effee,delivered,2018-05-10 19:19:48,2018-05-10 19:37:44,2018-05-12 08:18:00,2018-05-16 20:12:48,2018-05-21 00:00:00
18365e069e7aa176d76d25df0a233e6a,3ad2d436356d6e6bc9d4de67210d8715,delivered,2017-11-27 12:29:08,2017-11-27 12:39:26,2017-11-28 19:24:43,2017-12-21 20:41:27,2018-01-04 00:00:00
67d3db1e6d9adab9c49e67e8a2e65b8f,f7224426a8a68eda1674c2b84be34da2,delivered,2018-07-30 07:41:38,2018-08-01 03:32:08,2018-08-01 15:25:00,2018-08-04 15:12:07,2018-08-10 00:00:00
9307eb406f745cbdb5934be961d05e9d,70e55dca905d5cb86c955d777ab64ab5,delivered,2017-11-20 11:45:21,2017-11-20 11:56:32,2017-11-22 01:15:32,2017-11-28 17:38:13,2017-12-07 00:00:00
82edaaa3e8d63b2f7442f3f2199e3803,87625e615967355b18866bfd41894377,delivered,2018-04-12 10:46:13,2018-04-13 12:55:33,2018-04-19 00:21:19,2018-04-25 16:22:56,2018-05-11 00:00:00
5958ed39b1c52e9a1f4a4cbfcfcc6506,ad7c772f08c612130e912d8055a3e636,delivered,2017-11-12 16:54:17,2017-11-12 17:07:01,2017-11-21 20:12:32,2017-11-23 19:44:58,2017-11-27 00:00:00
23dd9b9b8eb4352e2905bf46a41e5ad2,0ccda8ca5a2e6382c05ca6321324c14b,delivered,2017-05-09 08:26:21,2017-05-09 08:35:16,2017-05-09 12:44:26,2017-05-11 12:52:54,2017-05-22 00:00:00
b68feda578fe41870ba7a14082ce03fa,5fce67dca9a87b02a48c4c507abb355b,delivered,2017-03-31 07:18:02,2017-03-31 07:30:07,2017-04-03 14:43:12,2017-04-06 14:42:47,2017-04-26 00:00:00
86ea637df14082deeadd7600d8c3ca98,38c5ad2946f9337bf423f1ac342822e1,delivered,2018-07-24 20:29:31,2018-07-24 20:44:19,2018-07-25 13:07:00,2018-07-28 12:13:03,2018-08-07 00:00:00
e4b35ca9f1267c27309ebb5b2afc0587,340525290b9d4ff2e6c145fa85918d39,delivered,2017-11-17 23:19:42,2017-11-17 23:30:23,2017-11-21 23:52:13,2017-11-23 17:24:02,2017-12-21 00:00:00
54811adf8b498ae84eb8bef759873054,ed07761f61ae4f4d800e246d995584dd,delivered,2018-04-25 16:36:49,2018-04-25 17:12:46,2018-04-26 14:11:00,2018-05-02 16:48:24,2018-05-29 00:00:00
26e388ebc7a8a0fa0998ad6cc4755bec,efc99d32a78cfb0bb489007a27da2c6e,delivered,2018-07-12 09:28:43,2018-07-12 09:46:04,2018-07-23 17:05:00,2018-07-26 21:57:53,2018-08-17 00:00:00
b9ea5c162239db0802dc052780f572c9,f5e54d73deacd8b5b2f5cb8558ec7059,delivered,2017-07-19 13:44:39,2017-07-19 13:55:15,2017-07-20 19:52:44,2017-07-27 20:57:49,2017-08-14 00:00:00
8880101bd698b1b1c4d7f46a246c620d,8ba2ae86c5eea9ed1d54c74edd708364,delivered,2017-08-23 17:33:51,2017-08-23 17:48:47,2017-08-24 19:28:47,2017-08-28 21:52:24,2017-09-15 00:00:00
4e1731379ed8376e1dcbaa32869b0a2c,d7e0e99b9a9b470be83e59e1ad9f761b,delivered,2017-08-15 21:33:49,2017-08-15 23:35:06,2017-08-23 19:32:49,2017-08-28 15:15:55,2017-09-08 00:00:00
0c57cbfd927d9e62af8beee6d48920b7,652084fec8b64f212491016127526bcf,delivered,2018-08-06 21:40:05,2018-08-06 21:50:13,2018-08-08 13:55:00,2018-08-10 16:07:24,2018-08-13 00:00:00
bd1befc72cade5c00562b4bfd1a85485,0fc4a56f2aa36f5d9d91323864ae0362,delivered,2017-09-18 13:42:17,2017-09-18 14:04:06,2017-09-20 22:41:58,2017-09-25 13:42:47,2017-10-16 00:00:00
799236014ffd7f07bb4ab4172f2f9a56,159ac2552bf49fe290890620c02d767a,delivered,2017-07-19 21:06:53,2017-07-19 21:15:28,2017-07-20 18:26:25,2017-07-26 13:36:43,2017-08-08 00:00:00
97bb7e5d1176813061e12ca420b8a8e2,728be77f30519a56da991fbe192f2572,delivered,2017-12-09 20:00:06,2017-12-09 20:10:18,2017-12-12 00:34:29,2018-01-03 19:26:48,2017-12-28 00:00:00
067c29bb966641e04d1d7a924aa3157c,6bd3af263aba7459bf1e349624a1512a,delivered,2017-10-02 20:56:12,2017-10-02 21:07:26,2017-10-05 13:03:19,2017-10-11 20:08:02,2017-10-27 00:00:00
779b6f84b404177ab8f8f5cfd0137216,21558b7b6743818a6667a0bae27ad407,delivered,2017-09-20 10:31:47,2017-09-20 10:45:20,2017-09-26 19:39:47,2017-09-28 15:07:39,2017-10-05 00:00:00
2fe8d06695835130f65178317d0be4c7,2efbd1449f54af0ad6d218984bdf65b7,delivered,2018-05-25 18:29:53,2018-05-25 18:58:32,2018-05-28 16:19:00,2018-05-29 20:51:58,2018-06-12 00:00:00
7af6541803424eeecb9ec5148df1f74a,f487d1e458323b7515501432ec6d8bc4,delivered,2017-10-29 20:51:29,2017-10-29 21:05:38,2017-11-01 23:23:27,2017-11-13 20:30:07,2017-11-21 00:00:00
7a2794a2a0fe321c8b3735dac52ca64d,36208b84575a59b68fde6b6241c10e26,delivered,2017-11-25 15:47:40,2017-11-25 15:58:37,2017-11-27 14:48:15,2017-12-20 19:53:42,2017-12-21 00:00:00
c72e248317c3bee8d95d20602d8f435c,d4a41ac59d9d6532649a6eec0e27b7e6,delivered,2018-04-27 17:02:54,2018-04-27 17:15:27,2018-05-02 13:36:00,2018-05-10 18:13:06,2018-05-29 00:00:00
ce5ac3d77cca9ee37ace392eb33cee3f,de8c0c2c84ae2509dfa7594c4e00a219,delivered,2017-10-17 19:05:01,2017-10-17 19:14:15,2017-10-24 12:11:10,2017-10-30 20:54:02,2017-11-08 00:00:00
8ec55bc714dc23ff93908bdaf8b97704,a2c6cf15697f03b627807d18d51f0c37,delivered,2018-01-19 11:46:16,2018-01-20 09:07:40,2018-01-23 12:17:10,2018-01-24 18:13:09,2018-02-05 00:00:00
45231e392a71d6e8a9081c85ec33aa15,c96b4cfef71ae1ab097480c18abc21e2,delivered,2018-01-03 13:44:16,2018-01-03 13:52:33,2018-01-04 22:39:04,2018-01-05 16:56:49,2018-01-19 00:00:00
b3e7ea02bc00558f1ee99a2927181b4e,2b700cb734e7009c5b736376ca57ebac,delivered,2018-08-05 22:00:56,2018-08-05 22:15:24,2018-08-08 11:48:00,2018-08-17 13:52:25,2018-08-20 00:00:00
db901cbc067d748513fe59568a2d9f4a,e927a7eefdacf3a803ed90330d43f8ee,delivered,2017-02-21 18:55:42,2017-02-21 19:05:15,2017-02-23 03:09:12,2017-03-02 11:42:19,2017-03-24 00:00:00
c5edb2bc00fb701345fbe2bd9aedaba4,ff34375909b5d34349b21a75dc6abce6,delivered,2018-05-03 03:26:26,2018-05-04 08:32:16,2018-05-07 10:08:00,2018-05-21 19:42:07,2018-05-29 00:00:00
a7ccc4df2d363b2ba9037d1ef834a250,b0804e19ba8017080fdf4bff1e1418da,delivered,2018-02-20 22:54:52,2018-02-20 23:07:41,2018-02-22 00:15:16,2018-03-23 03:35:02,2018-03-12 00:00:00
94d1193f2a0ae739f23399b913bd577c,8d4ec82c5c44cbe0d410ea9fc01c1060,delivered,2017-05-06 14:38:38,2017-05-06 14:50:18,2017-05-11 13:44:55,2017-05-23 16:24:14,2017-05-29 00:00:00
1d5912d4e665fb2a085a50fc13007c02,c0d6c154f52c6850b032cd4c63602a73,delivered,2018-05-08 07:14:16,2018-05-09 02:35:14,2018-05-09 10:13:00,2018-05-19 12:50:57,2018-05-23 00:00:00
0715dfcf2383aa72c181d8b47f6cb589,0ea00ae539e6a29390c4e1d0841352e4,delivered,2018-02-14 11:43:41,2018-02-14 11:55:31,2018-02-15 20:28:44,2018-03-09 17:01:11,2018-03-19 00:00:00
f68d9380f798cfd964305e853071c0f8,c7c6c700a70e47413229de2fdea0528e,delivered,2018-04-17 12:03:11,2018-04-18 11:55:21,2018-04-19 20:04:52,2018-04-23 18:00:18,2018-05-17 00:00:00
6b9f15e7fb964b5c9e93dd511fee8f75,fd1bf3f1f7173a9b74964be95a205282,delivered,2017-12-20 11:51:23,2017-12-20 12:10:32,2017-12-22 20:57:03,2018-01-09 20:35:49,2018-01-16 00:00:00
67d24a8d137875c82f670c9e089f4a2b,a644fc187f3195dc7a9d70db929a3d9d,delivered,2018-05-13 20:10:51,2018-05-13 20:32:26,2018-05-14 12:32:00,2018-05-21 18:48:29,2018-05-30 00:00:00
65b2eeb525259ca3e5e6028075d8aa23,ead0ce31c9e113d7632ffbe5a6f86ff3,shipped,2018-05-30 15:00:30,2018-05-30 15:35:43,2018-06-01 19:03:00,,2018-06-25 00:00:00
7a2a38e90310dcc099d87233c2dd2fbc,24201200dd7b24c594a08859553bea30,delivered,2018-08-10 20:50:15,2018-08-10 21:04:32,2018-08-14 15:12:00,2018-08-15 20:18:40,2018-08-17 00:00:00
d5f84dc76f08b7d977dc77f2e0e8fbec,202cf72513728469b2956e562d56015e,delivered,2017-11-28 23:02:47,2017-11-28 23:12:24,2017-12-01 19:28:56,2017-12-03 13:49:01,2017-12-15 00:00:00
956fa289d4963732b9c806fcc3eb3d57,1936a22b0b2f39a03bf3fc96bf6b8fcd,delivered,2017-10-08 10:19:15,2017-10-10 03:49:21,2017-10-24 23:37:05,2017-10-31 21:03:58,2017-11-06 00:00:00
6b62e435ad4cc81a538f9a279049f490,9126e0666011360bc99770026bb867f1,delivered,2017-04-09 22:47:00,2017-04-09 22:55:14,2017-04-10 14:48:24,2017-04-24 09:47:52,2017-05-30 00:00:00
350f47d61d589f6218bff053db95fe62,ec5ed55d0ce3f856a71dc2eb71e82cb5,delivered,2017-01-31 13:01:10,2017-01-31 13:15:08,2017-01-31 14:32:49,2017-02-09 16:14:22,2017-03-03 00:00:00
a1c02a2ec3f8c8cbcc331d3426ad57bb,54219e69237531217da7b034db98a654,shipped,2017-08-02 16:29:57,2017-08-03 16:55:10,2017-08-04 16:22:22,,2017-08-22 00:00:00
1e963f721d264f7633716e84f2554f07,3c7715574eb863d82a63267e28c264c4,delivered,2018-02-24 18:22:44,2018-02-24 18:30:32,2018-02-26 21:56:40,2018-03-14 20:13:38,2018-03-16 00:00:00
030e558867da892772c999f60d09e854,e216f6d4144d83b469cdf8c4acb1ce28,delivered,2017-11-30 23:24:16,2017-12-01 10:31:12,2017-12-04 22:27:00,2017-12-18 21:14:48,2017-12-27 00:00:00
56bafc014f8ed2f34cfe598592c65fd8,a09ea792622cb7d5b7b82010333d8324,delivered,2018-06-18 09:08:48,2018-06-18 09:41:05,2018-06-18 13:03:00,2018-06-19 18:32:42,2018-07-11 00:00:00
fdf440c2e9c4b940d8bac16acb13c7c0,4dd4748bbf9162e4690fbce101637368,delivered,2018-02-24 16:58:46,2018-02-24 17:10:22,2018-02-26 15:22:05,2018-03-08 23:23:31,2018-03-19 00:00:00
92e3a3bff7261e031fc2901b229ce73a,2446493153fbd0d91d59db97bd08daf3,delivered,2017-08-01 16:29:10,2017-08-02 03:04:12,2017-08-03 18:49:44,2017-08-07 14:26:02,2017-08-21 00:00:00
a77843f2d4f89986e65fc1a4c1c0957a,3ae6743add4443f5c662c762fad84f5b,invoiced,2018-03-19 18:20:14,2018-03-19 18:35:41,,,2018-04-05 00:00:00
8e031bfad27930ae71c54bd0ee2c0cc9,04eab1d81968c50de538547eaa7ce532,delivered,2018-01-10 16:02:45,2018-01-11 02:33:59,2018-01-15 20:32:49,2018-01-18 16:44:37,2018-02-01 00:00:00
95340911ff992b7a25fcc0f927146197,9f330480093052666bd1e5b24061f510,delivered,2018-05-08 15:30:14,2018-05-09 04:14:32,2018-05-09 16:32:00,2018-05-11 20:09:35,2018-05-25 00:00:00
95e6053477d7169c64e6a34a3e329cb7,6dfe81f46e43ef19ff6eccfa55ceba6e,unavailable,2018-05-21 13:41:14,2018-05-25 10:30:32,,,2018-05-29 00:00:00
bafb40f7e8faf993b7d5da5114f4bd56,03d1b22e6c0b53ff1ddc79c33ec96a27,delivered,2017-06-01 18:50:33,2017-06-01 19:02:50,2017-06-07 10:47:35,2017-06-08 13:42:22,2017-06-22 00:00:00
dceff4e9cefb999404dd921642d20111,cc3f92b228ae744c6082f549933ab3aa,delivered,2017-09-11 15:01:29,2017-09-11 15:15:24,2017-09-12 16:43:50,2017-09-15 20:32:23,2017-10-02 00:00:00
3099fa1da8ddf6f98c8a917af87540c5,1a40edb85ba950154eb344793640676b,delivered,2017-05-16 15:57:33,2017-05-16 16:10:07,2017-05-17 10:40:42,2017-06-12 09:43:10,2017-06-13 00:00:00
277ab1e8a777fefb696951ae7750c810,d857da430914a545da2201e96e5bce9c,delivered,2018-01-28 18:04:28,2018-01-28 18:12:22,2018-01-31 20:07:25,2018-02-02 12:52:35,2018-02-15 00:00:00
fdcb3d84b078ed61f1432f41e60e6aa8,daf556572d5a32abdf0ef68f7a9c3d10,delivered,2017-10-17 16:34:11,2017-10-17 17:11:24,2017-10-20 18:58:38,2017-10-25 23:58:00,2017-11-14 00:00:00
6e163fdf1ba2f182f3a922e26d690c09,4083d0e18e1e6e07db7707782f01a4dc,delivered,2018-01-23 12:10:11,2018-01-23 12:29:59,2018-01-24 14:03:58,2018-02-01 00:32:02,2018-02-22 00:00:00
f981f066bfdadabcbba7c2dc9f076303,dc21eb3a96b071672dbe53873234d108,delivered,2017-07-13 20:15:15,2017-07-14 20:23:44,2017-07-19 16:44:51,2017-07-25 19:25:29,2017-08-09 00:00:00
123609d09763b3bd86c2046f54b391e6,b00f783912a7d0c7499f43d21afe63fb,delivered,2017-08-26 00:23:01,2017-08-26 00:35:25,2017-08-28 15:47:35,2017-08-29 16:00:09,2017-09-08 00:00:00
f7a282c5fe8addefb48793a1a8c2ea83,d225478ebc7787b9b8774397fd3ae56b,delivered,2017-07-19 21:04:25,2017-07-19 21:15:21,2017-07-24 12:54:45,2017-07-25 19:53:56,2017-08-03 00:00:00
71a49be8a212eb4987b67078140a1434,783e2e76dbf44c28f7034104a0d8140b,delivered,2017-11-01 08:14:33,2017-11-01 14:31:33,2017-11-03 18:13:00,2017-11-10 23:08:47,2017-11-22 00:00:00
267968a4442f2e55c2904cac31c26660,2f5775a3bbdd35ec56e14f8217c990d9,delivered,2018-08-22 22:40:58,2018-08-22 22:55:19,2018-08-24 19:02:00,2018-08-27 16:56:35,2018-08-29 00:00:00
3f1e0bf4672b0acb6072aa40b0f99cfc,3500a1438f295a3fc24450868008c78d,delivered,2018-03-20 10:32:28,2018-03-21 02:56:12,2018-03-21 18:34:48,2018-04-04 15:46:35,2018-04-13 00:00:00
1c3ad9cd29b642c9eca00186785aa309,57a6216eb0afc73e36832f630331ffc0,delivered,2017-03-04 00:38:50,2017-03-04 01:32:28,2017-03-08 08:14:04,2017-03-16 06:34:33,2017-03-30 00:00:00
d88484d12aee1fa5348ab2bbd1e967e1,5e5a06b0ae9a6725d60e2f59f4bb4a90,delivered,2018-04-26 14:27:15,2018-04-26 14:35:21,2018-04-27 15:06:00,2018-05-03 18:51:15,2018-05-14 00:00:00
fd5771079a027230000ab7992a902f0c,8216dbb58369d7e43239401a4a9e4f0b,delivered,2018-08-21 09:52:32,2018-08-21 10:10:28,2018-08-23 13:44:00,2018-09-10 22:38:43,2018-08-28 00:00:00
d5dda9f79ce3124e533720681c1f2284,49303575e3cd5eb125afb49fb9e8da47,delivered,2018-03-05 10:52:50,2018-03-05 11:40:25,2018-03-09 00:30:56,2018-03-09 16:58:32,2018-03-15 00:00:00
6bddfba55a760cef67198cac2bfcd0d7,b4fd3585cfff96f1762daa6a4c375895,delivered,2018-03-28 09:24:36,2018-03-28 09:35:13,2018-03-29 17:19:17,2018-04-09 17:56:30,2018-04-17 00:00:00
74e98d2b01c0fd8e1357032c441f09a8,cd6e6f1b097d039e246e47947cfc72af,delivered,2017-12-08 16:09:17,2017-12-08 16:33:17,2017-12-19 19:04:24,2017-12-23 14:58:40,2017-12-27 00:00:00
3b525abce4eeb08f96537636dc59dc2f,b72884b762d45943f29b2b0a10cccc7b,delivered,2017-08-31 14:25:36,2017-09-01 02:15:32,2017-09-01 16:13:29,2017-09-04 20:14:01,2017-09-22 00:00:00
849e3b3e95cd9ad87afbce42eca00dce,1df2f2f697518a767cd4db5023bfb241,delivered,2017-02-24 09:06:40,2017-02-24 09:15:18,2017-02-24 14:30:28,2017-03-02 14:54:10,2017-03-17 00:00:00
a2d2af47de3679f9a5a3d9e30c46935c,fe5f640fa5130e1668a6a0beb9445bb4,delivered,2018-07-05 23:53:09,2018-07-06 00:11:13,2018-07-06 11:12:00,2018-07-23 16:55:58,2018-08-07 00:00:00
92d1957925a4ee51cc53c8155c41ba02,73a2cd1d3f8cbdf473fcda863a049218,delivered,2018-08-09 16:49:00,2018-08-11 04:35:15,2018-08-13 16:15:00,2018-08-18 19:34:50,2018-08-24 00:00:00
95e8ad87dd94e0a48ffb1fd18f13be66,7dc0baedb6fe189dcb7ed56ef53ee9ca,delivered,2018-02-24 13:47:56,2018-02-24 14:27:54,2018-02-26 22:39:07,2018-03-19 20:04:13,2018-03-19 00:00:00
7a13f61d963ef344fad29d7219a1c583,ced1e88369d78a9ed35b69777a7a1008,delivered,2018-05-21 15:37:19,2018-05-22 09:15:20,2018-05-22 13:41:00,2018-06-07 18:48:32,2018-06-11 00:00:00
5fbf0b33d959fccab26b945f15707bd3,488e01ff31939ba46b4c8b1781c342a4,delivered,2018-06-15 22:21:11,2018-06-15 22:40:44,2018-06-19 12:29:00,2018-06-25 18:25:38,2018-07-05 00:00:00
d9770884f02a4e0d5e0f9d8fc5f5b9c4,684df909d5291739f7da3c9d991680d4,delivered,2018-07-16 06:54:37,2018-07-16 07:10:14,2018-07-16 10:27:00,2018-07-24 21:12:24,2018-08-02 00:00:00
6a7dad3734ef2c19df2e8739e4ba0e77,f13780f02c055f61a1d754d88aa1711b,delivered,2017-09-14 14:38:04,2017-09-14 14:50:18,2017-09-19 15:29:52,2017-09-25 22:18:08,2017-09-26 00:00:00
4ab27bfc7c06209a6e08813ca2da35af,057889390a3726625f9f6a3a907df9ba,delivered,2017-10-21 11:26:14,2017-10-21 11:49:18,2017-10-25 18:47:00,2017-10-30 19:07:31,2017-11-09 00:00:00
aff1be85595c5529e666a04a65b00c4b,a359c4f0182f023d07b15adc33efcf57,delivered,2018-07-15 20:12:26,2018-07-16 08:35:15,2018-07-26 11:51:00,2018-08-15 14:59:06,2018-08-16 00:00:00
4034b68eda61d53e7c3b417c10e8b252,e4338d62c76f8fe7406c55071f50e440,delivered,2018-08-13 09:27:56,2018-08-13 09:35:18,2018-08-13 16:08:00,2018-08-21 11:39:06,2018-08-24 00:00:00
71603031182fa8f497b5bae069bb9361,c2d6392933fe92da78c503e94c37c552,delivered,2017-08-24 18:12:37,2017-08-24 18:27:37,2017-09-01 19:30:05,2017-09-02 15:26:05,2017-09-14 00:00:00
6e8f7f46da15fa56cb1301de370968dc,239ab1c112384e1db4049f84f588c3f4,delivered,2018-05-08 11:47:04,2018-05-08 12:16:42,2018-05-09 15:25:00,2018-05-10 15:46:44,2018-05-17 00:00:00
c526aa9189a06bf511e79dbc0e0e70b9,2d5961372f483e6ca5478477d3289a14,delivered,2017-09-02 21:35:32,2017-09-04 08:05:45,2017-09-04 22:33:00,2017-09-12 16:37:57,2017-09-26 00:00:00
193714aa21ead814cca06d425c299360,d43a4a97de399626a8a6d2a05c95a185,delivered,2017-05-13 16:43:45,2017-05-13 16:55:16,2017-05-18 14:29:19,2017-05-26 13:03:16,2017-05-26 00:00:00
ac09156639c3a0b85f197bda6a3f42d2,8a97f6fb59a5e99ae5d9e14c7d8040d5,delivered,2017-03-05 16:04:02,2017-03-05 16:15:21,2017-03-10 10:21:01,2017-03-30 15:47:55,2017-03-27 00:00:00
dc2c0025f3f86a410c2bc10ba8f350d2,3c76e57147c243724b1ece52f3977775,delivered,2018-06-15 20:07:31,2018-06-19 03:57:06,2018-06-19 14:15:00,2018-06-30 00:18:39,2018-07-17 00:00:00
7e7e972164339f32fadecfdb2c4e93c7,24192468c9479052129e9b1d34baeafb,delivered,2018-07-19 10:11:56,2018-07-19 17:25:15,2018-07-21 13:51:00,2018-07-24 15:18:49,2018-07-30 00:00:00
08030370edeb35f2f91b73f09f76a49b,7190e3096142c612e46f988bffd57529,delivered,2018-04-11 11:34:51,2018-04-11 11:50:15,2018-04-13 00:15:31,2018-04-23 22:12:34,2018-05-10 00:00:00
a601a8f0f146d6c5689c436aaabfdbb4,4065220eed89fd8ea2f1ba0f8986e445,delivered,2017-04-18 16:09:35,2017-04-18 16:22:04,2017-04-19 15:18:16,2017-05-07 11:52:32,2017-05-15 00:00:00
3041108a3798c0b8ce8a9bb8efaaebd5,875bf6eb697869ad0d2cfb512e331347,delivered,2018-05-28 16:45:51,2018-05-28 16:55:46,2018-05-29 14:12:00,2018-06-02 15:28:41,2018-06-13 00:00:00
0d66368d8615f7b306db970f3ba475ee,d5c4b58a55c169788888d911886912ac,delivered,2017-09-10 10:18:06,2017-09-10 10:30:28,2017-09-11 15:18:05,2017-09-12 22:39:39,2017-09-21 00:00:00
6b24cf0591948a0a949ee51131cb78ad,ac7c0515474bc3f9cf19474ee4d228eb,delivered,2017-08-29 17:42:10,2017-08-29 17:50:20,2017-08-31 19:36:58,2017-09-01 21:44:19,2017-09-13 00:00:00
49bf7e68b5263b604955ac02aa4fbb9a,625c9edc2789a4f2d40a660df7d69b5c,delivered,2017-07-29 23:42:30,2017-07-30 00:43:37,2017-07-31 20:07:06,2017-08-07 21:09:04,2017-08-24 00:00:00
9b31411d9c1c41009017a1c0a06ce069,090714c98b63c1520d2e5150bf6c4f5c,delivered,2017-09-09 22:45:28,2017-09-09 22:55:19,2017-09-12 16:13:54,2017-09-21 18:08:33,2017-09-29 00:00:00
1abc1d063ae36763a3bce3d08a0a4c9e,a8274fc4df4680bc6b593c95c04c766d,delivered,2017-06-29 07:53:56,2017-06-29 08:05:06,2017-06-30 14:07:49,2017-07-05 16:29:41,2017-07-19 00:00:00
37d13d0bfc39d14f3e61c410340c93ae,61e0a1c860e5435b337e567bd32e21ea,delivered,2017-09-30 14:06:32,2017-09-30 14:24:34,2017-10-03 17:26:28,2017-10-10 18:33:24,2017-11-06 00:00:00
ae352cde9779081a0ca9020c7e276325,7132d6cd03bc196b7d4ee72c6ac9bac7,delivered,2018-02-24 16:50:07,2018-02-27 04:31:08,2018-02-27 19:02:44,2018-04-06 22:22:05,2018-03-21 00:00:00
d916aef37da586876fc49a24ecc609e8,15c62eb8af4d9d9c525c34c7a57529bd,delivered,2018-04-29 23:28:13,2018-04-29 23:49:54,2018-05-03 11:09:00,2018-06-20 19:35:42,2018-05-24 00:00:00
f679d90195e7c1e11563250d98edffb6,57bf63f1aab0e77102a9b23e53bc4446,delivered,2018-02-28 09:17:03,2018-03-01 02:50:41,2018-03-02 01:16:51,2018-03-23 12:04:27,2018-03-21 00:00:00
f2f99bdf2e5cc73abc5e135a2ab1767e,a0c1d01b17ff8704583831492a492a0e,delivered,2018-03-20 16:35:13,2018-03-20 16:50:20,2018-03-22 19:43:40,2018-04-02 20:46:25,2018-04-19 00:00:00
e73a10858b70339917af3b108236c820,a89d0a244eb36392521d02b1d5e173fc,delivered,2018-04-04 18:31:09,2018-04-05 18:27:45,2018-04-07 01:22:08,2018-04-24 13:59:32,2018-04-26 00:00:00
b7063c39fd3396dd0ad64052b0825513,6cd5d0756a78f12906fca5cbfb51d64e,delivered,2017-11-23 19:06:53,2017-11-23 19:14:00,2017-11-24 23:33:55,2017-12-05 20:22:17,2017-12-15 00:00:00
9fd4316339aa48df346fd744dc682ec9,2ae5164e3ffd4418ba0b70fa40265391,delivered,2017-02-15 16:27:45,2017-02-16 02:15:45,2017-02-17 08:32:51,2017-03-13 09:23:57,2017-03-24 00:00:00
d66c390445566a6735c7a703c75e4e68,2a4d4ee2aa215919b261827389e59ddf,delivered,2018-07-29 14:21:48,2018-07-31 03:55:12,2018-07-31 15:20:00,2018-08-01 19:36:53,2018-08-06 00:00:00
ca99d0db69566c10a85c187406e20b76,1e7989c434504343a913116ac6f213d2,delivered,2017-09-12 17:47:51,2017-09-15 16:35:23,2017-09-19 22:48:50,2017-09-28 19:13:54,2017-10-05 00:00:00
64ae8cf0e642cc174881a66391200acc,2dd4ec81ccf99ecfa406cfb755e5ef35,delivered,2017-11-24 15:02:17,2017-11-24 17:13:52,2017-11-28 18:38:21,2017-12-17 18:08:04,2017-12-14 00:00:00
ba21f24f06b977e43ce37b317a6974f6,83c0fabff1a73b2196b69250cfbc1f20,delivered,2017-09-16 10:07:01,2017-09-16 10:15:22,2017-09-18 18:02:51,2017-09-20 20:48:47,2017-10-04 00:00:00
66fa22325222866162cfcbdc2841bab9,60aa677f9f9260cf5b5cc30bc921358f,delivered,2018-08-05 11:45:38,2018-08-05 11:55:12,2018-08-06 14:51:00,2018-08-07 23:24:32,2018-08-09 00:00:00
99db47a6842959e2064fb56a7b4c91e0,b342ca79f686b55a788bc622595ad4a1,delivered,2018-08-10 23:20:31,2018-08-10 23:30:19,2018-08-16 14:53:00,2018-08-25 12:32:27,2018-08-31 00:00:00
26aaee2edab376ed50356a504172fe42,b856cb85055fc8f310de189eafa4ec23,delivered,2017-10-06 19:38:34,2017-10-06 20:49:36,2017-10-20 20:15:56,2017-10-27 16:13:54,2017-10-30 00:00:00
083dcf8ec0ff8aedc0d7ad8063baad80,80f48bf1d049cdecddea8ea5086b1264,delivered,2018-04-19 12:06:09,2018-04-19 12:33:16,2018-04-19 22:15:47,2018-05-03 12:52:04,2018-05-14 00:00:00
fcea4bf64c9d15bef64a683ae2243e35,aba076c2e9967ef85e1f469444497298,delivered,2018-02-22 08:12:12,2018-02-22 08:28:32,2018-02-23 21:53:03,2018-02-26 18:03:24,2018-03-08 00:00:00
3544a45e2fd783c3dd0305cb5d2bac0b,6dda88ac325b7971cac6e83a5940d0ad,delivered,2017-09-19 18:07:50,2017-09-19 18:26:15,2017-09-22 15:28:51,2017-09-27 22:16:54,2017-10-06 00:00:00
27c747b711a812bafe3c276823a6bf73,799ce5c7f8435dfa3b4a7cb61670a5d3,delivered,2018-02-01 20:28:14,2018-02-01 20:53:25,2018-02-05 22:09:26,2018-03-21 17:38:33,2018-03-09 00:00:00
e95634044d70b26eef37fbe32fc3ea9c,acd2c9cdf9e713033bf01c4ca5917b4b,delivered,2017-09-14 13:57:21,2017-09-14 14:05:59,2017-09-14 20:32:11,2017-09-25 18:05:45,2017-10-04 00:00:00
50cf9a3b5a1afbf90ea3ed1b52469788,30a24f9ae9b1c9d81ba626ab81dc7e4e,delivered,2018-03-14 10:36:39,2018-03-14 10:48:48,2018-03-15 00:41:08,2018-04-20 12:37:38,2018-04-19 00:00:00
d7b2d3b902441cf3dd12cd125533217d,217344c7c334e16c8e76551b4b240c1d,delivered,2017-10-31 11:27:06,2017-10-31 11:47:06,2017-11-03 15:27:12,2017-11-13 20:36:58,2017-11-23 00:00:00
bba5d3c45d232d36995ca63ee0232d7c,ddaecf48ffb07085e24bdd73389197e2,delivered,2017-12-16 12:35:56,2017-12-18 13:29:32,2017-12-19 16:39:40,2018-01-04 17:43:37,2018-01-16 00:00:00
8dc23e32f69367ed60a8fb3979e3cc48,72740dc2b626c46da39cd84cad2102bf,delivered,2018-07-30 12:48:50,2018-07-30 13:10:15,2018-07-31 10:01:00,2018-08-16 22:18:41,2018-08-29 00:00:00
3b9dcb2d70c63a5eb59ebc066b9900ad,b34f8bf1893070905ec951cad8dc1865,delivered,2017-08-30 15:00:02,2017-09-01 02:24:31,2017-09-01 20:12:25,2017-09-19 23:21:16,2017-09-19 00:00:00
c4cf1a86b458b000b27d777cb8232932,1d20b4948a13960234e356158fb43032,delivered,2017-11-30 19:16:47,2017-12-01 09:31:04,2017-12-06 00:41:16,2017-12-23 16:17:00,2017-12-28 00:00:00
d3fa993cd95accac6c3d0b7e51dffcda,5d7e8485166fd2b3ed47c4e4806c7f00,delivered,2018-07-03 14:51:19,2018-07-05 16:32:09,2018-07-05 12:05:00,2018-07-10 19:41:31,2018-08-15 00:00:00
3c2ce68a8ae197f1c0761e0e49486673,ed01365fc6f6e098879c03ae23b0d743,delivered,2018-05-28 12:01:10,2018-05-29 03:31:14,2018-05-30 11:15:00,2018-06-01 20:41:58,2018-07-03 00:00:00
7667f0eac9b433b02f42a902df87ebe7,e50c85a1c5f78111be85d6d38c919a30,delivered,2017-09-16 20:43:05,2017-09-19 03:30:28,2017-09-25 18:33:26,2017-09-30 13:05:15,2017-09-28 00:00:00
6b1b8ac3b7a9f8088825fa1152811b1f,290ee0188edbd0ea99a9bcde6c7d8e1b,delivered,2017-11-04 21:54:55,2017-11-04 22:05:55,2017-11-07 20:26:34,2017-11-13 17:46:47,2017-11-30 00:00:00
41bc5a3d34a8e4ef91b2e7d9500694cf,86b9cf04766302b8138ccbd75ce345ef,delivered,2017-06-28 17:21:02,2017-06-28 17:43:32,2017-06-30 14:28:44,2017-07-11 18:35:54,2017-07-28 00:00:00
5b113b47da093bc2cbbc7797aeee7994,1689035e6f367ae9398fa8ba436b9885,delivered,2018-07-20 20:25:01,2018-07-20 20:43:43,2018-07-26 18:58:00,2018-07-28 19:10:45,2018-08-13 00:00:00
03dec253b6e471bd5b0653cc53b79e95,013f6eb268d33338ee175ffe2ed24204,delivered,2017-06-27 10:49:14,2017-06-27 11:05:43,2017-06-27 15:33:40,2017-07-06 14:05:36,2017-07-19 00:00:00
567cc2038bd5fc2994630f15ba392df9,148befba8d61a3c03523b7384f853ed7,delivered,2018-04-05 22:14:01,2018-04-06 22:10:18,2018-04-10 01:18:38,2018-04-13 11:58:32,2018-04-23 00:00:00
c23296e1255abac91cb3a637f4f084e3,ba3d3c02e06168e577af7ef349c9313d,delivered,2017-04-28 14:29:32,2017-05-03 11:43:04,2017-05-12 09:58:03,2017-05-16 14:45:50,2017-05-24 00:00:00
92be217451e443e50d816ab21286d00d,55fc561cdd959beb7c1b679f4f42c732,delivered,2017-09-06 12:30:18,2017-09-06 12:45:18,2017-09-08 17:10:15,2017-09-13 20:17:37,2017-09-25 00:00:00
28fb48574c983c05540825d1abf49e26,c8df1b1008a30197280a8970150e1acd,delivered,2017-07-15 02:41:53,2017-07-15 02:50:10,2017-07-17 15:42:02,2017-07-18 20:37:50,2017-07-28 00:00:00
638a5347b71204f129b75b558d79bf07,26e8e802cb73999e3590693b1f97a00a,delivered,2018-05-13 03:02:54,2018-05-13 03:15:08,2018-05-14 14:06:00,2018-06-01 14:18:01,2018-06-06 00:00:00
be75f7ef5da81750d1b2364aea5e7372,4c0341861a46551270437871eac71e73,delivered,2017-06-08 14:12:02,2017-06-10 02:50:41,2017-06-14 09:02:44,2017-07-04 14:24:23,2017-07-07 00:00:00
5f8772295e1adb4e4832c988d6b631b6,d6ea3ab260c02dc5a2d6270e7d49286d,delivered,2018-03-17 10:11:49,2018-03-17 10:28:37,2018-03-21 19:24:40,2018-04-10 01:19:14,2018-04-20 00:00:00
4d900e76023789e5f55022dc71ff16a1,6449320114e2ba8f64ab1c0481b0a60b,delivered,2018-04-23 20:12:02,2018-04-25 03:30:48,2018-04-25 13:38:00,2018-04-30 13:41:02,2018-05-08 00:00:00
237ad2054a0b3375cc64b6a7e6e08683,36c6b4c96148d32c037b90aa0673bfcd,delivered,2018-06-02 19:43:08,2018-06-02 19:55:19,2018-06-04 08:48:00,2018-06-11 19:26:38,2018-07-11 00:00:00
a0df4863fc2e5209b03e9c603b6009ae,e860bb31a41c537599ccaa74b1e368a3,delivered,2018-03-21 09:56:34,2018-03-21 10:10:33,2018-03-21 21:08:44,2018-04-04 00:44:40,2018-04-17 00:00:00
e4c6165044d2aacdc886826704d0ba2f,629bbe764de5c93b4e09588c9cd13904,delivered,2017-12-05 12:59:08,2017-12-05 13:13:54,2017-12-13 13:03:03,2018-01-03 19:03:50,2018-01-15 00:00:00
28b877013b30a7b9edf8ce22fe59087f,676dc133e16631c5a4329fa53d7bfe3d,delivered,2018-05-03 10:18:11,2018-05-03 10:57:07,2018-05-03 13:25:00,2018-05-16 14:03:29,2018-06-05 00:00:00
5e51a64decd482cc34e99e406942efc5,748ccb204126f50c1afa1315a1cc0f07,delivered,2018-03-10 23:03:54,2018-03-10 23:40:21,2018-03-12 20:33:41,2018-04-03 19:36:26,2018-04-04 00:00:00
f4d8046ef75f7f0f6cb957b00531b6f6,9fa0823c5a0aa74a619092da448119c4,delivered,2017-08-10 20:14:49,2017-08-10 20:30:16,2017-08-14 14:14:10,2017-08-21 18:15:50,2017-09-04 00:00:00
05d7aaa733ad65477075a3b5bf0f1017,615186aa8a5e60ec87fa86010f582551,delivered,2017-10-22 08:18:52,2017-10-24 03:49:38,2017-10-25 19:17:34,2017-10-30 19:42:36,2017-11-09 00:00:00
f91346a89554e0c864ce1007a89eaad9,8bb04acf8749d480b0952313c6226bd8,delivered,2017-11-24 13:31:04,2017-11-24 15:52:49,2017-11-27 21:32:46,2017-12-12 22:49:02,2017-12-18 00:00:00
7053a93a4b7b5a66f27138c4bf8e1307,91cc176c80a752e26946e32b24b00194,delivered,2018-03-29 17:21:58,2018-03-29 17:30:56,2018-04-03 23:25:22,2018-04-06 01:56:40,2018-04-11 00:00:00
a9c6c0298a1b91a7e66a387df066e225,bd989dd640bbac52bbb0fd92fb8539ac,canceled,2018-03-19 19:10:23,2018-03-19 19:28:31,,,2018-04-06 00:00:00
0ac247d71d19fc1748abb7e53af648af,299ee5cfb15f32e8b06e6e1acb6ad111,delivered,2017-11-19 18:09:45,2017-11-19 18:26:18,2017-11-20 14:07:20,2017-11-29 13:48:47,2017-12-08 00:00:00
a531f18d52ebc430be165b4ea5a7bf5b,f2fc5c6aa68766fc4dad7fcec0da798f,delivered,2018-08-21 23:58:53,2018-08-22 00:10:19,2018-08-22 14:16:00,2018-08-28 20:44:33,2018-10-01 00:00:00
5f77756df7ee84e204c730c024312542,149854f060da7beac9253cd3f0fa8c8c,delivered,2017-08-21 17:09:33,2017-08-21 17:25:35,2017-08-23 20:26:12,2017-08-28 16:52:46,2017-09-20 00:00:00
dc74c9cdcf62efe4b49193373730111c,4373e14c9a936c5033553ff232ab132f,delivered,2017-11-25 23:53:16,2017-11-28 03:38:30,2017-11-28 22:17:17,2017-12-05 19:13:03,2017-12-28 00:00:00
475ff6348f62b515f96894937c01358d,7bf8183e6301c1bc4f8b012752f50749,delivered,2017-12-27 22:06:41,2017-12-27 22:17:33,2017-12-28 18:13:42,2018-01-05 13:39:45,2018-01-26 00:00:00
59432b04b996ae5d0d88267d392b8d6b,66fcc26a7306112192f93dce340df792,delivered,2017-12-17 16:22:31,2017-12-17 17:30:29,2017-12-18 22:10:37,2018-01-09 15:06:33,2018-01-15 00:00:00
398c8e07a36c8e10448623bb36a16bec,dd9fb9905e0a0a4f0569fd9478774b18,delivered,2017-07-30 19:07:55,2017-07-30 19:23:30,2017-08-11 19:02:40,2017-08-22 18:39:52,2017-08-31 00:00:00
1475b48ac68609bab99db5b786eb00e6,0f3837271c85e1d77df6c9cbd86605dc,delivered,2018-03-27 14:00:12,2018-03-27 14:10:19,2018-03-28 21:04:41,2018-04-13 10:55:49,2018-04-20 00:00:00
ce9e623dd0def1f905a5c5ba0c99f65a,cae200229793aeda0a81dd5f40759b88,delivered,2018-07-12 10:13:37,2018-07-12 10:26:00,2018-07-12 15:20:00,2018-07-13 17:08:49,2018-07-20 00:00:00
494dfa139a38449b378d01cca4c0a6a0,1603d8a8d0f688986db6314be1264b8e,delivered,2018-08-06 21:50:12,2018-08-07 04:24:39,2018-08-07 15:30:00,2018-08-14 19:21:49,2018-08-23 00:00:00
d0a40dd7cfaabfc2d7f0c6de2ab71b34,e92d980e4cbfdb9a27de31742fc2e3c0,delivered,2017-12-03 10:04:33,2017-12-03 10:55:24,2017-12-07 13:58:45,2017-12-09 02:41:27,2017-12-20 00:00:00
d6717d9840d700bd7be08d9ca8bb791b,3258445d69ee63eac4af6749b70a0305,delivered,2017-10-31 10:40:37,2017-11-02 02:15:53,2017-11-03 14:27:45,2017-11-08 17:48:59,2017-11-21 00:00:00
52d39ff4d1bec82c2e57105ce078804d,bf404bca8019b05975e935847f83af10,delivered,2017-03-08 11:54:55,2017-03-08 12:32:49,2017-03-09 15:37:58,2017-03-14 11:31:52,2017-03-28 00:00:00
7b407def87721a29fc233b7ae9ad6013,0d2ff29c36a65d389738620aa2f4e145,delivered,2018-08-02 19:28:14,2018-08-02 20:30:45,2018-08-03 13:14:00,2018-08-08 21:16:28,2018-08-17 00:00:00
084644a489ac88b4ca68d2aa3dc91292,e96d02789ac557767bf618ee7bc02854,delivered,2018-08-20 22:36:17,2018-08-21 16:30:51,2018-08-22 15:01:00,2018-08-30 20:11:37,2018-09-26 00:00:00
2613fb342bec59126f9c5180a5bc95ec,458c071cf2f55e076014cb868bff55fe,delivered,2017-08-18 14:30:22,2017-08-18 16:10:14,2017-08-22 14:37:12,2017-08-31 21:50:18,2017-09-18 00:00:00
e9a6252140ac4d9e51867934fad095eb,07ea3ec35713ea67602562cad793eeba,delivered,2018-02-05 09:46:19,2018-02-05 09:55:30,2018-02-06 14:58:52,2018-02-17 15:25:47,2018-03-05 00:00:00
46513a6be6229688ac9b3144f995f95a,6442854d50234aa44495bcab02c5ce8b,delivered,2018-06-08 09:55:19,2018-06-08 10:16:10,2018-06-11 15:22:00,2018-06-13 19:28:46,2018-06-26 00:00:00
a6ecc5068e6e585b2dca3e496ba4b277,8373e304bb40cc92bef250618085d7b5,delivered,2018-07-13 16:14:24,2018-07-14 14:50:16,2018-07-16 14:58:00,2018-07-24 21:48:39,2018-07-30 00:00:00
c0e6a4b9d9b4fb7364f6010863708cbd,a12b256adc8a574b2ef0bec1edaea319,delivered,2017-09-28 18:30:29,2017-09-28 18:49:20,2017-10-04 14:04:26,2017-10-21 12:45:25,2017-11-01 00:00:00
f1212e6a9a3c4bb982fa155936732fc4,593f33f8efcadf51ba720c187956f462,delivered,2018-04-19 14:40:02,2018-04-19 14:57:00,2018-04-20 21:38:34,2018-04-25 20:28:37,2018-05-14 00:00:00
7c544ec2abdd2f2470ffdaf4215d8706,cd4770c383b9ca3fe4a43d4dc3cdbc41,shipped,2017-04-17 00:56:11,2017-04-17 01:05:17,2017-04-17 11:28:19,,2017-05-12 00:00:00
90b6cdda02bbf9ef9a404d36e11a8268,b0dcdd6af159e2c0b239f92dcc095d38,delivered,2018-05-16 17:23:26,2018-05-18 07:56:08,2018-05-18 15:07:00,2018-05-22 00:13:38,2018-06-05 00:00:00
e7deb83d07b89b75079627c99028d57a,f2a5ed507918ca3ac831b7d38590141f,delivered,2018-01-31 00:35:11,2018-01-31 13:31:55,2018-02-02 02:37:17,2018-02-15 01:12:09,2018-03-19 00:00:00
b7d49ac93afe42c4d1c6db6c1301b6d5,d3588db32cf2e767d97e157a9b9a753b,delivered,2018-04-19 21:17:19,2018-04-19 22:11:43,2018-04-23 23:28:50,2018-04-24 16:19:22,2018-05-08 00:00:00
b7c32368213b1b75d2c42299f97dd088,b157c66d52ff134b00bdc84727922d69,delivered,2018-04-03 14:50:32,2018-04-03 15:09:19,2018-04-04 18:36:37,2018-04-05 19:52:35,2018-04-19 00:00:00
8f9b2d4a6cd80dc716a380365561a133,5f0fdca1383e271d2ba9daae64f119e2,delivered,2017-10-11 15:12:05,2017-10-12 15:28:01,2017-10-13 15:35:54,2017-10-19 17:56:37,2017-11-07 00:00:00
e13d1b8079da63aa71fa8ad68b3c3586,5ee4cc1b4dedc9348f723426dc534c3f,delivered,2017-06-01 10:40:20,2017-06-01 10:55:12,2017-06-02 11:43:42,2017-06-08 12:37:49,2017-06-29 00:00:00
f19b9413f2deb98fbb76c8f57ca52a95,89f8ae16624249b47abccb7729c5d287,delivered,2017-07-30 16:32:41,2017-07-30 16:45:12,2017-07-31 22:17:53,2017-08-03 20:27:28,2017-09-01 00:00:00
b2aadb128e84058f8ff560dbe7466c1c,430cd3039a62d75b60289fae0c1ba8ad,delivered,2018-03-09 09:00:11,2018-03-10 03:51:13,2018-03-13 13:03:13,2018-03-15 15:23:41,2018-03-21 00:00:00
52b72b336dbd155b3d75bb3fcc799ac3,d1eae5d8fb3c1a1472eda31a5f9ff3f0,delivered,2017-07-24 23:29:44,2017-07-25 00:43:01,2017-07-26 03:14:33,2017-07-26 18:23:33,2017-08-04 00:00:00
7e13a2daaa4fcf44ff99139c10944291,924c8739761cf922ca7d80c2d75cb051,delivered,2017-08-04 10:06:25,2017-08-08 04:15:18,2017-08-08 19:33:07,2017-08-11 13:45:21,2017-09-04 00:00:00
4381a33db9b7771fc9ace541e507972e,19b8609422fb5136ea6a734a121c3eeb,delivered,2017-11-08 14:22:40,2017-11-08 14:36:01,2017-11-14 22:09:38,2017-11-20 19:19:11,2017-12-05 00:00:00
9eb20359fd4673317b09e18e7c96476e,0e7c1297b25050b5f624ff53aa5e8c7e,delivered,2018-02-20 20:54:49,2018-02-20 21:08:29,2018-02-21 23:39:28,2018-03-15 23:12:07,2018-03-21 00:00:00
a559cc2d2bc89f9eac193ae83969579e,404beeaac7834e583f80a31179f6d3f1,delivered,2018-07-05 16:18:39,2018-07-05 16:35:44,2018-07-06 08:18:00,2018-07-09 22:11:49,2018-08-01 00:00:00
564bf3fea35e87a7bae2d73a14f679cf,8b0bffcded3c6fc1514ab88b85d78d37,delivered,2017-11-15 11:28:40,2017-11-15 11:46:34,2017-11-17 14:15:55,2017-11-22 21:21:59,2017-12-05 00:00:00
ef8f0e3dd1d5294a7bbffc78a02a21b9,1febac15f771b57bdc7420f8b19176a6,delivered,2018-04-20 16:38:02,2018-04-24 19:02:39,2018-04-24 20:58:57,2018-04-28 13:11:17,2018-05-15 00:00:00
e5ac19b38666500c28341ce6d9bb889e,b041cec79db612cc381c5d8ab339fd99,delivered,2018-08-16 14:05:39,2018-08-16 14:15:26,2018-08-17 10:15:00,2018-08-20 18:34:42,2018-08-22 00:00:00
30593e75030fe6f0927c50b59d997305,a99bad98823fb5fd025c8cec24159b52,delivered,2018-02-06 22:19:06,2018-02-06 22:31:34,2018-02-07 17:29:29,2018-02-09 13:48:59,2018-02-22 00:00:00
2297a47ed15e99116ac68cdb390cd700,65f66bced8bf7a1879abfeef1efd54e7,delivered,2018-04-04 19:21:32,2018-04-04 19:35:19,2018-04-05 21:56:47,2018-04-20 22:22:14,2018-05-02 00:00:00
b62c9d7c54bcbba4952040001348e00c,f7d8593f21cd130734e1c9da45f32924,delivered,2018-04-13 15:07:30,2018-04-13 15:32:52,2018-04-20 19:46:35,2018-04-24 16:48:48,2018-05-10 00:00:00
bedcad246f8051ae66375615a3824588,dd3de1d94c4a7be4f1be8984e936f004,delivered,2018-07-26 14:15:06,2018-07-27 02:15:25,2018-07-27 13:37:00,2018-08-02 22:42:33,2018-08-15 00:00:00
cd69c22f5105b415669c70af74584c86,799ab180cdad13095179c83089b9c94d,delivered,2018-03-16 16:38:36,2018-03-17 02:40:41,2018-03-20 01:53:33,2018-03-21 20:05:09,2018-03-28 00:00:00
a34f7357d374e2ef18edb18881327a0e,17b0a5b70ea69cbaa9623c8946d85bc2,delivered,2017-12-13 16:11:14,2017-12-13 16:31:42,2017-12-16 11:41:53,2017-12-23 18:03:03,2018-01-09 00:00:00
3a63202e1f2029f6ee42f498e87fa599,149876e27f49d24b3c0a9d34dfc13163,delivered,2018-05-28 15:23:33,2018-05-29 03:15:17,2018-05-30 13:43:00,2018-06-12 19:51:32,2018-07-11 00:00:00
e05e3102d6fa4071b4a80e822231596e,3f909aee0033681e1321b2b5eee9cac0,delivered,2017-06-27 22:15:26,2017-06-27 22:32:14,2017-06-29 17:32:33,2017-07-06 14:03:37,2017-07-21 00:00:00
543cca75b036b547b2b025a1d896895f,9d221cb5b002dc5134af790b0014afb7,delivered,2018-07-23 16:19:03,2018-07-23 17:20:37,2018-07-24 13:48:00,2018-07-31 18:09:31,2018-08-13 00:00:00
d7f71d136da2fa678c39380a22d117df,e5a8aaccb766e00177b0a587979cc814,delivered,2018-08-26 11:44:34,2018-08-26 11:55:16,2018-08-27 14:15:00,2018-08-30 17:44:36,2018-09-11 00:00:00
33f11b444d480cee508b54f3cf17b079,99ca4697c2a9ce3fad29f8d3baa229c2,unavailable,2018-03-02 16:48:27,2018-03-02 17:10:42,,,2018-03-22 00:00:00
ceaa40707ccad8de8d4dab476a970483,6767bbfe747b0ea4c29acafe65ced23f,delivered,2017-12-07 22:25:35,2017-12-07 22:36:23,2017-12-08 20:27:38,2017-12-19 02:07:14,2018-01-02 00:00:00
67fc16d6dc881afa68e40df4c30d510a,170613a781d065db789a866ce2281435,delivered,2018-04-15 13:37:09,2018-04-17 05:50:17,2018-04-19 17:58:49,2018-04-24 00:26:48,2018-05-14 00:00:00
6adb948b069c269ba13ff1c38ad90228,f58b85731b9703b5ae98a01f2ead6192,delivered,2017-05-22 21:09:32,2017-05-22 21:23:02,2017-05-24 09:28:18,2017-05-30 12:04:10,2017-06-09 00:00:00
d35551f33906e01d035a5f40e1bd1732,bef299a2a64318827d1d0fc04512b405,delivered,2017-03-14 12:30:17,2017-03-14 12:30:17,2017-03-15 10:33:02,2017-03-23 14:38:50,2017-04-04 00:00:00
4319e802aaabad931ad3a44bd949720d,be36c3eb3390bd59d4848e5b7054d5da,delivered,2017-11-19 09:15:44,2017-11-19 09:30:24,2017-11-21 18:58:38,2017-12-08 17:19:45,2017-12-13 00:00:00
190c71c36bb25e9a85f3a53291e475a3,5d2b9a7a9bdbe47b86f680434ea11930,delivered,2017-05-22 19:33:26,2017-05-22 19:45:12,2017-05-23 10:19:31,2017-05-25 10:29:35,2017-06-02 00:00:00
b20f7bd5866f03037cbf0e8dceb92f8f,047a3fba37e3a757da4c9e67f0d110d3,delivered,2017-02-16 14:13:43,2017-02-16 14:25:09,2017-02-20 18:27:47,2017-02-24 11:33:30,2017-03-15 00:00:00
c5fd2c7e23ffd8d1ca4c839b7c5596a3,4b0a27a60bf0f5c8e8c61e6bbea8aa84,delivered,2017-11-24 11:17:38,2017-11-28 03:33:35,2017-11-28 21:32:29,2017-12-07 01:45:51,2017-12-18 00:00:00
db43c1a570e28fe9da60a444e3616a2b,a086fa78ca272b05a6404f91bb04928c,delivered,2017-10-01 15:19:14,2017-10-01 15:28:17,2017-10-02 15:18:57,2017-10-03 20:45:03,2017-10-24 00:00:00
396af24f9fbfbbb946c61236fa1cf895,a8dddbb164f3848ad6a58dace214ed7b,delivered,2018-07-22 17:27:47,2018-07-23 12:31:38,2018-07-23 11:17:00,2018-07-26 17:37:50,2018-08-09 00:00:00
6d7a867946b6ea936e0f9bff037d10a2,fe5e93461bf25c68ba32e98e196d77a3,delivered,2017-03-15 14:38:38,2017-03-15 14:38:38,2017-03-17 09:35:17,2017-03-21 10:27:38,2017-04-03 00:00:00
4f531643f9a824b14d56621d4b679512,5c2d2f13c3e67d89c5faa17f344d65de,delivered,2017-12-22 23:01:20,2017-12-22 23:30:26,2017-12-26 17:52:54,2018-01-11 15:38:50,2018-01-18 00:00:00
c111660003fe3dd242a376599653b22a,66c7d377394b98ffbf45ede7f96d5c07,delivered,2017-10-14 10:17:06,2017-10-14 10:28:22,2017-10-16 20:13:01,2017-11-01 21:27:52,2017-11-13 00:00:00
2483fa0e74034abf26bb7843b1848564,c52cc5795202c0c882ca26124712a3de,delivered,2018-05-10 17:42:57,2018-05-10 17:55:28,2018-05-11 13:44:00,2018-05-18 16:03:36,2018-05-30 00:00:00
1e0472c015f18d557d20db713af0f356,e878acf1e2ac4373cca11582ccb97184,delivered,2017-09-02 22:27:32,2017-09-05 04:15:42,2017-09-05 21:07:21,2017-09-18 18:21:42,2017-09-26 00:00:00
de339d3dab036509a47753ddb94f1d55,004d41e9bf012c669db1a257888d85a2,delivered,2017-07-14 11:00:15,2017-07-14 16:15:29,2017-07-19 19:36:56,2017-08-11 17:22:09,2017-08-21 00:00:00
bf5a19905dfd112e6964d76f4b21cf35,0323c00b72fc475ff52ece9884f47b42,delivered,2018-01-12 09:54:54,2018-01-12 10:08:27,2018-01-12 22:56:07,2018-01-24 13:55:45,2018-02-02 00:00:00
032de54ca8e40cca1098da6c68ba92b3,ae98e7ef8bbb639184da4566b1e7f19e,delivered,2017-09-26 07:58:27,2017-09-27 08:04:18,2017-09-27 19:18:46,2017-09-30 14:07:29,2017-10-18 00:00:00
b084a8f61aa45461c76604d752a993f8,3f9b89f44fa0f0a8a673166eb3854789,delivered,2017-05-10 20:32:02,2017-05-12 02:50:16,2017-05-12 11:21:45,2017-05-25 09:00:08,2017-05-30 00:00:00
5f72c8b02beaa8a1bc3fd79ea75384e9,649ae246f93c7482390cf748a9be70f3,delivered,2018-08-20 09:58:02,2018-08-20 14:51:17,2018-08-21 11:56:00,2018-08-27 20:35:17,2018-09-11 00:00:00
914ccbb5110ed49b96c301b5fbf8d629,6726c2dc9955a5617dd2144d32eb986f,delivered,2018-05-15 10:38:22,2018-05-15 10:55:15,2018-05-16 12:19:00,2018-05-18 12:16:46,2018-05-23 00:00:00
f29b1fdd44f820a916d3f1946a88c333,ea9e72efe082008da9a82676a5d0c345,delivered,2018-04-25 10:52:10,2018-04-25 11:09:10,2018-04-27 11:30:00,2018-05-02 16:34:43,2018-06-05 00:00:00
a2e9aa14d517e240f6e7c7243dc1f639,546c4d8cb9e45e600960e1b04f49db65,delivered,2018-08-14 12:28:49,2018-08-14 12:44:01,2018-08-17 13:29:00,2018-08-30 21:54:50,2018-09-26 00:00:00
aca96b69ba4057df4db12d4ca151c400,234811afd212dd6c872ab11ca0eaf804,delivered,2018-01-14 18:30:51,2018-01-14 18:37:42,2018-01-16 18:13:21,2018-02-01 17:37:34,2018-02-08 00:00:00
cfd0882d46442939d8457d3508170953,bfb81194b28f60009f9fd8778747ff04,delivered,2018-02-06 21:36:16,2018-02-06 21:50:38,2018-02-07 23:34:05,2018-02-23 18:29:50,2018-03-12 00:00:00
3aba1edcd69ec930c8c006a5e9f0854c,07f4f332124614adcc64d2d0429f5fcb,delivered,2018-04-24 13:21:26,2018-04-24 17:28:38,2018-04-25 15:33:00,2018-05-12 14:03:32,2018-05-28 00:00:00
22aceb58bfd80959564e4b2ecd9ea0ef,52f4c321b23906ab009a2ecb6ad7dced,delivered,2017-09-12 21:22:46,2017-09-14 10:30:25,2017-09-18 21:42:39,2017-10-04 15:25:05,2017-10-04 00:00:00
cb6098eb0d12d5a08efe1a8d977c78a5,c41864640b04c08f3c49bd4b17cb2208,delivered,2017-11-29 18:14:35,2017-11-30 10:32:28,2017-12-04 19:35:08,2017-12-08 13:13:30,2017-12-21 00:00:00
7e284574be8d83b004427c79e11a1a99,8bcb81dc6c177a34281944037637621d,delivered,2017-08-17 21:32:18,2017-08-17 22:24:51,2017-08-23 18:40:14,2017-08-31 19:44:52,2017-09-28 00:00:00
de4d7dbc75ae286c83ca660d77ac9f77,386b21caa1c9879e1f2aea59128cb479,delivered,2018-02-19 18:50:41,2018-02-19 19:50:44,2018-02-20 22:54:02,2018-03-15 16:38:48,2018-03-13 00:00:00
56f251ca89f74d06076966d5d49b9dc6,8d632afbccd84514a99517b239113320,canceled,2018-03-01 18:03:33,2018-03-01 18:15:44,,,2018-03-23 00:00:00
dd36773263ff4067f6b50d5a7ad9d8b8,80ab6bbd8027f608ce6fdd8eeba13c3b,delivered,2017-05-11 14:56:16,2017-05-11 15:10:21,2017-05-12 09:57:59,2017-05-15 08:59:48,2017-05-19 00:00:00
d5af6d41c141d7f5e36c08e509167d01,ca57bb5656e1cdd3988f4029be71fdcb,delivered,2018-01-10 09:31:29,2018-01-12 10:17:34,2018-01-15 18:43:34,2018-01-16 21:42:40,2018-01-30 00:00:00
3ed46d0aeda8a091370db112656e55cc,2281c16b24e5ab1b782509f52aa8f4b7,delivered,2018-08-16 19:24:38,2018-08-17 03:29:48,2018-08-17 15:40:00,2018-08-20 19:46:43,2018-08-22 00:00:00
59bccab4e9193a9229f7d1b73fcb47c3,fac3296ec4f116faccfa6a6d7e18b42f,delivered,2018-03-04 18:51:32,2018-03-04 19:09:07,2018-03-14 17:22:06,2018-04-04 16:04:23,2018-04-06 00:00:00
38bbcca5b854ce25280e61e2ade6d7ad,6b133c9c523952f6b66bed7cc86b3db6,delivered,2017-11-29 20:45:41,2017-12-01 18:10:09,2017-12-04 21:42:16,2017-12-11 22:28:42,2017-12-26 00:00:00
97b7decf3d24b8e8db00cab51c75c372,1435bc9dbfa94236680b508f50c9722a,delivered,2018-07-20 09:06:18,2018-07-21 03:23:56,2018-07-23 11:42:00,2018-07-28 19:31:33,2018-07-30 00:00:00
20a3853f94a36870c5eff11d407f01cf,00650b839d32a071b1025af8ca26dd13,delivered,2018-07-21 12:32:12,2018-07-23 11:31:50,2018-07-23 12:39:00,2018-08-02 19:52:28,2018-08-22 00:00:00
286799f6e867edeb5b42441294e8ce90,70ea60b3eebc4ffc330e070df05f0e00,delivered,2018-04-30 11:24:54,2018-05-01 05:13:53,2018-05-02 10:12:00,2018-05-10 16:14:42,2018-05-21 00:00:00
366d799ad8ce30435d27ed0f7e3eca9d,f03ee1479f8cf2a655f477c17ac01ff9,delivered,2017-09-24 14:48:20,2017-09-24 15:04:12,2017-09-25 19:57:45,2017-09-26 19:54:57,2017-10-10 00:00:00
b99f2ac35db6241badc2e0a4d74e79a7,d57500bee542441e296bd152fc8773cf,delivered,2017-07-13 13:17:17,2017-07-13 13:30:28,2017-07-17 19:55:24,2017-07-31 15:33:49,2017-08-10 00:00:00
f8bb4d404d187c79b86ccf852dfa345e,52a9800a9341855f5ebf8b0b8b1fd906,delivered,2018-06-18 21:46:34,2018-06-18 21:58:24,2018-06-19 15:10:00,2018-06-20 19:22:15,2018-06-28 00:00:00
79ba9ff956399f8ca9eaa802139851fd,c655482e341138b41ea3240ccc43132c,delivered,2017-06-02 13:45:50,2017-06-03 02:35:37,2017-06-05 14:08:05,2017-06-12 11:27:45,2017-06-29 00:00:00
231c5fbb9dd6166904af9bad6728b5aa,d5e402ca01e47b8e4834992e6548515c,delivered,2018-06-11 15:41:26,2018-06-11 16:31:44,2018-06-13 12:28:00,2018-06-18 20:48:46,2018-06-28 00:00:00
2eed78c97ace230e8dfc0f851bed1612,08d221df6d6f296dc22b4332f03f3b05,delivered,2018-01-02 21:39:36,2018-01-02 21:50:22,2018-01-04 16:44:52,2018-01-23 14:39:05,2018-02-05 00:00:00
db16d8eeb2104cc17c8d6ca293e7bbc2,c2266a67e05d07690176c1635ca2799c,delivered,2017-07-04 12:29:51,2017-07-04 12:44:06,2017-07-04 13:57:22,2017-07-20 20:12:19,2017-07-26 00:00:00
1d092689be844c404abe12e678e2eef8,b900f2bd9386de222c68a931a68c2ade,delivered,2018-08-06 19:38:56,2018-08-09 15:50:15,2018-08-10 14:24:00,2018-08-20 20:39:00,2018-08-28 00:00:00
95e0a5152da13c4a3e8a6cbe3a0bada3,6490dd4caf44e930d8192751c2625634,delivered,2017-04-04 08:33:00,2017-04-04 08:45:14,2017-04-06 11:43:31,2017-04-12 17:37:50,2017-04-25 00:00:00
99db775503c98bc234c5bd9e06d8593d,3a43094a902edb6ab100101182c5c2f0,delivered,2017-06-27 15:20:11,2017-06-27 15:35:15,2017-06-28 11:24:18,2017-06-29 18:29:26,2017-07-10 00:00:00
8c950d9b4adf24655fe399e36f89cad8,72393b3af85fd0a02c785d385657a7e4,delivered,2018-06-24 14:42:41,2018-06-24 14:55:05,2018-06-25 14:50:00,2018-07-06 16:41:20,2018-07-24 00:00:00
d3123a8def350af103d31c2026666c25,08b56a0a9c6eff4619a9a141b4dd37e2,delivered,2018-08-18 18:04:29,2018-08-18 18:15:16,2018-08-23 13:43:00,2018-08-27 20:03:51,2018-09-19 00:00:00
df91fb38017b42722551a94382cb829a,79a569c7d0617c27504aee953f5ea4ca,delivered,2018-04-25 16:04:20,2018-04-25 16:53:36,2018-04-27 15:03:00,2018-05-03 18:31:19,2018-05-18 00:00:00
5e3ec924bc1a1f3793e12632c2b2f85d,9ccfe754c1d52a5024451022d4fcfd4f,delivered,2017-06-12 19:22:59,2017-06-12 19:30:24,2017-06-16 11:42:07,2017-06-23 11:27:39,2017-07-03 00:00:00
d12e769a4e50f157d2c6cdf423dd73c4,48e60815b9a51a18b2721ea814b574b4,delivered,2017-09-25 22:57:30,2017-09-27 03:07:13,2017-10-03 16:29:08,2017-10-13 20:28:23,2017-10-26 00:00:00
ca8371fd938708a12fe7ddb1d5d7d14f,dc31258635460c1b340ee7c16485a60b,delivered,2018-02-16 22:05:21,2018-02-17 00:15:43,2018-02-19 23:53:11,2018-03-06 23:21:52,2018-03-16 00:00:00
d258d2c8bdc01ec0aa8a048d723bf427,50a5d464f230e492ff0a2f91340e3312,delivered,2017-12-09 10:57:33,2017-12-09 12:30:26,2017-12-11 17:20:13,2017-12-21 15:52:44,2018-01-09 00:00:00
9321ce4aafa9151ff2b57775c8d1ff70,bb6ceb135fc6c113112b7f7c8f2d946d,delivered,2018-08-02 19:51:25,2018-08-02 20:05:15,2018-08-03 12:53:00,2018-08-06 20:28:40,2018-08-08 00:00:00
3f5021a01daf8329b31882a467b8da0e,1e7cd41ad33991231a3bf8a82c39fb00,delivered,2018-07-31 18:22:05,2018-07-31 19:40:18,2018-08-03 15:49:00,2018-08-15 19:26:48,2018-08-24 00:00:00
28a591d0271b8c507e0380cd95521572,171ae8e795dd2c91e66baee8f796c92b,delivered,2018-04-10 07:50:46,2018-04-10 08:10:59,2018-04-10 22:27:31,2018-04-14 15:22:51,2018-04-23 00:00:00
e33cd806dc139902dbd4f1e2bb2d1775,747c9185f79880e45fd101dc65149f21,delivered,2018-04-11 18:58:08,2018-04-11 19:10:47,2018-04-12 18:19:33,2018-04-23 14:32:07,2018-05-21 00:00:00
9a815b63a6443f94d67d6c8bf970aaaf,afd30cfb38a43959c5e6eb496446bc6d,delivered,2017-03-27 15:48:03,2017-03-27 16:02:38,2017-03-28 08:05:16,2017-04-03 17:28:06,2017-05-02 00:00:00
06c2f55902daa48386515225a766e7d1,0c51809f15295468c70058026d64a711,delivered,2017-12-08 19:02:53,2017-12-08 19:13:26,2017-12-13 00:22:41,2017-12-27 20:54:03,2018-01-10 00:00:00
c45408df26d1ce2b64518a9a9d65fd04,c352445d447e16c25ee542299b98642d,delivered,2018-08-16 17:11:46,2018-08-16 17:29:05,2018-08-16 16:13:00,2018-08-22 14:33:43,2018-09-05 00:00:00
4bf16e837c4354cd06225050a018094b,7aef00cf795aa8c47871a0d42735ec6d,delivered,2017-08-20 14:53:31,2017-08-20 15:05:15,2017-08-24 19:57:40,2017-09-04 23:33:58,2017-09-13 00:00:00
b0af6cb248a6887f0695f4565bda91bb,e2dc5811df11785799b8d6f1cf883f78,delivered,2018-07-30 11:20:49,2018-07-30 12:00:13,2018-07-30 13:49:00,2018-08-06 18:18:39,2018-08-15 00:00:00
ba9626798f8c12e1f020a6d8e40b9a45,a3330b2d3f699a9c58b15e33e602c544,delivered,2018-07-27 21:43:27,2018-07-28 21:44:11,2018-07-30 14:55:00,2018-08-03 19:59:39,2018-08-30 00:00:00
76a08caeac523a0cc04a06f35b8e9c5c,b13e1cfb791357c9519b5bdf6077e922,delivered,2017-11-24 18:16:53,2017-11-25 06:15:58,2017-11-28 18:04:35,2017-12-12 22:28:53,2017-12-20 00:00:00
292d3c40e87d260ea28e83b76b5e352c,c8ace93dcc058d6488bc06dcc239421e,delivered,2018-05-17 10:06:16,2018-05-19 11:31:31,2018-05-17 13:47:00,2018-06-01 13:38:53,2018-06-04 00:00:00
67f693e898f3412e68ecfa0035a3b0e2,67293e4e7a70200b4c6cea94ca955442,delivered,2018-08-24 09:41:37,2018-08-25 02:45:16,2018-08-27 15:18:00,2018-08-28 21:21:57,2018-08-29 00:00:00
76c943bbe1ddef57ebe9e810f1c108e6,20f702c2259af2ba44a9bde3ecaaeb27,delivered,2018-08-17 22:06:17,2018-08-17 22:15:13,2018-08-18 11:34:00,2018-08-21 18:26:41,2018-08-31 00:00:00
2889a938b438bbaf4701f63a2545bb3b,a4949b565894a3d5c85b947cc27148ae,delivered,2017-02-14 06:59:36,2017-02-14 07:10:09,2017-02-14 10:23:39,2017-02-21 16:17:52,2017-03-15 00:00:00
2d9d63715c81835d6114d3f608fd9f1c,e424f099ba16554747def169a15b2b4f,delivered,2017-08-24 10:00:23,2017-08-24 10:15:17,2017-08-28 19:41:20,2017-08-31 20:47:32,2017-09-21 00:00:00
72f13434d0258f5c25927d2b4d5b2c1e,d7b7917cfa60997e23f7bb56c0055729,delivered,2017-06-12 15:37:15,2017-06-12 15:50:11,2017-06-13 15:10:04,2017-07-13 13:47:29,2017-07-17 00:00:00
4289c523d9d7daf854afd779579d63dc,8511391dc75fca4d08cd7ae54a049606,delivered,2018-07-24 15:43:18,2018-07-24 15:55:18,2018-07-25 10:23:00,2018-07-30 17:12:09,2018-08-09 00:00:00
acf31320a17ec091f71b623a3b776760,ed1d3344630551529af3894e65b1ca57,delivered,2018-05-29 16:32:51,2018-05-29 16:51:33,2018-05-30 11:06:00,2018-06-06 00:38:56,2018-06-21 00:00:00
9a2701b301b281b74ddeea78e0a24625,589a6c40ceea171e948f150c1d4c498e,delivered,2018-07-12 20:02:45,2018-07-12 20:23:45,2018-07-16 09:31:00,2018-07-20 18:48:32,2018-08-08 00:00:00
6b53b59d28af45f02a606d5ace41b854,319e3c9ffdbeda213ed5d491e3166502,delivered,2017-08-01 10:29:34,2017-08-01 10:45:13,2017-08-08 16:22:18,2017-08-17 18:57:56,2017-08-23 00:00:00
337788b92e1812c7665aca6fd8b611e8,3a0f38c8ea7937e02d01faccb3785878,delivered,2017-02-05 17:24:21,2017-02-05 17:41:55,2017-02-06 13:30:32,2017-02-10 10:34:01,2017-03-13 00:00:00
99732cdec64edc7e27f1a79ca75c8b75,79183c117e87633c8857a8e01127a18e,delivered,2018-05-09 14:14:35,2018-05-09 15:11:19,2018-05-10 13:21:00,2018-05-14 20:02:44,2018-05-28 00:00:00
f7cc237b35aef540d178cf5c41095769,8b8f446baa0a9364a2feda2c3bd81c45,delivered,2018-04-16 13:04:33,2018-04-17 05:50:54,2018-04-18 13:17:03,2018-04-19 21:56:49,2018-04-26 00:00:00
1995226c73acf6318abfc4b4c9c74066,86bf8cd37ddc4f324fa6d2c1607f443a,delivered,2018-04-12 18:20:05,2018-04-14 11:35:15,2018-04-17 22:12:36,2018-04-18 13:57:51,2018-04-26 00:00:00
1475652ad485c6469bd02393c70fdaa9,204d0477c079846f2a02ee4d0b15e267,delivered,2018-01-14 22:38:15,2018-01-14 22:49:38,2018-01-17 18:53:13,2018-01-18 23:07:12,2018-01-30 00:00:00
38cd9a16e2ee3ee519de420fc15d77ff,22f9f88866a23edb1a9a66be3970fcf7,delivered,2018-05-17 16:53:52,2018-05-18 00:38:47,2018-05-18 09:16:00,2018-06-09 11:04:14,2018-06-05 00:00:00
aa7c3f20fab2d3cb0f76ab5165e47618,a907c1cc7d54627276af64647fbd61ad,canceled,2018-02-15 11:40:45,2018-02-15 11:50:38,,,2018-03-09 00:00:00
c5e7498e13b3cedcde9bbefcd98596e4,801bb18cc4e4328bfe7c8094fba43fd4,delivered,2017-12-09 01:11:26,2017-12-09 01:43:53,2017-12-19 00:25:51,2017-12-28 21:24:55,2018-01-04 00:00:00
457750fb17f45c74af0c5ffa002c294b,de281e7aa3ddf4dfa36b4253ce263ed7,delivered,2017-11-25 10:43:28,2017-11-25 10:54:52,2017-12-01 16:51:28,2017-12-09 00:33:48,2017-12-15 00:00:00
909848fc22bea821de7a92b2dc614338,5c2de499c8b3e854beda15e1a3962e8d,delivered,2018-05-04 19:23:32,2018-05-04 19:35:19,2018-05-09 15:48:00,2018-05-15 16:53:39,2018-05-29 00:00:00
242efbf997dcc144609030002b91446e,64ad3c86c789e4ec8abda9f287bdacb4,delivered,2017-11-25 17:09:27,2017-11-27 17:19:38,2017-11-29 12:57:30,2017-12-08 00:12:09,2017-12-15 00:00:00
88cad47df9afd71af2c4a4098aca44ae,d6d663ce0537715bec2020af3d3c9045,delivered,2018-02-21 08:39:03,2018-02-21 12:42:21,2018-03-01 20:49:04,2018-03-16 19:52:02,2018-03-16 00:00:00
98889198028c9110a7e574e3969b96cd,ab2ca35483e4e5cdba8d5ec252beab98,delivered,2018-06-25 15:07:16,2018-06-26 15:16:02,2018-06-27 11:33:00,2018-07-04 16:46:54,2018-07-25 00:00:00
f93bcee6c5595d8b07ad4f799fe5b590,657eda4e409c3207fb49f2291e11e582,delivered,2018-02-24 01:14:06,2018-02-24 01:28:42,2018-02-26 19:04:42,2018-03-13 15:51:47,2018-03-26 00:00:00
a1a43def14457b1136b6fb625b7553aa,5086c2f81ce45b22fe989c0e741ed600,delivered,2017-12-27 22:25:15,2017-12-27 22:37:34,2017-12-28 22:59:21,2017-12-29 11:53:42,2018-01-18 00:00:00
d2c021c9649e328e98f4b09574854cab,fb44731890feab95ab8f71e54fcf3dc1,delivered,2017-05-12 20:55:01,2017-05-16 03:22:26,2017-05-16 10:33:54,2017-05-24 12:58:24,2017-06-08 00:00:00
33a26356ae145bf4a27c25447e5d1f01,78f12bb3fe31d58161ee7bc04220a989,delivered,2018-06-01 08:29:05,2018-06-01 08:51:52,2018-06-04 14:39:00,2018-06-06 18:46:44,2018-06-26 00:00:00
d1f789756b59a9fb40b3becadeac90e4,fe9aa4a491ad6ee6219838c567fa3221,delivered,2017-11-17 13:02:11,2017-11-18 07:15:24,2017-11-22 14:22:05,2018-02-23 00:16:50,2017-12-12 00:00:00
8be7e186574461ab90c1674973c58b12,0e5743518f681d5c6341221552bfd07f,delivered,2017-03-02 17:35:21,2017-03-02 17:45:17,2017-03-03 08:50:27,2017-03-08 14:14:29,2017-03-21 00:00:00
41d0cc817d720d7f3860716b335a3cb7,0c045d9e471667c05202939897cde7bc,delivered,2018-08-05 00:46:46,2018-08-05 01:04:35,2018-08-06 14:49:00,2018-08-07 18:47:05,2018-08-14 00:00:00
c9c861f958460742bade4f8d297e4d6f,edfbb085020a29b6fc4d25f1627b2256,delivered,2018-03-19 00:29:59,2018-03-19 01:10:33,2018-03-19 22:46:39,2018-03-29 19:22:17,2018-03-29 00:00:00
8917028bf3c86c1be363da721004f557,c5970e2db96b55db5e00f6df2f4dfe73,delivered,2018-03-30 01:05:05,2018-03-30 01:50:12,2018-04-03 19:19:13,2018-04-09 19:36:46,2018-04-18 00:00:00
6feaea9098fb736023b2e4bc246ba7fb,23982a817b35161e034f66e8dabadbd3,delivered,2018-04-22 21:30:44,2018-04-25 03:51:19,2018-04-26 13:25:00,2018-05-09 18:35:51,2018-05-22 00:00:00
0dca3fc331e8c1be1dd82ecb2689f3af,c6ad98f73419be6655a1f88f97e8c5d2,delivered,2018-03-13 17:09:32,2018-03-15 03:31:35,2018-03-19 17:22:37,2018-03-28 20:22:49,2018-04-03 00:00:00
8a7541705a66fb7e0521852e4bb4a50b,88127bd777dd3e53ec9a97bfefbb9954,delivered,2018-01-14 22:49:06,2018-01-14 23:09:02,2018-01-17 22:19:18,2018-01-25 21:59:39,2018-02-21 00:00:00
6e44a8c682fac139d29384acf3a1059d,729891ea1ef5f05ecd5a65a7d6b4efbc,delivered,2018-01-26 09:34:38,2018-01-26 09:53:01,2018-01-26 19:49:05,2018-02-05 20:42:52,2018-02-21 00:00:00
195dc38d3441455e6f25b23f9cd6afc3,b206d33800162480f92693603b17751f,delivered,2017-10-20 18:25:55,2017-10-20 18:56:28,2017-10-24 20:21:55,2017-11-01 16:08:57,2017-11-16 00:00:00
4380c4ed9da2c69163359909e4e1510e,f5e1e4c71ca7b28a6b61fb4db9442a8e,delivered,2018-01-19 13:39:35,2018-01-19 13:53:57,2018-01-20 00:14:57,2018-02-01 17:22:51,2018-02-15 00:00:00
46c820acb13d40759d9cf3941fb7a47d,d2cbd9146c1cee46f887d3731fee7e89,delivered,2017-11-21 21:34:05,2017-11-21 21:47:37,2017-11-23 18:52:19,2017-12-09 15:12:44,2017-12-11 00:00:00
7e52365eb2fa03f8f4ed8a69da1e7fc4,1e7ea825371e137f8b709a077b486f99,delivered,2017-03-30 11:25:07,2017-03-30 11:35:17,2017-04-03 08:12:36,2017-04-06 13:27:48,2017-05-04 00:00:00
8e572fc4edc8dafc89bb18bf812916e6,54c305a3143449a2aa8906eca0c2305e,canceled,2018-01-26 17:26:33,2018-01-27 17:32:01,,,2018-03-02 00:00:00
9cf5e2afa7553fb777a59471a72cd2bc,11d25c17e5a4fc7c1fa5d93fd8864e69,delivered,2018-03-11 23:21:06,2018-03-13 04:10:51,2018-03-15 22:32:46,2018-03-31 17:36:48,2018-04-06 00:00:00
9e6491dcf30125187adc8a3b5b5a571b,689ebb659ed83d0b534412e001e24611,delivered,2017-10-30 23:03:46,2017-11-01 03:35:16,2017-11-01 19:32:22,2017-11-11 02:18:51,2017-11-21 00:00:00
7f9089a3fbe75385f39d5924c2928352,a32651c931981f0d158f31382ebe69aa,delivered,2017-11-26 18:33:35,2017-11-26 18:53:49,2017-11-29 15:33:13,2017-12-05 01:34:59,2017-12-29 00:00:00
293f1f31a342e210ff008a393e2955bd,209beaa8ad584bf64b28ddc0d66fd7b0,delivered,2018-04-27 15:50:56,2018-04-27 16:11:01,2018-05-03 14:16:00,2018-05-07 19:19:11,2018-05-18 00:00:00
7368e14d8b9e7b886e433697b89e937c,50e4a36718eb14d411ea14069da5ced9,delivered,2018-02-15 11:26:55,2018-02-15 11:35:33,2018-02-16 14:16:51,2018-02-26 21:10:23,2018-03-14 00:00:00
a3fe72e4a708a8e7c2d2b686d3a457ac,2f6644e65ff6a076a99865af4c7201e8,delivered,2018-01-07 17:33:13,2018-01-07 17:46:57,2018-01-09 22:56:47,2018-01-10 19:28:40,2018-01-24 00:00:00
e91e4fa5f881fa870e71c30c2c1921d5,5f52141aca781f06028905d68b4a60d6,delivered,2017-12-27 11:59:15,2017-12-28 02:33:38,2018-01-02 18:51:34,2018-01-16 21:59:14,2018-01-31 00:00:00
ca45a839acb03f8e8b45dcc0a6d1c0c8,413bfa6deac262b57bddf57b4d323d53,delivered,2017-12-18 17:59:45,2017-12-18 19:16:32,2017-12-19 22:32:58,2017-12-27 00:09:33,2018-01-11 00:00:00
562f6c47e1f1b9b37763db9d5ae00e3a,953bf9515f1c2fa444e76ebdd43fb1a9,delivered,2018-05-08 11:17:38,2018-05-09 04:31:28,2018-05-09 14:16:00,2018-05-14 15:27:30,2018-05-24 00:00:00
6c3ebcad285020fe222c1bff5a23b15c,cd483fb7ce181dd4fc4c8c77d676536e,delivered,2018-04-25 11:11:13,2018-04-25 11:31:32,2018-05-02 11:28:00,2018-05-08 20:32:16,2018-05-18 00:00:00
a0aa66ea6d606142d5df626b13b033c3,2a55f5f7dd2da40cfae2c503aa7626a9,delivered,2018-03-01 12:59:41,2018-03-01 13:15:36,2018-03-01 23:59:03,2018-03-05 22:36:48,2018-03-13 00:00:00
728f6c4bcd81ebdfeb353bb9b0893a12,72cea2abeebd1dd8bfce8489ba19df9c,delivered,2018-08-04 12:34:43,2018-08-06 08:44:45,2018-08-08 13:49:00,2018-08-10 22:22:29,2018-08-20 00:00:00
33a2d5e5c1eda20e8a1ce9445bec4086,accc1a016a05b961ce5954d27f8af8da,delivered,2017-10-20 11:21:36,2017-10-21 03:06:03,2017-10-23 17:43:37,2017-10-25 22:57:42,2017-11-17 00:00:00
e38994925b350c88bd9b885f0b726439,06201fb5b7821133eab9fe2113d7e6b5,delivered,2017-11-17 10:25:09,2017-11-21 04:08:32,2017-11-21 23:09:02,2017-12-04 20:38:56,2017-12-15 00:00:00
38a37ff772f3b9f0f304d46b6ea90c09,9350fd9c2e40200b1651587dfe717a95,delivered,2017-11-27 14:09:49,2017-11-28 03:46:48,2017-11-30 19:42:49,2017-12-04 15:57:02,2017-12-15 00:00:00
c5bdd8ef3c0ec420232e668302179113,5af78bf1a82a2660d1e3fd78c645f58f,delivered,2018-04-27 12:37:10,2018-04-28 02:55:22,2018-04-30 15:38:00,2018-05-05 16:22:05,2018-05-23 00:00:00
fa13f1aebd2c53df9b0ce05ba46d9336,bd8382ccd7a7cc07a7b4000fde126517,delivered,2017-12-18 19:41:02,2017-12-18 20:38:30,2017-12-19 22:05:05,2017-12-28 02:03:07,2018-01-16 00:00:00
eaa0211ae0667cb758713505ee149479,2a612257efe760db38fa27d6e45f9d6f,delivered,2017-08-21 12:27:20,2017-08-21 12:45:40,2017-08-23 20:28:56,2017-08-24 20:33:41,2017-09-05 00:00:00
21359e988a499d8217626005d16a61d6,affd1614dbd9b0feb6e820039adc1380,delivered,2018-04-23 11:10:12,2018-04-24 19:08:40,2018-04-26 11:05:00,2018-04-28 00:42:35,2018-05-11 00:00:00
3c3d88787b28904377716a09b10fb0e4,9b1681324bf50ce1be7d23adb7416d3b,delivered,2018-08-02 21:49:02,2018-08-02 22:24:14,2018-08-03 13:53:00,2018-08-09 01:32:48,2018-08-14 00:00:00
7d000307a29338a053287f79e225e09a,9e684293d3dee5021bfc836040e02a19,delivered,2017-09-07 11:53:21,2017-09-07 12:05:44,2017-09-12 21:48:55,2017-09-27 21:11:32,2017-09-29 00:00:00
dc82ca767bb8a029bf346c1cb24bbdda,44bc1775b9a28ebe3292e12b53337443,delivered,2017-04-19 19:07:40,2017-04-20 19:15:09,2017-04-24 14:06:49,2017-05-05 15:38:03,2017-05-22 00:00:00
5935197a3a64cf91a125aa939d5eac7b,c41ad6dff0d077fd45ac8549be56f557,delivered,2017-07-17 13:33:21,2017-07-17 13:45:17,2017-07-18 18:39:31,2017-07-29 12:45:43,2017-08-08 00:00:00
a85c8521d3ad60bf120cbacb00e099ce,dfb4c38de1e1058e452e6d97af70952f,delivered,2018-06-12 12:48:18,2018-06-13 13:01:20,2018-06-14 14:23:00,2018-06-18 13:22:27,2018-07-03 00:00:00
e14ca33656133486b155bc46e5b742c1,b5662c2ed415c039d62566365f368635,delivered,2017-06-12 16:31:45,2017-06-12 16:50:10,2017-06-13 09:33:46,2017-06-16 11:39:40,2017-06-26 00:00:00
34ce0ca85ae4e7d8cad0c61a10236321,eed993e8f243582c4f4609155e4dad75,delivered,2018-07-17 14:16:29,2018-07-17 14:30:21,2018-07-17 15:40:00,2018-07-23 11:56:25,2018-07-31 00:00:00
8d9bb53f1ee340156de88d6a3aa01344,a960ce8d18bec9e2d50a9b2a930515ff,delivered,2018-01-04 22:32:57,2018-01-04 22:48:14,2018-01-08 22:07:15,2018-01-19 21:08:50,2018-02-08 00:00:00
2a6b1e93c109dcee771903291093117e,d1aa5ebfc5c16caf331b1f4a1788b998,delivered,2017-12-04 13:36:09,2017-12-04 17:14:40,2017-12-12 23:13:42,2017-12-14 19:34:01,2017-12-20 00:00:00
d9a4f0796fafbfe369d8156189581cef,0f8fecafd09b11360afb11f83bd0afbe,delivered,2018-01-27 13:46:31,2018-01-27 13:56:43,2018-01-31 17:07:42,2018-02-09 17:46:48,2018-02-21 00:00:00
dc5e1551b7d2ac86019146035302062e,bec4e5faf561fe6b4be44218d1cfd1c6,delivered,2018-04-25 07:49:06,2018-04-26 08:10:11,2018-04-26 14:52:00,2018-05-02 18:12:15,2018-05-10 00:00:00
f46d498479ef20f7cbe0d471d9ca0bcd,6b9cd57e8da503b79dc6e58b438e77de,delivered,2017-07-09 12:43:10,2017-07-09 12:55:20,2017-07-12 17:11:47,2017-07-22 14:52:11,2017-08-03 00:00:00
6fd7c56d216a3e027f694eb725797c07,3f1e103d6039a322717941265fe39dfc,delivered,2018-02-06 15:38:45,2018-02-06 15:50:27,2018-02-07 18:48:34,2018-03-01 02:21:47,2018-03-08 00:00:00
41a1702de429a9f03364932da1ff1986,477dbe012cf30f41f78e400b11aa5013,delivered,2018-02-04 18:10:42,2018-02-04 18:29:42,2018-02-08 15:43:06,2018-02-25 20:35:29,2018-03-05 00:00:00
7f539983cfeeeb17fa4a9bb2df43d4db,9f7bcb19d79216545a88e5e6aa85262a,delivered,2017-11-25 13:20:42,2017-11-25 13:33:34,2017-11-30 14:17:17,2017-12-10 16:53:12,2017-12-15 00:00:00
a72251c0fe5a71feaa94ae55c2257e0d,882202b66b1bc288e8fed52973389523,delivered,2018-05-13 23:56:22,2018-05-14 00:14:30,2018-05-15 08:56:00,2018-06-06 20:40:40,2018-06-08 00:00:00
f889a5a0b44adc29c5465b99395ac3c1,b78ba44ee52b74b9dbe30c8a533d23df,unavailable,2017-07-07 21:17:36,2017-07-07 21:30:11,,,2017-07-27 00:00:00
a045563f9a4d45a3c8669ad71edc16c7,3ba9c5d370d75552c16eeb2a2b643683,delivered,2018-03-29 22:59:07,2018-03-29 23:10:08,2018-04-02 23:08:01,2018-04-06 18:21:28,2018-04-18 00:00:00
c823a55fefe27a1092a634398c62f2a8,6100596c2f854c0d6769aa8a2e929f26,delivered,2017-04-19 08:46:45,2017-04-19 09:01:41,2017-04-20 14:15:44,2017-05-05 14:16:55,2017-05-15 00:00:00
95e01270fcbae9863423400103359279,7a692b1ff18c8c21156b886e02e80040,delivered,2016-10-04 18:52:56,2016-10-06 15:51:42,2016-11-01 07:27:42,2016-11-04 17:54:00,2016-11-24 00:00:00
b5e1bf00261a7bbaddb0c3a06e63f039,f51367b72c767679f023f314616c1e6f,delivered,2018-03-10 08:55:54,2018-03-10 09:10:25,2018-03-12 23:41:40,2018-03-23 14:44:48,2018-04-02 00:00:00
36fc3a00019db8f893021f9508f695c8,5e23eb6b579778f0fc5450414008f4cb,delivered,2017-05-01 16:35:12,2017-05-01 16:50:13,2017-05-02 16:18:22,2017-05-16 04:58:29,2017-06-06 00:00:00
3ad21c0e40b33f2600a06e99f27a5fe2,3cee7236fe89c4a7cdc9fa8dbbc9a803,delivered,2018-04-15 22:38:51,2018-04-15 22:51:33,2018-04-16 23:09:51,2018-04-25 14:34:52,2018-05-16 00:00:00
502070fa8a16306454d031307381a7de,c23fb30a729329aaf217f168be86abd8,delivered,2018-02-04 19:53:09,2018-02-04 20:24:14,2018-02-05 20:26:56,2018-02-08 14:18:28,2018-02-21 00:00:00
25ce89b82d611789988bd8dd3722c6af,68d895c89ddc53350772bb822d6275b6,delivered,2018-07-25 19:45:20,2018-07-27 02:10:27,2018-07-27 13:52:00,2018-08-01 21:41:44,2018-08-09 00:00:00
20b1d8c9683a66f9810b31604fc5f540,5257f21744aca789f334058a11c2fb42,delivered,2017-11-12 13:57:38,2017-11-12 14:10:31,2017-11-14 13:11:48,2017-11-22 22:09:11,2017-12-06 00:00:00
f31cf521d461f5b8b5b1456a0448495e,7d9fd47eeb21776ed93f070d71499e0a,delivered,2017-05-28 15:50:05,2017-05-29 21:45:10,2017-05-31 09:07:45,2017-06-07 11:51:24,2017-06-21 00:00:00
73d34a2bf529090b8e28797f2169823c,a94af621ec65d8880bf1cbe777c93968,delivered,2017-07-13 16:28:56,2017-07-13 16:45:09,2017-07-17 13:33:40,2017-07-24 21:37:34,2017-08-08 00:00:00
58aebe1d668d109ff150b32efbffa817,be0ac06e46d02ddfeff63176906c0496,delivered,2017-04-08 12:28:09,2017-04-08 13:05:55,2017-04-13 08:19:40,2017-04-20 09:14:53,2017-05-16 00:00:00
fe98cb0615a7611265d8955be5ca9497,3b11d54278a86bfa191ef947e654c9cb,delivered,2018-08-01 17:13:52,2018-08-02 20:35:25,2018-08-03 15:12:00,2018-08-10 20:47:33,2018-08-23 00:00:00
dfaedd65a3ca2a4cc07753c583a535d9,63564735564a758d8f7a00dd5ff769a7,delivered,2017-07-15 21:58:41,2017-07-15 22:10:12,2017-07-17 17:04:37,2017-07-28 19:28:56,2017-08-11 00:00:00
6c8638c1f5868621b0dd457371188635,6bfe1c3c2a345617bf98e5e71ecbef46,delivered,2018-08-20 16:41:58,2018-08-22 03:44:29,2018-08-23 14:29:00,2018-08-27 16:24:41,2018-09-05 00:00:00
71c903bedef48954734ef47b8a9be312,a798f977cebe547066d7d5beea1b4268,delivered,2018-02-22 08:08:16,2018-02-22 08:48:10,2018-02-24 03:19:13,2018-02-26 16:34:00,2018-03-08 00:00:00
2833a1c17a4948451b9931c440440fc5,3bcd05ab09f9eebaf2ce4edda2e166e4,delivered,2018-04-23 18:55:51,2018-04-24 19:07:39,2018-04-24 16:58:46,2018-05-05 15:03:53,2018-05-18 00:00:00
f1c39491d69990f9682d8dc91e190fa5,56be6e8c9779e4a7bd8fdf41f2dfed7d,delivered,2017-12-08 09:46:41,2017-12-08 09:55:24,2017-12-08 21:38:49,2017-12-12 12:48:47,2017-12-27 00:00:00
aef2bc3845eb581cecce74b769d46c6a,48d6a6909a9bd0b2128ea79630e52d13,delivered,2017-09-22 17:41:49,2017-09-22 22:50:12,2017-10-02 19:57:42,2017-10-13 14:33:15,2017-10-16 00:00:00
4211e9c52967c6118ba50e4efde875a5,0ac2d5fc64bc66aaeaa727022aeb73f3,delivered,2018-01-25 11:36:13,2018-01-25 11:53:08,2018-01-29 18:39:01,2018-02-01 23:07:37,2018-02-09 00:00:00
94153bbf95f273c5b6c342d2acc6d017,05838d97b4a3948e120c9fb440374691,delivered,2017-07-10 12:19:09,2017-07-10 12:30:16,2017-07-12 18:09:04,2017-07-26 00:39:30,2017-08-04 00:00:00
446c4ce86a1a5e91febd73e589af48be,a0e5d53655b9f400cffca490636e2fb6,delivered,2018-05-22 19:40:00,2018-05-22 19:57:30,2018-05-25 11:34:00,2018-06-06 17:13:21,2018-06-11 00:00:00
e87543e4e7ef577c892735018fb134a8,2dbe31925b309a88d8d2de51d094bc24,delivered,2017-07-30 02:24:53,2017-07-30 02:43:21,2017-07-31 22:52:05,2017-08-04 18:19:04,2017-08-22 00:00:00
d1ccdaa4ae7486e10616fe4956e7512f,79abc68702e3d0f4c1a2c717ebb8f08b,delivered,2017-10-08 22:32:49,2017-10-08 22:49:14,2017-10-09 15:52:01,2017-10-19 18:52:02,2017-11-17 00:00:00
b9c7e6ae0060bbf1898ea61f765ca121,fc7dbe1ba57ec488749cf677f3530fa6,delivered,2017-07-02 21:18:48,2017-07-02 21:30:16,2017-07-04 16:12:10,2017-07-07 19:17:49,2017-07-21 00:00:00
c496970811b313659dbbcfd57ffd1b42,bd7e4adf6e77f5253a23a8b3290b19eb,delivered,2018-02-11 19:31:44,2018-02-11 19:50:25,2018-02-14 22:58:44,2018-03-14 00:46:43,2018-03-08 00:00:00
fd2af1836362513c249c7ae85941141f,5443a1b6298d7e4608e7bb7f9220102f,delivered,2018-02-17 23:43:05,2018-02-17 23:50:31,2018-02-19 23:39:14,2018-03-03 12:36:55,2018-03-19 00:00:00
bf8ddc7239b0b3f5f43b0da92b85837e,66a4949b286c198a1894aa79014469aa,delivered,2017-12-04 23:01:59,2017-12-05 10:30:42,2017-12-07 20:38:54,2017-12-13 01:07:38,2017-12-20 00:00:00
9de38c42ea4d33af19aac6c4d6c4b146,90a0c453124d8012f583f1bdbd77576f,delivered,2018-06-12 16:12:29,2018-06-12 16:51:18,2018-06-13 08:22:00,2018-06-19 11:47:24,2018-06-29 00:00:00
04b8c60eb3cceaecde917716daa30bde,a6a3ccd6981f76577a6cfcac362430b2,unavailable,2017-11-27 18:35:48,2017-11-27 19:11:43,,,2017-12-19 00:00:00
ea95ceffc1f14090fa639afd7f1b0206,4b0d09b8b6d18dab1596d8f5ce5bfbee,delivered,2017-11-20 12:48:07,2017-11-20 13:15:43,2017-12-06 23:41:44,2017-12-09 17:14:33,2017-12-12 00:00:00
077700dcf4e3bb4128459fc825a4056c,aa7885fdaef957a25806339d446c2a71,delivered,2017-11-20 11:46:39,2017-11-20 12:07:32,2017-11-22 17:33:05,2017-11-29 13:51:39,2017-12-11 00:00:00
452a4cbe0a3c21aa7b7a93e9da67eaaa,db3f17e47f0f17ab80d12a9bfc657dc2,delivered,2018-01-15 15:05:51,2018-01-15 15:16:40,2018-01-16 18:13:19,2018-01-18 17:07:31,2018-01-30 00:00:00
9841304c5432e46d9cfd508835b743b1,efb0c18b84807aa7fa6b1fb5a4a04134,delivered,2017-11-25 09:39:29,2017-11-25 09:50:57,2017-11-27 11:38:25,2017-12-05 18:09:52,2017-12-19 00:00:00
c756513ece003700723bfa5e6f8abc65,bff87edaf15e6cfa480094a5717d9f0b,delivered,2018-03-12 09:39:19,2018-03-12 09:55:33,2018-03-15 20:48:28,2018-03-19 20:38:42,2018-03-28 00:00:00
c9229f668c1028a77a433afa8b93f122,e6373b38f5b4317a6754f63bcb8c6509,delivered,2017-05-14 21:11:45,2017-05-14 21:22:28,2017-05-17 11:59:20,2017-05-19 14:12:17,2017-06-06 00:00:00
b0220dd81253d8ca2c9dd8be8caf49b5,36cc031ab99b639ada133b4cb346f826,delivered,2017-03-24 06:12:05,2017-03-25 02:33:45,2017-03-30 16:32:54,2017-04-17 08:06:51,2017-05-05 00:00:00
69df1d467702671ed04aaa60c5996701,1a56026e25c55e895a50fc6927743c1a,delivered,2018-03-09 23:07:10,2018-03-09 23:20:28,2018-03-13 10:18:42,2018-03-16 13:06:57,2018-03-23 00:00:00
0be5691eb4c245d190a1e194494f754d,f7c5afab273b47ab517e096e0219b932,delivered,2017-09-05 15:32:33,2017-09-05 15:50:35,2017-09-06 19:37:44,2017-09-11 22:19:57,2017-09-28 00:00:00
77e102ecf08e057581ef2ce55c80c6c0,4cd81e890532dc8cf4ee9c2667629e43,delivered,2017-01-19 12:02:28,2017-01-19 12:21:38,2017-01-23 11:58:06,2017-01-26 11:12:14,2017-02-15 00:00:00
068c06f0ea08ab32e127f87aafaa834d,1633693027f6a28a4f6ee559c2950e37,delivered,2017-09-12 17:48:50,2017-09-12 18:04:35,2017-09-18 21:45:49,2017-09-26 15:55:05,2017-09-29 00:00:00
9a50f016b349f16c4b2e42a4be02d1c3,6fdf60c9637a27c8b542aa6bd3921eb4,delivered,2018-08-04 22:16:40,2018-08-04 22:25:14,2018-08-07 14:25:00,2018-08-10 21:51:02,2018-08-24 00:00:00
6c1e09e4c733fbc610ee1737436f8a5b,e4f40bdeaa197235f19f136666ffbaa9,delivered,2018-01-29 19:00:35,2018-01-30 18:50:00,2018-01-31 20:46:36,2018-02-19 23:22:57,2018-03-01 00:00:00
ef631f2168b86a6efd53a9fdfb9d4699,c02a6990593c8e099095ecef024194ea,delivered,2017-12-28 00:19:16,2017-12-29 07:39:21,2018-01-02 18:44:32,2018-02-07 02:32:39,2018-02-20 00:00:00
49e84824ae503af008a7cc379ebab409,5926018301827261608273eed79d5732,delivered,2018-07-28 14:54:19,2018-07-28 15:10:09,2018-08-01 15:17:00,2018-08-08 15:52:11,2018-08-22 00:00:00
6e56fd377b9d1f816af128295e5c1003,12eb27c5c8983f8b65f4e79bfb579572,delivered,2018-02-15 09:39:58,2018-02-15 09:50:40,2018-02-15 20:56:44,2018-02-21 15:26:59,2018-03-16 00:00:00
eac07a0dbd3a43600f76d084fb472e63,166dd5897ee419fc1c7e58a26d495a29,delivered,2017-08-23 18:22:15,2017-08-24 16:44:31,2017-08-29 21:07:32,2017-09-05 22:05:12,2017-09-19 00:00:00
2542fe494d4b37b79ed85377e12c53a6,0d3be98fd17e4f6b118f90a23637c4c8,delivered,2018-08-03 13:44:49,2018-08-03 14:04:03,2018-08-06 12:24:00,2018-08-15 11:10:48,2018-08-22 00:00:00
b5ba129c3461e787bf826b827b5a03ab,2a28433a6df5eec74729ea651525a6a7,delivered,2017-10-10 11:54:44,2017-10-10 12:14:51,2017-10-16 20:58:43,2017-10-24 20:21:53,2017-11-08 00:00:00
81d0a6db52c857218b6801cf1693aa8f,1e8e836ac89751f2c688d1fbf8a3aee4,delivered,2018-02-21 10:21:32,2018-02-21 12:04:39,2018-02-21 23:39:05,2018-03-02 19:27:43,2018-03-15 00:00:00
245b4a117bd7a1fa176d7a590b292d7b,9adfdc90845f16f214dd33af84f31922,delivered,2018-03-15 22:24:24,2018-03-15 22:35:35,2018-03-16 21:48:41,2018-04-05 22:27:36,2018-04-12 00:00:00
fd2b4179de3cceb73bc884f6c19d85d0,8771de6e9f494e14aae9646f2a348fbe,delivered,2017-05-14 18:33:49,2017-05-14 18:45:15,2017-05-19 11:17:57,2017-05-30 12:38:20,2017-06-13 00:00:00
b0c175f72fd1e5956743578c03b1785c,a647a179b5451428127a434d0d3d094e,delivered,2018-03-20 16:41:37,2018-03-20 16:55:51,2018-03-23 00:18:47,2018-03-30 00:04:05,2018-04-12 00:00:00
2d2f7f564738bc7bbd535580aef84e09,f6963c402e9578d2b2d1739e5fc00e39,delivered,2018-01-03 10:06:30,2018-01-03 10:31:37,2018-01-11 21:28:11,2018-01-26 00:34:59,2018-02-01 00:00:00
660ad30c11df22cad81d8a3b30af6cee,847913f5809f26d34e7787f48094b934,delivered,2017-10-10 12:38:30,2017-10-10 12:56:38,2017-10-11 15:52:02,2017-10-13 21:21:35,2017-10-23 00:00:00
8ed8d60cc2df2b29e93a93ec47189c07,cf0304dde7ffc7558549d28bfd192416,delivered,2018-03-27 16:50:06,2018-03-27 17:11:22,2018-03-28 19:31:51,2018-04-03 12:16:29,2018-04-18 00:00:00
30433431f5393fe9934458f0f02e04e8,d987c893b8289f93fe16dc44e8410eaa,delivered,2018-03-21 16:18:04,2018-03-23 02:27:43,2018-03-23 19:57:44,2018-03-28 15:35:02,2018-04-03 00:00:00
8328f0c360b46dfb1b46a1e9825c7fc1,5c07b546af2a42f6928364333d76b067,delivered,2017-10-26 13:36:21,2017-10-26 13:50:01,2017-10-26 22:03:50,2017-11-09 17:56:50,2017-11-24 00:00:00
c1872cd219ab83c3a9a63cdc2f75a518,04750bd159f6ee54d7ad858b8887128f,delivered,2018-07-23 14:39:58,2018-07-23 16:00:42,2018-07-26 13:26:00,2018-08-03 19:12:23,2018-08-13 00:00:00
47c29eebd9fb0e4d67c674f78e396be4,2106bd665826da836965bbcb2f5f1243,delivered,2017-11-03 20:50:46,2017-11-03 21:10:22,2017-11-09 16:12:39,2017-11-15 13:58:41,2017-11-23 00:00:00
4cab646fdec6d36f60c2febb8a595b8e,277d5d2668f2e1413803830255aea28f,delivered,2018-01-23 10:32:07,2018-01-23 10:59:12,2018-02-15 20:55:01,2018-03-05 18:21:51,2018-02-16 00:00:00
1c39bf040d6c444d6b306bae83f9f49e,c358851c04b7a8a4d1940b1f3a316dbc,delivered,2018-03-25 00:35:24,2018-03-27 03:50:38,2018-03-28 00:13:31,2018-04-25 18:28:38,2018-04-19 00:00:00
ccb6a32d73d67e9bc5000d01bf776b52,1bf99cf832342c829e425a2c1a0848fb,delivered,2018-02-01 14:59:44,2018-02-02 02:54:24,2018-02-08 23:25:43,2018-02-14 21:40:02,2018-02-23 00:00:00
c37cb17f3802e061e745a83732cb1503,ab8f2b129e54dcdcd7b472dfd41f4712,delivered,2018-05-05 15:59:52,2018-05-05 16:13:44,2018-05-07 15:40:00,2018-05-08 20:37:44,2018-05-18 00:00:00
9e98bdb07065bc0ef966530ecdc91ec9,40b0a541aebe1001973a84d4109de91c,delivered,2018-07-25 01:46:26,2018-07-25 02:04:17,2018-07-25 12:27:00,2018-07-31 22:07:31,2018-08-24 00:00:00
518d8ea442ea12acede1c064a54cae32,9242bfaac795e3df1a0ed8105dd3fd86,delivered,2017-03-01 14:04:00,2017-03-01 14:15:17,2017-03-10 08:58:39,2017-03-27 09:12:50,2017-03-30 00:00:00
fc66f65bd879bd459e1cb14324335727,18831a00cca3d14bdfd8af6ae001d417,delivered,2018-01-17 16:49:16,2018-01-18 02:13:13,2018-01-18 17:21:38,2018-01-24 14:28:15,2018-02-07 00:00:00
5b57e9de57b0d980b9a9049aeacc5955,953a4515d1eff98c3269cc3c42fcb779,delivered,2017-10-30 18:33:41,2017-11-01 03:35:21,2017-11-08 19:05:44,2017-11-13 19:32:03,2017-11-13 00:00:00
34d0587652282a8e4f05da5083e1f276,571bc28cad276e1be2a13b7ecb386a44,delivered,2017-08-29 23:47:39,2017-08-31 13:50:09,2017-09-01 20:07:40,2017-09-13 10:24:49,2017-09-27 00:00:00
6f6938612fdf53d7b863eec877c1fbfe,f0bbb754a5855f669094d5049c09c548,delivered,2018-04-10 18:27:06,2018-04-10 18:35:14,2018-04-11 20:50:30,2018-04-17 18:06:46,2018-05-10 00:00:00
1f2b13f5168b0700a870188e1e72fb1f,bb3288e699de01779884fda1c43734d2,delivered,2017-09-24 15:32:42,2017-09-24 15:50:20,2017-09-26 19:04:17,2017-10-04 12:47:36,2017-10-17 00:00:00
498e4c5508b686018306d8d363bc9d18,bf9a6df07d36ad102a5bb34767855b44,delivered,2018-07-20 20:25:35,2018-07-21 04:05:24,2018-07-23 13:31:00,2018-08-02 14:51:51,2018-08-21 00:00:00
408e91bfedadd9e3a02ea46af7e6cb4e,25cdd696ed4c3f8f9b78a59a6b5cfcad,delivered,2017-08-01 09:32:24,2017-08-02 02:50:47,2017-08-02 15:17:06,2017-08-08 15:37:42,2017-08-15 00:00:00
ca3625898fbd48669d50701aba51cd5f,0d861a5e4dd6a9079d89e1330848f0ab,delivered,2018-08-12 02:11:20,2018-08-12 02:25:07,2018-08-13 11:15:00,2018-08-21 12:18:48,2018-09-13 00:00:00
67642a6b87ab5c8cdfffd5b81da8a501,3e6dfa790a707f380c06b3cc7377d744,delivered,2017-11-11 17:04:27,2017-11-11 17:26:16,2017-11-16 18:12:00,2017-11-27 20:32:57,2017-12-08 00:00:00
bf7dc02ad247527a27900abb19306a3c,96d93b5cda637617dcceb8e7059b19c9,delivered,2017-09-09 08:33:15,2017-09-09 08:45:12,2017-09-14 17:12:06,2017-09-19 18:42:16,2017-09-28 00:00:00
bb931b0509f3198e76b0e87ef16db694,e352109d03e19b783b09b739a370a5f3,delivered,2018-08-13 10:27:47,2018-08-14 04:05:42,2018-08-14 12:50:00,2018-08-20 15:48:37,2018-08-23 00:00:00
bb4bfc8351c7a9340b9fadd09e26be8d,5437187d982bf848574521be6e2f15ed,delivered,2018-07-12 10:15:19,2018-07-12 10:26:05,2018-07-13 09:11:00,2018-07-14 15:29:41,2018-07-20 00:00:00
67ad8e83f26ed7bac15a552eecc412cb,a4af3a9be469b173ddda8880112a8af5,delivered,2018-07-07 17:22:26,2018-07-07 17:30:13,2018-07-10 16:31:00,2018-07-13 20:41:40,2018-07-25 00:00:00
882532a9d3af41e668e0d305aa7bfe2a,24028518ee858cc4f850f074cbfe803c,delivered,2017-05-23 00:18:53,2017-05-23 01:05:19,2017-05-23 10:19:33,2017-05-31 16:12:17,2017-06-23 00:00:00
c5d1a6481a4fb3684588a2c7fc970918,d81352b3fa189b687428ee79b94491a7,delivered,2018-07-15 09:57:16,2018-07-15 10:10:10,2018-08-02 05:27:00,2018-08-09 15:58:37,2018-08-13 00:00:00
d8b1b374baabf8ba477823087ddfb1a2,a27ccd54971ea41b405fd5560b6cb8f1,delivered,2017-10-15 17:10:15,2017-10-16 12:56:32,2017-10-18 21:04:28,2017-10-27 00:07:55,2017-11-07 00:00:00
ef519547cb72d3ac42ff707948fdb963,b1f0a629f39ec410be67ab09638095c4,delivered,2018-04-02 17:49:06,2018-04-02 18:09:53,2018-04-04 00:12:53,2018-05-20 17:36:37,2018-05-04 00:00:00
e77e25ad4185ce8fba142eafcd1442da,33a4d61b0f6957f323a1eb332b0af535,delivered,2017-12-10 18:59:31,2017-12-10 19:10:10,2017-12-12 22:33:28,2018-01-17 20:53:14,2018-01-11 00:00:00
deb53c75e6fc731052963598e2553698,72635e45d44567d9e5abd4ee714f8d6d,delivered,2018-04-23 21:07:39,2018-04-24 18:15:24,2018-04-24 22:14:01,2018-05-09 00:22:30,2018-05-16 00:00:00
40b8e198f9be930c141b807fe417dd07,abd4f44cab431f33b0c4f242377666f4,delivered,2018-02-01 19:59:24,2018-02-01 20:14:04,2018-02-05 16:52:52,2018-03-02 20:29:24,2018-03-12 00:00:00
c8ccd366bbf35430786a86ef073322f8,88957154a87ddc5981b986ce8891453b,delivered,2018-05-08 07:41:27,2018-05-09 03:35:19,2018-05-09 12:10:00,2018-05-18 18:12:07,2018-06-01 00:00:00
6895a2cb864a4bdb6ae98c2328666108,a2226a8dfaff33b185df6b024e62b443,delivered,2018-08-05 23:10:33,2018-08-05 23:24:20,2018-08-16 13:49:00,2018-08-22 00:42:49,2018-08-16 00:00:00
312ca70771f7faab638a5aefeaaea172,4ef23a9e5190fa352f84490ee17efc3f,delivered,2018-07-18 11:10:20,2018-07-18 11:30:16,2018-08-01 15:38:00,2018-08-04 16:46:24,2018-08-20 00:00:00
7344405ad701aae9932fbabba0faa522,5d333f71a8e4d495a82fd170d4fbb455,delivered,2018-04-09 13:11:49,2018-04-09 13:29:51,2018-04-10 20:42:15,2018-04-24 18:08:57,2018-05-03 00:00:00
c0b3a6ec68db87dd98bb317ea6835608,6d97521e6f45280a193f48c4b7cd5ee0,delivered,2018-06-08 13:41:47,2018-06-09 03:13:13,2018-06-15 14:43:00,2018-06-21 16:38:27,2018-07-03 00:00:00
bf0310bae1a889330a16496d6f7b8628,0977ccfa0b60832ce18f226b73853918,delivered,2017-07-31 13:43:10,2017-07-31 13:55:23,2017-08-03 18:03:16,2017-08-21 19:13:26,2017-08-22 00:00:00
04127548fb3634e50ad03765c05cdc68,0eab5c860fac0aff7a9ef8f11deced68,delivered,2018-02-04 22:20:29,2018-02-04 22:30:31,2018-02-05 18:41:27,2018-02-06 15:45:49,2018-02-22 00:00:00
88c7831d968f7cd33c64d1733cb90510,ea7becdb889ee3d9418066a63f95871d,delivered,2017-11-14 17:13:48,2017-11-14 17:27:46,2017-11-21 18:56:52,2017-11-25 19:52:51,2017-12-04 00:00:00
3a1c666f27c3d419d79a79a9b1a5af11,bb3342921d11b66656454f40f1c34650,delivered,2018-01-06 11:11:00,2018-01-06 11:18:25,2018-01-11 01:44:31,2018-01-19 20:23:02,2018-02-05 00:00:00
cda39e972551602661cd5e8908ee82b5,9937a5e470c80919fea6199a76d8bc8f,delivered,2018-06-23 10:35:04,2018-06-23 10:58:54,2018-06-26 14:17:00,2018-06-29 22:12:10,2018-07-17 00:00:00
ac72d34ecba515d07fd0adc8747e1d94,d8ea195b140dbf4f97812f4848f4676e,delivered,2017-05-17 15:33:47,2017-05-17 15:45:13,2017-05-23 07:13:36,2017-06-03 11:22:35,2017-06-08 00:00:00
2e3d2ade3d9a549848f6a576ae8f9da2,f08339cfb2ba529657df3cbd1d94e895,delivered,2018-07-25 13:05:52,2018-07-26 12:55:21,2018-07-27 14:51:00,2018-08-02 22:58:32,2018-08-10 00:00:00
667a47b3d52c6e88390b50708a061561,ac3bec5029595891991d409e6a428c29,delivered,2018-07-28 13:10:24,2018-07-28 13:44:35,2018-07-30 12:46:00,2018-08-02 18:16:50,2018-08-15 00:00:00
b89a164ebd4447db59b194c2b4fc90fc,400d32a746957150cd0cfba06292d6eb,delivered,2017-09-22 19:46:46,2017-09-22 20:04:09,2017-09-25 18:32:49,2017-09-26 18:18:02,2017-10-09 00:00:00
01e84dcdea7f8180214c9cf9f058f0dc,808cfcd5c83849bfb0c7bf25edd97b2b,delivered,2017-10-31 11:10:46,2017-11-02 02:46:27,2017-11-06 18:38:27,2017-11-09 20:09:45,2017-11-17 00:00:00
82171257a2cb92f1a042bbca64864a08,1f8ba8b0f133a1c149229baa78d0ec49,delivered,2018-02-28 12:33:09,2018-02-28 12:48:37,2018-03-03 16:56:55,2018-03-16 15:19:34,2018-03-29 00:00:00
2c049735a0947b4e13924963336e5b3c,fd6f61091eaa73b3f00aadc3e396c306,delivered,2017-11-25 13:55:57,2017-11-25 14:16:42,2017-11-28 00:48:23,2017-12-06 17:13:05,2017-12-18 00:00:00
ff8bdeef9673478654432c723a74309b,85d3b8bc192815c053a302118e117d92,delivered,2018-02-21 08:47:48,2018-02-21 11:59:37,2018-02-22 20:08:48,2018-03-05 13:13:59,2018-03-13 00:00:00
dc20710a4582a12ed1eb1504bd916272,5b4650bd59b6448a8c97c16df472c6e2,delivered,2018-04-02 16:32:05,2018-04-02 16:53:02,2018-04-03 19:30:55,2018-04-06 20:32:16,2018-04-18 00:00:00
59754064fe4ffec6c0149904a6573d81,79a56011969e883c937c20c880433c52,delivered,2017-07-25 23:20:06,2017-07-25 23:30:15,2017-07-26 19:06:13,2017-08-05 15:54:34,2017-08-24 00:00:00
27fb2154c341bbc730063b1d16844616,999e3c7a67f519385382c467f76c5393,delivered,2018-05-21 12:45:43,2018-05-22 08:56:50,2018-06-07 14:01:00,2018-06-15 15:12:32,2018-06-21 00:00:00
98c9c5c7df242bfccd1ad3510eff89f2,2879df7ed1e90a3f0bad2a69eaa904ba,delivered,2018-02-02 16:45:13,2018-02-02 17:43:16,2018-02-05 16:07:45,2018-02-20 17:22:10,2018-03-01 00:00:00
c6f232800bcc02894a679417a1a93822,6dfbd0fd8391e9ae18140ebf6304989b,delivered,2018-06-24 23:39:16,2018-06-24 23:57:47,2018-06-25 15:16:00,2018-06-29 22:36:34,2018-08-03 00:00:00
89ca1c6fae0e21f0395c0e3b1d89914e,07b23777533ca4b2107867f3ae97dce5,delivered,2018-03-20 16:27:48,2018-03-22 02:50:32,2018-03-22 21:32:14,2018-04-23 15:33:02,2018-04-11 00:00:00
97ca549aa4a8d582d149002b880984f2,c7beb17a33909571d5a71b10f71b42ce,delivered,2017-09-26 09:11:45,2017-09-26 09:24:25,2017-09-27 16:58:06,2017-10-08 19:00:03,2017-10-24 00:00:00
ba65d70e8d6eebcfd0cb5d88c2497383,426ebfb18cd8d9be56b96b750c43375c,delivered,2018-02-07 13:57:59,2018-02-08 07:55:34,2018-02-09 19:34:06,2018-02-18 21:06:29,2018-03-08 00:00:00
4724d70419b2219c68e4ae60a03738f7,61cf203eb54db88ac8160700870481de,delivered,2017-02-06 12:20:35,2017-02-06 12:32:45,2017-02-09 04:13:53,2017-02-16 23:32:17,2017-03-01 00:00:00
2cc8d5dba04e5be26d748ef75e708770,217dc0e0ba8d055c0d40efa62678a8a1,delivered,2018-07-26 17:38:51,2018-07-27 17:31:40,2018-07-31 06:28:00,2018-08-02 18:45:31,2018-08-16 00:00:00
ac08c0b67890296c7c7c10f34b81eea4,7105356dc50e5957845dba6fa7ab78c5,delivered,2018-02-08 18:36:31,2018-02-08 18:50:42,2018-02-10 04:16:43,2018-02-22 16:39:51,2018-03-13 00:00:00
628b831e2fdf2322f2aab4ab14fc9cbb,65471c6b61a3b6c236f8900f2582973c,delivered,2017-10-03 15:17:12,2017-10-03 15:36:59,2017-10-04 18:27:56,2017-10-17 20:42:04,2017-11-06 00:00:00
d0e25f97b5c712b13e725c274a17f44c,3cbc10c378a99a32e776a9f5798ddc2e,delivered,2017-10-17 20:16:38,2017-10-18 20:26:21,2017-10-19 12:40:00,2017-10-31 18:14:49,2017-11-13 00:00:00
cefe2d9b76da44f395498c94f7f516c7,5d2ecc47dc9030d919de8dda2bbc3a97,delivered,2017-12-17 01:09:11,2017-12-17 01:31:09,2017-12-19 17:32:29,2017-12-20 22:19:37,2018-01-05 00:00:00
817d88483f5ef3f2c934506d7d890888,ea96be5147863f2b3ae58b00983a6d09,delivered,2017-10-29 22:57:07,2017-10-29 23:10:17,2017-10-30 20:25:15,2017-11-06 16:35:29,2017-11-21 00:00:00
028e8f5a96db8d372890e03d22829e9b,c09962ce82ae80e545818b93530aab09,delivered,2018-04-18 17:15:44,2018-04-18 17:58:33,2018-04-19 23:21:25,2018-04-21 00:11:03,2018-04-30 00:00:00
30597e915fa41c74c59cf5f8ce640d3d,7d4024a33d15af87c7e47ee51976b556,delivered,2018-07-09 08:54:04,2018-07-09 09:15:15,2018-07-11 15:55:00,2018-07-19 18:51:43,2018-08-10 00:00:00
b27ffd98b450ba9120b7ebd8d6bb75db,dbd324a50ece1c09a1d090c01a10733b,delivered,2018-07-03 12:18:23,2018-07-05 16:18:41,2018-07-03 14:55:00,2018-07-06 19:12:04,2018-07-17 00:00:00
6fff8d853d0647fc94776d0cfac0dc79,76ff8620a5c98e0bb71ebd0b2ab97af7,processing,2017-11-06 22:21:20,2017-11-07 07:30:43,,,2017-12-04 00:00:00
45740a308b5fc8b1b65daa77e9f6a8a7,bb289a608c37486d57ba8130910b5135,delivered,2018-01-05 20:02:56,2018-01-05 20:12:24,2018-01-09 23:58:47,2018-01-16 17:03:20,2018-01-31 00:00:00
cd61f9e20298dcb30d7e824cad10949b,91401b6902c2d084a9a8f077fde8c060,delivered,2017-10-11 17:39:17,2017-10-11 17:56:13,2017-10-16 18:34:01,2017-10-27 17:45:41,2017-10-31 00:00:00
080d1460c228aebf236ed5800edce044,6c7a5e32a79b013a97a9f9421fc18349,delivered,2017-12-22 12:38:56,2017-12-22 13:21:41,2017-12-22 21:09:30,2017-12-27 20:13:39,2018-01-24 00:00:00
5bf4b0c6624c03f4a531a60082fab3b5,b73365f2845e82a0339730921895e5da,delivered,2017-03-13 14:31:07,2017-03-13 14:31:07,2017-03-15 09:12:22,2017-04-03 15:05:19,2017-04-05 00:00:00
c9facf1957d4cfd6bf178b54fff813f5,cd3f821b92920ff95ceb7da103502eec,delivered,2017-06-20 14:38:38,2017-06-20 14:50:13,2017-06-22 13:45:30,2017-07-04 14:39:53,2017-07-10 00:00:00
dd1d5e5b6e4be8779186eb9cafd2f44d,f521a7efe39c29935169acd2d1074f76,delivered,2017-08-02 16:03:22,2017-08-02 16:15:11,2017-08-03 15:34:18,2017-08-08 22:06:32,2017-08-22 00:00:00
0c29afa3d55c9d983ff14ae80e79984a,961c0a5afe936135ac6ebb1ddef7ce09,delivered,2018-01-09 18:28:48,2018-01-09 19:32:12,2018-01-10 21:09:28,2018-01-11 16:17:37,2018-01-23 00:00:00
2bea071a4b1ffc8f01204ba3f0721ac1,1b7c59aee917c754933d7e4a4a80d717,delivered,2017-08-21 00:01:09,2017-08-21 00:55:07,2017-08-28 19:32:38,2017-09-05 18:26:40,2017-09-14 00:00:00
c9756139ee937be234c1aafe31b8722e,ac6715b330dc55b82add2607aedeced0,delivered,2017-09-11 10:10:32,2017-09-12 04:30:55,2017-09-12 19:14:32,2017-09-24 13:54:44,2017-10-03 00:00:00
724851759f03251eb3a9e209916f07db,17d32607b69ff5f17724566ff49aa9fd,delivered,2017-07-21 12:05:51,2017-07-21 12:23:05,2017-07-21 17:22:28,2017-08-04 17:42:37,2017-08-14 00:00:00
4fa562ccf4105ec42bf3934fcaf418ed,1388e1cc63c2fa01f850f63372eb3737,delivered,2018-05-24 16:17:48,2018-05-24 18:22:27,2018-05-25 15:56:00,2018-06-05 01:59:33,2018-06-21 00:00:00
c230f6e954ab2b2aed5ad7458d539258,83398e1c675b19d3356e5db8a6e36fe9,delivered,2017-09-24 18:11:31,2017-09-26 03:35:42,2017-09-27 13:19:55,2017-10-03 20:53:54,2017-10-17 00:00:00
a40078ea7fe9b53ed9111085c0e9de35,ac4481e756b60f32c809a56fc36471e9,delivered,2017-12-19 18:14:18,2017-12-21 02:12:50,2017-12-22 20:25:12,2018-01-09 20:51:14,2018-01-17 00:00:00
3331dbfe6f55503bd3b962d95445ac7f,a318808661dad5e6db0b829df0e827d9,delivered,2018-03-28 14:24:34,2018-03-28 14:35:19,2018-03-29 22:34:33,2018-04-09 15:42:07,2018-04-19 00:00:00
cc9bbac0ab49464c551e527df59db18c,235653dc9683328943db2e5c10db3d12,delivered,2018-08-01 12:09:23,2018-08-01 13:04:33,2018-08-02 12:09:00,2018-08-07 16:53:25,2018-08-15 00:00:00
17220c71a949903772f1ed32292ee69f,3687139e02b5d30a66b9bcdf2cba3bcd,delivered,2018-07-17 18:39:53,2018-07-17 18:50:25,2018-07-19 12:29:00,2018-07-27 20:15:50,2018-08-06 00:00:00
9ba82750c563828973f933ffcd80febd,bc7e3a34cf955557bd1c2ee568aa9cf1,delivered,2017-03-26 12:50:16,2017-03-26 13:10:35,2017-03-27 12:56:15,2017-03-30 05:24:43,2017-04-17 00:00:00
0db1181e0778609b581bf9a95b17f313,87c195c16ba427c0f0f60d6d6d67a312,delivered,2018-01-13 14:50:01,2018-01-16 03:50:01,2018-01-16 17:37:06,2018-01-22 19:45:04,2018-02-15 00:00:00
42dd28e31692200f58f7ab447d6c8eae,dfcdb6bd7fd72ed1f409ae56ec40ed3e,delivered,2017-11-27 22:16:21,2017-11-27 22:30:40,2017-11-28 23:18:54,2017-12-19 19:16:45,2017-12-18 00:00:00
45a48df7b18435ce6e3c03ba6c6c2386,ed0af0bffd15b256920c280aee9e5dde,delivered,2018-01-16 12:53:37,2018-01-18 07:34:48,2018-01-18 17:13:09,2018-01-30 18:56:37,2018-02-14 00:00:00
a2719d5230c391aa396433b5cf6cc4d5,fc9d7084d2cc48f7ac064716b2e922d4,delivered,2017-11-24 16:59:53,2017-11-24 20:37:41,2017-11-27 23:42:00,2017-11-30 20:28:40,2017-12-08 00:00:00
3c224717f735680c865cdb827b6c81bd,b4092d7745bc3d897d5c064dc6a22ed7,delivered,2017-05-29 13:53:10,2017-05-29 14:05:14,2017-05-30 10:59:38,2017-06-07 16:21:10,2017-06-28 00:00:00
96c85fb240067205674e99425c5df3de,56e72c1aea322da215031c4ec20a23eb,delivered,2018-02-06 16:32:15,2018-02-06 16:51:48,2018-02-28 20:49:12,2018-03-20 01:31:05,2018-03-16 00:00:00
a2dd8c16ba2548569497fdc4a440b967,732594f0f8f10ebee9718cb85d2c781e,delivered,2017-12-13 12:41:24,2017-12-13 12:50:35,2017-12-14 21:12:50,2017-12-20 19:28:33,2018-01-02 00:00:00
033ce22f1fb407d7cefcdf8d1121706b,e9b488a1f1dd0ff995f1a64e87026fbf,delivered,2018-03-13 19:11:47,2018-03-13 19:49:40,2018-03-15 19:51:37,2018-03-21 20:49:51,2018-04-05 00:00:00
f7df648b228c22aa46208224ab0fd67d,67370418294c2fd0ab4119292bc816d9,delivered,2018-08-06 11:30:09,2018-08-06 11:44:24,2018-08-07 12:17:00,2018-08-13 18:08:39,2018-08-22 00:00:00
f2d4c5e2504657f6ee0b76fb979dd01d,b842717959224c3d19977a60ecfe0567,delivered,2018-06-04 18:04:12,2018-06-05 03:50:20,2018-06-05 14:15:00,2018-06-27 10:08:53,2018-07-19 00:00:00
a1ecf6ff2702a73805ca6ffa3771ab05,8af31be19cce9c206cf14041082401d9,delivered,2017-03-27 13:55:05,2017-03-27 14:05:22,2017-03-28 12:14:24,2017-04-05 12:23:08,2017-05-03 00:00:00
4c2b78efad2dfa6a3bb1cac6560cd2b7,b3d3bd9297ddef4e81dc0f8661d605d4,delivered,2017-04-14 10:06:15,2017-04-14 10:15:16,2017-04-17 17:28:09,2017-04-26 12:23:16,2017-05-10 00:00:00
3e92efabf5eaa46e4ab7f20a10864785,4562a2d3bf681fef8f12d7c1c77a416d,delivered,2017-04-14 15:39:25,2017-04-14 15:50:14,2017-04-17 12:23:58,2017-04-21 11:19:10,2017-05-08 00:00:00
1f3128e8dcdc994a80f83cff1c576a35,e92d90e8ad82e5d8a8e3dafa9586b298,delivered,2017-07-12 10:35:37,2017-07-12 10:45:15,2017-07-18 15:36:11,2017-08-05 15:59:48,2017-08-15 00:00:00
81c340da0fe8e47244fa1a3fd41337e2,c7056bea560b2728d84ba5e1e1472bf0,delivered,2017-09-10 20:43:12,2017-09-10 20:55:19,2017-09-12 23:53:33,2017-09-21 19:36:05,2017-09-28 00:00:00
ed274ecbd297951203b23b1e071eb593,bfe964865bb435b81a560ba893502540,delivered,2018-05-15 15:33:44,2018-05-15 15:56:03,2018-05-15 14:13:00,2018-05-18 16:48:50,2018-05-30 00:00:00
c5883e5be24c4f0627d36a56ed34d190,7b26f260a1a551e1c66c5c69aec43dca,delivered,2017-10-01 14:47:07,2017-10-01 15:06:38,2017-10-02 15:46:52,2017-10-16 19:20:05,2017-11-03 00:00:00
3b6411f7911e3b69fa3f27220c7df366,89924b0fa5ff89c9df5c6acc7694004e,delivered,2017-12-18 21:47:19,2017-12-19 09:53:33,2017-12-19 21:43:30,2017-12-20 19:28:56,2018-01-05 00:00:00
65959cbdb267c29a5cb0021a367df75c,80a988b23ea488add6a8c187cca076db,unavailable,2017-02-24 18:05:34,2017-02-24 18:15:18,,,2017-03-21 00:00:00
c50e5904b30d219f4f9b89ead3bab5ed,094341831b5ed4a4bf31a5d068bf485c,delivered,2018-07-21 13:15:46,2018-07-21 13:25:11,2018-07-24 11:26:00,2018-07-26 19:57:31,2018-08-08 00:00:00
fa9bb0fcd9ac91743999d13c2860dac5,19f1813fb62eb7c453af714dc1211d73,delivered,2018-01-17 17:37:39,2018-01-17 17:50:44,2018-02-08 13:08:29,2018-02-22 16:04:47,2018-03-08 00:00:00
12a6df267536bb8c253d9e7bb8b9e4aa,cc3848d804d534ed7492ed16935f2cac,delivered,2017-12-03 19:39:28,2017-12-03 19:51:27,2017-12-05 20:54:40,2017-12-06 19:09:03,2017-12-20 00:00:00
909d28f22490c6e78da3962ab7fd6286,3482b292984426dc8cef7892c48027b6,delivered,2018-07-20 15:14:24,2018-07-20 15:25:19,2018-07-23 11:26:00,2018-07-27 17:38:45,2018-08-17 00:00:00
98dd966a1e38eb56010bc5d422f3d3ce,e6524d179f40e399f0b96daff7c66e34,delivered,2018-08-13 14:03:08,2018-08-13 14:15:14,2018-08-14 15:39:00,2018-08-21 19:56:50,2018-09-13 00:00:00
7c0fccdcd5978f52b402a916980f127d,b4f9dd42f0acb4d7ca92cc9eddf4d56c,delivered,2017-12-12 09:43:40,2017-12-13 02:33:32,2017-12-13 22:38:53,2017-12-15 04:38:34,2018-01-02 00:00:00
a53b8f28c69f039a8d9ce5c30b7367a2,3a740ce117005b41daf0b3fa535b1dc7,delivered,2018-07-24 10:05:51,2018-07-24 11:24:30,2018-07-26 05:44:00,2018-07-31 18:02:01,2018-08-17 00:00:00
e422e79c353461906ac09d654bd28ad7,e7c57cad7ca45409fc3aa34a89b51c01,delivered,2018-02-24 23:09:05,2018-02-25 23:08:00,2018-02-28 21:42:43,2018-04-06 18:48:22,2018-03-27 00:00:00
b5a892962efd7d07db86cf0eee45fdff,fc4ddaa89b9d278b397945a013b4781e,delivered,2018-07-07 15:02:05,2018-07-11 03:55:21,2018-07-11 11:51:00,2018-07-14 00:09:57,2018-07-26 00:00:00
8526252eba4c42a9b627db77f8ffcfe1,bc055e45589b741155daa6a4831abcd9,delivered,2017-02-21 20:00:15,2017-02-22 20:10:06,2017-03-03 09:41:59,2017-03-10 08:57:44,2017-03-24 00:00:00
5b04efc47b042c9734bf6d5a67be3b6d,28f681fea55229c3b5e12ef1950cd1c8,delivered,2018-01-11 11:36:29,2018-01-12 02:48:23,2018-01-15 16:44:51,2018-01-24 00:38:27,2018-02-07 00:00:00
a9d12173450be22cabf7f56bfebc2565,ce40914475f12c24e87e57bca904be45,delivered,2017-09-18 00:18:29,2017-09-19 20:55:09,2017-09-21 15:52:48,2017-09-22 15:32:05,2017-09-29 00:00:00
18dc026cdb7d39abde1489c336528961,84da83b05464fcc3d5b4e16cbc2f724e,delivered,2018-06-29 09:55:42,2018-06-30 02:52:28,2018-07-03 15:18:00,2018-07-12 18:59:38,2018-08-02 00:00:00
6912d1d57c7485dabdb724880c18671e,71c9eb6d4ab7aa0f41ddc13c81ca0b02,delivered,2017-11-14 11:44:27,2017-11-14 11:55:23,2017-11-17 17:32:54,2017-11-18 16:15:38,2017-11-28 00:00:00
d62c659d70b5d48e0533f60fc47d6791,e7556bb00ab4ae30b6cab3df2f2172b6,delivered,2018-05-13 22:18:52,2018-05-15 04:52:39,2018-05-15 13:01:00,2018-05-22 19:24:45,2018-05-30 00:00:00
95606e8113c2e8087c09cffe458fbf82,ac3d7f758530a079398af1d277f48d22,delivered,2017-05-16 10:15:30,2017-05-16 10:25:16,2017-05-17 09:32:15,2017-05-25 14:33:13,2017-06-08 00:00:00
3cb894b9d2fb0fa0ba040e556b246c07,a06524fca9b83c46872086690bd3ba2b,delivered,2017-08-23 09:27:23,2017-08-24 03:05:42,2017-08-24 13:47:05,2017-08-30 18:48:35,2017-09-19 00:00:00
32fea6db74ff9bb6c713d23f7328bfd3,4296db81df225793d5229d71e003ae39,delivered,2018-02-15 20:40:56,2018-02-15 20:50:29,2018-02-21 18:27:11,2018-03-14 17:57:41,2018-03-15 00:00:00
2455cbeb73fd04b170ca2504662f95ce,5e312b0d9bf5c91599eb42120e633b19,delivered,2017-06-20 12:39:46,2017-06-22 02:25:20,2017-06-26 15:33:02,2017-06-30 12:41:24,2017-07-12 00:00:00
4cfb3a2663fccb9b2a5428dafd8331f6,e5dc45000419ca258d65667325b488fa,delivered,2018-03-17 16:02:02,2018-03-17 16:10:29,2018-03-29 20:34:57,2018-03-31 19:28:43,2018-04-16 00:00:00
966c914d71ae9d1b59d440bcfc72d5cc,80c74074b2a3c419ee813c0b31ef95c7,delivered,2018-08-01 12:17:18,2018-08-01 13:20:10,2018-08-03 14:03:00,2018-08-06 18:03:38,2018-08-08 00:00:00
74d91ba3a172d733579d4b1b56c9c3e9,97197eaa11a1e7a2cbefb2839ed58cc0,delivered,2018-06-29 20:18:33,2018-06-30 20:15:13,2018-07-02 14:56:00,2018-07-05 18:22:35,2018-07-17 00:00:00
02bf0154cffa7eff0ce73027221834b9,1c37132d043014c19670796be17b81cc,delivered,2018-06-12 14:39:39,2018-06-12 15:26:35,2018-06-13 14:40:00,2018-06-27 16:37:56,2018-07-13 00:00:00
22557cb9c7229669e351a8460240119b,9a7a057f5e9560593d21cf17220b04b2,delivered,2017-08-08 23:13:27,2017-08-08 23:30:09,2017-08-09 16:51:58,2017-08-22 18:27:15,2017-09-05 00:00:00
5e682664f3f3651fbaf00a25915ef580,3d17ae229f9e6faa5a5b9a03037acbb5,delivered,2018-03-07 12:27:19,2018-03-09 18:29:23,2018-03-14 18:46:47,2018-04-17 16:42:03,2018-03-28 00:00:00
26bf23645f5371147a72f0bfa5d9eb6a,e35fd9b6c85b42d4c8461db5f1b4afc6,delivered,2017-04-07 00:03:29,2017-04-11 03:50:08,2017-04-12 11:51:06,2017-04-19 10:43:13,2017-05-11 00:00:00
e0ea5984952668059b3f3ef6a8554bb3,a3404c079e22a0ff2079ae7aaca9fbd1,delivered,2018-05-21 09:23:56,2018-05-21 09:37:04,2018-05-21 11:53:00,2018-06-04 17:51:52,2018-06-07 00:00:00
30f571a5f7cc70ba231ce76fbe1b17f4,b7f9b875753a063ace2e4ac9b0531a69,delivered,2018-04-19 16:47:02,2018-04-19 17:07:30,2018-04-20 19:34:43,2018-04-27 19:22:48,2018-05-14 00:00:00
0d4a6a514fd319d11eda911eda30da6a,79d047607f9ec18553cee7b117499d34,delivered,2017-12-13 14:35:31,2017-12-13 14:56:53,2017-12-14 20:17:17,2017-12-29 19:14:24,2018-01-17 00:00:00
26bb5de8af735f6720c8ed5eba9c0e9c,ac5464f145e02f0f756666b3e8792cf7,delivered,2017-07-27 17:49:19,2017-07-28 17:55:19,2017-08-02 20:32:44,2017-08-11 19:08:03,2017-08-22 00:00:00
7c14826dc2064f880f7652f2b1da73e4,459d2dd32c51b04f7abbeeaea3e7817b,delivered,2018-07-30 09:37:39,2018-08-01 16:31:38,2018-07-31 11:19:00,2018-08-03 19:47:31,2018-08-08 00:00:00
135873f19ffdd8c0841b7e7b7c45220c,c80dacf7bf207169171e7c16acacf880,delivered,2018-07-19 07:21:17,2018-07-19 07:30:08,2018-07-19 13:28:00,2018-07-23 21:42:36,2018-07-27 00:00:00
b88684db7b8ebb92f476c54dbdf76913,afc09b8f0ee2950d083a5367c077b4ea,delivered,2017-03-29 11:44:01,2017-03-29 11:55:16,2017-03-29 14:14:14,2017-04-04 13:13:54,2017-04-20 00:00:00
c9fe3cca849fd78e942704ee0078cedf,9dbb563726bbfc01c1ca04df3768e5e8,delivered,2018-04-30 18:56:27,2018-05-01 02:36:12,2018-05-02 15:02:00,2018-05-03 19:03:42,2018-06-01 00:00:00
9f00b61adc60e20d3af1622decd2820b,bb4cc8d0f3fb64a9accea9301b1a028d,delivered,2017-05-14 19:28:30,2017-05-16 03:30:57,2017-05-16 10:42:33,2017-06-02 11:59:05,2017-06-14 00:00:00
e761005140dd93f80bffda9f13eb3c7d,13f048312e6fe99823667c83ba371c8d,delivered,2017-11-15 20:08:45,2017-11-15 20:26:29,2017-11-20 18:48:41,2017-11-30 11:34:24,2017-12-05 00:00:00
7829b2091dbfa41a6b5731cbdbdffe1f,42d417a2a29a4bff0208fb79bce1320f,delivered,2018-03-19 21:26:16,2018-03-21 02:51:13,2018-03-23 21:52:44,2018-03-26 22:54:36,2018-03-29 00:00:00
74b7f4373a78df8c16862d9d0875c5b4,4809e9100000b2a6ce45e2bbbf3c7778,delivered,2017-07-18 08:52:42,2017-07-19 07:10:13,2017-07-24 19:57:52,2017-07-27 16:03:58,2017-08-07 00:00:00
873148516ea6e3bc8c008d756a2a228f,1a13ae9c45155eae252b87ca747618d6,delivered,2018-04-23 21:30:00,2018-04-24 18:38:44,2018-04-25 08:59:00,2018-05-12 18:56:38,2018-05-23 00:00:00
f3315317ae9053985e17b5378e2e6e51,36925ecfeecb282ef82fe8dc4cdee8e8,delivered,2018-04-26 21:42:12,2018-04-26 21:50:38,2018-04-27 15:37:00,2018-05-04 19:15:27,2018-05-24 00:00:00
68e4d7b489562de5ca0a4486d7d0c3d8,fefbefec320ab4ec0ddcf55a4901ebb2,delivered,2017-07-31 13:42:08,2017-07-31 13:55:25,2017-07-31 19:13:57,2017-08-08 19:48:01,2017-08-30 00:00:00
e58ed0440e44bc5b5e5cba33106e3f66,e6bd5e16b464734e9301c0062b36142c,delivered,2018-01-04 13:53:07,2018-01-04 14:01:29,2018-01-08 20:13:33,2018-01-11 00:53:16,2018-01-22 00:00:00
35b5ebbe9ea1f14657bfdfb4b52d7465,e2777962242ff48994c639668573a8ab,delivered,2018-03-07 19:45:14,2018-03-08 02:10:39,2018-03-08 20:07:40,2018-03-15 21:08:55,2018-04-05 00:00:00
0a8f35ef46160ef897c27ba8c423d823,21e1730d52b736bd20ae6c338e2d52b1,delivered,2017-03-16 14:12:58,2017-03-16 14:12:58,2017-03-17 07:48:42,2017-04-22 10:15:45,2017-04-06 00:00:00
6c2df403c867a6aa913b387d92999d43,cd07153a3e03b42c948bafeec3ff9b76,delivered,2018-03-05 14:47:54,2018-03-05 15:29:17,2018-03-23 20:38:47,2018-03-28 17:34:23,2018-03-27 00:00:00
2f3a10460f829a155fddd925f0e2f9c5,6a7ca7365d53fad7a6b7dd45406112de,delivered,2017-08-25 10:24:47,2017-08-25 10:35:12,2017-08-29 18:22:46,2017-09-06 17:53:00,2017-09-25 00:00:00
08ad3a94339e1bddb2167b3c51faa4ac,8dc19ab48e501be6368547d40ab20b50,delivered,2017-08-06 09:42:09,2017-08-06 09:55:15,2017-08-08 14:12:06,2017-08-15 19:48:37,2017-08-29 00:00:00
06b491ece3a9bd260341c1ad36870e8b,13ef9caa1bc8b42f3e24addaf15ea7be,delivered,2017-06-01 20:38:54,2017-06-03 06:42:52,2017-06-05 13:56:11,2017-06-12 12:57:51,2017-06-28 00:00:00
adb1748adc3299b13377d760724388f8,8430f7e352ca68176149c17ddcbdad1b,delivered,2018-02-21 18:14:58,2018-02-21 19:01:11,2018-02-23 19:24:52,2018-03-01 16:45:53,2018-03-16 00:00:00
fb7d6ea70e823cfb1afca3524282cbf9,715d3b0fa859b738afff1463a14395bc,delivered,2018-04-01 22:30:00,2018-04-03 05:28:15,2018-04-04 18:53:36,2018-04-11 19:42:01,2018-05-04 00:00:00
1e7daa50f3b5b4b0325e1467947249f1,afdadbcbb99c6cd9d3c3307f6e87d700,delivered,2018-01-11 11:06:03,2018-01-11 11:14:23,2018-01-12 01:12:35,2018-01-22 23:12:20,2018-02-08 00:00:00
90c1f1431bde35c669aa2ccb03f78553,b151c788c2414af65c8c4ffac1a594e3,delivered,2017-08-30 07:29:14,2017-08-31 04:32:23,2017-08-31 18:42:36,2017-09-08 19:22:56,2017-09-19 00:00:00
93148127b5171218691072991e78bdbc,ae8d66e811a5685e813d4fabe3b805a6,delivered,2017-05-29 09:39:57,2017-05-29 09:50:21,2017-06-02 14:59:57,2017-06-07 16:55:51,2017-06-19 00:00:00
1e8d091c9694d77f712f6540b7b54186,27b22920b041f339fc2ee118c3597c8a,delivered,2018-08-20 17:11:55,2018-08-20 17:29:48,2018-08-21 13:53:00,2018-08-29 16:54:58,2018-09-06 00:00:00
b63d14d5b4f36c400c5a897287b48a1e,51def764e5bbf0192ed1d8130cfce208,delivered,2018-07-27 16:36:49,2018-07-28 15:31:51,2018-07-31 09:02:00,2018-08-03 20:04:07,2018-08-29 00:00:00
f087f83b6e2db9f35f412e6ce337a35f,b3eb9775cff9b90a79574e3a3b992d08,delivered,2018-02-25 16:18:55,2018-02-25 17:00:24,2018-02-27 14:19:13,2018-04-03 01:22:16,2018-03-21 00:00:00
27a67bd7466cbdf5af5708129e2ca7e5,4c756f2c4da833ba391a526d128e1fbf,delivered,2018-07-26 12:43:09,2018-07-26 12:55:25,2018-07-27 12:39:00,2018-08-02 17:42:12,2018-08-24 00:00:00
5c2b38dc10cf46a3224f46dba893d26a,2d9d650ab42cedd47f35ce7a7e59a75a,delivered,2018-01-22 09:02:39,2018-01-22 14:13:26,2018-01-23 20:58:39,2018-01-31 13:45:23,2018-02-06 00:00:00
7b8adf17d100cd7c851eff1f6496083a,893aaa512b586b2f2c106ef02ebc0d5a,delivered,2017-11-09 09:33:15,2017-11-09 09:50:19,2017-11-10 00:14:31,2017-11-16 23:27:40,2017-11-29 00:00:00
c3e4094adfa71210e702f8e3f90b5569,befb9c2cbe0ffcea1a14e6be4f71cc9c,delivered,2017-12-12 19:45:01,2017-12-12 19:55:26,2017-12-22 23:39:02,2018-01-03 16:19:40,2018-01-09 00:00:00
85b1e09d7a230790544ffb86902bf77b,10c23e73ba4e0d1dba0fcb959305ecf2,delivered,2018-06-05 11:35:51,2018-06-05 14:31:34,2018-06-05 14:25:00,2018-06-06 13:46:01,2018-07-19 00:00:00
106b004da4aaa8f41d0115b6a7829a1a,287727ec8b614d295c75cc4f52d401ac,delivered,2018-04-26 16:05:23,2018-04-27 03:51:00,2018-04-27 11:19:00,2018-05-06 17:39:02,2018-05-10 00:00:00
185e7ea81e4cf0fc1d2f4e8e38e8e7e3,f23c4b530f6d7d421de1e38d3e0cc327,delivered,2018-05-28 22:39:59,2018-05-30 02:32:13,2018-06-01 08:51:00,2018-06-18 22:12:25,2018-07-31 00:00:00
5f8af87da2123c6841b3941b3b5f478e,d4f33d75831b7cfcfb2cbede8e0c7cbb,delivered,2018-08-07 22:22:31,2018-08-07 22:35:18,2018-08-08 15:47:00,2018-08-10 17:57:59,2018-08-21 00:00:00
b3abe697965039908d3203cd063a2ce6,5feb65652220fea019c7efd7146849d4,delivered,2018-07-31 14:45:52,2018-07-31 15:40:20,2018-08-01 16:01:00,2018-08-02 14:08:45,2018-08-08 00:00:00
fe2acdc8b73107a92358adf3005a5433,3f164ed2911cd505baca4a985fa57fcf,delivered,2017-09-02 21:37:22,2017-09-02 21:50:24,2017-09-05 15:18:34,2017-09-08 18:12:57,2017-09-22 00:00:00
7dfff541b2a848ecb18ceb83d02bfa6a,5510a0757de57b34e27fd23c1942793a,canceled,2018-03-23 13:44:28,,,,2018-04-11 00:00:00
028369515408fa864cfe50091d4e76c5,dc9919c18e50e3160afe68a91cfcbc6a,delivered,2017-09-01 16:48:51,2017-09-01 17:04:34,2017-09-04 17:36:47,2017-09-12 18:08:31,2017-09-20 00:00:00
625b3de89355b67e8efec2e3c467d6e0,18612b0caa6abd8c64a1240be7f0c06c,delivered,2018-05-29 19:35:03,2018-05-29 19:55:54,2018-05-30 14:45:00,2018-06-05 19:18:27,2018-07-13 00:00:00
23a2b629fd7a428b5ba4587794ff8b56,7094766b39435a8925152a0f675449ec,delivered,2017-12-25 22:38:18,2017-12-25 22:48:20,2017-12-26 21:13:41,2017-12-28 19:41:58,2018-01-15 00:00:00
7b994fc7c7528d2098eebcb19d18ce7e,81ad00659acc734aa6a7eb51a27f93c3,delivered,2017-08-25 09:15:51,2017-08-25 09:33:16,2017-08-29 10:46:29,2017-10-01 13:52:43,2017-09-25 00:00:00
f94a0462cf50552772e515493550bc4e,6d57ec6cb7ed54490d99bf28d64aca94,delivered,2018-02-19 13:04:45,2018-02-19 13:26:38,2018-02-20 18:39:04,2018-02-21 20:33:26,2018-03-05 00:00:00
fe2c0c8f40ab6263806c513fe424fa44,5a3c92f3f76b6d40e1899fcb3c200510,delivered,2017-11-05 18:59:55,2017-11-07 14:15:20,2017-11-08 13:36:43,2017-11-14 19:03:25,2017-11-28 00:00:00
8054d343a41978d8c122045b28eb5e00,10a59de74df59fc077830fdd95db4a56,delivered,2018-07-31 15:54:10,2018-07-31 16:44:17,2018-08-02 06:03:00,2018-08-07 18:40:56,2018-08-24 00:00:00
26e5ea27a6fddbbf4b360bdcd90c30c8,a9393533a76acd87a5bd1768ef52cf7f,delivered,2017-10-24 10:43:48,2017-10-24 10:56:14,2017-10-24 21:53:39,2017-11-09 23:12:20,2017-11-16 00:00:00
b27afd384fc03b22ea356feec6f95dbf,f4fb69d52b1b631b812eba9e26749994,delivered,2018-08-03 11:45:23,2018-08-03 11:55:18,2018-08-06 16:44:00,2018-08-09 18:14:32,2018-08-16 00:00:00
cce1b8a1c5f8b1d224e19628299c8f54,63433f6eb6f0a79cbb24e940d0ab17ad,delivered,2017-01-05 13:33:45,2017-01-07 03:44:27,2017-01-11 15:35:53,2017-01-17 16:51:39,2017-02-01 00:00:00
0c2cc9644e4c9bb77092c7971cc436bc,68fa28baf59e30e1b833f9a21c35ba14,delivered,2017-08-21 16:49:22,2017-08-21 17:06:03,2017-08-22 20:49:52,2017-09-05 16:26:10,2017-09-19 00:00:00
e90fcc2b428a70a691e3b919ec4d8726,fdbb5e86252d6bb9bfddaabaf1ff7f56,delivered,2017-10-16 12:29:49,2017-10-17 04:08:41,2017-10-17 21:24:00,2017-10-28 13:37:43,2017-11-07 00:00:00
5a97cb85d8737c11775451e5bcf67286,4f7a71f3048222b151b6ae9d4bc15e6b,delivered,2018-07-30 15:02:13,2018-08-01 02:44:09,2018-08-07 10:00:00,2018-08-13 22:48:30,2018-08-22 00:00:00
15623f35d6d5eaa2fcd185a613927e86,02548f54167adc674352fe5b7825ffcf,delivered,2018-04-18 19:04:52,2018-04-20 07:32:14,2018-04-26 09:29:00,2018-05-10 20:11:39,2018-05-21 00:00:00
56dff4484c68636969e851203694d13e,787b495451c8e31d9383f73a96184115,delivered,2017-11-28 02:01:13,2017-11-28 02:12:22,2017-11-28 17:42:18,2017-12-11 17:52:28,2017-12-22 00:00:00
70c5ccc21360b2f9c8f0a0decfb4e41d,d4217fcb991f5bc95ee2f5d7fd903cad,delivered,2018-08-14 19:46:25,2018-08-14 19:55:29,2018-08-16 16:26:00,2018-08-29 19:02:39,2018-10-23 00:00:00
4a9926db4f145a7facd1709ecf22bb25,5c7e0f8f6aa8e9d4f5703d54108df291,delivered,2018-02-08 11:55:21,2018-02-08 12:09:45,2018-02-08 21:07:35,2018-02-19 19:59:24,2018-03-15 00:00:00
969791845aebad4fe9d49530189384b9,bfea4a98ad57e429a31dab20bfe4375f,delivered,2018-02-06 15:50:36,2018-02-08 07:35:59,2018-02-14 21:57:32,2018-02-19 21:48:58,2018-02-22 00:00:00
9f775377f0750b17db861c49f3bcc8d6,993e7665a6812825d712d7903b645acd,delivered,2018-05-21 13:12:43,2018-05-21 17:17:58,2018-05-22 13:55:00,2018-06-09 10:58:47,2018-06-11 00:00:00
add9b8e58a85333ecd17897517ceda1b,592da19fd99a3565762a49b2103cbd26,delivered,2018-07-17 21:07:47,2018-07-17 21:21:46,2018-07-19 12:24:00,2018-07-26 22:05:02,2018-08-01 00:00:00
4fe900d6fa9492ee36b17a34cef5d7ad,a03826b12390e0e13d71e2b420537298,delivered,2018-05-07 18:04:13,2018-05-07 18:34:50,2018-05-08 15:18:00,2018-05-14 15:56:46,2018-05-21 00:00:00
d7b464f6f1a31734fefea7eb6e9a9908,5a3bb993a582c8d3042cde231649578a,delivered,2018-07-22 17:47:27,2018-07-23 12:32:17,2018-07-25 16:23:00,2018-07-26 16:21:16,2018-07-31 00:00:00
66eb8c748be99c3107d318f370cd9aa2,72f4681642ad6cbcfcb011920336f1d7,delivered,2018-04-18 23:24:27,2018-04-18 23:35:09,2018-04-19 18:26:44,2018-04-26 18:07:24,2018-05-11 00:00:00
415056cb7470ad427166fe14005a772a,598b8b0e223d238b639c7bcfa7fb6ca1,delivered,2018-05-03 16:02:17,2018-05-03 16:16:54,2018-05-07 14:57:00,2018-05-14 19:08:44,2018-05-28 00:00:00
d33aab7eec3e76dd7e074c6ff1121b6c,6119b42d0975a0c383c5f59f5ae0fa4e,delivered,2017-08-04 18:31:12,2017-08-04 18:45:10,2017-08-08 16:46:46,2017-08-15 19:47:36,2017-08-30 00:00:00
011405ae7b89def8ffb3468eb29c299d,a9262f07bdf485ee87c6780a830ff83a,delivered,2018-05-04 13:39:26,2018-05-05 13:50:23,2018-05-07 15:44:00,2018-05-09 13:14:40,2018-05-21 00:00:00
af1f8e604dd6e52d35dd93dd7c2b46da,30fe36e40e801f6f55cce8ee4aae9da3,delivered,2018-03-22 10:32:32,2018-03-22 10:49:39,2018-03-28 23:18:59,2018-04-06 18:31:50,2018-04-17 00:00:00
47e395802e5caea991cb407fead78614,db6e5ae977b1bf6f0dd591cf101e73f1,delivered,2018-05-15 15:15:21,2018-05-15 15:35:18,2018-05-17 08:25:00,2018-05-21 15:03:25,2018-06-04 00:00:00
07460d5693ce1f6577ebd04b4ad091eb,0ff624414ba63f57af8921508338a509,delivered,2017-09-25 07:46:47,2017-09-25 08:32:21,2017-09-26 12:41:37,2017-10-02 20:32:16,2017-10-19 00:00:00
66b59bf4515765f0bcfc3e42cf2ff344,8a83cd2272d6fb105959b4385ff872ec,shipped,2017-12-02 19:30:00,2017-12-04 19:30:25,2017-12-06 20:25:30,,2017-12-27 00:00:00
29b56ecd8b55b6089065dad2fe85a0b8,3db805014861b40ee4e4e82e8d7ae5f5,delivered,2017-03-07 15:26:42,2017-03-07 15:42:59,2017-03-09 08:44:32,2017-03-13 11:06:19,2017-03-31 00:00:00
d02a5a29d82eed1f82be00c04745ea7c,ea27eeb8eb04badc2dbfe54cb1e54f74,delivered,2018-06-19 18:25:25,2018-06-19 18:56:33,2018-06-21 12:51:00,2018-06-27 16:09:28,2018-07-11 00:00:00
5c9657078bbc1c0b67c071d651331b9d,40c55da090bab9a49ec1e80f4aba5232,delivered,2017-03-10 12:50:20,2017-03-10 12:50:20,2017-03-14 12:34:16,2017-03-17 05:27:55,2017-03-29 00:00:00
eede6f786783c6fc09da4a544e83e4d8,19500cbae8a09fc49b75153c4c965f9d,delivered,2018-05-01 14:28:32,2018-05-01 14:54:30,2018-05-02 15:19:00,2018-05-11 00:08:30,2018-05-15 00:00:00
0c2ffdbbbd418a6e9f2bb7fa8ebd9b35,38e0361914e4c2f5254078d7b06e7eb7,delivered,2018-06-19 11:16:23,2018-06-19 11:35:19,2018-06-19 14:57:00,2018-06-22 22:22:45,2018-07-11 00:00:00
bec18cf4e07d7c422cbbeca1ba9573f2,0d8cf529cece1d9d7b45ade2d37a7a42,delivered,2018-07-23 20:08:08,2018-07-25 03:04:40,2018-07-25 15:52:00,2018-07-30 15:38:49,2018-08-09 00:00:00
4d4dd908b377956e48b6c6a89e59e37b,627118c4a3a8765bf653b5a4748fec00,delivered,2017-11-15 16:14:25,2017-11-15 16:26:24,2017-11-17 17:54:53,2017-12-12 14:33:56,2017-12-12 00:00:00
015e6682b50c824bfdab6b866f937936,f6188d661010819b1eac0c417e0c4cdf,delivered,2018-01-23 16:03:56,2018-01-25 02:38:30,2018-01-26 18:32:31,2018-02-03 17:19:45,2018-02-07 00:00:00
d43fdae293f477cfaa36000252f3973f,c6cdda931e94d2a4136ea836c96e43f1,delivered,2018-05-06 08:59:22,2018-05-06 09:10:21,2018-05-07 12:19:00,2018-05-17 21:46:29,2018-05-28 00:00:00
c6b0f4a5ccf598922d592d8c56c044b7,763c1c6bf0c0a0f2412923201495f1d9,delivered,2018-01-14 19:07:42,2018-01-14 19:29:04,2018-01-15 17:28:29,2018-02-11 19:25:06,2018-02-14 00:00:00
71269bfaff77cbd93b48e1dc0f548f69,ff6f39a2a4be2c5fe2e1f334a984361c,delivered,2017-03-06 11:23:04,2017-03-06 11:35:20,2017-03-06 13:00:21,2017-03-08 16:23:05,2017-03-27 00:00:00
90c2eda21ac12f7fb2e6fe3db2b81def,aa71b21388b99444414a772acde9f6aa,delivered,2017-09-18 13:58:03,2017-09-19 03:34:08,2017-09-20 17:55:25,2017-09-22 03:05:00,2017-10-04 00:00:00
f68394e0df67be098e9ed2a84109e7d7,0c3c9fbd68d650006c7eef90d8d1f37c,delivered,2018-02-09 19:55:20,2018-02-15 03:47:49,2018-02-15 20:21:43,2018-03-01 01:36:33,2018-03-13 00:00:00
9c3225a3efe9fb83ea06492acb99d42c,a3841b3e4a14793967fb8b112db2c81e,delivered,2018-08-07 15:38:33,2018-08-07 15:50:19,2018-08-21 05:35:00,2018-08-27 17:31:37,2018-08-23 00:00:00
8311aa3b9c474639d7f344868c3fe150,ca55286eb1f92efc0b7b26632ff9645a,delivered,2018-01-03 11:18:09,2018-01-04 05:11:07,2018-01-05 19:49:03,2018-03-20 15:18:36,2018-02-02 00:00:00
78b0a4015f5da60b5e2371d7fea67658,b1a32b560093cdad033bcdc59baf0949,delivered,2017-12-06 00:29:20,2017-12-06 00:49:43,2017-12-06 20:36:38,2018-01-04 00:44:46,2018-01-15 00:00:00
c4cac393cb3ff78fe2823fc2222d1f04,78d427634ec98904f8cace487db29329,delivered,2017-10-20 15:17:16,2017-10-20 15:35:17,2017-10-23 19:42:51,2017-11-10 21:47:53,2017-11-22 00:00:00
5d2331c2b9c856b5b42d3c9f0c9b97cc,251a0c3704affcfc069c2ed0ec3937b7,delivered,2018-08-19 18:36:01,2018-08-21 04:50:08,2018-08-21 13:56:00,2018-08-24 15:06:51,2018-09-13 00:00:00
a8097c0d6367263ed08ac7fa6b864235,63818bdafc7f8f42cbe050738e7910d5,delivered,2017-04-16 14:43:09,2017-04-18 03:45:48,2017-04-24 09:05:56,2017-05-16 16:15:52,2017-05-25 00:00:00
933f646b0564df1cdc8c8b7427d7c116,d6b83ccafd98258fb986afe81823a923,delivered,2018-05-18 13:17:44,2018-05-18 13:36:37,2018-05-21 14:47:00,2018-06-05 23:38:30,2018-06-06 00:00:00
b32669c7ee374ba5372e0824e5ec560c,b80ecede4483f7ca92378b5b0903bb6e,delivered,2018-01-09 22:19:35,2018-01-10 10:32:53,2018-01-10 21:21:53,2018-01-17 12:55:12,2018-02-02 00:00:00
d80bc8900db383324d145cfb1c1aa854,1de6c6c911ceda2be652cd0db03d930e,delivered,2018-05-26 07:48:45,2018-05-26 08:19:52,2018-05-29 14:10:00,2018-06-07 18:51:46,2018-07-04 00:00:00
2fdd596723c47b1dd0dcade4d2cd1df4,3faa0b42ec04b1eb50445122ce3b70d5,delivered,2018-07-31 20:50:52,2018-07-31 21:05:08,2018-08-03 14:18:00,2018-08-06 15:03:33,2018-08-07 00:00:00
3a3239fa60ea2f77a53990f66c3f1a45,939e0c3e47b5402a26179847300547ca,delivered,2018-03-02 17:37:53,2018-03-02 17:50:37,2018-03-27 15:12:52,2018-04-04 15:43:43,2018-04-11 00:00:00
f2d872bfea08d627b7910014e94c7e3c,a765a1a1e99445be6ccc6cca32e491b8,delivered,2017-03-03 16:09:17,2017-03-03 16:22:21,2017-03-06 09:07:59,2017-03-20 09:43:48,2017-04-03 00:00:00
17d1c72c26f43dbcb91705626271e2f0,a31825d0c893a0c13dd57cd8a6e22b93,delivered,2017-11-02 17:18:08,2017-11-02 17:25:53,2017-11-03 14:37:56,2017-11-23 17:41:06,2017-12-07 00:00:00
45f1ccbf2f111134d9763586f13b76d9,03cc560a190bd173cdb410ea38c6620b,delivered,2017-03-20 22:39:58,2017-03-20 22:39:58,2017-03-22 14:05:37,2017-03-29 16:23:11,2017-04-10 00:00:00
2ec89189369ca4f4e76799f715c1c6d1,a8a64714312e18e9a2688e946676653c,delivered,2017-05-25 01:07:51,2017-05-25 01:25:31,2017-05-26 09:58:29,2017-05-29 12:42:09,2017-06-08 00:00:00
5c2b36b8e747abcc27f2d9ab379ed334,a8d9188653afcf6f3069b492036c41e5,delivered,2018-07-16 18:43:18,2018-07-16 18:55:21,2018-07-17 13:22:00,2018-07-24 15:28:42,2018-08-02 00:00:00
4ff21c3d42e746cac31c00b864aa71aa,f064e65677f0641ee4c4d4bfd7b006a3,delivered,2017-12-30 12:13:15,2017-12-30 12:27:06,2018-01-02 19:09:42,2018-01-13 02:37:06,2018-02-06 00:00:00
e99d985e66dc0f62859946b86b5beaff,6124c09496fb12b9864ce0fa6673e6b2,delivered,2017-08-05 17:45:04,2017-08-05 18:03:28,2017-08-08 12:18:56,2017-08-09 19:28:11,2017-08-18 00:00:00
9e1b7a7d17aa42da16ee605b5fee2e0a,dae065b8336e64030d11819d033138ac,delivered,2017-01-25 13:15:38,2017-01-25 13:30:10,2017-01-26 12:06:48,2017-02-03 15:53:49,2017-02-22 00:00:00
2e7ca2344bf0db90bba866fa90409cfd,7c6ad448c2b439bc21d9b7c43dcae72c,delivered,2017-09-21 13:21:22,2017-09-21 13:35:25,2017-09-29 19:50:02,2017-10-11 20:58:14,2017-11-03 00:00:00
08ec1f862c4cca80515d39b2787601f4,107a43f9c1860b4116fbf0519f888c3c,delivered,2017-11-05 01:06:20,2017-11-06 22:35:59,2017-11-07 19:03:09,2017-11-30 19:44:35,2017-12-12 00:00:00
f1fef02958f49028cbdab162242010b8,12e8c8555bb112b2fed453feba6224da,delivered,2018-07-25 18:58:01,2018-07-25 19:15:08,2018-07-26 10:42:00,2018-07-31 14:58:32,2018-08-08 00:00:00
ac16a498e09da326e763056460491b62,f858513de32fba312a3e5a156f2c8908,delivered,2018-03-31 18:28:25,2018-04-03 05:28:03,2018-04-04 17:42:55,2018-04-05 18:34:34,2018-04-12 00:00:00
4519eb4d4f31920150447454d2a0b560,feba7fb74fbd42ad8797ac9346f33c9d,delivered,2017-08-21 19:07:53,2017-08-21 19:25:17,2017-08-22 15:07:50,2017-08-23 19:08:13,2017-09-01 00:00:00
b4eed0937529c145938bdfcb03ed14d2,c4dc2f61b3a3548a9a879a265f8fdc92,delivered,2017-11-05 01:22:08,2017-11-05 01:35:27,2017-11-07 19:08:38,2017-11-09 18:08:04,2017-11-24 00:00:00
d57dc0719a809a0b1f533d4b150fea47,41e5e8ebaf5c8d1409814afd4174567d,delivered,2018-05-14 16:47:21,2018-05-14 17:18:42,2018-05-16 12:08:00,2018-05-21 20:48:40,2018-05-28 00:00:00
55ca27587481961b3a085c32da46f015,f7affc6b52397ec89170a5d381b270f0,delivered,2017-12-25 16:31:47,2017-12-25 16:48:57,2017-12-26 16:16:18,2018-01-05 21:58:54,2018-02-01 00:00:00
aa4634ff761133d98df37cc039021823,7a0a62073458a64b47eefca7f10df997,delivered,2017-11-21 23:18:44,2017-11-22 23:26:17,2017-11-24 16:58:55,2017-11-27 19:47:41,2017-12-01 00:00:00
ac23bb5f547b54edd5f51fc7395f1b82,103a3e0dc4ce3737213fa7c10a839e5c,delivered,2017-06-16 16:06:19,2017-06-16 16:23:06,2017-06-19 20:56:30,2017-07-03 17:03:19,2017-07-10 00:00:00
f8332e57ea462615c306d9c51333b744,c8264ac3fe404850da5ff804eb71d719,delivered,2017-11-29 16:42:47,2017-11-29 18:12:31,2017-11-30 20:52:12,2017-12-13 01:06:02,2017-12-22 00:00:00
005a1dded353107dbabf8ffc83a20365,d7165639dc4a682258711343560a17d3,delivered,2018-02-09 18:00:00,2018-02-09 18:10:50,2018-02-14 23:40:04,2018-03-02 22:41:48,2018-03-07 00:00:00
fe489200f721ffaeee9f708dae591569,e2a1ff977c145d903e6dc4e6e13213f7,delivered,2018-01-19 21:59:11,2018-01-19 22:16:18,2018-01-23 01:22:18,2018-02-06 20:03:17,2018-02-16 00:00:00
00f6ac4816d12f49026b09f2aa77d15f,9bb70fa63970b9d88191a90481d551da,delivered,2018-08-06 17:17:40,2018-08-06 17:30:14,2018-08-07 14:39:00,2018-08-13 16:18:48,2018-08-27 00:00:00
7a189472050d185af07c5550a7dfc5ad,ab7d67572040ac842951475610557d96,delivered,2017-12-05 21:45:56,2017-12-05 21:58:54,2017-12-07 18:47:20,2017-12-21 16:52:06,2018-01-08 00:00:00
f22420a030f491fdcaabbc5573a9ff39,001a57041f56400917a187dd74e6cbc1,delivered,2018-01-17 21:22:51,2018-01-18 21:16:24,2018-01-19 21:58:38,2018-01-20 12:07:32,2018-02-01 00:00:00
b08e0b030ec3af9bc4ca51134a0bfced,1147cfa7db718ca80236195d7fbf7dcd,delivered,2017-06-19 22:42:16,2017-06-21 02:32:14,2017-06-22 08:16:36,2017-07-05 17:19:45,2017-07-11 00:00:00
570eccb41678dc30af2792b28b86bb45,73cbcead38309070bf1ad4ad60c8f638,delivered,2017-04-24 08:44:08,2017-04-26 09:36:58,2017-04-26 13:12:22,2017-05-11 12:33:18,2017-05-30 00:00:00
85cc597a6403094c0e538adabc0965b6,456ae1937d2c1b366e333b0c9ad6c798,delivered,2017-12-07 17:08:38,2017-12-07 17:33:06,2017-12-12 18:27:14,2017-12-20 13:48:50,2018-01-04 00:00:00
d72f653ddc9ff2fd28a70168d20aaf82,d728e1d8c703abb8872d83b85532ccb6,delivered,2017-10-03 13:03:55,2017-10-03 13:14:17,2017-10-04 20:03:12,2017-10-10 21:13:58,2017-11-01 00:00:00
366f322ad95ebd9a14346c9f8425a68b,a23719a98faaed0e45e77564e1ec3f47,delivered,2017-12-01 11:07:35,2017-12-01 11:31:24,2017-12-01 19:35:08,2017-12-04 20:33:05,2017-12-19 00:00:00
0589d8b975f21fea2ad626ea99527911,77dc1be4c4766a308f7c7516b732a825,delivered,2018-02-27 16:36:42,2018-02-28 16:35:43,2018-03-01 18:47:44,2018-03-07 22:44:26,2018-03-28 00:00:00
ef21ebeb08690a0a1e20959c4d9f6357,7b18513ebd2fce36ff6408b7805252d6,delivered,2018-07-14 13:33:00,2018-07-15 14:15:14,2018-07-16 15:21:00,2018-07-20 19:08:57,2018-08-03 00:00:00
70797100fedf9c14e0d0008c876f11b5,1661d19b3ecbfcabf7d551f2d0ad2733,delivered,2018-04-02 21:32:22,2018-04-04 03:10:18,2018-04-05 00:49:42,2018-04-12 17:21:18,2018-05-03 00:00:00
d050bb999c176f3275ed9876c64e0033,baa526bc6d733ee2f41e97e07a3a4d19,delivered,2018-03-17 17:57:04,2018-03-17 18:10:45,2018-03-19 18:26:43,2018-04-02 23:22:23,2018-04-16 00:00:00
39900b73a172015fa77a5a451c3cbc95,ef1e161c896524bd9b91e77ad5e5fae4,delivered,2018-08-19 23:28:25,2018-08-21 04:10:32,2018-08-23 14:40:00,2018-08-30 00:55:22,2018-09-06 00:00:00
ed2c57fed139a0eca6a0204624201f0c,4623cf76f5a83537bd7d4dcd07c213a6,delivered,2017-04-19 17:26:36,2017-04-19 17:42:25,2017-04-24 14:55:48,2017-05-16 08:17:32,2017-05-18 00:00:00
64bf167fb87c4bccf7cbfde95d835ed5,1cff04e5f7309d1e3439088588d45794,delivered,2017-08-18 06:47:24,2017-08-22 04:10:53,2017-08-22 18:08:03,2017-08-25 20:59:46,2017-09-08 00:00:00
84a1a8e9b6cf26aee8cb39ffb391362f,cf8eccf3a8f869c99693c1acb74363b8,delivered,2017-09-17 19:14:25,2017-09-19 04:05:43,2017-09-20 20:22:25,2017-10-11 22:04:03,2017-10-17 00:00:00
f838a927949e184c27e9965fdb239fcf,adaf22826d5921da0c7f050ca0015c4f,delivered,2018-08-06 22:18:08,2018-08-06 22:30:10,2018-08-07 14:32:00,2018-08-10 23:03:15,2018-08-17 00:00:00
47bcc66b360244699053868c95917bd7,6107b1307038a1ce0780b1ac1653fceb,delivered,2017-11-23 15:01:48,2017-11-24 03:12:13,2017-11-24 20:42:59,2017-11-30 21:44:46,2017-12-15 00:00:00
3ee6694bb99d5a6db0deceffcd099597,127237a4aa0bd9ecc09015f781c9fc27,delivered,2017-07-07 11:22:13,2017-07-07 12:25:07,2017-07-11 18:15:40,2017-07-11 17:41:26,2017-07-20 00:00:00
381d16906fcc904fe66028d7438ebc3c,26bae6c90b4b6d9a7260381fd825f8b2,delivered,2017-07-05 23:46:38,2017-07-07 02:44:19,2017-07-07 16:07:00,2017-07-11 19:25:37,2017-07-27 00:00:00
659931410d19a914a52ca0a46bc7992a,5ffc28dba523459f96579e4af297055b,shipped,2017-11-18 11:18:48,2017-11-18 11:32:58,2017-11-22 13:32:36,,2017-12-01 00:00:00
7d21fbcf5adce98ed57bc3ce5b30b754,5e06bbf7e96e7db95a4c42d998405bd5,delivered,2017-03-22 13:49:34,2017-03-22 13:49:34,2017-03-27 15:30:22,2017-03-29 15:33:06,2017-04-10 00:00:00
a65b4ca3851f2b54790d82614f404348,00502500a53243e07961383bf1a6fa82,delivered,2018-02-20 14:24:58,2018-02-22 02:08:50,2018-02-23 02:49:05,2018-03-10 17:26:48,2018-03-12 00:00:00
dcedb7d667c1e037b8e0a8910c6bd8a1,3cc792173620bddd0eb03256cd379014,delivered,2017-06-14 18:16:12,2017-06-14 18:25:15,2017-06-16 15:27:53,2017-06-23 10:57:41,2017-07-05 00:00:00
0fe1829613c45b423f51aa8949dd8d57,91a40cc40254f748df9028c2cfce3e69,delivered,2017-04-04 13:34:33,2017-04-04 13:45:14,2017-04-06 16:57:54,2017-04-11 15:23:12,2017-04-27 00:00:00
babf3827fed8e4f27b7d8a680af07e43,136dbac56cabaf131db79d6032ade0c2,delivered,2017-10-28 12:40:43,2017-10-28 12:55:52,2017-11-03 20:43:01,2017-11-13 20:19:39,2017-11-21 00:00:00
284b02fa3e9a13f33180080d6c8fea2e,9c3fb1109b44bd639e335faff15da8b4,delivered,2018-02-18 19:06:20,2018-02-18 20:27:05,2018-02-20 19:40:23,2018-03-23 01:38:50,2018-03-16 00:00:00
02be6bbf24cd996eb35dad6e9e7a09ab,c68ba7c278daca261cc3ae4f90821d39,delivered,2018-01-19 10:19:28,2018-01-19 10:33:00,2018-01-24 22:54:54,2018-02-07 21:07:06,2018-02-14 00:00:00
b75ec2d4ba9e40634c65c4b6be946b6c,b84999d47cecf126835a23650ee4ecb8,delivered,2018-08-19 20:04:58,2018-08-20 14:53:37,2018-08-21 10:39:00,2018-08-29 19:18:24,2018-09-05 00:00:00
bda3c40c66117ac3211d4934f4a43ec6,1f7b6a50b303ed3ba8d54c2c87f2b683,delivered,2018-07-30 21:46:21,2018-07-30 22:04:34,2018-08-09 10:16:00,2018-08-10 21:53:31,2018-08-10 00:00:00
2c688788cf900283017516f05f50ebb7,32d28319e13266b3b88962cd06845ce6,delivered,2018-03-07 20:26:34,2018-03-07 20:35:36,2018-03-08 22:44:36,2018-03-29 18:43:25,2018-03-28 00:00:00
ccb44718a5b5b8bde31b24e888d56d09,71e4f35b8320ed3493a88df6af9f6651,delivered,2017-10-25 18:46:38,2017-10-25 19:07:05,2017-10-30 17:10:34,2017-11-06 23:48:25,2017-11-23 00:00:00
6e27f04e8947d6be930769e3ce557bdf,259e07ebcf2a6be5fcd98f01099eb7f4,canceled,2017-03-05 01:03:51,2017-03-05 01:15:09,,,2017-03-29 00:00:00
793e8a915e5cab9e60a0315c67380b12,8caf4f50077ccb67b019d85c42b48046,delivered,2017-10-01 12:48:14,2017-10-03 09:49:45,2017-10-04 19:59:46,2017-10-16 18:36:31,2017-10-30 00:00:00
ab116cd2cf14c6bfe1c624dfaedce308,dbf67ffbea0a80040ea2b6cde14ea06f,delivered,2018-03-27 00:17:22,2018-03-27 00:30:15,2018-03-27 18:51:40,2018-04-06 18:08:28,2018-04-23 00:00:00
47106caf7707ccc0552581877874349f,73c65731f86095845be2da68f658284d,delivered,2018-08-11 11:01:19,2018-08-11 11:15:12,2018-08-15 13:55:00,2018-08-17 21:42:01,2018-08-28 00:00:00
fda6b3dc0172753cc6d00bddb5d4a6e7,1e2489ff630b27c2e1d61797902467d1,delivered,2018-06-07 16:36:01,2018-06-08 19:31:01,2018-06-11 12:54:00,2018-06-15 20:12:38,2018-07-05 00:00:00
43ed2e201f59c4d2f7778d8e8c526fae,af06df1640aa1b80da72dc5687ce5a92,delivered,2017-05-29 17:45:13,2017-05-29 18:45:24,2017-05-30 16:26:04,2017-06-01 14:53:44,2017-06-21 00:00:00
eee0d370c2154116eb2fe9e4c75532e6,3f4c0f7e7fb59e7411dfb858748e45c3,delivered,2018-02-04 19:17:03,2018-02-04 19:30:21,2018-02-09 23:26:52,2018-02-16 22:26:32,2018-02-21 00:00:00
db66ad4e69244a08ca990191877c78b5,fe15baa89a27d9486370adc29d11983a,delivered,2018-01-01 18:28:26,2018-01-03 04:33:30,2018-01-04 21:52:20,2018-01-11 21:06:23,2018-01-30 00:00:00
b0fea5446bb8ef92a53f062f4851be03,a43dbb1bf6bf0370736768de1e7210a8,delivered,2017-12-12 20:58:48,2017-12-12 21:11:37,2017-12-13 15:57:05,2017-12-19 15:51:55,2018-01-12 00:00:00
869bb454aa7fd93af2e620c1d34d5e49,be55f2be3c967a6b77b75158d8d6260d,delivered,2017-09-02 17:37:10,2017-09-04 15:45:30,2017-09-05 20:13:04,2017-09-13 20:39:03,2017-09-28 00:00:00
4ef8fef15b3a1986d266d349b21ab021,8ad2cd280907b0111796b6218d3fe67c,delivered,2017-03-09 20:16:03,2017-03-09 20:16:03,2017-03-13 10:32:33,2017-04-17 15:23:36,2017-04-03 00:00:00
18b33f2430f136a8deba8893596a53da,436f56dcdaacb0a631a8dded7fd62bdd,delivered,2018-08-09 11:04:21,2018-08-09 15:25:33,2018-08-10 12:40:00,2018-08-17 10:47:31,2018-09-10 00:00:00
8624511aa767a83ed91a47c158320964,376b286a6479ddacb9374ba88f19178b,delivered,2018-08-06 15:26:36,2018-08-06 15:44:40,2018-08-28 12:58:00,2018-09-03 17:26:49,2018-08-29 00:00:00
db5e341b9a765a33fd41da0b3f0944dc,c2d4ca05c1058ed1b1f59df1255cd148,delivered,2018-02-04 11:42:14,2018-02-04 11:55:33,2018-02-06 01:33:50,2018-02-22 14:36:58,2018-03-12 00:00:00
c23e8e36f82a11a84550ad1e7c87e24a,e16b5a59a6a1f4a9e047efc6ca0af440,delivered,2017-06-23 19:45:24,2017-06-23 19:55:10,2017-06-26 16:42:52,2017-07-05 15:11:44,2017-07-19 00:00:00
9d7c75d76a63b0e133c2cc1b3b4b7faf,f802cd630bf91e3ac28c73f26e1a9f94,delivered,2017-04-23 11:42:23,2017-04-23 11:55:10,2017-04-24 13:03:40,2017-05-04 12:42:33,2017-05-15 00:00:00
00048cc3ae777c65dbb7d2a0634bc1ea,816cbea969fe5b689b39cfc97a506742,delivered,2017-05-15 21:42:34,2017-05-17 03:55:27,2017-05-17 11:05:55,2017-05-22 13:44:35,2017-06-06 00:00:00
fac596e78a482c65c9ebe4d9f7d8eb67,c79c0283008594b41e0a8a8c923d3d7a,delivered,2017-08-29 08:05:44,2017-08-29 08:15:15,2017-08-30 14:51:58,2017-09-18 16:08:04,2017-09-21 00:00:00
864fb7308cf63ed5141c340f258de1b5,01c9d951957a4e8c098d7ba50e8a3f9c,delivered,2017-11-15 09:16:57,2017-11-15 09:26:55,2017-11-16 19:58:23,2017-11-17 18:56:52,2017-11-29 00:00:00
549724824079ea56bf8f03069347fe0e,cf60e547390ad78dba593467dcfd853c,delivered,2017-12-11 12:23:28,2017-12-11 12:35:30,2017-12-12 22:09:25,2018-01-03 16:42:06,2018-01-10 00:00:00
77d4a04d4a453d14c0a086cfd2f00fec,f5d9b89ce7c2abbca426c36ae04e613d,delivered,2017-08-15 20:08:04,2017-08-15 21:45:25,2017-08-17 13:03:35,2017-08-29 20:41:55,2017-09-06 00:00:00
717255f43d5c9b702e9bc8c7d03a82ad,9b414a49c9caedb92c273141857ac918,delivered,2018-08-06 22:17:01,2018-08-06 22:30:16,2018-08-07 12:25:00,2018-08-14 20:03:36,2018-08-15 00:00:00
6462b86adeb33354833daece8787cb69,072a4d5c91be7fd81a21c401668a27a0,delivered,2017-06-16 10:36:58,2017-06-16 10:50:17,2017-06-19 21:17:52,2017-06-26 16:22:23,2017-07-10 00:00:00
4a62fb19d5fa08fb514619dfcc617b3d,4d1bb9a4d16191ced3d0d1c473ccbc97,delivered,2018-05-09 19:23:46,2018-05-10 14:32:42,2018-05-11 14:44:00,2018-05-15 18:12:35,2018-05-25 00:00:00
6265e86b71fc209d82742bcfebe33046,cb1a900268da8bd68454273b2ddddf4e,delivered,2018-08-15 12:25:06,2018-08-15 12:44:12,2018-08-16 13:56:00,2018-08-20 17:35:48,2018-08-27 00:00:00
29bf861fea8df0d2df2b141d46aea6a5,dc2328555ba9ecbc494b6e4214eefbfa,delivered,2018-04-21 17:06:23,2018-04-24 17:22:30,2018-04-23 18:33:02,2018-04-27 21:48:44,2018-05-11 00:00:00
6b0918aeb353fa97d8df7b685c19e14f,81396cde975bc2d2d859247510aa71e0,delivered,2017-02-06 13:33:16,2017-02-07 03:55:34,2017-02-08 14:58:48,2017-02-15 10:38:42,2017-03-15 00:00:00
d66cdd2dee90bc354ba79f909e9dfda4,249ead6a60c68710994208dc93955831,delivered,2018-07-26 14:16:04,2018-07-26 14:25:10,2018-07-26 15:45:00,2018-08-02 01:46:47,2018-08-17 00:00:00
374287ecf047f9180fdb554bc4ae1c1d,f253023c8f1e0fa8abc68b0180cf96a8,delivered,2018-02-23 17:19:34,2018-02-23 17:30:58,2018-03-01 00:33:43,2018-04-03 13:04:18,2018-03-28 00:00:00
a72cf1dee03a23942590dff282e7182f,1add0e650dfd0225736b13fd211566f3,delivered,2017-10-09 08:20:21,2017-10-09 08:38:25,2017-10-09 14:11:10,2017-10-10 14:42:44,2017-10-25 00:00:00
09744659d8e64274cf91bb288d9c3aec,75321717fe3af2a3148090d18c699f9d,delivered,2018-07-16 12:41:30,2018-07-16 12:50:19,2018-07-20 16:08:00,2018-07-30 15:39:20,2018-08-09 00:00:00
76cd472371f3f40f4019938329d21ac7,4b41318cee19efe66831e0b01fd2fcea,delivered,2018-04-05 10:47:30,2018-04-06 03:10:38,2018-04-07 01:34:34,2018-04-11 01:32:11,2018-04-24 00:00:00
df408c5fd9ac041cb84e393a6ff9e75c,501da9e5d17a0a47149b7c9c6fcfe392,delivered,2018-01-19 23:04:51,2018-01-23 03:37:39,2018-02-07 16:47:49,2018-02-22 16:21:58,2018-03-28 00:00:00
607ee697173850d7eb749c1fc01be313,75bd6136ed4f7970c0d1ce767102fd7b,delivered,2018-03-25 08:45:38,2018-03-27 03:51:06,2018-03-28 18:33:00,2018-04-09 11:43:21,2018-04-16 00:00:00
3a47466ddf60f686bf60e6cc66ed45aa,1894bfd42e8ad783c68fc0a21c685916,delivered,2017-08-16 23:11:39,2017-08-17 01:25:04,2017-08-17 21:03:38,2017-08-21 21:59:59,2017-09-05 00:00:00
60a33bdbdd12f868ce8db165ae533c18,fc821401a1841453aef1515d55b09399,delivered,2018-07-02 18:23:17,2018-07-02 18:35:19,2018-07-04 10:03:00,2018-07-10 16:31:32,2018-07-27 00:00:00
a7931d1356ebfaff87f69f952ff58208,c892fd675db782773ba7aece9755b33c,delivered,2018-08-19 22:33:33,2018-08-20 22:30:12,2018-08-21 13:09:00,2018-08-22 19:04:51,2018-08-24 00:00:00
014f1e63f9bd4f5578edcf4e5c305a0a,956b98e4d6642bc3c6ceccea5aa488a9,delivered,2017-04-09 20:17:53,2017-04-09 20:30:20,2017-04-10 10:37:41,2017-04-17 09:59:47,2017-05-10 00:00:00
dd1bd072c709a5e654fd047560eba5aa,71b5cbb958bd657c21d085a0d8d93ed4,delivered,2017-08-22 22:37:13,2017-08-22 23:06:54,2017-08-24 16:13:40,2017-08-28 22:19:08,2017-09-15 00:00:00
10a2d53148bb79d540a6a2e7cb706cea,8f7a9e47419062d350d47d945dd28cfd,delivered,2017-12-06 05:11:29,2017-12-07 03:11:49,2017-12-07 23:07:06,2018-01-06 12:54:47,2018-01-04 00:00:00
15fbcfbb34bc49b1bd1cdbbb676de135,cd482c40033b2a1107deb3d9a10d14f7,delivered,2018-06-07 06:51:59,2018-06-09 03:13:22,2018-06-15 14:58:00,2018-06-25 18:05:17,2018-07-17 00:00:00
a54a8115a2feb724778f05afb10f69e5,624f47203285d5306dd47b908384e50e,delivered,2018-01-16 19:15:22,2018-01-16 19:31:12,2018-01-17 20:19:08,2018-01-30 17:38:32,2018-02-09 00:00:00
02ce6664223305cea5b46ef1f2d81461,df3647cd1abeadb6a0fe143deb1b8cd2,delivered,2017-08-02 21:25:06,2017-08-02 21:42:54,2017-08-03 18:29:42,2017-08-08 15:41:45,2017-08-22 00:00:00
b58cbfb87064005d62cb9fccbc720966,454cb2e166521abd12850178f0fbc238,delivered,2017-04-14 12:14:23,2017-04-14 13:05:18,2017-04-17 09:59:35,2017-05-07 13:46:51,2017-05-10 00:00:00
be46dcfc990766bfafdcc22141c7fb2a,0268654157b95bbfcb8cc3622adc9c8a,delivered,2018-04-14 23:28:11,2018-04-14 23:51:30,2018-04-19 12:27:33,2018-04-26 20:42:44,2018-05-11 00:00:00
4b75f705b345b06e009842c77701f7cd,e36ec26bae335f7b13951d6897b8802f,delivered,2018-06-18 17:52:02,2018-06-19 06:35:53,2018-06-20 14:24:00,2018-06-21 21:05:15,2018-06-28 00:00:00
010ab3b1993057e91f825c672375a66d,0e17f21d1c39581137b6cbc8d14bea37,delivered,2017-02-20 08:19:21,2017-02-20 08:30:15,2017-02-20 14:11:28,2017-03-02 14:06:14,2017-03-23 00:00:00
b3523c5c1899c917f8d8c7ba39cb5571,822a469c601a7639db315155a642410d,delivered,2018-05-15 05:32:40,2018-05-15 05:54:51,2018-05-15 14:46:00,2018-05-16 17:38:52,2018-05-24 00:00:00
997c9f908691b9dc69c3b7b3a4433c65,0d08ac02306e9499991c9d47a434c68d,delivered,2018-03-27 19:11:55,2018-03-27 19:28:08,2018-03-29 19:49:07,2018-04-30 19:21:46,2018-04-30 00:00:00
6471b260244ab316f8331321d689aff8,8310ed73d01e240966ac0b8127bc68b9,delivered,2017-09-16 16:01:47,2017-09-16 16:10:11,2017-09-21 19:44:09,2017-10-05 16:09:29,2017-10-17 00:00:00
370e2e6c1a9fd451eb7f0852daa3b006,55f7adf99fd2a2c01af34e2dfa272c9f,delivered,2017-03-11 18:34:44,2017-03-11 18:34:44,2017-03-15 07:34:16,2017-03-30 15:47:50,2017-04-10 00:00:00
0f77d110146ab4471e3492fa504f6377,0c37de9d0308364cdcfc8c1b2c5e7d11,delivered,2018-02-06 23:55:54,2018-02-07 00:10:33,2018-02-08 01:22:21,2018-02-19 22:08:54,2018-03-08 00:00:00
81378cf8e638ced3a370966f23a32ca4,0351668263fb4722095bb1db517004f0,delivered,2017-11-22 21:15:27,2017-11-22 21:26:33,2017-11-23 10:04:35,2017-12-07 23:51:45,2017-12-12 00:00:00
79c808fd4b729a968738f5b3e919c885,9c8ce3bdfe54ce63fa2411fd302c6b61,delivered,2017-06-07 17:44:34,2017-06-07 17:55:12,2017-06-08 15:42:13,2017-06-14 15:56:45,2017-06-28 00:00:00
197d48bed0d9f4a71682dfc048409b59,12009d13a46cfa0b24a454a350401daa,delivered,2018-03-20 13:05:34,2018-03-20 13:15:49,2018-03-24 00:50:48,2018-04-04 00:28:59,2018-04-20 00:00:00
f9e86e23af5d5243b44d1eebaacc32be,a0b55aa995eb0a19a2b9279fa4bddf68,delivered,2018-04-28 14:16:36,2018-05-01 05:55:54,2018-05-03 19:01:00,2018-05-04 21:18:54,2018-05-11 00:00:00
55e437ea6e09474dfdddee9b983aa798,6b750fd410ccd959db815b48cd0b5804,delivered,2018-01-10 14:15:40,2018-01-11 02:48:41,2018-01-11 21:48:47,2018-01-12 21:27:04,2018-01-24 00:00:00
ba6ef427eddcdf12922391f524c053aa,460dc8184b5df8c865de24c0a5b69fd3,delivered,2017-02-10 15:27:02,2017-02-10 15:35:24,2017-02-13 02:21:39,2017-02-15 13:34:02,2017-03-09 00:00:00
5ff05cd5557e3cc10ba2ef800f2b8da6,dfe414a11599a003b95ff5ccffb8627a,invoiced,2017-05-10 18:42:38,2017-05-10 18:55:12,,,2017-07-03 00:00:00
90afb8151d6aca71ae7b52a029ebc165,3faee0bb2909b67bc79d9f5650f728c2,delivered,2017-11-03 12:43:46,2017-11-03 12:56:15,2017-11-16 21:31:54,2017-11-22 21:41:44,2017-11-28 00:00:00
dc67745e87e769607de677683ab1fd08,1f7908129bdd1f9bdefdd4b8aa0b1aaa,delivered,2018-07-31 22:41:57,2018-07-31 22:55:17,2018-08-02 08:05:00,2018-08-03 15:52:01,2018-08-03 00:00:00
99ebd3bc1d6ce28d10723dc71bf6f13d,0db2a08a5e01142f41c443c3cead862c,delivered,2017-08-26 00:25:12,2017-08-26 00:35:24,2017-08-29 20:27:40,2017-09-01 18:42:06,2017-09-20 00:00:00
4af5a3b197af9f20f2ad9f856fdcc301,e2fe7e66eea033448291e758ade41374,delivered,2017-10-01 22:55:25,2017-10-01 23:07:12,2017-10-03 12:44:10,2017-10-11 17:44:12,2017-11-08 00:00:00
024602a52e3c89ca5f963affcd2bedad,33e9f4b9cf16be89234b0eac5a37173c,delivered,2018-07-06 20:07:20,2018-07-06 20:31:04,2018-07-10 15:27:00,2018-07-16 14:52:37,2018-07-30 00:00:00
fd7eb2117233aa5ac29e94a28e082077,301e3c6f124f0fe3f01113bac52ca361,delivered,2018-07-26 10:34:04,2018-07-26 10:45:15,2018-07-26 15:26:00,2018-07-30 22:32:25,2018-08-16 00:00:00
a8b6cffc34d25d7c6dea874c364232f6,f2bd21cab03b9c3e39bce8fdecbc0eda,delivered,2018-07-23 21:58:08,2018-07-24 10:31:23,2018-07-24 14:10:00,2018-07-27 18:02:18,2018-08-07 00:00:00
95502da30f1b1b49b7e29e09c961f77a,9e3c248cecf45df8908d2eba7f718498,delivered,2018-02-15 23:31:17,2018-02-17 03:48:00,2018-02-19 12:49:17,2018-02-21 14:11:46,2018-03-02 00:00:00
cb71499c074fd6946adf7562f592ac25,a466f770c7ac6f01ace59cd8afff5e19,delivered,2018-04-25 20:43:19,2018-04-25 20:55:36,2018-04-26 13:46:00,2018-05-01 11:44:36,2018-05-14 00:00:00
f59b0460d13be0dd48e9762851d21998,da14c1c81592a7684449799d51f43823,delivered,2018-08-18 20:01:37,2018-08-18 20:15:13,2018-08-20 15:55:00,2018-08-29 20:03:32,2018-09-06 00:00:00
dbf6b190a7df1df00c6afaf326098789,7d672a0d32d9d7fb5b3ac68e6a49078b,delivered,2017-12-01 11:13:59,2017-12-01 12:31:31,2017-12-01 22:22:22,2017-12-13 12:12:21,2017-12-19 00:00:00
0017afd5076e074a48f1f1a4c7bac9c5,8085a9af46f619bc25966f151a362b0d,delivered,2017-04-06 22:16:10,2017-04-06 22:25:19,2017-04-17 13:54:37,2017-05-23 08:32:07,2017-05-19 00:00:00
62b59d3fd880df7032e73ddb97f7f00f,868c8d7f05eb9513ff234b3bf243f073,delivered,2018-03-27 19:15:37,2018-03-27 19:30:16,2018-04-03 20:42:50,2018-04-18 13:26:44,2018-04-16 00:00:00
0ce1d0a0c2f36c2ba5f02094119bbebd,bbe4079ce54eb3663947a8e3b012a5b0,delivered,2018-02-13 17:09:29,2018-02-13 17:27:24,2018-02-22 20:45:29,2018-02-24 00:06:46,2018-03-07 00:00:00
1852db4cb1cd327502f1deb0b4285b54,3260ff8e858a718c0da2fbe6cf28403b,delivered,2018-02-23 15:06:12,2018-02-24 02:48:36,2018-02-27 23:12:03,2018-03-01 16:59:17,2018-03-15 00:00:00
d21ad12ba64a2a372a9f78c1bcd003e6,af969b5850969637f9e5c4ab94f88107,delivered,2018-02-21 11:15:44,2018-02-21 12:15:30,2018-02-26 17:17:20,2018-03-13 22:41:18,2018-03-26 00:00:00
de38b62136dcb5ff40d44d807c460a8a,dce86563857a5b7113eb74dc94d07fce,delivered,2018-07-18 16:51:01,2018-07-18 17:05:17,2018-07-19 14:56:00,2018-07-27 20:02:30,2018-08-13 00:00:00
abd273cdcd250f53a125d77e6798e0d1,7552d6beabc937e96acf4875b7482344,delivered,2018-08-08 17:46:09,2018-08-08 18:04:58,2018-08-10 16:02:00,2018-08-17 13:05:44,2018-08-29 00:00:00
799be3792f7db4e84ead1a2eefccd1b2,74d841cb5ec776ad34ebc824ad9906ce,delivered,2017-03-07 23:21:25,2017-03-07 23:33:21,2017-03-08 12:05:19,2017-03-10 18:10:13,2017-03-24 00:00:00
d3b73e2ef2f6499b266d6ff81ac7efa6,85403284bf01b8188132debd736476ed,delivered,2017-06-27 18:33:21,2017-06-27 18:45:19,2017-06-29 15:34:51,2017-07-19 17:27:05,2017-08-01 00:00:00
4174ab02f93138dbcae799299d390233,d15fcd763b3fe576eeff22682ba06302,delivered,2018-05-02 12:17:02,2018-05-02 12:33:45,2018-05-22 10:34:00,2018-05-24 16:22:30,2018-05-15 00:00:00
3a83f1410163fa52e0679c788b31a039,8769df0587f504c9408b3d1a15fddbc1,delivered,2018-05-27 14:07:23,2018-05-27 14:30:40,2018-05-28 13:59:00,2018-05-29 11:08:22,2018-06-20 00:00:00
c56e40373799e9fb580a236fd5fc72a9,5d9ffaa41b4cbbe75aaa44cf0d5a8770,delivered,2017-05-31 10:23:38,2017-05-31 10:35:12,2017-06-02 14:08:46,2017-06-09 15:27:49,2017-06-23 00:00:00
34801c59d6ec5c5e89bfefb6ebef314d,0e114b02a45c9876080f3a9a19f51c16,delivered,2017-12-12 22:53:35,2017-12-12 23:42:29,2017-12-15 14:04:54,2017-12-27 01:37:12,2018-01-05 00:00:00
7fda376286b806cee8955685bf02fc4f,4fc2eee158c87c2236c2ff71dcad76f6,delivered,2017-10-19 20:22:06,2017-10-19 20:49:18,2017-10-23 18:43:54,2017-10-25 18:13:44,2017-11-07 00:00:00
9ab8b682f4ecc3c07216e7376007829e,7e660d547620c36235229542ae7bdcdf,delivered,2018-04-21 13:35:57,2018-04-24 18:56:00,2018-04-24 16:46:51,2018-04-27 18:06:34,2018-05-16 00:00:00
ae08a6e1781c8a44dfa832b70594a0d4,15277d2b8246076738b151b03cd2ca0b,delivered,2017-05-22 13:13:27,2017-05-22 13:25:14,2017-05-23 09:11:26,2017-06-07 15:38:48,2017-06-16 00:00:00
90423fbde022b7991066ba965cfe537d,8bca3a85b44a76353af3b18cffb13b2b,delivered,2017-11-22 23:03:14,2017-11-22 23:13:30,2017-11-24 21:12:04,2017-12-07 23:02:56,2018-01-05 00:00:00
22230cb95aa16cf1615db1cf10a0ea2d,e4c5917984666dcd1fac843b5938b6a3,delivered,2017-11-28 14:18:24,2017-11-28 14:32:17,2017-11-29 16:51:48,2017-12-19 13:52:25,2017-12-19 00:00:00
60774e7210a075fb221731434321e048,c222cf7a226c9cafb1bedfa622b01bf0,delivered,2018-04-09 21:19:57,2018-04-10 00:12:41,2018-04-11 23:46:35,2018-04-19 14:08:53,2018-05-07 00:00:00
0f740a04b4f5fce0611344905b62332c,1db2189def22e420ab1b634c13b49566,delivered,2017-11-30 19:34:24,2017-12-01 09:31:23,2017-12-06 13:13:35,2017-12-18 15:15:04,2017-12-28 00:00:00
e567001ce77d68566b016e7929c11bfa,9cb13b3ed746886e379ad84688f99fc7,delivered,2018-01-09 21:21:07,2018-01-10 10:32:05,2018-01-13 00:09:33,2018-02-02 17:47:59,2018-02-06 00:00:00
3b42ad87f3292fab60e143988d332da1,4a63a260154fea565815aa2eace75155,delivered,2018-03-11 22:24:13,2018-03-11 22:35:30,2018-03-12 17:26:26,2018-03-15 19:41:58,2018-03-28 00:00:00
46cede95824dbdc8bd1549dcd43e4850,1d858e0bb7f8c1a95605be259f635d86,delivered,2017-05-12 19:59:12,2017-05-12 20:10:14,2017-05-16 12:33:59,2017-05-19 10:09:37,2017-06-01 00:00:00
22df89b611e2a03b4957043cf949e51f,3703dabac361c6249a0d8d21564fb925,delivered,2018-08-22 09:17:07,2018-08-22 09:30:20,2018-08-22 15:44:00,2018-08-27 07:42:37,2018-08-27 00:00:00
c365542345d9e49d2a7b3bfe7b89b559,6a0bd57121101b39e6305fb2bb48d9b8,delivered,2017-12-22 19:57:01,2017-12-22 20:10:03,2018-01-02 17:59:48,2018-01-24 18:02:58,2018-01-23 00:00:00
2f4811e66be7f928c63acd083f0e0095,ffeaa6d37b3691d54a01171f6562f44f,delivered,2018-01-03 11:50:15,2018-01-03 11:58:26,2018-01-05 21:23:49,2018-01-22 20:52:29,2018-02-09 00:00:00
76050ac42e05f52668728d3b535629f4,be8629dff2b09053a8d2b1d40f1b1b37,delivered,2017-05-24 21:57:34,2017-05-25 10:02:51,2017-05-25 14:09:13,2017-06-02 10:46:54,2017-06-20 00:00:00
9a8df1603191fe8fa15788692de6f4c3,b723c6719289f4eec0e10d6955c475b5,delivered,2018-01-19 13:37:52,2018-01-19 13:53:56,2018-01-23 22:19:05,2018-01-30 17:32:48,2018-02-16 00:00:00
853fea10132fd987a6c350565818ba11,96a02af8f6191a0e35f18c123b760285,delivered,2017-12-10 16:37:41,2017-12-12 07:50:39,2017-12-27 20:10:21,2018-01-16 14:59:14,2018-01-04 00:00:00
64619901c45fba79638d666058bf6be6,3a1dda1ede23d7e71753e80d7f22c2c4,delivered,2017-05-21 08:00:08,2017-05-21 09:32:36,2017-05-22 08:59:27,2017-05-24 12:07:35,2017-06-09 00:00:00
d53bb1636622626b300d199956668dcd,1e67c4865d4e1a05a16d7ae3eb790cab,delivered,2018-05-11 18:46:56,2018-05-12 11:14:15,2018-05-14 13:48:00,2018-05-23 21:22:08,2018-06-07 00:00:00
b9375e83d0e27c4aae45c4c1c7c121fd,eb6fe4f7dfa98e8ff658e2655a0e4815,delivered,2017-04-11 15:15:43,2017-04-11 15:30:09,2017-04-12 18:48:34,2017-04-18 12:09:23,2017-05-09 00:00:00
bfd5957bdfbc86a1882ee0dfa7a36a47,c220f2e1cccbcffc95cfe20d771d33fc,delivered,2018-02-02 10:03:35,2018-02-02 10:16:03,2018-02-02 22:52:17,2018-02-08 01:15:25,2018-03-08 00:00:00
3c21b0106dae1dae82f648a22f94a98c,e2e2357a373755fe5504b59a4751ad44,delivered,2017-10-10 16:23:17,2017-10-10 16:46:32,2017-10-13 15:13:43,2017-10-19 21:28:01,2017-10-30 00:00:00
65693cc880b8cf8c5e24798b6e042e0f,5f5559367c34af05d2b0c45d01b768fc,delivered,2018-02-07 14:09:36,2018-02-07 14:32:00,2018-02-08 16:27:36,2018-02-15 21:08:00,2018-03-07 00:00:00
19cfffc221208eb22b66057b2afe98f9,b2cba5f59f652fdc17f0d0a6c8f63ddc,delivered,2017-11-28 19:02:02,2017-11-28 19:14:27,2017-11-29 22:24:45,2017-12-08 17:41:48,2017-12-18 00:00:00
4576179bf61955429e5ddf487e7dbad7,fb1442fddb3de56fa6ff095c77b296e7,delivered,2017-11-20 22:13:33,2017-11-20 22:27:59,2017-11-21 19:22:09,2017-11-24 19:47:47,2017-12-08 00:00:00
288c5544af72d827e566c9ead00316b6,c3794a4836b0f1f979c4c6916f500abc,delivered,2018-01-20 14:00:08,2018-01-20 14:30:35,2018-01-22 17:49:17,2018-02-09 01:07:02,2018-02-23 00:00:00
43c564b825003473af9a68138631d388,7a9e4631c3fa2487b3a4d1a9becf3701,delivered,2017-08-08 12:49:01,2017-08-08 13:03:44,2017-08-10 16:50:06,2017-08-12 17:03:39,2017-08-28 00:00:00
be33eea0051d8447b4c2ed4e7ac7be35,b91129706b580d867531feec323a1fda,delivered,2018-04-24 20:23:21,2018-04-24 20:33:31,2018-04-26 14:58:00,2018-04-30 14:04:57,2018-05-16 00:00:00
48e785adb7ad7f98808fead60f65fd80,7095b09dc166171c75c9e2d0afc434bf,delivered,2017-12-15 18:35:23,2017-12-15 18:51:21,2017-12-18 17:12:49,2017-12-22 22:22:35,2018-01-15 00:00:00
b4e381786201d38ab725a174f011ddb2,50458ca4ea9153ae810e6ba5e8dd6617,delivered,2017-12-03 20:47:25,2017-12-03 20:57:22,2017-12-05 00:17:42,2017-12-05 15:23:51,2017-12-20 00:00:00
9c0aeb926cb821f2644b956856d2d3b0,6856d69929a7b81e1531ae0c49054921,delivered,2018-01-19 07:09:20,2018-01-20 09:08:32,2018-01-23 17:06:40,2018-02-01 18:23:27,2018-02-23 00:00:00
26bafe5b8b70950ebe6c386b3aad1fe7,52c14344945f0f7b97a43d120ee86d17,delivered,2018-07-31 17:25:09,2018-07-31 18:30:55,2018-08-03 16:12:00,2018-08-08 20:38:19,2018-08-15 00:00:00
ec2a8c52ab5037c04553f10bcaccd971,3fe12eb6707de1cd2018e8e0297caa98,delivered,2017-03-21 16:22:34,2017-03-21 16:22:34,2017-03-22 17:48:31,2017-03-28 17:13:59,2017-04-07 00:00:00
823d27620ee2ff69604191b087250a3b,bf5fb5962bc4f22122214e62fa266098,delivered,2017-11-23 13:48:47,2017-11-24 03:10:00,2017-11-24 21:39:05,2017-12-12 21:38:30,2017-12-19 00:00:00
22167b7870f3c3b844087c5cbafac521,bf45a4524fffba803efa07f225cdfda5,delivered,2018-03-07 17:56:08,2018-03-09 02:30:55,2018-03-20 16:42:30,2018-03-26 14:05:48,2018-04-24 00:00:00
ba6fe5e92a31200b06b69c99171eacf8,ebd1765f07bfab797475df79adb9b281,delivered,2018-06-19 21:10:11,2018-06-19 21:35:30,2018-06-20 15:48:00,2018-06-21 20:42:36,2018-06-29 00:00:00
c337be7e160adf73d51a64678b8f7ede,883b1629cc252925fa1737723aa8e0c1,delivered,2017-09-12 14:51:37,2017-09-12 15:05:27,2017-09-13 14:04:01,2017-10-09 17:03:27,2017-10-26 00:00:00
dc771d8720de3625596eb0b0fa043528,1ad0dece6980bfb8fa8c3264637b77d9,delivered,2017-11-14 15:30:58,2017-11-14 15:47:57,2017-11-22 15:52:21,2017-12-18 21:09:12,2017-12-12 00:00:00
b525cb89f39363a599eef15755cf73dd,0e820add2684b6f6b9c9deebb7fe5766,delivered,2017-10-15 19:10:32,2017-10-18 03:27:05,2017-10-19 17:30:03,2017-11-07 22:35:42,2017-11-09 00:00:00
8d3cd96a636e59a3a47b52cedd6e9bbd,433d2182c7ede2cd82ab34f10ba26e2e,delivered,2018-06-20 14:48:16,2018-06-20 15:19:11,2018-06-20 15:18:00,2018-06-26 23:51:00,2018-07-18 00:00:00
39f7f311dd99e8f71f8d16bda3c615ad,9f645fa658613288487fd65c3dc104ca,delivered,2017-04-05 12:52:30,2017-04-05 14:02:26,2017-04-06 13:01:06,2017-04-12 15:08:43,2017-04-28 00:00:00
c4c6ad1225b0e8f8c23aaf36a96431b7,1f7c9b36c4bfd9aa8a08226240efc406,delivered,2018-02-14 19:37:51,2018-02-14 19:50:29,2018-02-16 12:37:56,2018-03-15 15:40:34,2018-03-09 00:00:00
20b7f7b396dbb6dab793709e4cd89aa3,749f8ac2121143cb343bc5b5767ee6e0,delivered,2017-11-24 17:09:59,2017-11-28 03:19:11,2017-11-28 23:36:51,2017-12-06 18:58:58,2018-01-04 00:00:00
9d83ef2eae9001ced10bfc373722a184,0137f0a46fd3e941f09ead2566bd6408,delivered,2017-09-22 15:11:31,2017-09-22 15:29:09,2017-09-25 19:29:09,2017-10-02 22:27:35,2017-10-19 00:00:00
785e8c8436f4631d009d208dd380b200,48e0af4eb65ad95cd0f6235295d56b74,delivered,2017-11-26 23:00:00,2017-11-26 23:13:21,2017-11-27 20:52:00,2017-12-04 22:52:15,2017-12-20 00:00:00
9099e5808d892fd34523293254ddb621,680e474bcf01429746b374d2166f3b7b,delivered,2018-03-08 17:48:23,2018-03-08 18:09:14,2018-03-09 20:28:29,2018-03-29 14:48:53,2018-04-13 00:00:00
c65d7f18a62db6a4aee08e5d0d24f84d,a051bfa54366e22e1e0df328c1999bfc,delivered,2017-11-24 01:24:10,2017-11-24 01:30:48,2017-11-24 16:17:56,2017-11-30 22:59:56,2017-12-26 00:00:00
ffea5b26be781da4c215c0feb484f4fd,cefc16cdcbd69d1ea047f70227cd2927,delivered,2017-06-02 16:53:20,2017-06-02 17:05:17,2017-06-06 13:51:15,2017-06-28 07:09:55,2017-06-29 00:00:00
2d3b451fae025eca7a05641e05e452bb,d33885da5770ce864e8c39b0e8e5dcd6,delivered,2018-07-23 12:35:34,2018-07-28 23:31:07,2018-07-24 14:47:00,2018-07-31 00:41:32,2018-08-08 00:00:00
d738667fa4f31f5d89dd8dfcc07699ec,e135e7b246c8d48ffed49bfc61c0f6c8,delivered,2017-05-08 12:05:40,2017-05-09 09:30:24,2017-05-09 15:01:52,2017-05-15 06:29:50,2017-05-30 00:00:00
e8abe560216dcd35d47f6c27da0c99c6,1083e818f31ccc3ffe523edf73b71df8,delivered,2018-03-22 14:55:55,2018-03-22 15:15:42,2018-03-23 22:21:38,2018-03-29 19:58:51,2018-04-13 00:00:00
dc62c8d3266742ea5d47472b2c72b195,ddcb46e5e5665d514bc10d16c528ef14,delivered,2017-04-21 09:48:39,2017-04-21 10:02:31,2017-04-28 08:39:52,2017-05-15 12:22:12,2017-06-02 00:00:00
8023039e9b07973c9aea60155b52e41a,35b3a6efcd9d3b5c26ffc5267711d101,delivered,2018-03-22 07:58:02,2018-03-22 08:10:31,2018-03-24 00:21:53,2018-03-28 22:08:23,2018-04-11 00:00:00
eea030f97651f49c9f16e5c34475dcab,26191a202fc7627d6498f61acefe4203,delivered,2018-04-15 10:21:47,2018-04-17 06:11:36,2018-04-18 16:38:36,2018-04-20 17:19:14,2018-05-03 00:00:00
18233451c81fa4cf187fae71d8e8a299,44e8a890084067f1ccc9689987c6d001,delivered,2017-11-29 18:40:27,2017-11-30 02:21:47,2017-11-30 23:17:32,2017-12-17 19:53:04,2017-12-27 00:00:00
6d1941372f0503efc3953bd3b24bb512,ab6c885fe5639e705ab6ad8237e88c96,delivered,2018-06-30 16:52:04,2018-06-30 17:50:18,2018-07-02 16:07:00,2018-07-05 18:28:31,2018-07-31 00:00:00
1a494062b68a8ed99ba9171cb9c9aef5,8ac1fe94e53325560257c8758c9a8f4a,delivered,2017-05-12 09:09:15,2017-05-12 09:25:07,2017-05-18 12:12:45,2017-05-21 12:51:52,2017-06-01 00:00:00
00d03eb3425f41a599ae2f788e23c07f,457e255722e958032b50ff72dd15a4e0,delivered,2017-02-17 17:46:42,2017-02-17 18:03:08,2017-02-24 14:16:35,2017-04-09 00:23:16,2017-03-29 00:00:00
2277cde48c3f407bad730e1dc754edf7,600d9b62bf2359d35f0e7ff9af6ba1d4,delivered,2018-03-26 20:51:56,2018-03-26 21:07:03,2018-03-29 23:48:51,2018-04-04 18:47:25,2018-04-23 00:00:00
39176f8e4a96aef60a2f8df4431ae834,2e64e5e8249adfb083002ba9557ad24a,delivered,2018-05-10 13:03:41,2018-05-10 13:35:44,2018-05-11 15:13:00,2018-05-18 18:22:07,2018-06-06 00:00:00
4fe46529fed4601ccb07ba71cc357567,d6c6231fe530ce9dcf146cb013ff74e7,delivered,2018-07-10 18:55:39,2018-07-13 16:06:57,2018-07-11 12:26:00,2018-07-30 14:07:57,2018-08-07 00:00:00
cd3558a10d854487b4f907e9b326a4fc,0004164d20a9e969af783496f3408652,delivered,2017-04-12 08:35:12,2017-04-12 08:50:12,2017-04-12 17:05:42,2017-04-20 16:12:26,2017-05-04 00:00:00
ccfba4fa3ba74e9052582349a558b474,16c76d3580c1549d2415b039b962ffee,delivered,2018-08-09 10:52:37,2018-08-10 03:05:15,2018-08-10 15:09:00,2018-08-14 23:45:37,2018-08-16 00:00:00
afd09879ff7489d300d0ebeab6348e35,e745e8122599d453a0b96fbf6047a476,shipped,2017-10-23 12:57:01,2017-10-23 13:14:23,2017-10-24 22:47:57,,2017-11-16 00:00:00
e99ac811e8a9efe60a334a5a985ac28b,b115c24fb8b1b4924ab8292b64b82405,delivered,2018-04-22 13:14:19,2018-04-24 18:34:57,2018-04-25 00:36:45,2018-05-14 19:34:34,2018-05-23 00:00:00
5f8c42f0624576e5f4c4c86cb176c613,10a5943f74a8f7f9a8e3785ac0a01cea,delivered,2018-08-14 21:24:33,2018-08-14 21:44:13,2018-08-15 14:37:00,2018-08-17 20:33:41,2018-08-21 00:00:00
42df71f66e653cbe9e87913834e59873,39e6eb3d7b6113d9a44bed5583ec3860,delivered,2018-06-23 23:00:04,2018-06-26 04:59:09,2018-06-26 16:17:00,2018-07-05 21:04:20,2018-07-24 00:00:00
ac7838d68577acf6e79c465b25ce9268,679d4ea2fbd7a090a67bde09ad348e8e,delivered,2018-03-05 19:58:57,2018-03-05 20:10:52,2018-03-07 20:33:04,2018-03-16 23:04:24,2018-03-27 00:00:00
c0fb0c31cc56e7ddc07f5306fdff9e05,a8a21122dd385225c248e304c8497b18,delivered,2017-05-04 18:52:50,2017-05-05 06:35:25,2017-05-09 12:17:20,2017-05-25 15:47:31,2017-06-06 00:00:00
b516aaa690f572fbb0bcd7159d394115,a40455e8783b666b28e506a7ccd93389,delivered,2017-11-26 10:56:08,2017-11-30 15:14:07,2017-12-01 19:23:08,2017-12-27 19:19:00,2017-12-18 00:00:00
a9a75c64cb5e9f7bc92e68ec13f05c45,2bd2bb24b32d017bb23235299984f0b7,delivered,2018-04-03 12:39:58,2018-04-04 03:15:30,2018-04-04 20:52:36,2018-04-05 22:12:48,2018-04-20 00:00:00
e2ab87d52fec5bcac4a7a5206eba10fa,f48208eff9563f993ac37437d8b72d35,delivered,2017-12-20 18:54:59,2017-12-21 18:52:52,2017-12-22 23:14:01,2017-12-26 19:29:05,2018-01-09 00:00:00
1e9848c0cef533284eeb143f5032a34c,7fb8817553c00e571f674768c10a7bb8,delivered,2017-11-26 17:23:00,2017-11-26 17:32:34,2017-12-01 20:34:11,2017-12-27 21:06:11,2017-12-18 00:00:00
c7d2e4441e2074bed6ad0cd9ee428f3d,79028b5530181ecc652433ad2f88df2e,delivered,2018-02-24 09:27:54,2018-02-24 09:55:29,2018-02-27 23:25:00,2018-03-16 22:48:49,2018-03-21 00:00:00
ff98857a36b901baaa0dc19c6fcf65fe,7a465ba4f33678a7fb092c30546ff6c7,delivered,2017-11-17 19:44:51,2017-11-17 21:10:42,2017-11-21 19:06:13,2017-11-23 18:38:34,2017-12-06 00:00:00
a3e47ceb0f0691a07708121b7a1e412c,6c21cc8db9c67fb803014381d506cb29,delivered,2017-05-19 18:41:40,2017-05-19 18:55:20,2017-05-23 12:01:57,2017-05-25 15:14:40,2017-06-21 00:00:00
0bb7e708846c7f44630a64e18292bb87,daa3fdea600ba786a3da7cbd4e19aa96,delivered,2017-09-25 17:17:20,2017-09-25 17:30:17,2017-09-26 17:23:45,2017-09-29 17:37:38,2017-10-20 00:00:00
71749baed4a3e47f47aecfced7c70ec2,b6d4257c1b2cbcf63de24113fb2cd879,delivered,2018-05-14 12:57:34,2018-05-14 13:17:23,2018-05-14 16:46:00,2018-05-15 19:52:03,2018-05-22 00:00:00
e5f9a6228c6f504115c5a514b109aaaf,8fae727bbd9f7466b0d7169b4d5137ec,delivered,2018-02-07 15:01:58,2018-02-07 15:15:37,2018-02-08 22:38:37,2018-03-11 19:16:28,2018-03-06 00:00:00
f8718b67f7469531acea685ab46722a9,6d881a0eb7e8fc2621fc8dc52dcdc756,delivered,2018-06-26 10:38:01,2018-06-27 08:11:24,2018-06-28 12:33:00,2018-07-02 20:16:54,2018-07-24 00:00:00
0cb87161e7b8247087cc93117f44a6a6,5d3a8bfe360fccb31768010c5a8910b8,delivered,2018-06-15 21:14:51,2018-06-18 07:11:43,2018-06-18 12:00:00,2018-06-23 00:11:13,2018-07-24 00:00:00
36c5fe2c0135722473e275b3f5accd74,a55e569fba97d80bf37f54ed5d227977,delivered,2017-11-10 18:31:13,2017-11-10 18:46:32,2017-11-14 18:53:19,2017-11-16 15:52:58,2017-11-24 00:00:00
391cbfa45cfc95e90b2168e5afe04b25,3a1500cbb61e14b125c201baaae5afa7,delivered,2018-02-19 09:23:33,2018-02-19 10:07:55,2018-02-21 23:59:37,2018-02-27 16:32:23,2018-03-14 00:00:00
7b27aa8a07339a1e651fce232621d0cf,21e3291def7e45a14942cfed084ac9f5,delivered,2018-02-15 17:13:52,2018-02-15 17:27:13,2018-02-20 14:23:12,2018-03-15 16:58:41,2018-03-21 00:00:00
903bf628219e968e070f205a97500735,15597c6e1060d323ac01f89a332903d7,delivered,2018-06-04 16:01:51,2018-06-04 16:15:22,2018-06-05 11:07:00,2018-06-12 19:28:24,2018-07-05 00:00:00
df7f8e668092abf15eef89b947ba2ef2,abbeb6ed95fec1971a0502dbc128470b,delivered,2017-07-26 19:17:40,2017-07-26 19:30:18,2017-07-28 19:19:00,2017-08-02 15:57:03,2017-08-24 00:00:00
aafd24ce72f716e644f9d4012e1afcda,f8342792b37394f1efe85d0e78ae1775,delivered,2017-09-13 13:04:05,2017-09-14 13:15:12,2017-09-14 21:02:47,2017-09-21 16:05:45,2017-10-06 00:00:00
f20750eceab3ceac5ce19312fd1a12e7,31da376c4c7b0521c09dd837f634f0bb,delivered,2018-04-18 08:26:37,2018-04-18 09:11:32,2018-04-20 16:34:59,2018-04-23 22:07:48,2018-05-07 00:00:00
1cfb210fdaf81f98065605323fe31fa3,7d35377fa3e76abaa30c36099cdc7ff5,delivered,2017-12-04 14:45:18,2017-12-04 17:08:29,2017-12-08 22:41:26,2018-01-10 17:59:10,2018-01-02 00:00:00
3c1bdb3d635a802bc38ca0b87c14f2e5,6d869e6b0b62654adddfa7f8dcc8f2f4,delivered,2018-05-22 09:36:38,2018-05-22 16:58:29,2018-05-23 14:53:00,2018-05-24 18:04:53,2018-06-01 00:00:00
65744f8262c57c8b664c16aa7ec85879,e847b0edd45a9a2c2af60e1a1e34c242,delivered,2018-01-21 21:19:32,2018-01-22 14:00:17,2018-01-24 23:56:47,2018-02-01 18:16:44,2018-02-20 00:00:00
4295876088eaa108fede7b0b77109ed3,a64f98b1b0d8e2ca4cba10a0a2adb3c8,delivered,2018-08-06 21:37:26,2018-08-06 21:45:17,2018-08-07 14:32:00,2018-08-10 23:32:46,2018-08-14 00:00:00
dc3400f2dd273de43a390ec373f09efb,e8021f8931216b1905c8c923995b6643,delivered,2018-07-17 18:50:36,2018-07-17 19:05:19,2018-07-27 12:00:00,2018-08-13 15:51:51,2018-08-13 00:00:00
71319d53f28cff9869fa0650f26e9758,8c1196de2dc3d4e69e8c9e37eec5957c,delivered,2018-05-17 16:41:26,2018-05-18 00:55:20,2018-05-18 14:05:00,2018-05-21 15:22:51,2018-05-25 00:00:00
aa7793d3985f9a2e8ba25eb1907fc587,4a9d0f36e6f227f870724fa9ee2ac10b,delivered,2018-03-27 23:19:17,2018-03-29 03:15:37,2018-04-02 23:57:44,2018-04-20 21:37:31,2018-04-16 00:00:00
aa7e9053d6514094d6d72f1ef2c2bbd6,20c7acb4293846ac1674cad47f98ca2a,delivered,2017-12-01 22:47:19,2017-12-01 22:55:30,2017-12-07 18:59:07,2018-01-08 18:56:43,2018-01-10 00:00:00
16d9b91dbb8de7843ced59fe9c4ca61a,441b26b45cc685920f18a63cc112b0c6,delivered,2017-08-31 09:11:30,2017-08-31 09:25:14,2017-08-31 21:10:06,2017-09-05 13:56:47,2017-09-21 00:00:00
365e182cfed9e7f3b3b0bd04ce2251e2,d6991eab03850ca580267c3608a42ca6,delivered,2017-11-25 09:56:09,2017-11-25 10:14:40,2017-11-30 18:37:17,2017-12-20 17:17:08,2017-12-28 00:00:00
9d47e048cd4a6ff635406a2212b0a7f0,7a3c61993e2404bcfa34a29e12a6ef97,delivered,2018-08-21 19:44:42,2018-08-21 19:55:22,2018-08-23 14:42:00,2018-08-29 20:22:51,2018-09-10 00:00:00
f9a56a1e02546f0d1baf56f282fa0659,84caf560da4490d5fa39fa676442304f,delivered,2017-09-27 11:23:59,2017-09-28 03:04:44,2017-09-28 13:58:09,2017-10-03 16:52:59,2017-10-26 00:00:00
b268bc99a523c42dc0bfe0149cd1446f,666c901345a407213ee5493214b87fc0,delivered,2018-06-28 09:44:05,2018-06-28 09:55:15,2018-06-28 15:14:00,2018-07-03 20:14:38,2018-07-23 00:00:00
08cce5e2a4a4d08e17cef053da98254b,ae5b997c142cad29cab4f9fe0ed0a02f,delivered,2018-06-20 16:32:06,2018-06-20 17:00:49,2018-06-21 15:20:00,2018-06-28 22:26:30,2018-07-18 00:00:00
fb2547a335f4231f46fd7b70e9aee046,1961a41144dc48610f2e2da84b0507fe,delivered,2017-07-03 23:04:06,2017-07-03 23:23:23,2017-07-05 09:56:43,2017-07-06 12:03:50,2017-07-14 00:00:00
96cf4805d2e98446035e05b0874255bb,6b6d9a374c988f07d7da7033df7b0914,delivered,2018-01-16 23:04:15,2018-01-16 23:13:21,2018-01-17 21:35:40,2018-02-01 16:56:13,2018-02-09 00:00:00
559e3bc7d9dd587ccb23c90505340ee1,185edadac2611dfd19643314264719be,delivered,2018-04-19 06:56:40,2018-04-24 18:05:00,2018-04-25 02:24:23,2018-05-08 21:48:47,2018-05-23 00:00:00
486970ef07e7ed3cce9ac167bc49e245,4deff69c14a8ec4b5489328936af4214,delivered,2018-06-06 13:24:00,2018-06-06 13:35:11,2018-06-06 14:49:00,2018-06-25 18:12:00,2018-07-17 00:00:00
858f8fbff9d717450f931fc6e9d15029,b159734fd8a05b497cb4907056824f6b,unavailable,2017-10-10 12:09:59,2017-10-10 12:29:53,,,2017-11-08 00:00:00
6113b6607a9b3dba19df73168d0923e7,bde9ef5cd79125bf73b55d5d0ca31600,delivered,2017-11-01 22:38:38,2017-11-01 22:50:32,2017-11-03 18:23:51,2017-11-21 18:02:24,2017-11-29 00:00:00
b10b53f757455227e8b972cb1faba733,da7ad15b4e8b7a4c99e41ce7a4a0a1d3,invoiced,2017-08-15 20:44:01,2017-08-17 02:50:22,,,2017-09-19 00:00:00
076d1555fb53a89b0ef4d529e527a0f6,f08306b95370e8d5f0d97b71229284b6,delivered,2018-07-30 10:04:21,2018-08-01 04:35:22,2018-08-02 15:04:00,2018-08-08 00:46:43,2018-08-14 00:00:00
a4396e55c140360b67296ee34f56752c,3e345e7e395a3ddd11abf786d6d74e3e,delivered,2018-07-23 14:13:23,2018-07-28 23:31:03,2018-07-26 10:17:00,2018-07-30 20:43:33,2018-08-17 00:00:00
2cf768ba32e4d7172e9b86a2042f5c32,0b724a70ab89854f2f367fd0a41f1974,delivered,2018-02-13 10:10:16,2018-02-15 03:47:34,2018-02-17 00:29:07,2018-02-22 20:32:27,2018-03-02 00:00:00
6e1e856a0fa5c51efd83408e3f8d1fe3,d6819da44ecb6d2001b72d4f19ce1e4f,delivered,2017-10-24 12:20:42,2017-10-25 02:28:21,2017-10-25 19:09:22,2017-10-26 15:44:51,2017-11-06 00:00:00
b7137352bdf2d8985750a6b13d49b2d4,cf15b6699cb95e493cd6e71431ffda1a,delivered,2017-07-16 16:18:45,2017-07-16 16:30:19,2017-07-17 20:22:50,2017-07-26 17:26:25,2017-08-08 00:00:00
494fa4e20c0a57c2f565a2d43a41462b,d6ac8c7fe64eb5e59bdcdd125ce9f5ba,delivered,2018-06-03 20:13:46,2018-06-03 20:31:24,2018-06-22 15:52:00,2018-06-28 21:33:17,2018-07-19 00:00:00
bd51fae4e79d90bca958267d6e6bee30,6804cebe528d82cfccaad1143fefbd38,unavailable,2017-11-17 20:03:46,2017-11-17 21:06:24,,,2017-11-30 00:00:00
d47a277ee3c0a6d83aac8548c06263cf,4d6a71e3cc10bf25e81389394f4ed0b5,delivered,2017-09-14 22:41:10,2017-09-16 02:50:15,2017-09-19 20:04:45,2017-09-22 19:41:52,2017-10-05 00:00:00
a20fd8d03db72237712932934935ab14,b5bae8ef2af64a160264b103b7df0912,delivered,2018-01-30 08:38:27,2018-01-30 09:09:36,2018-01-30 19:58:51,2018-02-05 18:42:52,2018-02-26 00:00:00
44a9994228432b835c3a4e720b6a41ab,ae5ba6d5577f1b5e2db6fa6d96a9dbd9,delivered,2018-03-02 20:29:05,2018-03-06 03:55:30,2018-03-08 17:19:24,2018-03-28 19:27:44,2018-03-23 00:00:00
34ac92bbb6413e7f6efd32aa6a30fe37,6dcc24988b3cf3be1c025f5e6d17fe49,delivered,2018-05-15 22:38:45,2018-05-15 22:55:20,2018-05-16 14:35:00,2018-05-18 22:48:43,2018-06-05 00:00:00
e7b5bbd928c9dcaa3466502cd99b4907,d0019ad7e1264a69c1120123e9f3feef,delivered,2018-05-27 20:13:46,2018-05-27 20:31:20,2018-05-29 08:48:00,2018-06-22 22:20:11,2018-07-03 00:00:00
e3c64131d3d2295829639be7b74a6533,462edc38c8e3268231131fbce3347b86,delivered,2018-04-01 19:51:11,2018-04-03 05:49:07,2018-04-04 01:44:43,2018-04-16 18:32:21,2018-05-02 00:00:00
abcf460ff11589e91290e8f95caeeef7,afc0bb207419f33368777e5258921f1b,delivered,2018-07-11 16:51:31,2018-07-11 17:06:11,2018-07-12 09:29:00,2018-07-13 17:03:09,2018-07-19 00:00:00
aed8a6355c72e229dbe6db611871f210,aa8825bc17f2b9387c3a0e0b2016f1dd,delivered,2018-06-22 14:31:06,2018-06-23 02:36:08,2018-06-25 14:17:00,2018-06-29 22:12:04,2018-07-16 00:00:00
2af88e292104c45837ffce587530757e,1e2624f5ee714374913f28e768ed0f60,delivered,2017-06-01 15:15:58,2017-06-01 15:25:14,2017-06-01 15:38:55,2017-06-09 14:03:49,2017-07-07 00:00:00
b5292e949af082478a408f61a52eac5b,2253f352d1652c2309a1f1287bc3e740,delivered,2017-04-22 18:37:44,2017-04-23 18:42:40,2017-04-27 08:40:02,2017-05-07 11:41:12,2017-05-15 00:00:00
f304e3c6d822b7221cb9df972c3ecd4b,101bde446b970893ef813dc3e88658a1,delivered,2018-03-14 12:53:33,2018-03-16 03:50:12,2018-03-19 23:03:06,2018-03-21 00:08:29,2018-03-26 00:00:00
e5d3ccacd4c9d00c28a3f328f72b254f,43255747b350f79ef9efb92fc90098c6,delivered,2017-02-14 12:52:10,2017-02-14 13:05:46,2017-02-22 13:49:35,2017-03-06 08:32:06,2017-03-15 00:00:00
fffb0b1a50e65c449020434fa835e078,46b385c6d972b73cbcf797a8b16c072d,delivered,2017-04-12 16:35:43,2017-04-12 16:45:12,2017-04-27 09:26:54,2017-05-17 11:38:22,2017-05-15 00:00:00
71d27026352e4ce6f225aa02cd8bacc3,ee8ccd2ba674c9e779e88e96a2595936,delivered,2017-12-03 17:11:47,2017-12-03 17:34:15,2017-12-04 10:58:54,2017-12-07 22:07:01,2017-12-20 00:00:00
9a55824805066e5b894f07c60e254854,1e5f21f18acbf4055a7da15ae09bf968,delivered,2017-08-28 11:27:15,2017-08-28 11:44:16,2017-08-28 17:35:45,2017-08-30 17:53:08,2017-09-14 00:00:00
e466da8b1fce311e8469cb62530c18a9,68d8144a07678ddc6c45bf0af744e865,delivered,2018-08-16 05:54:30,2018-08-16 06:10:06,2018-08-16 15:07:00,2018-08-17 20:28:25,2018-08-24 00:00:00
ace58598846c21f25ac62b735a436731,b99054fd23768e0fc903c0eab8a83442,delivered,2018-04-09 22:40:40,2018-04-10 00:31:46,2018-04-13 21:16:54,2018-04-16 18:55:00,2018-05-04 00:00:00
ee79adbd6f648ea3c946d88fc8f3dd23,2323671c2d6713135f3ac686457b04d4,delivered,2018-04-10 09:17:11,2018-04-10 09:30:25,2018-04-12 00:04:52,2018-04-14 15:49:40,2018-04-30 00:00:00
9764559652cd9a07586f59136848e1f1,57c2f085b05b55969f44246acdf2b5ae,delivered,2017-12-06 13:05:37,2017-12-06 13:12:34,2017-12-06 21:28:38,2018-01-16 21:29:00,2018-01-17 00:00:00
b73441a4e7a49b06d7219c969e5af0ef,4059656b16a5a2a93e9c0516a81ec52f,delivered,2017-09-10 12:22:47,2017-09-10 12:35:12,2017-09-12 18:35:55,2017-09-18 12:30:29,2017-10-02 00:00:00
941eccbab1cd0aec1888e669e608e5bd,135366749a34710bc46eb15cb5db3531,delivered,2017-06-22 20:07:39,2017-06-22 20:22:41,2017-06-23 10:27:45,2017-07-21 15:28:01,2017-07-28 00:00:00
a6d306fdfa4582a936be85949cf98a50,432f2e83c75cd332b78bf80f85c4b9d8,delivered,2018-08-17 10:48:14,2018-08-18 10:50:34,2018-08-20 09:46:00,2018-08-29 19:51:00,2018-09-06 00:00:00
6aad8a16f17436a086a9407258c150a4,20b21763accd4a567f5d11bf8e89d322,delivered,2018-06-11 21:03:47,2018-06-11 21:40:37,2018-06-12 14:35:00,2018-06-20 19:42:47,2018-07-05 00:00:00
5732c4d32ae81ea346107cb61aa2061b,a4a98a1e1a73eb104733646f6a473d8a,delivered,2018-03-04 21:52:46,2018-03-04 22:08:40,2018-03-05 20:25:28,2018-04-16 19:38:53,2018-03-22 00:00:00
550c5a737f2d08a5e934958da8fb29bb,e5c572f3eee5a867a24d9e70b1f45c05,delivered,2018-01-17 22:28:59,2018-01-17 22:50:09,2018-01-19 00:05:23,2018-01-26 22:59:05,2018-02-09 00:00:00
dd292af3ab66211a8d6e0e7a1ca5b03e,565d4d13c6d336f46342a14f1ff9d122,delivered,2018-03-29 16:35:17,2018-04-03 05:48:42,2018-04-04 21:36:43,2018-04-09 20:03:14,2018-04-25 00:00:00
0794929f95ad2d3371bf525e22a2603f,b846152f6ca2bc8c18c46c3247c33426,delivered,2017-11-06 12:28:08,2017-11-08 03:30:56,2017-11-11 13:42:42,2017-11-21 22:55:49,2017-12-04 00:00:00
1175d97a3d270dddf3146abe7f5e4934,1c60caa82a933780279e85c4b7846bc0,delivered,2018-08-20 08:11:26,2018-08-20 14:15:32,2018-08-21 15:11:00,2018-08-27 16:42:40,2018-09-14 00:00:00
ece456981916b0a15389f632ca95e4c4,83f3342b0ee6f0c116666610ec70e082,delivered,2018-02-05 19:25:51,2018-02-07 02:52:16,2018-02-08 14:58:24,2018-02-19 20:38:49,2018-03-02 00:00:00
d33a24a5ea67f8f5a06b0a32e53f3acf,5681c6fa141b43aaa13277dd0fd30b76,delivered,2017-05-16 11:15:51,2017-05-17 04:10:25,2017-05-17 14:37:03,2017-05-23 10:42:20,2017-06-07 00:00:00
d788d36048b59fbe35707de56c2fe939,e89af99c5a7a7b75b0bea8f5c0d00777,delivered,2017-02-19 10:22:18,2017-02-19 10:31:37,2017-03-03 09:41:59,2017-03-14 11:55:43,2017-03-27 00:00:00
ccce262c4b1775baab94c62c954014c8,5d6c8ab30ef2d0469ae465f4fc0df0e7,delivered,2018-03-19 23:06:19,2018-03-19 23:28:13,2018-03-21 20:58:31,2018-03-22 22:58:58,2018-04-04 00:00:00
56c52cf14c501d31e4d208bf86cecb53,809ad95bb436a0ababaa111dcc8064f1,delivered,2017-11-30 22:20:55,2017-12-01 10:31:15,2017-12-06 23:13:54,2017-12-15 19:35:16,2018-01-09 00:00:00
7c37777bdd8b3124246796439d94e8de,69f245be5f53ba788480ffaa3b96d507,delivered,2018-03-01 13:19:20,2018-03-01 13:30:37,2018-03-07 00:04:59,2018-03-15 20:38:21,2018-03-22 00:00:00
724d9ea2df2a8c8c93254d43a1016cb5,e0cd116b437ed2501f7b271190b7948f,delivered,2018-08-13 18:43:30,2018-08-13 18:55:22,2018-08-16 08:22:00,2018-08-23 11:45:37,2018-09-13 00:00:00
ed149e6c2ed9dc9748702e5e9cb7483c,d7413590f94e1fa23e820721e53e013d,delivered,2017-11-01 14:09:30,2017-11-02 02:31:12,2017-11-07 16:38:59,2017-11-17 01:33:33,2017-11-22 00:00:00
3f0f3c811e704a2423f25301eaedf047,3c29fd050b0f03c8edd4954ff0630eb7,delivered,2017-08-12 11:43:43,2017-08-12 11:55:21,2017-08-14 20:11:47,2017-08-16 12:29:17,2017-09-01 00:00:00
69aa05a091f9c98077f9a2ed8a2dafdd,0f077bc300c67ba6d69ac5302b42cd3f,delivered,2017-12-29 19:50:28,2017-12-29 20:07:02,2018-01-03 13:40:28,2018-01-04 14:24:33,2018-01-18 00:00:00
42a1ac4cb7d28070b0c76e92bac2e087,10534aa113c7fbf11192c2e7f2763052,delivered,2018-04-03 17:45:41,2018-04-04 17:50:26,2018-04-05 17:37:35,2018-04-17 23:32:34,2018-04-27 00:00:00
48972775375677a6b44d8733e4f8c812,817c0a5bba6ada57e5de2262bee76be6,delivered,2018-08-19 12:36:35,2018-08-20 16:50:16,2018-08-21 15:43:00,2018-08-22 23:42:55,2018-08-24 00:00:00
6582b7b59ad963f7a510455fb9185d1b,719e9763c8714da3c5a628d3de455ae8,delivered,2017-06-17 18:28:30,2017-06-17 18:42:39,2017-06-19 21:14:50,2017-06-23 13:22:24,2017-07-10 00:00:00
a5bc722e653d42e3c7e1404d4779f19d,6ad49c06783cc69b736c128ca0b4ad49,delivered,2018-06-18 14:07:12,2018-06-18 14:35:51,2018-06-20 12:37:00,2018-06-26 13:04:25,2018-07-12 00:00:00
8791e495e7f1b8d77696f42ff295d945,d98d984f06ada593e263ff7cb810d798,delivered,2018-03-04 22:43:52,2018-03-04 22:55:39,2018-03-10 00:08:45,2018-03-28 14:56:38,2018-03-27 00:00:00
5f0b0782790ceb15a39a61c73e13df9b,fa7f8570497a9887509dbdafa8a9513e,delivered,2017-08-22 07:59:33,2017-08-23 02:51:14,2017-08-23 19:46:37,2017-08-24 19:28:45,2017-09-04 00:00:00
2aec6692fda08fb7a050a161ea7eb59c,f6990f08f8262f1a0a9db4839fdd4109,delivered,2017-09-30 10:33:14,2017-09-30 10:50:58,2017-10-02 18:10:10,2017-10-06 00:53:56,2017-10-25 00:00:00
e57050216cdcbc40e35c8f5667f7806e,5c39546ec48df2747323d3356a6c4720,delivered,2018-07-19 21:25:31,2018-07-19 21:35:17,2018-07-20 14:59:00,2018-07-31 22:51:35,2018-08-06 00:00:00
363ef87a97dcef74ca5b91ca4a415f3c,7c96fae5e749fc0e54a2e57dccdd2aa9,delivered,2017-11-28 19:31:25,2017-11-30 14:58:30,2017-12-01 18:43:24,2017-12-16 09:55:48,2017-12-12 00:00:00
8458ad0c5a4b19319109dc629ac03c8f,ba092dd1f1d597c938f27492a0912d03,delivered,2017-10-09 23:55:59,2017-10-11 00:13:46,2017-10-11 15:42:56,2017-10-19 21:15:52,2017-11-03 00:00:00
384305b9cfec8a62f309b5e5cac920bc,566f3ca7161fa95dae551c144c67443a,delivered,2018-08-10 11:26:39,2018-08-11 02:44:28,2018-08-13 14:34:00,2018-08-16 20:18:48,2018-08-28 00:00:00
f9d5cc83106322c8781e4cc0c0bce572,ec7fb2a79382a4ecec04ada695ca0b57,delivered,2017-12-23 17:08:06,2017-12-23 17:19:20,2018-01-02 17:07:13,2018-01-17 20:48:26,2018-01-15 00:00:00
7fc930983a4062abd3407e7d6a0141a5,4999b83ecd2fab104b958ce8d13714cf,delivered,2017-11-25 10:41:49,2017-11-28 03:33:47,2017-12-07 23:35:24,2017-12-14 16:39:12,2017-12-11 00:00:00
649a327bed5a2799967cb9c666ff06c1,6401917f6b9f31fb91791bd2ce2783c8,delivered,2018-02-23 15:34:30,2018-02-23 15:54:27,2018-02-28 18:23:29,2018-03-22 18:46:44,2018-03-16 00:00:00
54e4556bb09818e0efeb30e86c4022e0,f18f59b32ce00389ef6ecb7f801dd48d,delivered,2018-06-16 13:26:38,2018-06-19 03:36:57,2018-06-19 15:24:00,2018-06-23 17:08:23,2018-07-12 00:00:00
7be4a210a223f13fac663c64d8cb6d04,84c34f46136918961512c810eeb48ff3,delivered,2017-12-13 19:43:57,2017-12-13 20:31:34,2017-12-18 22:43:04,2017-12-26 23:33:22,2018-01-08 00:00:00
60e2e89624c1d0711e325baf34fe2327,d91e1ede7c32d5c62cd335c194fec439,delivered,2018-01-10 10:53:06,2018-01-10 11:31:40,2018-01-11 19:49:01,2018-01-19 19:38:33,2018-02-08 00:00:00
20530ee11f40ad96e576465649828c2d,7a7d13d8c12d08f68dcdd14385e7c1c1,delivered,2017-11-24 22:33:04,2017-11-25 01:33:24,2017-11-25 16:31:36,2017-11-27 18:39:02,2017-12-08 00:00:00
dc17c17282032d56b1ca7dfbb291cf07,8feffbf725adf0e97ba87c57d4920bf8,delivered,2017-01-31 20:16:02,2017-01-31 20:25:22,2017-02-20 16:21:36,2017-03-02 16:59:18,2017-02-27 00:00:00
0e8b07d6fde25fe5cd3d67ad93943b4e,fc88f088d243fe889616273a5256d9a9,delivered,2018-03-26 16:14:32,2018-03-26 16:30:11,2018-03-28 22:04:05,2018-04-07 01:05:05,2018-05-04 00:00:00
21996e7c744554c7c4fac8896bbdf0ea,1a44c1aae0f913d13800d568e453dc64,delivered,2018-07-16 09:12:36,2018-07-17 04:31:19,2018-07-18 13:34:00,2018-07-23 22:13:36,2018-07-30 00:00:00
81e5023bc130187e464f4f8c328744fa,ad2e63dce7420f1aea7bc997716a32ae,delivered,2018-05-06 16:24:57,2018-05-07 09:12:56,2018-05-07 14:37:00,2018-05-15 18:33:33,2018-06-12 00:00:00
373e33407e16fe7b1ae7de43384958fd,a786efe0406935f2855160ab59901712,delivered,2018-08-11 08:58:14,2018-08-11 09:10:21,2018-08-13 10:01:00,2018-08-22 16:44:27,2018-09-04 00:00:00
266d1afe42f1f376499cdd8e6df164d9,144756e897a43ed57c52f651e830977f,delivered,2017-11-24 21:20:50,2017-11-25 03:57:32,2017-11-29 00:25:48,2017-11-30 17:42:08,2017-12-08 00:00:00
8a5c6f8c338d3e4804bd969ba46d5d0c,fadde80c0077197b4568c6b8649b3be1,delivered,2018-03-09 22:20:08,2018-03-09 22:30:29,2018-03-13 21:48:33,2018-04-06 23:18:27,2018-04-03 00:00:00
ae6554cd477d704040e7a5ddb5a72886,bc337d05e7219a4b2408a28c4e269790,delivered,2018-01-23 21:26:56,2018-01-24 19:17:08,2018-01-26 22:53:57,2018-02-07 21:11:57,2018-02-19 00:00:00
4ec755335e77b43c823c978d570fe48f,9018b88fcc77a0a7fa71b70a15375239,delivered,2017-12-16 11:27:55,2017-12-16 11:36:21,2017-12-21 20:32:44,2017-12-28 17:49:14,2018-01-22 00:00:00
cf73e2cb1f4a9480ed70c154da3d954a,ef1ed1347404166e73e8f3977ffcbca0,delivered,2018-01-11 11:23:09,2018-01-12 02:38:33,2018-01-13 01:07:00,2018-01-17 14:36:38,2018-02-01 00:00:00
641fffc35cd22fa1a6092b0c0dd903b3,b0c4781da345dec9877d8971c0ddfe2e,delivered,2017-06-16 01:31:07,2017-06-16 01:43:03,2017-06-16 11:48:00,2017-06-26 13:36:49,2017-07-11 00:00:00
7b8ae8132da20b7b6f709b2d5fcd78c5,4867e76ef4bdc75f3ffa97fd17ff7c30,delivered,2017-11-24 10:09:10,2017-11-24 10:39:21,2017-11-28 21:36:04,2017-12-03 15:34:34,2017-12-14 00:00:00
03138c298bfe1ee7855eefc9442346a8,462025be11ad81e8138837f833b827c9,shipped,2018-06-15 16:07:24,2018-06-16 08:58:53,2018-06-18 14:41:00,,2018-07-13 00:00:00
1edf6220f293bb806c6d390700ccccd6,ed4380ccb3b7d35ce4d7070fec436bc6,delivered,2018-02-09 12:28:27,2018-02-10 02:49:40,2018-02-15 17:55:21,2018-02-20 20:30:10,2018-03-05 00:00:00
b92773553b06cfc1042db69dc1a5b70b,c470810bfc23c2293a7d75a7200cf99f,delivered,2017-07-09 10:18:26,2017-07-09 10:30:06,2017-07-12 19:48:48,2017-07-25 18:27:52,2017-08-01 00:00:00
0ccc4d2c7102c48188f50be5107fe442,e464bacc73c48134f460e289a5f0baf9,delivered,2018-07-10 20:53:38,2018-07-10 21:06:10,2018-07-11 13:32:00,2018-07-14 14:46:36,2018-08-22 00:00:00
aa942d6c13162cf699a9ed59746af588,b56bc2668907de41b2e651b6d9e7a36d,delivered,2018-01-27 19:28:48,2018-01-27 19:58:13,2018-01-30 12:06:44,2018-02-07 22:12:40,2018-02-21 00:00:00
6c8c84221e424ef0729c9e08d70ad8c7,fa15e89eb4e9dd71dc106178ecbbeb15,delivered,2017-12-23 15:42:12,2017-12-23 15:50:52,2017-12-28 13:46:03,2017-12-30 15:46:50,2018-01-19 00:00:00
a1a68e110acccf4536909795aef7dc9b,d1e65403f8fe29061b2180137a35323a,delivered,2017-02-27 12:26:09,2017-03-02 04:05:29,2017-03-03 16:38:10,2017-03-20 09:37:49,2017-03-22 00:00:00
f16cbac8a72057c2daba4b64662100ba,08f632ba547ce8a3f9d4efe3028a216e,delivered,2018-08-01 08:29:38,2018-08-01 08:44:07,2018-08-06 14:23:00,2018-08-15 16:47:01,2018-08-13 00:00:00
f28d2797b047549663f2e82b4afbdc1e,fa60dc846cc1ab755dd1768fc500b400,delivered,2017-04-06 18:47:46,2017-04-06 18:55:12,2017-04-10 14:24:52,2017-04-12 08:22:43,2017-05-19 00:00:00
c53079ef16fa59b2fec31f6f48dfd186,94ada3085d63aeb141e94cbf631078ce,invoiced,2017-10-24 15:12:12,2017-10-25 02:14:26,,,2017-12-04 00:00:00
49ca71290aca256140005165217e2644,57ea4ab67c545f039981125c28fbf3ed,delivered,2017-08-29 21:46:03,2017-08-31 04:31:21,2017-08-31 19:53:05,2017-09-14 17:33:19,2017-09-21 00:00:00
99cf68b71ac96d8b4c0f20dec410d8fd,074ed25364c115f9e35c10d260b87780,delivered,2018-02-01 14:04:51,2018-02-02 02:54:12,2018-02-05 17:35:53,2018-03-20 19:06:33,2018-03-01 00:00:00
693d0d4622b8c4324e34ae71fe19a58f,9bf5369cd6c87944bc8586fca188efcf,delivered,2017-10-25 13:35:24,2017-10-27 03:10:13,2017-10-27 18:23:48,2017-11-03 13:38:33,2017-11-07 00:00:00
e7df3fcd195fafd25a46f580fc96c9f3,38b9cf892706e93eddf8ec8265869722,delivered,2017-12-01 00:05:35,2017-12-01 10:31:12,2017-12-01 19:27:01,2017-12-12 20:15:17,2018-01-04 00:00:00
650e96bb8f069e30f346534aa42860a7,020fff139f1af3a6dff28456f386fe2d,delivered,2018-08-10 16:55:53,2018-08-10 17:05:17,2018-08-13 15:17:00,2018-08-14 17:26:42,2018-08-16 00:00:00
4152a677b7acfa7fdab8dc8e1dd436eb,f9186c4eba8c803ac493a2ea4a189fc7,delivered,2017-01-24 19:39:42,2017-01-24 19:50:17,2017-01-25 10:47:31,2017-02-02 08:39:06,2017-03-03 00:00:00
445cd794c7ff61866803ea314dabe645,694edc807e805eca279af219e9fb4086,delivered,2018-07-16 15:38:52,2018-07-16 15:50:53,2018-07-17 13:38:00,2018-07-24 15:07:54,2018-07-30 00:00:00
8ba172a5cefe32a643579fe4c0a5ceee,444d8edf88cb47c875c15356930c5e1c,delivered,2017-08-31 17:20:46,2017-09-02 03:04:15,2017-09-05 17:58:16,2017-09-06 15:57:50,2017-09-13 00:00:00
5cf83f6f51a8b5c52504a09006a69eb0,8101bf533d228dfb0d83efbbcf75df7d,delivered,2017-12-27 19:52:09,2017-12-28 13:18:18,2018-01-03 20:46:57,2018-01-08 21:40:10,2018-01-26 00:00:00
0fc5deb2df203e00080d925c2c8d1dfd,019017e9f8b2c0e399f1f00e6e87f306,delivered,2018-07-21 15:08:22,2018-07-21 15:24:08,2018-07-24 13:11:00,2018-07-28 19:08:49,2018-08-07 00:00:00
5fb7dd0236cfe4fd2c620959623e4619,0ccb4c74c8bb23990e7430fa72df436e,delivered,2018-04-25 14:38:23,2018-04-26 03:35:13,2018-04-27 13:30:00,2018-05-07 16:39:46,2018-05-15 00:00:00
0487007c18089d38f1492091945d7ba8,5cbe9410f3ea413f95d0858d75f0a42c,delivered,2018-06-04 15:00:32,2018-06-04 15:11:36,2018-06-05 13:14:00,2018-06-08 16:48:40,2018-07-05 00:00:00
a465a6d5ac23c4a20c1dd7e542352106,80c666119b87238e8635dde95dd66b29,delivered,2018-01-10 08:27:39,2018-01-10 10:32:07,2018-01-29 21:59:02,2018-01-31 18:38:13,2018-02-08 00:00:00
938110b6904380feefb719683295f04a,5ac248f34549732cdb204497ba80a838,delivered,2018-03-23 20:59:25,2018-03-24 12:10:32,2018-03-27 00:32:12,2018-04-04 15:42:29,2018-04-05 00:00:00
434455c454a49013064dfa54585892fc,5ef2d0d20efcd63c0d0af8b7bd1fe3c0,delivered,2018-03-28 08:03:41,2018-03-28 08:15:19,2018-03-28 17:59:47,2018-04-09 10:51:51,2018-04-20 00:00:00
d082758d583505f358d7893ac95d4f0f,3966c9281e8635cdcd8a77df973b7b35,delivered,2018-03-07 23:42:31,2018-03-07 23:55:29,2018-03-09 00:22:28,2018-04-03 23:25:23,2018-04-18 00:00:00
71385d0c646fbc757cfd07df085986d7,98e5352560be36e212fd37586d7f6409,delivered,2017-11-08 20:47:44,2017-11-08 20:56:03,2017-11-09 17:07:00,2017-11-24 15:38:46,2017-11-29 00:00:00
ec72b3cb886591a30fe474f7474720c8,87b01be0c7f4ec17eafabf5f1588c306,delivered,2017-02-11 15:12:14,2017-02-11 15:22:48,2017-02-14 09:55:45,2017-02-17 10:35:48,2017-03-15 00:00:00
689fb8f117f6d979dc761429176bb52f,dd9e67da549dc5e972c31efc37cede6b,delivered,2017-09-05 09:51:54,2017-09-06 12:43:24,2017-09-08 19:56:49,2017-09-15 23:32:23,2017-09-27 00:00:00
423e3739c511dd6b0752a064f9f20527,04802886a43fe74bd00496abf197b3a6,delivered,2018-07-12 19:37:30,2018-07-12 20:20:04,2018-07-27 14:39:00,2018-07-30 18:31:59,2018-07-23 00:00:00
387304e2b5ef64131135043b69b26c69,10a718c72a2eb69c78ac4e550faffca5,delivered,2018-01-02 09:37:13,2018-01-02 09:50:28,2018-01-02 18:23:45,2018-01-15 23:48:31,2018-02-02 00:00:00
5b0a937c574c108a5e2359af5665b99a,e2436ba9192da3fdf16eaaf26d17468d,delivered,2018-07-23 22:28:09,2018-07-24 10:31:30,2018-07-25 12:11:00,2018-07-31 20:27:39,2018-08-22 00:00:00
7857d15c4666556ebb610d938f32eb4f,8a8f4a93942a74ef55e00021748bf25c,delivered,2018-02-08 01:33:35,2018-02-08 11:35:26,2018-02-09 17:09:22,2018-02-19 16:58:55,2018-02-26 00:00:00
fc719b274382a0834f125796832ab9a5,b90bea4e34cc5dcd221deeaa6f645aac,delivered,2018-07-02 13:16:53,2018-07-02 13:50:31,2018-07-04 14:30:00,2018-07-09 21:06:47,2018-07-30 00:00:00
d4fde1071e39ee8e421d916f13291d2a,7908869eef5b1d617f3fbd80c10231b2,delivered,2017-10-27 09:21:21,2017-10-27 09:35:48,2017-10-27 21:05:53,2017-11-06 14:53:00,2017-11-16 00:00:00
6d82fb84caeb4867e10314d00ee91ca1,60557beabb29add89b6ad201ff7ab80d,delivered,2018-03-29 13:26:25,2018-04-03 05:10:34,2018-04-04 18:24:51,2018-04-25 19:08:45,2018-04-19 00:00:00
fd732412d4727a9a7e0d6231b2ca11ed,1a84d26e0b91518f76c51b59bb3e9408,delivered,2017-08-19 19:25:41,2017-08-19 19:44:26,2017-08-21 16:26:59,2017-08-31 20:18:12,2017-09-21 00:00:00
f5931f16ce0aba5c5f948d17919d04cc,fb1583c423fa1bb0c93f03d1dd0b9622,delivered,2017-09-19 15:53:07,2017-09-19 16:05:59,2017-09-23 14:43:33,2017-09-29 11:19:16,2017-10-16 00:00:00
8c9479e56a7609daf0260e1ed2a1d674,2bbf2cd73c694493b5360050d798f5bb,delivered,2017-11-14 14:56:37,2017-11-14 15:08:15,2017-11-17 21:32:35,2017-11-24 21:57:36,2017-12-11 00:00:00
46aedb619e3a9e3883a8d51d58269e4f,9d0de91dce95d8fa5c802759b2a6b871,delivered,2018-06-20 10:43:24,2018-06-21 03:17:54,2018-06-29 14:04:00,2018-07-02 16:29:10,2018-07-16 00:00:00
294b7da16c27e408f2137e10de0d9495,d6bcb58cf4ddb4688e8ff3adfd7b1458,delivered,2018-01-19 01:17:29,2018-01-19 01:31:26,2018-01-19 23:14:30,2018-01-29 20:32:26,2018-02-20 00:00:00
45ff50616aff4d99cfaca273317a139b,af7c572f32c17ecda4664f61721926ba,delivered,2018-05-02 20:56:24,2018-05-02 21:18:52,2018-05-04 15:05:00,2018-05-08 01:05:57,2018-05-17 00:00:00
41dc608dc9ebdb998dc9b63c57eca204,e014a175e1f4895640138693be508ca1,delivered,2017-11-02 15:17:45,2017-11-02 15:26:15,2017-11-03 21:28:17,2017-11-06 20:32:19,2017-11-16 00:00:00
a4f60531f70dda57689ca2b1ede162f8,6a122bcedf65452b1002d0fc3758c531,delivered,2018-04-03 08:32:43,2018-04-04 03:09:00,2018-04-04 18:47:39,2018-04-14 19:06:55,2018-04-30 00:00:00
ef4927f51923ddcf7b75fb84f51126b7,98c06da4bc9caeddc4b8d92ab42b6bc7,delivered,2017-09-11 23:30:04,2017-09-11 23:43:23,2017-09-12 19:09:45,2017-09-13 16:39:48,2017-09-21 00:00:00
a30b74313d68098f40df2741bf239601,518af708e03d6d2aabb44bcb48133025,delivered,2017-11-25 13:12:27,2017-11-25 13:33:58,2017-11-27 18:11:17,2017-12-05 17:52:06,2017-12-18 00:00:00
2fe324febf907e3ea3f2aa9650869fa5,65b14237885b3972ebec28c0f7dd2220,delivered,2017-03-13 20:17:10,2017-03-13 20:17:10,2017-03-17 07:23:53,2017-09-19 17:00:07,2017-04-05 00:00:00
a2e8f1f731b30517a6d0e1889d1c7e35,51857fcd0e5ff5ad2c5462923f01026f,delivered,2018-08-14 11:37:57,2018-08-15 03:10:25,2018-08-15 13:54:00,2018-08-17 19:41:49,2018-09-10 00:00:00
3b75fec4f1f6f22c7fd68becfadf57f9,ecfaf0be74377fdae1c4290dc611c9ab,delivered,2017-03-21 23:46:01,2017-03-21 23:46:01,2017-03-28 07:57:37,2017-04-01 08:57:03,2017-04-07 00:00:00
9d8511a0b975c1aae5e2a9698a1ccae2,26998418b6674006d6ef5cfc44c398ee,delivered,2018-03-09 12:20:23,2018-03-09 12:35:23,2018-03-09 22:05:52,2018-03-20 14:26:38,2018-04-02 00:00:00
9cb899ec49b7c2411eae41cd5977de2f,e67f59f16e6056646cf6ad6cb2b0ded3,delivered,2018-01-10 08:28:59,2018-01-10 14:29:22,2018-01-11 17:48:36,2018-01-17 13:59:03,2018-02-07 00:00:00
c6d3ba7aef0216cb6c540497c845f0ba,6b33a31c21e3e38abf7f7745689d6ab3,delivered,2018-05-16 15:29:16,2018-05-16 15:59:40,2018-05-18 14:55:00,2018-06-19 18:42:14,2018-06-11 00:00:00
3e8ef04f228ea2e33b19ff30e0e61f38,a2e1b81e95b64a49c8715043ec2bf878,delivered,2018-08-25 16:48:02,2018-08-25 17:04:13,2018-08-27 13:55:00,2018-08-28 22:06:40,2018-09-06 00:00:00
8f4d9ae2f2a9008353f4295f2985ad76,1265cfcc7c176a1d00fb743e2aac6d7c,shipped,2017-03-01 20:07:16,2017-03-02 09:05:18,2017-03-09 10:18:04,,2017-04-25 00:00:00
14ec71016ffcd03db4fac8ce56278da5,8671244f3c6c3af677a047146fe41707,delivered,2018-01-02 10:35:07,2018-01-02 10:50:02,2018-01-02 21:23:25,2018-01-15 19:32:46,2018-01-24 00:00:00
b6940503a9b26d72b8b41ae29a88e0d1,c60a729ffd1915e57d9ac6ef86553af9,delivered,2018-05-10 14:56:04,2018-05-11 14:58:20,2018-05-15 14:52:00,2018-05-23 14:56:55,2018-06-06 00:00:00
1170def5f575ee492231108cb5185570,3ebeba9f61602359f1c6ff15d88d31fb,shipped,2018-05-06 07:09:28,2018-05-08 04:14:17,2018-05-08 14:15:00,,2018-05-29 00:00:00
ca29d7cf8cb37d08e6a73c1128859290,364b5d0bd02e707f4b99a50ef4493acf,delivered,2018-01-13 15:02:06,2018-01-13 15:31:39,2018-01-15 17:33:31,2018-01-24 17:03:16,2018-02-14 00:00:00
9c83e600b8c156f1b50b753f30e93634,60ba10cea61a934e043ef4fb6b60ff04,delivered,2017-10-30 11:47:19,2017-10-31 04:10:23,2017-10-31 18:50:04,2017-11-08 20:07:36,2017-11-27 00:00:00
05871d52118762aaae93a3682fc5fe2f,a22b5e829ec1ca245de827b70b0fd334,delivered,2018-07-31 20:54:24,2018-07-31 21:05:13,2018-08-09 09:22:00,2018-08-15 23:51:45,2018-08-22 00:00:00
4d34eb469920ba37e6cab956395a5265,84b667a6ecf4e5e69339b7a255032ab0,delivered,2017-11-13 13:13:04,2017-11-13 13:29:12,2017-11-16 19:08:55,2017-11-23 18:48:50,2017-12-05 00:00:00
34445bc5a6255519c1d230b2231eeb63,5fbc79a993390667e9a461e24d9ce21c,delivered,2017-02-05 00:11:30,2017-02-05 00:22:48,2017-02-08 03:45:53,2017-02-16 13:32:48,2017-03-27 00:00:00
f0cd188382c01c2acf331a637d869acc,99741a5f43aa1794f70b18a4e60229de,delivered,2018-04-08 21:55:01,2018-04-08 22:10:12,2018-04-10 15:28:52,2018-04-18 15:07:40,2018-05-03 00:00:00
aeb70ca14a984230b34a6cbf48fe6d8a,1809a4d9621d6e57cbee32249da47055,delivered,2018-07-26 08:52:34,2018-07-26 09:05:11,2018-07-26 10:25:00,2018-07-30 17:04:14,2018-08-20 00:00:00
5a7ca318214b5a70fd94e277af9643f1,9184be9401fc9b2bf61cf71bc64e8a2e,delivered,2017-11-24 21:18:54,2017-11-25 00:16:48,2017-11-27 22:13:30,2017-12-12 22:52:02,2017-12-26 00:00:00
0ea948e1fe88f71d0724adcdf03f3a1a,5d331fc00285ec90e2352cde35a6fd70,delivered,2018-06-28 20:24:25,2018-06-28 20:50:10,2018-07-03 12:33:00,2018-07-11 15:48:27,2018-07-19 00:00:00
ca057e5d6b72a0fc19eb40cd99c188c8,dcf8829d7b09493cbfb502af2340be09,delivered,2017-10-01 15:45:38,2017-10-03 04:14:21,2017-10-04 18:57:49,2017-10-11 01:25:54,2017-10-24 00:00:00
7eeab59050f13c229ebf63251ac10d3e,13f489935396f6b5311f29f6f5556d6e,delivered,2018-08-21 13:16:24,2018-08-21 13:31:04,2018-08-22 11:16:00,2018-08-27 20:54:41,2018-09-28 00:00:00
cad74364289ac320e036ecf2a457c562,5a99722735c9376b779993651a14101b,delivered,2017-11-07 21:57:26,2017-11-07 22:11:05,2017-11-08 20:19:46,2017-11-13 22:13:01,2017-11-27 00:00:00
fe157fed1771944584f95dce138eefad,56a4d10644e5aa0b23861f9e90f37a8d,delivered,2018-06-05 18:54:48,2018-06-07 03:12:31,2018-06-11 10:40:00,2018-06-26 19:28:24,2018-08-06 00:00:00
409d692c7314744b643ae98e8a11e1b5,15f254150d0e0f1fc6358514691f65bc,delivered,2018-08-14 09:27:24,2018-08-15 03:05:23,2018-08-15 16:16:00,2018-08-20 23:11:50,2018-08-31 00:00:00
305f4f2afe70d838e381fb7a3c973838,755e256c7a05f319e195cde33d095d4f,delivered,2018-06-09 08:44:22,2018-06-09 09:11:32,2018-06-11 15:57:00,2018-07-01 18:34:40,2018-07-05 00:00:00
22d5102a394ed953c1d0de4a702a5f9c,6cde1d78f199f11a10ff3b1673a82cb9,delivered,2018-02-17 14:24:34,2018-02-17 14:35:29,2018-02-20 22:18:57,2018-02-23 19:20:08,2018-03-06 00:00:00
03ea970e60ecfa4b84a69ddc665262a5,7d4bcc989710ee664b406819ce808a90,delivered,2017-09-20 16:14:30,2017-09-20 16:30:23,2017-09-21 17:18:35,2017-09-26 20:02:38,2017-10-20 00:00:00
93813bdf2d611779ff37fadaee0ae4fc,c1cf59e73b753e3b4b30c81472c9ac01,delivered,2017-11-19 13:25:09,2017-11-21 04:12:23,2017-11-21 19:48:42,2017-11-30 20:28:57,2017-12-01 00:00:00
27c666cbe2691774436144c46aefe216,a503450e1372c0ed9209725cf9dac71e,delivered,2017-09-20 14:28:34,2017-09-20 14:45:43,2017-09-21 17:08:48,2017-09-27 16:38:32,2017-10-17 00:00:00
dfb28e6c33c63302a23a2166674f1864,6906ffafae86e29b5702189e0f1442d4,delivered,2017-11-24 21:39:39,2017-11-26 21:34:25,2017-11-27 19:28:49,2017-12-08 00:47:46,2017-12-08 00:00:00
3b20eefea25e9f7a1f09b7106c26da95,968c31ee3af93b0eae7defaac4296e8e,delivered,2018-04-04 16:14:50,2018-04-04 16:28:31,2018-04-05 18:33:00,2018-04-16 16:58:42,2018-05-02 00:00:00
46cf76e5f4fbb3641f315f903285ce9f,2f2b54617adfcebcaba988cf6a78ef7a,delivered,2018-06-20 21:22:15,2018-06-20 21:38:38,2018-06-21 12:47:00,2018-06-25 19:48:31,2018-07-16 00:00:00
1e1bb536916a9964978ee59e6d6d0cca,ab1164a1a23cff7f1638eaa9585ca518,delivered,2017-08-30 11:57:09,2017-08-30 12:10:11,2017-08-30 18:05:32,2017-09-01 21:26:01,2017-09-25 00:00:00
d9d2ea110b9794283aa5100ac9ec718e,3c27fa120474684a56b31d04e55b7bcb,delivered,2017-12-13 19:14:55,2017-12-13 19:30:29,2017-12-14 20:22:04,2017-12-28 21:43:07,2018-01-16 00:00:00
0cf4406688aab4ea5593cc48304e8887,2432c837b254b9f016e2e901f69afddd,delivered,2018-08-09 18:32:12,2018-08-11 02:45:20,2018-08-13 14:25:00,2018-08-14 20:26:41,2018-08-14 00:00:00
33003aadf0df6db944ffc35137a4573b,c3e8db626762eb8fb15e22b7dcc79283,delivered,2017-06-06 18:22:03,2017-06-06 18:42:30,2017-06-08 12:38:36,2017-06-10 10:55:52,2017-06-20 00:00:00
0f2335c85eae6c232fa46499d5e1e3d2,e769dc265dadde9a906e2cd0e127f2d3,delivered,2018-06-11 16:51:47,2018-06-11 17:20:47,2018-06-12 14:27:00,2018-06-26 20:03:32,2018-07-16 00:00:00
36a924d21368a46d4ed120b8adb1dc3d,31d3512e7bed81e370160150fa1b0235,delivered,2018-06-23 20:42:39,2018-06-25 10:55:13,2018-06-25 15:31:00,2018-08-20 17:12:22,2018-07-24 00:00:00
af7f16b96e01b9947638321949f672d5,87863ad6c20c831af722c2401a1daf59,delivered,2018-07-06 10:45:51,2018-07-07 04:48:22,2018-07-10 15:03:00,2018-07-14 14:48:27,2018-07-31 00:00:00
767dd7bdeb5f5d8f1840145a3e898bc2,91693fdec54a003591f8786b71c52fec,delivered,2018-05-23 17:43:11,2018-05-24 18:23:01,2018-05-29 14:38:00,2018-05-30 18:55:41,2018-06-08 00:00:00
d52d8b400bb758fb5b25ca1af464f814,129ae9b07360545f7752ed4251ea5041,delivered,2017-11-24 00:24:32,2017-11-25 05:50:02,2017-11-27 18:53:18,2017-12-02 17:27:04,2017-12-15 00:00:00
3d124284515fa7130862f5500fd95c2a,b10b53dacf64f37db15bdc334d3adf3a,delivered,2018-06-17 07:47:24,2018-06-17 08:19:31,2018-06-20 18:01:00,2018-06-21 20:26:29,2018-06-28 00:00:00
e033bdf3c0d77ce6a7c7ee1235c8d051,4c9bf235c8597c7db70610186af57d7a,delivered,2018-06-20 10:18:11,2018-06-20 10:44:15,2018-06-21 12:30:00,2018-06-22 16:05:02,2018-07-11 00:00:00
505a3bb5ff0c07fe7d0557cab70693ae,a61eb5acd0c3d2cb6a77f19c5935f0d7,delivered,2017-09-04 12:43:57,2017-09-04 12:55:15,2017-09-06 19:04:12,2017-09-13 21:47:42,2017-09-21 00:00:00
a3c65630607c982f54a3df86ba0ba76a,0c8f1fe40f0c95b4950b37803c3ca0ad,delivered,2018-05-14 20:08:37,2018-05-14 20:37:39,2018-05-15 12:28:00,2018-05-16 23:41:38,2018-05-28 00:00:00
0d3268bad9b086af767785e3f0fc0133,4f1d63d35fb7c8999853b2699f5c7649,delivered,2018-07-01 21:14:02,2018-07-01 21:29:54,2018-07-03 09:28:00,,2018-07-24 00:00:00
6fcb95e455e8f30ce414c08f4a31ccd5,ef1a418be86c78a53772a03837ca33e0,delivered,2017-08-30 11:09:50,2017-08-30 11:25:16,2017-08-31 14:47:49,2017-09-05 19:53:53,2017-09-18 00:00:00
b75900fba7c6652e3dc7b6ad4160fee1,248d1931b65b96ec2f5c89fa83111862,delivered,2017-08-16 19:36:38,2017-08-18 02:35:25,2017-08-18 18:54:00,2017-08-24 21:47:56,2017-09-05 00:00:00
c56b1a5e46d033165cc4440b9878e64b,ecfe85562416d50766db3afd92b0f31a,delivered,2018-03-23 12:12:09,2018-03-23 12:29:14,2018-03-27 19:21:13,2018-04-09 23:33:19,2018-04-11 00:00:00
b0ff49d6e778f78efe9eb70252a367d4,63f67968b5526d5ba25ad48e9e487873,delivered,2017-11-07 09:14:44,2017-11-08 09:10:28,2017-11-13 18:13:00,2017-11-24 17:54:51,2017-12-04 00:00:00
d5cdc053cdfd98fad4a2330ff501852e,019b7076acf0ef17a372c02e8b170cb4,delivered,2017-05-08 09:25:02,2017-05-08 09:35:23,2017-05-09 14:19:21,2017-05-16 09:44:37,2017-05-30 00:00:00
d1fd0b3e5098a55e5c4a672e25527b97,c93967bb7502dedcb3d9872a427ea429,delivered,2018-02-05 12:57:03,2018-02-05 13:10:53,2018-02-06 22:22:23,2018-02-19 10:33:29,2018-03-06 00:00:00
10f288cd8e6f4add2454d845e9df5af6,d6351c9f1d835238f1e2e76ea7472b87,delivered,2017-11-24 13:15:25,2017-11-25 04:55:33,2017-11-28 18:04:26,2017-12-06 22:27:55,2017-12-14 00:00:00
ab37ec75cad1f09d8ec5c5a4228eaf50,d81c43db155254f98cce1de0d6026bed,delivered,2017-03-30 23:33:36,2017-03-30 23:45:16,2017-03-31 13:19:26,2017-04-05 16:26:39,2017-04-24 00:00:00
d3221f47eb4afb028ea89bf72bdc8bc8,cc9ff086a2bd5f8a324fce11bcd7055a,delivered,2017-05-02 20:56:43,2017-05-03 15:22:47,2017-05-04 09:53:18,2017-05-08 09:26:42,2017-05-23 00:00:00
137135c30e53ddac60ef16b8ef6d4d54,0e452884350c12f7a85429773c5b6472,delivered,2018-02-25 11:48:38,2018-02-25 12:09:36,2018-03-02 00:08:36,2018-05-07 14:43:53,2018-04-05 00:00:00
b7ee003a15e0771e300ba4fa565c1cde,bb248d53ccfad4213d4cc085f4ea8605,shipped,2017-06-06 22:31:52,2017-06-06 22:45:14,2017-06-07 15:58:40,,2017-06-27 00:00:00
771760302216bf4e6a1e0a9e6379583f,6316ea86c8694f41021cfe91287144b2,delivered,2018-06-03 18:12:18,2018-06-03 18:31:03,2018-06-04 13:45:00,2018-06-13 14:39:33,2018-07-17 00:00:00
0b8c594f80a7db56ea4927af84e45203,2f5c5ebb61f2eeb48a990244af12827e,delivered,2018-03-26 10:01:59,2018-03-28 02:50:21,2018-04-09 19:34:21,2018-04-11 22:04:56,2018-04-16 00:00:00
897fab0704eda65c69520010b02a3fee,4514de42f20ab295bfb4509ce083b763,delivered,2018-05-07 16:24:23,2018-05-07 17:56:11,2018-05-08 06:32:00,2018-05-18 23:51:13,2018-06-05 00:00:00
20c60f23d0f1231ad895fde039554666,e103e55c94fa14497f6d7505f13ebd0a,delivered,2017-07-15 18:44:39,2017-07-15 18:55:17,2017-07-18 13:27:40,2017-07-24 18:33:41,2017-08-08 00:00:00
52b7f26dd95604cb836ba17f96a6b056,c0cdc356a67598956b73ccce36edc86f,unavailable,2017-07-05 05:55:39,2017-07-07 02:44:23,,,2017-07-18 00:00:00
d2f6f1bd3f3261623c3a807d0945bbd9,d3900943c6fb13a8d352bb50b17a4cbb,delivered,2017-07-05 21:23:32,2017-07-06 17:23:42,2017-07-07 19:12:57,2017-07-13 21:19:46,2017-07-25 00:00:00
ed3b18e876bbc16bfe330cd934aa0f68,ee76d186862db08ec487d67f0e5c7bc4,canceled,2017-09-11 20:07:36,2017-09-11 20:23:37,,,2017-10-02 00:00:00
d4e4ac3c423a38f131a755f777d2f73d,433d2e1477547cc3eec3981cadaade64,delivered,2017-05-24 09:05:17,2017-05-24 09:15:19,2017-05-24 11:56:08,2017-06-02 15:03:37,2017-06-20 00:00:00
cac7e309df39d1f200b8ca086c4ab624,a8a9e48facf3dc7bdd3bb6d63c4efa54,delivered,2017-05-21 13:51:37,2017-05-21 14:05:16,2017-05-25 16:09:30,2017-06-03 08:32:36,2017-06-12 00:00:00
f9f91e01e98440ee1e84dbcfad27fdbd,b85e5fff3dc72b68afe4d7791b495a62,delivered,2018-05-16 19:36:10,2018-05-16 19:54:42,2018-05-17 12:12:00,2018-05-23 00:12:14,2018-06-08 00:00:00
512f4f80b07d98a492f7e38f1736e1c0,350010e736cdc59d9b04c4835b38ee79,delivered,2017-05-25 21:48:06,2017-05-25 22:02:40,2017-05-26 11:57:38,2017-05-29 07:53:59,2017-06-07 00:00:00
a4277113bcf10ed364a0182042fc8155,fd18e47a1f202967357c8d65c4b4a2ce,delivered,2018-05-05 16:59:04,2018-05-05 17:10:23,2018-05-10 11:17:00,2018-05-14 18:03:24,2018-05-30 00:00:00
db851b28d3dbaa9b1b467dad083ff8fd,9c23b7d709b58ec30527be9dfe96e023,delivered,2017-10-22 15:15:11,2017-10-22 15:28:14,2017-10-24 12:17:43,2017-10-31 19:35:00,2017-11-16 00:00:00
e9223fe7529db1d11fac85d4140bb536,aca362e0744d36fb0975539a8b8aab37,delivered,2017-10-16 13:40:00,2017-10-16 13:56:22,2017-10-17 14:07:30,2017-10-18 19:56:31,2017-10-26 00:00:00
dec5c8b31036f767ced1d8a698be9a8e,6f145b8c9b8d449154c4c4bbf8be56ee,delivered,2018-03-01 17:43:18,2018-03-01 17:55:27,2018-03-07 00:15:01,2018-03-22 22:58:45,2018-05-08 00:00:00
40dabf508156f3a0348eb2a656562b99,97ae9af8fd08e9d6027793548cf1f4e1,delivered,2018-02-21 15:24:49,2018-02-21 15:48:55,2018-02-23 00:04:21,2018-03-05 17:16:17,2018-03-15 00:00:00
e0ee14b660378f233bb2e93a868cffb6,55c883877ae7ffd119c0661e7413818b,delivered,2018-02-08 13:08:27,2018-02-08 13:29:26,2018-02-08 22:48:42,2018-03-03 16:43:02,2018-03-06 00:00:00
ba905c53634f259fa5738c7307a0d092,9d8630f8610246a55ea552bfabc443ae,delivered,2017-12-22 14:18:43,2017-12-23 02:15:38,2017-12-27 18:58:57,2018-01-03 12:27:47,2018-01-18 00:00:00
215d7142fdd00fa1b74d431776134c61,128fbd1489dd7982ba427dd3dc3f554f,delivered,2018-02-16 17:17:41,2018-02-16 17:25:31,2018-02-19 18:47:13,2018-03-01 22:49:08,2018-03-13 00:00:00
19018a1b097164d2fadb3018902f3221,ca6daade283e024f6638daaef1dcb5fe,delivered,2018-07-24 14:11:22,2018-07-25 10:04:42,2018-07-25 13:04:00,2018-08-02 00:28:48,2018-08-15 00:00:00
db7f983ea878a7a976b84460bfb45ff7,05509f014a28f5b61343cbbd74b2a486,delivered,2018-01-17 10:40:26,2018-01-17 10:51:24,2018-01-17 20:09:10,2018-01-30 17:37:34,2018-02-21 00:00:00
6286969c45053d1fd12f25d712734b67,e3daf28a8580a00c3fb420f53aa7fb3b,delivered,2018-01-16 21:53:11,2018-01-16 22:11:10,2018-01-18 19:08:49,2018-01-30 13:08:30,2018-02-14 00:00:00
efa916a75b5d88fd21c5e217c691e81b,ee77f26187dacda2a0bb88236aa24bf5,delivered,2018-06-07 19:42:40,2018-06-07 19:55:49,2018-06-08 14:23:00,2018-06-22 01:08:28,2018-07-23 00:00:00
b69113e2cb7e946f2aca03d4eab65c0f,4abe2ccb6ff7688f9b478818219d1387,delivered,2018-03-07 15:59:01,2018-03-07 16:15:43,2018-03-08 18:42:32,2018-03-20 19:44:25,2018-03-28 00:00:00
9dff990dca94f688d5a005c3da5d9a6e,fbcc01ea41e282f7de6a6161940f32b2,delivered,2018-06-11 20:19:59,2018-06-11 20:40:42,2018-06-13 14:19:00,2018-06-18 22:38:40,2018-06-28 00:00:00
2ca136ae4ca40cd3af16c1af7d324f38,9477fbe4ea6010b54d7611e62df2fe46,delivered,2018-03-12 20:38:44,2018-03-14 02:35:40,2018-03-14 19:22:04,2018-03-16 20:40:47,2018-03-22 00:00:00
c46c54fce26cfc332abf6dc199edb7d0,2543192afb3af76708145bdcb29c53a8,delivered,2018-05-07 23:18:54,2018-05-07 23:32:50,2018-05-10 10:41:00,2018-05-21 22:52:43,2018-05-28 00:00:00
2caf51ea139cc9003d6dee63bfea1106,6f3edfd86311ca018da6e04aef89fe79,delivered,2018-03-14 18:09:43,2018-03-14 18:28:45,2018-03-19 16:57:27,2018-03-23 23:06:51,2018-04-03 00:00:00
3d27905aa7b2ee7fc7bac918f949ea18,6a2e3e4639c96b312ab2bf09548fb2a7,delivered,2017-12-04 23:04:46,2017-12-06 22:58:31,2017-12-11 22:57:56,2017-12-12 20:19:58,2017-12-20 00:00:00
0452090193a8d241f971d25e584e9ca0,91449a9f90feafcbfcb06adfa94f268e,delivered,2018-05-16 19:59:19,2018-05-16 20:16:33,2018-05-29 09:26:00,2018-06-06 17:11:21,2018-06-18 00:00:00
da291372a3562b947e6b2b57bbfa5b74,025dc05e57480935ecde93b27e3c283d,delivered,2017-02-21 23:17:02,2017-02-21 23:30:09,2017-02-23 21:55:35,2017-03-02 14:32:40,2017-03-22 00:00:00
55239e09e4cd4de5e2e69452283e9b36,b3e091c31147aa119a2679a245a4fd9f,delivered,2017-07-22 10:44:10,2017-07-22 10:55:08,2017-08-09 20:50:10,2017-08-09 20:50:10,2017-08-17 00:00:00
505ad05b659736f51f674522b701d9a5,496e44431a2a9a6be2eabb10d3ffa24a,delivered,2017-09-20 21:07:28,2017-09-20 21:15:29,2017-09-21 16:33:12,2017-10-24 14:28:42,2017-10-16 00:00:00
cac0cf69e6b636454b35048fac095f75,20c34723b9fcadecc3820144daee995e,delivered,2018-05-09 06:59:28,2018-05-09 07:15:22,2018-05-10 18:29:00,2018-05-23 23:58:21,2018-06-07 00:00:00
00750f68bb64537034e93554c64b41b5,49b0b78f8fd6fc95605c46e685c4b611,delivered,2017-11-12 09:50:55,2017-11-12 10:10:32,2017-11-13 19:42:09,2017-11-14 22:34:39,2017-11-27 00:00:00
e74c8d6962373b0c0e984e97fe2fa674,134a1bdf2deb906cf9e47363d42a8ff5,delivered,2017-05-18 12:01:53,2017-05-18 13:06:09,2017-05-25 09:54:11,2017-06-05 15:36:54,2017-07-03 00:00:00
837fd76b391ccd40162b81fca0334e45,23e9c4157d6c105f4f1b5581129d54b0,delivered,2018-07-11 10:34:33,2018-07-11 10:47:18,2018-07-17 12:04:00,2018-07-26 19:45:52,2018-08-06 00:00:00
883bebd3f80e509963fbeaa51abf7c0a,aa2ec7384c816e5766350628002e4f43,delivered,2018-08-17 11:24:37,2018-08-18 02:50:21,2018-08-20 10:09:00,2018-08-27 17:48:36,2018-09-10 00:00:00
21aa5570514b188b031255172b1e04bd,b924b981ecd4493825f0c54db5b4be8c,delivered,2017-01-16 22:58:11,2017-01-16 23:05:16,2017-01-18 15:12:21,2017-01-27 15:34:15,2017-02-16 00:00:00
251fe947dc87c3ac12965b12bd34f160,e45fc68e618340baf7ced09aa8e0f5f3,delivered,2018-05-09 16:09:45,2018-05-09 16:30:42,2018-05-10 10:25:00,2018-05-16 14:31:33,2018-05-30 00:00:00
a8b78b69f09b2a198f5a89c1897f8c72,69cf4a24c1d0f920d30e57a9375ec0f7,canceled,2018-02-17 17:16:24,2018-02-17 17:27:23,,,2018-03-13 00:00:00
d7dd7b5a139c49fb68a6977797599973,545c79b40c22b0a53abea88e0948c862,delivered,2018-04-09 17:39:10,2018-04-09 17:51:31,2018-04-10 19:28:40,2018-04-16 17:51:09,2018-05-04 00:00:00
aba02e203a50c9dcf7c2b6b210b5f6eb,b7fc8e04ed80320673fef972447e3551,delivered,2017-11-22 14:55:46,2017-11-22 15:06:37,2017-11-23 17:12:28,2017-12-01 00:28:05,2017-12-08 00:00:00
450c38e2c35be1d12fb07ad8c2432ebd,7b530dd0b6024eaf341aae361f575254,delivered,2018-02-05 20:08:57,2018-02-05 20:29:48,2018-02-06 22:08:56,2018-02-19 17:52:24,2018-03-08 00:00:00
ff564b0dff20427ba484d7e2efe7e7e5,632e2539c6f66f8a0f559f450d24fb5a,delivered,2017-09-14 12:02:08,2017-09-14 12:15:12,2017-09-18 22:38:00,2017-09-27 19:36:44,2017-10-06 00:00:00
3a38a4a145c96019a17b640f053aecb9,3c91aa889d9a3759a470c711dc28ba7f,delivered,2017-12-02 21:23:31,2017-12-05 04:13:25,2017-12-05 22:12:58,2017-12-18 14:17:23,2017-12-28 00:00:00
567694848ecdb6633bef4b3b48bbc4d2,1dfd48301b28878efff134d241e05a29,delivered,2018-05-09 15:56:50,2018-05-09 16:16:59,2018-05-11 12:26:00,2018-05-29 17:27:41,2018-06-11 00:00:00
add3094f9efba79b138dd089077c8e20,bffcad9683349765ee3c7984225e4402,delivered,2018-07-21 13:31:13,2018-07-21 13:45:10,2018-07-23 13:54:00,2018-07-26 16:11:59,2018-08-09 00:00:00
5278efafa60c7005d03202b122eaea55,48898c590cea82870dd37261da197a08,delivered,2017-08-18 22:01:21,2017-08-18 22:25:19,2017-08-22 20:28:02,2017-08-23 15:18:31,2017-08-31 00:00:00
e1c7bc80ff13024585f11c5d149f3c8a,fb62d928d6792220442f770dce17a56c,delivered,2018-05-24 17:51:07,2018-05-24 18:38:50,2018-05-25 11:13:00,2018-05-26 12:45:49,2018-06-11 00:00:00
601aeff176a15b40925c874c87b0cc16,f2bd912dcfcf35f4ed1c60688bf4705d,delivered,2017-08-12 09:32:20,2017-08-12 09:43:45,2017-08-15 11:43:54,2017-08-18 17:03:30,2017-09-04 00:00:00
53f8daea6e8c8d787695830a448a3e67,09964655437e26066ed5c95ef397971a,delivered,2017-12-02 22:58:07,2017-12-03 02:43:35,2017-12-08 15:33:57,2017-12-29 19:18:08,2017-12-28 00:00:00
4637dbe88df1c99a56490330b954471e,73395b6c08f8e6f156a7c9327a32ad7f,delivered,2017-12-21 09:44:39,2017-12-22 09:10:36,2017-12-23 00:09:39,2017-12-27 17:19:05,2018-01-16 00:00:00
fae7ec9e7beff1d7e8ba7161738e557f,a95a14821505950abf17a562b31d1bf9,delivered,2017-06-19 20:18:51,2017-06-21 02:15:35,2017-06-23 08:35:48,2017-06-28 13:22:06,2017-07-11 00:00:00
7f09bca31b66e6df150a8030c5a534cf,55345989bcd31ff1780e6b2365bcf078,delivered,2018-01-15 09:14:15,2018-01-16 03:36:42,2018-01-18 14:08:57,2018-01-23 13:04:32,2018-02-07 00:00:00
89d9b111d2b990deb5f5f9769f92800b,9a1afef458843a022e431f4cb304dfe9,delivered,2017-10-29 16:58:02,2017-10-29 17:10:09,2017-10-30 15:58:52,2017-10-31 15:33:47,2017-11-10 00:00:00
36a2993f853a2f6132cdda1475bf2acb,d85c5d6bf587adf9dd4852ca1d189834,delivered,2018-04-23 22:25:36,2018-04-24 18:59:38,2018-04-26 10:33:00,2018-05-07 19:11:22,2018-05-14 00:00:00
0a32aa7d8d3f344fb31eac306336daac,a9929fa5f092ace247a1ea0a3469bbee,delivered,2018-04-18 09:52:35,2018-04-18 10:11:01,2018-04-18 23:24:33,2018-05-02 15:12:14,2018-05-11 00:00:00
ca586f4a85ee254cc0b4e01e30809cb1,afd985a81dce5f03f9c6b167a033c7a6,delivered,2017-06-05 21:59:40,2017-06-05 22:10:22,2017-06-06 15:23:37,2017-06-12 17:17:58,2017-06-28 00:00:00
31f67bef2180ffdf0dbf11db4b0a4380,5509b11339d759e867ea2dfb58075def,delivered,2017-06-28 01:47:40,2017-06-29 02:42:33,2017-06-30 13:02:36,2017-07-21 21:55:28,2017-08-01 00:00:00
b7c08284b115aea29927fb5c60c35ee3,1384d3df457e46094af875fc6b89e44a,delivered,2018-01-27 18:04:38,2018-01-27 18:13:25,2018-01-29 14:17:00,2018-02-08 21:24:59,2018-02-22 00:00:00
d087b8e096ca051f548e29b324272834,ccd67b62873f83da80201df2bc4dcf3f,delivered,2018-03-06 12:28:34,2018-03-07 02:49:00,2018-03-07 20:44:45,2018-03-21 22:50:40,2018-04-02 00:00:00
1bac6ce688aa1bcae651dfcfecfe7aef,81b4ba946ec6aedee06c4cbcdced1842,delivered,2017-09-30 22:14:29,2017-09-30 22:28:10,2017-10-04 16:08:23,2017-10-09 17:08:13,2017-10-27 00:00:00
2b509531faa45e6f3dbaa09e3f3eb839,3830cb83469e25f0bce76b907d9b61c2,delivered,2018-06-07 09:06:07,2018-06-07 09:34:25,2018-06-07 13:27:00,2018-06-15 01:54:30,2018-07-16 00:00:00
55af89bd3634844abc96b00c4caa76a5,43e2c04ed657fada56adb13d4318760a,delivered,2018-07-29 13:48:04,2018-07-30 09:31:10,2018-08-06 16:47:00,2018-08-10 17:56:54,2018-08-24 00:00:00
0229b2e398fde4545d32b5bb232973ad,4b2ef9e978a3fb2cf7ea6ca5f7792dd9,delivered,2018-03-21 15:11:48,2018-03-21 15:27:53,2018-04-18 18:21:18,2018-05-05 01:49:46,2018-04-26 00:00:00
6243a6ba7e6150edfa7227f96c72de74,365b0f8d41438069e3d02ca7cb0e1f35,delivered,2018-05-14 23:12:56,2018-05-17 08:36:23,2018-05-17 11:48:00,2018-06-02 16:52:30,2018-06-01 00:00:00
a3d715c13af177125a462b543a9a97f4,74bee0619fc86a63d3b020f457efb338,delivered,2017-10-14 14:08:47,2017-10-14 14:26:00,2017-10-16 22:13:00,2017-10-19 23:06:37,2017-11-01 00:00:00
c477a36e7fcc7a915483289ed00f6ee4,890a87ab82ebd8875ee62996b9c6f067,delivered,2017-09-05 15:30:01,2017-09-06 03:04:15,2017-09-06 22:19:03,2017-09-14 23:17:36,2017-10-06 00:00:00
8d771479430ddcc5431d2ef4aa207204,93af7e4b75f74f04187970ba13ab3873,delivered,2017-06-06 21:31:50,2017-06-06 21:45:13,2017-06-10 09:49:28,2017-06-19 14:41:48,2017-07-03 00:00:00
87a12102217bbaab0f4184b345e9177a,62805c7202ebae4415d403475af64b12,delivered,2017-03-16 13:58:03,2017-03-16 13:58:03,2017-03-21 10:37:57,2017-03-24 13:24:41,2017-04-11 00:00:00
acc128e9293460781736208a647dd87c,a1e7727063333b459f6851aeafe375c9,delivered,2018-01-30 01:00:05,2018-02-04 23:31:38,2018-02-02 00:42:59,2018-02-14 16:23:34,2018-03-01 00:00:00
075cc7ce268544c780299db653d21467,4803684a58eb452daa4190b0e1aff8fe,unavailable,2018-04-20 09:39:52,2018-04-20 09:55:19,,,2018-05-08 00:00:00
e3c67a4bac0845d3ae12bb4ba0c667f9,99a33386a35dedf99ff14051353d0c13,delivered,2018-04-15 20:22:16,2018-04-15 20:30:58,2018-04-16 19:04:20,2018-04-20 21:22:45,2018-05-22 00:00:00
ca912a872db02043825792fbae103921,86babf05fcecf5b9c1f1d6a9c42b49f6,delivered,2017-09-04 16:39:26,2017-09-04 17:15:22,2017-09-05 19:55:52,2017-09-12 17:13:42,2017-09-28 00:00:00
b6718d42f2393bde8ae9b32034d0384c,eea7c7cae7cb169c210ed31a5b25180c,delivered,2017-09-02 11:53:10,2017-09-02 12:05:40,2017-09-05 18:21:56,2017-09-12 20:41:54,2017-09-22 00:00:00
51b3d3b824ebde9c8e8d84d17e98d88b,659affc86c33bd8d4a7a551a1d721c59,delivered,2017-05-08 12:49:28,2017-05-08 13:05:49,2017-05-09 12:44:37,2017-05-24 06:12:01,2017-05-31 00:00:00
8b9563eca3fcbc37caa2455d0dadc3bb,214218d25a570354c72674ee539a0857,delivered,2017-11-23 13:34:10,2017-11-24 03:10:56,2017-11-27 17:57:39,2017-12-21 12:35:31,2017-12-21 00:00:00
638a540852799faabe1c7c5647646c4e,32e23352f904da0c1128c0e9cf4ee89e,delivered,2017-04-28 12:11:11,2017-04-28 13:04:29,2017-05-03 11:11:29,2017-05-12 14:14:39,2017-05-24 00:00:00
dcd7bf0e4548b5a99e81cca7a7160042,b30192224acb66749e127b1e0c733d0f,delivered,2017-07-24 08:31:39,2017-07-25 12:24:09,2017-07-27 17:14:56,2017-08-08 18:38:45,2017-08-18 00:00:00
37e0ffe09382d012cc039562b646689a,700d485889431792d24c8e2d506a1ebb,delivered,2018-01-22 23:58:22,2018-01-23 00:15:16,2018-01-25 14:52:50,2018-01-31 20:23:46,2018-02-14 00:00:00
6f41a6473f4122e2cdc762a8988a67f0,7d6686ade7e6f02b2f3945b36d902fa1,delivered,2017-09-07 17:09:13,2017-09-07 17:23:53,2017-09-08 18:27:54,2017-09-11 11:34:24,2017-09-20 00:00:00
156254aa58b87bb7bad0f9e82f9bd5f9,078ea5f10bc5c1fc06b34ee38c7ed24c,delivered,2018-02-01 12:23:32,2018-02-01 12:35:27,2018-02-02 15:32:33,2018-02-17 00:25:01,2018-03-02 00:00:00
932ec6d82ea79bd299298072b7da0fde,e123e4ba94ecaa31147de27b7823547a,delivered,2018-08-10 12:24:15,2018-08-10 12:35:24,2018-08-13 12:02:00,2018-08-17 17:38:40,2018-09-11 00:00:00
e186fd488370885035932d8efab4212f,70d5b566fed999d6368bff3a8da63e56,delivered,2018-08-02 22:27:23,2018-08-02 22:43:54,2018-08-06 14:15:00,2018-08-08 22:12:40,2018-08-09 00:00:00
518a27a223dd20b3d2030d2a5d9574e8,97e26cefab033c1e46bee19ea8341fc0,delivered,2017-08-09 22:51:51,2017-08-09 23:05:18,2017-08-15 19:42:13,2017-08-17 17:04:12,2017-08-30 00:00:00
9cef759af57cfbaf537221a36730209f,982bd9951046d28f83d0cab9fde6ea57,delivered,2017-06-08 16:35:54,2017-06-08 17:03:55,2017-06-13 13:02:43,2017-06-21 21:46:50,2017-07-11 00:00:00
7f802d7c70300edaea3d120f8c34843a,4f92392f2442e7f7d9b6a055eb042ce5,delivered,2017-07-02 13:10:57,2017-07-02 13:25:11,2017-07-06 07:22:18,2017-07-10 18:27:42,2017-07-31 00:00:00
1146fb180e28dfbfdbfabd7249026429,7dbbcbff88444c3fcce705d185a3c024,delivered,2018-02-23 11:04:11,2018-02-23 11:30:40,2018-02-28 20:47:34,2018-03-03 14:04:16,2018-03-16 00:00:00
12fd4ba303cb9951f45b3ce9b6ba764b,8b4639324f4de248b5196a893aaad0eb,delivered,2018-03-18 21:13:46,2018-03-18 21:30:28,2018-03-19 22:46:39,2018-04-10 22:14:46,2018-04-13 00:00:00
ee9ca989fc93ba09a6eddc250ce01742,eed931d3a5222a9a511d18be7fd2a5ba,delivered,2017-05-12 16:24:51,2017-05-12 16:35:21,2017-05-18 15:24:38,2017-05-24 12:26:59,2017-05-30 00:00:00
dfaec723e43ffd36724e080018beeb1a,51715f7447120af4a92eaa0336ed0401,delivered,2018-03-01 14:58:33,2018-03-01 15:15:47,2018-03-02 19:18:50,2018-03-05 17:28:53,2018-03-13 00:00:00
85009f731c1559c53d150e4b3fa7f8a5,25da133d61233ee59bc86cc5cba4a64e,delivered,2017-09-09 12:22:52,2017-09-09 12:30:11,2017-09-12 20:04:15,2017-09-13 17:06:04,2017-09-21 00:00:00
d73ddd98199cde252b1c0ee783374da9,f7de450d64f79362f330ce89ae6ff045,delivered,2018-06-26 15:36:37,2018-06-26 15:56:53,2018-06-28 12:10:00,2018-07-04 21:34:39,2018-07-27 00:00:00
36c63c436db70954885798ade7b2e30f,7713f374a02bd9712b22f044340d22a1,delivered,2017-03-22 22:36:26,2017-03-22 22:36:26,2017-04-07 10:46:02,2017-04-12 18:23:03,2017-04-25 00:00:00
cfea2c141cacb975b65831b7ffd6d194,6a95d327abbbcd54e780a8b44e0d17bb,delivered,2017-11-12 15:41:02,2017-11-12 15:51:06,2017-11-21 19:57:17,2017-12-04 18:08:55,2017-12-13 00:00:00
699787f56da4a1d2e5ef4ac575681986,5a5f0cac382c8ddc94653446e4270ccc,delivered,2017-12-08 13:27:51,2017-12-08 13:38:23,2017-12-11 21:27:05,2017-12-28 22:57:13,2018-01-10 00:00:00
dd91bcebe3c4f665242db31b800a2b59,f76cd756cb7b70b6f769c529728596ce,shipped,2017-06-25 16:47:48,2017-06-26 16:50:19,2017-06-28 11:32:31,,2017-07-07 00:00:00
4296801e936343a5f6a38e29143c0f88,8b26e9f4e8dadffe40b101bea7634b9b,delivered,2017-11-06 08:38:45,2017-11-06 08:50:26,2017-11-09 19:09:29,2017-12-05 21:38:54,2017-11-30 00:00:00
f8033eab5248939afe7fa7feb4ac4866,397010ff25567bfea9f77fb921c4d90f,delivered,2017-10-27 23:54:00,2017-10-28 01:30:57,2017-10-31 21:25:50,2017-11-07 20:36:29,2017-12-11 00:00:00
8a6b47967a3590fb66d3b0a503b7e155,bccfe06250055c135abf6de08a1b64f4,delivered,2018-07-24 13:07:51,2018-07-24 13:44:29,2018-07-25 14:19:00,2018-07-26 14:08:47,2018-08-02 00:00:00
d6235477014458ade86158040370fca8,85f4e1a23fa6be40331706e9eebbdaa1,delivered,2018-03-03 23:35:15,2018-03-03 23:48:22,2018-03-07 02:14:30,2018-03-16 23:12:57,2018-03-16 00:00:00
0c5a7b3c5703837ef40113972224a978,0b625a2816bc92763dff9538ee30414a,delivered,2018-03-30 20:06:55,2018-03-30 20:27:19,2018-04-02 22:43:00,2018-04-04 00:56:33,2018-04-12 00:00:00
c5989f8c23c011b7b23df896a51fa92d,d69049b6e88258a24347911b615f141d,delivered,2018-06-28 20:58:55,2018-06-28 22:01:13,2018-06-29 12:07:00,2018-07-13 00:08:42,2018-07-25 00:00:00
178a25841b0490cf789963c9a98cac1e,65efe371830251eb82424c62661f1ffa,delivered,2018-05-12 13:41:48,2018-05-15 04:35:11,2018-05-15 14:51:00,2018-05-23 14:36:44,2018-06-06 00:00:00
4625faca20a0183173ecfee87d9f92b7,31ebdb35a5d7d36da53c821fcd112700,delivered,2018-03-09 10:52:18,2018-03-09 11:55:47,2018-03-13 01:03:06,2018-03-29 23:38:42,2018-04-12 00:00:00
d6e8839199c7ca3b2d7aede27fb9659a,a48363bb61734f93041fbc103db9fe74,delivered,2017-11-10 23:04:29,2017-11-10 23:26:59,2017-11-13 21:32:03,2017-11-16 20:46:53,2017-11-24 00:00:00
d91340e9348bc8b0e4971c128f2c0254,630ae1af96136635d7757c7eeeb743f4,delivered,2017-10-10 21:15:04,2017-10-10 21:28:33,2017-10-11 18:35:54,2017-11-10 21:06:44,2017-11-03 00:00:00
70215c7031c6fdd581a2d729c93987e6,d02f55b09f69dde4c0ac66e778039993,delivered,2018-05-01 22:40:02,2018-05-03 03:53:02,2018-05-03 09:20:00,2018-05-09 22:24:30,2018-05-28 00:00:00
bbbaa059721d8a17be92ed10c61d2a59,ed4e522d0b167af01b227afe8bf28fe6,delivered,2017-06-07 23:16:59,2017-06-08 23:10:10,2017-06-16 13:34:57,2017-06-26 18:17:51,2017-07-04 00:00:00
aba96743af8df174b11c6b6e8a9360a2,944eac17089e8ffd72fee9cd656c5444,delivered,2018-01-04 12:56:34,2018-01-06 02:31:43,2018-01-08 21:54:05,2018-01-23 15:34:14,2018-02-01 00:00:00
67c8fda9d347535e923f93614f2b44e0,ec0c08af5c172f4e494932f5c75e4458,delivered,2017-11-25 02:11:32,2017-11-28 03:18:25,2017-11-28 19:29:05,2017-12-13 21:36:43,2017-12-15 00:00:00
53172252fda6ac3410a2d093e143d2dd,08990861309c229653bd4f67b9c3d2d5,delivered,2018-02-01 11:34:52,2018-02-01 11:50:33,2018-02-01 21:31:36,2018-02-02 22:18:39,2018-02-19 00:00:00
3ac9f29f627096a68b91ec5db427f94c,c3283d189ce91fe3a6a69c7d6aa3a5e5,delivered,2017-11-25 15:49:21,2017-11-25 15:57:25,2017-11-29 21:07:01,2017-12-04 23:18:31,2017-12-15 00:00:00
72f2b0985c221947500b786ead233a87,0ce079ec4ad92f74a0cb8141907547f8,delivered,2018-02-12 21:54:11,2018-02-12 22:40:29,2018-02-20 11:28:32,2018-02-27 22:23:45,2018-03-06 00:00:00
6adcecbe14853c4a59e88f497152d83c,c702d44160f436c39dc122a2c9e22d2e,delivered,2018-06-21 22:59:57,2018-06-23 02:36:08,2018-06-25 08:05:00,2018-07-04 12:31:51,2018-07-20 00:00:00
7a1b533ffb0d462fbbd28037d3540a13,a0c4d64629ab08b4c1491e9117e0d3fb,delivered,2018-07-22 23:04:15,2018-07-23 12:31:41,2018-07-24 14:30:00,2018-08-01 18:52:29,2018-08-16 00:00:00
164aa207e1b3a4ae050656051249e753,bf36e212151102fe45397327fd25c235,delivered,2017-07-04 16:04:38,2017-07-04 16:15:21,2017-07-05 17:35:48,2017-07-14 20:15:35,2017-08-02 00:00:00
732c61dedcbe590b6b5d8a7609bf25b2,f4f26be1188a8977388672a08eabacbf,delivered,2018-01-08 15:23:31,2018-01-08 15:33:18,2018-01-08 23:33:03,2018-01-10 21:36:54,2018-01-31 00:00:00
50d8c54f968d5b38446e26e018dc89c9,2d2946312ddf1d3549995ea0d0b7801a,delivered,2017-12-20 09:15:57,2017-12-20 09:30:09,2017-12-20 17:29:16,2018-01-19 01:39:00,2018-01-31 00:00:00
5b944386c869819d045c1388bb686124,d9e67dbdc0e7ff5a0ccbb30c9414fbd2,delivered,2018-08-11 08:44:26,2018-08-12 08:35:10,2018-08-13 16:01:00,2018-08-14 21:24:35,2018-08-17 00:00:00
0dac27d443a138000f35bd9137ecd1fc,c50d3c4249e1bd0372df487ad95d8264,delivered,2018-01-11 22:48:59,2018-01-13 04:55:05,2018-01-17 19:28:55,2018-02-01 00:04:21,2018-02-08 00:00:00
1f8bd4405ad54632f3ba92b6bd9e5661,98e143dce6b7d3170059e38c6d9d7961,delivered,2017-12-18 09:20:46,2017-12-18 10:18:22,2017-12-18 20:13:40,2017-12-22 17:47:04,2018-01-12 00:00:00
d8e06a0d47d09dae630bf252bbf904b9,980ce384cf75d4d521939629585ff283,delivered,2017-10-24 13:18:46,2017-10-26 02:56:25,2017-10-27 15:07:56,2017-11-01 19:49:49,2017-11-06 00:00:00
e980f0348ae8c85c6eb7e23e9ee42b27,7a963c3034d1ada261ac346c56843264,delivered,2018-02-26 19:22:56,2018-02-26 19:35:25,2018-03-02 01:08:53,2018-04-12 21:18:32,2018-03-26 00:00:00
47c9687751ccee4ea76cf6386b30336d,ee1ab380ee6e7ce7c3b2ce566a9f13db,delivered,2017-11-29 01:41:18,2017-11-29 01:58:09,2017-11-29 19:59:08,2018-01-09 21:29:28,2017-12-19 00:00:00
a11e916995a120fce0b1528d2555151b,82051ce87c5771da69cc903239d13ffc,delivered,2018-05-02 08:24:41,2018-05-03 03:35:09,2018-05-03 13:54:00,2018-05-16 20:04:04,2018-06-05 00:00:00
d2ce9688abb199cda1a106b293847827,af48ad11489d099769bdacaa419d6bc9,delivered,2018-08-26 16:12:27,2018-08-26 16:25:17,2018-08-29 14:49:00,2018-08-31 01:03:11,2018-09-05 00:00:00
aaee808634adf6a6f4bdd2354f43f448,c5cb6707ec7496b205b38c522ca44bcf,delivered,2018-06-05 09:21:25,2018-06-05 09:35:14,2018-06-08 14:04:00,2018-06-09 19:47:37,2018-07-27 00:00:00
289e6f8bee1d0394dda10569516bfb27,eee34916bd1e46183d946404ab502a09,delivered,2018-01-31 21:22:24,2018-01-31 21:35:32,2018-02-01 18:32:43,2018-02-09 19:17:05,2018-02-23 00:00:00
8f909d2a25c1618219801a24a48871de,dee732c17e04331899e26cad25503562,delivered,2017-03-16 15:12:12,2017-03-16 15:12:12,2017-03-23 16:34:22,2017-03-28 14:44:17,2017-04-19 00:00:00
92822ff2220ab001aba01e753780cfe4,545aa46e4e68df2b3b8dcc06f735e179,delivered,2018-08-19 20:54:41,2018-08-20 13:15:30,2018-08-21 15:06:00,2018-08-29 15:31:36,2018-09-03 00:00:00
36f4478e93bb401c1938f739d085591a,cb40a9918ea5f312c3e82e50c7b0fe46,delivered,2018-08-18 11:21:16,2018-08-20 11:31:41,2018-08-21 13:46:00,2018-08-27 18:56:37,2018-10-03 00:00:00
7f88683c8e73da556d652a823d4050f4,feb9f770bdcc1711e9dd4996adea10fa,delivered,2018-08-09 07:32:45,2018-08-09 07:45:09,2018-08-10 15:39:00,2018-08-27 23:22:26,2018-08-31 00:00:00
bc238a82710ad46b0977e570ab085926,5f776a5ed2ba1e7e308db6fd7639ede1,delivered,2018-02-09 23:05:25,2018-02-09 23:27:48,2018-02-15 16:28:54,2018-02-26 21:29:05,2018-03-08 00:00:00
be2833555cf50be44d494f1fb8c95ec3,9c3d64bd3fa02950338d3e23e3327bb0,delivered,2017-07-17 22:29:36,2017-07-17 22:43:23,2017-07-19 16:47:34,2017-07-21 15:42:34,2017-08-02 00:00:00
6b44342ff71a8b9c36b706c13e015cf0,9f01e153c37aecf0d5d90321547740ab,delivered,2018-01-18 15:08:23,2018-01-18 15:19:40,2018-01-19 18:51:38,2018-01-29 23:46:55,2018-02-08 00:00:00
d828bfc73f08a09b4d5e7fc4671917ab,3581cfadb118ba1d36cffc71b47efa39,delivered,2017-11-28 19:18:24,2017-11-28 19:35:24,2017-11-30 16:27:06,2017-12-01 21:16:37,2017-12-12 00:00:00
4f8aa330d043e9db140284db7a6c3359,cd4260e37ba9618a2aca53bd78ca9a8d,delivered,2017-10-24 22:05:41,2017-10-24 22:26:12,2017-10-26 16:12:19,2017-11-20 18:35:39,2017-11-29 00:00:00
4e01c9b57e9b37add580871564686c4b,9ebea34aad885332b9eaaea955f03f1b,delivered,2017-05-26 18:31:02,2017-05-30 04:45:21,2017-05-30 14:19:09,2017-06-20 15:46:37,2017-06-23 00:00:00
239960d8af96f541e9a7153b57c0f4de,9dd11f3718d972116eec267c2c2e317f,delivered,2017-07-02 13:09:40,2017-07-02 13:25:14,2017-07-04 15:19:33,2017-07-06 23:36:40,2017-07-21 00:00:00
b09d5d8070a14f3f95bbe313d671c57d,6d275f56d920b05452973c63fadf039b,delivered,2018-05-18 12:09:57,2018-05-18 13:05:41,2018-05-22 14:35:00,2018-05-23 16:42:28,2018-05-30 00:00:00
c4a1796b7d23ecebfc720e4dcd2744a2,5845a9b62ccc752c9fdfd407511f79c8,delivered,2018-02-05 09:58:29,2018-02-05 10:10:22,2018-02-05 23:18:28,2018-02-22 19:51:27,2018-03-08 00:00:00
7dca7e268d48febba328f16ddec37584,f5afa12435f1d113ad3e53d1fbbcdaa9,delivered,2017-09-05 19:17:03,2017-09-05 19:25:18,2017-09-08 19:57:54,2017-09-11 17:37:26,2017-09-19 00:00:00
c6a76def310a4f508d6b11884e8a01f5,e6dee5fa43fbcf8448111437afb29ba4,delivered,2018-02-06 13:38:00,2018-02-07 18:14:48,2018-02-15 19:19:55,2018-02-27 23:56:55,2018-03-05 00:00:00
363fe8f62de97e4334f5c88e3d9e73a8,96215fbe32b8d5475f7ba7c4e9593dce,delivered,2018-03-23 13:58:15,2018-03-23 14:15:34,2018-03-27 00:48:43,2018-03-29 21:26:39,2018-04-20 00:00:00
6a3e9cd3ebd3eaf6a53cb71cb50941c4,d5b5f8b2c900c6a6eed9d277f88d7ac5,delivered,2017-11-30 20:04:59,2017-12-01 09:31:01,2017-12-01 19:37:05,2017-12-12 19:37:47,2017-12-29 00:00:00
be5435c57df6900352df2542b39a99de,a130282ae152ff07a4c853008884ed9c,delivered,2017-12-08 18:25:45,2017-12-08 18:35:24,2017-12-12 22:19:19,2017-12-19 13:04:12,2018-01-08 00:00:00
5965b589a33443dd1f820eb7df39762a,e7e6da2ddce69ab0bf01d7ed4dbd0856,delivered,2017-01-05 13:36:41,2017-01-07 03:44:29,2017-01-11 16:08:52,2017-01-16 15:53:34,2017-02-01 00:00:00
fd2bcdc6e3cfe79cc7ee426bedb8d467,7563f36d8dcfb6a9f7a547ed430f0f23,delivered,2018-07-18 18:20:39,2018-07-18 18:30:24,2018-07-19 13:42:00,2018-07-20 18:47:35,2018-07-30 00:00:00
6d1f29a9262130c47ca823ee31e85c17,065faa2d1bb6b297ca28a01d32519efb,delivered,2018-07-14 17:18:44,2018-07-17 04:32:11,2018-07-18 15:29:00,2018-07-24 18:38:46,2018-08-03 00:00:00
b95cae4001dc3efdaa739478cf9c92e4,79de53946db384e2d7a9bd131792ad17,delivered,2018-05-22 01:43:18,2018-05-23 02:38:41,2018-05-25 13:47:00,2018-06-03 14:53:21,2018-06-11 00:00:00
dd5371622a32b1a8fc1726facf274115,1f1ed44c44e54d94c0463089b597d2ca,delivered,2018-04-25 22:49:29,2018-04-27 03:50:49,2018-04-27 15:09:00,2018-04-30 14:19:30,2018-05-11 00:00:00
776cdb75db89297ce0fd26c15adac1a4,1b9fb3a5ba819d423e454654ab33b595,delivered,2018-07-14 18:10:22,2018-07-14 18:30:21,2018-07-17 10:29:00,2018-07-20 21:32:49,2018-08-10 00:00:00
75ddd6487d905b598d5dd7ce18351b02,b508681ed2399a6483ee9e5117baa082,delivered,2018-01-14 11:11:24,2018-01-16 03:36:32,2018-01-19 00:01:47,2018-01-26 15:23:07,2018-02-05 00:00:00
83ce097e3397deaca1b9af25b0e0b469,ed9a27a69eeedb2c7a9107fbd903ec0c,delivered,2018-05-19 23:44:09,2018-05-20 00:36:56,2018-05-21 12:02:00,2018-06-12 19:46:36,2018-06-06 00:00:00
6b313b07f096e0b9354fd4f097abaed6,9279b96ee5b2b0f686e5a28d8cc1739b,delivered,2017-08-02 17:27:45,2017-08-02 17:43:24,2017-08-08 12:32:57,2017-08-15 17:03:57,2017-08-28 00:00:00
f201d0924f68c1eadbe0e527ae947481,2c0447ab1223f91bff38da0d34153e1d,delivered,2018-04-21 17:20:44,2018-04-24 17:59:23,2018-04-23 19:14:27,2018-04-24 19:36:32,2018-05-10 00:00:00
3e30da31e3bf405f3a0b771a7d935322,6c6151509750f656712f230f8ea8c3a0,delivered,2018-01-18 19:33:23,2018-01-26 17:03:37,2018-01-29 15:09:45,2018-02-08 20:32:49,2018-02-22 00:00:00
8b3ccc5332b429f163452dc90d206891,9a96f3c8f835ca51e5aed5672e0d034a,delivered,2018-04-13 18:15:53,2018-04-13 18:31:05,2018-04-16 23:25:51,2018-04-17 23:15:26,2018-05-02 00:00:00
e16e5b4572640ddc3de053a9b0f6432b,5fe9534ea2fcc99fcd42e7d1d8ab9910,delivered,2018-03-05 15:34:40,2018-03-05 16:40:25,2018-03-09 15:38:36,2018-03-17 00:05:56,2018-04-02 00:00:00
295c561af8870661a833aaeb65574d0d,9f0a88b6c6f7d32816f8c1ebc97f7dba,delivered,2018-07-29 08:32:21,2018-07-29 08:45:08,2018-08-01 15:38:00,2018-08-03 23:46:38,2018-08-17 00:00:00
3832701f27be0501b19e91bbb04e5cde,e3378b4e8219f3f5f90a6515a9a57136,delivered,2017-09-11 20:37:17,2017-09-11 20:50:14,2017-09-12 21:12:39,2017-09-19 13:47:59,2017-10-02 00:00:00
7d6ffa9ff53fd7da04eb9025ba231be2,3b4e125304019edf064d24a81c22815e,delivered,2018-02-23 21:52:14,2018-02-24 16:27:13,2018-02-26 18:19:19,2018-03-06 20:38:54,2018-03-19 00:00:00
eef924919d7199a92f9a37712b57885d,3ee53bd204feee730d2a84ddf5e52997,delivered,2017-07-08 21:51:52,2017-07-08 22:05:28,2017-07-18 15:21:31,2017-07-27 23:53:49,2017-08-03 00:00:00
504b7cb87442ebd376fbcab13b114a3f,86154d1d9f7bfa63c082686f2c694d94,delivered,2017-11-04 18:59:16,2017-11-04 19:10:32,2017-11-06 22:05:20,2017-11-10 20:07:55,2017-11-29 00:00:00
9c9f7b0c21d98c81b75246bb758c386e,bc523f15892160de30ef845c2a2d406c,delivered,2017-10-19 23:00:57,2017-10-20 00:06:03,2017-10-20 20:59:07,2017-10-27 18:43:42,2017-11-10 00:00:00
7889e9a569a5488a0c9d93381a13d5ba,d49398157dec1751afd66073d61c5443,delivered,2018-07-04 15:19:13,2018-07-05 16:13:18,2018-07-05 13:59:00,2018-07-10 20:28:46,2018-08-01 00:00:00
1aaa0de1005b5e253fd4805a69715d65,4cb3cebdeb4cd995bf7aa8d6a2311734,delivered,2017-05-01 21:58:35,2017-05-03 11:15:37,2017-05-05 15:08:36,2017-05-11 15:07:45,2017-05-23 00:00:00
76fa5079bacbb2380a971adbbc40676f,c289a8b97cf8f2002294264da18523aa,delivered,2017-11-25 07:56:05,2017-11-25 08:15:28,2017-11-29 13:38:40,2017-12-04 23:57:39,2017-12-29 00:00:00
e58fb7bfd033514475ab0883ded704f4,3644d5df1c9855d164c277d91bf4a7f4,unavailable,2017-10-20 07:33:10,2017-10-21 03:07:30,,,2017-11-10 00:00:00
99d330b158a97e4b525cb725fa9571ec,d8f3e586c5a006d51f26fa3de177ef19,delivered,2018-04-22 17:11:43,2018-04-24 19:19:30,2018-04-23 23:54:54,2018-05-04 16:04:41,2018-05-21 00:00:00
c262d9407971d247fc7683fc716ab9ab,29631b630037329464b18f738028aa02,delivered,2017-11-27 14:32:20,2017-11-27 15:01:36,2018-01-04 21:07:54,2018-01-16 21:48:52,2017-12-20 00:00:00
dd0488bddbf592ba7d9855279f65af62,0994f4004d043a6b92949b75744e0e52,delivered,2017-05-04 19:15:42,2017-05-05 22:02:34,2017-05-09 07:52:10,2017-05-18 17:17:44,2017-06-01 00:00:00
325a9deca08aa5851eb6eea67f0414aa,a6137fdb179b9e20c03ff14f13137f5c,delivered,2018-03-19 19:50:50,2018-03-21 02:55:49,2018-03-22 16:55:26,2018-04-18 20:41:01,2018-04-23 00:00:00
b6ec449b625527c7375b5d1801d19818,634d74b983dd961407cac9f81d216f88,delivered,2018-04-03 21:34:33,2018-04-03 21:49:38,2018-04-10 00:37:22,2018-04-12 19:03:48,2018-05-08 00:00:00
0fabec205828671bd770bcde304a41b3,9e360c86b97c7458c2066f452923b976,delivered,2018-03-15 14:10:24,2018-03-15 14:29:43,2018-03-16 17:42:28,2018-03-27 01:08:44,2018-04-13 00:00:00
3cf8df3f88d9f6f82a04ecd4028c6dce,e9ede5481d28f0d62e9ac3b6a839d7f1,delivered,2017-02-26 11:09:04,2017-02-26 11:22:12,2017-03-02 14:32:37,2017-03-07 18:21:30,2017-03-20 00:00:00
4cdae837c07c681dc80adebc6ee90b99,91f62d1acc70de76856fe56e6fa04a32,delivered,2018-07-17 23:46:08,2018-07-18 00:01:42,2018-08-15 14:46:00,2018-08-20 23:18:46,2018-08-10 00:00:00
e11ac0d86982b86bcde829263d5a38ec,7bddbcc91c2a6935d6c06d3cdeced6dd,delivered,2018-03-19 19:31:32,2018-03-19 20:35:32,2018-03-21 18:58:58,2018-04-06 23:58:28,2018-04-05 00:00:00
df04e901d675a6c329be16feac866548,5dabf0a2fac79c094e4a4e600250c386,delivered,2018-04-02 09:17:46,2018-04-02 09:30:19,2018-04-03 23:46:30,2018-04-11 01:24:41,2018-04-26 00:00:00
a8c73a48c9615d63b8ac5254472e9c42,32cb76fcd6568cb229f05d3e1e77bc4e,delivered,2018-02-01 16:06:43,2018-02-01 16:29:51,2018-02-06 22:43:42,2018-02-22 03:10:18,2018-03-02 00:00:00
a2456e7f02197951664897a94c87242d,7317f41f2cf650174af819cdb68284f0,delivered,2017-03-30 11:39:20,2017-03-30 11:50:09,2017-03-30 16:45:30,2017-05-04 14:32:43,2017-05-10 00:00:00
d347a4ddae83c0b8a9438522ecb7dfb6,916be9fbe6a29f9692b0383141e28ebf,delivered,2018-01-26 20:31:37,2018-01-26 20:53:15,2018-01-29 15:38:37,2018-02-08 22:33:04,2018-02-22 00:00:00
64d08d57c3320c16b1e8db97bfc9b314,6f40b4eea56cdf857b8ebcd17d3d966f,delivered,2017-07-22 16:34:22,2017-07-22 16:45:17,2017-07-27 22:08:06,2017-08-03 17:45:45,2017-08-18 00:00:00
062682155c454b125c630e1deebff4ea,0277e884f6fcd7d9610836744bc7e8a5,delivered,2018-04-24 07:56:26,2018-04-24 17:12:41,2018-04-24 18:34:54,2018-05-02 19:23:32,2018-05-14 00:00:00
7f116bbf2524150eb7f7f2a5f0b458eb,309f516c4449dbadf7ebaa01e00bbed3,delivered,2018-01-06 11:06:23,2018-01-06 11:18:21,2018-01-10 14:43:11,2018-01-15 20:52:59,2018-01-31 00:00:00
c7af2f59ff42f4410a1739111dbea489,896aac6741f1b66d32a3ef9a02617e90,delivered,2017-06-23 07:59:39,2017-06-23 08:10:07,2017-06-26 07:27:47,2017-07-04 18:32:34,2017-07-20 00:00:00
9df68f730ca4706111e3d06332c5ce14,16378b14d4514c8c6c6821a4daa09ff8,delivered,2017-06-30 14:05:06,2017-06-30 14:23:47,2017-06-30 14:38:45,2017-07-07 17:29:57,2017-07-20 00:00:00
f6a62f93fc38410844863ed6a061f425,f76b4d4179541aaa5f17fb1dbcb34d84,delivered,2017-12-18 13:44:44,2017-12-19 09:51:44,2017-12-22 14:15:09,2018-01-04 21:53:38,2018-01-26 00:00:00
fcc1d095fad4806c94b96c7bbe51188d,2a745e8af300fef33809279a23cc912b,delivered,2018-08-02 20:24:15,2018-08-02 20:35:28,2018-08-03 15:43:00,2018-08-09 19:22:00,2018-08-15 00:00:00
c10c68068674aaf6ca04ad0387969333,96bfde50d61dc1365adc0293abfbf8f3,delivered,2017-05-16 20:51:52,2017-05-16 21:02:26,2017-05-17 12:49:02,2017-05-24 12:22:55,2017-06-07 00:00:00
c2e2f15f541c1823bc6d1e558f9323db,7dca0aae9d8b2739eae09392212f33bc,delivered,2018-02-19 19:55:02,2018-02-20 07:06:48,2018-02-22 18:29:24,2018-02-23 21:15:45,2018-03-05 00:00:00
55f305618744bee9d9287fa844807280,caa7d4b440be90389f83b4f7f42a883c,delivered,2018-06-27 01:31:41,2018-06-28 04:35:12,2018-06-28 15:18:00,2018-07-15 16:51:33,2018-07-24 00:00:00
e86dc64373eaaf9fc1d9d58bfce38f2f,98e08f2301967f4d4cac5614b75f9a9a,delivered,2018-05-06 19:36:43,2018-05-07 09:56:02,2018-05-07 15:18:00,2018-05-17 18:58:21,2018-05-29 00:00:00
739409a92249367522a31eb8ee6161b8,c40f158d06c86288d0d3f32b2984a1b9,delivered,2017-08-01 20:18:00,2017-08-03 03:05:47,2017-08-10 20:27:57,2017-08-17 17:21:54,2017-08-31 00:00:00
0517f595d01e0c246ac759a754c6ca64,7e393e5538c26c13c74bb6fc603a59a8,delivered,2017-10-15 16:32:38,2017-10-15 17:08:39,2017-10-17 16:42:19,2017-10-25 18:00:04,2017-11-06 00:00:00
e3c2135c38233042e0bfa35a97882582,90bfdc2f88cc435b7a16812d26984214,delivered,2018-01-17 22:10:43,2018-01-17 22:19:35,2018-01-23 10:38:45,2018-02-19 13:09:16,2018-02-19 00:00:00
43a23a9a05a87ff4d46b5b18829fe9ae,cb9c54b41211784a001abd06fb239c1f,delivered,2018-06-09 20:25:20,2018-06-12 04:57:10,2018-06-15 12:56:00,2018-06-20 17:38:37,2018-07-03 00:00:00
d6955d34f1d9983d21c67f279aadd306,5d5749f139a1bc34f1c869cf82b0784c,delivered,2017-05-10 19:42:27,2017-05-10 19:55:18,2017-05-17 11:53:06,2017-05-18 10:19:05,2017-05-23 00:00:00
d85c21edbd2d9fc056908945b37bb577,0176ec1982f9f3aa628de3a506191769,delivered,2017-09-28 11:01:38,2017-09-28 11:14:17,2017-10-05 17:08:51,2017-10-06 17:02:43,2017-10-16 00:00:00
0d541e7454eb298f2548f6c161741ddb,a2dbe9d0969506f1fb3b8385ad60b557,delivered,2018-02-15 12:26:07,2018-02-17 03:35:48,2018-02-22 22:23:26,2018-03-06 17:46:04,2018-03-07 00:00:00
e5238e84a4c88c17a350b92645006c61,1e08f7d9d8d9ed7ddbfaa122a1a86b61,delivered,2018-07-18 15:58:34,2018-07-18 16:10:26,2018-07-20 15:44:00,2018-07-24 18:37:32,2018-08-10 00:00:00
34b7f8ccf3ab2ba8512fa244c3bab225,cb8adca2a68ffd5c23a6740bccf56ee7,delivered,2018-07-04 22:07:08,2018-07-05 16:32:49,2018-07-05 15:26:00,2018-07-13 01:12:31,2018-07-23 00:00:00
a024d7476a847e0453984eecb8be6076,9a55894987e54a4047c4bf61210cd35d,delivered,2018-07-25 06:01:17,2018-07-26 03:24:23,2018-07-26 09:12:00,2018-09-06 11:41:13,2018-08-20 00:00:00
decf73db7f53552bc92e1720be4f0995,63880f01e6552a098dc27ff21a302661,delivered,2018-05-22 17:55:30,2018-05-22 18:37:13,2018-05-23 13:01:00,2018-06-02 14:36:28,2018-06-08 00:00:00
2ee76a4a1d729880a350fcda807b492b,9f29d5f541fd53a2d1557e678130dc8a,delivered,2017-05-04 10:11:17,2017-05-05 06:50:08,2017-05-12 10:38:00,2017-05-18 11:28:07,2017-06-02 00:00:00
124c8d5fee5f49a8d7a8535b5bea6e69,4b353a0617c3d6d44a3b134843fb6414,delivered,2017-09-29 09:48:20,2017-09-30 02:14:29,2017-10-02 16:06:02,2017-10-03 20:48:05,2017-10-17 00:00:00
