order_id,order_item_id,product_id,seller_id,shipping_limit_date,price,freight_value
842cd0a979d57e29ba51a0f84a844cd8,1,9483476ac5b7549f7df5ff12fb6fb5d9,615005a3ef192c00c6f0e977cee3d2bc,2017-12-01 16:15:32,23.4,16.79
8447ff843b2616c50c0ced28ab1dae03,1,7a10781637204d8d10485c71a6108a2e,4869f7a5dfa277a7dca6462dcf3b52b2,2017-12-29 02:37:45,219.9,18.79
8457694c62d5fbc1a63f67ce1a554cb2,1,ff678388090fbae683a9a271480fb7f3,855668e0971d4dfd7bef1b6a4133b41b,2018-04-09 18:29:52,43.0,12.79
8458ad0c5a4b19319109dc629ac03c8f,1,34b91723112fa9ebf6b4d6b4db4a6741,850f4f8af5ea87287ac68de36e29107f,2017-10-18 01:13:46,579.0,21.3
847aa72b1ca97537af9c72ce7e99bf94,1,517d4955ffcf9fbd2bb0beb193c81a42,48436dade18ac8b2bce089ec2a041202,2018-08-22 21:30:14,132.08,10.24
8497feec743d70689576b2849a5ae95f,1,9867ef342d95bb4f9b6ebf39bad864f7,2d2c62bef4c8ba0dd74e0e228e808539,2018-01-23 22:29:52,95.0,12.17
849e3b3e95cd9ad87afbce42eca00dce,1,abe356a1d236588f0fdb8099527108d2,79ed755314cfe6df0daef2c6cd3022cd,2017-02-28 09:06:40,119.9,12.23
84a1a8e9b6cf26aee8cb39ffb391362f,1,64315bd8c0c47303179dd2e25b579d00,7aa4334be125fcdd2ba64b3180029f14,2017-09-25 04:05:43,89.8,64.05
84aaa1a774e37a0a7c1a5413dc49e168,1,725cbfcaff95a4d43742fdf13cf43c75,3504c0cb71d7fa48d967e0e4c94d59d9,2017-07-27 10:23:25,44.99,7.78
84ad418dcacad799e4a81ac24328d6fd,1,c075b8e131353552218860f1c421e4ef,f80edd2c5aaa505cc4b0a3b219abf4b8,2017-04-25 03:55:27,48.9,37.92
84ce3bfa332a0a5e57045f91f6dce21e,1,d328462624ad874c591813fcfadbf1a0,3b15288545f8928d3e65a8f949a28291,2017-08-04 00:36:41,110.99,16.41
84d54e2fe6fc76e34d897b32c59dd75d,1,1716ea399ed8ee62ba811e6f55180f45,6338ea67c41078a46ad99cc009654956,2017-06-29 16:31:11,3.49,16.79
84effd777e819e984c091302a37641d4,1,d245838e3d0b2b51d751ccdc98885a8e,cc419e0650a3c5ba77189a1882b7556a,2017-12-04 02:14:48,6.0,7.78
84f5e6c0a0e3155e38c00f434ba90ce8,1,28b5fef7b6d63771e9784bc68c783793,d91fb3b7d041e83b64a00a3edfb37e4f,2017-05-11 20:22:13,35.0,16.11
85009f731c1559c53d150e4b3fa7f8a5,1,0b52764083ede22c5acb8a573d859ddd,b83cedfb587e7911540e3f576d6917ce,2017-09-14 12:30:11,124.78,9.69
8526252eba4c42a9b627db77f8ffcfe1,1,c35498fbb4358837ae16850f50c3fd22,70a12e78e608ac31179aea7f8422044b,2017-02-26 20:00:15,69.0,14.89
853fea10132fd987a6c350565818ba11,1,ebc714d9f070a89f4d411982ea9670fb,46dc3b2cc0980fb8ec44634e21d2718e,2017-12-18 07:50:39,499.99,19.81
8553cd91f67faa93fd2aa45148bcc3c8,1,d41a23bd2bc3ec10cfffc66c0611a290,391fc6631aebcf3004804e51b40bcf1e,2017-06-08 11:02:59,24.9,12.69
858dc2838532d6ec487b622925f25c56,1,fe70b3d3e1523d468ece722d2de06de9,baa49d93c8c8841e27400a300f5d74b2,2017-05-22 03:42:32,39.9,15.1
85b1e09d7a230790544ffb86902bf77b,1,b8a0d73b2a06e7910d9864dccdb0cda2,620c87c171fb2a6dd6e8bb4dec959fc6,2018-06-13 11:50:12,69.9,8.82
85b1e09d7a230790544ffb86902bf77b,2,b8a0d73b2a06e7910d9864dccdb0cda2,620c87c171fb2a6dd6e8bb4dec959fc6,2018-06-13 11:50:12,69.9,8.82
85c9164bed6016c63dab9cde6887f37e,1,a0c6107c67d8dc850d070c70c7d32000,9f505651f4a6abe901a56cdc21508025,2018-02-09 20:10:46,34.99,15.1
85ca753c76c79d8eed79b7a31660be3a,1,fa23bf270fb9880690b07d09b9f9ff20,1b8356dabde1d35e17cef975c3f82730,2017-07-06 12:30:15,59.99,26.96
85cc597a6403094c0e538adabc0965b6,1,72018b95e99f49156551362f086b62a7,3b15288545f8928d3e65a8f949a28291,2017-12-15 17:32:18,129.99,13.93
85fb2afed45145db40381a894fed8d1b,1,67cdbf842853a39463b426b3b2d27466,620c87c171fb2a6dd6e8bb4dec959fc6,2017-02-13 23:51:22,249.9,19.18
8624511aa767a83ed91a47c158320964,1,af0a99476d96dcc1a1baa7c0d9ff6b9d,04308b1ee57b6625f47df1d56f00eedf,2018-08-20 15:44:40,527.9,21.8
864fb7308cf63ed5141c340f258de1b5,1,b80921007ed3f68cf6e536e6daf08610,ea8482cd71df3c1969d7b9473ff13abc,2017-11-21 09:26:55,27.99,7.78
869bb454aa7fd93af2e620c1d34d5e49,1,bc4cd4da98dd128c39bf0b8c2674032f,53243585a1d6dc2643021fd1853d8905,2017-09-11 15:45:30,1300.0,41.55
86c411cc5e0c28b069f3e98edc6e6290,1,7130a7cfbe3bb2f11f6524e0cec6eafe,f45122a9ab94eb4f3f8953578bc0c560,2018-07-12 13:50:17,51.31,7.94
86ea637df14082deeadd7600d8c3ca98,1,1db1301d6b2401401a26dd1aabcb809e,269cff2d3c8d205c11f37a52402ea93b,2018-07-30 20:44:19,161.99,20.69
86f1238d241a48cdbedf1a46d8532ded,1,fbce4c4cb307679d89a3bf3d3bb353b9,c33847515fa6305ce6feb1e818569f13,2018-08-13 17:10:16,149.0,51.33
86fbc7823cb0bc0b27e0ccd18022aa19,1,17787817a9595579380dbad81feb561b,173d56ffbd4c56cb80fc3615487d712b,2018-08-24 08:49:38,179.0,15.56
87049d4b9b8517e7f78b3724f698c4a1,1,071feff570bbf61f1721e181435ebf0f,8b28d096634035667e8263d57ba3368c,2018-07-10 12:30:43,69.86,8.23
873148516ea6e3bc8c008d756a2a228f,1,7b5d8be0e04080e4c8ee6a7ec2f1f597,1025f0e2d44d7041d6cf58b6550e0bfa,2018-04-30 04:30:41,35.0,0.11
873148516ea6e3bc8c008d756a2a228f,2,5d6bea33648f018dbb563f3a2fab09f3,1025f0e2d44d7041d6cf58b6550e0bfa,2018-04-30 04:30:41,150.0,56.01
873148516ea6e3bc8c008d756a2a228f,3,7b5d8be0e04080e4c8ee6a7ec2f1f597,1025f0e2d44d7041d6cf58b6550e0bfa,2018-04-30 04:30:41,35.0,0.11
873c916c2bff3ea61a59f7bf7f0879c2,1,e7cc48a9daff5436f63d3aad9426f28b,53243585a1d6dc2643021fd1853d8905,2018-08-10 13:45:19,170.0,21.46
873c916c2bff3ea61a59f7bf7f0879c2,2,e7cc48a9daff5436f63d3aad9426f28b,53243585a1d6dc2643021fd1853d8905,2018-08-10 13:45:19,170.0,21.46
8753234920fc250d95ea7dc9d517cef9,1,3f14d740544f37ece8a9e7bc8349797e,6973a06f484aacf400ece213dbf3d946,2018-04-05 11:09:00,84.89,7.94
8755ff039d17ea91d56589e906fefc9b,1,97017430754804328eb9597b7f85da03,ea8482cd71df3c1969d7b9473ff13abc,2018-01-22 19:31:07,27.99,14.1
8755ff039d17ea91d56589e906fefc9b,2,97017430754804328eb9597b7f85da03,ea8482cd71df3c1969d7b9473ff13abc,2018-01-22 19:31:07,27.99,14.1
8772e0a97847589e126a8fc3d6e05782,1,be1c4cf8a2d2aade623eb7a646d2a0bc,1900267e848ceeba8fa32d80c1a5f5a8,2018-03-30 18:08:08,70.0,12.88
8791e495e7f1b8d77696f42ff295d945,1,f4a9b2ee7355882bd41e1bf5126cf56a,e5a3438891c0bfdb9394643f95273d8e,2018-03-08 22:55:39,20.3,15.1
8796f3e2ab6a3baee74225a78c550c0a,1,a0498bf8b8ff0c35a6b8c736a71526ab,c6381d2d013342748761e906d45aff76,2018-03-23 03:10:34,88.0,18.2
8796f3e2ab6a3baee74225a78c550c0a,2,a0498bf8b8ff0c35a6b8c736a71526ab,c6381d2d013342748761e906d45aff76,2018-03-23 03:10:34,88.0,18.2
879f83e9f2c3777d90bed2b448e144f8,1,33a11954c13e439a0a632a2cb996b534,a44fb5a447105f8469bdf16bf9159f25,2018-05-21 04:55:34,19.9,7.71
87a12102217bbaab0f4184b345e9177a,1,fb909933914c1f945839287e7c253687,7c67e1448b00f6e969d365cea6b010ab,2017-03-29 13:58:03,89.99,19.93
87a12102217bbaab0f4184b345e9177a,2,fb909933914c1f945839287e7c253687,7c67e1448b00f6e969d365cea6b010ab,2017-03-29 13:58:03,89.99,19.93
87a12102217bbaab0f4184b345e9177a,3,fb909933914c1f945839287e7c253687,7c67e1448b00f6e969d365cea6b010ab,2017-03-29 13:58:03,89.99,19.93
87a12102217bbaab0f4184b345e9177a,4,fb909933914c1f945839287e7c253687,7c67e1448b00f6e969d365cea6b010ab,2017-03-29 13:58:03,89.99,19.93
87a12102217bbaab0f4184b345e9177a,5,fb909933914c1f945839287e7c253687,7c67e1448b00f6e969d365cea6b010ab,2017-03-29 13:58:03,89.99,19.93
87a12102217bbaab0f4184b345e9177a,6,fb909933914c1f945839287e7c253687,7c67e1448b00f6e969d365cea6b010ab,2017-03-29 13:58:03,89.99,19.93
87d30b7fd5316c576377b79548be7d84,1,a1f1aaa22f634ff796e9acad925c346d,4978a02ea9c8be7a9b5480680f40334e,2018-07-09 21:50:32,491.99,44.31
87d43116721d5ee0c0748fd7d393cc9d,1,81288df52439985f610be64465e53f57,54a1852d1b8f10312c55e906355666ee,2017-02-05 22:31:12,109.99,13.35
87e1feb622e373e4f0d2cceb1f610886,1,a695ab8413ea83619cde9b18292d6aa1,1da366cade6d8276e7d8beea7af5d4bf,2017-03-22 15:07:42,50.0,10.96
881a5cda3b897b035971e3fcfce58aa6,1,d1c427060a0f73f6b889a5c7c61f2ac4,a1043bafd471dff536d0c462352beb48,2018-02-06 16:31:25,149.0,40.37
882532a9d3af41e668e0d305aa7bfe2a,1,f264c1d9b20b5e4a340254d0405e613b,7a67c85e85bb2ce8582c35f2203ad736,2017-05-29 01:05:19,69.99,19.73
88341acc29a62edca27bdefc22a97670,1,4befae07dba4384f6d8237ad1e7f8294,522620dcb18a6b31cd7bdf73665113a9,2017-07-06 10:35:20,329.0,19.55
883bebd3f80e509963fbeaa51abf7c0a,1,3fbc0ef745950c7932d5f2a446189725,06a2c3af7b3aee5d69171b0e14f0ee87,2018-08-27 02:50:21,66.99,19.38
885e6b2a928b8989d31fe2e7db3a55f4,1,dc68ee0fcb033a1ab6714fbb5db60c15,02d35243ea2e497335cd0f076b45675d,2017-11-30 21:16:21,239.0,20.91
886e9aa900cc918c87009fa3bbb3a493,1,660b87fab65fb4b8b123e0e4e98d7174,b2ba3715d723d245138f291a6fe42594,2018-07-03 08:31:12,28.9,8.36
8880101bd698b1b1c4d7f46a246c620d,1,7365350090e895554bc2aeb4fea072e7,b83cedfb587e7911540e3f576d6917ce,2017-08-29 17:48:47,37.9,15.11
888c01bfd57017617508bd53797100ed,1,306d69bdf4ce0d89bad3e622e443cf47,6560211a19b47992c3666cc44a7e94c0,2018-05-08 21:18:45,49.0,19.04
889d953454eb01607e1ded9e6c9e1657,1,b1631003bdbc3b1e876f83a7d851d74a,cc419e0650a3c5ba77189a1882b7556a,2017-09-12 13:10:20,56.99,8.72
889e1d99762dd368ffbc599fca39bb91,1,9165e7a5f9ef266f66ca19a816cdc657,48436dade18ac8b2bce089ec2a041202,2017-09-14 09:03:33,132.9,21.42
88c7831d968f7cd33c64d1733cb90510,1,1c30d57d1e1e0184594217845937b8e0,b2ba3715d723d245138f291a6fe42594,2017-11-21 17:27:46,59.9,11.92
88cad47df9afd71af2c4a4098aca44ae,1,cf1817039c1c86d9f7a5991817794083,9674754b5a0cb32b638cec001178f799,2018-02-27 09:31:14,63.14,16.2
8917028bf3c86c1be363da721004f557,1,50e1b118f266b655f613f753914c42db,1835b56ce799e6a4dc4eddc053f04066,2018-04-05 01:50:12,39.99,13.71
89253d28593c5b4eec3bbc9638a055d3,1,72018b95e99f49156551362f086b62a7,3b15288545f8928d3e65a8f949a28291,2017-08-18 03:25:40,129.99,13.93
892e04325197686b3f5a32eb5fb38177,1,6d68112743e7ed2de3932554b033f544,0d33a55da925bbf1ff02af5f6059fc7f,2018-02-21 02:55:52,28.0,9.34
893d40b53f61002a75eff0c92b557219,1,a530b23a71594d0d986a30359e207762,6562efe88ce0826a4ca4f189f03b4b84,2017-03-29 17:48:50,49.9,16.05
893d40b53f61002a75eff0c92b557219,2,a530b23a71594d0d986a30359e207762,6562efe88ce0826a4ca4f189f03b4b84,2017-03-29 17:48:50,49.9,16.05
893d40b53f61002a75eff0c92b557219,3,a530b23a71594d0d986a30359e207762,6562efe88ce0826a4ca4f189f03b4b84,2017-03-29 17:48:50,49.9,16.05
897fab0704eda65c69520010b02a3fee,1,dab2413ead0edda9967edbc9bda2a64e,562fc2f2c2863ab7e79a9e4388a58a14,2018-05-11 17:56:11,29.99,22.06
898ded7ecb1e4d92997856bd8b7a8aa1,1,b250756c5f34998033b1811801686a0c,2199e7fe213c16213bf5d6a7eadc9a5d,2017-03-27 20:03:16,39.8,14.12
89a5ef83a41559d5c8d248e28b57b193,1,9abb00920aae319ef9eba674b7d2e6ff,1771297ac436903d1dd6b0e9279aa505,2017-08-31 02:15:09,35.39,14.1
89b229dc09711327ecea7f124b029557,1,4c0f00c6b8f193c1cb9459e6b97e0320,888faa8bfb0b159c37de6d898b961c31,2018-07-25 15:24:23,49.9,26.65
89bed55dd88d035e3b1b2489862e53cc,1,ae6b739ab6e9d7991fb2ddd70f9c0b6b,53e4c6e0f4312d4d2107a8c9cddf45cd,2018-01-11 17:12:22,42.0,17.6
89ca1c6fae0e21f0395c0e3b1d89914e,1,048bb098a0e194ddc3d0287b954bc9d8,1caf283236cd69af44cbc09a0a1e7d32,2018-03-28 02:50:32,22.22,16.93
89ca1c6fae0e21f0395c0e3b1d89914e,2,ad3e8888fa82a721dd44c481da333ea7,1caf283236cd69af44cbc09a0a1e7d32,2018-03-28 02:50:32,25.73,21.7
89d9b111d2b990deb5f5f9769f92800b,1,94cc774056d3f2b0dc693486a589025e,1da3aeb70d7989d1e6d9b0e887f97c23,2017-11-03 17:10:09,13.99,7.78
8a03e73a80b701470a167fc0291836b7,1,679a3e5e1d2bb68982be5734c6e55e63,8a130737016f838139d31878787a39c9,2018-04-12 09:08:08,54.4,16.35
8a3c2c90a94d0d385e338f5765a86292,1,5a848e4ab52fd5445cdc07aab1c40e48,c826c40d7b19f62a09e2d7c5e7295ee2,2017-11-30 21:18:21,122.99,14.61
8a5c6f8c338d3e4804bd969ba46d5d0c,1,9ad75bd7267e5c724cb42c71ac56ca72,8160255418d5aaa7dbdc9f4c64ebda44,2018-03-14 22:30:29,105.9,23.32
8a6b47967a3590fb66d3b0a503b7e155,1,b7082b40a807413582afbfac88facc4b,fa1c13f2614d7b5c4749cbc52fecda94,2018-07-27 13:32:34,859.9,14.18
8a7541705a66fb7e0521852e4bb4a50b,1,5411e9269501a870cabf632f05655131,3d871de0142ce09b7081e2b9d1733cb1,2018-01-23 23:09:02,129.0,18.15
8a81337c086e3ab740913c061cf6c2d4,1,6adab229374835b551f6402e0dc53267,f8db351d8c4c4c22c6835c19a46f01b0,2018-03-07 22:29:06,45.9,8.27
8a8d4a399c6ef91d4c20458be5048c3b,1,633a2a64a6478966e0b6805ea708de58,4830e40640734fc1c52cd21127c341d4,2018-01-12 14:18:49,39.0,15.1
8ae04dfbb6a99bc4d4871edc08bf8ee8,1,6ac9ac586b4aa282c25ebedfa6f47ba4,6edacfd9f9074789dad6d62ba7950b9c,2017-11-29 22:54:08,37.9,7.78
8ae04dfbb6a99bc4d4871edc08bf8ee8,2,6ac9ac586b4aa282c25ebedfa6f47ba4,6edacfd9f9074789dad6d62ba7950b9c,2017-11-29 22:54:08,37.9,7.78
8af844e18cf7ddedd50343fcd0990863,1,0bc5e6c957486577f11519bf36577b38,1eade46fba20122dc4aefb379f8c636b,2018-03-14 13:05:48,24.99,18.96
8af844e18cf7ddedd50343fcd0990863,2,c695342500b74ff952db47b541726de1,1eade46fba20122dc4aefb379f8c636b,2018-03-14 13:05:48,11.99,2.11
8b06c6beb946868da80b3d6c18d20917,1,c63ea4621680c1b0fca8864c0564bd78,de722cd6dad950a92b7d4f82673f8833,2018-05-17 18:49:55,179.9,39.87
8b0da5e289d763ef6aa842f3927d6421,1,fcf6ad274391aea29f5d6e5ef9da5050,5cf13accae3222c70a9cac40818ae839,2018-02-21 21:46:57,89.7,15.38
8b2fb881ec8d04ffa5bc7a27833ad984,1,bbc7e843b8e76cabfe107ad624cb2e7a,10089e9f2fd0c668a8fd4e52e1698888,2017-03-20 12:58:42,350.0,19.74
8b3ccc5332b429f163452dc90d206891,1,0cc96a3f64ff4585c941ab9aaf043f18,17a053fcb14bd219540cbde0df490be0,2018-04-19 18:30:43,219.98,24.83
8b9563eca3fcbc37caa2455d0dadc3bb,1,81dba264e2c91829b19c58fa6eb33072,77530e9772f57a62c906e1c21538ab82,2017-11-30 03:10:56,49.0,16.92
8ba172a5cefe32a643579fe4c0a5ceee,1,8191994b4b3b86f1a4164ec05253fe86,65c255b299faf2d12050937cc219c46c,2017-09-08 03:04:15,44.1,7.78
8bb61c38933e53a46312713c209dee29,1,f908d3bf313a1308bfb2a46ea2685347,25e6ffe976bd75618accfe16cefcbd0d,2017-12-18 17:15:31,35.0,7.78
8bc835be169be964f492f42b517b0a3c,1,60184212dae4e6b0da32bf54271a8c4a,b33e7c55446eabf8fe1a42d037ac7d6d,2017-12-07 12:38:39,369.0,17.33
8be7e186574461ab90c1674973c58b12,1,41f447e263110b954a7e52f6052ab5e1,b76dba6c951ab00dc4edf0a1aa88037e,2017-03-08 17:45:17,11.9,8.72
8bf12a5b441bd86a1edbccb6137c9b0b,1,f2d80346f1dd6986e9e6611db7b708aa,94b9108d4b637ba65bb4f1e53cfcf8d8,2017-09-08 16:23:34,3.85,7.78
8c0819345572d0da947e64bfdf38e3d2,1,ca9bcd697674a4d0eeb84be9c533b9d2,232a6014e7b10cba61c6c2b2ea6bb4b0,2017-02-13 23:40:48,39.9,17.19
8c0af913eb525b355c4997a2a4166696,1,76acdd98759c649f3b6ecd0dc8576c8e,cd68562d3f44870c08922d380acae552,2018-01-15 07:26:38,145.0,27.55
8c13aa9bfa920854ca73694d94387d40,1,89321f94e35fc6d7903d36f74e351d40,16090f2ca825584b5a147ab24aa30c86,2018-05-23 15:14:13,27.9,7.87
8c2ce0a5a34c3f1e1a56aee2283a45d4,1,2029248294c186017ecfc48cecd47bbd,d50d79cb34e38265a8649c383dcffd48,2017-05-25 09:02:31,126.99,21.73
8c389c12aa23b689926d20a01729206d,1,fb55982be901439613a95940feefd9ee,3d871de0142ce09b7081e2b9d1733cb1,2018-03-14 20:28:46,79.0,14.64
8c510c44b51565dc8e76fca5cb99f860,1,71da6d6632902431cdca2b3a8e681b80,3078096983cf766a32a06257648502d1,2018-03-05 14:15:26,229.69,18.86
8c64dfe75b003b8f1eddd9721843049a,1,741a31499a578979be85db7f80139e62,cca3071e3e9bb7d12640c9fbe2301306,2017-05-10 20:25:13,45.9,14.52
8c6bfa76e0b4be56db6c43f35db2d4e0,1,897238958781769d5c277043c154a3df,7d948535954aaf8c5d39db007f74372e,2018-04-12 11:55:17,49.0,8.82
8c855550908247a7eff50281b92167a8,1,d5c263f4d651ba657c900ce70a4be7de,dd55f1bb788714a40e7954c3be6df745,2018-05-28 13:54:37,47.9,15.23
8c9479e56a7609daf0260e1ed2a1d674,1,a4f4c32458bcda36ae3fff9a3c40d2d6,86ccac0b835037332a596a33b6949ee1,2017-11-21 15:07:45,98.9,16.45
8c950d9b4adf24655fe399e36f89cad8,1,a2db3ea3100e9950a30b8f0af164ed6f,6c6e3d67f969468f3bfd33f827a31222,2018-06-26 14:55:05,18.0,18.23
8ca57f2b32c00588cab243b2115441f5,1,5cc37c2c2b8ea0c98010d1ee6028e45b,b32be1695eb7ec5f10f72d9610a12527,2018-08-09 06:45:09,1349.0,131.73
8d3cd96a636e59a3a47b52cedd6e9bbd,1,0e9083f06ff39f2cfe1ba2c8f589f591,59b22a78efb79a4797979612b885db36,2018-06-26 15:19:11,239.0,25.83
8d42bc7cf9914679406f48db0e05e571,1,caf9add3dcd98d688be0064d9faf65b1,870d0118f7a9d85960f29ad89d5d989a,2017-12-07 16:49:33,54.9,27.76
8d49bed8f03eff2e3595adfc9043a4f9,1,8b5227e28272123eefd613a10ffd7704,966cb4760537b1404caedd472cc610a5,2018-04-24 15:11:27,519.0,19.6
8d4b407022b632729179432fdecbc16e,1,793fdf9c1646a4d7cd020f9f0898450c,1835b56ce799e6a4dc4eddc053f04066,2018-03-08 18:08:58,72.8,15.26
8d5af908ce8ffa721a9f665abb660200,1,f9025647e0a95c843a2d85c23df34c6c,3586b8580d9c917874e053a1bb37b5ff,2017-06-07 13:42:19,48.9,15.1
8d607893abaf69faeb1313f7cacfeca1,1,b42d0b0ff31b842e6cd8a86a40919d63,78c99c6dff4eeae5be99bf635ed21e3f,2017-06-26 16:25:16,89.9,24.11
8d607893abaf69faeb1313f7cacfeca1,2,14555ba663de8689feacf1d0819cc3b3,dbc22125167c298ef99da25668e1011f,2017-06-26 16:25:16,119.99,11.57
8d64e424b042f023526817b2f765a442,1,88794547776aa78fdd4b28bfd90c6469,2b3e4a2a3ea8e01938cabda2a3e5cc79,2017-12-06 07:31:34,199.99,8.65
8d771479430ddcc5431d2ef4aa207204,1,777d2e438a1b645f3aec9bd57e92672c,4a3ca9315b744ce9f8e9374361493884,2017-06-12 21:45:13,69.9,16.25
8d877170b83d13fb1a69834a815d0974,1,ec529a51d3a0832578dc8ca51574d2bd,5c853bb56f70f4d14218944bae111d7a,2018-06-14 13:32:00,8.99,19.04
8d9bb53f1ee340156de88d6a3aa01344,1,8c292ca193d326152e335d77176746f0,7e1fb0a3ebfb01ffb3a7dae98bf3238d,2018-01-10 22:48:14,150.0,26.33
8d9bb53f1ee340156de88d6a3aa01344,2,8c292ca193d326152e335d77176746f0,7e1fb0a3ebfb01ffb3a7dae98bf3238d,2018-01-10 22:48:14,150.0,26.33
8d9c0dc8d5a2ce804f6b925d8f8e6c1d,1,3e5201fe0d1ba474d9b90152c83c706c,8160255418d5aaa7dbdc9f4c64ebda44,2018-03-23 13:55:33,122.9,22.32
8d9c0dc8d5a2ce804f6b925d8f8e6c1d,2,99a4788cb24856965c36a24e339b6058,4a3ca9315b744ce9f8e9374361493884,2018-03-23 13:55:33,86.9,22.33
8dad890455db66ffac6129c12a659b6e,1,ca471cac17b5ae036fb4466a577fe1b4,51702dc2a3e106c76dbff722b5bf0726,2017-05-02 08:15:18,169.0,26.69
8dc23e32f69367ed60a8fb3979e3cc48,1,a09fb9f597a4b8a13ab0c72d70c77081,6560211a19b47992c3666cc44a7e94c0,2018-08-01 13:10:15,95.0,19.58
8dd554aaa8e7d61ddde56ba4189c780f,1,fd5c5a67cd369732c2ac20dbd574d1d4,822166ed1e47908f7cfb49946d03c726,2018-02-05 10:14:48,24.9,19.25
8dd554aaa8e7d61ddde56ba4189c780f,2,fd5c5a67cd369732c2ac20dbd574d1d4,822166ed1e47908f7cfb49946d03c726,2018-02-05 10:14:48,24.9,19.25
8dd554aaa8e7d61ddde56ba4189c780f,3,fd5c5a67cd369732c2ac20dbd574d1d4,822166ed1e47908f7cfb49946d03c726,2018-02-05 10:14:48,24.9,19.25
8dd554aaa8e7d61ddde56ba4189c780f,4,fd5c5a67cd369732c2ac20dbd574d1d4,822166ed1e47908f7cfb49946d03c726,2018-02-05 10:14:48,24.9,19.25
8dd554aaa8e7d61ddde56ba4189c780f,5,f7c3fc384cd3ac71650982c2c6fcbe77,1835b56ce799e6a4dc4eddc053f04066,2018-02-05 10:14:48,41.99,0.32
8dd554aaa8e7d61ddde56ba4189c780f,6,fd5c5a67cd369732c2ac20dbd574d1d4,822166ed1e47908f7cfb49946d03c726,2018-02-05 10:14:48,24.9,19.25
8dd554aaa8e7d61ddde56ba4189c780f,7,fd5c5a67cd369732c2ac20dbd574d1d4,822166ed1e47908f7cfb49946d03c726,2018-02-05 10:14:48,24.9,19.25
92b4d74d8984ddfd468fba03281fec49,1,050ab8e1f87a468de0eed97451da3efd,257e61d3251fb5efb9daadddbc2cf7ca,2018-04-23 12:30:20,449.0,127.51
92be217451e443e50d816ab21286d00d,1,f71973c922ccaab05514a36a8bc741b8,5dceca129747e92ff8ef7a997dc4f8ca,2017-09-13 12:45:18,108.9,40.75
92cadc3e20edf9c11602105c344a717f,1,9f7b48e2d4e4d7375f71a10791faa1b8,259f7b5e6e482c230e5bfaa670b6bb8f,2017-11-03 08:10:07,59.9,19.91
92cadc3e20edf9c11602105c344a717f,2,9f7b48e2d4e4d7375f71a10791faa1b8,259f7b5e6e482c230e5bfaa670b6bb8f,2017-11-03 08:10:07,59.9,19.91
92d1957925a4ee51cc53c8155c41ba02,1,a06a7deca7108e64a94482aae448c20a,834f8533b2ecb6598dd004ff3de7203a,2018-08-15 04:35:15,85.9,18.4
92e0e57ece13a66d7232aa795367d00b,1,7ee6dbf13ecd5dc58d07fd0fc2eaf49a,4371b634e0efc0e22b09b52907d9d469,2018-06-15 16:21:09,32.0,7.39
92e3a3bff7261e031fc2901b229ce73a,1,f37d4bcbd21078ef36fd59518e99f045,9c0e69c7bf2619675bbadf47b43f655a,2017-08-08 03:04:12,199.0,13.73
9307eb406f745cbdb5934be961d05e9d,1,b80921007ed3f68cf6e536e6daf08610,ea8482cd71df3c1969d7b9473ff13abc,2017-11-24 11:56:32,27.99,11.85
93148127b5171218691072991e78bdbc,1,9ef6f9077917003875323be25c28c7c5,23613d49c3ac2bd302259e55c06c050c,2017-06-02 09:50:21,89.9,17.34
9321ce4aafa9151ff2b57775c8d1ff70,1,c3798d484fb730f0b5c23af0d5361595,6b90f847357d8981edd79a1eb1bf0acb,2018-08-06 20:05:15,15.9,7.39
932ec6d82ea79bd299298072b7da0fde,1,44d097d59e8430f88a67517cd0c4f865,6560211a19b47992c3666cc44a7e94c0,2018-08-14 12:35:24,69.0,18.58
9333298e9cc54a35f22242a9fc3a3ad0,1,10070e29929f7c7d609ee3201f236b8e,8a130737016f838139d31878787a39c9,2018-07-09 22:10:48,95.2,23.47
933f646b0564df1cdc8c8b7427d7c116,1,0f8977d115c52d93a05dd4eb7052baff,1e8b33f18b4f7598d87f5cbee2282cc2,2018-05-22 13:31:23,159.9,22.2
93404003d3192d8a2d781361faa129dc,1,bb42b10bcaba6e4a309df375d6fb38df,5a6a02f419701fc8c605af71d4fc57a4,2018-08-28 16:10:23,35.0,13.83
93791e16d527404f5b4e2ea370afa984,1,54af11c815f92135fb554bd9c97dd418,004c9cd9d87a3c30c522c48c4fc07416,2017-09-19 18:04:36,69.9,13.51
93791e16d527404f5b4e2ea370afa984,2,54af11c815f92135fb554bd9c97dd418,004c9cd9d87a3c30c522c48c4fc07416,2017-09-19 18:04:36,69.9,13.51
938110b6904380feefb719683295f04a,1,583f158587cdecda3e8bdea694021e39,955fee9216a65b617aa5c0531780ce60,2018-03-29 12:10:32,45.0,8.88
93813bdf2d611779ff37fadaee0ae4fc,1,03aad9707028422f38b0563410912177,1e8b33f18b4f7598d87f5cbee2282cc2,2017-11-27 04:12:23,78.9,11.76
938cf86c22cfbcdef5e04f4038fad081,1,bd6e6fce9ada76ea2db0f1912e8e478f,1835b56ce799e6a4dc4eddc053f04066,2018-01-28 23:35:17,56.99,12.74
93a157bd42d5aee115dbfbca895d9998,1,8f3a1c2358138bedfb98645db449110c,fa1c13f2614d7b5c4749cbc52fecda94,2017-09-04 19:04:46,279.9,27.24
93a4103fd6a1562ec4442ddb02a38c5d,1,03e931f387c2dd5b006aecdb12515b2e,1900267e848ceeba8fa32d80c1a5f5a8,2018-02-07 02:56:13,53.0,12.71
93cb3576b5e361f46b9a9f1720a3eb06,1,5716717fcac28d7783b530d6678cecca,412a4720f3e9431b4afa1476a1acddbe,2018-08-07 14:31:43,29.0,8.95
93e89f81c82a22b8095dd19f7f973abe,1,e745ef0b16caf129dfc0f4979c347619,0ea22c1cfbdc755f86b9b54b39c16043,2018-02-22 02:35:32,34.9,12.48
93ee9cb7db8225691be98c521eac1e28,1,5e7f8e7aeb1f57dd83aae171dec38a73,63b464dbf392c7b80d12d932fa7cafed,2017-08-10 12:30:21,169.0,17.92
93f27293d6f1881d4784abaf47d53ffe,1,5d790355cbeded0cd60e25cbc4c527a2,229c3efbfb0ea2058de4ccdfbc3d784a,2017-07-03 12:04:01,97.0,15.72
93f27293d6f1881d4784abaf47d53ffe,2,5fc3e6a4b52b0c414458104ed4037f1c,229c3efbfb0ea2058de4ccdfbc3d784a,2017-07-03 12:04:01,89.0,15.08
940586e6751748f8a6bb630c6f5e3415,1,d696750e550fd0f733979dd7e5dff921,9de4643a8dbde634fe55621059d92273,2017-11-23 23:15:23,177.99,17.01
940d6ffb9723c1e13bd69d602c34dce3,1,ecaaaccb5eb3102553f001d62db6389e,17e34d8224d27a541263c4c64b11a56b,2017-11-29 18:49:29,288.92,16.77
94153bbf95f273c5b6c342d2acc6d017,1,06edb72f1e0c64b14c5b79353f7abea3,391fc6631aebcf3004804e51b40bcf1e,2017-07-19 12:30:16,45.95,15.1
941eccbab1cd0aec1888e669e608e5bd,1,660fc6f47144a19180d7309e37155f1e,a3a38f4affed601eb87a97788c949667,2017-06-28 20:22:41,129.99,56.8
94257b7c9b794f53994f042c218d8799,1,6a23c2eb9acc78f8ec403be9c6210dd4,7c67e1448b00f6e969d365cea6b010ab,2017-07-11 03:55:21,129.94,28.27
94334c434972d5f591d2e72330935d25,1,c6c3f359bed2ca70506331f0a05d9c06,f9903dd0f812c7e771fcad47b6fff231,2018-07-04 17:31:51,24.99,19.37
943980abcbc522eb49346398ee2594b4,1,00989337a1916a0055eedd1fdb35eb53,f7720c4fa8e3aba4546301ab80ea1f1b,2018-03-29 02:10:44,18.75,19.04
9461233f007294d53c027b24648e02f3,1,af51d485dc5255ba2e18b21b550156e6,5dceca129747e92ff8ef7a997dc4f8ca,2017-04-24 13:05:30,259.9,44.62
946d0f6c2be5f68f7a11380b3b2ad702,1,3db75f31b76375c502f64d550dcd1166,85d9eb9ddc5d00ca9336a2219c97bb13,2017-05-22 03:35:36,31.9,17.63
94843ea453d12bb3fc1b4b2f73cb1f82,1,36f60d45225e60c7da4558b070ce4b60,f457c46070d02cadd8a68551231220dd,2018-04-19 17:30:54,88.0,22.33
94a280e9178a824b49777271fdf8e5cc,1,3e824028352cd013af85473283f832ce,db2956745b3a8e9f3785c99f34b5d25e,2018-06-19 09:15:32,210.0,20.66
94d1193f2a0ae739f23399b913bd577c,1,6b7739f782cb37f71cc80e8151ebd6ac,dd533b429f380718b70ad9922c294bae,2017-05-11 14:50:18,19.9,13.37
95340911ff992b7a25fcc0f927146197,1,96cfc21d191df7257d9a6dfef4d897fd,f7ccf836d21b2fb1de37564105216cc1,2018-05-15 04:14:32,39.0,12.79
95502da30f1b1b49b7e29e09c961f77a,1,70120d2f9b9193aa0030342072d8adec,92eb0f42c21942b6552362b9b114707d,2018-02-22 02:48:00,32.97,7.78
95606e8113c2e8087c09cffe458fbf82,1,c551ffaf36e5c1d8444b44bb7c78123b,bfd27a966d91cfaafdb25d076585f0da,2017-05-23 10:25:16,109.0,18.01
956fa289d4963732b9c806fcc3eb3d57,1,431d674f9a4fbd0957ecf6ba3fcb6899,53243585a1d6dc2643021fd1853d8905,2017-10-17 04:49:21,299.99,27.38
95d01aa47c6ad56612e6c8e9057647bf,1,016711f78a6a87696645db0a6a834826,a5cba26a62b8b4d0145b68b841e62e7f,2018-03-07 11:14:28,99.0,12.82
95e01270fcbae9863423400103359279,1,b73f6899a58fe7a37e55149e9a11c717,a7f13822ceb966b076af67121f87b063,2016-10-10 15:51:43,86.99,28.23
95e0a5152da13c4a3e8a6cbe3a0bada3,1,f4f67ccaece962d013a4e1d7dc3a61f7,8581055ce74af1daba164fdbd55a40de,2017-04-10 08:45:14,241.1,23.88
95e0a5152da13c4a3e8a6cbe3a0bada3,2,4fcb3d9a5f4871e8362dfedbdb02b064,8581055ce74af1daba164fdbd55a40de,2017-04-10 08:45:14,143.8,16.42
95e8ad87dd94e0a48ffb1fd18f13be66,1,9d8a0e115e802d845b4ce1eb794d1260,d05ae8f7a5bd1d2a690a44cd079e4e27,2018-03-01 14:27:54,120.0,12.84
962938a0eb303d087976fbcbe632723a,1,259bd66612b61aa4e82ce3cde9272bbc,955fee9216a65b617aa5c0531780ce60,2017-12-22 09:31:20,32.0,17.63
963cb654293e98ba41a3c609d2c3ca4d,1,36f60d45225e60c7da4558b070ce4b60,6973a06f484aacf400ece213dbf3d946,2018-01-31 15:58:05,89.49,13.81
963cb654293e98ba41a3c609d2c3ca4d,2,e53e557d5a159f5aa2c5e995dfdf244b,6973a06f484aacf400ece213dbf3d946,2018-01-31 15:58:05,94.55,16.98
966c914d71ae9d1b59d440bcfc72d5cc,1,fe9dfbe7f974621789683b7b78be2a16,900ba814c251a692506d7834c1218441,2018-08-06 13:20:10,326.16,17.58
96867881a8d245ffae18dd2f1c4898d2,1,b7a2d0cb90ba252129d34d7c8d079d2b,620c87c171fb2a6dd6e8bb4dec959fc6,2017-01-30 22:19:43,239.9,15.85
969791845aebad4fe9d49530189384b9,1,07a6879526099e7f3483481e5bd60b77,8f2ce03f928b567e3d56181ae20ae952,2018-02-14 07:35:59,189.9,14.93
969791845aebad4fe9d49530189384b9,2,07a6879526099e7f3483481e5bd60b77,8f2ce03f928b567e3d56181ae20ae952,2018-02-14 07:35:59,189.9,14.93
969791845aebad4fe9d49530189384b9,3,07a6879526099e7f3483481e5bd60b77,8f2ce03f928b567e3d56181ae20ae952,2018-02-14 07:35:59,189.9,14.93
969791845aebad4fe9d49530189384b9,4,07a6879526099e7f3483481e5bd60b77,8f2ce03f928b567e3d56181ae20ae952,2018-02-14 07:35:59,189.9,14.93
96acc057158c055d3508b8379df12cea,1,69523f67543ff9ea6b1a15858fb59b3b,6560211a19b47992c3666cc44a7e94c0,2018-07-12 09:55:16,58.0,7.64
96acc057158c055d3508b8379df12cea,2,d2c7a1e57b8f3e74095798f867334b36,6560211a19b47992c3666cc44a7e94c0,2018-07-12 09:55:16,49.0,7.64
96acc057158c055d3508b8379df12cea,3,c756c946d61f5ffc068418badfb6302c,6560211a19b47992c3666cc44a7e94c0,2018-07-12 09:55:16,55.0,7.64
96c85fb240067205674e99425c5df3de,1,30ed2f5bb848bade9d8906ef78dd880a,6fd52c528dcb38be2eea044946b811f8,2018-02-22 15:51:48,129.89,16.67
96cf4805d2e98446035e05b0874255bb,1,91b08d34d0ba4db44da2dc382867ba49,b76dba6c951ab00dc4edf0a1aa88037e,2018-01-22 23:13:21,12.99,15.1
96d921e9bfe801df7426999a566a8aeb,1,82e4ad16521ca131d95e198d507db370,128639473a139ac0f3e5f5ade55873a5,2018-07-22 21:05:12,18.9,13.47
96eb7f709abac11cbb2502c63d8c1ae6,1,ea28ecb788ab4fd8d5dc8bd4b4274209,82e0a475a88cc9595229d8029273f045,2017-12-01 09:50:40,75.9,14.28
96eb7f709abac11cbb2502c63d8c1ae6,2,ea28ecb788ab4fd8d5dc8bd4b4274209,82e0a475a88cc9595229d8029273f045,2017-12-01 09:50:40,75.9,14.28
96eb7f709abac11cbb2502c63d8c1ae6,3,ea28ecb788ab4fd8d5dc8bd4b4274209,82e0a475a88cc9595229d8029273f045,2017-12-01 09:50:40,75.9,14.28
96eb7f709abac11cbb2502c63d8c1ae6,4,ea28ecb788ab4fd8d5dc8bd4b4274209,82e0a475a88cc9595229d8029273f045,2017-12-01 09:50:40,75.9,14.28
96eb7f709abac11cbb2502c63d8c1ae6,5,ea28ecb788ab4fd8d5dc8bd4b4274209,82e0a475a88cc9595229d8029273f045,2017-12-01 09:50:40,75.9,14.28
96eb7f709abac11cbb2502c63d8c1ae6,6,ea28ecb788ab4fd8d5dc8bd4b4274209,82e0a475a88cc9595229d8029273f045,2017-12-01 09:50:40,75.9,14.28
96eb9d1d1588412109dae29e68f86e86,1,385a33a408e9c35c9fbc2025c12f3784,1c68394e931a64f90ea236c5ea590300,2018-06-06 10:57:05,75.9,13.65
971dae4156d63b465b28ce4e45afc849,1,53b36df67ebb7c41585e8d54d6772e08,7d13fca15225358621be4086e1eb0964,2018-05-14 04:55:15,99.9,0.0
9725a1c59138f30c5dba936ca3a2de34,1,e390a486e30fd924501447fb663de0b7,004c9cd9d87a3c30c522c48c4fc07416,2017-02-05 14:19:22,89.99,18.0
973d67484939e1f2afd53304e125bf1f,1,add6fbcc94b517d1875ab4a9484e49f5,41b39e28db005d9731d9d485a83b4c38,2017-06-29 07:30:16,179.9,14.86
973f596fdd2295f00754dd37ab7eb684,1,64d0feb1bcf9c7fe7b5dad3271c10910,e5a38146df062edaf55c38afa99e42dc,2017-02-10 22:47:03,89.18,9.61
97400d97515bc5f8457c78d57a53ee5c,1,ddceb6eef6af67e9fbbd4c148dbe5fd9,ceaec5548eefc6e23e6607c5435102e7,2018-02-07 10:19:16,215.0,21.0
9758e655b4d2fca01c69a4dde9d4fb5b,1,f821142b81bcee787d6383b5c384d37d,9baf5cb77970f539089d09a38bcec5c3,2017-01-30 09:44:46,119.99,14.61
9764559652cd9a07586f59136848e1f1,1,47cc9106e1bc828d424f9439933ca075,004c9cd9d87a3c30c522c48c4fc07416,2017-12-14 13:12:34,87.5,29.01
9767781031663fd584e27336a14ee5a0,1,55782cb82e0efe052da0a3da237da3b2,c003204e1ab016dfa150abc119207b24,2018-07-09 16:23:12,166.9,27.47
a9a75c64cb5e9f7bc92e68ec13f05c45,1,7e437c1d65a7baab7e7ca6c9f4e98b84,b56906f7fd1696e043f1bcce164c487b,2018-04-10 03:15:30,59.0,17.32
a9c6c0298a1b91a7e66a387df066e225,1,2eb72d11643aaae8f92fafc9296674c8,c3867b4666c7d76867627c2f7fb22e21,2018-03-26 19:28:31,65.0,12.89
a9d12173450be22cabf7f56bfebc2565,1,9ddc4249779322828f89d2a9c04f7ee1,9d5a9018aee56acb367ba9c3f05d1d6a,2017-09-25 20:55:09,112.33,18.39
a9d12173450be22cabf7f56bfebc2565,2,efdd9c83779dc22fdcbfdce64ffef671,9d5a9018aee56acb367ba9c3f05d1d6a,2017-09-25 20:55:09,63.33,2.21
a9e41421a906ed1a2e2c882a0cfecf48,1,1ffbbf003b5a076002ac9deac36b1c4c,5343d0649eca2a983820bfe93fc4d17e,2018-05-16 03:10:14,75.0,19.5
a9ef90b7e8572edf6aa35360c03236e5,1,1dee3524e3a91274c8255b3a31373ead,634964b17796e64304cadf1ad3050fb7,2018-08-27 16:35:27,49.9,16.54
aa07fc0f496d65986abc9044683b8800,1,77feb885b9ca6c9b64934b33e3c0e15e,2f73e04d12cdf0c945ded66bb3fcf6c7,2017-08-30 18:44:14,360.0,37.04
aa0cbb40775d50f0535c3e4a38603b3c,1,f538d01bc771eed83997a9e729627b73,9d5a9018aee56acb367ba9c3f05d1d6a,2017-09-12 04:15:21,25.33,15.79
aa0cbb40775d50f0535c3e4a38603b3c,2,f538d01bc771eed83997a9e729627b73,9d5a9018aee56acb367ba9c3f05d1d6a,2017-09-12 04:15:21,25.33,15.79
aa4634ff761133d98df37cc039021823,1,8418c7eadd4164f7b60fa91f6a5c3461,76d5af76d0271110f9af36c92573f765,2017-11-28 23:26:17,13.6,8.72
aa7793d3985f9a2e8ba25eb1907fc587,1,a59fb60fddcc72a9878b7ed5cb69d8e4,7040e82f899a04d1b434b795a43b4617,2018-04-04 03:15:37,14.9,15.23
aa7c3f20fab2d3cb0f76ab5165e47618,1,c8dc26795ea2ee96f3fa57453cd7667e,718539d38d07dd351c76db862760e2e2,2018-02-23 10:50:38,19.99,15.11
aa7d642fecef401c80602a4dcb0a82ac,1,c7f00fc7c45096568acd0e79ade90e64,5f1dc28029d2c244352a68107ec2b542,2018-01-09 06:49:24,171.9,42.27
aa7e9053d6514094d6d72f1ef2c2bbd6,1,7b85e3deef35afd6ebed5461ee8f0641,897060da8b9a21f655304d50fd935913,2017-12-10 22:55:30,30.21,17.6
aa9216f0e8af39eb6edc7e44fafabb41,1,b1631003bdbc3b1e876f83a7d851d74a,cc419e0650a3c5ba77189a1882b7556a,2017-08-08 18:15:25,56.99,11.9
aa942d6c13162cf699a9ed59746af588,1,341d85d688ecc3353cf2a968e7ad0dbf,620c87c171fb2a6dd6e8bb4dec959fc6,2018-02-01 19:58:13,129.9,15.66
aa9b1d8c2b53c8780216ea7c3b88452f,1,b59fb744c6f3cd1dc23b10f760848d98,916748bc99315c2d202898ae58b1617e,2017-04-14 16:55:19,9.9,16.05
aaa6f66c3f76dbaecfc60183d6a248ed,1,fb55982be901439613a95940feefd9ee,3d871de0142ce09b7081e2b9d1733cb1,2018-04-23 21:31:01,79.0,37.6
aaa6f66c3f76dbaecfc60183d6a248ed,2,058b372f969b59e8c4a27e224243909c,3d871de0142ce09b7081e2b9d1733cb1,2018-04-23 21:31:01,49.0,3.76
aae94c2aeef4dd87a92315ae2f25f67e,1,09dbbe2c4f26cad4d560aea043f9632c,c6bda72e4dbf5c5866b13cb1810c6d03,2018-03-26 18:28:48,109.9,16.74
aaee808634adf6a6f4bdd2354f43f448,1,0c79aab7a6a2449f932887fb3c8d0127,70b52a4cfc823994561b00bad161b4ed,2018-07-04 09:35:14,58.5,7.39
aaee808634adf6a6f4bdd2354f43f448,2,0c79aab7a6a2449f932887fb3c8d0127,70b52a4cfc823994561b00bad161b4ed,2018-07-04 09:35:14,58.5,7.39
aafd24ce72f716e644f9d4012e1afcda,1,83d199d296c44101c8c3b5c9c0cce9ea,850f4f8af5ea87287ac68de36e29107f,2017-09-20 13:15:12,69.99,12.83
aafd24ce72f716e644f9d4012e1afcda,2,83d199d296c44101c8c3b5c9c0cce9ea,850f4f8af5ea87287ac68de36e29107f,2017-09-20 13:15:12,69.99,12.83
ab0bb51a710692e96d316072209e1c75,1,0e34187d4312b97b5e698836d28ed040,a420f60ff1aa9acc80d0e42959f2b313,2018-04-03 20:48:22,203.0,9.78
ab116cd2cf14c6bfe1c624dfaedce308,1,284d7e2406319d5b3491ee65da648b6e,cea729054f157f5870bdd321a958d994,2018-04-02 00:30:15,173.9,30.57
ab116cd2cf14c6bfe1c624dfaedce308,2,656d923048a96be8ec0da05d7b71aa28,709e16e2b25c7474d980076c6bfc4806,2018-04-02 00:30:15,43.9,4.85
ab1197da15cbff2ec70e2d58824ebaf9,1,473795a355d29305c3ea6b156833adf5,620c87c171fb2a6dd6e8bb4dec959fc6,2017-09-11 20:55:17,59.9,15.17
ab2689fb3d9f1cf323c75b49d6a393e8,1,368c6c730842d78016ad823897a372db,1f50f920176fa81dab994f9023523100,2018-05-10 15:55:18,53.9,18.98
ab2689fb3d9f1cf323c75b49d6a393e8,2,368c6c730842d78016ad823897a372db,1f50f920176fa81dab994f9023523100,2018-05-10 15:55:18,53.9,18.98
ab37ec75cad1f09d8ec5c5a4228eaf50,1,21caff3913095987c249438138d0ef23,2138ccb85b11a4ec1e37afbd1c8eda1f,2017-04-05 23:45:16,24.9,14.52
ab7c89dc1bf4a1ead9d6ec1ec8968a84,1,a2a7efc985315e86d4f0f705701b342b,ed4acab38528488b65a9a9c603ff024a,2018-06-18 12:30:35,110.99,9.13
aba02e203a50c9dcf7c2b6b210b5f6eb,1,e0d64dcfaa3b6db5c54ca298ae101d05,4869f7a5dfa277a7dca6462dcf3b52b2,2017-11-28 15:06:37,170.0,16.82
aba96743af8df174b11c6b6e8a9360a2,1,84f456958365164420cfc80fbe4c7fab,4a3ca9315b744ce9f8e9374361493884,2018-01-11 02:31:43,99.0,17.94
abb72024277f9d7ed4a0dec9cbe56e03,1,8aba0cf5748dc396ec71bfdb0624a2fe,1da3aeb70d7989d1e6d9b0e887f97c23,2018-06-26 20:31:17,29.99,18.31
abcf460ff11589e91290e8f95caeeef7,1,23384f296aa1bf6461d22912093a9847,891071be6ba827b591264c90c2ae8a63,2018-07-13 17:06:11,20.0,7.4
abd273cdcd250f53a125d77e6798e0d1,1,968996bd8988520a2e0e9e869819fbaa,f0b47fbbc6dee9aafe415a6e33051b3f,2018-08-14 18:04:58,29.9,18.31
ac08c0b67890296c7c7c10f34b81eea4,1,b0c8da302d49498d2ce6be8c631e4e20,00fc707aaaad2d31347cf883cd2dfe10,2018-02-20 17:50:42,72.0,16.94
ac09156639c3a0b85f197bda6a3f42d2,1,c31d2c7898c24ea73ab60e0660fd693f,fe1bbc5feda5c8979a8a1b3b2512d5a6,2017-03-09 16:15:21,179.9,15.43
ac16a498e09da326e763056460491b62,1,aca2eb7d00ea1a7b8ebd4e68314663af,955fee9216a65b617aa5c0531780ce60,2018-04-09 05:28:03,69.9,12.43
ac21bec6ae437954a28c4db16dd5737f,1,774bf54401ea79ee6962d25b605716dc,06e5eefc71ec47ae763c5c6f8db7064f,2018-08-13 08:50:22,499.99,18.6
ac23bb5f547b54edd5f51fc7395f1b82,1,35afc973633aaeb6b877ff57b2793310,4a3ca9315b744ce9f8e9374361493884,2017-06-22 16:23:06,89.9,17.88
ac57a5e116e95f1b04e07e0b57a5f6f5,1,55403fdc84a027ae6565b360af50e1ee,620c87c171fb2a6dd6e8bb4dec959fc6,2018-08-09 21:15:21,229.9,20.8
ac71263052acddd3b2031b5937f8fc30,1,349ce46a0e2e20054aa9d80c48af8816,d6b1ce66b035a475f00c017792ff9769,2018-05-02 22:10:25,120.0,13.28
ac72d34ecba515d07fd0adc8747e1d94,1,d0a672bae47ae7c26b8e1e2ec152edcf,94e93ce877be27a515118dbfd2c2be41,2017-05-23 15:45:13,152.9,53.67
ac7838d68577acf6e79c465b25ce9268,1,b532349fe46b38fbc7bb3914c1bdae07,1025f0e2d44d7041d6cf58b6550e0bfa,2018-03-12 20:10:52,38.4,19.32
ac7838d68577acf6e79c465b25ce9268,2,b532349fe46b38fbc7bb3914c1bdae07,1025f0e2d44d7041d6cf58b6550e0bfa,2018-03-12 20:10:52,38.4,19.32
ac7be03875c6dcaf9cbe029dceeaf54c,1,ae5cad88462eb7b7b61401e31c45618e,ce27a3cc3c8cc1ea79d11e561e9bebb6,2017-08-21 22:24:25,15.0,16.79
aca3b492e82b71863328c4c288861ca2,1,ee6c49af1a2de55aa0e076257ab4ab99,1c68394e931a64f90ea236c5ea590300,2018-03-11 22:48:15,144.41,13.14
aca96b69ba4057df4db12d4ca151c400,1,151f727718fd1e3d913e793a692c0f14,c864036feaab8c1659f65ea4faebe1da,2018-01-18 18:37:42,149.9,15.8
acc128e9293460781736208a647dd87c,1,6b04a3268d84351b65aeba3f1fbc2a25,79ebd9a61bac3eaf882805ed4ecfa12a,2018-02-06 02:55:49,69.9,44.34
acca926ef1cc9a37d04aac404dc87f4a,1,06c6e01186af8b98ee1fc9e01f9471e9,fc906263ca5083d09dce42fe02247800,2017-06-20 14:45:16,39.9,15.1
ace58598846c21f25ac62b735a436731,1,8e7ec8bbc0989d1ccbe6971f239eae9a,70c27847eca8195c983ed7e798c56743,2018-04-16 00:29:18,134.0,7.96
acf31320a17ec091f71b623a3b776760,1,ee385c61faaa052a8d58dc2a88b66f82,f8db351d8c4c4c22c6835c19a46f01b0,2018-06-06 16:51:33,30.9,9.26
ad1ffca90f5325d0f320f2b0f54eb114,1,f71f42e2381752836563b70beb542f80,85d9eb9ddc5d00ca9336a2219c97bb13,2017-12-12 17:16:11,31.9,16.79
ad366003d331bb0eaa77c1efc5570657,1,982565327a800a467fffeac070672ea6,87142160b41353c4e5fca2360caf6f92,2018-01-24 02:11:30,79.0,14.28
ad443a68e64f21acbda949c91bbe9aff,1,c9c455f9fd8ca66d3ff7f90a249753b4,96804ea39d96eb908e7c3afdb671bb9e,2017-10-15 22:56:21,109.95,18.34
ad7af94fde1de7cae7f6aea90e45823b,1,562f0027bf0b43b487536b01b2002a3e,6426d21aca402a131fc0a5d0960a3c90,2017-08-17 16:50:12,75.99,17.78
ad7d9326d258f80eb37b239345f12bab,1,11fd9d7ba552e1d28872e008acf1e050,cb8bcce248bb1fb274ba762d8b971456,2017-10-27 00:25:14,139.9,36.3
adb1748adc3299b13377d760724388f8,1,c0ac2a543ff5a5c714f9a013becd4b07,ea8482cd71df3c1969d7b9473ff13abc,2018-02-27 18:30:53,28.99,15.1
adb251e4a198e6d934082144c31f07fb,1,e5eadf9be70a4a9fa514019542fc330a,4559697a8f7e637227c2eeaed843baff,2018-03-05 14:29:14,69.9,17.74
add2976dccd076ad28a521b9f86c1012,1,acdffc304400a49352181f5ee9a47c52,e8b3a3a38279a82f0e5d006d5e5b7d2c,2018-03-06 10:31:31,99.9,27.24
add3094f9efba79b138dd089077c8e20,1,d6dceccd14ebaa873733a545c1e5374a,f84a00e60c73a49e7e851c9bdca3a5bb,2018-07-24 13:45:10,24.0,18.27
add546d4d3ce43710bba09276bbe07e2,1,f2399cabe080029634d12cec4f60dbf0,b8555308bfdb4ca1ed54325a58da9a97,2018-05-29 13:13:21,94.9,12.57
add9b8e58a85333ecd17897517ceda1b,1,73bcea88583002fe12b7399af4ae60da,4869f7a5dfa277a7dca6462dcf3b52b2,2018-07-22 21:21:46,119.9,13.5
ae08a6e1781c8a44dfa832b70594a0d4,1,1a6c4373641dbeaf6f12af2427da7719,f8db351d8c4c4c22c6835c19a46f01b0,2017-05-26 13:25:14,34.9,16.11
ae125b80547d3ba1360e23d720f43e8f,1,c36982ca95045ed1f077134eac1e94f2,17306570e772e7718c92a562d33f5f1d,2017-11-30 11:15:30,374.9,18.25
00048cc3ae777c65dbb7d2a0634bc1ea,1,ef92defde845ab8450f9d70c526ef70f,6426d21aca402a131fc0a5d0960a3c90,2017-05-23 03:55:27,21.9,12.69
0017afd5076e074a48f1f1a4c7bac9c5,1,fe59a1e006df3ac42bf0ceb876d70969,25c5c91f63607446a97b143d2d535d31,2017-04-24 22:25:19,809.1,44.29
002955b0acc63d04f6724a31967e82bd,1,d9bdf643d95cb89844c0da1a0df1d16e,058fd0aa2bfdb2274e05e1ae971dabb6,2017-12-22 15:51:31,120.0,15.59
003a94f778ef8cfd50247c8c1b582257,1,452f66a0f164cac57802e2cea93188ac,f80edd2c5aaa505cc4b0a3b219abf4b8,2018-08-07 15:05:14,39.9,18.08
00526a9d4ebde463baee25f386963ddc,1,0c4a0f8ab44f9acd2d04e7024f9ba362,7210cd29727d674c00741e5e387b3ccd,2018-08-14 22:15:22,33.89,8.4
00526a9d4ebde463baee25f386963ddc,2,0c4a0f8ab44f9acd2d04e7024f9ba362,7210cd29727d674c00741e5e387b3ccd,2018-08-14 22:15:22,33.89,8.4
00526a9d4ebde463baee25f386963ddc,3,0c4a0f8ab44f9acd2d04e7024f9ba362,7210cd29727d674c00741e5e387b3ccd,2018-08-14 22:15:22,33.89,8.4
00526a9d4ebde463baee25f386963ddc,4,0c4a0f8ab44f9acd2d04e7024f9ba362,7210cd29727d674c00741e5e387b3ccd,2018-08-14 22:15:22,33.89,8.4
005a1dded353107dbabf8ffc83a20365,1,7e6c4a0bf900e259f50ba63331fd2785,6560211a19b47992c3666cc44a7e94c0,2018-02-15 18:10:50,75.0,14.28
006127b8b9a1681a982313ed7129c3c0,1,f819f0c84a64f02d3a5606ca95edd272,7d13fca15225358621be4086e1eb0964,2018-03-15 02:30:23,540.0,16.22
006cb7cafc99b29548d4f412c7f9f493,1,e10758160da97891c2fdcbc35f0f031d,323ce52b5b81df2cd804b017b7f09aa7,2018-02-22 13:35:28,56.0,14.14
00750f68bb64537034e93554c64b41b5,1,526f833e1eb0a32ad9351145a761b9ab,6560211a19b47992c3666cc44a7e94c0,2017-11-17 10:10:32,129.0,8.16
007ec946d4f798caf2b43c9d44c56421,1,779559842fc122d55edbd03153f35e81,f8db351d8c4c4c22c6835c19a46f01b0,2017-11-30 04:15:38,27.9,15.1
00d03eb3425f41a599ae2f788e23c07f,1,c35498fbb4358837ae16850f50c3fd22,70a12e78e608ac31179aea7f8422044b,2017-02-22 16:46:42,69.0,21.17
00d50baf1bc56a3c59de1810a6b84b0d,1,71a7800a633691de8ecdd17463335e2e,f80edd2c5aaa505cc4b0a3b219abf4b8,2017-05-29 22:10:12,59.9,34.22
00d50baf1bc56a3c59de1810a6b84b0d,2,71a7800a633691de8ecdd17463335e2e,f80edd2c5aaa505cc4b0a3b219abf4b8,2017-05-29 22:10:12,59.9,34.22
00d5fac7792747fba4b528f23930bebd,1,616042729c11849827291496b18e9ec5,6b243f80ed07b10f0e8aa0f21a205f3c,2018-03-12 11:55:39,64.9,15.33
00f57f2ccce2a2e3f393fe8f5e616e0d,1,d6dc2dcbb3ef25e47ef82f3c013ab820,1025f0e2d44d7041d6cf58b6550e0bfa,2018-07-12 22:15:10,225.0,60.81
00f6ac4816d12f49026b09f2aa77d15f,1,b532349fe46b38fbc7bb3914c1bdae07,1025f0e2d44d7041d6cf58b6550e0bfa,2018-08-10 17:30:14,35.0,19.44
00f6ac4816d12f49026b09f2aa77d15f,2,b532349fe46b38fbc7bb3914c1bdae07,1025f0e2d44d7041d6cf58b6550e0bfa,2018-08-10 17:30:14,35.0,19.44
00f6ac4816d12f49026b09f2aa77d15f,3,b532349fe46b38fbc7bb3914c1bdae07,1025f0e2d44d7041d6cf58b6550e0bfa,2018-08-10 17:30:14,35.0,19.44
010ab3b1993057e91f825c672375a66d,1,315affd5901833621c947264eb9f2588,fa1c13f2614d7b5c4749cbc52fecda94,2017-02-25 08:19:21,139.9,15.15
011405ae7b89def8ffb3468eb29c299d,1,3cb39171fd36c50097f2dedbbe0dfe6e,16090f2ca825584b5a147ab24aa30c86,2018-05-10 13:50:23,29.99,7.87
011c899816ea29773525bd3322dbb6aa,1,53b36df67ebb7c41585e8d54d6772e08,7d13fca15225358621be4086e1eb0964,2018-05-07 05:30:45,99.9,0.0
01218a8a807fc187849529e6f12237a9,1,98f34b46fd3c8edec3b0e453e0095e77,e48cc16ab70bfa09e1401740dce0b3d7,2017-10-26 23:14:25,13.99,16.11
014f1e63f9bd4f5578edcf4e5c305a0a,1,c9bd28e8a4220af0723c7b7f97778681,1b4c3a6f53068f0b6944d2d005c9fc89,2017-04-13 20:30:20,129.9,18.34
015e6682b50c824bfdab6b866f937936,1,d36d9ea1497c1e294498cc39df08a687,c6bda72e4dbf5c5866b13cb1810c6d03,2018-01-31 02:38:30,159.9,8.37
0166cc8756d58b4a30fb49de83527120,1,b59b5899ecf4bcc294a72fdd48adaa94,562fc2f2c2863ab7e79a9e4388a58a14,2018-02-14 21:27:56,29.99,7.78
016d1bdf6efab4f6b805df1c03043113,1,9aed412277ca4485a7bf6e0c53e65786,0db783cfcd3b73998abc6e10e59a102f,2017-10-10 20:35:24,36.9,34.15
016e4acfc34b9f2abc69795f47c92f0e,1,b1cbf530dc2a793ced8e0768ffcce501,1ca7077d890b907f89be8c954a02686a,2017-09-21 14:10:19,45.0,7.78
0176a6846bcb3b0d3aa3116a9a768597,1,19421075ae0b585f2dc13ff149e2119d,4c2b230173bb36f9b240f2b8ac11786e,2018-01-03 04:32:07,45.9,7.78
01787af385123b93ba50c5f05530ee12,1,e988092a8afe5d9393a5c3a7ca17691c,da7039f29f90ce5b4846ffc0fcc93beb,2018-05-21 17:54:29,49.8,7.39
01787af385123b93ba50c5f05530ee12,2,e988092a8afe5d9393a5c3a7ca17691c,da7039f29f90ce5b4846ffc0fcc93beb,2018-05-21 17:54:29,49.8,7.39
0191bbb5166d4b9a68df11797d5acfa9,1,ec02a5d380128f7a188e9ce8f3ddd832,48436dade18ac8b2bce089ec2a041202,2017-08-16 12:30:15,132.9,20.17
01ae5e4c5d2549f7c05000a2f5856c28,1,84f5c4f480ad6c9998d6a6860f1a2e41,282f23a9769b2690c5dda22e316f9941,2017-11-09 15:15:23,39.0,16.6
01c1644529b18608f086d2ff0f3b8181,1,8b41f2becf919f6177cca1ff15dfd311,ba143b05f0110f0dc71ad71b4466ce92,2018-07-02 05:12:58,103.99,31.6
01d48ed99667ce49eaeaa7980a31b987,1,7ce94ab189134e2d3c05f496d635419c,8b321bb669392f5163d04c59e235e066,2018-03-14 09:48:22,13.65,18.23
01e84dcdea7f8180214c9cf9f058f0dc,1,c6336fa91fbd87c359e44f5dca5a90ed,4c2b230173bb36f9b240f2b8ac11786e,2017-11-08 02:31:12,45.9,15.1
0229b2e398fde4545d32b5bb232973ad,1,8b52d90d2e8716dad633486c6cc94ecf,d71d863e5ef30d94e440c11be17dcd8f,2018-04-05 15:27:53,989.0,28.63
0229bc966620f05d9d8fc29c704aa6ff,1,7564c1759c04fc0a38f2aa84f7a370ee,6860153b69cc696d5dcfe1cdaaafcf62,2018-07-25 14:55:14,45.97,13.9
024602a52e3c89ca5f963affcd2bedad,1,1613b819ab5dae53aead2dbb4ebdb378,16090f2ca825584b5a147ab24aa30c86,2018-07-10 20:30:50,27.9,18.3
027b013d2186e25c2b82beb3679d0833,1,f921da19d229dad9bf3a94e86e7f7f32,04e38a233f726ef161074ab1c9b0399a,2018-04-17 16:10:51,104.9,34.27
028369515408fa864cfe50091d4e76c5,1,7f55769896fc6596e7251490b8b5e536,8a32e327fe2c1b3511609d81aaf9f042,2017-09-08 17:04:34,39.99,11.85
0286c83491d80e29a5f16c150abb76b2,1,e19ddcc85537b41f22116c8d5425ef46,8a32e327fe2c1b3511609d81aaf9f042,2017-11-03 17:06:08,29.99,7.78
0286dd0f954cb641dc3eb5db5e4467e6,1,a8856d651600289b162f857e26838480,9616352088dcf83a7c06637f4ebf1c80,2017-12-18 04:09:22,59.9,16.18
028e8f5a96db8d372890e03d22829e9b,1,d2f5484cbffe4ca766301b21ab9246dd,36a968b544695394e4e9d7572688598f,2018-04-24 17:58:33,12.88,7.87
02be6bbf24cd996eb35dad6e9e7a09ab,1,4b5e26931a0b0d3a690a3f520329a975,955fee9216a65b617aa5c0531780ce60,2018-01-25 10:33:00,210.0,50.0
02bf0154cffa7eff0ce73027221834b9,1,a7ca7fd9bf5015bfeecc4010e8fa4ce7,9a03a4e9eb0b947652fae4f6121a3f5e,2018-06-18 15:26:35,130.0,67.44
02ce6664223305cea5b46ef1f2d81461,1,7b52ce3d6635ac7eb9d2bbb3dc931843,582d4f8675b945722eda7c0cb61ba4c7,2017-08-08 21:38:31,42.95,11.85
02e4a3c7ec652c4ab1077763215580cf,1,ca36223e14b83df526098afff99de992,8f2ce03f928b567e3d56181ae20ae952,2018-03-26 03:10:41,19.0,8.88
02e4a3c7ec652c4ab1077763215580cf,2,ca36223e14b83df526098afff99de992,8f2ce03f928b567e3d56181ae20ae952,2018-03-26 03:10:41,19.0,8.88
030840d9a6c8137615d5a2c916667c2c,1,f497ba62f1d6b4f6a3a3266fa8623ad3,6df688df543f90e9b38f4319e75a9d88,2017-08-07 14:50:23,58.2,15.16
030e558867da892772c999f60d09e854,1,5b3b5f9ae84ca9ead3138b199420cc94,adbc26658d6c7b4b6219f9d934598091,2017-12-06 23:35:24,139.0,20.21
0312ecf90786def87f98aa19e0e0ce63,1,f908d3bf313a1308bfb2a46ea2685347,25e6ffe976bd75618accfe16cefcbd0d,2017-05-16 22:10:10,35.0,7.78
03138c298bfe1ee7855eefc9442346a8,1,fb2f2ec90b4ee90ad257bbf89d01247e,1835b56ce799e6a4dc4eddc053f04066,2018-06-20 08:58:53,40.0,19.47
032cf75b6991a44f9583d652730066d9,1,965ab297b516455ba5bae37d17bc51f8,b83cedfb587e7911540e3f576d6917ce,2017-10-05 02:28:20,129.78,12.11
032de54ca8e40cca1098da6c68ba92b3,1,43cb1d661a38ba864fc53fe1b6edb0ed,e48b04bf1aa1ef711caebeb7aede6180,2017-10-03 08:04:18,39.9,13.37
0330631bdb2ec8c341f487ed9c22fc8b,1,f89caa3ea4fb5f7b6e7fb2bb4ba61881,d2374cbcbb3ca4ab1086534108cc3ab7,2018-06-04 02:31:40,45.9,12.79
0334c2700a7e8ac0f3efeb36b4a91e68,1,2a217b8a9a09c938d8db704d99d7f053,3d871de0142ce09b7081e2b9d1733cb1,2017-09-12 22:50:15,55.0,16.15
0337e9398b087d93f41230ceb2410b50,1,161c9558fccfbf0a9ed72b42285635ec,6481e96574816ead57975da2c0f6d80d,2018-04-26 17:30:41,18.5,18.23
033ce22f1fb407d7cefcdf8d1121706b,1,1b8ee158f59c098470fad33f39660964,1554a68530182680ad5c8b042c3ab563,2018-03-19 19:29:35,139.9,25.63
03515a836bb855b03f7df9dee520a8fc,1,2b4609f8948be18874494203496bc318,cc419e0650a3c5ba77189a1882b7556a,2018-01-29 13:36:01,89.99,16.39
038eb192a216fe0c545a8ff3b1b96885,1,9548f3f06fa6c1983a2278e2a16ecdcb,ef30892870c278497523264be1be2241,2018-01-04 22:19:19,39.9,11.85
039ff75de38e514eaa8ffb2618d5227e,1,5b59b0c94f8e31d14fe89dbbfda3df6c,dd2bdf855a9172734fbc3744021ae9b9,2018-01-16 08:57:24,69.9,14.22
03a0133b4a72f7ca0affd3ecbc9b43f4,1,17eebb377a986cfb90285ec913767939,2528513dd95219a6013d4d05176e391a,2018-01-26 13:53:35,139.0,14.58
03a0133b4a72f7ca0affd3ecbc9b43f4,2,17eebb377a986cfb90285ec913767939,2528513dd95219a6013d4d05176e391a,2018-01-26 13:53:35,139.0,14.58
03ab852861cd75d0a9225c92a3354a3a,1,374fb6698c278b6af1c7b7c8fb95585e,6560211a19b47992c3666cc44a7e94c0,2017-12-14 10:10:25,115.0,8.06
03dec253b6e471bd5b0653cc53b79e95,1,f83c9874b5b5044ea58fef1be68c1ea8,2e90cb1677d35cfe24eef47d441b7c87,2017-07-03 11:05:43,132.7,25.68
03ea970e60ecfa4b84a69ddc665262a5,1,0a57f7d2c983bcf8188589a5fea4a8da,4869f7a5dfa277a7dca6462dcf3b52b2,2017-09-28 16:30:23,117.0,15.57
03f83b59e7c7355647462745b18119f1,1,23365beed316535b4105bd800c46670e,92eb0f42c21942b6552362b9b114707d,2017-07-24 06:03:49,12.5,15.1
04127548fb3634e50ad03765c05cdc68,1,363218ba55c610b750224f90bdd34be1,33a6f4b1e7cdc205511e76ba1b6e0186,2018-02-11 22:30:31,79.99,8.75
04127548fb3634e50ad03765c05cdc68,2,363218ba55c610b750224f90bdd34be1,33a6f4b1e7cdc205511e76ba1b6e0186,2018-02-11 22:30:31,79.99,8.75
042ce41927758767ec2aa0de06486b4c,1,816c0585d491ed8127cebbb3dc7c89cf,dd533b429f380718b70ad9922c294bae,2017-12-08 10:53:16,569.9,22.87
0436c197b0ba8265af9fa94b7f444866,1,7f72a8900b3d2fc8fa2635b7836d6e6e,7299e27ed73d2ad986de7f7c77d919fa,2018-08-09 16:05:22,64.99,18.56
0452090193a8d241f971d25e584e9ca0,1,4fe644d766c7566dbc46fb851363cb3b,c31eff8334d6b3047ed34bebd4d62c36,2018-05-23 20:16:33,99.99,14.54
0487007c18089d38f1492091945d7ba8,1,ee99cd2d468819078af4687f923cf17b,17a053fcb14bd219540cbde0df490be0,2018-06-12 15:11:36,329.9,47.17
20a3853f94a36870c5eff11d407f01cf,1,44523a5e61f0a718c2231922b8856ad7,4869f7a5dfa277a7dca6462dcf3b52b2,2018-07-25 12:30:08,327.9,39.21
20b1d8c9683a66f9810b31604fc5f540,1,44a879f6d43c4750534a30dea1f6d804,381c83fdca332ea6afd896da20bf6e4a,2017-11-17 14:10:31,982.0,24.12
20b7f7b396dbb6dab793709e4cd89aa3,1,51f96ebc4399af670b9f43623b6c7ce5,aaed1309374718fdd995ee4c58c9dfcd,2017-12-04 03:19:11,32.9,15.1
20c60f23d0f1231ad895fde039554666,1,8317b177579dd27ff068b83205e2169b,7e93a43ef30c4f03f38b393420bc753a,2017-07-20 18:55:17,198.99,14.47
20c60f23d0f1231ad895fde039554666,2,e0d64dcfaa3b6db5c54ca298ae101d05,4869f7a5dfa277a7dca6462dcf3b52b2,2017-07-20 18:55:17,189.99,18.75
20c93204065c1cc43ac91fe4358f8983,1,2d4086091519b04cd687a38e33dc276c,87142160b41353c4e5fca2360caf6f92,2017-04-13 15:50:12,125.0,17.71
20cebe1097b0f1c09cc5f22570566d1a,1,d316be2b41acc6a122548a0d08570ca6,09f952a5f58d2285b0372551ae8f9b01,2018-02-08 23:49:50,424.2,55.57
20edc82cf5400ce95e1afacc25798b31,1,55bfa0307d7a46bed72c492259921231,343e716476e3748b069f980efbaa294e,2018-07-03 16:29:30,45.9,9.07
210e60465099814a1d2c7635e4065153,1,b69eb25e3a4def8e9cddee18712e0c5e,8ed8ea9a57c862f2c18c2fe41f601d56,2018-05-11 18:54:13,199.0,32.79
21359e988a499d8217626005d16a61d6,1,a87229f9d53610c8fa59579c82e1da8f,b499c00f28f4b7069ff6550af8c1348a,2018-04-30 03:32:45,49.99,9.26
21359e988a499d8217626005d16a61d6,2,a87229f9d53610c8fa59579c82e1da8f,b499c00f28f4b7069ff6550af8c1348a,2018-04-30 03:32:45,49.99,9.26
214e3e63d08a54a0670daa8ce72df870,1,8603fd58099e4089e9811dfffe1d5ea2,7fc87cc3e89b3d1d5cabdca32f8485aa,2018-07-31 02:55:26,129.9,50.43
215d7142fdd00fa1b74d431776134c61,1,ba3c7887791624fd8c3fee460dcda417,2ff97219cb8622eaf3cd89b7d9c09824,2018-02-22 16:25:31,54.9,15.13
21996e7c744554c7c4fac8896bbdf0ea,1,b9976e9c22fb1540bd71d1bcd2989475,55f7a3319d80f7fdf078b8f03e6725fe,2018-07-23 04:31:19,129.49,13.57
2199c1bff4b83c7fbfe37f9f8818326b,1,92d9e76c3678dc402b5d1a49f1ccc7f2,004c9cd9d87a3c30c522c48c4fc07416,2017-10-16 17:37:27,117.99,23.7
21aa5570514b188b031255172b1e04bd,1,5538ed283fd2d0e2a1151507e1cbd59c,4da0e408c99d2fdc2126dc9fce518060,2017-01-20 22:58:11,28.0,14.52
21b2689d22f457f04c68814cb269764d,1,d76aac04bb7fcc7a54f1215251724b27,0509040ea3fe50071181bbc359eb7738,2018-08-08 12:50:16,54.9,15.48
21cade19cb2ceb4f1e5c9f9aa0daa4a9,1,c9c455f9fd8ca66d3ff7f90a249753b4,96804ea39d96eb908e7c3afdb671bb9e,2018-01-05 13:18:30,109.95,27.31
21f8398df3e0b6c3c2ba3efbebf46b3f,1,42a2c92a0979a949ca4ea89ec5c7b934,813348c996469b40f2e028d5429d3495,2018-02-01 15:07:37,58.9,14.13
22167b7870f3c3b844087c5cbafac521,1,d02d1fb4bb52737b8d68075e5a079a4a,7c67e1448b00f6e969d365cea6b010ab,2018-03-23 02:30:38,146.99,40.42
221b863362f9e6ec4ec0a4f08608a69b,1,a8075470f960215ffb67624782f80fec,ff063b022a9a0aab91bad2c9088760b7,2018-05-07 05:54:26,99.0,18.74
22230cb95aa16cf1615db1cf10a0ea2d,1,9df597081d18ddb0f995470f3203d467,bd0389da23d89b726abf911cccc54596,2017-12-04 14:31:45,66.9,15.91
22401427638873c7bd3cffca5c9f38bf,1,fb55982be901439613a95940feefd9ee,3d871de0142ce09b7081e2b9d1733cb1,2018-08-02 15:10:20,79.0,22.37
22481cdbb6f8a97cee4e2ba46d59c024,1,83a1778b0d5b20c0724c97e35f083082,a3a38f4affed601eb87a97788c949667,2017-05-05 11:02:31,64.9,17.29
22557cb9c7229669e351a8460240119b,1,d83ccbce75276ea1da5ca97cc4d800d9,6750d71153f00fc58829af2a8ef1bcf1,2017-08-14 23:30:09,159.0,18.68
225ce7a56330d0d477b097a8752b22cf,1,fb01a5fc09b9b9563c2ee41a22f07d54,522620dcb18a6b31cd7bdf73665113a9,2017-03-02 16:50:15,689.89,31.09
2277cde48c3f407bad730e1dc754edf7,1,dbb67791e405873b259e4656bf971246,9c0e69c7bf2619675bbadf47b43f655a,2018-04-02 21:07:03,81.99,7.44
22929eca5fe4738503a332952b9bfbab,1,29313c7daada9c7f09bed37fda499026,fa1c13f2614d7b5c4749cbc52fecda94,2017-02-05 14:17:10,169.0,16.88
2297a47ed15e99116ac68cdb390cd700,1,704ef63ad0ac345842ea734060a83db2,da8622b14eb17ae2831f4ac5b9dab84a,2018-04-10 19:35:19,74.9,18.13
22aceb58bfd80959564e4b2ecd9ea0ef,1,1d6d7be70107889e3193819aca4dc1dc,4a3ca9315b744ce9f8e9374361493884,2017-09-20 10:30:25,48.9,16.11
22caa724849d26dec4cd73ffc70bc133,1,51945302d0858fe2efed398e1fa2df04,951e8cef368f09bb3f3d03c00ca4702c,2018-06-26 17:21:20,64.99,18.56
22d5102a394ed953c1d0de4a702a5f9c,1,f62ddccde7e84ddb39d2df03e228e044,fa1c13f2614d7b5c4749cbc52fecda94,2018-02-22 13:35:29,169.9,8.44
22df89b611e2a03b4957043cf949e51f,1,d51f9e208b88e49c98f6a55649d5df35,65febd49fd28ec955651299159b1f527,2018-08-24 09:30:20,55.0,11.41
22ea5431233830227f077473a051d55d,1,ec811f847a08d7ad8203b790a1db3070,bd4889b5e9133b35b66e42a8665cea5c,2018-05-11 09:13:41,81.6,27.3
22ef9d3714207d9a803bd9acb19fd0cb,1,0d9374142ba86a7c22357ea192bcfde6,276677b5d08786d5dce7c2149dcce48b,2018-07-26 04:25:28,63.9,22.73
22ef9d3714207d9a803bd9acb19fd0cb,2,0d9374142ba86a7c22357ea192bcfde6,276677b5d08786d5dce7c2149dcce48b,2018-07-26 04:25:28,63.9,22.73
22f1399a4c5b23e40453c44942c04100,1,0becf258ac9a4ab1b6b3da6f0ad205fd,1900267e848ceeba8fa32d80c1a5f5a8,2017-08-16 19:43:53,61.49,11.93
22fee62c2b437df078309d53efb2ec30,1,e095c986136fd680308f08bc98f20a53,05ff92fedb5be47920fea08e501238b9,2018-07-03 03:32:00,102.0,19.9
231c5fbb9dd6166904af9bad6728b5aa,1,cfd6c873a8d86ecd3a2cc3b96fc63729,e8b4225284fbb02d16f200513f1f395d,2018-06-13 16:01:27,219.89,37.62
232f30270c13607c2184ab9980245bfc,1,c4b2187a1d2bd1543f27ba3f12e56952,4830e40640734fc1c52cd21127c341d4,2018-08-07 04:35:18,75.0,19.72
233eebd5164efa70e2f97046c2bb804c,1,b3f3d2afe706552a90fd99f870e4ddf5,b74d1c09cb380e1d03a6f859c6f4224b,2018-03-30 16:47:35,49.99,21.43
236c5c6711eb7864803f0f0c739e5c05,1,1c080978925cd796eb3f7bace4ef4239,4a3ccda38b2129705f3fb522db62ca31,2018-05-31 02:55:17,136.9,15.05
237ad2054a0b3375cc64b6a7e6e08683,1,fbce4c4cb307679d89a3bf3d3bb353b9,c33847515fa6305ce6feb1e818569f13,2018-06-07 19:55:19,129.0,18.78
238652e39c5fdf89a8fd44776f532501,1,6a31191d5ac5852b0478f6e245ac5b02,7357b52d27cbaa90f81a96cbc1279396,2018-08-02 02:05:11,118.13,20.02
23878b3366bb97c4877f944c685fc546,1,716a15647e7f7cfa2f875d657dae4c03,213fafb0ca06fb3d5886579c2565791b,2018-08-30 10:16:49,44.9,9.44
239960d8af96f541e9a7153b57c0f4de,1,a54f350cdb1f303fe39221171d003852,23613d49c3ac2bd302259e55c06c050c,2017-07-06 13:25:14,39.9,15.98
23a2b629fd7a428b5ba4587794ff8b56,1,40c7fdb4c192c7df52431d1b079f9026,6560211a19b47992c3666cc44a7e94c0,2018-01-01 22:48:20,39.0,7.78
23dd9b9b8eb4352e2905bf46a41e5ad2,1,68c923fddf7f83316b53252eaf830724,7a67c85e85bb2ce8582c35f2203ad736,2017-05-15 08:35:16,69.99,11.73
23e61b7a50280ac24831f163542e5fe6,1,a35a9f46dcee0a67c8c7ad8493eb4135,85d9eb9ddc5d00ca9336a2219c97bb13,2018-09-03 04:29:37,24.9,9.3
23ec62701b81a534e40494d279ea0b83,1,9b564ab4807c6c00dcc56a91c5e1c8a3,46dc3b2cc0980fb8ec44634e21d2718e,2017-08-29 17:50:17,129.99,16.67
23fd789ce06f3c54f212b3b9d358579f,1,138d7037b59dcee052810952c983033b,218d46b86c1881d022bce9c68a7d4b15,2018-03-07 12:15:36,148.0,18.29
242c9821e1036401ddc1d061ffcb034c,1,70b9fad17d9a6e0fc5cb1f056f9c871d,5343d0649eca2a983820bfe93fc4d17e,2018-04-25 21:30:55,181.62,18.85
242e24b7eaa9f48cde9d679f8591124d,1,5328338cfaa16ba10561cd970c73ca11,12b9676b00f60f3b700e83af21824c0e,2018-04-24 12:50:54,199.0,37.66
242efbf997dcc144609030002b91446e,1,c4baedd846ed09b85f78a781b522f126,a1043bafd471dff536d0c462352beb48,2017-12-01 17:19:38,89.99,26.25
2455cbeb73fd04b170ca2504662f95ce,1,368645a47a15770520ad12d9ea77c2f2,e8f6dc8e6a1dcde89d20e3995c8d90b3,2017-06-28 02:25:20,69.9,167.05
2455cbeb73fd04b170ca2504662f95ce,2,27761f21b03a32be1aad6ebaebddd747,e8f6dc8e6a1dcde89d20e3995c8d90b3,2017-06-28 02:25:20,69.9,167.05
2455cbeb73fd04b170ca2504662f95ce,3,5caaa02918381c4ad59d38fdcd4a28b9,e8f6dc8e6a1dcde89d20e3995c8d90b3,2017-06-28 02:25:20,69.9,167.05
2455cbeb73fd04b170ca2504662f95ce,4,f2bec64d5d795250be5e5ec2d38a19b6,e8f6dc8e6a1dcde89d20e3995c8d90b3,2017-06-28 02:25:20,69.9,167.05
2455cbeb73fd04b170ca2504662f95ce,5,5dcd17b12ed2175d4fe6157e047d7be2,e8f6dc8e6a1dcde89d20e3995c8d90b3,2017-06-28 02:25:20,69.9,167.04
2455cbeb73fd04b170ca2504662f95ce,6,b6e406be1aa00db8be5dd3ec6b524d4d,e8f6dc8e6a1dcde89d20e3995c8d90b3,2017-06-28 02:25:20,69.9,167.05
245b4a117bd7a1fa176d7a590b292d7b,1,da051bd767b7457572d55aba23fd846a,8c0de775f52fe41590b376a3b7c50f68,2018-03-21 22:35:35,77.9,22.61
246b14cc444e8a7df0afd80495dfa052,1,7fa2058a9bf3a89ef34df823357e0be9,d91fb3b7d041e83b64a00a3edfb37e4f,2018-07-10 01:31:01,10.1,7.87
24750706d247c4d573cae75ee4372c59,1,9a21c7ce9df5c19b94d2ea715a23a90c,b2ba3715d723d245138f291a6fe42594,2017-06-12 16:25:37,24.9,9.34
2483fa0e74034abf26bb7843b1848564,1,6866bdfc7c91ea0dec8997c738c40f6c,3935fe5fe0f82787a9dcb8deb62be09d,2018-05-16 17:55:28,34.4,16.32
248b9e7139f9afa6227c51a42ecb915a,1,5a848e4ab52fd5445cdc07aab1c40e48,c826c40d7b19f62a09e2d7c5e7295ee2,2018-04-10 03:09:00,122.99,15.74
24cfb770f308b181cc3ae36ca3d573ad,1,056193fc88b3f131fae751356896b168,7a241947449cc45dbfda4f9d0798d9d0,2017-04-06 01:22:40,129.99,26.41
251fe947dc87c3ac12965b12bd34f160,1,27a7e832bcfcd69ff687d611c3e79cbd,d57e18d5f73c7ccb7f7339b61166898d,2018-05-11 16:30:31,37.9,24.48
25343b5d23ba1a73d782fa405c9a5886,1,2dbad6cd56b73cfd7f1885d112d9b96b,edb1ef5e36e0c8cd84eb3c9b003e486d,2017-11-27 16:57:21,514.65,20.04
2542fe494d4b37b79ed85377e12c53a6,1,052413504e5295cd66ec4ced0b310062,4869f7a5dfa277a7dca6462dcf3b52b2,2018-08-07 14:04:03,149.9,19.15
258d79062482663262a46174dc7d38f8,1,71a5f1c2a5fd9889ef26b5ac22aec9c6,537eb890efff034a88679788b647c564,2018-06-25 21:58:49,24.9,15.27
25ce89b82d611789988bd8dd3722c6af,1,4c9073fdec69bd1812b35ff1a3472aa8,4c18691b6037662be2df78a765d98ab5,2018-08-01 02:10:27,59.99,14.73
25e8002575a945e8d4ae84ca208daa50,1,66421745b3128972e1b0dcb3123e8c1d,1f50f920176fa81dab994f9023523100,2018-06-21 04:16:56,79.9,24.17
260c1e77793a506e09dd0f8135109966,1,289d248f6a9046a0f0be47cda2b45537,1da3aeb70d7989d1e6d9b0e887f97c23,2018-08-24 07:30:32,13.99,4.27
260c1e77793a506e09dd0f8135109966,2,09f6dccfebfa0688abfc1af640b69e61,7c4618c82226628831613e95e9c22f44,2018-08-21 07:30:32,33.9,14.22
260c1e77793a506e09dd0f8135109966,3,289d248f6a9046a0f0be47cda2b45537,1da3aeb70d7989d1e6d9b0e887f97c23,2018-08-24 07:30:32,13.99,4.27
2613fb342bec59126f9c5180a5bc95ec,1,9011dc38b7f50972289ff46cd50b40e2,cca3071e3e9bb7d12640c9fbe2301306,2017-09-01 16:10:14,49.9,12.69
26298a4e971b2abb0e472ae55f3a6cd0,1,d60166e9266f585350edbe81a7c3c62f,014c0679dd340a0e338872e7ec85666a,2018-04-03 23:50:12,695.0,108.04
26343f9d74c00cf82b588331730367e9,1,0432203d03868bfe5fdbb86fb2148474,855668e0971d4dfd7bef1b6a4133b41b,2017-08-29 19:05:42,185.0,23.88
263a9500469f59675e1b68ea13bc8b2a,1,ad1128daf194f4b6ac4256e16233497c,1ca7077d890b907f89be8c954a02686a,2017-10-18 04:14:44,45.0,11.85
266d1afe42f1f376499cdd8e6df164d9,1,4cac1a12a6fe9ffba4a9556dbe582e28,7ddcbb64b5bc1ef36ca8c151f6ec77df,2017-11-30 03:57:32,27.99,13.08
267968a4442f2e55c2904cac31c26660,1,aadff88486740e0b0ebe2be6c09476ae,da8622b14eb17ae2831f4ac5b9dab84a,2018-08-28 22:55:19,29.9,7.47
268270567c35e07af0d2f8c8cc978410,1,b532349fe46b38fbc7bb3914c1bdae07,1025f0e2d44d7041d6cf58b6550e0bfa,2017-09-05 05:32:18,38.4,7.78
268270567c35e07af0d2f8c8cc978410,2,b532349fe46b38fbc7bb3914c1bdae07,1025f0e2d44d7041d6cf58b6550e0bfa,2017-09-05 05:32:18,38.4,7.78
268270567c35e07af0d2f8c8cc978410,3,b532349fe46b38fbc7bb3914c1bdae07,1025f0e2d44d7041d6cf58b6550e0bfa,2017-09-05 05:32:18,38.4,7.78
26aaee2edab376ed50356a504172fe42,1,937a43407f2cf75f612cef2795160860,fffd5413c0700ac820c7069d66d98c89,2017-10-13 20:49:36,174.9,43.45
26ac15c4f69145c3a0ce4f2ebccd2a84,1,4c2394abfbac7ff59ec7a420918562fa,cc419e0650a3c5ba77189a1882b7556a,2017-12-01 00:33:26,84.99,27.13
26bafe5b8b70950ebe6c386b3aad1fe7,1,a019a033dc14cb9c338e4adf48706932,f27e33c6d29b5138fa9967bcd445b6d5,2018-08-06 18:00:17,49.9,13.01
26bb5de8af735f6720c8ed5eba9c0e9c,1,988a221d27cc482916fd66cd3662ed69,6338ea67c41078a46ad99cc009654956,2017-08-03 17:55:19,30.9,17.92
26bf23645f5371147a72f0bfa5d9eb6a,1,bd61abd7c000040b89263d2ce00ae8a0,0ea22c1cfbdc755f86b9b54b39c16043,2017-04-17 03:50:08,19.9,10.96
26e388ebc7a8a0fa0998ad6cc4755bec,1,322159ea16aa68e7bff8da4025d2fef8,41ab63a91b8b264e8c8780368bf1dd5b,2018-08-07 09:46:04,149.0,20.32
26e5ea27a6fddbbf4b360bdcd90c30c8,1,95fcb44ada4cefca4f03cc0b4b69ee33,2e1c9f22be269ef4643f826c9e650a52,2017-10-30 10:56:14,144.49,18.26
271c268d4d21a60bfad6ddb92be3ba3b,1,0502d1a36be75bd36b452f31c6ed264a,c826c40d7b19f62a09e2d7c5e7295ee2,2018-01-17 22:28:28,69.77,17.77
277ab1e8a777fefb696951ae7750c810,1,83b92639fffd1d55c9e04c77c86d8d2c,6973a06f484aacf400ece213dbf3d946,2018-02-02 18:12:22,79.43,8.3
2780526e7e2cab327faf72d4ed3d2b5d,1,93ad397044e27dfead96813e2f895acd,86ccac0b835037332a596a33b6949ee1,2017-12-07 14:54:26,59.98,15.17
27a67bd7466cbdf5af5708129e2ca7e5,1,20fb650ad1615624d7e202031400f695,ba143b05f0110f0dc71ad71b4466ce92,2018-07-31 12:55:25,37.5,16.45
27a940efdd448db29463b53ea0cfa2f4,1,926a505f318353d8634f3c5102756352,cfb1a033743668a192316f3c6d1d2671,2017-05-10 14:10:15,68.9,18.76
27c60cfbe4965270943d7cdab0989038,1,103cc8c441a717d9a54fca312ae8ec3c,fa1c13f2614d7b5c4749cbc52fecda94,2018-08-02 12:30:16,168.9,16.28
27c666cbe2691774436144c46aefe216,1,b2f041d29dd572b298f0f74de6297b6d,46dc3b2cc0980fb8ec44634e21d2718e,2017-09-27 14:45:43,159.99,14.87
27c6771e4bc936d8ef460989587acc1a,1,9a7c0784b8058269d176b3089c946ed0,1900267e848ceeba8fa32d80c1a5f5a8,2017-12-20 15:30:33,54.99,16.14
27c747b711a812bafe3c276823a6bf73,1,fb01a5fc09b9b9563c2ee41a22f07d54,522620dcb18a6b31cd7bdf73665113a9,2018-02-08 20:49:48,689.89,48.68
27d30c300e058c28a3db99bf39aee1ad,1,aba92acbdc38cb3a656015d4fa601a23,db4350fd57ae30082dec7acbaacc17f9,2018-03-01 14:15:49,25.9,25.63
27dc874d0fc1a19c74ec77ca706be968,1,24c03f6980d5f778bcf41785abe25533,d91fb3b7d041e83b64a00a3edfb37e4f,2018-07-06 08:10:11,36.2,11.98
27fb2154c341bbc730063b1d16844616,1,8ed094bfe076c568f6bb10feada3f75d,7c67e1448b00f6e969d365cea6b010ab,2018-06-07 08:56:50,179.9,40.14
2833a1c17a4948451b9931c440440fc5,1,8064566a6062566058808b3815d7defa,7a67c85e85bb2ce8582c35f2203ad736,2018-04-27 19:31:44,259.99,33.62
284b02fa3e9a13f33180080d6c8fea2e,1,bea68931a4e8aeb29404dfc74b4ce5fc,602044f2c16190c2c6e45eb35c2e21cb,2018-02-22 20:27:05,89.99,34.43
286799f6e867edeb5b42441294e8ce90,1,4cd6ba4ea3112de8fc238307c4dc6307,259f7b5e6e482c230e5bfaa670b6bb8f,2018-05-07 05:13:53,39.0,12.55
2889a938b438bbaf4701f63a2545bb3b,1,a5341e3f8155dbb3e62323d3ea289729,ff063b022a9a0aab91bad2c9088760b7,2017-02-18 06:59:36,79.5,20.64
288c5544af72d827e566c9ead00316b6,1,87aff1d9a5e94db6840c5b963a5cef90,530ec6109d11eaaf87999465c6afee01,2018-01-25 14:30:35,149.9,18.3
289745e1222668d6792ce3ccbb27356f,1,87b77bddc8fa1c1272ec769a5134310c,7299e27ed73d2ad986de7f7c77d919fa,2018-06-11 19:51:51,699.99,19.75
2898d74d595f1564b2df34edb8c0cfc4,1,e0e83e0b538dc1d9a1c6568d3a94034a,4d6d651bd7684af3fffabd5f08d12e5a,2018-05-14 03:55:21,69.9,26.57
289e6f8bee1d0394dda10569516bfb27,1,30ccf4724f5227265f837e9ba0246278,dbc22125167c298ef99da25668e1011f,2018-02-06 21:35:32,99.9,14.43
289e6f8bee1d0394dda10569516bfb27,2,30ccf4724f5227265f837e9ba0246278,dbc22125167c298ef99da25668e1011f,2018-02-06 21:35:32,99.9,14.43
28a32ec11abbac5c27adfa4d8cbc351a,1,38e24e4d6dbde6523f2ffdfe01ea09ec,e8b3a3a38279a82f0e5d006d5e5b7d2c,2017-12-04 18:53:45,199.9,16.15
28a591d0271b8c507e0380cd95521572,1,0701bc9fbbb6612a2e7427a3e7ddbf6e,8b321bb669392f5163d04c59e235e066,2018-04-16 08:10:59,18.0,8.29
28b877013b30a7b9edf8ce22fe59087f,1,af144ed65466a16118af719a57053c95,e333046ce6517bd8bb510291d44f0130,2018-05-09 10:57:07,289.0,32.67
28bc8f33c194dd4f636717ef490d0921,1,b5e13c9a353102f79c6206ff5cb61a50,a49928bcdf77c55c6d6e05e09a9b4ca5,2018-03-05 10:48:37,89.9,11.83
28cc666d3c85564ac6854085a36582fb,1,98d893a81a1845b6f278f33eee0a4f36,1bb2bdb95f4841f1bba2c0d2cd83d3c9,2018-03-01 02:35:46,77.0,7.79
28d54ed8d82e889932eed0c294c88a6d,1,afce90df29b9a0c1bfe5e1033f1197b1,92eb0f42c21942b6552362b9b114707d,2018-02-27 14:30:38,14.67,7.78
28ea88a8bad588a92fdc8933affa2d09,1,e572ef4db3ee1a8e900245a31184783a,e84ad2127668df3aafc6b73531a0beb8,2017-12-18 03:54:27,7.0,9.34
28ea88a8bad588a92fdc8933affa2d09,2,e572ef4db3ee1a8e900245a31184783a,e84ad2127668df3aafc6b73531a0beb8,2017-12-18 03:54:27,7.0,9.34
28fb48574c983c05540825d1abf49e26,1,d7902920eb6a27359c214425f69523bb,febab0275244b9a49a623f0bd613ca2f,2017-07-20 02:50:10,18.9,7.78
292d3c40e87d260ea28e83b76b5e352c,1,10a96b8c9e62f372aaf40bf8ec897a75,5b2e94f2c22b39ccc24d34ad0f669672,2018-05-23 14:10:00,123.8,36.84
293d3c2a058c0395d19e7d1a4aa87f41,1,bbaef2eadf31fe3ea6702077398be06c,cc419e0650a3c5ba77189a1882b7556a,2017-05-26 02:30:31,56.99,8.72
293e34b72465ae7478f59d4d0b3e58ba,1,82e4ad16521ca131d95e198d507db370,128639473a139ac0f3e5f5ade55873a5,2018-07-24 02:55:19,18.9,13.47
293f1f31a342e210ff008a393e2955bd,1,fc5dd987f12a7b823a76a44aa1ba88f6,49067458c68f7701fd334ce326accbe0,2018-05-04 16:11:01,28.45,18.23
293f1f31a342e210ff008a393e2955bd,2,7eaf66aca1ed54df09b3c864b7416110,49067458c68f7701fd334ce326accbe0,2018-05-04 16:11:01,28.45,18.23
293f1f31a342e210ff008a393e2955bd,3,9f9a7e97e09d403a01120dc5f4ebf36b,49067458c68f7701fd334ce326accbe0,2018-05-04 16:11:01,28.45,18.23
294b7da16c27e408f2137e10de0d9495,1,20f160a9cf2e856ee5eba259e9ae33f9,17e34d8224d27a541263c4c64b11a56b,2018-01-25 01:31:26,181.56,18.52
295c561af8870661a833aaeb65574d0d,1,8d723f8940f0c575be59e3dbbded3089,9fc70243fb26800cba56e8f014797004,2018-08-06 08:45:08,39.0,13.61
297358750c4d97989ee76a22ce38764f,1,2f9c2888168b8c2d8e625905f3737057,6c177e38df6d3f34182b1f1d427231bf,2017-09-04 22:45:11,99.0,16.13
29b56ecd8b55b6089065dad2fe85a0b8,1,7c1bd920dbdf22470b68bde975dd3ccf,cc419e0650a3c5ba77189a1882b7556a,2017-03-16 15:42:59,64.99,14.62
29bf861fea8df0d2df2b141d46aea6a5,1,b69eb25e3a4def8e9cddee18712e0c5e,8ed8ea9a57c862f2c18c2fe41f601d56,2018-04-26 17:30:47,199.0,42.15
29d0a45c5f4c8f6d17e390ab762df890,1,0efc91aa52d1f0669126d3000a94279b,d1c281d3ae149232351cd8c8cc885f0d,2017-03-30 18:50:25,98.99,35.31
29d0c2dcd3c5d5fc8737f0b81bea7304,1,437c05a395e9e47f9762e677a7068ce7,f84fa566034f5e8e880a07ec624c56af,2018-05-18 08:55:44,53.79,7.39
29d0c2dcd3c5d5fc8737f0b81bea7304,2,437c05a395e9e47f9762e677a7068ce7,f84fa566034f5e8e880a07ec624c56af,2018-05-18 08:55:44,53.79,7.39
29e364dfcbd17d9ebd50456ac1cdd335,1,fc1d8637c0268af3db482c14b7ef8e75,da8622b14eb17ae2831f4ac5b9dab84a,2018-02-11 22:30:30,149.9,18.3
2a02dbd2e676fcfb7ee4d2bffdc4b378,1,617186c3d97ea56c9c683a8a3974e8c1,cc419e0650a3c5ba77189a1882b7556a,2018-04-13 11:28:08,79.99,15.38
2a0facc85fc2b839b8c194436787402b,1,946b20e2799c73ad1f8f95440f723ce4,4a3ca9315b744ce9f8e9374361493884,2018-05-22 04:54:21,210.0,13.91
2a380098d95a87f70c9b8d16dc0ee722,1,6768450f8156d15d2eea50dbf509794f,4371b634e0efc0e22b09b52907d9d469,2018-03-01 10:09:25,22.0,14.1
2efab00b70c96a73f5fed910d373957a,1,3eebb0207da828bf5376257ceca70959,6560211a19b47992c3666cc44a7e94c0,2018-01-02 21:39:19,58.0,68.13
2efab00b70c96a73f5fed910d373957a,2,3eebb0207da828bf5376257ceca70959,6560211a19b47992c3666cc44a7e94c0,2018-01-02 21:39:19,58.0,68.13
2f1a0775fbeb87d4cc9d66070ce0f897,1,c892c76504fbc267594383bd0f0d94e8,e5a3438891c0bfdb9394643f95273d8e,2018-02-13 11:51:18,34.3,15.1
2f2d19b0f7b592189062b9ba3eaecc16,1,de6d0adf871d95106b89b444a2481fe9,17908cf9b444ee34047cadd5c0f4a516,2018-03-05 17:28:25,175.0,38.78
2f2df159f26ddb73d55ee72372200d3e,1,4052517cac9e78357d895976124f6972,ce27a3cc3c8cc1ea79d11e561e9bebb6,2017-07-24 01:30:09,150.0,16.81
2f3a10460f829a155fddd925f0e2f9c5,1,f1c7f353075ce59d8a6f3cf58f419c9c,37be5a7c751166fbc5f8ccba4119e043,2017-09-04 10:35:12,195.0,0.0
2f3e2209a4db6baec6526ced407bbce9,1,583f158587cdecda3e8bdea694021e39,955fee9216a65b617aa5c0531780ce60,2018-02-22 15:56:10,45.0,9.34
2f4811e66be7f928c63acd083f0e0095,1,44a34214a57dc373dcd80f54c919d006,7008613ea464bad5cb9b83456e1e6a8f,2018-01-09 11:58:26,29.5,17.92
2f5c5719818df4d83050dd5174ca0288,1,4d9e8a6d8d07e4f47e093b8c2999ae01,e9d99831abad74458942f21e16f33f92,2017-04-24 10:22:27,48.99,14.52
2f98f40416fdda614b3c3b4539ec23cc,1,81e32892fb8587aa24b175d42bb6bfcc,f8db351d8c4c4c22c6835c19a46f01b0,2018-08-21 13:45:11,95.9,11.69
2f9e3156d784ec07c5e1b8075263562f,1,f63729cf4441fe64282cd1b82281792d,70eea00b476a314817cefde4aad4f89a,2018-06-07 02:31:49,209.9,22.55
2fa1143e47aa3e9c10a97d47174aabb2,1,5f19455f0c3902e89f16a6042bd4221d,900ba814c251a692506d7834c1218441,2018-03-06 20:10:33,414.62,17.0
2fdd596723c47b1dd0dcade4d2cd1df4,1,c34eca608b9ad78334018f7690b48912,30a81d8cf85fb2ada1b1b094c9583a95,2018-08-02 21:05:08,90.0,7.89
2fe324febf907e3ea3f2aa9650869fa5,1,b75683e29689c1a989ae97883e8cad56,df683dfda87bf71ac3fc63063fba369d,2017-03-17 20:17:10,39.9,16.05
2fe8d06695835130f65178317d0be4c7,1,1e1a186a03f0d98268516827690d4fd2,a420f60ff1aa9acc80d0e42959f2b313,2018-05-29 18:58:32,74.0,7.39
2ff4dba9b7e65ee15034ed2b0004048d,1,6b0894fbd8143c541f3c40622d8a9603,9df5750209b83567ec144eb299d7d634,2018-05-29 18:57:12,980.0,33.59
301507cc236bfc4b5eed4fd3dc664c12,1,03e1c946c0ddfc58724ff262aef08dff,98dac6635aee4995d501a3972e047414,2018-04-09 23:10:11,13.61,8.88
3041108a3798c0b8ce8a9bb8efaaebd5,1,22f590c457402e4971c9c2090d34983d,921323538c9f1c4e816f2720eac02bea,2018-06-01 16:55:46,119.9,9.19
30433431f5393fe9934458f0f02e04e8,1,dd0dcee76f9c12fff4bc0eb641d57c7f,8b321bb669392f5163d04c59e235e066,2018-03-29 02:27:43,23.7,8.29
30593e75030fe6f0927c50b59d997305,1,f67ad6b3366ae186b8d29087e6d5ebd0,16090f2ca825584b5a147ab24aa30c86,2018-02-12 22:31:18,28.0,8.27
30597759d1d7db03d11b1fd56b1fcfd2,1,e350532acfc2ee911b6dcf1029dcb48d,d1582f4043306e6b91afa6a8a884f898,2018-01-31 11:42:24,110.0,14.52
30597e915fa41c74c59cf5f8ce640d3d,1,bdabd28372ee8e7e7b3a825efd22a8fe,562fc2f2c2863ab7e79a9e4388a58a14,2018-07-11 09:15:15,19.99,37.05
305f4f2afe70d838e381fb7a3c973838,1,79da264732f717f10ebf5d102aa6c32a,562fc2f2c2863ab7e79a9e4388a58a14,2018-06-12 09:11:32,29.99,22.85
3099fa1da8ddf6f98c8a917af87540c5,1,5a6e53c3b4e8684b13388d6aa4afdf12,7299e27ed73d2ad986de7f7c77d919fa,2017-05-22 16:10:07,16.99,16.79
309a6548116f31b315cbf53be18cda77,1,7a10781637204d8d10485c71a6108a2e,4869f7a5dfa277a7dca6462dcf3b52b2,2018-03-15 19:10:27,219.0,19.95
309b9de8813533826a3005f94bee92b9,1,e3e6af2b9a779d64b3589a5b56102d16,5343d0649eca2a983820bfe93fc4d17e,2018-05-02 14:31:33,39.0,39.78
309b9de8813533826a3005f94bee92b9,2,597d26435e8ef77bb0fcd26f6c07d486,cfa5ab0e4d3fc212fd0b3410e7081c62,2018-05-02 14:31:33,324.99,79.56
309b9de8813533826a3005f94bee92b9,3,e3e6af2b9a779d64b3589a5b56102d16,5343d0649eca2a983820bfe93fc4d17e,2018-05-02 14:31:33,39.0,39.78
309b9de8813533826a3005f94bee92b9,4,e3e6af2b9a779d64b3589a5b56102d16,5343d0649eca2a983820bfe93fc4d17e,2018-05-02 14:31:33,39.0,39.78
309b9de8813533826a3005f94bee92b9,5,ca140156f7f81f8e406cc66cb8f12a67,6edacfd9f9074789dad6d62ba7950b9c,2018-05-02 14:31:33,71.9,13.26
30a461491fa262d5d6321e3194bbb452,1,9e9289854d376ff8dc6d8200e4d1d754,276677b5d08786d5dce7c2149dcce48b,2018-05-03 11:52:42,45.9,17.93
30acc4fc5f485f20a89c9af9b0b67481,1,82f03c68ad0f694bab78643d0ff8c67f,a3a38f4affed601eb87a97788c949667,2017-08-07 17:05:14,129.99,16.67
30d2a2368488274228f1d64c2ab3231e,1,f092eaa771e3dca0bfeca32b5c9d5669,f5a590cf36251cf1162ea35bef76fe84,2018-06-13 04:30:26,450.0,23.2
30f571a5f7cc70ba231ce76fbe1b17f4,1,c4baedd846ed09b85f78a781b522f126,a1043bafd471dff536d0c462352beb48,2018-04-25 16:59:58,110.0,62.44
3124684fac5c06e0aa798a6c20b9413a,1,8beaa9c2347824b1bf4f8784a0cb5ee4,baa49d93c8c8841e27400a300f5d74b2,2017-06-09 13:10:21,46.9,14.1
312ca70771f7faab638a5aefeaaea172,1,1bfb290d7273a442c874dbe74b4abae6,7c67e1448b00f6e969d365cea6b010ab,2018-08-07 11:30:16,69.99,44.48
31593a3048f6d0e061a4101a6e5fe24f,1,0442663b51251c398df7f53c29e29812,c864036feaab8c1659f65ea4faebe1da,2017-10-11 10:07:21,199.9,16.15
3190cee126ad6894778d3f21c28b0a55,1,e1da6ab77f4859eb17950e5df1c0f815,dd7ddc04e1b6c2c614352b383efe2d36,2017-10-25 11:49:37,45.9,11.73
3190cee126ad6894778d3f21c28b0a55,2,e1da6ab77f4859eb17950e5df1c0f815,dd7ddc04e1b6c2c614352b383efe2d36,2017-10-25 11:49:37,45.9,11.73
3198a007090c3a630beb0fe82d14a0c6,1,cd0c6e2f80f5a0ea7e366b01bcb66154,db4350fd57ae30082dec7acbaacc17f9,2017-05-31 02:50:19,16.99,15.1
31f67bef2180ffdf0dbf11db4b0a4380,1,c69ee3d090e5c25f7e8633b164fc001b,8581055ce74af1daba164fdbd55a40de,2017-07-05 02:31:37,90.0,30.04
325a9deca08aa5851eb6eea67f0414aa,1,2903f5a4475454e513a2bdcad950b90f,77530e9772f57a62c906e1c21538ab82,2018-03-27 02:55:49,99.0,20.42
325cfd48a71240cb16c9f50468478c92,1,518461aa554cd12890fa4baedfc868dc,6b90f847357d8981edd79a1eb1bf0acb,2018-07-06 14:55:20,129.9,9.07
327c17fe3bf926f72f592503b52e3b5a,1,eedc20781b2e095ce09617ffc959e188,4a3ca9315b744ce9f8e9374361493884,2018-01-11 23:53:40,259.9,18.53
3282bc9c548b4d233a43f5c6d96fade8,1,f936a018eafeb52059650c9e977b53eb,bccf933e006e9b94a6184af782963e77,2018-01-29 09:52:16,65.89,17.71
3287906d23c6e6cb0ebb48f0b766001b,1,03b29ca1beec2e03e15a3b980c1505ed,d3674f271c91f824f82d24d92011f669,2017-09-13 14:52:27,39.9,16.79
328d856c33d24e8aac1b90367ae7cd3a,1,dd2f30521d540d49a7f2b94cbc99a4d1,3785b653b1b82de85ab47dd139938091,2018-03-01 14:15:47,59.9,18.0
329c5c3b5a57c04d68cda99d7f94403e,1,145978af3e89b318be0b717a0953649a,18e694e0e48ed6f7aa3f24aade5fd697,2018-08-23 13:30:43,20.9,18.25
32a5bc9d3f2a71d05c275cfb8d2adccf,1,389d119b48cf3043d311335e499d9c6b,1f50f920176fa81dab994f9023523100,2017-07-26 13:55:10,59.9,17.67
32a5bc9d3f2a71d05c275cfb8d2adccf,2,389d119b48cf3043d311335e499d9c6b,1f50f920176fa81dab994f9023523100,2017-07-26 13:55:10,59.9,17.67
32c9679b14183d04c1ffea3f6e5ae12e,1,81288df52439985f610be64465e53f57,54a1852d1b8f10312c55e906355666ee,2017-03-30 23:32:33,109.99,17.51
32d29d9903eaaae11d418d087f442fbd,1,e0d64dcfaa3b6db5c54ca298ae101d05,4869f7a5dfa277a7dca6462dcf3b52b2,2017-09-11 13:10:09,179.9,12.76
32dad65c7c23a695894f80922d9299ec,1,71a5f1c2a5fd9889ef26b5ac22aec9c6,537eb890efff034a88679788b647c564,2018-03-07 02:49:01,19.9,15.79
32fea6db74ff9bb6c713d23f7328bfd3,1,422879e10f46682990de24d770e7f83d,1f50f920176fa81dab994f9023523100,2018-02-21 19:50:29,49.9,17.6
32fea6db74ff9bb6c713d23f7328bfd3,2,422879e10f46682990de24d770e7f83d,1f50f920176fa81dab994f9023523100,2018-02-21 19:50:29,49.9,17.6
32fea6db74ff9bb6c713d23f7328bfd3,3,422879e10f46682990de24d770e7f83d,1f50f920176fa81dab994f9023523100,2018-02-21 19:50:29,49.9,17.6
33003aadf0df6db944ffc35137a4573b,1,f4f67ccaece962d013a4e1d7dc3a61f7,8581055ce74af1daba164fdbd55a40de,2017-06-12 18:38:26,241.1,20.83
33003aadf0df6db944ffc35137a4573b,2,4fcb3d9a5f4871e8362dfedbdb02b064,8581055ce74af1daba164fdbd55a40de,2017-06-12 18:38:26,143.8,14.33
3328fcf7fefe319b350bec31d74bfd46,1,b38909cbe15b374243bcacb3e14c3a1e,06a2c3af7b3aee5d69171b0e14f0ee87,2018-01-31 12:18:59,35.99,21.15
332dbacb7e4b30fa11983953ea356627,1,dddeb2ee7ac86f0b08c51249f8f329ec,4a1f694197d05fe70026b016a7316b41,2018-05-10 00:12:45,39.99,11.62
3331dbfe6f55503bd3b962d95445ac7f,1,719d571299707561c34ba04ab867b32a,0ef83d7d83ed97cd2a0049ac8be5f88a,2018-04-03 14:35:19,56.89,16.37
3331e2e606f435cefac5a3ec86ebee7d,1,90dbd461e405599ef4d208e19e472125,c3aad7dc65449ae90a5e9c3c6c1e78e0,2018-08-20 15:55:25,90.0,26.93
3335f13449d5b75804a0a49611cf11a4,1,5b99f79ba0d929b0f3270ab0f0f5911f,b0b346d3a89f5eb4c2968af3f083cd43,2017-12-07 20:32:21,40.0,17.6
335a3061e3498d0b3c574bea8973bb6f,1,3713f19c71c4be21ced80738e2fa49bc,7c67e1448b00f6e969d365cea6b010ab,2017-04-27 18:55:16,101.99,23.99
335a3061e3498d0b3c574bea8973bb6f,2,3713f19c71c4be21ced80738e2fa49bc,7c67e1448b00f6e969d365cea6b010ab,2017-04-27 18:55:16,101.99,23.99
337788b92e1812c7665aca6fd8b611e8,1,b0075cdedc8e455d734e6b1875336ca1,0ea22c1cfbdc755f86b9b54b39c16043,2017-02-09 17:24:21,29.9,21.26
3386674e0363653ac5f71597d88d80fe,1,c9b8a74a8865b966e660cc1f7b4e32a9,1835b56ce799e6a4dc4eddc053f04066,2018-07-26 13:24:53,720.0,40.5
3386674e0363653ac5f71597d88d80fe,2,a03e401d58a45187271718c5d7610422,4bfc7a4a1cf8d4d2121c27422d9e50b5,2018-07-30 13:24:53,320.0,20.25
3386674e0363653ac5f71597d88d80fe,3,c9b8a74a8865b966e660cc1f7b4e32a9,1835b56ce799e6a4dc4eddc053f04066,2018-07-26 13:24:53,720.0,40.5
338cd98c972c8d9b015759974ca7446c,1,c1a97b7dfb03db09a3736bd6f1eb9034,58e4b302b54937e55a678c4d15111da4,2017-01-30 11:09:11,49.9,14.52
339cfa1a6bf1f4f0c50db99c5255b714,1,afb20d6bc6e0556ba8e9e724e6ea03bb,ebef8d8c92b4fd3226e5d407bbff21ac,2017-02-06 21:40:21,159.9,19.4
33a26356ae145bf4a27c25447e5d1f01,1,fcf28afb1353f2f12ea041dd74954226,ea8482cd71df3c1969d7b9473ff13abc,2018-06-11 08:51:52,27.99,7.39
33a2d5e5c1eda20e8a1ce9445bec4086,1,041644fcb6426ab2a7c992fac010771a,bba74270a87732727b5a3b4fd9ac1c39,2017-10-27 03:06:03,89.99,17.07
33ca67f12b946d8830eb3805cc63761b,1,d189fbf8b5d79a670cebcaaad68d77b2,0d85bbda9889ce1f7e63778d24f346eb,2017-08-25 13:25:11,59.9,27.8
33ce126846ecce9afdfe8f1b93551928,1,1928afdd082c046af569f70558516d11,b372ee768ed69e46ca8cdbd267aa7a38,2017-09-06 17:45:08,45.0,16.79
34445bc5a6255519c1d230b2231eeb63,1,211c67e3e61d45efe54ed020191d042f,b2ba3715d723d245138f291a6fe42594,2017-02-14 00:11:30,169.9,23.12
34688497162fbb53b24e10738f912fa4,1,94938d42be4ea1064db3325c385ee6d6,02f623a8eb246f3c5f7c2f96462654e6,2018-08-16 21:44:02,139.0,14.55
34801c59d6ec5c5e89bfefb6ebef314d,1,f07dfd51b27ae763526ca43745920b7d,3771c85bac139d2344864ede5d9341e3,2017-12-18 23:12:33,13.9,15.1
349de605467ed7131cc22d614313551a,1,17c4bd4269902c84acc14c497f282ddb,75d34ebb1bd0bd7dde40dd507b8169c3,2017-07-24 00:25:13,279.99,17.4
34ac92bbb6413e7f6efd32aa6a30fe37,1,7b35ccd93a2184646c03b70326626923,d05ae8f7a5bd1d2a690a44cd079e4e27,2018-05-21 22:55:20,179.0,16.13
34b3d6f518fb789c443e4ec00f9bb0ce,1,3ea32f63a6aaf8d467e543dedf434ee7,f1c1ac3f3efc07e659c035008e615e66,2017-05-31 13:22:31,53.4,17.62
34b3d6f518fb789c443e4ec00f9bb0ce,2,3ea32f63a6aaf8d467e543dedf434ee7,f1c1ac3f3efc07e659c035008e615e66,2017-05-31 13:22:31,53.4,17.62
34b3d6f518fb789c443e4ec00f9bb0ce,3,3ea32f63a6aaf8d467e543dedf434ee7,f1c1ac3f3efc07e659c035008e615e66,2017-05-31 13:22:31,53.4,17.62
34b3d6f518fb789c443e4ec00f9bb0ce,4,3ea32f63a6aaf8d467e543dedf434ee7,f1c1ac3f3efc07e659c035008e615e66,2017-05-31 13:22:31,53.4,17.62
34b3d6f518fb789c443e4ec00f9bb0ce,5,3ea32f63a6aaf8d467e543dedf434ee7,f1c1ac3f3efc07e659c035008e615e66,2017-05-31 13:22:31,53.4,17.62
34b7f8ccf3ab2ba8512fa244c3bab225,1,c1803577315d1501dae3033b5cfa3993,4a3ca9315b744ce9f8e9374361493884,2018-07-08 22:31:22,119.9,17.97
34c27434e5c29d595d0398f19f461807,1,283dc451ad3918badb976d56ff887289,da8622b14eb17ae2831f4ac5b9dab84a,2018-01-25 20:57:55,99.9,17.95
34ca707f0687a186215481e5b55df48a,1,27e7285754ae724e707141aa7e80ff69,acadd4d36859671cb635527c6c977533,2018-02-28 21:28:20,65.0,13.47
34ce0ca85ae4e7d8cad0c61a10236321,1,f73e87b204f0a4bcfa8edda38d11b334,817245bcc3badd82bbd222e0366951a6,2018-07-19 14:30:21,149.9,13.71
34d0587652282a8e4f05da5083e1f276,1,b0fd001716da5648244fe5c374d03df8,53243585a1d6dc2643021fd1853d8905,2017-09-06 13:50:09,850.0,58.31
3501186fe160a6e3162126a1bfcb2e08,1,7dd3fec3502f7ef333da2a73e00db394,a888faf2d1baececa6baf9c3d603ee1f,2018-05-10 04:30:25,249.9,24.68
350f47d61d589f6218bff053db95fe62,1,837f3d09b625825bd84bfccb1f51d8be,6df688df543f90e9b38f4319e75a9d88,2017-02-04 13:01:10,11.63,17.35
350f47d61d589f6218bff053db95fe62,2,837f3d09b625825bd84bfccb1f51d8be,6df688df543f90e9b38f4319e75a9d88,2017-02-04 13:01:10,11.63,17.35
354025795ae5d3d171988505159a7843,1,ccadfeab525a9eb1569983b66e5075c4,33576ec5412fb5905d876f12f33bfde6,2017-10-03 03:35:37,79.0,15.99
3544a45e2fd783c3dd0305cb5d2bac0b,1,64c8f1a52b407d92518a1f8b79240a70,7d76b645482be4a332374e8223836592,2017-09-25 18:26:15,28.9,14.1
354a5b90cf468691c4b06debfd2c8115,1,45f176c0bd310b5d35594fc78a8ed5e5,a3a38f4affed601eb87a97788c949667,2017-02-01 20:01:21,68.99,19.0
3598d5876c343ad3d9699be24dc09b8a,1,76b7fa5da50b22fe17d1e7bbde661106,2a261b5b644fa05f4f2700eb93544f2c,2018-05-22 02:14:37,45.0,19.32
35b5ebbe9ea1f14657bfdfb4b52d7465,1,f177b434709ecb652dbee4f4b19aef2f,d98eec89afa3380e14463da2aabaea72,2018-03-14 02:10:39,29.99,22.06
35cf1961f10100bb2198e4f935ab4173,1,4f469a5f807d396370c43aa7d536a2a8,d2374cbcbb3ca4ab1086534108cc3ab7,2018-03-07 22:49:02,47.9,15.1
35e3f3cac84a02e430e53ca318ce9791,1,5aad359a63cbb4fc35ead44346a3eeb4,d20b021d3efdf267a402c402a48ea64b,2018-02-05 17:29:54,10.99,11.85
35f069c19a16b1ef6a4c4fda664db415,1,804276969fd6adfcfb9c9dcbce2fe8ec,c3cfdc648177fdbbbb35635a37472c53,2018-03-27 20:08:44,255.0,40.01
36138672074a247040d772897526e427,1,446a112adf10992c2e26eb566a68bd46,609e1a9a6c2539919b8205cf7c4e6ff0,2018-05-09 04:30:31,36.9,21.47
36138672074a247040d772897526e427,2,0d86ab499a2af7f2352d18e2a6be12f4,609e1a9a6c2539919b8205cf7c4e6ff0,2018-05-09 04:30:31,49.9,17.17
36252698cf1f3b91960c60cb2524ae78,1,07821918ef487fd64eb20b3c8aeb897f,e9bc59e7b60fc3063eb2290deda4cced,2018-06-19 02:55:12,144.0,14.13
36252698cf1f3b91960c60cb2524ae78,2,07821918ef487fd64eb20b3c8aeb897f,e9bc59e7b60fc3063eb2290deda4cced,2018-06-19 02:55:12,144.0,14.13
363ef87a97dcef74ca5b91ca4a415f3c,1,14dffa241a078aeaebaef48a49e807ca,fa40cc5b934574b62717c68f3d678b6d,2017-12-06 14:58:30,64.9,7.78
363fe8f62de97e4334f5c88e3d9e73a8,1,dbb67791e405873b259e4656bf971246,9c0e69c7bf2619675bbadf47b43f655a,2018-03-30 14:15:34,81.99,7.92
365e182cfed9e7f3b3b0bd04ce2251e2,1,84f456958365164420cfc80fbe4c7fab,4a3ca9315b744ce9f8e9374361493884,2017-11-30 10:14:40,99.0,17.94
366d799ad8ce30435d27ed0f7e3eca9d,1,de4fb1ddae276a3503afed39c8227cff,1da3aeb70d7989d1e6d9b0e887f97c23,2017-09-28 15:04:12,149.99,16.75
366f322ad95ebd9a14346c9f8425a68b,1,6bb340ddddf26fad46161b199d171cdd,f262cbc1c910c83959f849465454ddd3,2017-12-07 11:19:32,169.99,10.0
36a2993f853a2f6132cdda1475bf2acb,1,5d3e31adf8ff92075c3848f021abaf06,6cd68b3ed6d59aaa9fece558ad360c0a,2018-04-29 23:31:10,24.99,15.23
36a924d21368a46d4ed120b8adb1dc3d,1,fb3ac05315c8f4a1b54de74e098ef7e2,16090f2ca825584b5a147ab24aa30c86,2018-06-27 10:55:13,649.49,23.74
36af11f74568a0546f14fc0e5a0c2851,1,5ca5d42f98d39aa421923c2fde2c1558,b32be1695eb7ec5f10f72d9610a12527,2017-12-21 16:53:41,998.0,44.51
36b53be88597f8fc8af05d1a35c0dc45,1,f6365f947341b385dcb3f130e58236b8,213b25e6f54661939f11710a6fddb871,2017-12-20 20:18:34,37.95,15.1
36b53be88597f8fc8af05d1a35c0dc45,2,f6365f947341b385dcb3f130e58236b8,213b25e6f54661939f11710a6fddb871,2017-12-20 20:18:34,37.95,15.1
36c5fe2c0135722473e275b3f5accd74,1,02e27630510d16a95a473d9b35959d3e,2138ccb85b11a4ec1e37afbd1c8eda1f,2017-11-17 18:46:32,34.99,7.78
36c63c436db70954885798ade7b2e30f,1,5a5d7d4e7f23de210890506c818d2b8a,c42fd8e4d47dfb18ce5222f2dd7752f9,2017-04-06 22:36:26,49.0,15.56
36d2f4c466cc35f518fac94f87653109,1,a8d952e8e5436a6fe36d24c402d100de,ea8482cd71df3c1969d7b9473ff13abc,2018-08-22 03:30:08,21.99,18.25
36d41a5b60875876ac9f3dea8d233a1f,1,3e6d2bde9274ac275013aa90d7e2bf16,fa1c13f2614d7b5c4749cbc52fecda94,2017-12-01 08:50:53,99.99,15.59
36ea02534d94c9d58bbbd06fddb3fa9a,1,8c591ab0ca519558779df02023177f44,a1043bafd471dff536d0c462352beb48,2017-12-07 17:52:21,89.99,45.09
36f4478e93bb401c1938f739d085591a,1,bf2748a809c70af53394e915c95c9963,ea67327e24487bdfac5fbfa37ea124df,2018-08-22 11:31:14,218.0,34.99
36fc3a00019db8f893021f9508f695c8,1,d986e4bd747ca20b348abcd013cd1303,440dd6ab244315c632130ecfb63827b1,2017-05-05 16:50:13,154.9,30.01
370e2e6c1a9fd451eb7f0852daa3b006,1,5dddb31154cbd968caa4706ef0f4e0f0,df560393f3a51e74553ab94004ba5c87,2017-03-23 18:34:44,79.9,15.77
373e33407e16fe7b1ae7de43384958fd,1,363218ba55c610b750224f90bdd34be1,33a6f4b1e7cdc205511e76ba1b6e0186,2018-08-14 09:10:21,74.99,18.33
373e33407e16fe7b1ae7de43384958fd,2,363218ba55c610b750224f90bdd34be1,33a6f4b1e7cdc205511e76ba1b6e0186,2018-08-14 09:10:21,74.99,18.33
373e33407e16fe7b1ae7de43384958fd,3,363218ba55c610b750224f90bdd34be1,33a6f4b1e7cdc205511e76ba1b6e0186,2018-08-14 09:10:21,74.99,18.33
373fa646df70e5064388905c109571ec,1,a1fc7e27ec70c82cbc5a559b1af76424,709e16e2b25c7474d980076c6bfc4806,2018-08-07 14:24:25,53.9,13.04
374287ecf047f9180fdb554bc4ae1c1d,1,7814c273ab16783d73a9863ebfa8b141,1025f0e2d44d7041d6cf58b6550e0bfa,2018-03-06 17:30:58,250.0,62.49
3749ffb24b4dec6d0cab14cb31e4fa94,1,49196a215bd6514843cebf65ebbe52c0,17e34d8224d27a541263c4c64b11a56b,2017-11-21 13:26:23,196.5,17.2
376a342d70faa7a733b871acc701def8,1,cae79e3b5c787c231543fa415a20b5cc,56642bcb79900e777d68e91915cb4267,2017-12-15 11:58:24,28.0,14.1
3776ca53eef7dc944d1b615e9ec3ad36,1,dc52f0f5d3ec37a93eaf956cde4e5d2c,6560211a19b47992c3666cc44a7e94c0,2018-07-02 02:15:49,49.0,15.44
37792549e9a1606a574bb4a8aa76136e,1,9b1430fd2db68dd26abc986921680143,da8622b14eb17ae2831f4ac5b9dab84a,2017-12-07 04:38:27,44.9,11.85
3789e9b1be0db55442c1ae8b24ab51ec,1,368c6c730842d78016ad823897a372db,1f50f920176fa81dab994f9023523100,2017-12-29 11:52:29,59.0,17.66
3789e9b1be0db55442c1ae8b24ab51ec,2,368c6c730842d78016ad823897a372db,1f50f920176fa81dab994f9023523100,2017-12-29 11:52:29,59.0,17.66
3789e9b1be0db55442c1ae8b24ab51ec,3,368c6c730842d78016ad823897a372db,1f50f920176fa81dab994f9023523100,2017-12-29 11:52:29,59.0,17.66
3789e9b1be0db55442c1ae8b24ab51ec,4,368c6c730842d78016ad823897a372db,1f50f920176fa81dab994f9023523100,2017-12-29 11:52:29,59.0,17.66
3789e9b1be0db55442c1ae8b24ab51ec,5,368c6c730842d78016ad823897a372db,1f50f920176fa81dab994f9023523100,2017-12-29 11:52:29,59.0,17.66
379c468e2dc90ec7cd68bacf13ecca13,1,946344697156947d846d27fe0d503033,1835b56ce799e6a4dc4eddc053f04066,2018-07-19 08:41:12,29.99,12.87
37a63972d6fa35618d22858e3cffefc1,1,24c66f106f642621e524291a895c9032,620c87c171fb2a6dd6e8bb4dec959fc6,2017-12-20 01:47:12,159.9,20.36
37b2da18eede8674ecc05302ebb6e32b,1,6217dab6fce05a4924116e90d7f301c1,bc503e244f187939d10c92a5c8e378ce,2018-03-06 09:56:32,49.76,9.72
37b2da18eede8674ecc05302ebb6e32b,2,d9339c5714743c460a9470730f79f6c5,e48cc16ab70bfa09e1401740dce0b3d7,2018-03-06 09:56:32,69.99,19.44
37b2da18eede8674ecc05302ebb6e32b,3,d9339c5714743c460a9470730f79f6c5,e48cc16ab70bfa09e1401740dce0b3d7,2018-03-06 09:56:32,69.99,19.44
37d13d0bfc39d14f3e61c410340c93ae,1,4e424a1cee1626e101d211bd604b10e0,7178f9f4dd81dcef02f62acdf8151e01,2017-10-10 14:24:34,29.9,15.1
37d4f4fa2c96f2b37291fbb0e85ff90e,1,601a360bd2a916ecef0e88de72a6531a,7a67c85e85bb2ce8582c35f2203ad736,2018-03-16 16:27:57,129.99,18.49
37e0ffe09382d012cc039562b646689a,1,c8c969c3a6423f48df9fde8a13e6770b,b2479f944e1b90cf8a5de1bbfde284d6,2018-01-29 00:15:16,21.99,11.85
37f61d782089bd338aff5207a31fb933,1,ef1c1ac9af94321c7af51e984279cb6b,59b22a78efb79a4797979612b885db36,2018-02-26 15:35:49,419.0,51.46
381d16906fcc904fe66028d7438ebc3c,1,5411e9269501a870cabf632f05655131,3d871de0142ce09b7081e2b9d1733cb1,2017-07-13 02:44:19,99.0,17.94
3822b25e989ac059e7f232678b67a465,1,78efe838c04bbc568be034082200ac20,0241d4d5d36f10f80c644447315af0bd,2018-07-26 11:31:42,70.0,21.79
3832701f27be0501b19e91bbb04e5cde,1,cd5f3705d31440675796beb0ee641fa8,46dc3b2cc0980fb8ec44634e21d2718e,2017-09-15 20:50:14,194.99,17.12
384305b9cfec8a62f309b5e5cac920bc,1,20abd285d5491b50603aaea6b4c85e93,25cf099de44674fde97473224f9d59ab,2018-08-14 02:44:28,10.0,12.79
387304e2b5ef64131135043b69b26c69,1,3abb0e27cb9374f334c59074d868bcbe,ca77545ca4d2dfd1431bf61334e2fa3c,2018-01-08 09:50:28,83.9,17.03
38774303eed7ea4f45f31ba37969381d,1,01a0f7d0d081d619be810e512be45f97,7ad32824caee82087b3e2e5f33b1bf32,2018-04-05 20:47:24,286.0,14.44
388241639571ce95ace22e76655719f9,1,8562e2c780a345b609e1b802d7e3e4ae,8160255418d5aaa7dbdc9f4c64ebda44,2018-05-20 23:54:24,79.9,9.46
38a37ff772f3b9f0f304d46b6ea90c09,1,978d2315d672718ad7235114a71bc2c6,daeb5653dd96c1b11860f72209795012,2017-12-04 03:46:48,29.9,13.37
38b74d37b6bb4886a9b460ef8d4ba2d7,1,9e0e152552a1323f7e5dcf63d50cdae3,cc419e0650a3c5ba77189a1882b7556a,2018-01-29 09:12:29,56.99,8.72
38bbcca5b854ce25280e61e2ade6d7ad,1,7c1bd920dbdf22470b68bde975dd3ccf,cc419e0650a3c5ba77189a1882b7556a,2017-12-08 18:10:09,58.99,16.66
38cd9a16e2ee3ee519de420fc15d77ff,1,31a89a7044c5b133cf646404a4e86022,955fee9216a65b617aa5c0531780ce60,2018-05-22 00:31:14,150.0,21.36
38d53048cadc43042f82188a761f6765,1,84f456958365164420cfc80fbe4c7fab,4a3ca9315b744ce9f8e9374361493884,2018-07-18 19:31:19,84.9,57.36
38e9133ce29f6bbe35aed9c3863dce01,1,014a8a503291921f7b004a5215bb3c36,fa40cc5b934574b62717c68f3d678b6d,2017-10-19 04:28:24,36.9,11.85
38f95affd04d115a3cf2c655d000581f,1,8844bd4b8ca8f93603694ca2bceb77e9,cc419e0650a3c5ba77189a1882b7556a,2017-12-01 12:13:15,84.99,21.08
38fd5de0bdcbb66b8c100656463bc730,1,57e089e3103f5cda6a4ce23b77399bdb,aafe36600ce604f205b86b5084d3d767,2018-05-18 12:31:07,47.9,35.9
39176f8e4a96aef60a2f8df4431ae834,1,8e7c6eda914c6feee0ee99555bb92d39,128639473a139ac0f3e5f5ade55873a5,2018-05-16 13:31:20,18.9,18.23
391cbfa45cfc95e90b2168e5afe04b25,1,f49e985b4cb2d0543890d6dd00077663,f62d7bb4a613ec758a03342d46b580b2,2018-02-23 10:07:55,750.0,43.09
395363317a9cc3945212a000edf960d3,1,461f43be3bdf8844e65b62d9ac2c7a5a,4869f7a5dfa277a7dca6462dcf3b52b2,2018-03-05 02:30:41,145.0,15.76
395cdd6553a4735ca1839ba756f6fbaf,1,bcdebacf985da0fae4e1f55f1aba7562,651fe66032c9520ee5587f694908040d,2018-07-26 09:31:57,120.0,18.99
396af24f9fbfbbb946c61236fa1cf895,1,dcd590f679e692420391bbd2c7ae22e2,ce69a8021d18961dd2a40269b7c2c293,2018-07-27 10:24:11,247.99,16.84
39840651d975d5a257f08661d376e085,1,af532b7b70d7b3c1a2f042eb10fed9be,fa1c13f2614d7b5c4749cbc52fecda94,2018-05-01 23:30:22,299.9,19.98
398c8e07a36c8e10448623bb36a16bec,1,1d9263e74c3e8e57d3a7bd505b7b871e,dd2bdf855a9172734fbc3744021ae9b9,2017-08-07 19:23:30,39.9,15.1
39900b73a172015fa77a5a451c3cbc95,1,43ee88561093499d9e571d4db5f20b79,23613d49c3ac2bd302259e55c06c050c,2018-08-28 04:10:32,10.9,18.23
39948b49e7e68844f9f5a31d12a3c4c6,1,a92044ede94468b593b5e4d92498f6c1,cca3071e3e9bb7d12640c9fbe2301306,2018-03-28 02:50:09,129.34,17.82
39948b49e7e68844f9f5a31d12a3c4c6,2,b4ce8d32dea944f1720681420c4cd5ef,cca3071e3e9bb7d12640c9fbe2301306,2018-03-28 02:50:09,129.34,17.82
39e3311579afb8c467eac9a76b7e8561,1,17b41b007356c9b333b4e7c1fcedb066,c13ef0cfbe42f190780f621ce81f2234,2018-01-25 13:53:05,390.0,61.28
39f72b79ba5e9b6b512b7fc2ba46a4a5,1,617186c3d97ea56c9c683a8a3974e8c1,cc419e0650a3c5ba77189a1882b7556a,2018-03-09 15:09:50,79.99,16.32
39f7f311dd99e8f71f8d16bda3c615ad,1,a538728fe0b4975180a3818c6d0db331,96493fab2fbb13a14d0c0e8772eef5c3,2017-04-11 14:02:26,269.0,17.09
3a1c666f27c3d419d79a79a9b1a5af11,1,6d7a4492be45dfb8e38e762efe6614a4,ea8482cd71df3c1969d7b9473ff13abc,2018-01-11 11:18:25,27.99,15.1
3a1ce4053005d669ac4e0047a13573cf,1,b9aad83bfbc546d2e4e7a7fa8e15bc9c,99a54764c341d5dc80b4a8fac4eba3fb,2018-07-01 23:31:32,19.9,8.89
3a1ce4053005d669ac4e0047a13573cf,2,b9aad83bfbc546d2e4e7a7fa8e15bc9c,99a54764c341d5dc80b4a8fac4eba3fb,2018-07-01 23:31:32,19.9,8.89
3a1ce4053005d669ac4e0047a13573cf,3,b9aad83bfbc546d2e4e7a7fa8e15bc9c,99a54764c341d5dc80b4a8fac4eba3fb,2018-07-01 23:31:32,19.9,8.89
3a1ce4053005d669ac4e0047a13573cf,4,b9aad83bfbc546d2e4e7a7fa8e15bc9c,99a54764c341d5dc80b4a8fac4eba3fb,2018-07-01 23:31:32,19.9,8.89
3a3239fa60ea2f77a53990f66c3f1a45,1,e53e557d5a159f5aa2c5e995dfdf244b,88460e8ebdecbfecb5f9601833981930,2018-03-08 17:50:37,76.25,16.97
3a3239fa60ea2f77a53990f66c3f1a45,2,e53e557d5a159f5aa2c5e995dfdf244b,88460e8ebdecbfecb5f9601833981930,2018-03-08 17:50:37,76.25,16.97
3a38a4a145c96019a17b640f053aecb9,1,62644f19deb898e43ebdcd29ff3d9361,dd55f1bb788714a40e7954c3be6df745,2017-12-12 04:13:25,243.89,16.47
3a47466ddf60f686bf60e6cc66ed45aa,1,dae734dc69d90e2ced16dc3367da97b8,d91fb3b7d041e83b64a00a3edfb37e4f,2017-08-23 01:25:04,47.9,11.85
3a63202e1f2029f6ee42f498e87fa599,1,ef153414d98782a711939e8fa3dc89ea,7722b1df1b0e383e000397b2c11e3e19,2018-06-06 03:15:17,129.9,19.88
3a8120ab24d55fb6df380a431836a916,1,30ab498424a05754d445336acbcf05d5,6560211a19b47992c3666cc44a7e94c0,2018-05-17 21:31:20,189.0,38.01
3a83f1410163fa52e0679c788b31a039,1,1ca64333e21cc2921b28c702e3ad522b,446cc09cdbb130904da114e807dbec40,2018-06-04 14:30:23,16.9,7.39
3a8e8e947707941c5e3af4aa4da84478,1,4fa33915031a8cde03dd0d3e8fb27f01,fe2032dab1a61af8794248c8196565c9,2018-05-07 12:15:22,144.0,15.85
3aba1edcd69ec930c8c006a5e9f0854c,1,42a2c92a0979a949ca4ea89ec5c7b934,813348c996469b40f2e028d5429d3495,2018-05-03 13:31:37,56.5,25.69
3ac9f29f627096a68b91ec5db427f94c,1,0bcc3eeca39e1064258aa1e932269894,1f50f920176fa81dab994f9023523100,2017-11-30 15:57:25,49.0,13.41
3acfefca1b7d510f944c782689681753,1,dc404a1496a08f9f5540c8b5d4b92925,46dc3b2cc0980fb8ec44634e21d2718e,2017-10-25 13:21:19,299.0,14.93
3ad21c0e40b33f2600a06e99f27a5fe2,1,4914f8796af2ecd359fd8f44b9b92339,c826c40d7b19f62a09e2d7c5e7295ee2,2018-04-19 22:51:33,49.77,18.23
3aebf099badf8a95a8c1831fc2373eda,1,a6d11caea18ae416c4861a5a9f9711de,966cb4760537b1404caedd472cc610a5,2018-06-28 22:57:22,513.0,26.31
3af00e0602421aa412b0f4ef0ebdb6c4,1,87b42927619008f877bfcdd5068e7edf,b499c00f28f4b7069ff6550af8c1348a,2017-09-12 04:25:56,34.99,11.85
3b20eefea25e9f7a1f09b7106c26da95,1,06353656886de747a549351f1ec7fa9b,f626e15b7314c267e4429010866f70e9,2018-04-10 16:28:31,36.65,19.32
3b42ad87f3292fab60e143988d332da1,1,44a34214a57dc373dcd80f54c919d006,7008613ea464bad5cb9b83456e1e6a8f,2018-03-15 22:35:30,29.5,14.58
3b43489e5e595593e63470f9e524d325,1,3baabb34049f9644a9e18dd72e229ef1,c794dab4928dd97beb41d05514441e86,2018-06-25 21:58:37,27.3,37.1
3b477558dd43ca0e069be6c79321aa26,1,9ce4603565c839785b24a7e95e28f4eb,59fb871bf6f4522a87ba567b42dafecf,2017-05-12 13:02:50,119.99,13.18
3b525abce4eeb08f96537636dc59dc2f,1,4e0d588f8e002f2bad9cbe0b8f66f6f6,fc906263ca5083d09dce42fe02247800,2017-09-08 02:15:32,39.9,15.1
3b6411f7911e3b69fa3f27220c7df366,1,0502d1a36be75bd36b452f31c6ed264a,c826c40d7b19f62a09e2d7c5e7295ee2,2017-12-26 09:53:33,69.77,7.78
3b75fec4f1f6f22c7fd68becfadf57f9,1,2d857ab2a090c784ad9de4c8dedac0e8,afe0067131b73e40875c9b6c10bd2e21,2017-03-27 23:46:01,99.9,13.28
3b80f5f8f9c4664e52e228a8ce5752f9,1,bc055ae94989497c0d66bfa4263ccf61,8e6d7754bc7e0f22c96d255ebda59eba,2018-03-05 22:50:22,70.89,9.94
3b80f5f8f9c4664e52e228a8ce5752f9,2,bc055ae94989497c0d66bfa4263ccf61,8e6d7754bc7e0f22c96d255ebda59eba,2018-03-05 22:50:22,70.89,9.94
3b81c43a73c516855c1f690e280e3466,1,1169ec485506aa10f38d941275dfce4b,4830e40640734fc1c52cd21127c341d4,2018-04-09 17:10:23,75.0,8.88
3b8a3138cb95908731feea1a6e456ecc,1,d116d7f4aa44ed3793cce65c2aca77ba,0ea22c1cfbdc755f86b9b54b39c16043,2017-02-11 19:37:14,39.9,17.78
3b9dcb2d70c63a5eb59ebc066b9900ad,1,2856b9cb722cb91f23867a5345b6e0d5,45213867cefbf2cd4c6177e10216a951,2017-09-08 02:24:31,425.71,47.44
3ba1f632cf89a08caf9837999bf827ef,1,3f68d7ea8e04d4b3ffe99bbad06800d3,7a9c12e235c36247c3c81f50d6ea9cea,2017-05-09 10:31:33,164.98,25.64
3ba2a040080e83d936f7121ae9cc993d,1,63d6e7ab30f482382c9dfbbccae7da54,b2a6d334e2833acea353624840e25a0e,2017-11-06 00:49:08,68.7,9.34
3be081dab4d2bd03cca448a1e0befbd5,1,4a25d757ff72fad7534f478c90be77e6,92eb0f42c21942b6552362b9b114707d,2018-01-12 19:36:23,12.98,15.1
3be9883ba4ef261dc194228abc739d0c,1,6dab56beb5263f0d554cae5c55809208,f4aba7c0bca51484c30ab7bdc34bcdd1,2017-01-26 20:54:11,26.8,14.52
3bf55ff583973c0c06914babcbb30891,1,d3a10b49783a6ba7ea46526fc79aea91,2a84855fd20af891be03bc5924d2b453,2018-01-19 20:50:45,338.9,21.86
3c179a72f1d2d9c87b18d2a0fa99079f,1,31a2f42a87890f87d77daebdfabc182e,4c03b9dd4c11ee2cb35c96c49efc9420,2017-06-30 18:15:15,149.0,18.29
3c1bdb3d635a802bc38ca0b87c14f2e5,1,173e9fe34bfe97f3a5e6dc57fe897b74,ba143b05f0110f0dc71ad71b4466ce92,2018-05-25 16:58:29,57.89,11.15
3c1ceafa085d9c28c784b0ad99895a6e,1,7da9810448a8f92f73339d58b1dd73a9,2138ccb85b11a4ec1e37afbd1c8eda1f,2017-04-04 02:22:33,18.99,24.84
3c1ceafa085d9c28c784b0ad99895a6e,2,ef7de0bbb0e0b0110c270e9381719761,2138ccb85b11a4ec1e37afbd1c8eda1f,2017-04-04 02:22:33,18.99,24.84
3c21b0106dae1dae82f648a22f94a98c,1,8e6530e49c89cea1759a5876a193a777,04e38a233f726ef161074ab1c9b0399a,2017-10-17 17:46:32,19.9,15.11
3c224717f735680c865cdb827b6c81bd,1,dca18a6e2fb6da75092ed874094ed7b6,5656537e588803a555b8eb41f07a944b,2017-06-07 14:05:14,31.89,16.79
3c23f03a52f26c926ec48ffa9bdd82f1,1,f422d0d9f8b5f7c27289382b14b61248,1554a68530182680ad5c8b042c3ab563,2017-06-16 03:50:19,66.99,14.2
3c2ce68a8ae197f1c0761e0e49486673,1,ec2d43cc59763ec91694573b31f1c29a,1c129092bf23f28a5930387c980c0dfc,2018-06-06 03:31:12,47.9,15.23
3c3d88787b28904377716a09b10fb0e4,1,7d8f983b213d00e33e83aeabe1ecea40,ea67327e24487bdfac5fbfa37ea124df,2018-08-06 22:24:14,129.99,21.55
3c5261ee6c155b81e82cb5cdc60b045f,1,0eda6e310c91549299a2f97d0354f7fb,57e632711dec9ec14ca7546769483e7e,2017-07-19 20:04:18,104.0,15.48
3c557fef5b5d9315a99f7442ef013a8e,1,ba9a847a2c023953743ba9e5ef6c88c6,9674754b5a0cb32b638cec001178f799,2018-02-21 02:55:52,40.14,9.34
3c55e82098814e81a8a9314b9ebd0be4,1,af2808733a159ce5dfb2db7ec510f8d4,688756f717c462a206ad854c5027a64a,2018-06-05 19:50:48,16.0,12.79
3c9bb68264b21d0acea375d7ea752fef,1,1cc61b32763a4d816212b3507b6b6c59,527801b552d0077ffd170872eb49683b,2018-04-18 22:29:57,524.9,26.25
3ca6693c62bcb94cf84a1c9f89191483,1,f3c5707e7c539ab6533e3611da02b648,d1c281d3ae149232351cd8c8cc885f0d,2017-07-14 14:50:18,160.99,43.54
3cb894b9d2fb0fa0ba040e556b246c07,1,35557c68a22ecebcf066e25ca2ddc144,f8db351d8c4c4c22c6835c19a46f01b0,2017-08-30 03:05:42,16.9,15.1
3cf8df3f88d9f6f82a04ecd4028c6dce,1,9da6fbcdb4cc9d08de3c70331ea19a5f,0c8380b62e38e8a1e6adbeba7eb9688c,2017-03-02 11:22:12,109.9,14.54
3d0e84aa6695f156f958a00ca2a2745b,1,40e8b425d1a26e2d9cb77363523e05ce,d93919c944be9cff128f6c9cb899eacb,2018-01-30 21:39:24,79.9,29.6
3d124284515fa7130862f5500fd95c2a,1,2fea0f2cec6b6324a277d4a61c2ed2c6,beadbee30901a7f61d031b6b686095ad,2018-06-21 08:19:31,35.0,7.51
3d27905aa7b2ee7fc7bac918f949ea18,1,a8d952e8e5436a6fe36d24c402d100de,ea8482cd71df3c1969d7b9473ff13abc,2017-12-12 22:58:31,21.99,7.78
3d5857f4fdb1061d247dea2544782580,1,2b6726ab177dc4ec000e5fcfc6926cf2,e7df4cd29ab5abab70fb0783ddb53987,2017-10-31 15:14:19,339.0,10.57
3d6024a65d547d75ce7c38da01993565,1,7ca389d3eaebd21435892c359851ffa7,a416b6a846a11724393025641d4edd5e,2018-06-06 18:51:21,56.0,11.15
3d6b0a5241a441368d12c56b313c6f70,1,d0fac709247e97e9b44a5351891ef9f3,7178f9f4dd81dcef02f62acdf8151e01,2017-06-28 03:03:38,44.9,16.11
3d8add25381cd597c33ad196fda3c36f,1,4678fb24818cab9ec956d9b610435d9f,138dbe45fc62f1e244378131a6801526,2018-05-23 03:31:08,6.9,18.23
3da7fcd2d00d6f81453fba8a93e079c5,1,2b4609f8948be18874494203496bc318,cc419e0650a3c5ba77189a1882b7556a,2018-04-06 13:54:10,79.99,8.91
3dce4634061e7ca468efb0460a7a37f2,1,4eeb3431ff29b8867d4f7b817c298a81,4e922959ae960d389249c378d1c939f5,2017-11-22 02:56:10,89.9,8.37
3dd755153da335084e4f2ae10c077b5e,1,0cf41187284d7f099adc8415a743ebbd,bbad7e518d7af88a0897397ffdca1979,2018-05-16 00:30:58,35.9,13.71
3dd755153da335084e4f2ae10c077b5e,2,0cf41187284d7f099adc8415a743ebbd,bbad7e518d7af88a0897397ffdca1979,2018-05-16 00:30:58,35.9,13.71
3dfbb4a1925fb940c975dc4c5855a7d2,1,e8ca1ff2d0a28edb5be8bfbf2964dc3a,6b536a23086fba0d58c08d68814397f6,2017-10-31 15:14:35,49.0,15.11
3e0ff86919e2e005d7f1d59015edb415,1,54d9ac713e253fa1fae9c8003b011c2a,955fee9216a65b617aa5c0531780ce60,2018-03-30 00:48:31,35.0,12.43
3e290444f5680a0f8a95b7d87980a358,1,fde90f06296b26995fd0de6f16610d70,d1c7fa84e48cfa21a0e595167c1c500e,2018-04-19 20:55:36,38.4,22.93
3e30da31e3bf405f3a0b771a7d935322,1,3dd2a17168ec895c781a9191c1e95ad7,de722cd6dad950a92b7d4f82673f8833,2018-02-01 17:03:37,149.9,18.62
3e4875148a652a619d8615653b4c8e3c,1,111110604c6d3718f07e26dbff3d46bc,9674754b5a0cb32b638cec001178f799,2017-11-30 15:15:01,76.9,9.35
3e5e7b5fa03b93333f27d876d4026ec3,1,84f456958365164420cfc80fbe4c7fab,4a3ca9315b744ce9f8e9374361493884,2018-08-02 23:55:18,84.9,14.9
3e6378294bcb6ea2ff0ff1eb3ba7388f,1,3a2c32450609ca9f17e919385cc2c943,391fc6631aebcf3004804e51b40bcf1e,2018-05-22 16:30:22,184.1,15.38
3e67a858c3fcd6a3929e94f287d9772d,1,35ffbac108d291eae9a8df90f92f6fad,d91fb3b7d041e83b64a00a3edfb37e4f,2018-03-23 12:10:27,55.5,11.86
3e6c77a5839517805ed2f8f80e7d9054,1,a3b994a761e7a3ef4b527ac7f1057e9c,3c7c4a49ec3c6550809089c6a2ca9370,2018-06-14 21:55:04,13.99,7.39
3e8ef04f228ea2e33b19ff30e0e61f38,1,6fb9118651534879ecb3654b56a48a4c,d9a84e1403de8da0c3aa531d6d108ba6,2018-08-28 17:04:13,11.9,15.73
3e8ef04f228ea2e33b19ff30e0e61f38,2,44b6fc0101a9341e43ad3342a51ef75b,5ef131ac72773e5b3f6c0d63cf424657,2018-08-28 17:04:13,65.0,15.73
3e92efabf5eaa46e4ab7f20a10864785,1,854289563c41e83bc59072f5b61fdece,7e93a43ef30c4f03f38b393420bc753a,2017-04-20 15:50:14,177.76,11.85
3ec8d477ad3b18290ba325fecaf053f3,1,76b7fa5da50b22fe17d1e7bbde661106,2a261b5b644fa05f4f2700eb93544f2c,2018-03-09 09:48:27,45.0,13.37
3ed46d0aeda8a091370db112656e55cc,1,94a6c010ef78e62cab34c6caf0a69b5f,080102cd0a76b09e0dcf55fcacc60e05,2018-08-21 03:29:48,17.9,7.71
3ee6694bb99d5a6db0deceffcd099597,1,3ab4b1931a4bb6cbef302ea76254e850,1da3aeb70d7989d1e6d9b0e887f97c23,2017-07-13 12:25:07,25.99,15.14
3ee6694bb99d5a6db0deceffcd099597,2,d2f5484cbffe4ca766301b21ab9246dd,36a968b544695394e4e9d7572688598f,2017-07-13 12:25:07,12.88,0.91
3eff3be449eaedf0e5b56e9a7d35bb82,1,cc60892b5adc06df9d5cc4531fc06df6,4221a7df464f1fe2955934e30ff3a5a1,2018-07-19 19:55:20,169.9,39.46
3f0f3c811e704a2423f25301eaedf047,1,7fab1a1472fdd934397068931f63f3ca,3d871de0142ce09b7081e2b9d1733cb1,2017-08-17 11:55:21,69.9,11.99
3f1e0bf4672b0acb6072aa40b0f99cfc,1,e0cf79767c5b016251fe139915c59a26,da8622b14eb17ae2831f4ac5b9dab84a,2018-03-27 02:56:12,29.9,16.95
3f330c606a285a5bd1cf10b860dd6302,1,5f504b3a1c75b73d6151be81eb05bdc9,834f3294fba9f932f56edc879193f925,2017-09-28 17:45:23,610.0,37.54
3f5021a01daf8329b31882a467b8da0e,1,9ac1378f05cd222b3fb34a3cccc626c7,f46490624488d3ff7ce78613913a7711,2018-08-07 19:31:25,39.9,22.56
3f5a1c29c5881cc9902ed702efbdde45,1,05b4647d7e40f280dc06e3d69deaba21,272f092de69afedd4d2969440b37f18f,2017-09-14 19:23:25,35.0,7.78
3f5a1c29c5881cc9902ed702efbdde45,2,05b4647d7e40f280dc06e3d69deaba21,272f092de69afedd4d2969440b37f18f,2017-09-14 19:23:25,35.0,7.78
3f5a1c29c5881cc9902ed702efbdde45,3,05b4647d7e40f280dc06e3d69deaba21,272f092de69afedd4d2969440b37f18f,2017-09-14 19:23:25,35.0,7.78
3f5a1c29c5881cc9902ed702efbdde45,4,05b4647d7e40f280dc06e3d69deaba21,272f092de69afedd4d2969440b37f18f,2017-09-14 19:23:25,35.0,7.78
3f5a1c29c5881cc9902ed702efbdde45,5,05b4647d7e40f280dc06e3d69deaba21,272f092de69afedd4d2969440b37f18f,2017-09-14 19:23:25,35.0,7.78
3f75656d4a9d4b3e18204bae2bd96925,1,2136c70bbe723d338fab53da3c03e6dc,6560211a19b47992c3666cc44a7e94c0,2018-08-07 10:25:14,29.0,7.46
3faf126d8a3b0684272791cd3c6cf3fe,1,e4d325bd1eea550509bdbbc5c3301fc1,7178f9f4dd81dcef02f62acdf8151e01,2018-03-06 14:28:09,349.9,18.21
3ff220e93d03aad9bb6767d90ac0e846,1,6ed0ed10d62b45f3de46933b0b2989a6,c6bda72e4dbf5c5866b13cb1810c6d03,2018-01-18 22:59:24,109.9,17.02
3ffb5839790306f5e88e8319508dae29,1,5d790355cbeded0cd60e25cbc4c527a2,229c3efbfb0ea2058de4ccdfbc3d784a,2017-05-25 15:42:49,97.0,9.55
3ffb5839790306f5e88e8319508dae29,2,5fc3e6a4b52b0c414458104ed4037f1c,229c3efbfb0ea2058de4ccdfbc3d784a,2017-05-25 15:42:49,89.0,18.31
3ffb5839790306f5e88e8319508dae29,3,5fc3e6a4b52b0c414458104ed4037f1c,229c3efbfb0ea2058de4ccdfbc3d784a,2017-05-25 15:42:49,89.0,18.31
4034b68eda61d53e7c3b417c10e8b252,1,c06b0271681be1b35ce57c3fc66a9e53,4a3ccda38b2129705f3fb522db62ca31,2018-08-15 09:35:18,155.9,19.19
405b7a0bffb459dbc7646665024a2665,1,928e52a9ad53a294fdcc91bcf59d1751,955fee9216a65b617aa5c0531780ce60,2018-08-06 21:55:21,180.0,43.54
40674b7f0ee237bb07702a45f2bd7d9b,1,36826c711e5778c8d88a7311cc29c446,2d50d6282f8aa2257819a77bfaa0efe0,2018-06-27 10:22:45,129.0,23.7
4069c489933782af79afcd3a0e4d693c,1,601a360bd2a916ecef0e88de72a6531a,7a67c85e85bb2ce8582c35f2203ad736,2017-07-06 21:25:15,129.99,17.16
406de5462666366ba69ee8d333eafc31,1,cb26d15d1b6eabaac7c0803774245884,ccb83a794700270fde70898fe9ff368b,2017-08-10 13:25:19,899.0,132.15
40753325f836f577dd8bab3f0e5807e6,1,f30f863c9a7488715d627cab44ffbd4e,c3cfdc648177fdbbbb35635a37472c53,2018-08-20 20:49:42,139.9,19.08
40789dad22231468ebb1cc58cc892d6b,1,aede48631330269f65a8d680de491657,dbc22125167c298ef99da25668e1011f,2017-10-12 23:14:25,83.9,14.32
408e91bfedadd9e3a02ea46af7e6cb4e,1,07691def223b4568e8ecb5a5b30574b1,b76dba6c951ab00dc4edf0a1aa88037e,2017-08-09 02:50:47,12.97,7.78
409d692c7314744b643ae98e8a11e1b5,1,d6061ffaf719f75dd074a637c535b644,9add47bf45ce8e8c7db6b9cf670b1e09,2018-08-21 03:05:23,89.9,20.58
40b0e6507607e122ac052bf9426dba12,1,bd69e6d599b9a3d9c298617c14e46f9f,1900267e848ceeba8fa32d80c1a5f5a8,2018-01-19 16:30:35,80.0,16.32
40b1c90528443b00c5f0e9b35471aab0,1,a62e25e09e05e6faf31d90c6ec1aa3d1,634964b17796e64304cadf1ad3050fb7,2017-12-07 09:30:37,108.0,15.52
40b8e198f9be930c141b807fe417dd07,1,757e8df3e7c5c52482db573f5f368e1d,522620dcb18a6b31cd7bdf73665113a9,2018-02-07 20:14:04,79.0,34.35
40d9b709b3b6a77fcd309165705f58d7,1,4298b7e67dc399c200662b569563a2b2,88460e8ebdecbfecb5f9601833981930,2018-08-07 16:25:28,119.5,22.77
40dabf508156f3a0348eb2a656562b99,1,3f14d740544f37ece8a9e7bc8349797e,f457c46070d02cadd8a68551231220dd,2018-02-27 15:48:55,84.9,12.72
40df8c3397a83c958da60d5ad1e1eb85,1,1341fe21db99218918b57ca553968a50,0ad80de75c811326389cfb1daba7d45e,2017-12-06 23:17:09,229.9,22.1
40ef667b4259d5f521a0fd1a093d0415,1,4535b0e1091c278dfd193e5a1d63b39f,ba143b05f0110f0dc71ad71b4466ce92,2018-07-17 04:06:09,53.99,9.13
40f74de53615f2e4d81c384c983b74e6,1,a03e401d58a45187271718c5d7610422,4bfc7a4a1cf8d4d2121c27422d9e50b5,2018-05-08 12:14:33,285.0,28.85
4119f9ae0b1ceaaa966616d6a3ba616b,1,e0cf79767c5b016251fe139915c59a26,da8622b14eb17ae2831f4ac5b9dab84a,2018-08-03 06:35:17,29.9,7.47
414643c3ed26cd6d93ac777a102a3ac0,1,196a8ebab62f48072dc189014d46a8d3,76d5af76d0271110f9af36c92573f765,2018-02-15 00:30:35,12.1,7.78
414fe5cf5ccc8afed3c265aede6cc37d,1,3f26ccc2d547ea9b11e5ef9673fb40dc,2138ccb85b11a4ec1e37afbd1c8eda1f,2018-01-16 19:50:26,48.99,17.0
415056cb7470ad427166fe14005a772a,1,563ca93c70b8dbcd7c3738b349a033b1,fffd5413c0700ac820c7069d66d98c89,2018-05-09 16:16:54,39.8,19.32
4152a677b7acfa7fdab8dc8e1dd436eb,1,0dcbc0d012d42719216ea7dff6b90a6f,46dc3b2cc0980fb8ec44634e21d2718e,2017-01-28 19:39:42,199.99,16.16
4174ab02f93138dbcae799299d390233,1,628677036f276f6c0792cded8e9211ee,b56828a9f9027f3c918c04ca720d9e3c,2018-05-09 12:30:34,120.0,22.2
4183d7a336883150da3c52cfae5688f7,1,b9b5b714e7321b73a1fea73395873dbb,710e3548e02bc1d2831dfc4f1b5b14d4,2017-11-30 02:31:41,140.99,14.72
418b064f8c759c498dff85001d3428f7,1,eb54d6afabdf1f96c248b81dec8f180f,7299e27ed73d2ad986de7f7c77d919fa,2018-06-13 09:31:12,149.99,18.93
4196c75071e7c2d5ca1fb521e2dc75a2,1,b59b5899ecf4bcc294a72fdd48adaa94,ea8482cd71df3c1969d7b9473ff13abc,2018-04-27 08:31:48,29.98,15.23
41a1702de429a9f03364932da1ff1986,1,1f9c7cb810e038f7414d60d43bc97d18,0ff83046c3fa22efee8ecf291888b191,2018-02-08 18:29:42,69.9,19.73
41bc5a3d34a8e4ef91b2e7d9500694cf,1,b28c74943399164661bb5350e482ae98,25e47381a6c510ddeb36084e33b89f0c,2017-07-04 17:43:32,74.9,19.76
41d0cc817d720d7f3860716b335a3cb7,1,ebb12274522d82caa7dca657873b2ad7,fffd5413c0700ac820c7069d66d98c89,2018-08-08 01:04:35,99.8,32.09
41dc608dc9ebdb998dc9b63c57eca204,1,dcfe76be1e1036cb99e5d8bdc2a1b1c9,d05ae8f7a5bd1d2a690a44cd079e4e27,2017-11-08 15:26:15,290.0,9.44
41e296c991263f9ade5507299e38fe72,1,1347d4320dcd0acd750e37bb3d94a918,ffeee66ac5d5a62fe688b9d26f83f534,2017-11-30 03:58:34,129.99,20.88
41f04a2247a093f05ada3970a34a2b9a,1,977aa4ebf84b0eac12c39f9d3d8333cb,bf100ecb7997df312b285358fb32f92c,2018-02-08 20:56:12,29.9,15.1
4211e9c52967c6118ba50e4efde875a5,1,11fb16e86df4d50cd2c289ede0b70f42,1eade46fba20122dc4aefb379f8c636b,2018-01-31 11:53:08,14.99,7.78
4211e9c52967c6118ba50e4efde875a5,2,11fb16e86df4d50cd2c289ede0b70f42,1eade46fba20122dc4aefb379f8c636b,2018-01-31 11:53:08,14.99,7.78
4211e9c52967c6118ba50e4efde875a5,3,11fb16e86df4d50cd2c289ede0b70f42,1eade46fba20122dc4aefb379f8c636b,2018-01-31 11:53:08,14.99,7.78
422dc200156c43d69ba21c16beffd57e,1,d1c427060a0f73f6b889a5c7c61f2ac4,a1043bafd471dff536d0c462352beb48,2018-04-12 13:10:19,119.0,61.22
423e3739c511dd6b0752a064f9f20527,1,85df056390074964b49be3a497aabd9a,741f8c587cb4248ebc5b779a0e8e0e51,2018-07-19 20:20:04,14.99,7.39
424e1ceb3de9ad0df2ae67ce62d75bce,1,f1a7551730e920950fb0346630971099,440dd6ab244315c632130ecfb63827b1,2017-03-17 09:40:32,189.5,19.61
425de35c38a6fbe5030783d1ebf2b93f,1,3aa3fb2fdb16c7383879e48a574fc8ab,31344c16881c08a8a72c6d2eb29918c1,2017-08-31 20:00:15,219.9,58.21
42889cba53a791dfa45f24d62019a521,1,fd424396761d9e1609c5516b7d8ce17b,8581055ce74af1daba164fdbd55a40de,2017-12-05 19:17:05,76.38,21.02
42889cba53a791dfa45f24d62019a521,2,fd424396761d9e1609c5516b7d8ce17b,8581055ce74af1daba164fdbd55a40de,2017-12-05 19:17:05,76.38,21.02
4289c523d9d7daf854afd779579d63dc,1,995e25d9b46dee183004994645768d95,955fee9216a65b617aa5c0531780ce60,2018-07-26 15:55:18,39.0,18.37
4295876088eaa108fede7b0b77109ed3,1,89e4362d74afa10ac57f8d67210132a6,dbc22125167c298ef99da25668e1011f,2018-08-08 21:45:17,96.8,14.98
4296801e936343a5f6a38e29143c0f88,1,67fe44191fffe358dc237a228fe96430,82e0a475a88cc9595229d8029273f045,2017-11-13 08:50:26,75.9,15.28
42a1ac4cb7d28070b0c76e92bac2e087,1,6413f7a28e149a324c4a914000399fb2,7a67c85e85bb2ce8582c35f2203ad736,2018-04-10 17:50:26,131.99,21.85
42a64eac09d0a6be5a307753093d45e8,1,e2c3ed9aaddfd2312a6a5fe9b3ddadd3,46dc3b2cc0980fb8ec44634e21d2718e,2017-10-31 09:06:11,99.99,12.15
42ac49d6394099d7c2a5d2d7fd813bd8,1,c915ddfdd3e9d773e0939691e85f1d38,6d803cb79cc31c41c4c789a75933b3c7,2018-03-26 08:55:56,59.9,13.78
42b71d23c4c47ac0364517ab0ada92c3,1,94475071013412139f862c0bd7e3bb37,955fee9216a65b617aa5c0531780ce60,2018-07-13 03:30:13,42.0,8.45
42c2b836618db2b955ea569011464e97,1,f34152d311875e9da480bd51f495155d,85d9eb9ddc5d00ca9336a2219c97bb13,2018-06-14 17:37:05,38.9,7.71
42dd28e31692200f58f7ab447d6c8eae,1,e766d04f4dd2f3b88523f2f67ab80e2d,77530e9772f57a62c906e1c21538ab82,2017-12-03 22:30:40,119.0,17.08
42df71f66e653cbe9e87913834e59873,1,9ac1378f05cd222b3fb34a3cccc626c7,f46490624488d3ff7ce78613913a7711,2018-07-02 04:59:09,31.9,18.37
430cd6b6d3066421a8bc48ce72541ba3,1,1a758361b1c10b3ffe3d3373332de319,8d956fec2e4337affcb520f56fd8cbfd,2018-07-03 15:29:53,46.99,12.99
4319e802aaabad931ad3a44bd949720d,1,680d5104ebbd8f3cb6a209864ab8891f,6d22a1fcebb6dd08c9cd90b92a93e8d0,2017-11-23 09:30:24,30.9,16.79
431f71d848d8dc0ee88bdd5ab9697865,1,df7dd741f55a686edccf22700954e1d5,6d66611d7c44cc30ce351abc49a68421,2018-01-26 14:03:06,99.9,11.94
431f71d848d8dc0ee88bdd5ab9697865,2,1af8902c3a99c03308ce1a8d05dc7d52,6d66611d7c44cc30ce351abc49a68421,2018-01-26 14:03:06,108.9,11.93
434455c454a49013064dfa54585892fc,1,e68a5a5626c4b1bfc5ca78202f898300,7a67c85e85bb2ce8582c35f2203ad736,2018-04-03 08:15:19,209.99,25.62
43787011f63fb232ab281d68142f504f,1,3963a38599692e337822f032da892d5e,213b25e6f54661939f11710a6fddb871,2018-08-17 18:50:18,59.95,9.17
4380c4ed9da2c69163359909e4e1510e,1,3dd2a17168ec895c781a9191c1e95ad7,de722cd6dad950a92b7d4f82673f8833,2018-01-25 13:53:57,149.9,23.37
4381a33db9b7771fc9ace541e507972e,1,fb7a100ec8c7b34f60cec22b1a9a10e0,d98eec89afa3380e14463da2aabaea72,2017-11-14 14:35:31,49.99,17.63
43a23a9a05a87ff4d46b5b18829fe9ae,1,3d9b170c9004474584d9bfed012351fa,3076499bbc033a927bf4a8a41bcf7fd4,2018-06-18 04:57:10,46.84,13.71
43af6866590ab60c4848da9f146fba99,1,a6c23736e4df6d6659ccc0c2e26954bb,f35becee938e982bd615edf8ef12bcfb,2017-04-27 11:10:17,19.9,14.52
43c564b825003473af9a68138631d388,1,a4fe640db0a85c68b24bf813604c6b78,6e0908ef4d4efadbc3cc2b74ea477cb0,2017-08-14 13:03:44,75.35,12.53
43c6a6a7096ab15a3baa2438ce460cfc,1,db34e1e6f14cc3755d9149fe8a1de9fd,850f4f8af5ea87287ac68de36e29107f,2017-08-21 03:32:41,499.9,19.75
43ed2e201f59c4d2f7778d8e8c526fae,1,e939d1e099a84143323ac0e7e90992de,46dc3b2cc0980fb8ec44634e21d2718e,2017-06-02 18:45:24,169.99,15.95
43f65aac05e035a88e4479f89cf12ea5,1,a8b0dd2c57b49b649373ff5a495a697e,8e8a7ce9f2f970dc00e2acf6f6e199f6,2018-07-31 02:15:21,135.0,16.05
4409c188d231bae1d6cf351748ebdd4e,1,d2347fba1e60ea51f533960fc555baff,b499c00f28f4b7069ff6550af8c1348a,2018-04-26 07:11:17,44.99,8.82
4420cbe16c262f724b648cd1294c88b6,1,202d7062d09aa564dfd5aaa1aac775b6,82e0a475a88cc9595229d8029273f045,2017-04-03 03:51:24,295.0,29.2
4420cbe16c262f724b648cd1294c88b6,2,527b0d563a8729f44d5ffb437100931f,82bd0703a4aefd6b599e5bfdaed378fb,2017-04-03 03:51:24,79.0,3.84
442651ec03ad04b3ba5cd034cc8853c8,1,ff5d7f21d255435967dfbe72b5dcdb57,70a12e78e608ac31179aea7f8422044b,2017-10-13 15:07:14,39.0,15.1
443038d9ed6b74bc4f7bfa679ce81bf1,1,73bc42701d50d3c0673b38ea8fbe2e32,7c67e1448b00f6e969d365cea6b010ab,2018-03-08 21:35:34,229.99,66.42
44440fdd29ac17b06eb5c690b95d19ed,1,e0d64dcfaa3b6db5c54ca298ae101d05,4869f7a5dfa277a7dca6462dcf3b52b2,2017-06-19 02:55:39,185.0,12.79
444cac26abc4e08633d89fb741c242d8,1,8feb43a054893da80044ad0f693fd0ad,f3c38ab652836d21de61fb8314b69182,2018-05-24 08:36:37,49.0,15.23
44551b161630b0e90e73ed35fafb4268,1,ac9fba4745c7352cc4038631be412f70,86ccac0b835037332a596a33b6949ee1,2017-04-20 01:05:23,52.5,14.54
445cd794c7ff61866803ea314dabe645,1,e3f7b3cbb0ccf1f1e361e6974b22e346,1835b56ce799e6a4dc4eddc053f04066,2018-07-18 15:50:23,41.0,13.87
446c4ce86a1a5e91febd73e589af48be,1,a9008cd162e8e98ef1a087a797df2fd9,b347677812ea483b0f528eaf8cbc09b7,2018-05-28 19:57:30,139.0,18.55
4479256715e46f9c6ec0402a14889a5b,1,e8ca1ff2d0a28edb5be8bfbf2964dc3a,6b536a23086fba0d58c08d68814397f6,2018-04-19 02:15:35,49.0,23.28
44815cc7c0caea31d6002373f52bec23,1,6a0713a63e990052795623e76cc2995e,d2374cbcbb3ca4ab1086534108cc3ab7,2017-09-21 10:08:13,72.9,27.05
44a9994228432b835c3a4e720b6a41ab,1,20fbf8f8316bd76f105599ecc7e485f7,66922902710d126a0e7d26b0e3805106,2018-03-12 03:55:30,95.0,17.92
44aec9c2be37dd0f0b954562c94ccfec,1,210feb9ae3b060d29ec884aac60e5f10,7a67c85e85bb2ce8582c35f2203ad736,2017-10-02 14:37:48,149.99,18.3
450c38e2c35be1d12fb07ad8c2432ebd,1,6ca1597b8e5f2618c47b414b68094450,0691148aee60ca47977c187804f935ae,2018-02-09 20:29:48,160.78,16.89
4519eb4d4f31920150447454d2a0b560,1,fde71f25e699ca0a2a83a6c3a249b816,bc2ac6b95e1accce9858528ee566c17e,2017-08-25 19:25:17,61.0,9.34
45231e392a71d6e8a9081c85ec33aa15,1,d918b3f4aa5272c2c3cd088d087ca069,df56d7b40d437f88407c5f78b63bc328,2018-01-09 13:52:33,138.5,12.92
452a4cbe0a3c21aa7b7a93e9da67eaaa,1,98f45ca7c8c275409c14c93996fdeb07,c864036feaab8c1659f65ea4faebe1da,2018-01-19 15:16:40,229.9,9.19
454645a3375b0ecfa430922acc9dc990,1,218f5d32f520df3b8517cdd86da09466,44f091b5abab8018f682fce8124b85e5,2017-10-08 22:56:21,229.9,17.24
455283c5e3bdcef4ead05938fa665e79,1,16bf176650a888512655cc94f61860e3,6560211a19b47992c3666cc44a7e94c0,2018-05-22 19:50:32,39.0,7.39
455283c5e3bdcef4ead05938fa665e79,2,16bf176650a888512655cc94f61860e3,6560211a19b47992c3666cc44a7e94c0,2018-05-22 19:50:32,39.0,7.39
4561cf6b4b4f741552d9b994141419e4,1,a62e25e09e05e6faf31d90c6ec1aa3d1,634964b17796e64304cadf1ad3050fb7,2018-08-02 13:04:23,105.0,39.01
45740a308b5fc8b1b65daa77e9f6a8a7,1,aca2eb7d00ea1a7b8ebd4e68314663af,955fee9216a65b617aa5c0531780ce60,2018-01-12 20:12:24,69.9,16.12
4576179bf61955429e5ddf487e7dbad7,1,5ac31d4825e0f3d9077465c57d4cef3b,3c7c4a49ec3c6550809089c6a2ca9370,2017-11-26 22:27:29,99.9,15.45
457750fb17f45c74af0c5ffa002c294b,1,adb1f1939b613f3078806b6afcca0e51,4d6d651bd7684af3fffabd5f08d12e5a,2017-11-30 10:54:52,119.8,18.73
45a48df7b18435ce6e3c03ba6c6c2386,1,777d2e438a1b645f3aec9bd57e92672c,4a3ca9315b744ce9f8e9374361493884,2018-01-24 07:31:24,69.9,17.74
ae352cde9779081a0ca9020c7e276325,1,9ba9e0b736763a4badc2d630822c0a1c,729f06993dac8e860d4f02d7088ca48a,2018-03-05 03:48:00,500.0,149.71
ae6554cd477d704040e7a5ddb5a72886,1,3b60d513e90300a4e9833e5cda1f1d61,c826c40d7b19f62a09e2d7c5e7295ee2,2018-01-30 19:17:08,159.77,16.88
ae9e1b5ea01b4df2adbf3d1db769704e,1,5d80e2d738a30fcf851cbd5b4951374a,dde698c6d0bd24834c586e5111c2bba7,2018-08-06 02:10:08,155.9,19.19
aeb6c6dcbb894bc3055802e5a7c5d271,1,8def905dc2fc7ae5edb3637821a7652d,f8e2c1b59cd4225a3e4fd0d013a76b93,2018-01-10 02:27:25,40.0,11.85
aeb70ca14a984230b34a6cbf48fe6d8a,1,b744e6c9118fe1df001c94ef9a4d7ab5,68ca56ce86830f3d31b1b7ec6a54da3e,2018-07-30 09:05:11,46.99,21.56
aeb70ca14a984230b34a6cbf48fe6d8a,2,99c22bb8e56dda8aa0e021be31e8663d,e8dba4d70f7f2b20e775d09cae01142d,2018-07-30 09:05:11,93.99,21.56
aed8a6355c72e229dbe6db611871f210,1,99a4788cb24856965c36a24e339b6058,4a3ca9315b744ce9f8e9374361493884,2018-06-26 02:31:24,79.9,14.87
aeeb0a68040240daa8065187ca9d0770,1,13c1b4c5f9f4eb68afa4132342e73777,431af27f296bc6519d890aa5a05fdb11,2017-06-20 19:42:45,147.9,15.79
aef2bc3845eb581cecce74b769d46c6a,1,cbdb9bf611328898bd4b32a384506b3a,7c67e1448b00f6e969d365cea6b010ab,2017-10-03 22:50:12,99.98,21.35
aef2bc3845eb581cecce74b769d46c6a,2,cbdb9bf611328898bd4b32a384506b3a,7c67e1448b00f6e969d365cea6b010ab,2017-10-03 22:50:12,99.98,21.35
aef2bc3845eb581cecce74b769d46c6a,3,cbdb9bf611328898bd4b32a384506b3a,7c67e1448b00f6e969d365cea6b010ab,2017-10-03 22:50:12,99.98,21.35
aef2bc3845eb581cecce74b769d46c6a,4,cbdb9bf611328898bd4b32a384506b3a,7c67e1448b00f6e969d365cea6b010ab,2017-10-03 22:50:12,99.98,21.35
aef2bc3845eb581cecce74b769d46c6a,5,cbdb9bf611328898bd4b32a384506b3a,7c67e1448b00f6e969d365cea6b010ab,2017-10-03 22:50:12,99.98,21.35
aef2bc3845eb581cecce74b769d46c6a,6,cbdb9bf611328898bd4b32a384506b3a,7c67e1448b00f6e969d365cea6b010ab,2017-10-03 22:50:12,99.98,21.35
aeffea2c78ec9b15d6cd7478c9072c07,1,78efe838c04bbc568be034082200ac20,0241d4d5d36f10f80c644447315af0bd,2018-02-16 16:10:27,99.9,17.18
af1f8e604dd6e52d35dd93dd7c2b46da,1,1589d392201547c9b78a117c0e2191dd,1bb2bdb95f4841f1bba2c0d2cd83d3c9,2018-03-28 10:49:39,24.97,10.35
af1f8e604dd6e52d35dd93dd7c2b46da,2,d655dc03de9b831ed22639631ab2958f,1bb2bdb95f4841f1bba2c0d2cd83d3c9,2018-03-28 10:49:39,24.97,15.22
af392a2dadd37ee4dbdbe2dbdf4682f8,1,154e7e31ebfa092203795c972e5804a6,cc419e0650a3c5ba77189a1882b7556a,2017-12-27 17:31:52,23.99,14.1
af6abe9c52e60044f9a708a55cb9b189,1,9c5cec867c62c0ec4674b002eb1c3e0c,e882b2a25a10b9c057cc49695f222c19,2018-03-06 22:35:22,1054.0,64.05
af6e07a86cda553646ea0f7039453591,1,d2f2c2b94c6ac44ece0bd0dd202c7939,710e3548e02bc1d2831dfc4f1b5b14d4,2018-06-21 21:31:42,46.0,15.39
af7f16b96e01b9947638321949f672d5,1,82a61259a621866c4ba63743da29a342,4d6d651bd7684af3fffabd5f08d12e5a,2018-07-16 04:48:22,129.9,20.47
af8eabc10c9907fe66df1310db525200,1,46f739c1cd676603026c0af4d29ef7a5,198c7ea11960a9844b544d9bcdca860c,2017-03-08 22:35:17,139.99,25.72
af92012b9c9ebac7f18b1a219e2474fc,1,ace8fb267a4f76c58dad79d0171f6812,52ac6f920b7280e4c6d30dd94de6259b,2017-05-04 07:55:44,559.9,162.08
af9ce0d4f36308fcf461b3f497c24bcb,1,6a057a401eab3b3cb8083d9e42972233,e64d65bc8dbec2accda90c58de5d1246,2018-03-21 09:50:48,149.9,12.14
afc5e76e5cc169a08cec884d98173efb,1,386486367c1f9d4f587a8864ccb6902b,cca3071e3e9bb7d12640c9fbe2301306,2017-10-05 21:06:59,113.57,18.04
afc5e76e5cc169a08cec884d98173efb,2,386486367c1f9d4f587a8864ccb6902b,cca3071e3e9bb7d12640c9fbe2301306,2017-10-05 21:06:59,113.57,18.04
afc5e76e5cc169a08cec884d98173efb,3,386486367c1f9d4f587a8864ccb6902b,cca3071e3e9bb7d12640c9fbe2301306,2017-10-05 21:06:59,113.57,18.04
afd09879ff7489d300d0ebeab6348e35,1,154e7e31ebfa092203795c972e5804a6,cc419e0650a3c5ba77189a1882b7556a,2017-11-01 13:14:23,23.99,14.1
aff1be85595c5529e666a04a65b00c4b,1,aed75ad669fbebd5a385ac7cc2ae7573,17f51e7198701186712e53a39c564617,2018-08-01 08:35:15,550.0,267.08
b00122d54463704c33f4768470c6db03,1,69455f41626a745aea9ee9164cb9eafd,7e93a43ef30c4f03f38b393420bc753a,2018-01-10 16:50:29,299.99,19.67
b01c6ff869f5625618ca2aeed1f4daf3,1,273bed0cd59a0b2ca2a0ebe0bd84769f,c8b0e2b0a7095e5d8219575d5e7e1181,2017-12-14 16:10:16,86.99,16.37
b0220dd81253d8ca2c9dd8be8caf49b5,1,642a40d4d73b4b2604968937de13634a,d2374cbcbb3ca4ab1086534108cc3ab7,2017-04-13 02:16:14,12.9,16.05
b027e9d1b5a30853af2663e94f2e8a00,1,ae7d28dfad9876194f728695f1a51283,c70c1b0d8ca86052f45a432a38b73958,2018-08-17 08:50:06,110.32,18.87
b050c4789515afbf9494031e52fcb0ac,1,9bb8ca338e5588c361e34eae02e8fad6,620c87c171fb2a6dd6e8bb4dec959fc6,2017-12-05 23:58:24,59.9,17.67
b084a8f61aa45461c76604d752a993f8,1,9b9005cfa3747d9fa0d544fc9f994c14,a5bff0f43eb51f0cad7c37fac7244c8a,2017-05-18 02:50:16,89.0,15.37
b08e0b030ec3af9bc4ca51134a0bfced,1,17e7d9a179f3f2d61223252038276d35,dbc22125167c298ef99da25668e1011f,2017-06-27 02:30:14,49.9,17.92
b0928556a10706af462ca2ab2c91903b,1,59a5c66f3c04b01ccdb9362174f6ecdf,a56a8043ebf66e42119618fb8cf232c6,2018-08-08 22:35:17,83.0,23.73
b09d5d8070a14f3f95bbe313d671c57d,1,f7cb23f8a75e563a826b0121408db6a2,72bc2cce903c872fe376a8faaa81d237,2018-05-24 13:05:41,39.9,7.39
b0ab2270e1963a7e70de3b7b433bfc2a,1,74ae869eb82594d9cbe6e934cf143e0c,ea8482cd71df3c1969d7b9473ff13abc,2018-01-16 03:34:33,39.99,15.1
b0af6cb248a6887f0695f4565bda91bb,1,d4f91ac96799dc3d9221293e29892e30,afa6714acee029b2dfdf357e5579cc03,2018-08-06 11:31:13,119.99,20.03
b0c175f72fd1e5956743578c03b1785c,1,50556c630443502c11acde1c320fe278,620c87c171fb2a6dd6e8bb4dec959fc6,2018-03-26 16:55:51,129.9,18.79
b0cb5e1b222437d8ee177f463fbcf464,1,dabdc2874e4fc6d00d647f150317d29d,abcd2cb37d46c2c8fb1bf071c859fc5b,2018-01-29 13:01:30,39.8,15.79
b0cb5e1b222437d8ee177f463fbcf464,2,dabdc2874e4fc6d00d647f150317d29d,abcd2cb37d46c2c8fb1bf071c859fc5b,2018-01-29 13:01:30,39.8,15.79
b0fea5446bb8ef92a53f062f4851be03,1,569ffd16f8032478cbeb9800f2e94ba0,20cb7c2fde3e5bf10f0bbe7394e1c6a9,2017-12-18 21:11:37,16.9,15.1
b0ff49d6e778f78efe9eb70252a367d4,1,caf540627b7914ab734c86495fdc95ee,1025f0e2d44d7041d6cf58b6550e0bfa,2017-11-16 09:10:28,250.0,58.42
b10b53f757455227e8b972cb1faba733,1,7f70545e9d4c47a4e84278437672f03f,d91fb3b7d041e83b64a00a3edfb37e4f,2017-08-23 02:50:22,10.8,25.63
b1726f5f5eee97d8fea5de3919216920,1,e6d3e381889aa6e9d222ad50cb30ac43,c60b801f2d52c7f7f91de00870882a75,2018-03-08 00:56:56,220.0,9.74
b175558ffd938e94b83e3837637604fb,1,7a5d0e89d069c89b2112e9da539343c2,688756f717c462a206ad854c5027a64a,2018-07-04 17:11:53,119.0,13.13
b178d37bc8cf0346e18f4ebeff294dcc,1,685d230b37cfc4427f505662387c53e1,6ddc28b61be28373b4503a1f61cf98a9,2018-08-21 03:30:27,106.9,18.85
b1873e7f1c0220c132db2642ecf2bf1b,1,afdb06ebeca917512783bcbaa8ed28c0,112453736dbe3889cfb74e1aaa0ba0c1,2018-07-20 19:10:16,135.0,27.72
b1873e7f1c0220c132db2642ecf2bf1b,2,afdb06ebeca917512783bcbaa8ed28c0,112453736dbe3889cfb74e1aaa0ba0c1,2018-07-20 19:10:16,135.0,27.72
b1873e7f1c0220c132db2642ecf2bf1b,3,afdb06ebeca917512783bcbaa8ed28c0,112453736dbe3889cfb74e1aaa0ba0c1,2018-07-20 19:10:16,135.0,27.72
b18c7057bf0a8cf25032b7dc0a680796,1,c6a5b2b8610b3206be072c211b70ba69,3d871de0142ce09b7081e2b9d1733cb1,2017-10-01 22:29:18,79.0,17.8
b1927b1b40d5a2c5e0d49a6bb76fc273,1,f1c7f353075ce59d8a6f3cf58f419c9c,37be5a7c751166fbc5f8ccba4119e043,2017-08-01 18:30:13,205.0,26.27
b1ab9ab628993453ae0b068d4a8fcf78,1,7c3cbbd1a99a73b3dd683eb7c0570801,7a67c85e85bb2ce8582c35f2203ad736,2017-06-09 17:45:16,109.99,13.79
b1cc044d321053348a5e482ca7e6b2e3,1,a9516a079e37a9c9c36b9b78b10169e8,7c67e1448b00f6e969d365cea6b010ab,2018-02-13 19:54:04,106.99,38.59
b1efe5ab6f4610dc50fd9e55e4269b58,1,44a34214a57dc373dcd80f54c919d006,7008613ea464bad5cb9b83456e1e6a8f,2017-12-07 23:31:23,29.5,35.67
b1f632bf6d3b5bb0cb03cf91b8283c3a,1,b0961721fd839e9982420e807758a2a6,1f50f920176fa81dab994f9023523100,2017-09-20 03:04:45,59.9,17.67
b20f7bd5866f03037cbf0e8dceb92f8f,1,fa00124915804f23967ae06d7dfd5874,89bc797e2e29667aa035d4368f9b7f92,2017-02-20 13:13:43,39.9,10.96
b22331e9a36bc5d09bc4d29486765554,1,2b4609f8948be18874494203496bc318,cc419e0650a3c5ba77189a1882b7556a,2018-06-15 19:32:38,79.99,15.66
b23f0b276fa55094ad39dda33c542976,1,dd0dcee76f9c12fff4bc0eb641d57c7f,8b321bb669392f5163d04c59e235e066,2018-01-12 07:08:23,23.7,8.72
b268bc99a523c42dc0bfe0149cd1446f,1,1613b819ab5dae53aead2dbb4ebdb378,16090f2ca825584b5a147ab24aa30c86,2018-07-02 09:55:15,27.9,18.3
b27afd384fc03b22ea356feec6f95dbf,1,386703f26f328414fe118e10a5d92675,ea8482cd71df3c1969d7b9473ff13abc,2018-08-07 11:55:18,27.99,15.3
b27b73e4dc66dd3733d11cd49b3474be,1,5e3555ed62835dd67704d40a72678cfd,bbad7e518d7af88a0897397ffdca1979,2017-06-15 17:10:22,39.9,8.72
b27ffd98b450ba9120b7ebd8d6bb75db,1,e801441171ec3eaf3bbb86d6ba6fc9af,d650b663c3b5f6fb392b6326366efa9a,2018-07-06 12:31:49,389.0,9.98
c9c861f958460742bade4f8d297e4d6f,1,70615110b87b5e185d019c1968084752,0432ead42b6c8a0bdf68154add917fdf,2018-03-23 01:10:33,249.9,10.1
c9cdd7f64546202e53576e2997f112f4,1,5ed9eaf534f6936b51d0b6c5e4d5c2e9,8cbac7e12637ed9cffa18c7875207478,2018-05-23 14:31:16,25.0,14.58
c9d0365e799572906dd4a83e17d1b6e5,1,473795a355d29305c3ea6b156833adf5,620c87c171fb2a6dd6e8bb4dec959fc6,2017-02-02 23:24:19,59.9,18.0
c9dacb231adb8fe3a8d4d452aa10bfe1,1,e4f7023069a24c2297617d935f783a5c,9f505651f4a6abe901a56cdc21508025,2018-05-22 04:36:10,30.0,19.32
c9dff4871bed0bc5d4b917767a22d67d,1,09481a6dfe9eb590dc8b265b54dc4c97,88460e8ebdecbfecb5f9601833981930,2017-11-30 11:18:26,949.9,14.93
c9dff4871bed0bc5d4b917767a22d67d,2,fe59a1e006df3ac42bf0ceb876d70969,25c5c91f63607446a97b143d2d535d31,2017-11-30 11:18:26,700.9,74.66
c9facf1957d4cfd6bf178b54fff813f5,1,98d61056e0568ba048e5d78038790e77,8581055ce74af1daba164fdbd55a40de,2017-06-26 14:50:13,169.0,19.07
c9fe3cca849fd78e942704ee0078cedf,1,98ec655119c24de03b804696821f3955,620c87c171fb2a6dd6e8bb4dec959fc6,2018-05-07 02:30:54,49.9,7.87
ca057e5d6b72a0fc19eb40cd99c188c8,1,9e4a852f41aff52bafff133d9deb5eee,3d871de0142ce09b7081e2b9d1733cb1,2017-10-09 04:14:21,99.0,13.71
ca29d7cf8cb37d08e6a73c1128859290,1,4fbee589d3377144a90a338e4ae76dce,218d46b86c1881d022bce9c68a7d4b15,2018-01-18 15:31:39,33.0,16.11
ca29d7cf8cb37d08e6a73c1128859290,2,2dfbe6c95d43a6a29a0d56e5b9f528f2,218d46b86c1881d022bce9c68a7d4b15,2018-01-18 15:31:39,33.0,16.11
ca3625898fbd48669d50701aba51cd5f,1,1065e0ebef073787a7bf691924c60eeb,0b35c634521043bf4b47e21547b99ab5,2018-08-16 02:25:07,309.0,1.84
ca3625898fbd48669d50701aba51cd5f,2,0cf2faf9749f53924cea652a09d8e327,0b35c634521043bf4b47e21547b99ab5,2018-08-16 02:25:07,33.9,1.84
ca3625898fbd48669d50701aba51cd5f,3,0de59eddc63167215c972b0d785ffa7b,0b35c634521043bf4b47e21547b99ab5,2018-08-16 02:25:07,159.0,3.67
ca3625898fbd48669d50701aba51cd5f,4,0de59eddc63167215c972b0d785ffa7b,0b35c634521043bf4b47e21547b99ab5,2018-08-16 02:25:07,159.0,3.67
ca3625898fbd48669d50701aba51cd5f,5,5dae498eff2d80057f56122235a36aff,888faa8bfb0b159c37de6d898b961c31,2018-08-17 02:25:07,95.9,0.15
ca3625898fbd48669d50701aba51cd5f,6,4a5c3967bfd3629fe07ef4d0cc8c3818,0b35c634521043bf4b47e21547b99ab5,2018-08-16 02:25:07,109.9,0.15
ca3625898fbd48669d50701aba51cd5f,7,678c229b41c0e497d35a25a8be1cc631,888faa8bfb0b159c37de6d898b961c31,2018-08-17 02:25:07,95.9,0.15
ca3625898fbd48669d50701aba51cd5f,8,21b524c4c060169fa75ccf08c7da4627,0b35c634521043bf4b47e21547b99ab5,2018-08-16 02:25:07,63.7,0.15
ca3625898fbd48669d50701aba51cd5f,9,309dd69eb83cea38c51709d62befe1a4,0b35c634521043bf4b47e21547b99ab5,2018-08-16 02:25:07,56.0,3.68
ca3625898fbd48669d50701aba51cd5f,10,309dd69eb83cea38c51709d62befe1a4,0b35c634521043bf4b47e21547b99ab5,2018-08-16 02:25:07,56.0,3.68
ca3b58af42b9daa0734a85b70fefb260,1,b3e40ff639c185b9d726b4b19c17e6cd,7a67c85e85bb2ce8582c35f2203ad736,2018-02-13 02:10:21,229.99,34.06
ca45a839acb03f8e8b45dcc0a6d1c0c8,1,4fce0eab61e01d521044c8b071cdfead,0509040ea3fe50071181bbc359eb7738,2017-12-22 19:16:32,23.8,14.1
ca586f4a85ee254cc0b4e01e30809cb1,1,c3ba4e8d3cb30049213b682e751e9d00,6560211a19b47992c3666cc44a7e94c0,2017-06-11 22:10:22,95.0,15.42
ca8371fd938708a12fe7ddb1d5d7d14f,1,64d0feb1bcf9c7fe7b5dad3271c10910,e5a38146df062edaf55c38afa99e42dc,2018-02-21 23:15:43,89.18,15.38
ca912a872db02043825792fbae103921,1,09dbbe2c4f26cad4d560aea043f9632c,c6bda72e4dbf5c5866b13cb1810c6d03,2017-09-14 17:15:22,119.9,16.6
ca99d0db69566c10a85c187406e20b76,1,24d746a5965b583493871d11f75b1068,ce27a3cc3c8cc1ea79d11e561e9bebb6,2017-09-21 16:35:23,65.9,35.78
ca99d0db69566c10a85c187406e20b76,2,24d746a5965b583493871d11f75b1068,ce27a3cc3c8cc1ea79d11e561e9bebb6,2017-09-21 16:35:23,65.9,35.78
caac03dc57366d1423cbfe4bfcd8d18f,1,6a2961a3f5c85026ed1b3406a9ac27cd,3d871de0142ce09b7081e2b9d1733cb1,2018-01-10 23:28:24,79.0,13.57
caad52d4e709edbd81fa417ccc0179c0,1,cfbd9afef85eecef5aecf32844d2bc07,3d871de0142ce09b7081e2b9d1733cb1,2018-05-15 10:15:18,99.0,14.05
cab041d8d606d6c9d3165da578795340,1,abe135ae574a8969994de86975004972,63ffcb71394dd8ea3872ed9ffda17c74,2017-05-18 13:25:17,16.9,33.24
cabfe1219e952ead9a914adde40efc42,1,ff9fa77f938462abd16b53c0d934099f,c3cfdc648177fdbbbb35635a37472c53,2017-11-21 02:46:34,122.9,16.62
cac0cf69e6b636454b35048fac095f75,1,d285360f29ac7fd97640bf0baef03de0,7d13fca15225358621be4086e1eb0964,2018-05-15 07:15:22,278.0,38.64
cac7e309df39d1f200b8ca086c4ab624,1,404a57563d487aecbc2b1a01d9b89aab,4a3ca9315b744ce9f8e9374361493884,2017-05-26 14:05:16,220.0,13.04
cad74364289ac320e036ecf2a457c562,1,e7890707ac0e4e190a74aa46c92e2c94,6560211a19b47992c3666cc44a7e94c0,2017-11-13 22:10:35,59.0,14.16
cad95e56b8bc5ed2c10ee964ba21ac96,1,6debe62ce3828652a75c52d11bb012e7,f262cbc1c910c83959f849465454ddd3,2018-02-06 02:53:46,19.99,7.78
cb1ef5be56747ab6c5ef7271ecf4e12c,1,3be495aa2bea5ca3041d723c2db13209,abc015ebac1d283a323ca9db35ede4b9,2017-11-08 11:30:35,100.0,34.5
cb6098eb0d12d5a08efe1a8d977c78a5,1,7614c62b86a81021243e438cfde78ccc,900ba814c251a692506d7834c1218441,2017-12-06 10:31:12,503.34,27.83
cb668af8e8de760052440b117748f7e6,1,c429a719cac9a29bfb5749d8f9043dae,808d4348b916efa08e766ebad39f61eb,2018-07-25 02:55:31,69.9,17.42
cb71499c074fd6946adf7562f592ac25,1,da686d15de3ee88de081bd159b031e47,080102cd0a76b09e0dcf55fcacc60e05,2018-05-02 20:55:36,59.99,13.54
cba50ee7d72101bacb9accfaaf1d087d,1,e0148326fbd8d54b927f7000959751a4,5566627eab3fe93fd6ee08798226101a,2018-01-26 14:16:25,24.9,15.79
cbd4818fd2df9243a5f4698948f80bd0,1,4c2394abfbac7ff59ec7a420918562fa,cc419e0650a3c5ba77189a1882b7556a,2017-12-14 15:29:38,84.99,12.93
cbfe43d4a7e8df6def7f9247e1c6120e,1,c6bf8cc852eee5c4ab264e792a9c23a1,5dceca129747e92ff8ef7a997dc4f8ca,2017-07-10 04:25:19,14.0,13.37
cbfe43d4a7e8df6def7f9247e1c6120e,2,c6bf8cc852eee5c4ab264e792a9c23a1,5dceca129747e92ff8ef7a997dc4f8ca,2017-07-10 04:25:19,14.0,13.37
cc008d324278200689ee451a547b97c3,1,027cdd14a677a5834bc67a9789db5021,620c87c171fb2a6dd6e8bb4dec959fc6,2017-02-05 12:34:54,99.9,11.31
cc1fe613e2c3dce712d71a852ee6726f,1,9ee8c8a931dd4d34148aa31f54ee93c1,f8db351d8c4c4c22c6835c19a46f01b0,2017-05-29 15:23:06,129.9,18.16
cc2462dfe3164edb93bf14003c301c3a,1,27cef810f33a53a546e924bd77b07cb3,bfd27a966d91cfaafdb25d076585f0da,2018-02-01 08:10:41,169.0,16.94
cc2999bc678cab0949b90c4759d7a284,1,8d777214c45c704660310bdc5a2741ea,cca3071e3e9bb7d12640c9fbe2301306,2017-07-13 17:25:53,29.9,19.11
cc2999bc678cab0949b90c4759d7a284,2,728cfef9eca3d89054807d5c7e894e04,cca3071e3e9bb7d12640c9fbe2301306,2017-07-13 17:25:53,29.9,11.47
cc2999bc678cab0949b90c4759d7a284,3,d92239d375e7626174b8545ea884b504,b4ffb71f0cb1b1c3d63fad021ecf93e1,2017-07-13 17:25:53,14.95,18.35
cc2999bc678cab0949b90c4759d7a284,4,b89603272c5e7806893eb03712a0b937,cca3071e3e9bb7d12640c9fbe2301306,2017-07-13 17:25:53,29.9,11.47
cc3518a32accaeeca420bab0fedd0661,1,8d117b157de0b1a41b75de2833fd4f6e,7299e27ed73d2ad986de7f7c77d919fa,2018-01-10 03:31:44,44.99,25.63
cc38d740da287b3c64f4d1f3d4ee4f86,1,8a7bf523741f8c2bb93d0d6ed38c18d0,53e4c6e0f4312d4d2107a8c9cddf45cd,2018-07-24 11:30:16,32.0,23.02
cc6ff18551eb92a7b41171d26f847102,1,30ac6df06dc59ad72cf2f158fc2d904c,0dd184061fb0eaa7ca37932c68ab91c5,2018-01-22 03:36:25,94.0,21.5
cc9bbac0ab49464c551e527df59db18c,1,c92a761aaccfb831d4220d44648f260a,f8db351d8c4c4c22c6835c19a46f01b0,2018-08-03 13:04:33,24.9,18.27
ccb44718a5b5b8bde31b24e888d56d09,1,10714d6a49c0af9ccdab2d806887c5f5,9616352088dcf83a7c06637f4ebf1c80,2017-11-03 19:07:05,59.9,16.86
ccb6a32d73d67e9bc5000d01bf776b52,1,37e6d1846b84ed781ae3af2fd42c7469,d93919c944be9cff128f6c9cb899eacb,2018-02-08 02:54:24,79.9,18.45
ccce262c4b1775baab94c62c954014c8,1,b82b4d3344aef4d70bc9acfc8a5fe2de,4e922959ae960d389249c378d1c939f5,2018-03-28 23:28:13,91.0,8.93
ccce262c4b1775baab94c62c954014c8,2,b82b4d3344aef4d70bc9acfc8a5fe2de,4e922959ae960d389249c378d1c939f5,2018-03-28 23:28:13,91.0,8.93
ccce262c4b1775baab94c62c954014c8,3,b82b4d3344aef4d70bc9acfc8a5fe2de,4e922959ae960d389249c378d1c939f5,2018-03-28 23:28:13,91.0,8.93
ccd7d7de58c07e32a30717c6d7f5949d,1,a09fb9f597a4b8a13ab0c72d70c77081,6560211a19b47992c3666cc44a7e94c0,2017-10-10 03:04:08,88.0,17.06
cce1b8a1c5f8b1d224e19628299c8f54,1,f5d8f4fbc70ca2a0038b9a0010ed5cb0,48efc9d94a9834137efd9ea76b065a38,2017-01-09 13:33:45,10.9,8.72
ccf9f826a9a2889f396bc19425443c9c,1,606a5b6dec14661643801e2cbf308b04,9674754b5a0cb32b638cec001178f799,2018-02-06 17:30:26,57.9,9.34
ccfba4fa3ba74e9052582349a558b474,1,1613b819ab5dae53aead2dbb4ebdb378,16090f2ca825584b5a147ab24aa30c86,2018-08-14 03:05:15,29.99,7.47
cd1afe54001178b012be992f11234a8e,1,e50d5ff1ca7c56933a6f35de967fd2e1,46dc3b2cc0980fb8ec44634e21d2718e,2017-12-15 18:36:25,49.99,8.9
cd204f2c023b810c30b9d94d83549c84,1,3f14d740544f37ece8a9e7bc8349797e,00fc707aaaad2d31347cf883cd2dfe10,2018-03-16 03:55:46,85.0,17.03
cd25a7c65029c84ae2f9ff0e4b968d0e,1,08574b074924071f4e201e151b152b4e,001cca7ae9ae17fb1caed9dfb1094831,2017-11-13 14:15:21,99.0,41.08
cd3558a10d854487b4f907e9b326a4fc,1,fa23bf270fb9880690b07d09b9f9ff20,1b8356dabde1d35e17cef975c3f82730,2017-04-18 08:50:12,59.99,11.81
cd383d7a5f926abfe7b2ee1b80078b45,1,c62dee961914cc2e49239963b04258ec,38874e327ce94d11390b96eb42d61928,2017-02-13 22:05:38,699.99,80.69
cd49c5c6f772ac87200f116a7a5499e5,1,72a30483855e2eafc67aee5dc2560482,c3cfdc648177fdbbbb35635a37472c53,2017-03-15 02:51:06,99.0,17.43
cd61f9e20298dcb30d7e824cad10949b,1,a50acd33ba7a8da8e9db65094fa990a4,8581055ce74af1daba164fdbd55a40de,2017-10-18 18:56:13,117.3,21.66
cd62738b275de1aca104da8e9ee761a8,1,76d1a1a9d21ab677a61c3ae34b1b352f,c826c40d7b19f62a09e2d7c5e7295ee2,2017-11-22 12:30:41,259.77,10.01
cd69c22f5105b415669c70af74584c86,1,64dad5d113076a6e59a39108fcfe1385,ba5daa4041e1f15cdf34b76e3e18a450,2018-03-22 02:40:41,23.0,7.39
cd9b48fbcef64e5b838f5026ac43c776,1,d487d19bd9ea9420465fc556ce17ef4e,7ad32824caee82087b3e2e5f33b1bf32,2018-06-26 12:30:44,80.0,23.36
cd9fc86d944e6e7e6845deab57fdb8bc,1,422879e10f46682990de24d770e7f83d,1f50f920176fa81dab994f9023523100,2018-04-04 13:30:26,53.9,6.34
cd9fc86d944e6e7e6845deab57fdb8bc,2,ba92b5a0701d2f820ba6ca8f8c86294f,da8622b14eb17ae2831f4ac5b9dab84a,2018-04-04 13:30:26,249.9,26.95
cda07ad4f2f777317f2d6b2e3621a5cd,1,5a42f73d92034010a4e00360fb0df099,373ee4a3a775a733770ca3f790b8b9ac,2017-10-02 03:24:49,41.58,8.9
cda0a20d2df6b9c3f02aa5258c99af6f,1,081d21aa3dc9b583104a15fc4dfd1160,da8622b14eb17ae2831f4ac5b9dab84a,2017-12-06 21:30:21,144.9,21.5
cda39e972551602661cd5e8908ee82b5,1,1d7db62a21ffb4f220d3e8a05fa77e02,643214e62b870443ccbe55ab29a4dccf,2018-06-26 10:58:54,32.0,16.41
cdbbf42ba3892a989ca5b644ee43db7f,1,dbaee28f4ee64465838a229582d77520,ffc470761de7d0232558ba5e786e57b7,2018-08-07 11:04:21,54.0,19.29
cdbd981121b82988cdb4bc8229598984,1,70aa499facb0946dc40ff974166fd522,55f7a3319d80f7fdf078b8f03e6725fe,2018-07-30 04:25:23,129.49,22.21
cdc1504eb9521a2941c00363ee8288d2,1,94dfe961f86c1f33e5387b6c59201fc7,36a968b544695394e4e9d7572688598f,2017-09-22 02:55:57,224.9,16.32
cdc1ac6a94d34f438c153db4b7b5a691,1,55d139324dfb785b405ef1e11f119adc,6bb62a4912377c7bfe7cb17b406bc7e6,2018-08-08 15:04:43,98.69,19.88
cdc1ac6a94d34f438c153db4b7b5a691,2,55d139324dfb785b405ef1e11f119adc,6bb62a4912377c7bfe7cb17b406bc7e6,2018-08-08 15:04:43,98.69,19.88
cdf4b0d5611fbf52e84ea0dc45f5ba8e,1,d285360f29ac7fd97640bf0baef03de0,2eb70248d66e0e3ef83659f71b244378,2018-07-25 15:30:18,155.97,16.19
ce170c4c87651a4312275b8139e76fd0,1,8c5876b1c7768217964f353bc7e64393,0db783cfcd3b73998abc6e10e59a102f,2017-06-26 13:25:25,49.0,11.85
ce182b138eec89ddd69e9fca1c900aae,1,0cdaad368fc9c18b0e7c3328f79f341b,8fe8786ee000001ab51d030dfd4a7bf1,2018-06-06 03:15:18,439.0,22.8
ce19416583ee035a7a8097db2c53f98c,1,2de4aa76a72feaca51fc8f83ae037c7e,41b39e28db005d9731d9d485a83b4c38,2017-09-14 08:15:14,42.9,9.34
d2945e686c883978378a10e49be7fb24,1,c66d6e9a7e915171e7e3102f9afee78c,25e6ffe976bd75618accfe16cefcbd0d,2016-10-11 10:11:11,88.0,11.23
d2b37f806be7546de2ce1d2bbd5cacee,1,cac9e5692471a0700418aa3400b9b2b1,7ea5bfa6c340f58f8e71fc1f0412b0d6,2018-06-19 21:30:58,99.15,15.79
d2b5f540a6876d69b10bd2cd1edf4855,1,d9c2eaccfa617895e2720f212e592de1,c3867b4666c7d76867627c2f7fb22e21,2017-06-15 09:30:18,115.0,16.57
d2c021c9649e328e98f4b09574854cab,1,15b5c55e291cc54d93c46c9a3c9bb9b2,134a288e7de827ec5ec62e3ec9c3a295,2017-05-23 03:22:26,148.6,27.58
d2ce9688abb199cda1a106b293847827,1,e0cf79767c5b016251fe139915c59a26,da8622b14eb17ae2831f4ac5b9dab84a,2018-08-31 16:25:17,29.9,7.47
d2d2b46f15aac179d92c40438fb3a4e6,1,88e2fc6c65d64b3edbf2cade16ea82d9,53e4c6e0f4312d4d2107a8c9cddf45cd,2017-08-07 04:35:12,46.2,9.34
d2f270487125ddc41fd134c4003ad1d7,1,df676834e2a38e1bf267bd85a2dc8e3a,2bf6a2c1e71bbd29a4ad64e6d3c3629f,2018-06-11 19:50:18,2200.0,22.75
d2f270487125ddc41fd134c4003ad1d7,2,564a04f027fb97b53ca08464632db860,2bf6a2c1e71bbd29a4ad64e6d3c3629f,2018-06-11 19:50:18,2200.0,22.75
d2f6f1bd3f3261623c3a807d0945bbd9,1,777d2e438a1b645f3aec9bd57e92672c,4a3ca9315b744ce9f8e9374361493884,2017-07-12 17:23:42,69.9,11.99
d302035b23b53abf7dadc4b6a0b62547,1,3dd2a17168ec895c781a9191c1e95ad7,de722cd6dad950a92b7d4f82673f8833,2018-02-22 07:27:06,149.9,36.37
d30ebaf399ed0c5ec1cc71ed36c0dd68,1,97d1914c419fa8222dee93c465395aa4,52d76513f0c4d97f3b99570e2c94ee31,2018-03-29 17:15:30,339.9,24.09
d3123a8def350af103d31c2026666c25,1,10ee3576fcc55c71728a897eed8d2f95,f97e2b0650c2068227e1d366140eb62f,2018-09-04 18:15:16,33.0,23.03
d3221f47eb4afb028ea89bf72bdc8bc8,1,211f62173e6bd1cf140c0b05ecf78cbe,83e197e95a1bbabc8c75e883ed016c47,2017-05-09 15:22:47,139.9,13.56
d3397f49eba129958cca1d4ed73dba9a,1,3de88091a3ed3699a8e32f77898c6368,17a053fcb14bd219540cbde0df490be0,2017-10-09 04:05:09,211.9,33.09
d33a24a5ea67f8f5a06b0a32e53f3acf,1,dcd7a14115098925c83dd54daab99cbd,aba1721a889e04decc910aa13b768ef4,2017-05-23 04:10:25,63.0,15.19
d33aab7eec3e76dd7e074c6ff1121b6c,1,e282624d8c82e04983f125e167eb4521,2138ccb85b11a4ec1e37afbd1c8eda1f,2017-08-10 18:45:10,18.99,15.1
d347a4ddae83c0b8a9438522ecb7dfb6,1,6803077179d24889430188e03fafd31a,128639473a139ac0f3e5f5ade55873a5,2018-02-01 20:53:15,19.9,16.79
d3506e0ae259db768a156a6c229b7f81,1,b623b7cb05ee3248fbe4a6ecbeed79a4,7aa4334be125fcdd2ba64b3180029f14,2017-07-20 17:15:18,77.8,13.56
d35551f33906e01d035a5f40e1bd1732,1,d0b9d3d449a97f582b325f11b512bfd2,83e197e95a1bbabc8c75e883ed016c47,2017-03-20 12:30:17,124.9,19.15
d35551f33906e01d035a5f40e1bd1732,2,d0b9d3d449a97f582b325f11b512bfd2,83e197e95a1bbabc8c75e883ed016c47,2017-03-20 12:30:17,124.9,19.15
d35551f33906e01d035a5f40e1bd1732,3,d0b9d3d449a97f582b325f11b512bfd2,83e197e95a1bbabc8c75e883ed016c47,2017-03-20 12:30:17,124.9,19.15
d35551f33906e01d035a5f40e1bd1732,4,d0b9d3d449a97f582b325f11b512bfd2,83e197e95a1bbabc8c75e883ed016c47,2017-03-20 12:30:17,124.9,19.15
d398dcdebcb172e3625236bee43da9ec,1,928e52a9ad53a294fdcc91bcf59d1751,955fee9216a65b617aa5c0531780ce60,2018-06-17 21:15:20,130.0,18.49
d3a543aebcdb10da36e411d1b65a7493,1,387db3d5d5b6b826e84c8bf648f371e5,fa1c13f2614d7b5c4749cbc52fecda94,2018-05-24 13:18:17,189.0,8.19
d3a93984e59258e140f2bb4784be7bff,1,d070415dddac66bcbc0a2e4f253c0f81,712e6ed8aa4aa1fa65dab41fed5737e4,2018-05-16 13:51:56,299.0,55.76
d3b73e2ef2f6499b266d6ff81ac7efa6,1,12d03720e39cc210547b854d2132c2e3,0d85bbda9889ce1f7e63778d24f346eb,2017-07-10 18:45:19,219.9,24.41
d3cd9432f1869452249ac839d04a7964,1,f3088483fe1dfd4715e320d1b8324b88,7c5b05cbdb5542049f38d90d7815b97d,2018-05-11 17:56:57,21.99,18.23
d3fa993cd95accac6c3d0b7e51dffcda,1,1583253d78b23f7808214770298e0118,26785a546900236d66f2e4197c211158,2018-07-16 10:31:22,39.9,15.38
d3fd3af08566edbfdd903c8f2a2d8bef,1,bdb4be6ce2f7f2b5be0a16088028c7fc,955fee9216a65b617aa5c0531780ce60,2017-11-10 14:35:22,85.0,25.43
d41b4a82416b8d3138e5b941cb3fa1bc,1,fbce4c4cb307679d89a3bf3d3bb353b9,c33847515fa6305ce6feb1e818569f13,2018-05-16 07:09:45,129.0,34.44
d4295c2cfed0fb943b1354de24b47726,1,47cd48073d67f91f09cb5ef9496c920b,33a6f4b1e7cdc205511e76ba1b6e0186,2018-04-25 21:30:39,78.99,18.48
d43472e081e497455a0b707e249ce567,1,a4aa7c1427c31344e5f7cc3d839fe562,66922902710d126a0e7d26b0e3805106,2018-04-05 12:07:30,95.0,18.97
d43fdae293f477cfaa36000252f3973f,1,ee9ff7710c74eb0f453f711fe2fd8014,ba5daa4041e1f15cdf34b76e3e18a450,2018-05-10 09:10:21,44.9,17.06
d47a277ee3c0a6d83aac8548c06263cf,1,f1c7f353075ce59d8a6f3cf58f419c9c,37be5a7c751166fbc5f8ccba4119e043,2017-09-25 02:50:15,165.99,22.0
d47e5fbb24cade152dd968c93b0f0c66,1,1ed4a7921293b8e5e028f0dd4cc166a6,6edacfd9f9074789dad6d62ba7950b9c,2018-05-16 19:35:19,40.9,8.88
d47e5fbb24cade152dd968c93b0f0c66,2,1ed4a7921293b8e5e028f0dd4cc166a6,6edacfd9f9074789dad6d62ba7950b9c,2018-05-16 19:35:19,40.9,8.88
d4de0ad9ddefd13e60191fbc49925dc5,1,4ce9ab528124f89e091b17d11aa2e97c,7e3f87d16fb353f408d467e74fbd8014,2018-07-19 04:32:27,89.9,38.99
d4e27dc356ca647fd39f91affa4feb89,1,674d9e3c3964c35239687c920b19a307,2138ccb85b11a4ec1e37afbd1c8eda1f,2017-05-25 17:55:11,29.99,15.1
d4e4ac3c423a38f131a755f777d2f73d,1,4ed86bcb86407328452ac1c5b3b89d67,3f8034bfc6b8b4135534975d49f04c63,2017-05-30 09:15:19,45.0,15.79
d4e4ac3c423a38f131a755f777d2f73d,2,4ed86bcb86407328452ac1c5b3b89d67,3f8034bfc6b8b4135534975d49f04c63,2017-05-30 09:15:19,45.0,15.79
d4e4ac3c423a38f131a755f777d2f73d,3,4ed86bcb86407328452ac1c5b3b89d67,3f8034bfc6b8b4135534975d49f04c63,2017-05-30 09:15:19,45.0,15.79
d4e4ac3c423a38f131a755f777d2f73d,4,4ed86bcb86407328452ac1c5b3b89d67,3f8034bfc6b8b4135534975d49f04c63,2017-05-30 09:15:19,45.0,15.79
d4fde1071e39ee8e421d916f13291d2a,1,ffa1ce7f2a287ca5e369673bd77d43de,c68fb906c8f4b4b946d8386bfa6e5467,2017-11-03 09:35:18,114.4,13.82
d52d8b400bb758fb5b25ca1af464f814,1,dc9471db933efad7bf0ce685380578bd,25c5c91f63607446a97b143d2d535d31,2017-11-30 05:50:02,277.0,19.19
d53bb1636622626b300d199956668dcd,1,7d50930301709838d8e90dcac5cfaa84,9616352088dcf83a7c06637f4ebf1c80,2018-05-17 11:14:15,59.9,62.45
d56e764f8fe72cb1656efbbc36d504d1,1,e7f539de944d2d7d5c206cd730f606a4,8ca1551acf9832a4cf467bbbac15851f,2018-06-19 09:15:35,99.5,18.85
d57afd1eb0696854d3351e5926aa9813,1,d443be168a577afdf50d59932d3b78c7,e9bc59e7b60fc3063eb2290deda4cced,2018-02-26 09:07:31,125.99,13.9
d57dc0719a809a0b1f533d4b150fea47,1,f521813909e310116b6b2f0b11f3dd44,09f952a5f58d2285b0372551ae8f9b01,2018-05-16 17:18:42,97.0,12.75
d5af6d41c141d7f5e36c08e509167d01,1,aca2eb7d00ea1a7b8ebd4e68314663af,955fee9216a65b617aa5c0531780ce60,2018-01-19 10:17:34,69.9,13.08
d5b98f30a5e1df17359cc0588f14b5ae,1,437c05a395e9e47f9762e677a7068ce7,f84fa566034f5e8e880a07ec624c56af,2018-03-27 02:51:02,47.65,7.71
d5cdc053cdfd98fad4a2330ff501852e,1,99a4788cb24856965c36a24e339b6058,4a3ca9315b744ce9f8e9374361493884,2017-05-15 09:35:23,89.9,12.13
d5dda9f79ce3124e533720681c1f2284,1,e31ddc888efe970ebfbc8e7b460babec,4e922959ae960d389249c378d1c939f5,2018-03-09 11:31:08,647.0,17.92
d5e892687c8916b17cafe284780d01b0,1,a8fe47ad6f852f93cc92c7b408687de3,aaed1309374718fdd995ee4c58c9dfcd,2017-09-14 16:04:48,72.9,16.27
d5e9734f54e05a41246389d38b732a51,1,2fea0f2cec6b6324a277d4a61c2ed2c6,beadbee30901a7f61d031b6b686095ad,2018-06-20 16:18:59,35.0,18.35
d5f84dc76f08b7d977dc77f2e0e8fbec,1,f731f8587d4088c174397e010cf892a9,cc419e0650a3c5ba77189a1882b7556a,2017-12-07 23:12:24,56.99,8.72
d6005403869b100d1c75019e5d92e327,1,6392b413939939ce321eed54003573d6,b43d8b707f887a30f4675391098354a0,2018-04-11 23:28:38,380.0,39.35
d6235477014458ade86158040370fca8,1,6bbe55cf8f85c87b6eebb775a53402f4,e62b2d6ac10570a035a30bafcf01d263,2018-03-08 23:48:22,53.49,8.72
d62c659d70b5d48e0533f60fc47d6791,1,4cd531c7f4447ebff6dd6bd12993fab8,1a932caad4f9d804097d7f8e615baed1,2018-05-21 04:52:39,500.0,82.31
d62c659d70b5d48e0533f60fc47d6791,2,4cd531c7f4447ebff6dd6bd12993fab8,1a932caad4f9d804097d7f8e615baed1,2018-05-21 04:52:39,500.0,82.31
d66c390445566a6735c7a703c75e4e68,1,58816ce2ec224ea03aff8abe045f8407,955fee9216a65b617aa5c0531780ce60,2018-08-02 03:55:12,99.0,11.71
d66cdd2dee90bc354ba79f909e9dfda4,1,c57bafab28dd10e1d95c06ec176e7441,7b8e8ec35bad4b0ef7e3963650b0a87b,2018-07-31 14:25:10,120.0,23.64
d6717d9840d700bd7be08d9ca8bb791b,1,7d40b684cc830baa8f7760f6fb1528c0,8c16d1f32a54d92897cc437244442e1b,2017-11-08 02:15:53,199.0,10.94
d6717d9840d700bd7be08d9ca8bb791b,2,7d40b684cc830baa8f7760f6fb1528c0,8c16d1f32a54d92897cc437244442e1b,2017-11-08 02:15:53,199.0,10.94
d6955d34f1d9983d21c67f279aadd306,1,154e7e31ebfa092203795c972e5804a6,cc419e0650a3c5ba77189a1882b7556a,2017-05-19 19:55:18,19.99,7.78
d6e8839199c7ca3b2d7aede27fb9659a,1,504f07e36481e5e72043def3d874b92a,2e1c9f22be269ef4643f826c9e650a52,2017-11-16 23:26:59,89.99,9.48
d72f653ddc9ff2fd28a70168d20aaf82,1,4a16a14bc51cda6c35221b3beb01c037,7e93a43ef30c4f03f38b393420bc753a,2017-10-09 13:14:17,219.99,17.3
d738667fa4f31f5d89dd8dfcc07699ec,1,cb035acb0af5f79c8ebad476b968574a,70a12e78e608ac31179aea7f8422044b,2017-05-15 09:30:24,39.0,12.69
d73ddd98199cde252b1c0ee783374da9,1,cfef9c856c09723e61b5eeaed5aa2d55,141440cad9341e553f8401c574a2aa38,2018-07-02 15:56:53,41.8,18.39
d7541649368af95f781177990c686696,1,368c6c730842d78016ad823897a372db,1f50f920176fa81dab994f9023523100,2017-12-28 16:35:22,59.0,17.66
d7541649368af95f781177990c686696,2,368c6c730842d78016ad823897a372db,1f50f920176fa81dab994f9023523100,2017-12-28 16:35:22,59.0,17.66
d7734a834b8c2b0138d57157af28e7f1,1,bf3024b979e260a941c418cc5771fff2,8e6cc767478edae941d9bd9eb778d77a,2017-06-13 20:35:14,22.48,19.59
d788d36048b59fbe35707de56c2fe939,1,c35498fbb4358837ae16850f50c3fd22,70a12e78e608ac31179aea7f8422044b,2017-02-24 10:22:18,69.0,16.42
d79f4264e783c7bfb5a7513f811a236a,1,fc1d8637c0268af3db482c14b7ef8e75,da8622b14eb17ae2831f4ac5b9dab84a,2018-01-31 21:12:33,149.9,18.3
d7b00090ed4c28c03afc316bc0a2ec17,1,7cfda1a28e3673a7dcf2094f856bf54b,81a1104df0f08b59c68aa5b03cfe398e,2018-04-23 05:50:00,139.9,16.95
d7b2d3b902441cf3dd12cd125533217d,1,35afc973633aaeb6b877ff57b2793310,4a3ca9315b744ce9f8e9374361493884,2017-11-07 11:47:06,89.9,17.88
d7b464f6f1a31734fefea7eb6e9a9908,1,87283a98b24f9f1ac3a31b631073cf47,cab85505710c7cb9b720bceb52b01cee,2018-07-25 10:23:40,49.9,7.61
d7dd7b5a139c49fb68a6977797599973,1,4c8056caed5757810b9a68b83c3759e6,b1a81260566c1bac3114a6d124413f27,2018-04-13 17:51:31,169.9,19.07
d7dd7b5a139c49fb68a6977797599973,2,c68252426f70e1434cf6e465d7cae869,b1a81260566c1bac3114a6d124413f27,2018-04-13 17:51:31,169.9,19.07
d7defcb8f59419ce565959f595bbb988,1,ad183bca8419cc4a34c0ed87d44b07c7,0c7f30ae9b147eca07affbef92832a6a,2017-03-15 23:35:49,79.9,15.77
d7f71d136da2fa678c39380a22d117df,1,3af5874bd2429ed183a5445d1432fcde,539ed9e19811677513447759be5eccfc,2018-08-28 11:55:16,18.63,15.86
d7f71d136da2fa678c39380a22d117df,2,df4bcf4a328103951507064660c445e9,ef2fbc2b607d8492bcffe657a4645434,2018-08-29 11:55:16,44.9,15.87
d80bc8900db383324d145cfb1c1aa854,1,72a30483855e2eafc67aee5dc2560482,6b3bd31ad8fcda4b2635ec9f3ff2ecdf,2018-06-04 08:19:52,92.0,16.61
d80bc8900db383324d145cfb1c1aa854,2,72a30483855e2eafc67aee5dc2560482,6b3bd31ad8fcda4b2635ec9f3ff2ecdf,2018-06-04 08:19:52,92.0,16.61
d80bc8900db383324d145cfb1c1aa854,3,72a30483855e2eafc67aee5dc2560482,6b3bd31ad8fcda4b2635ec9f3ff2ecdf,2018-06-04 08:19:52,92.0,16.61
d82255dd8d216b8577f8f2527ce817a1,1,af91083bde899b201798b52ae89babea,06a2c3af7b3aee5d69171b0e14f0ee87,2018-05-09 12:30:24,64.99,24.58
d828bfc73f08a09b4d5e7fc4671917ab,1,45a9a8115c62ad1ce34845e5ec4cfd48,46dc3b2cc0980fb8ec44634e21d2718e,2017-12-04 19:31:50,99.99,8.91
d828bfc73f08a09b4d5e7fc4671917ab,2,1ac09f60f3c3bc2021c637ef23fa3248,46dc3b2cc0980fb8ec44634e21d2718e,2017-12-04 19:31:50,99.99,8.91
d82b18538d54e63389c7a2a8bf8a875d,1,b0961721fd839e9982420e807758a2a6,1f50f920176fa81dab994f9023523100,2017-07-27 06:43:17,59.9,17.67
d8548c48e1580222bda2c86c47ce10cd,1,6803077179d24889430188e03fafd31a,128639473a139ac0f3e5f5ade55873a5,2017-09-06 10:35:21,19.9,15.1
d85c21edbd2d9fc056908945b37bb577,1,12485f9cdebb6ca179826ede539554ad,7901646fdd36a55f564ffaf2dbccaaf7,2017-10-04 11:14:17,719.99,32.05
d88484d12aee1fa5348ab2bbd1e967e1,1,858da7953a793b7569420868c88d0ac1,80f2cf9abf6b5a0e5c612b5eea6646e6,2018-05-03 14:35:21,109.15,23.34
d8962b14d78c6bc197f6508354109936,1,16241e79b047426033194065d8b321b2,4830e40640734fc1c52cd21127c341d4,2018-04-16 22:29:35,29.9,12.79
d8a0ebd040a2059ee8dbec7e4055b927,1,4ae1bd4115a0ea08489ff7e821ddc4e5,157c3e4b42f81ac4a44e8b1ca2fe9876,2018-04-01 22:07:08,90.0,16.6
d8af11fee1f5a13bf7b3584b9cce55fa,1,837b5c6df9ceb8a9c604e78fde0e60a2,85d9eb9ddc5d00ca9336a2219c97bb13,2018-02-23 15:47:57,27.9,14.1
d8b1b374baabf8ba477823087ddfb1a2,1,a1ebb47a48200e6566603de49b83f621,46dc3b2cc0980fb8ec44634e21d2718e,2017-10-20 12:56:32,269.99,26.34
d8c15550aee132ffe4ed54c7da238e35,1,bddc1407637849d18d139b4012e4406a,48162d548f5b1b11b9d29d1e01f75a61,2017-05-24 13:10:54,74.0,12.02
d8e06a0d47d09dae630bf252bbf904b9,1,7770bdde7d6bfd349bfdeabc4ce54c07,db4350fd57ae30082dec7acbaacc17f9,2017-11-01 02:56:25,21.99,7.78
d8e0ad323eb1f4ae7725beb34e2aff1f,1,37f05006248fc8b0d04270ef02d24406,891071be6ba827b591264c90c2ae8a63,2017-11-30 00:31:19,16.99,7.78
d9117cec0a7a5bee29c4f45cf820b930,1,25e2023ed83352bde98dc1490d14c3d8,ff1fb4c404b2efe68b03350a8dc24122,2018-04-02 12:55:25,99.0,20.74
d91340e9348bc8b0e4971c128f2c0254,1,6f67fbf87e4b17a1aa8abfe2a0ffc7e4,7e93a43ef30c4f03f38b393420bc753a,2017-10-17 22:28:33,529.0,20.14
d916aef37da586876fc49a24ecc609e8,1,19c91ef95d509ea33eda93495c4d3481,06a2c3af7b3aee5d69171b0e14f0ee87,2018-05-06 23:49:54,119.99,29.87
d91a712b4ecf0cba1183e01e2808599c,1,349dcde76e42ad7a08253c7e825af897,3361277dc30b7cccdb0c286b24219756,2018-01-26 17:32:47,135.99,18.52
d933bc3298b938687c5aab9685d2108c,1,228f57b1acb5bdce9401c58653c8cc14,7e93a43ef30c4f03f38b393420bc753a,2017-09-01 20:44:56,169.99,19.73
d95c7210ba7d2249083e45536f2d0a27,1,37ca4ae4320cdda8a0ef625049f4cb88,8a32e327fe2c1b3511609d81aaf9f042,2017-11-28 16:26:32,85.99,11.81
d9770884f02a4e0d5e0f9d8fc5f5b9c4,1,6c8b2975a4a05d1f36948b20753b29ca,955fee9216a65b617aa5c0531780ce60,2018-07-18 07:10:14,50.0,23.15
d995bfa6db04d756cbb7368ad277887e,1,4cb33e9787e8a38b82bd68e70f5f4700,620c87c171fb2a6dd6e8bb4dec959fc6,2018-07-31 17:50:16,229.9,19.71
d9a4f0796fafbfe369d8156189581cef,1,0ae935aec15938b92f6667ec2fde2dc2,00720abe85ba0859807595bbf045a33b,2018-02-01 13:56:43,78.0,15.31
d9a4f0796fafbfe369d8156189581cef,2,0ae935aec15938b92f6667ec2fde2dc2,00720abe85ba0859807595bbf045a33b,2018-02-01 13:56:43,78.0,15.31
d9a7926047f158ca6ab53261baaef77b,1,c80c377f9c43421aa6ed91b1259c0bf3,86ccac0b835037332a596a33b6949ee1,2017-11-14 03:26:39,39.9,15.1
d9d2ea110b9794283aa5100ac9ec718e,1,8844bd4b8ca8f93603694ca2bceb77e9,cc419e0650a3c5ba77189a1882b7556a,2017-12-20 19:30:29,84.99,20.08
d9e0e6c219155daf624e2cd31056d474,1,7ce94ab189134e2d3c05f496d635419c,8b321bb669392f5163d04c59e235e066,2018-04-09 10:09:40,13.65,18.23
d9e44c3fd2ce16086619f299e92e12d8,1,28b5fef7b6d63771e9784bc68c783793,d91fb3b7d041e83b64a00a3edfb37e4f,2017-05-11 20:22:14,35.0,16.11
d9ecfbca463d0edab5f63732a812a5d1,1,144eebc150ba34b9f44f761513b5a394,7142540dd4c91e2237acb7e911c4eba2,2018-02-27 03:31:09,134.9,18.19
d9f4838ea42729e0b08088b15492477b,1,3e7ca2ff3d372303c5773c8018746fc2,05f51e13da97139648b8125c31e5f51b,2017-08-31 22:30:20,64.99,12.58
da0b8ba8e2730558871c2f9eb672e787,1,5360ece40f89cf47f68ec7353fb12d49,f7ccf836d21b2fb1de37564105216cc1,2018-08-15 22:50:18,39.0,19.46
da291372a3562b947e6b2b57bbfa5b74,1,f1261761d91b574288d60a6390a007b6,4a3ca9315b744ce9f8e9374361493884,2017-02-26 23:17:02,104.0,11.34
da48c3a7c7a54b3a4fa8e4f0d0a0e49a,1,36eef04eb938af8bd108b4e2753b5a95,7dc8c42cc750eeafea6c85712ffee9bf,2017-03-03 01:15:06,99.0,29.26
da792ccf2fb581023240f57c7ad5c14a,1,846145e9b8d412bd1c9bb478a52ab4a0,432c37c9dfba871172ec162e20118b8c,2017-10-19 16:14:58,25.0,15.79
daa31883279538aaa2097f19342c2b90,1,195a72beccf48da20d71e2d7530b470a,8d956fec2e4337affcb520f56fd8cbfd,2017-10-20 04:56:17,29.99,7.78
dadfdcd24f54c8c6e8aff011390e5a08,1,f45cf520fba787f057d57c5c8138668f,688756f717c462a206ad854c5027a64a,2018-04-26 11:37:30,63.99,11.15
db0d1ecbd182db92c44e389118dbcbe7,1,962a6951154f98f2c8e9a5b8b2bcf4a9,1025f0e2d44d7041d6cf58b6550e0bfa,2018-05-14 04:15:41,75.0,24.18
db16d8eeb2104cc17c8d6ca293e7bbc2,1,7ba8971d032709efa2bf76c413975d2c,dbc22125167c298ef99da25668e1011f,2017-07-10 12:44:06,68.9,16.24
db1cfa492610bccff9d25d439a9ff2b6,1,bfb42d0b9ef73eda575552be54ef53e1,5cbbd5a299cab112b7bf23862255e43e,2018-04-24 12:10:14,17.33,15.23
db43c1a570e28fe9da60a444e3616a2b,1,a1efe4a86746c22541813e22e1d23e33,da8622b14eb17ae2831f4ac5b9dab84a,2017-10-05 15:28:17,169.9,16.82
db4c181f6ac63a558233e98861beda3e,1,78b1ff38b417d7d3c58c33f386512040,ce248b21cb2adc36282ede306b7660e5,2018-03-06 09:29:40,38.9,15.1
db5a21571d549b443f1b502b880e2358,1,fcb61bdd656827a13a98f369eeb9fa3b,dc4a0fc896dc34b0d5bfec8438291c80,2017-11-23 02:35:43,125.57,18.13
db5e341b9a765a33fd41da0b3f0944dc,1,1cbe6092926b24ecacfdeb748bc34105,5d0363b33554b373851fc1622e4d5f3c,2018-02-08 11:55:33,78.0,35.07
db66ad4e69244a08ca990191877c78b5,1,33fac76e7f17367dedaef7954bbb33b4,56642bcb79900e777d68e91915cb4267,2018-01-09 04:33:30,88.0,17.87
db7f983ea878a7a976b84460bfb45ff7,1,19d97e807df39d7af6311ba423eaecc3,1835b56ce799e6a4dc4eddc053f04066,2018-01-23 10:51:24,540.0,37.58
db851b28d3dbaa9b1b467dad083ff8fd,1,29a0f402bfb08e1e4602102eea060d04,dc4a0fc896dc34b0d5bfec8438291c80,2017-10-30 15:28:14,44.9,15.1
db901cbc067d748513fe59568a2d9f4a,1,3ca9a17c20e1c00683a97749070fdfe1,cca3071e3e9bb7d12640c9fbe2301306,2017-02-27 18:55:42,24.9,10.96
dbe267dee5dcb469508162440874551f,1,909b87db6cb3a7ab26bd03cc59860136,de722cd6dad950a92b7d4f82673f8833,2018-01-18 20:16:21,39.9,15.79
dbf6b190a7df1df00c6afaf326098789,1,492bfd5c7a82cfd6dddccdec443b2ca4,070d165398b553f3b4b851c216b8a358,2017-12-07 11:31:39,41.99,11.73
dbfe4e468c74ac901314aac3d2915e40,1,561e48cdfacd14e7cfe67aa4ebd0caea,5cf13accae3222c70a9cac40818ae839,2018-08-12 21:10:11,94.9,14.96
6fc020b0ec995fb761ee385f34df5a6a,1,9820e04e332fc450d6fd975befc1bc28,520b493b57809f446cb0a233bb3e25c7,2017-09-19 17:10:40,110.0,14.16
6fcb95e455e8f30ce414c08f4a31ccd5,1,1b9c9c11fdac157197ea45527ffabae2,218d46b86c1881d022bce9c68a7d4b15,2017-09-05 11:25:16,219.0,14.55
6fd7aad38ed11be7812e861b8947f7d4,1,7b9e46278112502bca6d6649e849fdf0,88cf19ec1fc2c58f161aee259d57142c,2018-08-13 03:45:26,55.0,18.49
6fd7c56d216a3e027f694eb725797c07,1,59614aca5e5ddb29fd461f83c8f32b1d,ccf8813e5a7d6c84d865cd38bfc2b130,2018-02-12 15:50:27,110.0,16.53
6fd9d5b35f04ff5c30e58111b9ecbff4,1,4c0a183b1572fcddf968d6992392e24d,98dac6635aee4995d501a3972e047414,2017-07-05 06:43:46,7.9,9.34
6feaea9098fb736023b2e4bc246ba7fb,1,6f3b5b605d91b7439c5e3f5a8dffeea7,4869f7a5dfa277a7dca6462dcf3b52b2,2018-05-02 03:51:19,145.9,18.9
6fff8d853d0647fc94776d0cfac0dc79,1,45e1e8edc20a5fabee57761f03feafc4,d4e4b5192cba4e0e66eb12a9d347239d,2017-11-14 04:30:46,9.9,16.79
70215c7031c6fdd581a2d729c93987e6,1,efd7af8312533d58ccb5ac26304dd3d5,ea8482cd71df3c1969d7b9473ff13abc,2018-05-09 03:53:02,19.69,15.23
704966e2252d9ef26bfb8203cb8fbf1b,1,8c89b3cebb0a18a89a173e79375b44bf,0176f73cc1195f367f7b32db1e5b3aa8,2018-04-25 22:35:23,115.9,26.89
7052e36ae417756ec2f9d6239f311d8d,1,1612209b0b37fbe80e1e8e1b7d19ca1d,87142160b41353c4e5fca2360caf6f92,2017-08-03 11:43:30,99.0,18.93
7053a93a4b7b5a66f27138c4bf8e1307,1,59ebd2c07d59483d0855b5b3d5e18728,ea8482cd71df3c1969d7b9473ff13abc,2018-04-04 17:30:53,27.99,7.39
7073be83c3247747c26a69d5a689edbf,1,69fb24f0cd077f460768e66b89c3565e,5b0cc932433fa5184b5b94bfe6bcc256,2018-07-20 15:45:17,45.0,17.45
70797100fedf9c14e0d0008c876f11b5,1,5a848e4ab52fd5445cdc07aab1c40e48,c826c40d7b19f62a09e2d7c5e7295ee2,2018-04-10 03:10:18,122.99,15.74
70c5ccc21360b2f9c8f0a0decfb4e41d,1,6ba64cfa68872d30def59da724cc6ca2,1bb3812d5f0747a3ab7348f199001a10,2018-08-21 19:55:29,44.9,22.24
71269bfaff77cbd93b48e1dc0f548f69,1,c4e71b64511b959455e2107fe7859020,aced59e9b31ef866a94f9e7f29d8d418,2017-03-10 11:35:20,24.0,14.11
71319d53f28cff9869fa0650f26e9758,1,efa490145b5cc82438b6a6de691535fa,8d956fec2e4337affcb520f56fd8cbfd,2018-05-22 00:55:20,46.99,7.39
713824809fec35c7cd7125d6a6bd347c,1,eb356ef61e2262adcadc023b9522609d,6560211a19b47992c3666cc44a7e94c0,2017-11-21 03:55:34,29.0,7.78
71385d0c646fbc757cfd07df085986d7,1,fe6a9515d655fa7936b8a7c841039f34,dc317f341ab0e22f39acbd9dbf9b4a1f,2017-11-14 20:56:03,249.9,69.21
71603031182fa8f497b5bae069bb9361,1,0aabfb375647d9738ad0f7b4ea3653b1,37515688008a7a40ac93e3b2e4ab203f,2017-08-30 18:27:37,19.9,11.85
71603031182fa8f497b5bae069bb9361,2,6c3effec7c8ddba466d4f03f982c7aa3,37515688008a7a40ac93e3b2e4ab203f,2017-08-30 18:27:37,19.9,11.85
717255f43d5c9b702e9bc8c7d03a82ad,1,b38b25d838ae0b8385e8cc68b9017644,fad44952713764836814be105382aee5,2018-08-08 22:30:16,180.0,16.36
71749baed4a3e47f47aecfced7c70ec2,1,11fb16e86df4d50cd2c289ede0b70f42,1eade46fba20122dc4aefb379f8c636b,2018-05-16 13:17:23,18.99,7.39
71a49be8a212eb4987b67078140a1434,1,95d9994fadaf3720792cb0f1db17f782,0d85bbda9889ce1f7e63778d24f346eb,2017-11-08 14:30:19,58.9,17.66
71bb4b0d814139920f939608c9d37685,1,729a75e5cb63f785e67ebd8c44a5c0ee,381c83fdca332ea6afd896da20bf6e4a,2017-08-28 02:31:03,109.0,21.16
71c0d1686c9b5556355dc29a0f5cf8dd,1,eb6c2ecde53034fc9ec47741b3232c9d,1025f0e2d44d7041d6cf58b6550e0bfa,2017-12-01 19:31:45,32.99,16.11
71c0d1686c9b5556355dc29a0f5cf8dd,2,eb6c2ecde53034fc9ec47741b3232c9d,1025f0e2d44d7041d6cf58b6550e0bfa,2017-12-01 19:31:45,32.99,16.11
71c903bedef48954734ef47b8a9be312,1,1eacd44485008a89ec96c524993d8207,ea8482cd71df3c1969d7b9473ff13abc,2018-02-28 08:28:44,27.99,7.78
71ca3bab201007339dfb592df2d185d4,1,d89ba268c7abe3819f2d39f0a359077c,46dc3b2cc0980fb8ec44634e21d2718e,2017-10-27 19:45:46,269.99,17.65
71d27026352e4ce6f225aa02cd8bacc3,1,eb7172d8a3c64298d2d767f6603c231e,725c32fa80c2faacc4fc88450d27314e,2017-12-07 17:30:23,48.99,7.78
71dab1155600756af6de79de92e712e3,1,90b58782fdd04cb829667fcc41fb65f5,7c67e1448b00f6e969d365cea6b010ab,2018-02-15 19:11:08,179.99,76.5
71dab1155600756af6de79de92e712e3,2,308e4e21ae228a10f6370a243ae59995,7c67e1448b00f6e969d365cea6b010ab,2018-02-15 19:11:08,76.99,40.69
71dab1155600756af6de79de92e712e3,3,90b58782fdd04cb829667fcc41fb65f5,7c67e1448b00f6e969d365cea6b010ab,2018-02-15 19:11:08,179.99,76.5
71dab1155600756af6de79de92e712e3,4,308e4e21ae228a10f6370a243ae59995,7c67e1448b00f6e969d365cea6b010ab,2018-02-15 19:11:08,76.99,40.69
71dab1155600756af6de79de92e712e3,5,90b58782fdd04cb829667fcc41fb65f5,7c67e1448b00f6e969d365cea6b010ab,2018-02-15 19:11:08,179.99,76.5
71dab1155600756af6de79de92e712e3,6,90b58782fdd04cb829667fcc41fb65f5,7c67e1448b00f6e969d365cea6b010ab,2018-02-15 19:11:08,179.99,76.5
71dab1155600756af6de79de92e712e3,7,308e4e21ae228a10f6370a243ae59995,7c67e1448b00f6e969d365cea6b010ab,2018-02-15 19:11:08,76.99,40.69
71dab1155600756af6de79de92e712e3,8,308e4e21ae228a10f6370a243ae59995,7c67e1448b00f6e969d365cea6b010ab,2018-02-15 19:11:08,76.99,40.69
71dab1155600756af6de79de92e712e3,9,308e4e21ae228a10f6370a243ae59995,7c67e1448b00f6e969d365cea6b010ab,2018-02-15 19:11:08,76.99,40.69
71dab1155600756af6de79de92e712e3,10,308e4e21ae228a10f6370a243ae59995,7c67e1448b00f6e969d365cea6b010ab,2018-02-15 19:11:08,76.99,40.69
71dab1155600756af6de79de92e712e3,11,90b58782fdd04cb829667fcc41fb65f5,7c67e1448b00f6e969d365cea6b010ab,2018-02-15 19:11:08,179.99,76.5
71f47871e9cf560d325f00a5628c4a94,1,c5a00e7e34e45fe4c79a38d102248b48,70a12e78e608ac31179aea7f8422044b,2017-05-02 08:05:33,59.0,16.11
722472fb65236469ae8a7934269a980f,1,98a8c2fa16d7239c606640f5555768e4,001cca7ae9ae17fb1caed9dfb1094831,2017-07-27 02:55:14,99.0,32.02
724851759f03251eb3a9e209916f07db,1,325a813db2664ef1b239883869847f4b,bacb1f0ed56ad24198f5810d2b3fe9a5,2017-07-27 12:23:05,113.3,18.04
724c63c0c7f775d58382c4fb12081867,1,c36100652b59546fcd8fff467dc29519,fa1c13f2614d7b5c4749cbc52fecda94,2018-07-31 08:35:18,108.9,19.67
724d9ea2df2a8c8c93254d43a1016cb5,1,7020952e39b390bfe87c475d4c99b3d7,099095b050cfe8eb1ddff5317587e96e,2018-08-15 18:55:22,429.99,43.99
7276ebb4ef0951f006dbfb2deb76d255,1,91846781ef75057e134949400768e272,530ec6109d11eaaf87999465c6afee01,2018-05-22 04:54:44,134.99,14.66
728f6c4bcd81ebdfeb353bb9b0893a12,1,72cb4380c5a90c64048cafdf60d31f88,34f563c82a85b99ae9e6d60db5fc2e28,2018-08-09 08:44:45,185.9,19.4
728f6f76b6e070562457bf771c93e002,1,97282eb8f31c2cd056e836a69923bab0,2528513dd95219a6013d4d05176e391a,2018-03-08 15:12:20,109.0,14.37
72a055afec5322997eace70e9f743482,1,53ea9da485f6aed8a6f03a85831fe021,7d13fca15225358621be4086e1eb0964,2018-03-01 20:15:27,260.0,13.32
72adf8902a7ccd9b21ba70c84f2d53c4,1,595fac2a385ac33a80bd5114aec74eb8,ef0ace09169ac090589d85746e3e036f,2018-06-18 02:56:12,119.9,18.72
72b014780c2effe0419b8bb4b534d612,1,7ac5f520abfc0589418bc7c76cea7a7c,8160255418d5aaa7dbdc9f4c64ebda44,2017-11-14 12:10:30,114.9,18.05
72da19d53265a57c6e81454bb0c7add3,1,9fb9a39f2e393018aaeb432394aff48f,c03121937e54a93fcc1825c3098bbb6e,2017-08-27 23:25:34,149.0,25.59
72f13434d0258f5c25927d2b4d5b2c1e,1,73554174c2dccb01cade8d0ce976b791,fe2032dab1a61af8794248c8196565c9,2017-06-16 15:50:11,189.9,26.36
72f2b0985c221947500b786ead233a87,1,422879e10f46682990de24d770e7f83d,1f50f920176fa81dab994f9023523100,2018-02-18 21:10:29,49.9,13.37
730829b3aeb0e111d1d9bcb2b04c3179,1,159e7e73295b609960c0797eb64b3d39,a420f60ff1aa9acc80d0e42959f2b313,2017-08-30 07:30:12,139.0,8.23
730c83933acab283b21bae7b3fcc91d1,1,d102ed54656bd3eaf5bd365494e08bf6,5b67882648febfb6e1225e6ad7164f6b,2018-07-09 09:32:27,179.99,26.26
730c83933acab283b21bae7b3fcc91d1,2,427a9f5e8a9d47c60adc5ae34e2657d2,70eea00b476a314817cefde4aad4f89a,2018-07-11 09:32:27,165.0,13.13
730c83933acab283b21bae7b3fcc91d1,3,d102ed54656bd3eaf5bd365494e08bf6,5b67882648febfb6e1225e6ad7164f6b,2018-07-09 09:32:27,179.99,26.26
732c61dedcbe590b6b5d8a7609bf25b2,1,b8b426747049f2d3d6e00b486d47dedb,01fdefa7697d26ad920e9e0346d4bd1b,2018-01-12 15:33:18,99.9,14.43
7344405ad701aae9932fbabba0faa522,1,00c407e056c74eb8040a1233ca6da16f,55c26bcb609f480eb7868594245febb5,2018-04-13 13:29:51,84.9,18.47
7368e14d8b9e7b886e433697b89e937c,1,52c80cedd4e90108bf4fa6a206ef6b03,a1043bafd471dff536d0c462352beb48,2018-02-21 10:35:33,179.0,51.12
737b63f784a8e20dbc2a9abd527f3923,1,4a8388d725082add032c3a248d515142,7b07b3c7487f0ea825fc6df75abd658b,2017-03-28 12:58:27,56.9,8.79
73925631ba33c322f310fa0a01283e76,1,cd2c0529e45020c77a7c05b4ef2408fd,0885aaf116795758dfeb5f1032487bcd,2018-08-13 19:45:18,69.9,9.24
739409a92249367522a31eb8ee6161b8,1,02ce467092b184e71d3967d29110adc1,7c67e1448b00f6e969d365cea6b010ab,2017-08-15 03:05:47,169.99,53.79
739706624ef992fc93bb60f5df5e1278,1,c956bde83b283fe27c438080dcb246c5,69b5eaa096c3f9d1e5c398c597f567d6,2018-08-21 22:45:13,469.0,23.92
73aca43a4a4709c819920271b2743341,1,04c48a5fe31aedc4ef3896c005fd483c,620c87c171fb2a6dd6e8bb4dec959fc6,2017-02-10 14:38:16,309.9,16.34
73d34a2bf529090b8e28797f2169823c,1,f1c7f353075ce59d8a6f3cf58f419c9c,37be5a7c751166fbc5f8ccba4119e043,2017-07-21 16:45:09,205.0,26.27
73da42c497d6ab85df4446d41addabdd,1,bb90206fa281c20f0b4c42a2393b54dd,8e6d7754bc7e0f22c96d255ebda59eba,2018-01-09 09:57:23,189.88,17.09
73df7f271536068cac9f113c9d73cbb0,1,9a89064fd209d1c1661271942a65099f,0176f73cc1195f367f7b32db1e5b3aa8,2018-08-17 03:15:30,139.9,18.11
73dfbf97cb48a39c55ddb4425192d931,1,15c507fd1d486501a97bd53f82445f1e,3361277dc30b7cccdb0c286b24219756,2017-12-27 08:59:41,24.99,12.48
73dfec91f44d4356d6abcf6cbbbcfe90,1,6a162a899a815ed15db1689e8efc976c,b94cc9f10ddc85e4ba73a6f7974e7101,2017-11-28 15:26:47,699.9,22.15
742a36775534b588ed2a62ba4c2d9cd7,1,1dceebcc5f23c02ea23e16d5bedca000,4e922959ae960d389249c378d1c939f5,2017-08-08 02:23:30,45.0,9.94
742e519465c1d0ed1dc1664ad04ba238,1,dbb67791e405873b259e4656bf971246,e9bc59e7b60fc3063eb2290deda4cced,2018-08-08 22:15:19,61.4,22.36
7457d3d23917512e33d58f76c92b4508,1,db3976dc7cb7fe1be02a47a873ece9a9,cb41bfbcbda0aea354a834ab222f9a59,2018-07-12 16:35:10,200.0,68.45
793e8a915e5cab9e60a0315c67380b12,1,c6dd917a0be2a704582055949915ab32,7a67c85e85bb2ce8582c35f2203ad736,2017-10-09 09:49:45,99.99,16.95
793fe057b09c8c2bebdd48451e985432,1,1e88eb1734651579b4928df098f4d86c,7e3f87d16fb353f408d467e74fbd8014,2018-04-23 16:30:36,75.6,15.41
79484f19cc86692406efe3763ca1af17,1,dc6185221ef0ba24510b48e0612fd51f,ea67327e24487bdfac5fbfa37ea124df,2018-06-21 08:58:59,127.45,23.69
796033ffde6ba06e0abe387e36ee8fe0,1,53e695484b71a194bf7d89b48700756a,e8ff5a6ceb895583033fc2a0f314e3c2,2018-08-30 14:25:15,139.89,19.08
796e3c109c8740eea3d4321a8ad5ca5c,1,054515fd15bc1a2029f10de97ffa9120,e9779976487b77c6d4ac45f75ec7afe9,2018-05-18 10:29:50,43.0,12.79
796e3c109c8740eea3d4321a8ad5ca5c,2,054515fd15bc1a2029f10de97ffa9120,e9779976487b77c6d4ac45f75ec7afe9,2018-05-18 10:29:50,43.0,12.79
79847bdf9821dfcc7a036271d0c6044b,1,fe8b0ea4a95d3a6488d8e23b41720e46,9d4db00d65d7760644ac0c14edb5fd86,2018-07-09 09:31:33,199.99,10.09
799236014ffd7f07bb4ab4172f2f9a56,1,5411e9269501a870cabf632f05655131,3d871de0142ce09b7081e2b9d1733cb1,2017-07-25 21:15:28,99.0,13.71
799be3792f7db4e84ead1a2eefccd1b2,1,46d35d41fbeb3693160ab97bdfa11cd4,ef506c96320abeedfb894c34db06f478,2017-03-13 23:33:21,39.99,8.72
79ba9ff956399f8ca9eaa802139851fd,1,076e4ce53c8914382e7ff3732511b17e,59fb871bf6f4522a87ba567b42dafecf,2017-06-12 02:35:37,99.99,15.45
79c808fd4b729a968738f5b3e919c885,1,20f160a9cf2e856ee5eba259e9ae33f9,17e34d8224d27a541263c4c64b11a56b,2017-06-13 17:55:12,167.92,12.68
79d6c28185a5be065bf1931dc36a289b,1,99a4788cb24856965c36a24e339b6058,4a3ca9315b744ce9f8e9374361493884,2017-07-18 02:24:06,89.9,15.38
7a0698ce87fc4cd3e171e7361f0bc0b5,1,88fb259945a739dec6cdd001e2cbad55,634964b17796e64304cadf1ad3050fb7,2018-06-26 13:21:08,120.0,18.94
7a13f61d963ef344fad29d7219a1c583,1,0bbdc963004d9b2fd3427ee3c5ae3608,06df0c10d34e459d9672bc77388742eb,2018-05-28 09:15:20,299.0,10.8
7a189472050d185af07c5550a7dfc5ad,1,dbfac885ce74c770040e1c99389553e1,a369d693961cb93b61ca2cc518872a85,2017-12-11 21:58:54,160.0,86.34
7a189472050d185af07c5550a7dfc5ad,2,ffcfaba393e8ef71937c6e8421bc2868,a369d693961cb93b61ca2cc518872a85,2017-12-11 21:58:54,288.0,86.34
7a1b533ffb0d462fbbd28037d3540a13,1,e06ff9a961edac4a89f5451882861adf,297d5eccd19fa9a83b2630071ff105e4,2018-07-31 11:23:29,114.99,21.08
7a2226788e3271396a9eacab9c7533ff,1,daa5000b84b8bd4a9e8e622f154ac0c5,ececbfcff9804a2d6b40f589df8eef2b,2018-03-01 13:07:42,58.99,15.16
7a2794a2a0fe321c8b3735dac52ca64d,1,8e2e2894b4362d92a3682124ca8124e2,dbb9b48c841a0e39e21f98e1a6b2ec3e,2017-11-30 15:58:37,49.8,16.11
7a2a38e90310dcc099d87233c2dd2fbc,1,a02d0123079f4ae96001ba2010d1a2df,1025f0e2d44d7041d6cf58b6550e0bfa,2018-08-15 21:04:32,228.0,26.58
7a2e13975471a7fa79bf252ac36cc095,1,88d07a97123a341509effc395bf418c8,f45122a9ab94eb4f3f8953578bc0c560,2018-02-05 03:55:38,29.9,9.09
7a2ea112b017a44fc1ba0eb88979f3f9,1,d881b7a2ce3e484f379f751df4c709ce,8648b1e89e9b349e32d3741b30ec737e,2017-11-30 15:18:26,24.5,8.27
7a8107927fd13f239a62ba070873fe45,1,787a7fee45732e04f90ace8fda0ed076,537eb890efff034a88679788b647c564,2018-08-01 16:35:19,19.9,7.56
7a8adf1b52b8d3c0735699f5708bf513,1,25c38557cf793876c5abdd5931f922db,5dceca129747e92ff8ef7a997dc4f8ca,2018-03-05 22:48:13,1055.9,27.88
7a9436be8022293777e4f2619c171b17,1,719d571299707561c34ba04ab867b32a,0ef83d7d83ed97cd2a0049ac8be5f88a,2017-12-12 12:03:40,56.89,16.97
7a94606a015a9feffa3b4ac23e84d132,1,b99e4f4fa3f421e0ffbd512d9f152dec,128639473a139ac0f3e5f5ade55873a5,2018-02-06 13:31:08,19.9,12.48
7a952bb8b9ec22220fd799cd8f9f8af7,1,24aaea2bb541cc5d78141f2bc053cd37,c66dccfb3f109511246da627dd5a2498,2018-05-10 23:11:59,215.0,13.95
7aaffbd34cee1970afc42ae26489ca31,1,12fd8665371236b5b586ea4e448902c8,4a3ca9315b744ce9f8e9374361493884,2017-03-27 14:45:56,89.9,14.8
7ae297a5353312db3c47746c3b1a8527,1,6cdd53843498f92890544667809f1595,ccc4bbb5f32a6ab2b7066a4130f114e3,2017-12-07 20:15:37,349.9,20.69
7aed06997400a84f154227f83f9a8f86,1,c2fb73db15e28aa021dcf7b2856fef27,adbc26658d6c7b4b6219f9d934598091,2018-05-22 13:31:17,109.9,23.35
7af07887f8840085ae4b65cb52f4af29,1,90aa2ab699cd0e459be93124aa91c82f,8160255418d5aaa7dbdc9f4c64ebda44,2018-07-12 17:05:42,114.9,23.6
7af6541803424eeecb9ec5148df1f74a,1,389d119b48cf3043d311335e499d9c6b,1f50f920176fa81dab994f9023523100,2017-11-03 21:05:38,59.9,17.67
7af905809ddbaaed2af20592006857e0,1,67c4679242adec87208d4681e66cb23b,f7720c4fa8e3aba4546301ab80ea1f1b,2018-04-19 23:50:13,27.9,17.93
7af905809ddbaaed2af20592006857e0,2,67c4679242adec87208d4681e66cb23b,f7720c4fa8e3aba4546301ab80ea1f1b,2018-04-19 23:50:13,27.9,17.93
7af905809ddbaaed2af20592006857e0,3,67c4679242adec87208d4681e66cb23b,f7720c4fa8e3aba4546301ab80ea1f1b,2018-04-19 23:50:13,27.9,17.93
7af905809ddbaaed2af20592006857e0,4,67c4679242adec87208d4681e66cb23b,f7720c4fa8e3aba4546301ab80ea1f1b,2018-04-19 23:50:13,27.9,17.93
7af905809ddbaaed2af20592006857e0,5,67c4679242adec87208d4681e66cb23b,f7720c4fa8e3aba4546301ab80ea1f1b,2018-04-19 23:50:13,27.9,17.93
7af905809ddbaaed2af20592006857e0,6,67c4679242adec87208d4681e66cb23b,f7720c4fa8e3aba4546301ab80ea1f1b,2018-04-19 23:50:13,27.9,17.93
7af964692dbab0c7e5f70ff30f03b7df,1,5a7373ba4c9b3e13513ded06cd1986c4,e9779976487b77c6d4ac45f75ec7afe9,2018-08-17 03:30:08,33.49,7.97
7b27aa8a07339a1e651fce232621d0cf,1,8ce6ed44410ccff5e5437f5d1ec012e4,04308b1ee57b6625f47df1d56f00eedf,2018-02-21 16:27:13,699.9,46.93
7b407def87721a29fc233b7ae9ad6013,1,58f63077f5153309a576fda4e0851982,620c87c171fb2a6dd6e8bb4dec959fc6,2018-08-07 19:35:16,269.9,19.99
7b407def87721a29fc233b7ae9ad6013,2,58f63077f5153309a576fda4e0851982,620c87c171fb2a6dd6e8bb4dec959fc6,2018-08-07 19:35:16,269.9,19.99
7b875e17a8b649ecb72124320bdfd20f,1,7970fc94b50ea49cd73d4f2910f2f5c7,b92e3c8f9738272ff7c59e111e108d7c,2018-03-01 21:53:23,179.9,24.06
7b8adf17d100cd7c851eff1f6496083a,1,165f86fe8b799a708a20ee4ba125c289,7ddcbb64b5bc1ef36ca8c151f6ec77df,2017-11-16 09:50:19,146.99,20.52
7b8ae8132da20b7b6f709b2d5fcd78c5,1,0bcc3eeca39e1064258aa1e932269894,1f50f920176fa81dab994f9023523100,2017-11-30 10:39:21,49.0,13.41
7b905861d7c825891d6347454ea7863f,1,fb55982be901439613a95940feefd9ee,3d871de0142ce09b7081e2b9d1733cb1,2017-08-24 10:04:56,79.0,17.8
7b994fc7c7528d2098eebcb19d18ce7e,1,9ab61676eb915c81c3c893adca21364c,dc4a0fc896dc34b0d5bfec8438291c80,2017-09-04 09:30:17,83.36,16.34
7b9d2b13802cfc504efc515be768ee0f,1,3bcf64d8d26d6e06bd568d27fe31d8e8,d1c281d3ae149232351cd8c8cc885f0d,2018-05-04 03:51:13,142.99,29.91
7b9d2b13802cfc504efc515be768ee0f,2,6856ab01ef22301e08a45d5842ccb247,4a3ca9315b744ce9f8e9374361493884,2018-05-04 03:51:13,129.9,2.99
7ba66cc7f94f613ad60852e42e42e7e7,1,c3f6113d5b61bc95468432072b27e23d,897060da8b9a21f655304d50fd935913,2017-10-15 23:25:46,18.9,15.1
7be4a210a223f13fac663c64d8cb6d04,1,25e2023ed83352bde98dc1490d14c3d8,de23c3b98a88888289c6f5cc1209054a,2017-12-19 19:52:28,119.99,13.86
7bfa5cf288b9dab1fe987fdde74c14fd,1,aa53b7499856e6df13008f34100cc336,1025f0e2d44d7041d6cf58b6550e0bfa,2018-08-23 10:29:13,79.9,22.99
7bfe238bd2ede94073ec8c6c64509b90,1,ef8856db4e302ad33dc4d91e40f7593c,dbc22125167c298ef99da25668e1011f,2017-04-26 21:25:14,119.99,17.58
7c086fb9c0a3c91487ff8c4395bd64b6,1,ed50991bf7ccfa075d2cb1ca9a29adae,4a3ca9315b744ce9f8e9374361493884,2018-03-23 06:09:23,99.9,23.28
7c0fccdcd5978f52b402a916980f127d,1,24d8da2d499efba175b1092826b7e390,d12c926d74ceff0a90a21184466ce161,2017-12-20 02:33:32,22.5,7.78
7c14826dc2064f880f7652f2b1da73e4,1,d05cc9afc85771f597cf4bc9d8f12546,e256a62e0ac58c0edfba09966142d561,2018-08-01 16:35:23,38.0,15.37
7c37777bdd8b3124246796439d94e8de,1,f5d8fde6bbeab928266d4cc80eecd701,7b1222c3624aa89b9558b50a2594188c,2018-03-07 13:30:37,249.9,16.5
7c544ec2abdd2f2470ffdaf4215d8706,1,e251ebd2858be1aa7d9b2087a6992580,001cca7ae9ae17fb1caed9dfb1094831,2017-04-24 01:05:17,139.0,16.67
7c67a9f94c58c5b1c1a40953151fbccd,1,b6d96e7683a87fc151ea589ce97a330d,2709af9587499e95e803a6498a5a56e9,2018-09-04 19:15:16,20.0,15.24
7c6a24cab7128145feb51412987798c6,1,a89d629b52f63724dbee62c0ba9e979e,08633c14ef2db992c11f840f04fad4cd,2018-07-20 02:45:23,24.7,15.27
7c8582fc7ce51a091fe83cb5efa4e84e,1,0736b2e56f06e14d3aa1bef54de26052,92eb0f42c21942b6552362b9b114707d,2018-01-18 14:52:30,13.88,7.78
7d000307a29338a053287f79e225e09a,1,547b95702aec86f05ac37e61d164891c,001cca7ae9ae17fb1caed9dfb1094831,2017-09-13 12:05:44,129.0,36.98
7d15087ec6066de9ee6e63afe93ef9b0,1,f027a7f215ea97926c427c5b0b313f9d,4a3ca9315b744ce9f8e9374361493884,2018-02-19 13:32:28,96.0,16.43
7d21fbcf5adce98ed57bc3ce5b30b754,1,b59fb744c6f3cd1dc23b10f760848d98,916748bc99315c2d202898ae58b1617e,2017-03-28 13:49:34,9.9,10.96
7d38d0b8ab96504f2f2058ac3f01710f,1,ac477a098cb23c128ec2915a4f3c4625,5795aebfe331fbcd02a2c4b679fb7952,2018-07-12 20:50:56,148.0,24.19
7d513824c667a2e85bbf10cb740bf289,1,f25f304f0e7163a29c271960a6704b0f,7c67e1448b00f6e969d365cea6b010ab,2018-04-12 22:26:46,139.94,48.84
7d513824c667a2e85bbf10cb740bf289,2,f25f304f0e7163a29c271960a6704b0f,7c67e1448b00f6e969d365cea6b010ab,2018-04-12 22:26:46,139.94,48.84
7d6e61d9e5cbe64880924d4b7c366cd8,1,d04ae06ca1423cdc5bd50d87c0f7c372,634964b17796e64304cadf1ad3050fb7,2018-08-10 12:30:34,59.9,15.52
7d6ffa9ff53fd7da04eb9025ba231be2,1,5ddd4525c6d0fbca9dc118056fd90d61,eeb6de78f79159600292e314a77cbd18,2018-03-01 16:27:13,309.0,17.92
7d7802f0d69dc1e8aca3e936dee50912,1,ab1f9387c0627dd24000bfbc54fdeee0,8b321bb669392f5163d04c59e235e066,2018-04-13 10:30:34,12.25,12.79
7db38640b175244483b5c37ac175566e,1,12fd8665371236b5b586ea4e448902c8,4a3ca9315b744ce9f8e9374361493884,2017-05-31 00:33:11,89.9,12.13
7dc8487f60263dbf289600757f5c6f99,1,154e7e31ebfa092203795c972e5804a6,cc419e0650a3c5ba77189a1882b7556a,2017-05-31 22:30:16,19.99,17.63
7dca7e268d48febba328f16ddec37584,1,bdb4be6ce2f7f2b5be0a16088028c7fc,955fee9216a65b617aa5c0531780ce60,2017-09-13 19:25:18,85.0,13.15
7dca7e268d48febba328f16ddec37584,2,bdb4be6ce2f7f2b5be0a16088028c7fc,955fee9216a65b617aa5c0531780ce60,2017-09-13 19:25:18,85.0,13.15
7dccea198365e4c9f616fbf3eef62fdf,1,a0d20b18f2a06b34206ba5933b4ec05b,3df020b72d3d44b3af9d110fa3940b65,2018-05-14 18:30:37,49.9,13.71
7e131886d59cb8a02c847ed61228fd8c,1,fd9222f5293048868b832e5179fa3ec5,a3a38f4affed601eb87a97788c949667,2017-03-24 18:25:04,49.9,11.74
7e13a2daaa4fcf44ff99139c10944291,1,068a754dc2d079d7bcd6f254b9a978e2,579891617139df7d8671d373f0669622,2017-08-21 04:15:18,29.9,16.11
7e25a709518d3b5b51fab58d605ea0e8,1,e1bf2f209fd2b08e1af3ed71732d9008,f5f1f2c5f923f36ad79ea1d07185ddc9,2018-04-10 18:55:28,170.0,19.08
7e284574be8d83b004427c79e11a1a99,1,2bc88b31190908684ebece09e5358592,12b9676b00f60f3b700e83af21824c0e,2017-08-30 22:24:51,199.0,47.92
7e3e92dc3eaf5389f32da97228f7dd0e,1,f0bc0aed23d451f89495f7650d81e244,a3a38f4affed601eb87a97788c949667,2017-07-06 21:03:55,79.9,15.31
7e50d85d90ed82feaf9011470ce9e36e,1,28beefcab28e6a3b659bae1bf1cbe453,18a349e75d307f4b4cc646a691ed4216,2018-06-18 08:58:15,25.0,22.06
7e52365eb2fa03f8f4ed8a69da1e7fc4,1,54d7ad85b648d3cb2b7069ed446d7f35,25c5c91f63607446a97b143d2d535d31,2017-04-14 11:32:52,215.45,15.68
7e52365eb2fa03f8f4ed8a69da1e7fc4,2,54d7ad85b648d3cb2b7069ed446d7f35,25c5c91f63607446a97b143d2d535d31,2017-04-14 11:32:52,215.45,15.68
7e61f390f3e0aa3b112e56091d2b9ee3,1,dec0886d6479d5bdb56d856c501e01c2,dbc22125167c298ef99da25668e1011f,2018-08-20 22:35:14,158.26,15.41
7e77eb1830c5ca91d26012b8e0fed483,1,4fcb3d9a5f4871e8362dfedbdb02b064,8581055ce74af1daba164fdbd55a40de,2017-12-21 02:51:45,143.8,31.76
7e7e972164339f32fadecfdb2c4e93c7,1,e2fcaac49de7a3a90f0dc74d7b1e9f10,2528513dd95219a6013d4d05176e391a,2018-07-24 17:25:15,219.0,16.83
7eeab59050f13c229ebf63251ac10d3e,1,633cb41f42ef3dcfc01174d27637d0ad,ef506c96320abeedfb894c34db06f478,2018-08-24 13:30:40,19.99,18.24
7ef259be178f9f06c72a57add85b71cd,1,f4f4debbcfcafe6858d1e37a1f6e436e,5058e8c1e82653974541e83690655b4a,2018-06-28 17:13:19,139.98,232.69
7f09bca31b66e6df150a8030c5a534cf,1,96e46c5d63399f513d292cdb8033cd02,76d5af76d0271110f9af36c92573f765,2018-01-22 03:36:42,32.49,15.1
7f116bbf2524150eb7f7f2a5f0b458eb,1,0e8d9a894d190db0d5c32075ab02ea38,dc4a0fc896dc34b0d5bfec8438291c80,2018-01-11 11:18:21,84.26,13.61
7f40bccfad4d1884bacd6cb9d10e84e1,1,b046862b2553fe4962392cdc93a2ae93,b1a81260566c1bac3114a6d124413f27,2018-05-17 05:15:00,189.9,20.3
7f539983cfeeeb17fa4a9bb2df43d4db,1,e840aad8112818661548fda5d12653f2,dc4a0fc896dc34b0d5bfec8438291c80,2017-11-30 13:31:23,75.27,16.16
7f539983cfeeeb17fa4a9bb2df43d4db,2,e840aad8112818661548fda5d12653f2,dc4a0fc896dc34b0d5bfec8438291c80,2017-11-30 13:31:23,75.27,16.16
7f6209da874fb56bf2fd26791d83bcb8,1,3bb7f144022e6732727d8d838a7b13b3,a17f621c590ea0fab3d5d883e1630ec6,2017-06-08 20:10:13,26.7,11.85
7f802d7c70300edaea3d120f8c34843a,1,e2e426d1332240070b0a836a854d057b,cce6ab8d1682639fe45ab70234f1665f,2017-07-12 13:25:11,34.9,16.6
7f8345ecf528aa9b47423c9cc5ab3986,1,2d4a0901f4f1829bd4f4affbb142ce4b,66e0557ecc2b4dbea057e93f215f68d8,2017-08-07 17:45:13,439.0,11.89
7f88683c8e73da556d652a823d4050f4,1,97017430754804328eb9597b7f85da03,ea8482cd71df3c1969d7b9473ff13abc,2018-08-13 07:45:09,29.99,22.93
7f9089a3fbe75385f39d5924c2928352,1,130482add9fd75ccb6c57ba007694a2d,87142160b41353c4e5fca2360caf6f92,2017-12-01 18:53:49,105.0,25.57
7f984c0a94661992ad50329fb29359b5,1,0db4869ac8a908414823d44d742f5ba3,7c67e1448b00f6e969d365cea6b010ab,2017-10-25 09:49:08,196.99,50.12
7fc930983a4062abd3407e7d6a0141a5,1,3b7929cc079c14493fb6fb3373dbc1e1,4e922959ae960d389249c378d1c939f5,2017-12-04 03:24:30,110.0,12.72
7fc930983a4062abd3407e7d6a0141a5,2,3b7929cc079c14493fb6fb3373dbc1e1,4e922959ae960d389249c378d1c939f5,2017-12-04 03:24:30,110.0,12.72
7fda376286b806cee8955685bf02fc4f,1,75c06ee06b201f9b6301d2b5e72993f8,3c7c4a49ec3c6550809089c6a2ca9370,2017-10-25 20:49:18,13.99,11.85
8003e1099872d27581e211a7cf5422cf,1,ed5666106b8fb47b57c4b2c5f67a755b,2addf05f476d0637864454e93ba673d5,2018-03-22 20:47:51,209.0,18.17
801ff9fd867535b5d27f82019cfef7e1,1,fb20d37a2c78452667f7a347e756727c,e26901d5ab434ce92fd9b5c256820a4e,2017-07-14 02:45:57,34.9,16.11
8023039e9b07973c9aea60155b52e41a,1,b532349fe46b38fbc7bb3914c1bdae07,1025f0e2d44d7041d6cf58b6550e0bfa,2018-03-29 08:10:31,35.0,15.18
8023039e9b07973c9aea60155b52e41a,2,b532349fe46b38fbc7bb3914c1bdae07,1025f0e2d44d7041d6cf58b6550e0bfa,2018-03-29 08:10:31,35.0,15.18
8023039e9b07973c9aea60155b52e41a,3,b532349fe46b38fbc7bb3914c1bdae07,1025f0e2d44d7041d6cf58b6550e0bfa,2018-03-29 08:10:31,35.0,15.18
8026c598dd1215d12c3c326458788d7d,1,e5f4167c170ccd8777cbf51841b6f7f3,7722b1df1b0e383e000397b2c11e3e19,2017-05-25 02:15:22,67.9,8.72
8030ea400239674937d96cff6bf0c321,1,7935ddc510afb7d08989660b382b7f26,3d871de0142ce09b7081e2b9d1733cb1,2018-01-22 18:33:43,89.0,17.87
804b3f6bad007a44efd1fd85f0291070,1,b2d52af3c5981a8d5d064fdb77cc6bc1,17e34d8224d27a541263c4c64b11a56b,2017-10-05 10:28:35,306.16,13.64
8054d343a41978d8c122045b28eb5e00,1,ee0c1cf2fbeae95205b4aa506f1469f0,cc419e0650a3c5ba77189a1882b7556a,2018-08-02 16:44:17,44.99,19.23
806d19127814e557e910ad0c90891886,1,f422d0d9f8b5f7c27289382b14b61248,1554a68530182680ad5c8b042c3ab563,2017-05-29 15:55:15,66.99,38.02
8071505187465938d3f033c82180edc6,1,2d27434c710806b971a721da337a112a,6560211a19b47992c3666cc44a7e94c0,2017-07-10 04:04:07,39.0,15.79
80a02feb35f630ff84f1c40179f58bf7,1,42bcfb513ed8c673eb7ddb4ddfaf9347,5cf13accae3222c70a9cac40818ae839,2018-02-01 10:10:30,99.9,16.46
80bbfe23fd50d4ea9762ef70a8ada1be,1,5d42919d908b17ec1848699d89e2bace,855668e0971d4dfd7bef1b6a4133b41b,2017-05-22 11:50:06,240.0,16.43
81378cf8e638ced3a370966f23a32ca4,1,5c7236967f55c233f51e36e5126eaf7c,28fb0829fd777877cdc350d25cb5bd5b,2017-11-29 21:26:33,109.9,18.02
813ef880f4bd43a937a8c15bd672681d,1,622bad99b4296aade0783ebecdd3fa15,376a891762bbdecbc02b4b6adec3fdda,2018-04-02 15:52:02,98.99,22.4
816b15129b14c066ff4f5755938aefb0,1,01c9a70868bec5b748c67fcc26ce5895,3c4e0452bff7a2a788179488d3d77032,2018-01-18 02:31:48,110.9,15.54
816c0409fb7624265037bcbadc488c2b,1,b95366fcf5a371ace4acfe7d720b07d9,d91fb3b7d041e83b64a00a3edfb37e4f,2018-05-02 18:30:43,37.1,18.23
817d88483f5ef3f2c934506d7d890888,1,4cb6e86e1328e77e20b5f90771683cbe,c3867b4666c7d76867627c2f7fb22e21,2017-11-05 23:10:17,104.0,13.75
818878a0bdfd8a8cf46e474a03fc5366,1,2b4609f8948be18874494203496bc318,cc419e0650a3c5ba77189a1882b7556a,2017-11-07 02:55:22,89.99,16.39
819834742179a50790827926997ca8dc,1,0fdd1ea79f0f2ec81697ccd021d6d992,229c3efbfb0ea2058de4ccdfbc3d784a,2018-03-15 14:30:32,67.0,22.18
819928f65fed7471ab4f5a39391bd67f,1,cdd0b7472213e44df3b48e96f8deee74,86ccac0b835037332a596a33b6949ee1,2017-08-24 17:25:17,59.9,16.18
81ae37f8ac6c04f48ac5a71303729abe,1,9c8a36f4987914487728d62b2ba087b9,f8db351d8c4c4c22c6835c19a46f01b0,2017-03-30 10:45:08,42.9,11.74
81c277d38bfc8beca560a53fac3646f5,1,6a33f85f66191cc5b645b5f775ca93d9,3504c0cb71d7fa48d967e0e4c94d59d9,2017-09-17 21:50:14,24.99,8.72
81c340da0fe8e47244fa1a3fd41337e2,1,9967480e361da5934ffcd551eb6fcdec,77530e9772f57a62c906e1c21538ab82,2017-09-14 20:55:19,148.0,19.28
81d0a6db52c857218b6801cf1693aa8f,1,db6796aa712a2626572bb3d0b9a039cf,4a3ca9315b744ce9f8e9374361493884,2018-02-27 11:31:24,52.9,17.62
81e5023bc130187e464f4f8c328744fa,1,a5db7a80a8d9c9d49050360fceb6ffd4,8b321bb669392f5163d04c59e235e066,2018-05-11 09:12:56,9.9,15.23
81e54776f3bdf237512b1ceb5337a066,1,5a6e53c3b4e8684b13388d6aa4afdf12,7299e27ed73d2ad986de7f7c77d919fa,2017-03-30 01:23:39,14.99,14.52
820749211528f2ac3c371469c8dcff94,1,2b3b11d70c32fbfc8e850fb68985a000,70849ca4f400aaabb62cb7462a6f1428,2018-08-08 20:35:14,89.99,38.43
820967deb14804facfa599c683438b09,1,9fc98e39f04be8e382d8aa5e259f5489,d2374cbcbb3ca4ab1086534108cc3ab7,2017-10-26 14:56:07,44.9,7.18
820967deb14804facfa599c683438b09,2,c403e106353e1aa40efe783ecb39ed7a,d2374cbcbb3ca4ab1086534108cc3ab7,2017-10-26 14:56:07,38.9,7.18
820967deb14804facfa599c683438b09,3,5199c64bddaad759e3cc82d7fa449570,cca3071e3e9bb7d12640c9fbe2301306,2017-10-26 14:56:07,41.14,24.39
82171257a2cb92f1a042bbca64864a08,1,35afc973633aaeb6b877ff57b2793310,4a3ca9315b744ce9f8e9374361493884,2018-03-06 12:48:37,86.9,29.01
823d27620ee2ff69604191b087250a3b,1,368c6c730842d78016ad823897a372db,1f50f920176fa81dab994f9023523100,2017-11-30 03:10:00,49.0,17.67
82516b1bbe4b8bbcb50025b8cbd62505,1,8e80199142878e6d9c9ab17de67eba98,ac6417315ae5da8f9a38ee11de6f7780,2017-12-29 17:53:26,44.5,8.72
827d13f1e8fe2d4c2b3becfa2b0035ca,1,94976cc078d10e74c19c62f0b3b52432,a3e9a2c700480d9bb01fba070ba80a0e,2018-04-08 23:10:16,139.0,57.52
827d8ae687faef2e9c2bc79196b26f6e,1,905b384ac5667170689505bbf30f1d07,1900267e848ceeba8fa32d80c1a5f5a8,2018-01-23 03:34:38,80.0,12.9
04e452498b75f049f617f5ed7ffc0633,1,ffc9caf33e2d1e9f44e3e06da19085f7,d06d019f72a04e5497a0b64190af170c,2018-06-03 23:57:56,224.0,9.92
0517f595d01e0c246ac759a754c6ca64,1,2b4609f8948be18874494203496bc318,cc419e0650a3c5ba77189a1882b7556a,2017-10-23 17:08:39,89.99,12.97
054d2d649e0904dbf1f19399094f2826,1,b01d34f6d2545269d348181768eca049,6560211a19b47992c3666cc44a7e94c0,2018-01-16 16:10:08,55.0,21.19
0550cddd79cea841641e17c802d9c403,1,cce3ce6484896041ae3dafdd4308a39c,7ddcbb64b5bc1ef36ca8c151f6ec77df,2017-08-16 06:45:12,1004.99,15.85
05646cef8f5791776e224b7967607b4f,1,d2a2228b3f520f0af299b43ae00c698e,33cbbec1e7e1044aaf11d152172c776f,2018-04-23 06:11:32,22.14,23.28
05691e7046cf3a798bfce39b35377b78,1,5eda4e0f860531d5ba1fe2b23d468cab,116ccb1a1604bc88e4d234a8c23f33de,2018-06-26 15:38:46,169.0,15.57
056a21113c096b87e87743862452a7d3,1,a2da86fa759178e9e58e54aa1a144e59,ea8482cd71df3c1969d7b9473ff13abc,2018-06-20 17:30:40,24.99,18.28
05871d52118762aaae93a3682fc5fe2f,1,451482edc91f59c001a5a3a0e4d594bf,e2aee0892199b1d92530e371abd825bf,2018-08-02 21:05:13,329.0,60.31
0589d8b975f21fea2ad626ea99527911,1,ba01cebc5a3c2494d0a97d4713ec8938,a416b6a846a11724393025641d4edd5e,2018-03-06 16:31:15,201.34,25.96
05ad4f359a4235a593f41f0533fe0457,1,f71973c922ccaab05514a36a8bc741b8,5dceca129747e92ff8ef7a997dc4f8ca,2017-08-30 21:05:19,108.9,33.0
05d46826bd0fb605d6b00e30e9141882,1,e84d1a4a08db13e8dea6d400a1c6a3f0,7f40d06aa0b5f1aa4f41af8c0480e2ef,2018-08-29 19:35:20,49.99,11.37
05d6faf8d3942006edf7cbc669faa965,1,37d2e3656244fd840ebd0460360455cd,dbc22125167c298ef99da25668e1011f,2017-09-14 18:30:18,40.9,17.92
05d7aaa733ad65477075a3b5bf0f1017,1,6c3effec7c8ddba466d4f03f982c7aa3,37515688008a7a40ac93e3b2e4ab203f,2017-10-30 03:49:38,19.9,11.85
05dbe6bf3e09d4e05160a98d0a926bb1,1,29d5359e5182f2c0632e139faf56b663,c3cfdc648177fdbbbb35635a37472c53,2017-10-11 19:14:32,150.0,23.92
061cafafafb36839a8ee7cf19ab807c6,1,b33eafe0578ff59c3c9c0853a365e3b6,9baf5cb77970f539089d09a38bcec5c3,2018-04-04 03:10:51,154.99,11.71
062682155c454b125c630e1deebff4ea,1,b29fcbd778387a0218e2f058e57bce75,d29ba1220fb8634fa3a107e54497b8a4,2018-04-30 08:31:35,84.99,18.47
0627a80d6b5c65e9b212271f845e34da,1,32ad146ce66014dd98fdc2190bc995d6,b6dc74ed30f124f95227bed4e43a3bed,2017-11-14 03:30:34,33.8,42.38
062b1b23a7928be5abeb406e5889e08e,1,67a7c7243c0585ccc44471b5a5c115e9,712e6ed8aa4aa1fa65dab41fed5737e4,2018-04-03 02:07:35,322.0,186.38
0646e0e4885dd8c69dddd6b2742b3b1b,1,d753d967faa594c1c4014dc58966e8e1,0b35c634521043bf4b47e21547b99ab5,2018-02-13 15:11:18,552.8,18.62
064df82a5ad596912cc304c6c72a42bf,1,e24f73b7631ee3fbb2ab700a9acaa258,0cbcee27c791afa0cdcb08587a2013a8,2017-03-03 14:35:16,135.0,15.12
064eacf6619a7203b06b7187bf3a3779,1,dd0dcee76f9c12fff4bc0eb641d57c7f,8b321bb669392f5163d04c59e235e066,2018-01-09 18:17:30,23.7,14.1
067c29bb966641e04d1d7a924aa3157c,1,4d37ead6e95bf651d4ab59453425e7fa,7142540dd4c91e2237acb7e911c4eba2,2017-10-08 21:07:26,59.9,17.67
068c06f0ea08ab32e127f87aafaa834d,1,64fb265487de2238627ce43fe8a67efc,4a3ca9315b744ce9f8e9374361493884,2017-09-18 18:04:35,99.9,17.95
069d921a767dfeb76fb4a7f39bc4217c,1,3fb22448e11f38ac4437c25693fcac1e,b8555308bfdb4ca1ed54325a58da9a97,2018-07-09 16:32:32,144.9,13.31
06b0e5a0e09e97a92ab2614c36c4bea6,1,bf4ff42133c7bced3bda24a521a5e12f,b6d44737c043328708f6749c2dbe50bd,2018-05-09 14:55:03,125.0,21.95
06b491ece3a9bd260341c1ad36870e8b,1,5176d8670222d50ebbe4d4c5dfba2b49,128639473a139ac0f3e5f5ade55873a5,2017-06-08 06:42:52,14.9,16.79
06c2f55902daa48386515225a766e7d1,1,01c9a70868bec5b748c67fcc26ce5895,3c4e0452bff7a2a788179488d3d77032,2017-12-18 19:13:26,99.9,16.46
06fa245bf2ac2f602be83224fc55ae39,1,4b7690d7352318e41ae9594241ac4789,44073f8b7e41514de3b7815dd0237f4f,2017-06-30 19:55:16,65.9,16.22
0700ebb6d2f93a025b6ba09074cb57c2,1,76914818a87f9b6b320e136e17e6ae06,1554a68530182680ad5c8b042c3ab563,2017-04-18 13:22:38,329.9,33.05
0715dfcf2383aa72c181d8b47f6cb589,1,9b4d597238711e4dfc04d98bb2e5ed17,7681ef142fd2c19048da7430856b5588,2018-02-20 10:55:31,76.0,21.02
07460d5693ce1f6577ebd04b4ad091eb,1,461f43be3bdf8844e65b62d9ac2c7a5a,4869f7a5dfa277a7dca6462dcf3b52b2,2017-10-03 08:32:21,159.9,12.62
076d1555fb53a89b0ef4d529e527a0f6,1,a3cd9517ebf5a50dca25acce54f3b171,6fa9202c10491e472dffd59a3e82b2a3,2018-08-07 04:35:22,2338.08,375.28
077700dcf4e3bb4128459fc825a4056c,1,6cd0d08f09a8b32450fd32de16265a74,fa1c13f2614d7b5c4749cbc52fecda94,2017-11-24 12:07:32,199.9,15.15
077743f9ba8964fff85ace5b958e5284,1,e878662b68e175a58b5951e44574d5c8,14ee35374a7876217954b5fa08e50463,2017-12-18 21:52:46,124.0,13.89
077a77e315e3b317121a0af9962e122b,1,5a3564d805d5fb2e52e88bb740d9b4ea,ececbfcff9804a2d6b40f589df8eef2b,2018-05-15 10:58:06,56.8,12.84
078012a290408a687e5802ac7ad6c0aa,1,6c712952b8ef62f8d06a0314917400c8,04aba03279157f6d4e0fe8ccaf21963c,2017-05-23 16:15:16,126.0,15.63
0794929f95ad2d3371bf525e22a2603f,1,6987398dff454a3138231540e2a6ec61,25c5c91f63607446a97b143d2d535d31,2017-11-14 03:30:33,134.0,47.47
08030370edeb35f2f91b73f09f76a49b,1,4c09470b433cef8a5790d7519849a282,5d0363b33554b373851fc1622e4d5f3c,2018-04-17 11:50:15,319.0,28.31
080d1460c228aebf236ed5800edce044,1,341d85d688ecc3353cf2a968e7ad0dbf,620c87c171fb2a6dd6e8bb4dec959fc6,2017-12-29 13:21:41,99.9,15.45
083dcf8ec0ff8aedc0d7ad8063baad80,1,d1c427060a0f73f6b889a5c7c61f2ac4,a1043bafd471dff536d0c462352beb48,2018-04-25 12:31:37,119.0,17.6
084420ecc28fd09f04b4d0c5fa9929e1,1,5de871daae99423d3fcb04edcb6dd1aa,17e34d8224d27a541263c4c64b11a56b,2017-05-29 14:03:21,219.99,17.98
084644a489ac88b4ca68d2aa3dc91292,1,b5fc56b0fd1d8e72bc4f4fa53215c16e,527801b552d0077ffd170872eb49683b,2018-08-29 16:30:46,87.9,18.72
0893ae2dd572c400965d60fa77f45076,1,42ec84ace63b58b8c5a7ba7be01d5fb8,2a84855fd20af891be03bc5924d2b453,2018-07-23 04:35:16,99.9,27.0
08ad3a94339e1bddb2167b3c51faa4ac,1,c354569eefd558bf201d0aedf35608ed,822166ed1e47908f7cfb49946d03c726,2017-08-10 09:55:15,49.9,16.11
08ad3a94339e1bddb2167b3c51faa4ac,2,c354569eefd558bf201d0aedf35608ed,822166ed1e47908f7cfb49946d03c726,2017-08-10 09:55:15,49.9,16.11
08ade2fc02096cf490d463016e5ee02e,1,12dc5e5d178b930cf87cf16e812fc2d5,11bfa66332777660bd0640ee84d47006,2018-01-10 22:50:30,10.6,15.1
08bdb086a562d4a730e238d0ba09be26,1,362b773250263786dd58670d2df42c3b,4c2b230173bb36f9b240f2b8ac11786e,2018-02-14 08:10:24,59.9,14.17
08bdb086a562d4a730e238d0ba09be26,2,362b773250263786dd58670d2df42c3b,4c2b230173bb36f9b240f2b8ac11786e,2018-02-14 08:10:24,59.9,14.17
08bf75dcf867b9f13026785053e87052,1,39aa98469aa7460a9764311b3f8efb12,391fc6631aebcf3004804e51b40bcf1e,2017-08-24 08:05:24,45.95,11.85
08cce5e2a4a4d08e17cef053da98254b,1,3e87e743e56d7fbf4bb9b67399b99a9d,59cea8e446d3834393058e7e0666b6fb,2018-06-26 17:00:49,39.9,18.38
08d70627d548cd883ac394cc5da92d87,1,a9fa0428bc677ac4d0a948fe2982ad1d,2e1c9f22be269ef4643f826c9e650a52,2018-02-20 16:50:25,40.49,14.1
08ec1f862c4cca80515d39b2787601f4,1,380b4664ba5bb18cc9db78ee6bac3558,6560211a19b47992c3666cc44a7e94c0,2017-11-10 15:50:40,29.0,25.63
0900f1b09f4249e09ce4735618757707,1,29f63bab786f598d17b6ebeec83e78d1,c70c1b0d8ca86052f45a432a38b73958,2018-06-25 03:17:56,110.32,15.87
092ae7e7141e3d69ecd0935d97e14fd9,1,e3d56b75987accb32f776ba6c710913e,bd4889b5e9133b35b66e42a8665cea5c,2018-01-25 09:30:59,65.0,17.7
0942763b4318676d85b3185d80f57cd3,1,cbb702235ad267cca951499fa8475606,59fb871bf6f4522a87ba567b42dafecf,2017-09-20 14:50:07,249.99,17.19
095e9e0811476409362d72fa70d73a6c,1,83b92639fffd1d55c9e04c77c86d8d2c,00fc707aaaad2d31347cf883cd2dfe10,2018-02-20 17:50:43,82.0,17.01
09744659d8e64274cf91bb288d9c3aec,1,6cdd53843498f92890544667809f1595,ccc4bbb5f32a6ab2b7066a4130f114e3,2018-07-19 12:50:19,364.0,64.8
0982c70ab125dee2e64f27e5aa2b4fb8,1,0a4093a4af429dc0a9334300e5c13ae5,da8622b14eb17ae2831f4ac5b9dab84a,2018-02-22 02:47:47,29.9,8.11
0982c70ab125dee2e64f27e5aa2b4fb8,2,e0cf79767c5b016251fe139915c59a26,da8622b14eb17ae2831f4ac5b9dab84a,2018-02-22 02:47:47,29.9,8.11
09b8d47d2f753e1c1ee4da43e4429ff5,1,3becff10d1deb92b02f2a1ee62a04524,5b8154610ebb21fb90eb587365e673df,2018-07-31 18:10:12,416.99,46.72
09badf53476a6bda72b4728e858a3433,1,08bcc2d85da3a9c0e2ac1cc28b67418d,5f3ae9136c875522250f8184f253413a,2018-02-09 14:10:47,19.9,11.85
0a0e7f9881dffec612b28e2682242574,1,3dd2a17168ec895c781a9191c1e95ad7,de722cd6dad950a92b7d4f82673f8833,2018-03-01 02:15:48,149.9,19.59
0a10c45a73c3213a1499c3989973849b,1,42a2bd596fda1baef5719cb74f73030c,da8622b14eb17ae2831f4ac5b9dab84a,2018-01-23 03:35:27,89.9,12.33
0a2798cd0ba9166659c07e35ef5eb817,1,75b65bf02912d0c0ec94785f80216982,a673821011d0cec28146ea42f5ab767f,2017-11-27 12:57:37,99.9,34.86
0a32aa7d8d3f344fb31eac306336daac,1,aa70ae9ee9a798d44ae6e00ce6d82cb1,c70c1b0d8ca86052f45a432a38b73958,2018-04-24 10:11:01,110.32,17.48
0a32aa7d8d3f344fb31eac306336daac,2,c589625c8ccc7bfd2e8f1fb041e24c4a,c70c1b0d8ca86052f45a432a38b73958,2018-04-24 10:11:01,110.32,17.48
0a5a2c824e893eb66abd0d869f6c45e6,1,eb8c629f70275fd1c4f809116cce1efc,1025f0e2d44d7041d6cf58b6550e0bfa,2017-09-03 22:30:13,38.4,15.1
0a5a2c824e893eb66abd0d869f6c45e6,2,eb8c629f70275fd1c4f809116cce1efc,1025f0e2d44d7041d6cf58b6550e0bfa,2017-09-03 22:30:13,38.4,15.1
0a5a2c824e893eb66abd0d869f6c45e6,3,eb8c629f70275fd1c4f809116cce1efc,1025f0e2d44d7041d6cf58b6550e0bfa,2017-09-03 22:30:13,38.4,15.1
0a8f35ef46160ef897c27ba8c423d823,1,3a002b488f85e2b30838e413c9241f18,dbb9b48c841a0e39e21f98e1a6b2ec3e,2017-03-22 14:12:58,44.9,14.52
0a9578b7213cdc97d31f2e5b5a359bdf,1,19a6ffd4e245a92747a693805163a60f,7299e27ed73d2ad986de7f7c77d919fa,2018-05-07 19:13:22,60.0,22.13
0a9a43ac5fe59c6c4bee2a8f9b9fcce8,1,c1aabbb6f4caec9f5bf7cd80519d6cc0,579891617139df7d8671d373f0669622,2018-07-09 07:30:35,39.9,18.38
0ac247d71d19fc1748abb7e53af648af,1,cef6b1cb351ebdaec947e31ad360f5db,5cf13accae3222c70a9cac40818ae839,2017-11-23 18:26:18,99.9,16.46
0af905b4a536b95528b4eb5dd2c192da,1,418d480693f2f01e9cf4568db0346d28,12b9676b00f60f3b700e83af21824c0e,2018-03-22 17:28:46,199.0,23.9
0b27e5029dd7bd0891b5da96fa33a93b,1,2610a3a6c0250a7f4411801a8cf376c7,8d956fec2e4337affcb520f56fd8cbfd,2018-08-22 11:49:51,55.65,52.74
0b3580bfab9b4aa7c6b53769a4ee5189,1,c6ea63369936552872ae890c82175b4b,37be5a7c751166fbc5f8ccba4119e043,2017-07-05 04:15:23,205.0,22.27
0b8c594f80a7db56ea4927af84e45203,1,30a47cc354b9607076272300c899dce9,855668e0971d4dfd7bef1b6a4133b41b,2018-04-11 02:50:21,55.0,8.64
0bb7e708846c7f44630a64e18292bb87,1,8a443635fdf9759915c9be5be2e3b862,da8622b14eb17ae2831f4ac5b9dab84a,2017-10-04 17:30:17,99.9,13.72
0bc9cc637f074aa7df9fb7f206125066,1,ebee6703e867082f455a058a8bd04092,fc906263ca5083d09dce42fe02247800,2017-05-31 13:33:53,39.0,14.1
0be5691eb4c245d190a1e194494f754d,1,f4b952dd7ab601c02bb1bd06395f45f6,86ccac0b835037332a596a33b6949ee1,2017-09-12 15:50:35,79.9,17.81
0c1131dcb8c6ec0c895af6aea3e70983,1,2a5806f10d0f00e5ad032dd2e3c8806e,7c67e1448b00f6e969d365cea6b010ab,2018-03-19 04:15:31,169.99,48.11
0c29afa3d55c9d983ff14ae80e79984a,1,6abd84909e8ed79ef808c16f90b91093,da8622b14eb17ae2831f4ac5b9dab84a,2018-01-15 18:49:43,29.9,8.11
0c29afa3d55c9d983ff14ae80e79984a,2,6abd84909e8ed79ef808c16f90b91093,da8622b14eb17ae2831f4ac5b9dab84a,2018-01-15 18:49:43,29.9,8.11
0c2cc9644e4c9bb77092c7971cc436bc,1,bd2208216bc0c202640ae18c57e0f483,68f86ba270525243e68ae74044f992b9,2017-08-25 17:06:03,69.0,15.24
0c2cc9644e4c9bb77092c7971cc436bc,2,bd2208216bc0c202640ae18c57e0f483,68f86ba270525243e68ae74044f992b9,2017-08-25 17:06:03,69.0,15.24
0c2ffdbbbd418a6e9f2bb7fa8ebd9b35,1,3554200c1d7f3b4b39a0ae68aa1c0a54,cd6efc47efaabf134f8bdb654e10b4f1,2018-06-21 11:32:01,163.0,28.12
0c4d9abe48221137e67e9d01a442df13,1,c756c946d61f5ffc068418badfb6302c,6560211a19b47992c3666cc44a7e94c0,2017-12-08 17:14:35,55.0,7.78
0c57cbfd927d9e62af8beee6d48920b7,1,2b7bb91ceee2bfa598986638fb136ba4,bbaff50f3b708fda865918715276cd87,2018-08-12 21:50:13,26.0,7.44
0c57cbfd927d9e62af8beee6d48920b7,2,779e74ce337266c06bf392935ab34bc8,bbaff50f3b708fda865918715276cd87,2018-08-12 21:50:13,26.0,7.44
0c57cbfd927d9e62af8beee6d48920b7,3,3ead2a8b3b92444cfac54979d56c7993,bbaff50f3b708fda865918715276cd87,2018-08-12 21:50:13,26.0,7.44
0c57cbfd927d9e62af8beee6d48920b7,4,eeab31cd2a4bcd64e6b249e0a674b3a8,bbaff50f3b708fda865918715276cd87,2018-08-12 21:50:13,26.0,7.44
0c57cbfd927d9e62af8beee6d48920b7,5,1b0e9a414e59a00b13262ffb248ed9b4,bbaff50f3b708fda865918715276cd87,2018-08-12 21:50:13,26.0,7.44
0c5a7b3c5703837ef40113972224a978,1,59f09deeea7c839a9212a19f3416b892,729f06993dac8e860d4f02d7088ca48a,2018-04-05 20:27:19,379.9,68.61
0c7a17af18a4180dbfee261ce22edb69,1,79366d6a24de9351b7ca6e3cf75a68ec,cc3d14116804f7209f3884f6367f1152,2018-03-28 17:50:31,193.0,12.45
0cb87161e7b8247087cc93117f44a6a6,1,af63237de5e7f1f9c067f7b7c506287e,c72de06d72748d1a0dfb2125be43ba63,2018-06-22 07:11:43,539.0,91.28
0cc25005d4c6ad2b8ca080644cee93d8,1,59ebd2c07d59483d0855b5b3d5e18728,ea8482cd71df3c1969d7b9473ff13abc,2017-11-30 06:31:35,27.99,7.78
0ccc4d2c7102c48188f50be5107fe442,1,0466aacbd155769293483722a2e5bead,039e6ad9dae79614493083e241147386,2018-08-06 21:06:10,1670.0,68.17
0ce1d0a0c2f36c2ba5f02094119bbebd,1,eee02ac99af9217137a2ef5eaad20376,36a968b544695394e4e9d7572688598f,2018-02-19 16:27:24,207.9,10.2
0cf4406688aab4ea5593cc48304e8887,1,462646c1c1495199e63684d79e6e0d1b,891071be6ba827b591264c90c2ae8a63,2018-08-14 02:45:20,24.99,7.44
0d02b771eedf655d493ce414a9a7abd1,1,5dee2c14e1989141e15d341d4c62d72a,670c26e0f1bf8d0576271d5cfaec6d2b,2018-02-06 19:29:26,87.9,25.9
0d06a5815afe53875fb7bf4b7437fe8b,1,6a057a401eab3b3cb8083d9e42972233,e64d65bc8dbec2accda90c58de5d1246,2017-11-30 16:19:06,129.9,18.16
0d10abc3bc3707c914cf5197ed2eb31e,1,033fe931444d66d788d53aca5b7b22d5,028872bfa080090a9d0abd4f1af168f8,2017-08-24 09:25:11,23.5,15.79
0d10abc3bc3707c914cf5197ed2eb31e,2,033fe931444d66d788d53aca5b7b22d5,028872bfa080090a9d0abd4f1af168f8,2017-08-24 09:25:11,23.5,15.79
0d10abc3bc3707c914cf5197ed2eb31e,3,033fe931444d66d788d53aca5b7b22d5,028872bfa080090a9d0abd4f1af168f8,2017-08-24 09:25:11,23.5,15.79
0d3268bad9b086af767785e3f0fc0133,1,ec165cd31c50585786ffda6feff5d0a6,8bdd8e3fd58bafa48af76b2c5fd71974,2018-07-05 21:29:54,188.99,15.63
0d4a6a514fd319d11eda911eda30da6a,1,4c2394abfbac7ff59ec7a420918562fa,cc419e0650a3c5ba77189a1882b7556a,2017-12-20 14:56:53,84.99,19.13
0d541e7454eb298f2548f6c161741ddb,1,a62e25e09e05e6faf31d90c6ec1aa3d1,634964b17796e64304cadf1ad3050fb7,2018-02-22 02:35:48,108.0,15.52
0d66368d8615f7b306db970f3ba475ee,1,c20fbbd4ccf2f7da70e150689a6a905f,620c87c171fb2a6dd6e8bb4dec959fc6,2017-09-14 10:30:28,309.9,9.91
0dac27d443a138000f35bd9137ecd1fc,1,4fe644d766c7566dbc46fb851363cb3b,c31eff8334d6b3047ed34bebd4d62c36,2018-01-18 02:31:37,139.99,21.47
0db1181e0778609b581bf9a95b17f313,1,e53e557d5a159f5aa2c5e995dfdf244b,0b90b6df587eb83608a64ea8b390cf07,2018-01-26 03:50:01,99.56,12.83
0db67754b16d1c810f66a42f0f726359,1,5a8f056272cbc4ea04c72f989fcb85f8,02c988090b766852e088c69d7fb3b551,2018-04-20 13:11:25,180.9,18.85
0dbd48af8e89b595eec029357764af2b,1,9ddd762ee8a13576a809dc66f22aa2b5,da8622b14eb17ae2831f4ac5b9dab84a,2018-06-12 18:18:57,199.9,27.48
0dbd48af8e89b595eec029357764af2b,2,51ce083cd2b9078656a94655ab45b8a4,da8622b14eb17ae2831f4ac5b9dab84a,2018-06-12 18:18:57,199.9,27.48
0dca3fc331e8c1be1dd82ecb2689f3af,1,362b773250263786dd58670d2df42c3b,4c2b230173bb36f9b240f2b8ac11786e,2018-03-21 03:30:57,59.9,15.3
0dca3fc331e8c1be1dd82ecb2689f3af,2,362b773250263786dd58670d2df42c3b,4c2b230173bb36f9b240f2b8ac11786e,2018-03-21 03:30:57,59.9,15.3
0dca3fc331e8c1be1dd82ecb2689f3af,3,362b773250263786dd58670d2df42c3b,4c2b230173bb36f9b240f2b8ac11786e,2018-03-21 03:30:57,59.9,15.3
0dfa1a2ce4218fe50a09559609703829,1,6cdd53843498f92890544667809f1595,ccc4bbb5f32a6ab2b7066a4130f114e3,2018-06-26 21:58:36,364.0,14.04
0e3338b5499d77ae55c16c4e1c9f30e9,1,e9a69340883a438c3f91739d14d3a56d,1b4c3a6f53068f0b6944d2d005c9fc89,2018-06-13 04:30:32,159.49,20.37
0e6cacd64f68d4bc8b0cd488367ac297,1,8dc8cdb4e5a2d2f2af019bc5a255e907,e333046ce6517bd8bb510291d44f0130,2017-12-07 23:30:58,49.0,17.6
0e708996976c68e134fee66107305c6a,1,a45af86c4a7948f5fabbb5b0132475cd,e63e8bfa530fb16910dd6956e592bb81,2018-03-19 03:50:45,28.9,12.79
0e8b07d6fde25fe5cd3d67ad93943b4e,1,f567d4c09e85e4faf20f896b363fb827,b26741d31a563d769b4af0465ab20c56,2018-04-02 16:30:11,349.0,29.5
0ea948e1fe88f71d0724adcdf03f3a1a,1,7a5d0e89d069c89b2112e9da539343c2,688756f717c462a206ad854c5027a64a,2018-07-04 20:50:10,119.0,27.13
0ead7996f8952fba09e18bed9872414e,1,777d2e438a1b645f3aec9bd57e92672c,4a3ca9315b744ce9f8e9374361493884,2017-04-27 02:50:33,69.9,17.33
0ed85071f4330f23eb0a71d4c26ded6a,1,a7ae89769bab33a607946e0fb4a9c7c9,edd066cd02126d7800f9b66e980e9931,2018-06-19 07:53:27,99.0,14.56
0f121110b75ef7c38c79d67833c49830,1,338925450cde31710e3fd65b8bac0b1f,17f51e7198701186712e53a39c564617,2017-09-29 10:25:47,760.0,196.86
0f2335c85eae6c232fa46499d5e1e3d2,1,b192be433004cc1f10b467c0e9ea309b,de722cd6dad950a92b7d4f82673f8833,2018-06-13 17:20:47,197.5,24.53
0f38051157b7ad1d4e0b6c5d20de6ae7,1,fedbf77eb491dfc9ac276b9ea9ee10c6,688756f717c462a206ad854c5027a64a,2018-08-07 02:35:12,20.0,18.83
0f38051157b7ad1d4e0b6c5d20de6ae7,2,fedbf77eb491dfc9ac276b9ea9ee10c6,688756f717c462a206ad854c5027a64a,2018-08-07 02:35:12,20.0,18.83
0f38051157b7ad1d4e0b6c5d20de6ae7,3,0437850bd55b9b2b9cf104b59a611666,5cbbd5a299cab112b7bf23862255e43e,2018-08-06 02:35:12,19.87,6.28
0f38051157b7ad1d4e0b6c5d20de6ae7,4,fedbf77eb491dfc9ac276b9ea9ee10c6,688756f717c462a206ad854c5027a64a,2018-08-07 02:35:12,20.0,18.83
0f57f8c8546ce0d3837910801250d944,1,9b9d1c4bd979b93c138044e032f99780,7a67c85e85bb2ce8582c35f2203ad736,2017-08-23 21:10:18,99.99,11.9
0f6c56738e9a7a30c78b735a231d3f56,1,4b54b3c4276e14492c3b466f49583f72,ef990a83bbea832f36ebe81376335aa8,2018-08-14 18:55:15,148.0,22.64
0f6c56738e9a7a30c78b735a231d3f56,2,81e5968d5cc613a7fb67502880db9946,6ddc28b61be28373b4503a1f61cf98a9,2018-08-14 18:55:15,156.9,22.64
0f740a04b4f5fce0611344905b62332c,1,06edb72f1e0c64b14c5b79353f7abea3,391fc6631aebcf3004804e51b40bcf1e,2017-12-11 19:57:37,39.99,11.85
0f77d110146ab4471e3492fa504f6377,1,151133751552ad5bdd6645dfdcb0e728,1e8b33f18b4f7598d87f5cbee2282cc2,2018-02-13 00:10:33,75.5,17.78
0f7dc069548c19f11ff030e2433b8c08,1,ba3a1e2c6cc1fb7a27dd74916212e6fb,827f8f69dfa529c561901c4f2e0f332f,2017-09-04 04:44:55,29.9,15.1
0fabec205828671bd770bcde304a41b3,1,83b23a333b811855258c5ec9431f6d3e,1da3aeb70d7989d1e6d9b0e887f97c23,2018-03-23 14:29:43,16.0,18.23
0fc5deb2df203e00080d925c2c8d1dfd,1,2f79f1782a0ab54f3a912a844b00ca66,1554a68530182680ad5c8b042c3ab563,2018-07-25 15:24:08,179.9,23.01
0fc664e3e9937dfcef8a126f89b976ad,1,1e56c680b07833e85fec6904b2c7e4b8,f789d2c4f2c2eb38fc4373e7a4b35264,2018-08-07 07:25:08,69.99,18.59
0fe1829613c45b423f51aa8949dd8d57,1,5fff011a1080f30f5ef452bf7ea65820,bd697db56ff8e7c9cd1abeb7f72029b2,2017-04-10 13:45:14,149.99,16.26
10016b700b98966403aafded9f2e168d,1,88d07a97123a341509effc395bf418c8,f45122a9ab94eb4f3f8953578bc0c560,2017-11-30 16:33:34,29.9,15.1
102dc75f04e28c228169dedb666dcd3e,1,642a40d4d73b4b2604968937de13634a,d2374cbcbb3ca4ab1086534108cc3ab7,2017-12-15 11:37:23,12.9,15.1
103a7b5711f736d920fcb1fe4bd28bcb,1,c4baedd846ed09b85f78a781b522f126,a1043bafd471dff536d0c462352beb48,2017-06-14 03:05:23,109.99,38.29
106b004da4aaa8f41d0115b6a7829a1a,1,aca2eb7d00ea1a7b8ebd4e68314663af,955fee9216a65b617aa5c0531780ce60,2018-05-04 03:51:00,69.9,12.43
1073c39f7b5d5091bb6dfd342d1f4be0,1,3a05a947f28cf46d789adedc107d7595,87142160b41353c4e5fca2360caf6f92,2018-03-12 21:11:00,119.9,24.22
10a2d53148bb79d540a6a2e7cb706cea,1,b8b426747049f2d3d6e00b486d47dedb,01fdefa7697d26ad920e9e0346d4bd1b,2017-12-13 03:11:49,104.99,19.97
10a419c662c88c75ed796f78bc88d31b,1,19956d26cd122df3d47e86b631f1bf4c,0509040ea3fe50071181bbc359eb7738,2018-03-14 02:15:57,41.5,16.32
10ed58c723182bd11f81473b383432de,1,906b864d4d4058844e5187d9fb4109a3,53e4c6e0f4312d4d2107a8c9cddf45cd,2017-05-11 18:55:20,71.0,12.84
10f288cd8e6f4add2454d845e9df5af6,1,0b0c04563408d8d1187cdbd6292a89fa,891071be6ba827b591264c90c2ae8a63,2017-11-30 04:55:33,29.99,11.85
10f69c462a2c700cf1b141b9874af717,1,ec529a51d3a0832578dc8ca51574d2bd,5c853bb56f70f4d14218944bae111d7a,2018-07-25 16:42:33,12.99,7.39
1146fb180e28dfbfdbfabd7249026429,1,827c4a77226a3e7ef259d61eaa775df9,b14db04aa7881970e83ffa9426897925,2018-03-01 11:30:40,39.9,13.37
1146fb180e28dfbfdbfabd7249026429,2,827c4a77226a3e7ef259d61eaa775df9,b14db04aa7881970e83ffa9426897925,2018-03-01 11:30:40,39.9,13.37
11500a4af311587353f096722f1ba4fc,1,617186c3d97ea56c9c683a8a3974e8c1,cc419e0650a3c5ba77189a1882b7556a,2017-12-26 23:14:28,84.99,9.41
116916cf522fb4386293fb7cfa886e7e,1,ebc714d9f070a89f4d411982ea9670fb,46dc3b2cc0980fb8ec44634e21d2718e,2017-08-31 00:05:54,449.99,35.6
1170def5f575ee492231108cb5185570,1,e4fad067efcea03c66a5fa661d391603,620c87c171fb2a6dd6e8bb4dec959fc6,2018-05-14 04:14:17,69.9,13.48
1170def5f575ee492231108cb5185570,2,a0b706aace06abff783f614e8b01b760,620c87c171fb2a6dd6e8bb4dec959fc6,2018-05-14 04:14:17,69.9,13.48
1175d97a3d270dddf3146abe7f5e4934,1,530a4d5b0359677df7cb03484804509e,e53d5b9b29d1218281f4a907ada18626,2018-08-23 14:15:32,40.71,22.22
11a9088002b4fdb9c21827b2b585dcf7,1,6e9e036c6017814b391e3059fdc9d315,edb1ef5e36e0c8cd84eb3c9b003e486d,2018-05-17 09:31:06,669.65,23.03
11a9088002b4fdb9c21827b2b585dcf7,2,a9b36aaa68ebd315701524c822800f29,1ce3ae5a399804d1a87e706f8a813c3e,2018-05-17 09:31:06,79.9,23.03
11b7adfd63537ace6ab5ede1feb62610,1,d017a2151d543a9885604dc62a3d9dcc,6560211a19b47992c3666cc44a7e94c0,2018-06-29 03:32:23,49.0,13.0
122804b6e70597eca700595473d8297b,1,8a1e1c6e48f0d275628e3c626d57257f,bf100ecb7997df312b285358fb32f92c,2017-07-20 12:55:13,54.9,15.13
123609d09763b3bd86c2046f54b391e6,1,97b72ed1900f2af848c76555d62033de,d91fb3b7d041e83b64a00a3edfb37e4f,2017-08-31 00:35:25,43.0,16.25
124c8d5fee5f49a8d7a8535b5bea6e69,1,81abb619b6717f1ff31f79e5d73a215b,38e6dada03429a47197d5d584d793b41,2017-10-05 02:14:29,24.1,9.34
127808959bd2d08cdefdf3015fa205a2,1,efa490145b5cc82438b6a6de691535fa,8d956fec2e4337affcb520f56fd8cbfd,2018-05-03 15:53:37,46.99,19.04
128a17800e8fc3801c814f3f921418b0,1,b21239d9e018b809f9c5a9707b214235,1900267e848ceeba8fa32d80c1a5f5a8,2018-08-02 04:05:38,54.99,13.97
129538e4bc7308e9ab041540283813f2,1,e282624d8c82e04983f125e167eb4521,2138ccb85b11a4ec1e37afbd1c8eda1f,2017-03-21 21:50:14,18.99,10.96
12a6df267536bb8c253d9e7bb8b9e4aa,1,165f86fe8b799a708a20ee4ba125c289,7ddcbb64b5bc1ef36ca8c151f6ec77df,2017-12-07 19:51:27,166.99,15.92
12bac66f44df6a103bb5b982c45f5617,1,232906919fb046e3d050f8dd336b2634,7f7b8245c336066a1f9933c359f11d77,2018-05-14 09:15:18,8.9,7.87
12c8abab1047518ce64899cb2c2966b7,1,d47f1895ec4f641a519a65d73d2157b5,4830e40640734fc1c52cd21127c341d4,2017-12-11 11:58:27,29.99,14.1
12c8abab1047518ce64899cb2c2966b7,2,d47f1895ec4f641a519a65d73d2157b5,4830e40640734fc1c52cd21127c341d4,2017-12-11 11:58:27,29.99,14.1
12d46788e71b703634c01cdcd4946e7a,1,d1c427060a0f73f6b889a5c7c61f2ac4,a1043bafd471dff536d0c462352beb48,2018-01-03 04:12:32,149.99,23.85
12e41d433221ec81392012706ab20ff7,1,25d22295e68fa5bc9fff2b947a3eaeb5,dbc22125167c298ef99da25668e1011f,2017-10-11 11:49:30,105.9,14.47
12f3c6723ad757676360f2b5bd8ce007,1,98615693c104cb69e8746bdbad198317,f08c008c8a8d31417763738a1788a2a8,2018-01-25 18:32:27,39.9,14.1
12fb3c36ed38cd5bf01aa6b287d4acfb,1,5f21301936c11698db6aee5444190da0,fe2032dab1a61af8794248c8196565c9,2017-12-11 04:17:45,134.9,15.7
12fd4ba303cb9951f45b3ce9b6ba764b,1,7c24503a64637f3ab756ed1b44826747,0432ead42b6c8a0bdf68154add917fdf,2018-03-22 21:30:28,35.9,22.85
132ab6f8e1c86c21b064ee8832129bb1,1,349ce46a0e2e20054aa9d80c48af8816,d6b1ce66b035a475f00c017792ff9769,2018-08-23 04:31:39,169.99,23.99
1353506aaf9cbe711a4d41f9442d4167,1,66077cc774ac8ba7c7fcb45fd8e03474,01cf7e3d21494c41fb86034f2e714fa1,2017-07-31 03:30:31,99.9,17.95
135873f19ffdd8c0841b7e7b7c45220c,1,89321f94e35fc6d7903d36f74e351d40,16090f2ca825584b5a147ab24aa30c86,2018-07-23 07:30:08,27.9,7.46
137135c30e53ddac60ef16b8ef6d4d54,1,1a42ea14c75ffc04ad584513567457dc,7139dc5186aa238b006e066d8fbab2e4,2018-03-01 12:09:36,101.0,33.16
13915b8e35e0ca97dcbdf2cffe7233c5,1,dbb4ce89c8ed5fb6fd901e2e51093179,91f848e9f4be368f4318775aac733370,2017-07-03 12:33:59,89.9,21.12
1391638490f9af630fb84f5da6f40843,1,4f8303640418a925cc83a18d2caf0dbe,f9f68daa2af419d38f745478bcb3da1a,2017-05-03 09:15:15,11.2,10.96
1397417a57ad1bbfe8d639df8cdee908,1,01cf7c4cffff8db0a1cbe612bd2d50a4,f7720c4fa8e3aba4546301ab80ea1f1b,2018-07-05 18:31:03,17.75,35.09
1397417a57ad1bbfe8d639df8cdee908,2,53b36df67ebb7c41585e8d54d6772e08,7d13fca15225358621be4086e1eb0964,2018-07-06 18:31:03,119.0,2.11
13de2b3aeb8d30a32011cb0017beaff8,1,2e64d11879c5bbda600381dbb5452a38,1eade46fba20122dc4aefb379f8c636b,2017-07-18 17:55:16,81.9,11.78
13ff6c4c055b81a28af3b21f157f4255,1,75d6b6963340c6063f7f4cfcccfe6a30,cc419e0650a3c5ba77189a1882b7556a,2017-12-01 13:31:55,56.99,8.72
1404879b6eab59758d3d92fc8f504f98,1,10adb53d8faa890ca7c2f0cbcb68d777,1900267e848ceeba8fa32d80c1a5f5a8,2018-05-15 03:11:43,19.9,12.79
1415b17c0425330751b1b6770dc5db23,1,4a266296cc64880551c3efad9739fb2e,f5a590cf36251cf1162ea35bef76fe84,2018-04-26 14:31:42,315.0,20.29
1428d5591252000b5c73e00f91d4889a,1,70e4915197d6c96ebbed11364d8ce3bd,18a349e75d307f4b4cc646a691ed4216,2018-06-14 13:10:05,100.59,9.06
1439c73f16c16e5ec78a3b2ff4e4f73e,1,ea44caac707f7f1325182a538007f838,855668e0971d4dfd7bef1b6a4133b41b,2017-08-31 00:15:31,50.0,16.6
1473319e2ff85803b7e969a788740cda,1,ae7d8348fbef50928a680454fffbca00,e58a5b390e28abc0b216cfb0e07d27d7,2018-07-18 00:35:11,69.9,18.59
1475652ad485c6469bd02393c70fdaa9,1,36c2fb4fa746273709c373f6d6ec6796,00ee68308b45bc5e2660cd833c3f81cc,2018-01-18 22:49:38,70.0,11.73
1475b48ac68609bab99db5b786eb00e6,1,5a848e4ab52fd5445cdc07aab1c40e48,c826c40d7b19f62a09e2d7c5e7295ee2,2018-04-02 14:10:19,122.99,15.74
1491a4777b694dc4c2e8916fd9a99b1e,1,c055bf6d7dda1345d1226b0b3bb42485,f84a00e60c73a49e7e851c9bdca3a5bb,2018-01-25 18:35:20,92.0,19.88
14bd11245c3ec97c47db26f0e5d88743,1,77b49ce38659731ae58ff7404a8cf515,c0098efcf800861dcae589affca31408,2018-01-23 17:27:35,54.99,11.88
14ec71016ffcd03db4fac8ce56278da5,1,74ba0cd1f694e0751c7240443e5a038b,5305693ffae2d3463377b1f6fe67b15a,2018-01-08 10:50:02,93.56,12.99
1501eaa2540a52164308d1dc061f89e0,1,99a4788cb24856965c36a24e339b6058,4a3ca9315b744ce9f8e9374361493884,2017-04-26 06:55:15,89.9,14.8
151137bf7ab537c1a2da6bba1368d87d,1,03a20f79e4c056b48ce29b3e30beb0fb,6fc26fe110feebd80a433e1f012a84f9,2017-09-12 14:05:17,59.0,16.17
151137bf7ab537c1a2da6bba1368d87d,2,03a20f79e4c056b48ce29b3e30beb0fb,6fc26fe110feebd80a433e1f012a84f9,2017-09-12 14:05:17,59.0,16.17
152c82feee7072e62c6496ad13cc188d,1,dc82a2ed47df56af6090d6ffbd165e4a,7ea5bfa6c340f58f8e71fc1f0412b0d6,2018-07-27 16:04:47,39.75,22.21
154296963babe7e6f491818cb07b17ba,1,f3c5707e7c539ab6533e3611da02b648,d1c281d3ae149232351cd8c8cc885f0d,2018-03-29 02:15:25,144.99,31.66
15623f35d6d5eaa2fcd185a613927e86,1,d04bbac48960ecb7ea311b00ca6e1cb7,0dd184061fb0eaa7ca37932c68ab91c5,2018-04-26 07:30:55,104.0,27.8
156254aa58b87bb7bad0f9e82f9bd5f9,1,d1c427060a0f73f6b889a5c7c61f2ac4,a1043bafd471dff536d0c462352beb48,2018-02-07 12:33:18,149.0,40.37
1570fe1d14badec761d75ca93916bd6a,1,368c6c730842d78016ad823897a372db,1f50f920176fa81dab994f9023523100,2018-06-04 18:54:56,49.9,13.52
1570fe1d14badec761d75ca93916bd6a,2,368c6c730842d78016ad823897a372db,1f50f920176fa81dab994f9023523100,2018-06-04 18:54:56,49.9,13.52
15835b4cf971838ce051b97200baa5ac,1,265f4031e6bbb8ee2c1590baca25c89f,ce616e1913288884e7742faac9d981db,2018-06-18 13:43:37,15.9,7.39
15835b4cf971838ce051b97200baa5ac,2,265f4031e6bbb8ee2c1590baca25c89f,ce616e1913288884e7742faac9d981db,2018-06-18 13:43:37,15.9,7.39
158a3c94f1c31ab6a1e4b818c150ef70,1,f7a17d2c51d9df89a4f1711c4ac17f33,f8db351d8c4c4c22c6835c19a46f01b0,2018-01-12 20:48:35,49.9,9.27
15b9bbc3bfc272e14a8da450ed7867c2,1,887c03038c774a15272a3e75ca7b4fa7,de9727ca376d1be6ec121b110aa7954c,2018-05-24 14:30:39,68.9,13.6
15fbcfbb34bc49b1bd1cdbbb676de135,1,a62e25e09e05e6faf31d90c6ec1aa3d1,634964b17796e64304cadf1ad3050fb7,2018-06-18 03:13:22,105.0,23.66
16292a9c0445a1d618c28b154f1a6fbe,1,d89b65ae21c1eed8128aafb8c3c553fe,bba74270a87732727b5a3b4fd9ac1c39,2018-06-08 13:31:05,109.99,27.32
164aa207e1b3a4ae050656051249e753,1,34b91723112fa9ebf6b4d6b4db4a6741,850f4f8af5ea87287ac68de36e29107f,2017-07-10 16:15:21,499.9,20.75
1662797f04736ea5acb5de67d5672fcc,1,1fa0faff5eafb13003f9559ebe6becb3,6560211a19b47992c3666cc44a7e94c0,2018-03-22 19:55:22,59.0,15.29
16647da0639fd5db20f1e8de9305bc5c,1,06edb72f1e0c64b14c5b79353f7abea3,391fc6631aebcf3004804e51b40bcf1e,2018-01-24 20:50:43,39.99,34.15
1679d1eb7779b27771375628ff2f95f7,1,729c55b4509d36c18b86f0bacc17ca5d,ea8482cd71df3c1969d7b9473ff13abc,2017-11-30 09:34:26,24.99,7.78
169f444739d294d19e4103e460d963d4,1,87cb507e0daa37bbf34956fd59eba832,6560211a19b47992c3666cc44a7e94c0,2018-01-26 14:00:22,29.0,16.79
169f444739d294d19e4103e460d963d4,2,186fe07c8b8005ec6a498587ffbc1352,6560211a19b47992c3666cc44a7e94c0,2018-01-26 14:00:22,29.0,16.79
16b1ca4005cd15dce41f3431902ba314,1,5e3555ed62835dd67704d40a72678cfd,bbad7e518d7af88a0897397ffdca1979,2017-06-19 22:55:19,39.9,17.63
16be5e70ff2ab4fa7caf1f4350750711,1,a79e27ad902bfc67386ea63ed1ef7a08,e59aa562b9f8076dd550fcddf0e73491,2018-03-05 16:15:41,25.0,15.79
16d9b91dbb8de7843ced59fe9c4ca61a,1,2f52d0d10362af85da6cc7f901832523,b4ffb71f0cb1b1c3d63fad021ecf93e1,2017-09-11 09:25:14,18.0,11.85
16e6abd6364ba99a3513c39f0e27145e,1,777d2e438a1b645f3aec9bd57e92672c,4a3ca9315b744ce9f8e9374361493884,2018-01-18 23:12:20,69.9,17.74
16e9aa07e3c0747d339a73bf9c1d275d,1,44fded21627553d1886d459384bbce06,8b321bb669392f5163d04c59e235e066,2018-04-23 22:51:53,15.0,19.04
16e9aa07e3c0747d339a73bf9c1d275d,2,44fded21627553d1886d459384bbce06,8b321bb669392f5163d04c59e235e066,2018-04-23 22:51:53,15.0,19.04
16efc11ccab2e8a17656020f80cd39e3,1,75c859dbba6358947a27d204801125a6,8759e7aedd644f487315e5860962f162,2017-12-11 04:11:45,209.0,46.93
1704f22579a5be1ff00ac2cdcc1e582c,1,b58353f3c743b266e48dabef728bc0d0,4e922959ae960d389249c378d1c939f5,2017-08-10 04:25:36,69.9,15.24
171a1f1ee5fb6ee190e46e3a9dbf85c7,1,a02d0123079f4ae96001ba2010d1a2df,1025f0e2d44d7041d6cf58b6550e0bfa,2018-07-30 10:23:55,228.0,34.68
17220c71a949903772f1ed32292ee69f,1,04d1e516df784ab0cc7cb3b74a0933d2,f3c38ab652836d21de61fb8314b69182,2018-07-20 18:50:25,17.0,18.23
1758ad531fb74f63e2ce97f1791a1325,1,08574b074924071f4e201e151b152b4e,001cca7ae9ae17fb1caed9dfb1094831,2017-05-31 02:50:14,89.0,54.89
1782944168d9dc2fcfd025bc44d898c8,1,dbaeb92cf0908499e8a6f00a9964a6a6,f8db351d8c4c4c22c6835c19a46f01b0,2017-03-21 01:34:41,29.9,10.96
178a25841b0490cf789963c9a98cac1e,1,75d7ef43c821730d335b779416ef824e,c013e57c075a06e5b5c48ee03c525719,2018-05-21 04:30:50,42.99,19.32
179e23361d372901e40a92f8c29bd61d,1,9e10eb05d9f369d5c38c475425cc2ee9,1ca7077d890b907f89be8c954a02686a,2017-12-15 17:50:20,35.0,14.35
179e23361d372901e40a92f8c29bd61d,2,ad1128daf194f4b6ac4256e16233497c,1ca7077d890b907f89be8c954a02686a,2017-12-15 17:50:20,45.0,14.35
179e23361d372901e40a92f8c29bd61d,3,f3a1a865ba61412ac17ab53f1a9c0082,7c1fea10b5b006671d608b1d7c446ec4,2017-12-15 17:50:20,29.9,14.35
179e23361d372901e40a92f8c29bd61d,4,33e79119cfaa0e1f7122bf00b10426bc,7040e82f899a04d1b434b795a43b4617,2017-12-15 17:50:20,19.9,14.35
17c378811f6ab30e2c7d554f2d4fbd44,1,97c948ebc8c04b26b7bbb095d4228f2a,17f51e7198701186712e53a39c564617,2017-08-11 20:50:26,1050.0,250.57
17d1c72c26f43dbcb91705626271e2f0,1,6c712952b8ef62f8d06a0314917400c8,620c87c171fb2a6dd6e8bb4dec959fc6,2017-11-08 17:25:53,79.9,21.3
17d1c72c26f43dbcb91705626271e2f0,2,6c712952b8ef62f8d06a0314917400c8,620c87c171fb2a6dd6e8bb4dec959fc6,2017-11-08 17:25:53,79.9,21.3
1801ac1e33ecd0aaf015d7b7c0e70204,1,3d250bb3d2b89c9bea15327aed52d8ca,094ced053e257ae8cae57205592d6712,2018-08-03 03:45:09,44.9,12.97
181ff95f97fee531c4afa9e882186f18,1,585e7f7e97e55cb9e74556236b43b0be,dfa0c4c6229ab200a4a1336b4d7128ff,2018-06-26 14:32:11,26.9,15.29
181ff95f97fee531c4afa9e882186f18,2,585e7f7e97e55cb9e74556236b43b0be,dfa0c4c6229ab200a4a1336b4d7128ff,2018-06-26 14:32:11,26.9,15.29
181ff95f97fee531c4afa9e882186f18,3,585e7f7e97e55cb9e74556236b43b0be,dfa0c4c6229ab200a4a1336b4d7128ff,2018-06-26 14:32:11,26.9,15.29
18233451c81fa4cf187fae71d8e8a299,1,dc84e20150e6742b653dfdd592c4bd42,7b07b3c7487f0ea825fc6df75abd658b,2017-12-06 02:21:47,99.8,15.45
18365e069e7aa176d76d25df0a233e6a,1,edfbf2390650b0c796e3820bf2782e32,d91fb3b7d041e83b64a00a3edfb37e4f,2017-12-01 12:39:26,35.9,25.63
1844430a4130a112771839a244829457,1,42a2c92a0979a949ca4ea89ec5c7b934,813348c996469b40f2e028d5429d3495,2017-10-15 22:56:20,59.9,14.13
1852db4cb1cd327502f1deb0b4285b54,1,e6609e94d7b022fd6abf6142401618f9,e5a3438891c0bfdb9394643f95273d8e,2018-03-01 02:48:36,38.7,11.85
185e7ea81e4cf0fc1d2f4e8e38e8e7e3,1,6767719f80aabbbf16ab2491899c32d9,c4d51195486dc781531876a7d00453d8,2018-06-11 02:31:58,839.99,65.94
1871117e3b468a4dc29c82849099069b,1,3914a208bb9313e3d980399268ddd54e,56642bcb79900e777d68e91915cb4267,2018-01-22 03:39:58,16.0,11.85
189ba95d81c72d1250e45df72f8acaa4,1,88cb48d5db69a7413a20a707e25ec2d6,0691148aee60ca47977c187804f935ae,2018-05-03 03:30:52,72.23,14.59
189ba95d81c72d1250e45df72f8acaa4,2,88cb48d5db69a7413a20a707e25ec2d6,0691148aee60ca47977c187804f935ae,2018-05-03 03:30:52,72.23,14.59
18a1c68dfdce96e96b0faf031deb6b67,1,9a3a44b7cc16f2592b2110e4205edf97,5a8e7d5003a1f221f9e1d6e411de7c23,2017-11-29 12:29:25,59.9,15.18
18b33f2430f136a8deba8893596a53da,1,8af5b5f4f89849cc4dce36dee73dd9de,d6b1ce66b035a475f00c017792ff9769,2018-08-14 15:25:33,75.0,23.33
18b33f2430f136a8deba8893596a53da,2,8af5b5f4f89849cc4dce36dee73dd9de,d6b1ce66b035a475f00c017792ff9769,2018-08-14 15:25:33,75.0,23.33
18c2175899ae0ea38308dec32efffc22,1,5526b1ae9ab2688cf600783cece249df,0b90b6df587eb83608a64ea8b390cf07,2018-04-13 18:35:11,98.44,18.57
18c7a26dfefa3c4686770ca98c0819fb,1,19421075ae0b585f2dc13ff149e2119d,4c2b230173bb36f9b240f2b8ac11786e,2018-02-07 22:51:44,45.9,17.63
18d4e6891576559aeaaef675e25d53ad,1,9275e1f75faf1d3d1f54e4cb63d12a36,70a12e78e608ac31179aea7f8422044b,2017-06-29 13:30:18,19.95,28.06
18dc026cdb7d39abde1489c336528961,1,a62e25e09e05e6faf31d90c6ec1aa3d1,634964b17796e64304cadf1ad3050fb7,2018-07-05 02:52:28,105.0,29.99
19018a1b097164d2fadb3018902f3221,1,4e0854d426b0556ba1956db5e058f0da,fe701d88b67eaca109dffd464d1be9f9,2018-07-27 10:04:42,129.9,51.63
190c71c36bb25e9a85f3a53291e475a3,1,c6dd917a0be2a704582055949915ab32,7a67c85e85bb2ce8582c35f2203ad736,2017-05-26 19:45:12,99.99,9.51
191c451ac0475419ae3c6e7dd134545d,1,c17f4a8f38d4748ee5409e7bfbc58038,7b07b3c7487f0ea825fc6df75abd658b,2017-04-13 20:03:09,99.9,15.91
19225676ff2a0f88c9d5b21fbe69494e,1,9af9fb5e25c1c09f035e01b7936f6c6e,aafe36600ce604f205b86b5084d3d767,2017-09-29 15:06:22,69.9,15.25
193714aa21ead814cca06d425c299360,1,94ea362da29f43390e967e874c6fa842,7bcd7c5f8631701474db233ccf1c094b,2017-05-22 16:55:16,140.0,13.54
195dc38d3441455e6f25b23f9cd6afc3,1,4a69bf67fa5c94b8e301ef9c94950755,c0563dd588b775f2e37747ef6ad6c92c,2017-10-26 18:56:28,139.9,15.74
197d48bed0d9f4a71682dfc048409b59,1,6cdd53843498f92890544667809f1595,ccc4bbb5f32a6ab2b7066a4130f114e3,2018-03-29 13:15:49,349.9,31.96
198078b833ce5c6249ea278d2bb3e220,1,fb783e3e545937820b57fe539b2c5a6c,da8622b14eb17ae2831f4ac5b9dab84a,2017-07-18 02:10:42,99.9,19.94
1995226c73acf6318abfc4b4c9c74066,1,705affd495e328b5af6d73bc403c6bcf,b32be1695eb7ec5f10f72d9610a12527,2018-04-19 11:35:15,1449.0,27.07
19af64f6a5b2b246709859143e3c5c16,1,790aa8011de89ef49b85bbe194f6a542,670a9dda115b5a88b18cfadee8de2332,2018-05-09 13:53:07,79.9,18.44
19cfffc221208eb22b66057b2afe98f9,1,6a2909ac21d16b721e4795e7e8ff3e68,0509040ea3fe50071181bbc359eb7738,2017-12-04 19:14:27,23.8,14.1
19e9072a16886c91fdd5127eb6ffaa6d,1,d1040cea3114b6e9f7e2170dc39af1db,2709af9587499e95e803a6498a5a56e9,2018-07-20 12:55:27,44.0,7.57
1a03dc5bbc2707562b5874fa0253154f,1,0c159d7ce798ebc726ad977f9ade848a,1127b7f2594683f2510f1c2c834a486b,2017-11-01 17:31:53,79.95,14.31
1a269df4715562ff85e2ca1830249246,1,5f39447057f5cc7964f30ec06ebf73a1,06a2c3af7b3aee5d69171b0e14f0ee87,2018-02-14 17:51:35,108.99,27.61
1a3a7d56968e2833fcbb6d4f6885c1cf,1,a7216be504e1ff211b67479ab193a552,a2e874074c877c5a05abae80ad6e488f,2018-08-24 07:55:09,69.9,21.13
1a494062b68a8ed99ba9171cb9c9aef5,1,4da0329350218978429b287440f4b87a,062ce95fa2ad4dfaedfc79260130565f,2017-05-18 09:25:07,41.9,15.1
1a69d5fdff0003d4571dffa1a9a10967,1,dbb67791e405873b259e4656bf971246,f457c46070d02cadd8a68551231220dd,2018-02-23 13:46:44,82.0,12.7
1a9f85c859f73034acc85057b4899a8e,1,98ba4d6506268560a9b0a03b6ae02636,6179a28a13a726c29b3bf54c070dccab,2017-07-13 17:25:21,300.0,61.27
1aaa0de1005b5e253fd4805a69715d65,1,68821aa251c8715f0c4199f413511411,50c9975695009e5e6473912e83a6d1da,2017-05-09 11:15:37,45.0,23.63
1abc1d063ae36763a3bce3d08a0a4c9e,1,3ec2984cb2de1675a0306bfc60dbe5a5,25e47381a6c510ddeb36084e33b89f0c,2017-07-05 08:05:06,109.9,13.79
1ac18d97e1b6b6735f1c5ff4f4757380,1,3bf95cf337a8c87435a2949c48350fc7,e9779976487b77c6d4ac45f75ec7afe9,2017-11-20 23:30:49,91.49,13.66
1affc4ad6b0957720114bf91c2f39879,1,4cbe01e6e8b6d49ce7880528c00b6c31,2e0dba2da448400b1c11d7b4b22f32a4,2017-03-21 19:34:30,16.79,10.96
1b31224d12bca993297e386557c6a6d1,1,4fb3e6ce442ce9c621ea9509e47ac951,c3cfdc648177fdbbbb35635a37472c53,2017-08-25 20:55:22,109.9,20.01
1b68cfcb862b5d454c4812021edbe3b4,1,3522a64b7bad6fe22cc046584a9d3fb0,ea1776927851da2532aa70d6a32c095a,2018-07-23 21:05:13,249.0,19.84
1bac6ce688aa1bcae651dfcfecfe7aef,1,b2fd74298e16eef2568d2f9dff6042c8,53e4c6e0f4312d4d2107a8c9cddf45cd,2017-10-04 22:28:10,76.0,17.78
1bac6ce688aa1bcae651dfcfecfe7aef,2,b2fd74298e16eef2568d2f9dff6042c8,53e4c6e0f4312d4d2107a8c9cddf45cd,2017-10-04 22:28:10,76.0,17.78
1bac6ce688aa1bcae651dfcfecfe7aef,3,b2fd74298e16eef2568d2f9dff6042c8,53e4c6e0f4312d4d2107a8c9cddf45cd,2017-10-04 22:28:10,76.0,17.78
1c009b90a698d21d53fcda6aee401ad4,1,91c82ace62e0ca1b69b1a45bcc214b45,4869f7a5dfa277a7dca6462dcf3b52b2,2018-06-21 22:31:39,169.9,13.85
1c39bf040d6c444d6b306bae83f9f49e,1,64d0feb1bcf9c7fe7b5dad3271c10910,e5a38146df062edaf55c38afa99e42dc,2018-04-02 03:50:38,89.18,24.75
1c3ad9cd29b642c9eca00186785aa309,1,154e7e31ebfa092203795c972e5804a6,cc419e0650a3c5ba77189a1882b7556a,2017-03-14 01:32:28,19.99,14.52
1c939324bacd87c65d030c7974e38338,1,661bbdcbe54d141b50aeaf9d33384d34,42bde9fef835393bb8a8849cb6b7f245,2018-02-20 17:20:48,109.0,16.2
1ca44c5850de39660439deebf65c8fd2,1,154e7e31ebfa092203795c972e5804a6,cc419e0650a3c5ba77189a1882b7556a,2017-06-07 23:22:45,19.99,11.85
1cbc4deb78977f04e2e3c262a613abc0,1,53759a2ecddad2bb87a079a1f1519f73,1f50f920176fa81dab994f9023523100,2017-12-04 03:26:04,49.0,13.44
1cc4e549e16c732db4d9228fce789407,1,921d31a1daa51460b7a95ea5f3ab64d5,0df3984f9dfb3d49ac6366acbd3bbb85,2018-03-06 13:15:30,88.9,42.65
1ccf7e1581518166ddaa4fe829c3ca11,1,e5bd04e8e3cb77f1a49404d588d3e528,f7ccf836d21b2fb1de37564105216cc1,2018-02-07 02:56:47,31.9,12.69
1cdcb5dad67ec14d5de2075e832f6099,1,9a81ff03e62cb56207c77fc1e718a4c4,0691148aee60ca47977c187804f935ae,2018-05-28 16:59:48,121.0,15.7
1cef8c054a99de4870f9f34b4822f206,1,f5c0451a8329bdf130172a733eb5d60e,12b9676b00f60f3b700e83af21824c0e,2017-07-19 15:50:25,199.0,19.63
1cfb210fdaf81f98065605323fe31fa3,1,fb55982be901439613a95940feefd9ee,3d871de0142ce09b7081e2b9d1733cb1,2017-12-08 17:08:29,79.0,17.8
1d03ab3055cbeb857235ddc26b6fc88a,1,d4fe034cde911805af12724d73fde7e0,dd2bdf855a9172734fbc3744021ae9b9,2017-03-30 13:07:25,79.9,15.32
1d090f0194c35ed8b589f82f102bd758,1,629beb8e7317703dcc5f35b5463fd20e,b0f2a6122a90a93eb03e68653dd960e3,2018-05-04 17:15:15,558.9,26.49
1d092689be844c404abe12e678e2eef8,1,a291cc846d74d97f01611894f983073b,de722cd6dad950a92b7d4f82673f8833,2018-08-13 15:50:15,189.9,37.1
1d0acbd3a21cb00b1cede4db748fa0b1,1,6ae3f85f46a37844372252496c77b4d8,53243585a1d6dc2643021fd1853d8905,2017-09-07 23:10:10,180.0,35.06
1d525c1f58c75e74697f3993a3fc80a7,1,033c52084417b98d716d863d8bd11fba,25cf099de44674fde97473224f9d59ab,2018-01-14 22:32:15,50.0,8.72
1d5912d4e665fb2a085a50fc13007c02,1,aca2eb7d00ea1a7b8ebd4e68314663af,955fee9216a65b617aa5c0531780ce60,2018-05-11 02:35:14,69.9,0.0
1d5b194c01e762aa59a47ae8dca7199f,1,c6ea63369936552872ae890c82175b4b,37be5a7c751166fbc5f8ccba4119e043,2017-06-19 18:02:36,219.99,15.14
1d8a6b3b4362492f06a5da27121fd530,1,0c11029e1f747d21ae2f131082236d7d,d23019c84ffae2d5ef2270367b8605fc,2018-04-16 21:15:20,89.0,54.21
1d9c50c894c0353c480222a9de8512a4,1,43840498716c5a01802df8992c619267,002100f778ceb8431b7a1020ff7ab48f,2017-12-28 07:58:25,12.9,11.85
1dacb75a3f524523a6521835a6787057,1,5d6bea33648f018dbb563f3a2fab09f3,1025f0e2d44d7041d6cf58b6550e0bfa,2018-08-17 17:04:34,150.0,16.35
1dc23ddb9b0da103fa2b711855d60c76,1,883e57b1f0fab96202d9e39efbe3b671,80e6699fe29150b372a0c8a1ebf7dcc8,2017-05-09 11:10:18,119.9,37.8
1dfc614ac8b1f459eef53dd1c85c2e53,1,7564c1759c04fc0a38f2aa84f7a370ee,6860153b69cc696d5dcfe1cdaaafcf62,2018-06-15 15:19:15,42.99,22.93
1e0472c015f18d557d20db713af0f356,1,9a98180ffbd0765e89f11cc8dd2385f4,0c8380b62e38e8a1e6adbeba7eb9688c,2017-09-12 04:15:42,74.9,17.77
1e0472c015f18d557d20db713af0f356,2,9a98180ffbd0765e89f11cc8dd2385f4,0c8380b62e38e8a1e6adbeba7eb9688c,2017-09-12 04:15:42,74.9,17.77
1e1bb536916a9964978ee59e6d6d0cca,1,80ba61cb89c5cc6f704b91b30fae834c,1da3aeb70d7989d1e6d9b0e887f97c23,2017-09-05 12:10:11,49.99,21.15
1e1bb536916a9964978ee59e6d6d0cca,2,0288f8dd74b931b4ec7a468fdd6ed040,1da3aeb70d7989d1e6d9b0e887f97c23,2017-09-05 12:10:11,49.99,21.15
1e2eefb7d4535b86f105f75ea6125a47,1,c47d256557f7fa30144ecea5722eebc2,3d871de0142ce09b7081e2b9d1733cb1,2018-01-05 19:32:23,99.0,17.94
1e693ac6b55dd939e50702b971446d71,1,c3097e07a0a5de0d4b4c836d90c5a284,5656537e588803a555b8eb41f07a944b,2018-06-14 12:01:15,13.69,7.71
1e721ce42c736da389dc1e266e969acd,1,209fa5709fd95c3fac1edddca1d6c505,004c9cd9d87a3c30c522c48c4fc07416,2017-07-24 17:35:15,82.99,17.83
1e7daa50f3b5b4b0325e1467947249f1,1,36f60d45225e60c7da4558b070ce4b60,f457c46070d02cadd8a68551231220dd,2018-01-17 11:14:23,89.9,1.8
1e7daa50f3b5b4b0325e1467947249f1,2,99f5b2240b82bf9387e5cf2fc0335b08,8e6d7754bc7e0f22c96d255ebda59eba,2018-01-17 11:14:23,135.9,20.73
1e8d091c9694d77f712f6540b7b54186,1,20e4242f5101de646ac3a76508fc640d,0a85ebe4e328db81ac9109781205e2f7,2018-08-22 17:29:48,50.0,23.15
1e963f721d264f7633716e84f2554f07,1,436620c465f757ba7b47dd580f3c1eb2,582d4f8675b945722eda7c0cb61ba4c7,2018-03-01 18:30:29,9.15,11.85
1e9848c0cef533284eeb143f5032a34c,1,1d616bf90efffa0f7e833acb21d5c03d,b2ba3715d723d245138f291a6fe42594,2017-12-01 17:31:03,64.9,12.79
1e9bf802b8192eb97af61fd92b586471,1,3e442d09f9dfef002aadf31960869f65,85d9eb9ddc5d00ca9336a2219c97bb13,2017-03-16 21:44:39,20.9,17.78
1ea7acde8dacf11a098d0b85b13cdc0e,1,588531f8ec37e7d5ff5b7b22ea0488f8,53243585a1d6dc2643021fd1853d8905,2017-11-03 16:35:40,1437.0,42.51
1edf6220f293bb806c6d390700ccccd6,1,bec7585cabd7834bae06fc5bd3475cc9,259f7b5e6e482c230e5bfaa670b6bb8f,2018-02-15 02:49:40,57.9,16.04
1eeaec28c1a699b3b423fba26109e197,1,5a848e4ab52fd5445cdc07aab1c40e48,c826c40d7b19f62a09e2d7c5e7295ee2,2018-03-12 10:09:27,122.99,27.92
1f2b13f5168b0700a870188e1e72fb1f,1,b01d34f6d2545269d348181768eca049,6560211a19b47992c3666cc44a7e94c0,2017-09-28 15:50:20,55.0,11.89
1f3128e8dcdc994a80f83cff1c576a35,1,d0fac709247e97e9b44a5351891ef9f3,7178f9f4dd81dcef02f62acdf8151e01,2017-07-25 10:45:15,44.9,13.5
1f32e76e92fc0ebf756639dad26ebaa9,1,952670bc019a73f0933157ec82ff6e4f,37be5a7c751166fbc5f8ccba4119e043,2017-07-14 02:46:03,205.0,15.04
1f57e9ff5f61f27154f91721393f9615,1,0abf3e78cba7361d44b40b471592ad38,128639473a139ac0f3e5f5ade55873a5,2018-03-07 07:45:21,22.9,15.1
1f8bd4405ad54632f3ba92b6bd9e5661,1,98712b7f46e0fe4f4da2f7df1b9231a7,7299e27ed73d2ad986de7f7c77d919fa,2017-12-22 10:18:22,50.0,15.1
1f990d2b7b5a992e60e4c0ac2ff40f36,1,e5ae72c62ebfa708624f5029d609b160,8e6d7754bc7e0f22c96d255ebda59eba,2018-02-02 21:55:30,64.89,1.22
1f990d2b7b5a992e60e4c0ac2ff40f36,2,5b8a5a9417210b1b84b67b9a7aefb935,f457c46070d02cadd8a68551231220dd,2018-02-02 21:55:30,74.9,19.7
1fa468994c6de461001e0d8849f60a7f,1,21e4321fa558327afe025bfb800a8bff,3dbbce181edfaa4a597ec858c382d2ec,2017-12-12 09:31:01,16.9,17.92
1fbf5baa345604aa56a1e8a510eafd49,1,4d78056b9f9774c590e778a5fbdb7150,f262cbc1c910c83959f849465454ddd3,2017-12-15 17:31:21,34.99,15.11
1fd64d652fae27df0e9aac1f4e605984,1,b192be433004cc1f10b467c0e9ea309b,de722cd6dad950a92b7d4f82673f8833,2018-07-31 20:45:15,179.9,17.45
1fed99a98b731643b3b81a56f08b4bfa,1,3dd2a17168ec895c781a9191c1e95ad7,de722cd6dad950a92b7d4f82673f8833,2018-07-12 04:45:04,149.9,53.4
20176fe1ddb4756918024acdffd0cb05,1,3373d1ed7bf5f3187f110c0e9e40a02b,fc906263ca5083d09dce42fe02247800,2017-10-25 03:27:40,39.9,14.1
20205e58b36d43ecc44120a373616f06,1,69594b9c8acebfbd1bbc19f782680d4c,7299e27ed73d2ad986de7f7c77d919fa,2018-03-15 00:10:40,320.0,54.37
203a9f020a3ddd0f46400de701b212df,1,11f7fe3e6faefffa90541a46c3a4398d,04308b1ee57b6625f47df1d56f00eedf,2017-11-21 02:35:37,1399.9,63.47
20530ee11f40ad96e576465649828c2d,1,9095a5b548eb913258279d5aea381643,00ee68308b45bc5e2660cd833c3f81cc,2017-11-30 01:31:39,110.0,8.96
207899590ac0ec260af0446b68101b21,1,2cd4861a56a6f98288e0281e47f4b1d5,4a3ca9315b744ce9f8e9374361493884,2018-03-04 21:48:16,422.0,17.0
2a6b1e93c109dcee771903291093117e,1,a52ed2fb26d435066d6613134afcb439,cfb1a033743668a192316f3c6d1d2671,2017-12-08 17:14:40,15.9,8.27
2a6b1e93c109dcee771903291093117e,2,a52ed2fb26d435066d6613134afcb439,cfb1a033743668a192316f3c6d1d2671,2017-12-08 17:14:40,15.9,8.27
2aec6692fda08fb7a050a161ea7eb59c,1,bdb4be6ce2f7f2b5be0a16088028c7fc,955fee9216a65b617aa5c0531780ce60,2017-10-06 10:50:58,85.0,16.22
2af07ef80eaeea49803f4f6a3dd99280,1,4e191b1e429b88c6eae1a014f823cb7c,11305281b50fff20ae8bb473f8e11876,2018-02-07 19:14:47,159.99,21.61
2af88e292104c45837ffce587530757e,1,0a27be3536127164b11173c57f14a2da,fe2032dab1a61af8794248c8196565c9,2017-06-08 15:25:14,219.9,22.34
2b46723e0416af4c04c758c77bbf9279,1,c32b1155b886162db8e1ec114699a799,1835b56ce799e6a4dc4eddc053f04066,2018-08-06 22:24:21,56.99,13.98
2b509531faa45e6f3dbaa09e3f3eb839,1,7bba94ded780db46c857a6ce6db81c5a,acb6c2ca5c82411c1fdb88d5fd5eb95e,2018-06-15 09:31:56,8.89,15.23
2b509531faa45e6f3dbaa09e3f3eb839,2,7bba94ded780db46c857a6ce6db81c5a,acb6c2ca5c82411c1fdb88d5fd5eb95e,2018-06-15 09:31:56,8.89,15.23
2b749af514f3e9bd00fb20b105f36a83,1,450c25d98ed6923154a934554475bf13,dbdd0ec73a4817971d962698f2fea022,2018-08-03 13:30:18,399.0,203.38
2ba6f4043547bc847cc055c975cb57cf,1,3f3bb9a9009cafb307bc91e3d8a507b9,d93844a9c55ba7ce353388bcf849ea56,2017-06-29 10:45:10,249.9,26.59
2baebe65c04491d526afff8c7b67703c,1,7f25a88de92ce0d01e61202ade958bee,09f952a5f58d2285b0372551ae8f9b01,2017-11-23 18:50:24,369.99,23.08
2bba38e2a9893d1126b133f189ee66f3,1,78efe838c04bbc568be034082200ac20,0241d4d5d36f10f80c644447315af0bd,2017-11-30 19:12:22,99.9,21.19
2bc1eac46ee8d6fad3f7369668f1bdf0,1,e251a68000f75257cf9ef16bcea51976,aba1721a889e04decc910aa13b768ef4,2018-07-25 16:15:11,85.0,15.7
2bc4e677f1913a63cf631fa0e18c1525,1,c9845573653d06921e63975a8eca331e,ef506c96320abeedfb894c34db06f478,2017-10-26 17:49:08,28.99,7.78
2bd9bddf117b28b0736de5b81eea032c,1,4ac095ce30a68573675e2e0206d31b12,d91fb3b7d041e83b64a00a3edfb37e4f,2018-08-24 11:30:03,177.32,59.32
2be69b19c3402f7c2ac375f252022d70,1,ce3f1427f50a5326751f233ed59e1522,157c3e4b42f81ac4a44e8b1ca2fe9876,2018-04-27 16:31:43,25.0,19.32
2bea071a4b1ffc8f01204ba3f0721ac1,1,dd6701abf8ccf81f932abdb773d15b15,784ba75dd9d20200c4caed3d7a77141a,2017-08-28 00:55:07,9.99,15.11
2c049735a0947b4e13924963336e5b3c,1,9d8a0e115e802d845b4ce1eb794d1260,d05ae8f7a5bd1d2a690a44cd079e4e27,2017-11-30 14:16:42,120.0,14.59
2c2ad0e6636d842e7f1eead45cdc6065,1,58306668d7263e8ebd2d5c69ef31cc23,6ec1a01e866584bb679eb9b098345919,2018-03-22 02:45:46,72.99,23.09
2c2ad0e6636d842e7f1eead45cdc6065,2,58306668d7263e8ebd2d5c69ef31cc23,6ec1a01e866584bb679eb9b098345919,2018-03-22 02:45:46,72.99,23.09
2c40105463f11c726046975015826e55,1,32e18e89237933ebdaaebd78a27e7fa1,ca3bd7cd9f149df75950150d010fe4a2,2018-05-07 09:52:57,26.18,17.93
2c559a6f1ac48c4f100f4775a1362ea1,1,738067b78d178e457fa0dc6db5d2cc58,30829ded4523ab9224b93bc49a62c95f,2018-01-17 18:11:25,523.19,18.41
2c559a6f1ac48c4f100f4775a1362ea1,2,738067b78d178e457fa0dc6db5d2cc58,30829ded4523ab9224b93bc49a62c95f,2018-01-17 18:11:25,523.19,18.41
2c688788cf900283017516f05f50ebb7,1,593236d0ff46b4299b4787fb8d43f7f0,0dd184061fb0eaa7ca37932c68ab91c5,2018-03-13 20:35:36,79.0,34.09
2c6e01c8eed693c9cddbaf86bdd25e31,1,a8fe47ad6f852f93cc92c7b408687de3,aaed1309374718fdd995ee4c58c9dfcd,2017-08-18 12:45:22,72.9,16.27
2c85015afa7245242d2f751099dd70e0,1,edfbb2566914ddd223d3bd6fa1e9693c,8b28d096634035667e8263d57ba3368c,2017-09-25 11:20:16,304.9,16.88
2c9bc10b715272770d51948b929485f7,1,926d11f0e2a1171fed968faf5caa8f92,0bb738e4d789e63e2267697c42d35a2d,2018-05-10 15:10:22,59.9,27.15
2ca136ae4ca40cd3af16c1af7d324f38,1,611a736015e65141abd844f0f37c84af,602044f2c16190c2c6e45eb35c2e21cb,2018-03-20 02:35:40,59.99,7.87
2caf51ea139cc9003d6dee63bfea1106,1,c6336fa91fbd87c359e44f5dca5a90ed,4c2b230173bb36f9b240f2b8ac11786e,2018-03-20 18:28:45,45.9,15.23
2caf51ea139cc9003d6dee63bfea1106,2,c6336fa91fbd87c359e44f5dca5a90ed,4c2b230173bb36f9b240f2b8ac11786e,2018-03-20 18:28:45,45.9,15.23
2caf51ea139cc9003d6dee63bfea1106,3,c6336fa91fbd87c359e44f5dca5a90ed,4c2b230173bb36f9b240f2b8ac11786e,2018-03-20 18:28:45,45.9,15.23
2caf51ea139cc9003d6dee63bfea1106,4,c6336fa91fbd87c359e44f5dca5a90ed,4c2b230173bb36f9b240f2b8ac11786e,2018-03-20 18:28:45,45.9,15.23
2cbc30cc52609a954b2eda461da97579,1,6f57ca539fb6b20b79a272e17194d9c9,b2ac621f0d0322434d04a12b078b9369,2018-05-21 23:18:09,129.9,17.62
2cc8d5dba04e5be26d748ef75e708770,1,208eaf2a4764834fb8da989159a30a20,cca3071e3e9bb7d12640c9fbe2301306,2018-08-03 17:30:17,71.49,19.69
2cd1462cdfa4e911bdab5084ad3b7f34,1,4f5459b07e4a3e0897228ccfe3aa474d,2ff97219cb8622eaf3cd89b7d9c09824,2018-06-18 14:21:51,111.9,12.53
2cd1462cdfa4e911bdab5084ad3b7f34,2,4f5459b07e4a3e0897228ccfe3aa474d,2ff97219cb8622eaf3cd89b7d9c09824,2018-06-18 14:21:51,111.9,12.53
2cf768ba32e4d7172e9b86a2042f5c32,1,5773723f7819ffb88c5c758f8f8c183c,8931a84a914b3fe9b1ddaa4d704947ca,2018-02-21 02:47:34,69.0,7.78
2d1e2d5bf4dc7227b3bfebb81328c15f,1,a50acd33ba7a8da8e9db65094fa990a4,8581055ce74af1daba164fdbd55a40de,2017-12-04 17:56:40,117.3,17.53
2d2f7f564738bc7bbd535580aef84e09,1,05a9ab81472f6bdcd910cb49b636c5b5,83deb69e889cf80f82be1dc6d5f2d486,2018-01-09 10:31:11,169.9,17.63
2d3b451fae025eca7a05641e05e452bb,1,508f0e9cc116910a45a3d133491a929d,411f3b52d857390502ee4e4d5ceabc2d,2018-07-26 04:15:16,26.25,16.37
2d582ca9251cf300ff17929c5151438a,1,c3e4f757b86c42e1a598380332bc9e88,25e6ffe976bd75618accfe16cefcbd0d,2017-03-23 09:59:57,311.0,24.47
2d858f451373b04fb5c984a1cc2defaf,1,30b5b5635a79548a48d04162d971848f,f9bbdd976532d50b7816d285a22bd01e,2017-06-04 23:30:16,179.0,15.0
2d8f8f85abccae68275f423d878f2b7e,1,e5ae72c62ebfa708624f5029d609b160,9c0e69c7bf2619675bbadf47b43f655a,2018-03-06 09:56:35,61.9,16.19
2d9d63715c81835d6114d3f608fd9f1c,1,805967bd91579942b3caac4ebcc39a54,391fc6631aebcf3004804e51b40bcf1e,2017-09-04 10:15:17,49.95,15.1
2dce16f88737c679c4fddab2b2cf88da,1,3c1907ae45ee32709a71b67f20f65814,7202e2ba20579a9bd1acb29e61fe71f6,2017-08-16 14:45:11,109.9,12.27
2de931311a1cb3001070a6c567124301,1,f7bb503725fb4d7bb55301d5bceba728,55a5b51f93f2b70ea513f5a047b0262a,2017-09-21 13:35:09,99.7,17.14
2e143861a5240d0e457622ac38913826,1,540a93038cc8b4c42ef0821b2cf067d3,17ca9b9e9b9ef8fdb529001b49ebb50f,2017-12-06 20:31:32,49.97,19.84
2e2005a55f448272a7f91f8ec48db9ee,1,2dd91cf063cf57cb0eebef072746daab,c70c1b0d8ca86052f45a432a38b73958,2018-05-21 17:31:43,110.32,18.65
2e386e86851d57f3a4f9b2bde748df42,1,566a4f2c4385f36d15c00dfcaae132d1,8b321bb669392f5163d04c59e235e066,2018-01-09 22:11:36,21.9,11.85
2e3d2ade3d9a549848f6a576ae8f9da2,1,8edf8f0889f2cf40d743f3b983aebd3b,e2c92f9c1c7746d899d18f2e158bbff7,2018-08-01 12:55:21,177.0,24.04
2e7a8482f6fb09756ca50c10d7bfc047,1,c1488892604e4ba5cff5b4eb4d595400,1554a68530182680ad5c8b042c3ab563,2016-10-26 18:25:19,39.99,31.67
2e7a8482f6fb09756ca50c10d7bfc047,2,f293394c72c9b5fafd7023301fc21fc2,1554a68530182680ad5c8b042c3ab563,2016-10-26 18:25:19,32.9,31.67
2e7ca2344bf0db90bba866fa90409cfd,1,31123805776da48ab8b0237cdc3e5636,8bd0e3abda539b9479c4b44a691be1ec,2017-10-03 13:35:25,60.5,35.74
2e8f6d00a2eaf2a625d99b8d0ec27627,1,759be9d8dec6d1622e7b0b8be27740fe,6edacfd9f9074789dad6d62ba7950b9c,2017-06-12 19:15:19,58.9,12.75
2ebdfc4f15f23b91474edf87475f108e,1,e7d5464b94c9a5963f7c686fc80145ad,58f1a6197ed863543e0136bdedb3fce2,2018-07-05 17:15:12,139.0,19.07
2ec3fb192c828ca618c797ccb2c22a3e,1,8af4a717d0442a5fbe332dc587583296,b92e3c8f9738272ff7c59e111e108d7c,2017-11-24 03:31:20,139.9,36.04
2ec89189369ca4f4e76799f715c1c6d1,1,dd61e943598eec72351633dd6a72d5dc,cc419e0650a3c5ba77189a1882b7556a,2017-06-01 01:25:31,79.99,7.81
2ee76a4a1d729880a350fcda807b492b,1,68a058d125ba1544e726898f0b8c0523,7c67e1448b00f6e969d365cea6b010ab,2017-05-19 06:50:08,129.99,11.52
2eeb8e6a0c5f3787936ab06ff6dfc54f,1,1f39e56ddd4944595b9a7d9d7e4e16f3,2b5ed0c9139dae8883a200dfcb272ece,2017-11-14 12:26:49,21.99,13.08
2eed78c97ace230e8dfc0f851bed1612,1,a028a0cb37c1e9693e906ad948031da3,fe49ee029e61e789a1f3a5525f57ba8d,2018-01-08 21:50:22,127.0,17.33
45c653bdeb327fde86e2a52bd3d33e89,1,50d77758742285ff49f340ebdf0df5a7,d91fb3b7d041e83b64a00a3edfb37e4f,2018-06-12 22:11:14,29.9,18.23
45f1ccbf2f111134d9763586f13b76d9,1,f40e67d9fbad11e25f958cc8b534af73,6df688df543f90e9b38f4319e75a9d88,2017-03-26 22:39:58,17.82,14.11
45f1ccbf2f111134d9763586f13b76d9,2,f40e67d9fbad11e25f958cc8b534af73,6df688df543f90e9b38f4319e75a9d88,2017-03-26 22:39:58,17.82,14.11
45f515769238adec68b3ed763acbc3b2,1,c2af5a088a7027f1efe72f4507fd2fbc,ef506c96320abeedfb894c34db06f478,2017-06-14 23:33:36,49.0,14.1
45ff50616aff4d99cfaca273317a139b,1,de5bf668dfa4391ee96a5fd5c9fa4f06,da8622b14eb17ae2831f4ac5b9dab84a,2018-05-08 21:18:52,199.9,13.83
460281d0eeab1990c9fd04ac4705d3ed,1,d5766f73a7ac018222201ecba2b79018,7722b1df1b0e383e000397b2c11e3e19,2017-05-25 01:25:16,34.98,15.1
4625faca20a0183173ecfee87d9f92b7,1,437c05a395e9e47f9762e677a7068ce7,f84fa566034f5e8e880a07ec624c56af,2018-03-15 11:55:47,47.65,15.23
4631c1e3bc2f88c99b9ffcb6a8a62e37,1,1c6c35cdf70ee1c3515cd1527f4aa6d8,ac3508719a1d8f5b7614b798f70af136,2018-01-18 15:29:08,79.9,19.1
4637dbe88df1c99a56490330b954471e,1,1a080577618e7fe4d9ddd8fb2b47a964,b33e7c55446eabf8fe1a42d037ac7d6d,2017-12-29 09:10:36,619.0,15.83
464a29715467046008c5aa817d1ae498,1,95afc7174e826b350262195e9810e327,8648b1e89e9b349e32d3741b30ec737e,2018-03-29 14:27:50,89.0,7.97
46513a6be6229688ac9b3144f995f95a,1,928e52a9ad53a294fdcc91bcf59d1751,955fee9216a65b617aa5c0531780ce60,2018-06-18 10:16:10,130.0,11.53
466334b9ec76342cf368c99aa06375cc,1,009af1277432f1a05742df69cdf72d1e,8f119a0aee85c0c8fc534629734e94fd,2017-12-08 16:06:21,60.0,8.72
46a9fa5d713a569777fb30562505588f,1,629e019a6f298a83aeecc7877964f935,c003204e1ab016dfa150abc119207b24,2018-02-27 11:31:31,119.9,25.68
46aedb619e3a9e3883a8d51d58269e4f,1,a412aeba7360afad41b632da6b27105c,85d9eb9ddc5d00ca9336a2219c97bb13,2018-07-03 03:17:54,28.9,9.33
46c820acb13d40759d9cf3941fb7a47d,1,53759a2ecddad2bb87a079a1f1519f73,1f50f920176fa81dab994f9023523100,2017-11-27 21:47:37,59.9,17.67
46cede95824dbdc8bd1549dcd43e4850,1,880be32f4db1d9f6e2bec38fb6ac23ab,fa40cc5b934574b62717c68f3d678b6d,2017-05-18 20:10:14,42.99,15.1
46cf76e5f4fbb3641f315f903285ce9f,1,bdcf6a834e8faa30dac3886c7a58e92e,2a84855fd20af891be03bc5924d2b453,2018-06-24 21:38:38,35.9,18.05
47106caf7707ccc0552581877874349f,1,1efd84ba20d23186f576a37baf64ae9d,762fafdaa57a532ee0119731697579dd,2018-08-14 11:15:12,24.5,12.83
47120c8873cf3ca85fec9f20ec00a032,1,cdc4af478fef19f03f1d0353c00271cd,3d871de0142ce09b7081e2b9d1733cb1,2017-06-22 11:23:01,19.9,11.85
4724d70419b2219c68e4ae60a03738f7,1,edaa2bd93560f6d79e10b21fa2858004,391fc6631aebcf3004804e51b40bcf1e,2017-02-10 12:20:35,118.75,16.98
4726bb2be36557009e1f231af49916e0,1,7ec7316a34a907336bae0f4b56d12d24,537eb890efff034a88679788b647c564,2018-02-22 06:55:52,16.9,7.94
475daaf912c5d6077ae695875f9e02dd,1,3db75f31b76375c502f64d550dcd1166,85d9eb9ddc5d00ca9336a2219c97bb13,2017-09-22 04:44:23,31.9,16.79
475ff6348f62b515f96894937c01358d,1,08574b074924071f4e201e151b152b4e,001cca7ae9ae17fb1caed9dfb1094831,2018-01-03 22:17:33,99.0,41.08
47bcc66b360244699053868c95917bd7,1,ddaad3142473118e7c6c4848683026b9,3d621842b2ed28e2b474132480edac3c,2017-12-01 03:11:43,19.99,15.1
47bfd5091e67cf36c5d7d5e6ca97db53,1,ab0a97f604550b5b5b99180a6dc04461,36a968b544695394e4e9d7572688598f,2017-08-28 18:25:17,14.9,15.1
47c29eebd9fb0e4d67c674f78e396be4,1,fb495e971326b55afcb1f473adf0afb8,4d6d651bd7684af3fffabd5f08d12e5a,2017-11-09 21:10:22,79.0,12.05
47c9687751ccee4ea76cf6386b30336d,1,371fa349d92646bbeea5873df0bcdc5a,f3da5b2ff499efb8d4a6d371d175d7dd,2017-12-05 01:58:09,24.62,14.1
47d160e3b388f73aa2dfad3c508f4ca3,1,93b513d693c7e922381d6aec80dfb639,530ec6109d11eaaf87999465c6afee01,2018-08-07 09:45:08,135.0,27.9
47de8637746123051630916b1ab338cf,1,817e1c2d22418c36386406ccacfa53e8,624f4ece8da4aafb77699233d480f8ef,2017-11-28 13:48:25,159.0,16.82
47e395802e5caea991cb407fead78614,1,e94df75b2e9a8b056be0c144a731f55c,5cf13accae3222c70a9cac40818ae839,2018-05-17 15:30:42,94.9,19.63
47e395802e5caea991cb407fead78614,2,e94df75b2e9a8b056be0c144a731f55c,5cf13accae3222c70a9cac40818ae839,2018-05-17 15:30:42,94.9,19.63
47f3a8b9c3d8dffb6f878768c73b0971,1,878446a0acbf50aaffcad66218c018ea,cca3071e3e9bb7d12640c9fbe2301306,2018-04-12 02:35:15,91.0,23.22
481261db37f84927929168d7b183b54b,1,af3c32ffb86784d96ad53372364b9d3d,6c177e38df6d3f34182b1f1d427231bf,2017-11-29 12:07:29,150.0,13.18
482c3ed0fe2eb68b316507e78faa6783,1,ca0439ecf23442fd24fcaf4c62b85ed5,d379f449f2a3b271bc01c0782020f705,2018-01-22 09:55:30,149.99,35.57
483c22865f4aa9d0bd3cceb535b176ab,1,38956cecc0bc8d8837371d0aeeefeb59,d2374cbcbb3ca4ab1086534108cc3ab7,2018-01-11 02:39:34,19.9,15.1
486970ef07e7ed3cce9ac167bc49e245,1,33ba4b29d820b397054cc97e892ab1bc,16090f2ca825584b5a147ab24aa30c86,2018-06-14 13:31:54,27.9,18.23
48761cfd8309604ddb00a812ae7d9473,1,f9421e9d9b4689dd804adbdb8c712d39,65febd49fd28ec955651299159b1f527,2018-08-20 01:30:41,89.99,33.11
48972775375677a6b44d8733e4f8c812,1,ba5fb4ab9cd70d201b74b5bad9d4ca00,562fc2f2c2863ab7e79a9e4388a58a14,2018-08-22 16:50:16,24.99,7.44
48997989a21e741f0f93be9870c82b90,1,b36858b52183f641b1be7bd99cd0ca89,a414555ce331b8c8aea4a9cb8395194d,2018-04-09 10:28:50,385.0,38.63
489b4af31f96f42648f0c0636a51b289,1,ee406bf28024d97771c4b1e8b7e8e219,7a67c85e85bb2ce8582c35f2203ad736,2018-02-15 21:29:18,144.99,12.22
48ab980d180764382cfa411d2fb63dc0,1,36038dae78cc227e4d14b174f0f695d0,4d6d651bd7684af3fffabd5f08d12e5a,2017-08-10 03:10:15,69.9,16.93
48c43415ea1c4af9afa92542183b6e55,1,5cca824e6a0eebe738c8a6381d0d9349,4e922959ae960d389249c378d1c939f5,2016-10-21 16:29:59,19.0,14.52
48e785adb7ad7f98808fead60f65fd80,1,d696750e550fd0f733979dd7e5dff921,9de4643a8dbde634fe55621059d92273,2017-12-21 18:51:21,177.99,17.01
492e8ed750e427ec9d97ca8d4d4eb69c,1,74cfb67b11aa83ec20fbb297748c8352,5a8e7d5003a1f221f9e1d6e411de7c23,2017-02-11 23:13:17,59.9,15.63
493ba21a937e956c5e0e4e26c9f1b7f9,1,82d7b276f49e72ffce78d10b20518808,7c5b05cbdb5542049f38d90d7815b97d,2018-07-20 13:30:36,19.99,7.4
494dfa139a38449b378d01cca4c0a6a0,1,76f4ae2b91f4c543cb215e778747a63c,165b1235e9e9942cb5fae67103576fb0,2018-08-09 04:24:39,91.6,59.87
494fa4e20c0a57c2f565a2d43a41462b,1,d285360f29ac7fd97640bf0baef03de0,2eb70248d66e0e3ef83659f71b244378,2018-06-15 20:30:45,227.9,19.48
4964b712511de5c351d07b12d57e5cc7,1,94e6d7727bd670351f1a806a221d1dba,7ad32824caee82087b3e2e5f33b1bf32,2018-05-21 03:55:59,37.0,18.23
4964b712511de5c351d07b12d57e5cc7,2,67d1732a904be023de826d53879c3534,7ad32824caee82087b3e2e5f33b1bf32,2018-05-21 03:55:59,37.0,18.23
496c7edde87a9059e9887b3f1fc62523,1,12485f9cdebb6ca179826ede539554ad,7901646fdd36a55f564ffaf2dbccaaf7,2017-03-13 13:04:09,794.98,19.32
497ce9c1558c455c54cdc09e3f5e961a,1,e70f7c188cd2c0f01a1f6b35411cc481,6560211a19b47992c3666cc44a7e94c0,2018-04-26 12:30:41,78.0,12.99
498e4c5508b686018306d8d363bc9d18,1,2d063994ae4667cff3d6841e9d441d1d,13d058e4eeac2ce8217660b2f8a05812,2018-07-31 04:05:24,119.99,62.86
49a7909b97f9d04abf822c29353fe343,1,a0f12db60a5019ce1a4c21fce1697574,3d871de0142ce09b7081e2b9d1733cb1,2017-12-11 15:21:27,99.0,19.93
49bf7e68b5263b604955ac02aa4fbb9a,1,b8b426747049f2d3d6e00b486d47dedb,01fdefa7697d26ad920e9e0346d4bd1b,2017-08-03 00:43:37,104.99,19.97
49ca71290aca256140005165217e2644,1,4520766ec412348b8d4caa5e8a18c464,16090f2ca825584b5a147ab24aa30c86,2017-09-06 04:31:21,40.0,25.63
49cf32489672b15ea441df827b693bfb,1,ca804be785914dd234a6dd0177c2c577,2c9e548be18521d1c43cde1c582c6de8,2018-03-30 01:10:39,149.0,22.12
49e19ca07e42bde08630a08e50ad980e,1,b1cd1b18e50f570382f52a55898e8987,b2ba3715d723d245138f291a6fe42594,2018-06-11 17:53:11,109.9,23.35
49e4c4907bdae7153ea492e2827fe5ab,1,6f58431a7150fa91bac9f28f5454a8e8,5656537e588803a555b8eb41f07a944b,2018-08-06 17:30:24,25.89,18.28
49e84824ae503af008a7cc379ebab409,1,e7cc48a9daff5436f63d3aad9426f28b,53243585a1d6dc2643021fd1853d8905,2018-08-02 15:10:09,170.0,21.46
49e84824ae503af008a7cc379ebab409,2,e7cc48a9daff5436f63d3aad9426f28b,53243585a1d6dc2643021fd1853d8905,2018-08-02 15:10:09,170.0,21.46
4a098cad947704b7e739e19a092e24de,1,329ee774172a8dec4ae65b229f2c73fa,e9779976487b77c6d4ac45f75ec7afe9,2017-12-07 01:51:06,179.49,18.51
4a17b2645f4598da6cdcd43f785b9b1f,1,5743cde12b14a481dbc29d4dc336f92c,6b90f847357d8981edd79a1eb1bf0acb,2018-08-27 02:44:25,59.9,8.58
4a520a26516a2fba9ae35945ac6a2229,1,8d5a307bf0bf94eceb4ccc2b0753f14c,1336efc61c316ddf92c899eb817f7cae,2017-11-10 19:52:25,29.99,17.6
4a520a26516a2fba9ae35945ac6a2229,2,8d5a307bf0bf94eceb4ccc2b0753f14c,1336efc61c316ddf92c899eb817f7cae,2017-11-10 19:52:25,29.99,17.6
4a62fb19d5fa08fb514619dfcc617b3d,1,b3cd6ea8ef75cbcb2856861b31eb9bc0,966cb4760537b1404caedd472cc610a5,2018-05-16 14:31:04,599.99,12.55
4a8c411435966af42c48f7de7714c2f6,1,5e7f8e7aeb1f57dd83aae171dec38a73,63b464dbf392c7b80d12d932fa7cafed,2017-07-07 08:32:16,169.0,17.92
4a9926db4f145a7facd1709ecf22bb25,1,d1c427060a0f73f6b889a5c7c61f2ac4,a1043bafd471dff536d0c462352beb48,2018-02-14 12:09:45,149.0,40.37
4aaf9b9778e313ecfcfe11ba5673b136,1,9f9d0d6ad3c84f4f0f6748167d2a6dfc,714b9a1332840f257b49f476bea4e341,2018-03-29 15:10:24,249.99,38.44
4ab27bfc7c06209a6e08813ca2da35af,1,067a7177d086c25f597516184a07f05a,6a51fc556dab5f766ced6fbc860bc613,2017-10-26 11:49:18,250.0,18.46
4abc32e9c706c58cae553dae3c2c914b,1,a4800b5d0f4850922208a6cefcffed51,218d46b86c1881d022bce9c68a7d4b15,2017-10-16 19:36:25,263.92,19.1
4af5a3b197af9f20f2ad9f856fdcc301,1,d90b49224b5d6eb131a51e53824934d3,cca3071e3e9bb7d12640c9fbe2301306,2017-10-10 23:07:12,109.82,20.01
4b2113709e5d5f3760113b4a980cc88d,1,f91ca402b63936397a526d0c81976270,4d6d651bd7684af3fffabd5f08d12e5a,2018-08-20 13:50:10,229.9,14.27
4b3c7f8318b056586e0407857f44a136,1,e2bb00220a167d9e60b6776ac33717bc,6560211a19b47992c3666cc44a7e94c0,2017-11-08 03:26:13,56.0,7.78
4b4a19bd8b1065ce9a4f227eff142150,1,a8b5e02c7f69ca5ccdfa99417079d135,0ffa40d54288e4f3499b8780dd0f144f,2018-02-22 14:26:52,114.0,16.56
4b4aab4e37140cad3ae101479ec3bf47,1,8b5227e28272123eefd613a10ffd7704,966cb4760537b1404caedd472cc610a5,2018-03-29 11:15:32,519.0,19.6
4b75f705b345b06e009842c77701f7cd,1,c589625c8ccc7bfd2e8f1fb041e24c4a,c70c1b0d8ca86052f45a432a38b73958,2018-06-21 06:35:53,110.32,8.03
4b75f705b345b06e009842c77701f7cd,2,4167a7ae0930579d1f27d465a1a042f0,c70c1b0d8ca86052f45a432a38b73958,2018-06-21 06:35:53,110.32,8.03
4b9e031a205af9c7035eda4f4db1ba69,1,719d571299707561c34ba04ab867b32a,0ef83d7d83ed97cd2a0049ac8be5f88a,2018-04-22 22:50:15,52.99,16.34
4b9e3d73bc7731420bb3f45c2cec9ed7,1,7583d9a579408cb84bbc7b0e4548ec18,7ad32824caee82087b3e2e5f33b1bf32,2018-04-03 11:47:56,199.0,19.27
4bdde1ba1f6aef6c851f5ba80be3433e,1,bc3d15dd90a6794ea7710f1642aae319,6b89abe95848c850399130d149a39b63,2018-02-26 07:07:13,145.9,38.16
4bf16e837c4354cd06225050a018094b,1,c6336fa91fbd87c359e44f5dca5a90ed,4c2b230173bb36f9b240f2b8ac11786e,2017-08-24 15:05:15,45.9,14.1
4c0b506d42a6b9fe0951c6cc05419141,1,2b4609f8948be18874494203496bc318,cc419e0650a3c5ba77189a1882b7556a,2018-03-18 23:30:50,89.99,19.6
4c22be46e1fe5c05c6ced534449f7432,1,165f86fe8b799a708a20ee4ba125c289,7ddcbb64b5bc1ef36ca8c151f6ec77df,2017-10-27 17:49:06,146.99,22.9
4c2b78efad2dfa6a3bb1cac6560cd2b7,1,24fffbd0188d2b7ceb351214c514b28c,620c87c171fb2a6dd6e8bb4dec959fc6,2017-04-20 10:15:16,289.9,16.2
4c3898f5e7ca29c2fe30781d80f88857,1,f7740e5b4337a3cc4a8a204553101a85,edb1ef5e36e0c8cd84eb3c9b003e486d,2017-11-08 22:05:51,599.65,18.95
4c4590c53b8582812e4bf510d3e55e58,1,7bb6f29c2be57716194f96496660c7c2,5a8e7d5003a1f221f9e1d6e411de7c23,2017-07-20 23:03:39,59.9,17.7
4c4c18f172becac0b104709006c11a9b,1,431d674f9a4fbd0957ecf6ba3fcb6899,53243585a1d6dc2643021fd1853d8905,2017-12-11 04:17:31,235.9,43.68
4c5d80480b7c923ec02b8dee8c00a846,1,e2ea268601d73de5126e2616e00be1cc,b4ffb71f0cb1b1c3d63fad021ecf93e1,2017-12-01 02:56:27,17.5,14.1
4c77961d5a6909826862fe6d8881f1b3,1,3b37da20f1b1b8d79065208761003a69,8b28d096634035667e8263d57ba3368c,2017-09-27 22:45:36,19.9,11.85
4cab646fdec6d36f60c2febb8a595b8e,1,dc48030c42aec9ae7ec9757387ba4250,fa1c13f2614d7b5c4749cbc52fecda94,2018-01-29 10:59:12,168.8,14.93
4cb0286c9f5805ddd172e00cef67ecc3,1,1191e61a83c807323c6c1cb5eac9ff3c,ea8482cd71df3c1969d7b9473ff13abc,2018-06-20 20:31:31,24.99,7.44
4cb8cb3ecb5dbc9df36cb56451499a0f,1,c9c0435c9331c27dc487a2dc1738a32c,f4db9b37944bcb8873e6b456ee190bbf,2017-09-14 00:03:08,169.99,38.33
4cdae837c07c681dc80adebc6ee90b99,1,af407c297ba8ec15891e2d95193203c2,f1b93673502375d491780bb49d615dbc,2018-08-07 00:01:42,119.0,13.13
4ce2a78f4b4b1166f0e04bbdc825f7b3,1,b316bc5e17977e45daeede53257820d8,dc64d75cc406bb0697be983831430e60,2018-08-20 09:50:25,228.0,38.51
4cfb3a2663fccb9b2a5428dafd8331f6,1,f4f4debbcfcafe6858d1e37a1f6e436e,7c67e1448b00f6e969d365cea6b010ab,2018-03-30 16:10:29,129.94,36.84
4d018d28940042ac4bfd91cb21ac8b8b,1,3a3f0628722b2f548673a2f7f5fa5605,4bf2f4ee540798a61f9636d12cd9cc80,2017-12-21 21:31:25,155.0,15.84
4d02fcbcbf4a19682c0c09fb8fc8005f,1,2b4472df15512a2825ae86fd9ae79335,67bf6941ba2f1fa1d02c375766bc3e53,2018-07-26 21:30:17,209.0,48.85
4d1520659b160e48900f017af350bfb1,1,71540d636652fc682032d3b3c0a180c1,213b25e6f54661939f11710a6fddb871,2018-05-04 13:11:10,113.85,12.13
4d21276afd29a3f70e49766a9848d19c,1,9760ff15559ef0855c8aa01c00bd132b,96493fab2fbb13a14d0c0e8772eef5c3,2017-02-14 13:14:41,269.0,17.09
4d2280f2d019f91aa6cb3e4e4188d984,1,8c7919d7fc63673f2f77a11774044ca1,f45122a9ab94eb4f3f8953578bc0c560,2017-10-24 14:28:17,80.04,35.88
4d34eb469920ba37e6cab956395a5265,1,2743c376f40b82b7bda71ad4a1256507,67225bff54a172ff67579aaf583efd78,2017-11-20 13:29:12,339.0,18.13
4d38bf00b95dbf4dcf2820177584ade9,1,e788814dbb6e72ac15d42d8651324b56,a3e9a2c700480d9bb01fba070ba80a0e,2018-02-27 16:50:30,140.0,18.23
4d43556083ebb5d85e8a49e87730add6,1,f849624adffb78b4cd40066ecf73aaeb,ba6b68b55fe8704377a7d43c8e5c0185,2017-05-10 11:42:49,229.9,19.89
4d44526e9f5875e440f58363f5a621de,1,10335f29114548c89998eb43398f58e5,6560211a19b47992c3666cc44a7e94c0,2018-05-02 09:31:58,129.0,7.77
4d4dd908b377956e48b6c6a89e59e37b,1,e9edbdef7d4c22a8507cf7e05d93d96e,522620dcb18a6b31cd7bdf73665113a9,2017-11-22 16:26:24,69.9,42.52
4d73a326dfc780a0a459f4ca37111749,1,b6e352d888ba31d8999af279cd63aa24,f61c63d13f7cd800549d5acdd390ae72,2017-11-21 14:06:26,59.9,12.76
4d900e76023789e5f55022dc71ff16a1,1,d2f5484cbffe4ca766301b21ab9246dd,36a968b544695394e4e9d7572688598f,2018-05-02 03:30:30,12.88,7.87
4d900e76023789e5f55022dc71ff16a1,2,d2f5484cbffe4ca766301b21ab9246dd,36a968b544695394e4e9d7572688598f,2018-05-02 03:30:30,12.88,7.87
4d900e76023789e5f55022dc71ff16a1,3,d2f5484cbffe4ca766301b21ab9246dd,36a968b544695394e4e9d7572688598f,2018-05-02 03:30:30,12.88,7.87
4d9a2be7276029d8369fbf0fe73b6c0e,1,ecbe401f10ecd3b822d940d63cc3311e,cd68562d3f44870c08922d380acae552,2017-05-25 01:30:23,89.0,17.06
4da1780a79ddb7340ed2081b6c035d2d,1,73f1f4a973ffb99bb0157e38ab33f989,b839e41795b7f3ad94cc2014a52f6796,2018-06-13 12:30:18,450.0,13.77
4dae49f3bd8b5abe8d252762a1c88a1f,1,e6511545563a2c1c2c48f9e2b150b650,994f04b3718c2bab35c2adfa8afecd2a,2018-04-18 05:11:25,49.9,8.88
4dcbd5ebfc13eef35e0fcb0ca1c2807e,1,08574b074924071f4e201e151b152b4e,001cca7ae9ae17fb1caed9dfb1094831,2017-10-27 17:49:12,99.0,33.08
4e01c9b57e9b37add580871564686c4b,1,355e78eaf102f03855b48498d1b7e996,bfd27a966d91cfaafdb25d076585f0da,2017-06-06 04:45:21,129.0,65.71
4e1731379ed8376e1dcbaa32869b0a2c,1,365ddcacd1174891f2b0b6820a7a4fae,f1198c871e0171278b63f40d112caeec,2017-08-24 23:35:06,225.9,48.29
4e4bcd8837ffdbe350288d7fa0948c01,1,99a4788cb24856965c36a24e339b6058,4a3ca9315b744ce9f8e9374361493884,2017-09-19 21:50:21,89.9,21.12
4e5128aa6e63f380424a245a12444fae,1,c4fe6560e914f2830b4a189e91202c29,76d5af76d0271110f9af36c92573f765,2017-11-22 14:35:27,43.9,15.1
4e8a81dd08968b65427a30b932a8fb0a,1,c6336fa91fbd87c359e44f5dca5a90ed,4c2b230173bb36f9b240f2b8ac11786e,2017-08-31 03:04:10,45.9,15.1
4e8c3b29f4bcb44200ab8296779d910b,1,7bbe91ccbf899dc40a38d012a4dc411f,23d7c96d4a1160db1c726b248601b25a,2018-05-04 19:31:30,196.9,19.46
4e99d33f688f3a9af1feb6d2f50d7509,1,420db7fc556a05b1cdf665a103f9ce6b,f7496d659ca9fdaf323c0aae84176632,2018-01-19 03:31:46,139.9,13.53
4e99d33f688f3a9af1feb6d2f50d7509,2,420db7fc556a05b1cdf665a103f9ce6b,f7496d659ca9fdaf323c0aae84176632,2018-01-19 03:31:46,139.9,13.53
4eb3a441cbc81bd1c7d4449e569ae605,1,f71973c922ccaab05514a36a8bc741b8,5dceca129747e92ff8ef7a997dc4f8ca,2017-03-09 23:10:20,109.9,24.05
4ec16f88e884232366f73009df2bf045,1,3ec2984cb2de1675a0306bfc60dbe5a5,0c8380b62e38e8a1e6adbeba7eb9688c,2017-08-25 01:32:52,119.9,24.99
4ec16f88e884232366f73009df2bf045,2,4f27f86d1573b8b74b0928ca649abeac,41b39e28db005d9731d9d485a83b4c38,2017-08-25 01:32:52,174.9,17.15
4ec755335e77b43c823c978d570fe48f,1,24c66f106f642621e524291a895c9032,620c87c171fb2a6dd6e8bb4dec959fc6,2017-12-28 11:36:21,159.9,18.37
4ef50a2c9652e429d7d7591a0712aad0,1,19c91ef95d509ea33eda93495c4d3481,06a2c3af7b3aee5d69171b0e14f0ee87,2018-05-17 10:17:40,119.99,15.73
4ef8fef15b3a1986d266d349b21ab021,1,fc3e972df7e263b301e2bee77ac2a6d3,38e679b9e0064cd94c6f035707344dae,2017-03-15 20:16:03,67.91,19.07
4f20f374acaa47920134df2f634691da,1,93c902b021a9e594f658ab1b0351602a,2e90cb1677d35cfe24eef47d441b7c87,2018-01-12 16:12:27,97.9,20.0
4f2478354c7836ea575c7e2f38dd1d1d,1,88774687a8883c2c512e37de090bc725,ceaec5548eefc6e23e6607c5435102e7,2018-03-05 14:30:37,389.0,27.56
4f531643f9a824b14d56621d4b679512,1,0aabfb375647d9738ad0f7b4ea3653b1,37515688008a7a40ac93e3b2e4ab203f,2017-12-28 23:30:26,24.5,11.85
4f8aa330d043e9db140284db7a6c3359,1,d401d9445df5a515a304b386278b4844,afe0067131b73e40875c9b6c10bd2e21,2017-10-30 22:26:12,104.9,43.14
4f971c4ebb15cc7cc89db8cf3acd2b33,1,aca2eb7d00ea1a7b8ebd4e68314663af,955fee9216a65b617aa5c0531780ce60,2018-04-16 00:49:39,69.9,24.71
4f971c4ebb15cc7cc89db8cf3acd2b33,2,aca2eb7d00ea1a7b8ebd4e68314663af,955fee9216a65b617aa5c0531780ce60,2018-04-16 00:49:39,69.9,24.71
4fa562ccf4105ec42bf3934fcaf418ed,1,d54c5b81fc2b38707588dd4eddc7c594,0241d4d5d36f10f80c644447315af0bd,2018-05-28 18:22:27,249.0,34.0
4fb04008f96cb74d5bd6bbc8600cb3fa,1,4534bceddbf90ce5876ec482cc5c74d2,d91fb3b7d041e83b64a00a3edfb37e4f,2018-06-28 15:56:01,16.3,7.87
4fb104ec6918efe57f7e105fe598d96f,1,9afc7bd1c6286201ccf4bf74ffc9ce6b,4992e76a42cb3aad7a7047e0d3d7e729,2018-07-03 20:35:11,18.8,19.08
4fb104ec6918efe57f7e105fe598d96f,2,891fb188da14116c09b14fcff8fb1a03,4830e40640734fc1c52cd21127c341d4,2018-07-04 20:35:11,24.0,19.08
4fb104ec6918efe57f7e105fe598d96f,3,b0517edd4454b9c2537f65826f500a2f,f0b47fbbc6dee9aafe415a6e33051b3f,2018-07-06 20:35:11,29.99,19.08
4fe46529fed4601ccb07ba71cc357567,1,2722b86640ddc24e1374c2df1ac2a230,72c5da29406b4234927b81855e7b64f6,2018-07-12 20:31:02,299.99,32.97
4fe900d6fa9492ee36b17a34cef5d7ad,1,33c4b54c2a3e60ac5beb217d833d9f52,b18871c324516afa228a13e8f1ef0ae9,2018-05-09 18:31:33,102.22,15.6
4ff21c3d42e746cac31c00b864aa71aa,1,a92930c327948861c015c919a0bcb4a8,6560211a19b47992c3666cc44a7e94c0,2018-01-05 12:27:06,78.0,34.35
502070fa8a16306454d031307381a7de,1,0b039b61011417822882815943f13dac,8b321bb669392f5163d04c59e235e066,2018-02-08 20:24:14,23.7,8.72
502f9fab8b6ef318e23a5700a237ef1b,1,9a6ff23254c73d6c6e1f630d220fec9f,2528513dd95219a6013d4d05176e391a,2018-04-12 11:49:55,79.0,15.43
504b7cb87442ebd376fbcab13b114a3f,1,4413a608a42bd21bbf9d5abbd58c249a,7ddcbb64b5bc1ef36ca8c151f6ec77df,2017-11-09 19:10:32,146.99,20.52
505a3bb5ff0c07fe7d0557cab70693ae,1,6ae3f85f46a37844372252496c77b4d8,53243585a1d6dc2643021fd1853d8905,2017-09-11 12:55:15,180.0,13.51
505ad05b659736f51f674522b701d9a5,1,84a87daa85c8b432d90bc1baa0cb4388,aafe36600ce604f205b86b5084d3d767,2017-09-26 21:15:29,59.9,15.18
509e9d1f29c6fe103a4738b15478ac45,1,422879e10f46682990de24d770e7f83d,1f50f920176fa81dab994f9023523100,2017-11-30 01:16:57,49.0,17.64
50bc1ac9db5f38b0982adba11e35b948,1,a734287b931bd7a03b9e30261ddc08ef,7e93a43ef30c4f03f38b393420bc753a,2017-10-19 04:56:28,179.99,16.01
50cf9a3b5a1afbf90ea3ed1b52469788,1,c033d17d5564326cf7986e7ffda1cf60,01fdefa7697d26ad920e9e0346d4bd1b,2018-03-20 10:48:48,118.9,27.56
50d8c54f968d5b38446e26e018dc89c9,1,52c80cedd4e90108bf4fa6a206ef6b03,a1043bafd471dff536d0c462352beb48,2017-12-27 09:30:09,179.99,81.43
50dd2a49e14604137b84567d5c9e0c8c,1,db49e555273e8f70eac0f18f20919850,827f8f69dfa529c561901c4f2e0f332f,2017-07-06 17:05:07,34.9,12.48
50e8eff30cc85b5bf993d52785bc082a,1,7703b8cb5b77fbb36518ea91e2ca734f,6560211a19b47992c3666cc44a7e94c0,2017-11-23 01:31:23,39.0,14.09
50e8eff30cc85b5bf993d52785bc082a,2,a84d0660dbffebf352aefbf1a6b18d00,6560211a19b47992c3666cc44a7e94c0,2017-11-23 01:31:23,29.0,14.1
50e8eff30cc85b5bf993d52785bc082a,3,2136c70bbe723d338fab53da3c03e6dc,6560211a19b47992c3666cc44a7e94c0,2017-11-23 01:31:23,29.0,14.1
51149ebc2ec1ecbf8a2503fd49753259,1,d66eeeb49d2801f33401c8c6828aee40,05d2173d43ea568aa0540eba70d2ca76,2018-02-28 22:10:29,14.31,15.1
5124d1910fba5bcf45b9372eb874fe2d,1,39678bc6ddb608fa59c306b78f51efe8,8b321bb669392f5163d04c59e235e066,2018-04-20 09:35:11,12.9,15.23
512f4f80b07d98a492f7e38f1736e1c0,1,202bd859659a841de892b00c341300ff,6560211a19b47992c3666cc44a7e94c0,2017-05-31 22:02:40,35.0,7.78
516f5de9225a8f51acf38a5d5057bdd7,1,56be1c4161cca988cfebc66dc35b4feb,65febd49fd28ec955651299159b1f527,2018-08-15 20:55:31,51.0,14.67
518a27a223dd20b3d2030d2a5d9574e8,1,50627d7c3dd43902d64134574befe12f,70a12e78e608ac31179aea7f8422044b,2017-08-16 23:05:18,299.0,13.59
518d8ea442ea12acede1c064a54cae32,1,c0d133f59b1b9482e5b66b398ea60a69,da8622b14eb17ae2831f4ac5b9dab84a,2017-03-13 14:15:17,119.9,17.4
518d8ea442ea12acede1c064a54cae32,2,e71979722971f0e661a45658746f8af7,da8622b14eb17ae2831f4ac5b9dab84a,2017-03-13 14:15:17,79.9,9.16
51a7d7d26116c0eaee6bb35ea667dfda,1,98a8c2fa16d7239c606640f5555768e4,001cca7ae9ae17fb1caed9dfb1094831,2017-05-02 08:26:24,84.9,36.14
51b3d3b824ebde9c8e8d84d17e98d88b,1,601a360bd2a916ecef0e88de72a6531a,7a67c85e85bb2ce8582c35f2203ad736,2017-05-12 13:05:49,129.99,18.16
51c86c4487b86a4e4cb8eeec8618de9c,1,cb81df0e3ccece253557f2a07df4727e,669ae81880e08f269a64487cfb287169,2018-04-11 21:55:13,45.0,22.06
51c86c4487b86a4e4cb8eeec8618de9c,2,cb81df0e3ccece253557f2a07df4727e,669ae81880e08f269a64487cfb287169,2018-04-11 21:55:13,45.0,22.06
51d33e03b53c86c11bb49dac397b1a46,1,24c66f106f642621e524291a895c9032,620c87c171fb2a6dd6e8bb4dec959fc6,2018-08-08 19:10:13,199.9,24.2
52008998ed11bdd670e60f49dd40935c,1,e0d64dcfaa3b6db5c54ca298ae101d05,4869f7a5dfa277a7dca6462dcf3b52b2,2017-09-29 20:57:03,158.0,21.6
523d5e9ab692bee9c8dfd7063351f696,1,7b2c4d6fa7d8e50000ac4c7fca609790,fc59392d66ef99377e50356ee4f3b4e1,2018-05-24 08:17:30,35.0,7.71
5278efafa60c7005d03202b122eaea55,1,b5e13c9a353102f79c6206ff5cb61a50,a49928bcdf77c55c6d6e05e09a9b4ca5,2017-08-23 22:25:19,79.9,11.76
527ef7d428c7f5edbd92451ba0b7ce70,1,e14736de1aa61cedecf657207bce5ffa,c89cf7c468a48af70aada384e722f9e2,2017-06-13 16:50:17,37.0,16.79
529a65336debb1c3e3327d7d67dc733d,1,a92930c327948861c015c919a0bcb4a8,6560211a19b47992c3666cc44a7e94c0,2018-08-24 19:04:29,77.0,18.64
52b72b336dbd155b3d75bb3fcc799ac3,1,151f6da73d1f11e1a75553f0281d19dd,6560211a19b47992c3666cc44a7e94c0,2017-07-31 00:33:07,49.0,7.78
52b9a4ef7e4655cb918edd7613606ce1,1,387cec52e5be20d76d3c240ce7ee707f,71039d19d4303bf9054d69e9a9236699,2018-05-07 05:54:59,119.9,44.61
52b9aacc52af6fe2fa59c2f86e84a735,1,1e8f7164e2c9b32dcd58e6a6b6b294cb,a5259c149128e82c9d6d46e0c1c812bb,2018-03-19 11:00:23,29.9,73.57
52d39ff4d1bec82c2e57105ce078804d,1,b1c791ce2fd764b4aaea6b9064b224ac,fe2032dab1a61af8794248c8196565c9,2017-03-15 12:32:49,265.0,12.46
52e1b92cb6de5f5bca72b3d73f59d193,1,99f5b2240b82bf9387e5cf2fc0335b08,1c68394e931a64f90ea236c5ea590300,2017-12-08 14:17:30,135.91,13.97
52fb3b22b5c78d0b753ffeb820ed01a1,1,da16d51397a128691eb2fec79f2daaf0,a416b6a846a11724393025641d4edd5e,2018-04-19 14:30:24,126.52,11.51
5308a8e3331c9fab38efdb6a6c1d89c4,1,acde6bd0b5f91190e2a123df389b0b47,36a968b544695394e4e9d7572688598f,2017-06-08 17:25:11,24.9,15.1
53172252fda6ac3410a2d093e143d2dd,1,59a0529af96d3d459965f044c5cd1296,30a2f535bb48308f991d0b9ad4a8c4bb,2018-02-07 11:50:33,49.9,8.72
5319d79dbab671824060b110de9d8346,1,24c66f106f642621e524291a895c9032,620c87c171fb2a6dd6e8bb4dec959fc6,2017-11-09 20:26:43,159.9,18.37
5339b02466cf3545d79c1b8c2d555faa,1,3aec7cc616c8c08edba18d7d2f50e43f,da8622b14eb17ae2831f4ac5b9dab84a,2017-12-21 19:13:51,169.9,21.75
534c285356eb06898b7ea7edbb14476b,1,bd6eb9532e448ca538cec41d0b9dc228,f5a590cf36251cf1162ea35bef76fe84,2018-03-29 09:08:35,255.0,24.1
539d0e8a233d633cce2f53dc4280c55e,1,368c6c730842d78016ad823897a372db,1f50f920176fa81dab994f9023523100,2018-03-19 09:31:27,53.9,9.0
539d0e8a233d633cce2f53dc4280c55e,2,368c6c730842d78016ad823897a372db,1f50f920176fa81dab994f9023523100,2018-03-19 09:31:27,53.9,9.0
539d0e8a233d633cce2f53dc4280c55e,3,368c6c730842d78016ad823897a372db,1f50f920176fa81dab994f9023523100,2018-03-19 09:31:27,53.9,9.0
53cbf33b674d602f6746cb90a9d874fd,1,35afc973633aaeb6b877ff57b2793310,4a3ca9315b744ce9f8e9374361493884,2017-05-23 03:25:20,89.9,12.13
53d06d4e404736f8d7d8795474e5845d,1,b162dfc96ebbb5bed62e6f3ecc8ceefe,48162d548f5b1b11b9d29d1e01f75a61,2017-10-03 04:04:28,18.1,27.97
53d06d4e404736f8d7d8795474e5845d,2,07b90e3c7e287977b2e8cd54a98ddb89,48162d548f5b1b11b9d29d1e01f75a61,2017-10-03 04:04:28,12.9,5.6
53d87cd7f6e019f2691e10d60fb10932,1,3354a4e684f5e7199f9407db70ccd92b,7a67c85e85bb2ce8582c35f2203ad736,2018-04-05 10:50:12,89.99,18.21
53f8daea6e8c8d787695830a448a3e67,1,9a9a9db03d984059e843b4f3cb5688d0,46dc3b2cc0980fb8ec44634e21d2718e,2017-12-07 02:31:26,199.99,16.15
540b0c68a4bc555477ee033cfb99b095,1,21a23f7375628a983f0496f2511e62fa,cca3071e3e9bb7d12640c9fbe2301306,2017-06-04 21:25:07,39.9,12.69
54219c88839d9b1991f5550734f20c9f,1,e724a0cc4252ae8385e3b66944b6a3ea,0691148aee60ca47977c187804f935ae,2018-05-07 21:12:25,95.9,23.25
543cca75b036b547b2b025a1d896895f,1,70eb8ec63fd4f2a0bf8607712407727c,903037660cf848a717166eb7a06d616e,2018-07-31 17:20:37,45.99,16.51
546b9703cec4a0b57e4573d7ded4ae12,1,dabc8335b58a49ec2f5fcb06255cd733,0c8380b62e38e8a1e6adbeba7eb9688c,2017-08-10 17:20:12,99.9,17.95
54811adf8b498ae84eb8bef759873054,1,c7ca99b36741a465e2ea397d5091105f,6c12e40690c335dbc2f68a4134d30dc1,2018-05-02 17:12:16,59.9,18.3
5481cc369cb2fe41d87a0eb98c512166,1,aa7f707ef77cdfa8a3059da401c11311,7b07b3c7487f0ea825fc6df75abd658b,2018-03-02 15:15:53,38.8,7.78
5492e5f6cccb69b3bfb5b0c1242e69b4,1,b60856ce32d90658dbf99b9485327c25,8b321bb669392f5163d04c59e235e066,2018-06-29 14:30:52,9.0,18.23
549724824079ea56bf8f03069347fe0e,1,db7f3f42ccab32fa6328b3063b278bcc,7299e27ed73d2ad986de7f7c77d919fa,2017-12-15 12:35:30,50.0,16.79
54afcb850639d95181bf3ee674f97c25,1,aad6f87ee5ffce657b9b3729187be36b,6a8b085f816a1f75f92dbac6eb545f8f,2017-11-17 09:55:30,14.9,15.1
54e4556bb09818e0efeb30e86c4022e0,1,94a6c010ef78e62cab34c6caf0a69b5f,080102cd0a76b09e0dcf55fcacc60e05,2018-06-21 03:36:57,12.5,15.23
54ef7706bc8a0c0209e7aca10d463608,1,06c6e01186af8b98ee1fc9e01f9471e9,fc906263ca5083d09dce42fe02247800,2017-08-28 04:27:27,39.9,25.63
550c5a737f2d08a5e934958da8fb29bb,1,8c292ca193d326152e335d77176746f0,7e1fb0a3ebfb01ffb3a7dae98bf3238d,2018-01-23 22:50:09,150.0,15.8
55239e09e4cd4de5e2e69452283e9b36,1,195d8e91830247a20eee5eb4c4236294,a5cba26a62b8b4d0145b68b841e62e7f,2017-07-27 10:55:08,342.12,18.83
559e3bc7d9dd587ccb23c90505340ee1,1,422879e10f46682990de24d770e7f83d,1f50f920176fa81dab994f9023523100,2018-04-26 02:32:14,53.9,0.0
559e3bc7d9dd587ccb23c90505340ee1,2,422879e10f46682990de24d770e7f83d,1f50f920176fa81dab994f9023523100,2018-04-26 02:32:14,53.9,0.0
55a0842ea8508da4c9ef096cbac8bfef,1,44625a08c05dcb9f85a1973644c69c6a,acce39e832338debb07b02385cde5967,2018-08-06 20:23:52,89.9,16.82
55af89bd3634844abc96b00c4caa76a5,1,341141693c1995e911d0a5843f7c289b,7d13fca15225358621be4086e1eb0964,2018-08-07 08:30:20,110.0,18.87
55ca27587481961b3a085c32da46f015,1,e44f675b60b3a3a2453ec36421e06f0f,218d46b86c1881d022bce9c68a7d4b15,2017-12-29 16:48:57,107.0,34.55
55ccd4969754c36c0e5d45ce55594aa4,1,0bb1142b8037490f29e8f322ad5b538c,2709af9587499e95e803a6498a5a56e9,2017-10-26 20:14:27,22.0,11.73
55e437ea6e09474dfdddee9b983aa798,1,e0cf79767c5b016251fe139915c59a26,da8622b14eb17ae2831f4ac5b9dab84a,2018-01-17 02:48:41,29.9,8.27
55f305618744bee9d9287fa844807280,1,2722b7e5f68e776d18fe901638034e54,3d5d0dc7073a299e31fa718ce1bc00b6,2018-07-04 04:35:12,27.9,24.55
560691faf05a5433e9617b9582948175,1,78f29023586e374cdc3773ce0af6bd2c,960945e1a9535cbc0cd6ddd35fbe7ae8,2018-05-17 03:10:29,141.4,11.61
562f6c47e1f1b9b37763db9d5ae00e3a,1,6639a238ead6779d6ef0b3eea56f9f86,0ea22c1cfbdc755f86b9b54b39c16043,2018-05-14 04:31:23,34.9,22.89
5642f00882c2ab59e001778dc483135f,1,5c973b4202aac5c372a483e712306f4f,391fc6631aebcf3004804e51b40bcf1e,2018-02-20 20:50:28,49.95,15.1
564bf3fea35e87a7bae2d73a14f679cf,1,84f456958365164420cfc80fbe4c7fab,4a3ca9315b744ce9f8e9374361493884,2017-11-21 11:46:34,99.0,13.71
564d8bd235927df0c8c8bfe8ff4aee6d,1,1a405418406359cc2b8815f93bf359c2,4d6d651bd7684af3fffabd5f08d12e5a,2018-04-19 14:35:18,139.9,20.32
564e414f20390e6417f5e6c6ad3f095e,1,a04087ab6a96ffa041f8a2701a72b616,53243585a1d6dc2643021fd1853d8905,2017-12-28 02:11:19,599.0,82.42
567694848ecdb6633bef4b3b48bbc4d2,1,7a10781637204d8d10485c71a6108a2e,4869f7a5dfa277a7dca6462dcf3b52b2,2018-05-15 16:16:59,199.0,0.0
567cc2038bd5fc2994630f15ba392df9,1,ddceb6eef6af67e9fbbd4c148dbe5fd9,ceaec5548eefc6e23e6607c5435102e7,2018-04-17 22:10:18,215.0,13.41
5685548b79358ab0ae555e21ef9cb4ea,1,f858dbf7475a6089fc882318b8aeaded,835f0f7810c76831d6c7d24c7a646d4d,2017-02-15 21:54:04,24.9,1.88
5685548b79358ab0ae555e21ef9cb4ea,2,7afa8c8eca2a26b599823eed4975a820,835f0f7810c76831d6c7d24c7a646d4d,2017-02-15 21:54:04,169.9,37.65
56a726fa0f40d3678696e62aaed9690d,1,9fe172fa8e662ca8572cf12abf8bce23,cab85505710c7cb9b720bceb52b01cee,2017-01-29 00:46:17,49.9,10.96
56a879c57a3b6118c13d30799d1ae6a2,1,599f8ba174ccb73cbb51452117fe3cb0,659e8466eb3ff1b0e8740d74fb7bbedd,2018-04-26 00:16:36,75.0,19.95
56bafc014f8ed2f34cfe598592c65fd8,1,6aef77cdfe08cd913ecf82f04149e0d3,4e17c65a516f69d023a2ae78b84f28d6,2018-06-27 09:31:14,68.0,20.92
56c31c03a2fc4a10abafed9320733788,1,629e019a6f298a83aeecc7877964f935,c003204e1ab016dfa150abc119207b24,2017-11-24 11:46:26,109.9,14.37
56c52cf14c501d31e4d208bf86cecb53,1,fe8f341b1e20d2b1135245c3400a6e53,cee48807215b30a12ca2ca10ffb5f250,2017-12-17 22:36:50,199.9,21.89
56c52cf14c501d31e4d208bf86cecb53,2,fe8f341b1e20d2b1135245c3400a6e53,cee48807215b30a12ca2ca10ffb5f250,2017-12-17 22:36:50,199.9,21.89
56dff4484c68636969e851203694d13e,1,e94df75b2e9a8b056be0c144a731f55c,5cf13accae3222c70a9cac40818ae839,2017-12-04 02:12:22,94.9,18.23
56f251ca89f74d06076966d5d49b9dc6,1,388a6943ef1d99b81f642a0137bfa5da,cc419e0650a3c5ba77189a1882b7556a,2018-03-08 18:15:44,94.99,15.41
570eccb41678dc30af2792b28b86bb45,1,9fc063fd34fed29ccc57b7f8e8d03388,ccc4bbb5f32a6ab2b7066a4130f114e3,2017-05-07 22:05:06,370.0,28.85
5730dad6ecb4f73d55da69d127c2bb6b,1,983b5668afc4aa8777599206fcc8964f,3d871de0142ce09b7081e2b9d1733cb1,2017-12-18 03:50:04,79.0,13.57
5732c4d32ae81ea346107cb61aa2061b,1,347b87eae9fc537319fceb5bf22d22fe,2e1c9f22be269ef4643f826c9e650a52,2018-03-08 22:08:40,54.49,15.13
573aed3067e4c429716880094b71a80b,1,5e939a93f81b2b628f2c09510001742a,4a3ca9315b744ce9f8e9374361493884,2017-02-27 13:20:42,89.9,14.8
574accd5d1addd79bc32cb3effecf05b,1,80103e141ed0da3b1d63cb0c7d1f7d48,0afccdb8a34ee5c79f7c06faf2b4d56e,2017-12-05 17:55:32,39.9,16.79
575cf745e50a19f7d43cb7831c5c76ed,1,98fa920be965878f7c44da75d4cb6ddc,d57e18d5f73c7ccb7f7339b61166898d,2018-04-12 18:50:13,42.9,8.88
576adb3745bf32808dc8207fe39f8542,1,b044bbed524dc39f8465f2d1b5b620f8,e9779976487b77c6d4ac45f75ec7afe9,2017-06-22 09:50:17,299.9,9.84
577b745a85120419fe27073e3c9e1a76,1,7a10781637204d8d10485c71a6108a2e,4869f7a5dfa277a7dca6462dcf3b52b2,2018-05-04 13:30:47,199.0,0.0
579997e88b2563ab8a3f3d6f5022a8a6,1,6f3b5b605d91b7439c5e3f5a8dffeea7,4869f7a5dfa277a7dca6462dcf3b52b2,2018-02-05 16:31:13,229.9,16.36
57edfe6486364c7777241f5ab5902715,1,cc696680ea0cefcd5d7d5d928afb8de8,217f005bb37ff3aeef5b2ae1788e75ba,2017-06-19 11:03:07,24.99,15.1
581ef4e5af5c7bbdcd26579839290635,1,a62e25e09e05e6faf31d90c6ec1aa3d1,634964b17796e64304cadf1ad3050fb7,2017-11-23 16:06:19,108.0,19.3
5855ed67c59c23f410f190aabae43591,1,1164c17af70425821f88bfbdc9e907a3,2d50d6282f8aa2257819a77bfaa0efe0,2017-09-14 13:05:18,35.0,15.1
5857c4471757f3c88440e2f2f405c7c1,1,bbaef2eadf31fe3ea6702077398be06c,cc419e0650a3c5ba77189a1882b7556a,2017-06-06 04:35:27,56.99,11.9
58862b6204545c832643872387966329,1,75dffc4de999c1c28630b084e58beee4,d90fe2229fee1a5da999ccd0c06c1667,2018-08-14 19:35:18,220.0,24.34
58aebe1d668d109ff150b32efbffa817,1,642a40d4d73b4b2604968937de13634a,d2374cbcbb3ca4ab1086534108cc3ab7,2017-04-28 13:05:55,12.9,10.96
5935197a3a64cf91a125aa939d5eac7b,1,f65464750198350b78735037a9b35dd2,4a3ca9315b744ce9f8e9374361493884,2017-07-21 13:45:17,210.0,16.22
59432b04b996ae5d0d88267d392b8d6b,1,0e19c7867209124d5a735e0505c2bb24,eeb6de78f79159600292e314a77cbd18,2017-12-21 17:30:29,599.0,24.68
5958ed39b1c52e9a1f4a4cbfcfcc6506,1,c21bd5b6be0663cddb80ec6744d6ca24,e9779976487b77c6d4ac45f75ec7afe9,2017-11-17 17:07:01,99.49,8.44
5965b589a33443dd1f820eb7df39762a,1,f5d8f4fbc70ca2a0038b9a0010ed5cb0,48efc9d94a9834137efd9ea76b065a38,2017-01-09 13:36:41,10.9,8.72
59668dbabb7fd2151ea6d80d1ea0f251,1,3f14d740544f37ece8a9e7bc8349797e,00fc707aaaad2d31347cf883cd2dfe10,2018-03-14 11:30:36,85.0,12.72
59754064fe4ffec6c0149904a6573d81,1,108c2bc00375b068ec4d353bfe3649ce,e5a3438891c0bfdb9394643f95273d8e,2017-07-31 23:30:15,109.5,17.21
59b4abe1af7c9b48dcc8330a65a2be81,1,b5adf7b72a7eb667aafd446581c35f3f,c60b801f2d52c7f7f91de00870882a75,2018-05-17 01:05:41,241.0,24.19
59bccab4e9193a9229f7d1b73fcb47c3,1,4efd35570dbaaa27e216bd8bf3ed4cf3,7c67e1448b00f6e969d365cea6b010ab,2018-03-16 19:09:07,79.99,16.82
59bccab4e9193a9229f7d1b73fcb47c3,2,33e77eecc23c25a65d10f627e5053617,7c67e1448b00f6e969d365cea6b010ab,2018-03-16 19:09:07,116.94,22.42
5a0e5ad33542c79b10be87a344ee0086,1,622bad99b4296aade0783ebecdd3fa15,376a891762bbdecbc02b4b6adec3fdda,2017-06-21 03:03:40,73.9,12.77
5a45d91a6a45708d28e1f018a24a2607,1,3c54d3fdff96e2d3dc2115d08ef858c0,7a67c85e85bb2ce8582c35f2203ad736,2018-04-26 19:31:34,89.99,19.6
5a7ca318214b5a70fd94e277af9643f1,1,bc055ae94989497c0d66bfa4263ccf61,1c68394e931a64f90ea236c5ea590300,2017-12-06 00:16:48,57.52,16.84
5a87769ff430e7d1873e2bb9b3968af3,1,f5ea2987f3303da7ac961ca96223909b,96804ea39d96eb908e7c3afdb671bb9e,2017-10-03 21:35:29,149.95,15.8
5a97cb85d8737c11775451e5bcf67286,1,8de065ea288024906fe52d09d8021df4,aae5e7b457a3c72ee230a47d98fceda5,2018-08-14 02:44:09,29.9,17.14
5aa89bb7eb1a8dca4d70fcd37878c8a4,1,e06f99e79036d681effa3de75989bf22,6560211a19b47992c3666cc44a7e94c0,2018-07-27 11:05:10,59.0,20.15
5aa89bb7eb1a8dca4d70fcd37878c8a4,2,e84997d75938765ef99930f908ceedf4,cd6efc47efaabf134f8bdb654e10b4f1,2018-07-27 11:05:10,127.0,26.2
5ab0f11d0dffdb3aa7084f276108fdfb,1,363218ba55c610b750224f90bdd34be1,33a6f4b1e7cdc205511e76ba1b6e0186,2018-05-18 13:55:10,77.99,7.79
5add03213ad417aab3988852ea890572,1,7fb04722aba7a2b632bac8f9819796f3,f3b80352b986ab4d1057a4b724be19d0,2017-09-08 10:55:24,79.0,17.8
5b04efc47b042c9734bf6d5a67be3b6d,1,4a25d757ff72fad7534f478c90be77e6,92eb0f42c21942b6552362b9b114707d,2018-01-18 02:48:23,12.98,15.1
5b0a937c574c108a5e2359af5665b99a,1,12679a5fde22662b441abe4f754345ae,3ab971ce71839580d2ae5b4e40fe8044,2018-07-30 09:44:06,195.0,36.6
5b113b47da093bc2cbbc7797aeee7994,1,a35a9f46dcee0a67c8c7ad8493eb4135,85d9eb9ddc5d00ca9336a2219c97bb13,2018-08-01 20:43:43,28.9,14.5
5b1ff9c294ce6149733c6912262c60f9,1,ee92961b88199a0d4329a6beca8f63da,78c99c6dff4eeae5be99bf635ed21e3f,2017-02-12 10:18:09,39.9,22.28
5b1ff9c294ce6149733c6912262c60f9,2,ee92961b88199a0d4329a6beca8f63da,78c99c6dff4eeae5be99bf635ed21e3f,2017-02-12 10:18:09,39.9,22.28
5b1ff9c294ce6149733c6912262c60f9,3,ee92961b88199a0d4329a6beca8f63da,78c99c6dff4eeae5be99bf635ed21e3f,2017-02-12 10:18:09,39.9,22.28
5b30ad24f4e7ba20015ff2f3c2c30aa5,1,e357a8646a17191f03fd9f833a0fa29b,bd23da7354813347129d751591d1a6e2,2017-11-15 23:11:12,99.9,17.95
5b57e9de57b0d980b9a9049aeacc5955,1,382132cf96c88a277a65226833af5f61,b2ba3715d723d245138f291a6fe42594,2017-11-08 03:31:16,49.9,11.85
5b72a0a59eaf0de6502b2959810e3dd5,1,f6c3624f0bad00eefa032e306776a77b,26e13b6ff5b641b329e5524241ee2c93,2018-08-17 18:24:15,29.9,12.87
5b93109649fd0855758bb61ef5fc3d37,1,2b9496ed8ff2f7b2003258b94a58772b,7a67c85e85bb2ce8582c35f2203ad736,2018-04-16 18:09:12,129.99,23.49
5b944386c869819d045c1388bb686124,1,700b2242828ce37313207c1e91adc2d0,562fc2f2c2863ab7e79a9e4388a58a14,2018-08-14 08:35:10,24.99,7.44
5bbe496e9e32884e4f0260f1b6bd6c3d,1,cc99f9e6673b4a99658d70f73c3bf1e6,a3a38f4affed601eb87a97788c949667,2017-07-12 14:55:21,114.9,18.05
5be0a4b3c5edf92cb76efb03c61c2474,1,e0cf79767c5b016251fe139915c59a26,da8622b14eb17ae2831f4ac5b9dab84a,2018-08-06 00:44:08,29.9,7.47
5be2326ca192b2612fd8d601f3981dca,1,d3060c543b1b88a647cc284ed7a9dd4a,f67efa3f0b6761102a7f8c6b7b571f5d,2017-06-08 17:35:19,109.99,21.26
5bf4b0c6624c03f4a531a60082fab3b5,1,f35927953ed82e19d06ad3aac2f06353,669ae81880e08f269a64487cfb287169,2017-03-17 14:31:07,115.0,16.51
5c2b36b8e747abcc27f2d9ab379ed334,1,8155728af949f234b666bf60ed257e6a,7ad32824caee82087b3e2e5f33b1bf32,2018-07-18 18:55:21,79.0,19.74
5c2b38dc10cf46a3224f46dba893d26a,1,e06f99e79036d681effa3de75989bf22,6560211a19b47992c3666cc44a7e94c0,2018-01-26 14:13:21,59.0,7.78
5c86a3bce0bf5ae461b06446d58b323c,1,fab8297a9d2e7e1e756998675831f7e9,fa1a9dec3a9940c072684a46728bf1fc,2017-06-08 10:50:19,135.9,16.71
5c9657078bbc1c0b67c071d651331b9d,1,e6b6e72a0e6be244a69261788f086429,a673821011d0cec28146ea42f5ab767f,2017-03-16 12:50:20,99.99,9.69
5c9657078bbc1c0b67c071d651331b9d,2,e6b6e72a0e6be244a69261788f086429,a673821011d0cec28146ea42f5ab767f,2017-03-16 12:50:20,99.99,9.69
5c9a0939b9e4b6d310a738b443bd44e2,1,2b0233a7e7ded4751e8e3812f9a4553e,8c16d1f32a54d92897cc437244442e1b,2018-01-26 20:34:01,21.49,12.6
5cca397d52ba2f962523520cc83db7ba,1,2b4609f8948be18874494203496bc318,cc419e0650a3c5ba77189a1882b7556a,2018-04-10 22:35:50,79.99,18.17
5cd688955f6e1066065fb55213589afc,1,51d4c5626abb1963d3cba78871cce415,968ee78631915a63fef426d6733d7422,2017-06-20 01:10:34,220.0,51.2
5cf83f6f51a8b5c52504a09006a69eb0,1,389d119b48cf3043d311335e499d9c6b,1f50f920176fa81dab994f9023523100,2018-01-04 13:18:18,49.9,17.66
5d0d28b0a5db80fe44a0ac53bdb979dc,1,646998fa29db22fe94b0bd31b8d228ac,7f7b8245c336066a1f9933c359f11d77,2018-05-21 10:35:21,24.9,7.71
5d2331c2b9c856b5b42d3c9f0c9b97cc,1,dbf1bc6f925f7fc97db3fda5c4cbdec8,7299e27ed73d2ad986de7f7c77d919fa,2018-08-23 04:50:08,29.99,18.31
5d2360b577af310633223b53506dcfaa,1,1600dcf1cea8c0c83702e07b577ab231,6560211a19b47992c3666cc44a7e94c0,2018-06-15 11:55:13,44.0,23.03
5d4641e1bc38e17f79478bb33fdfbb0e,1,812f428f6757ab16c46cffc68f2e90c5,eed78ac17f7f795a19a709745f00cd4e,2018-04-09 21:15:21,59.8,27.15
5d4641e1bc38e17f79478bb33fdfbb0e,2,812f428f6757ab16c46cffc68f2e90c5,eed78ac17f7f795a19a709745f00cd4e,2018-04-09 21:15:21,59.8,27.15
5dd21baa3b88bf3e97bcc80aa1b0b52a,1,2b210308bc3d8dee92cb9d62f7b4bbfb,f7720c4fa8e3aba4546301ab80ea1f1b,2018-06-05 09:31:01,59.9,15.3
5df489bf628aa872653bc4791319921f,1,0a27862bbf658a5b8cf655761bc5c72d,d17f467e4bf608a510c20d82f4ba3b6b,2018-08-06 21:00:13,51.73,66.89
5e11fe9f9a64d664e12cf549745060e0,1,880be32f4db1d9f6e2bec38fb6ac23ab,fa40cc5b934574b62717c68f3d678b6d,2017-04-14 17:50:17,42.99,14.11
5e3ec924bc1a1f3793e12632c2b2f85d,1,ce846b23f06e1c42afbc68efc1d35b82,1900267e848ceeba8fa32d80c1a5f5a8,2017-06-16 19:30:24,56.99,12.74
5e51a64decd482cc34e99e406942efc5,1,ee406bf28024d97771c4b1e8b7e8e219,7a67c85e85bb2ce8582c35f2203ad736,2018-03-14 23:15:39,144.99,27.74
5e52347cf930a594b49921ee25d22742,1,262f65b4fffa70d0216e5aafde271967,abe42c5d03695b4257b5c6cbf4e6784e,2018-03-06 18:35:31,279.0,15.7
5e5e74b102f501b1f57aa7ee1a7b84de,1,36b5bbad82f37ff2276398395227af7d,27a56ff04b34c2ba34ce6ba4d3b9d616,2017-10-19 12:07:35,35.9,11.85
5e682664f3f3651fbaf00a25915ef580,1,154b6772d166a9c3398661ea26350dc6,6d66611d7c44cc30ce351abc49a68421,2018-03-19 18:29:23,399.9,37.93
5e754503796f05f2ad0541feb16a6a85,1,c1cf541d5b33a4b04ddc1c3be7aa1c86,01fd077212124329bac32490e8ef80d9,2018-08-27 02:50:24,38.0,18.37
5e81354e795eec26aec91548a783b116,1,6f657bbc44514ab511c65b891301208d,febab0275244b9a49a623f0bd613ca2f,2017-05-16 02:15:17,76.0,13.55
5f0b0782790ceb15a39a61c73e13df9b,1,ef7f9080df1ef631941928033aa7b515,aba1721a889e04decc910aa13b768ef4,2017-08-29 02:51:14,33.0,7.78
5f4ca60a3374aa89fd1ceeb0431c0c80,1,80736543f7c5c511bccb61d1544d9d0b,4a3ca9315b744ce9f8e9374361493884,2018-08-13 17:45:26,107.5,17.88
5f57d407fe28bd1e4601d998f6caa58e,1,797cb0efc72192071fc68eb90ce7dd62,0417b067eeab773d2f7061a726dc477f,2018-05-03 18:15:12,109.99,40.84
5f71bc83356f39cf9e9b8004f39a989a,1,10cdbbacd25110d10f8cbe925ea7853f,7c67e1448b00f6e969d365cea6b010ab,2017-09-06 10:44:56,199.94,41.79
5f72c8b02beaa8a1bc3fd79ea75384e9,1,96ff741d2c7879406ec3054d6b2a11c8,6560211a19b47992c3666cc44a7e94c0,2018-08-22 14:51:17,49.0,18.44
5f7577cc4d04d08a6edae39a0b96e281,1,bbaef2eadf31fe3ea6702077398be06c,cc419e0650a3c5ba77189a1882b7556a,2017-08-11 02:55:36,56.99,14.15
5f77756df7ee84e204c730c024312542,1,4ac218f276a40201c282dd01401e9bd8,e9bc59e7b60fc3063eb2290deda4cced,2017-08-25 17:25:35,195.9,14.39
5f77756df7ee84e204c730c024312542,2,4ac218f276a40201c282dd01401e9bd8,e9bc59e7b60fc3063eb2290deda4cced,2017-08-25 17:25:35,195.9,14.39
5f79591dc99f5f8850f6259c80b83be2,1,2be2be0a6a5916840503fdf50808ebcb,dfc475d54e1b6dbeeb7d7d9bdaa63827,2018-07-02 05:12:59,24.2,19.36
5f7c5a387a87c6c7a3fefa36dc21929a,1,8adde8ed66e628e94f29b9832156ab08,d20b021d3efdf267a402c402a48ea64b,2017-08-08 16:35:25,46.99,16.11
5f7d84d0a7cea1633979f2b458c740b6,1,8a07df3b4a96005496043e667f667beb,0cbcee27c791afa0cdcb08587a2013a8,2018-04-26 07:11:00,42.15,18.23
5f8727348fdce5ad81ba441d3bf9e18c,1,aca2eb7d00ea1a7b8ebd4e68314663af,955fee9216a65b617aa5c0531780ce60,2018-05-10 13:10:06,69.9,0.0
5f8727348fdce5ad81ba441d3bf9e18c,2,aca2eb7d00ea1a7b8ebd4e68314663af,955fee9216a65b617aa5c0531780ce60,2018-05-10 13:10:06,69.9,0.0
5f8772295e1adb4e4832c988d6b631b6,1,1e618d311a1b7f88a9d96ec50aa85582,d94a40fd42351c259927028d163af842,2018-03-22 10:28:37,129.0,70.89
5f8af87da2123c6841b3941b3b5f478e,1,d4ad0f0b0c607df43752eaa46d2ebae3,77530e9772f57a62c906e1c21538ab82,2018-08-09 22:35:18,100.0,43.5
5f8c42f0624576e5f4c4c86cb176c613,1,9b056287fe05c2dfb1394ff376621eca,6aa3928696eab49a19a466e665a649fd,2018-08-16 21:44:13,69.0,9.41
5fab73b31e4fd43344a3f2fa650807ce,1,d1eb048cceb0bd37ada007e53afe32d3,ad273c9eb54ecb4532de4bf75bae9e4e,2018-01-08 17:56:42,89.0,14.37
5fb7dd0236cfe4fd2c620959623e4619,1,17865682ce7cccfe7dec02d1f74a8f86,253f95b3a0e6983ae18aed49fbc2b845,2018-05-03 03:35:13,129.9,15.0
5fbf0b33d959fccab26b945f15707bd3,1,f282b8032570cf3ce692b8ea7e1b6c53,e8b4225284fbb02d16f200513f1f395d,2018-06-18 22:40:44,149.9,24.66
5fc2475da462df87150a6013f0879f5b,1,a1e9b0d76a76ff474f4a4374fcfb8c42,7008613ea464bad5cb9b83456e1e6a8f,2017-05-11 12:31:28,42.0,16.11
5fc2475da462df87150a6013f0879f5b,2,a1e9b0d76a76ff474f4a4374fcfb8c42,7008613ea464bad5cb9b83456e1e6a8f,2017-05-11 12:31:28,42.0,16.11
5ff05cd5557e3cc10ba2ef800f2b8da6,1,f8ec436ec93f73848b48b8e0e5fcd335,cb5df0dcb9e280b1780e9d589889f2c7,2017-06-06 18:55:12,269.99,27.17
5ffc7455c07cb79260d36024277e417a,1,bc68b4f9aacf4761a51fe96ac9cb6d62,2138ccb85b11a4ec1e37afbd1c8eda1f,2017-02-10 17:02:13,32.99,16.05
60114243c9bedbdafe9bc312bd608936,1,dbbda25f6b7c74669cf2203b2e3139a0,e9779976487b77c6d4ac45f75ec7afe9,2017-12-29 19:35:19,139.56,8.72
6012c4f6717daddf50ae413224098301,1,5ec7e3a8dd5bc62961e497992baf4036,ffad1e7127fb622cb64a900751590acd,2018-07-12 04:45:06,75.0,16.72
601aeff176a15b40925c874c87b0cc16,1,bbaef2eadf31fe3ea6702077398be06c,cc419e0650a3c5ba77189a1882b7556a,2017-08-18 09:43:45,56.99,11.9
601d20f33163e575f4eb9704e3730c1a,1,8828464e34fc3da3892f568218e14d61,2e7ea2aafec5835e781b21d6d1faf1f1,2018-07-12 18:51:11,69.0,12.78
60587a0b83305888501192ff07ba8bb9,1,ea44caac707f7f1325182a538007f838,855668e0971d4dfd7bef1b6a4133b41b,2017-12-11 04:13:45,52.0,11.73
60774e7210a075fb221731434321e048,1,93a12c289ca2b78e7069e469f5053ef2,88460e8ebdecbfecb5f9601833981930,2018-04-16 00:12:41,129.9,18.79
60787bfeaae0862411713fa2071d87db,1,e3e6af2b9a779d64b3589a5b56102d16,5343d0649eca2a983820bfe93fc4d17e,2018-04-03 09:27:46,39.0,19.32
60787bfeaae0862411713fa2071d87db,2,e3e6af2b9a779d64b3589a5b56102d16,5343d0649eca2a983820bfe93fc4d17e,2018-04-03 09:27:46,39.0,19.32
60787bfeaae0862411713fa2071d87db,3,e3e6af2b9a779d64b3589a5b56102d16,5343d0649eca2a983820bfe93fc4d17e,2018-04-03 09:27:46,39.0,19.32
607ee697173850d7eb749c1fc01be313,1,4724ffa427f315c485e39b02e21859b2,955fee9216a65b617aa5c0531780ce60,2018-04-02 03:51:06,12.0,15.23
60a33bdbdd12f868ce8db165ae533c18,1,ea1185fcb2a7197e60bf9680e889f475,c33847515fa6305ce6feb1e818569f13,2018-07-06 18:35:19,149.0,34.8
60c46973a2a9ad727ea9c45695b2b312,1,a0d20b18f2a06b34206ba5933b4ec05b,3df020b72d3d44b3af9d110fa3940b65,2018-08-14 12:30:16,49.9,17.48
60c46973a2a9ad727ea9c45695b2b312,2,a0d20b18f2a06b34206ba5933b4ec05b,3df020b72d3d44b3af9d110fa3940b65,2018-08-14 12:30:16,49.9,17.48
60c46973a2a9ad727ea9c45695b2b312,3,a0d20b18f2a06b34206ba5933b4ec05b,3df020b72d3d44b3af9d110fa3940b65,2018-08-14 12:30:16,49.9,17.48
60c46973a2a9ad727ea9c45695b2b312,4,a0d20b18f2a06b34206ba5933b4ec05b,3df020b72d3d44b3af9d110fa3940b65,2018-08-14 12:30:16,49.9,17.48
60c46973a2a9ad727ea9c45695b2b312,5,a0d20b18f2a06b34206ba5933b4ec05b,3df020b72d3d44b3af9d110fa3940b65,2018-08-14 12:30:16,49.9,17.48
60c46973a2a9ad727ea9c45695b2b312,6,a0d20b18f2a06b34206ba5933b4ec05b,3df020b72d3d44b3af9d110fa3940b65,2018-08-14 12:30:16,49.9,17.48
60cb4dff7b70f5122c9ecd1fe2058b38,1,b384160c8fb72e5debfa85d4511f7b28,70a12e78e608ac31179aea7f8422044b,2018-02-21 16:28:08,98.0,12.19
60e2e89624c1d0711e325baf34fe2327,1,769083fbf5eb9f3f132a633cc9809388,1b938a7ec6ac5061a66a3766e0e75f90,2018-01-18 11:31:40,64.9,25.29
60ead11db6b36221fe1424e330883a9a,1,af322f53ac46d23069c8ce5a98632cd7,827f8f69dfa529c561901c4f2e0f332f,2017-09-01 18:25:10,29.9,14.1
6101d68c2fb03e7c4571839add1a24b0,1,a39cc58c1b5926b6f9f378daa89f1315,1025f0e2d44d7041d6cf58b6550e0bfa,2018-06-18 15:59:43,150.0,30.85
6113b6607a9b3dba19df73168d0923e7,1,5a4491fb73ef5c6689be17bfb30642eb,4371b634e0efc0e22b09b52907d9d469,2017-11-07 22:50:32,200.0,15.15
613ea91cb4b6b072a114ef3e5e9b6227,1,91c82ace62e0ca1b69b1a45bcc214b45,4869f7a5dfa277a7dca6462dcf3b52b2,2018-07-03 12:50:34,169.0,13.84
617b248faca8fe758da0640030f82f00,1,d58020f0dc3b18e41728f846f5072a6c,562fc2f2c2863ab7e79a9e4388a58a14,2018-06-19 12:45:55,29.99,18.31
618450817fba79842e9347f1c03714d3,1,a1231816b47b24a6fa3de97f2147a8b6,3d871de0142ce09b7081e2b9d1733cb1,2017-11-07 11:10:06,38.0,44.81
61b40f2b303f6b312a3563e508baafb7,1,634256dbcd184b3757ffd7632c9fe52a,42b729f859728f5079499127a9c2ef37,2018-02-28 08:30:53,24.9,14.1
61b40f2b303f6b312a3563e508baafb7,2,634256dbcd184b3757ffd7632c9fe52a,42b729f859728f5079499127a9c2ef37,2018-02-28 08:30:53,24.9,14.1
61c3c1cdd42ccd14931a2fe11d77e2a7,1,65b8088cea1e67b54a517052979d07a0,609e1a9a6c2539919b8205cf7c4e6ff0,2018-08-01 10:50:14,57.99,19.6
61ce184c1c73abf33b18c98b0dff1229,1,8e382dedd9ae71943f9a70f6725b748f,cac876b37d3abcd6bd76caca30277996,2018-07-10 20:31:28,79.9,19.75
61d430273ff1e88f2944acb53e99eab5,1,ef0e165d773ec293c5aeb5470a08b183,7ddcbb64b5bc1ef36ca8c151f6ec77df,2018-05-15 17:30:48,169.99,22.29
622cd02bfa274728c8d0260bc7c492a2,1,cd3f4942e46362adc32589ff1a90e3dc,53e4c6e0f4312d4d2107a8c9cddf45cd,2017-08-07 09:50:17,30.0,15.86
622cd02bfa274728c8d0260bc7c492a2,2,f014ea8c6c04cc78a9e70319e351dc4b,53e4c6e0f4312d4d2107a8c9cddf45cd,2017-08-07 09:50:17,30.0,15.85
6243a6ba7e6150edfa7227f96c72de74,1,bdc3291ab242ec1effc8eb0987850268,dbd66278cbfe1aa1000f90a217ca4695,2018-05-21 08:30:57,26.9,18.23
6248b0a9b547366913fb67922a7a2b77,1,06ead9c0b05b368667d858c09148af03,b2ba3715d723d245138f291a6fe42594,2017-01-23 15:11:28,109.9,14.94
6257efd6f6189754247b7a4fe4a1fe0f,1,6cdd53843498f92890544667809f1595,ccc4bbb5f32a6ab2b7066a4130f114e3,2018-04-03 02:11:01,349.9,16.09
625b3de89355b67e8efec2e3c467d6e0,1,aa8e397582b49721494b929b3216b41f,1da3aeb70d7989d1e6d9b0e887f97c23,2018-06-06 19:55:54,25.0,18.23
6265e86b71fc209d82742bcfebe33046,1,027cdd14a677a5834bc67a9789db5021,81f89e42267213cb94da7ddc301651da,2018-08-17 12:44:12,64.0,13.11
6279fb07bd3980aec19cfa5c3fb66118,1,4d7bb00ae05b63575484f113503baf21,02ecc2a19303f05e59ce133fd923fff7,2018-05-17 08:51:45,219.22,12.16
6286969c45053d1fd12f25d712734b67,1,e4ca5b20cfe1a020e15e36fe14e880ee,128639473a139ac0f3e5f5ade55873a5,2018-01-22 22:11:10,19.9,15.1
6289ee54f79f145b31d94596c21ff419,1,7736ea239e147291f6adb766c992beb1,d2374cbcbb3ca4ab1086534108cc3ab7,2017-10-29 23:56:12,15.9,11.85
6289ee54f79f145b31d94596c21ff419,2,7736ea239e147291f6adb766c992beb1,d2374cbcbb3ca4ab1086534108cc3ab7,2017-10-29 23:56:12,15.9,11.85
628b831e2fdf2322f2aab4ab14fc9cbb,1,03a20f79e4c056b48ce29b3e30beb0fb,6fc26fe110feebd80a433e1f012a84f9,2017-10-09 15:36:55,59.0,16.17
62b59d3fd880df7032e73ddb97f7f00f,1,b3c9fbea83e09f3d0994b2f8301c89a7,dd55f1bb788714a40e7954c3be6df745,2018-04-03 19:30:16,55.9,15.27
62bb099353a9b4d95e7612ef18f771e1,1,4a300735bc293723103db0d0c1bc1585,6f892e20a171e98efe17fdb971ff319b,2017-09-21 20:44:09,79.9,17.84
62bb099353a9b4d95e7612ef18f771e1,2,4a300735bc293723103db0d0c1bc1585,6f892e20a171e98efe17fdb971ff319b,2017-09-21 20:44:09,79.9,17.84
62bffd187fdcb56c61d7980953e3ceb7,1,acc78c9d340dbe682491c9d31ea7e187,7ea5bfa6c340f58f8e71fc1f0412b0d6,2018-03-22 13:08:59,149.99,19.74
62fe29a53926ef67e73c4b5f3e1ba6f3,1,a47295965bd091207681b541b26e40a5,ea8482cd71df3c1969d7b9473ff13abc,2018-01-07 23:26:49,27.99,14.1
62ffdc08aacc0d5763a38e07039234d8,1,9da2cf291ccb36ad01ee959e9ccdbc03,cac4c8e7b1ca6252d8f20b2fc1a2e4af,2017-07-20 17:05:20,149.99,34.71
63576020815760d4b5d11cef32595ada,1,53b36df67ebb7c41585e8d54d6772e08,4869f7a5dfa277a7dca6462dcf3b52b2,2017-09-08 18:35:29,169.9,5.82
63576020815760d4b5d11cef32595ada,2,7a10781637204d8d10485c71a6108a2e,4869f7a5dfa277a7dca6462dcf3b52b2,2017-09-08 18:35:29,229.9,19.98
638a5347b71204f129b75b558d79bf07,1,0a783d7ce18a37749c3a059cf829564b,7e1fb0a3ebfb01ffb3a7dae98bf3238d,2018-05-17 03:15:08,151.0,17.24
638a540852799faabe1c7c5647646c4e,1,9ce4603565c839785b24a7e95e28f4eb,59fb871bf6f4522a87ba567b42dafecf,2017-05-05 12:33:22,119.99,16.05
641fffc35cd22fa1a6092b0c0dd903b3,1,e4c9d4670d5132aeded7f187fe4de0cc,fe2032dab1a61af8794248c8196565c9,2017-06-22 01:43:03,178.5,16.0
643efaf4eddc8f0b4f71b1674c882fa4,1,7d9f42ecf65ca91f7e28483c5008dc4b,da8622b14eb17ae2831f4ac5b9dab84a,2018-07-05 22:31:16,149.9,23.85
643efaf4eddc8f0b4f71b1674c882fa4,2,7d9f42ecf65ca91f7e28483c5008dc4b,da8622b14eb17ae2831f4ac5b9dab84a,2018-07-05 22:31:16,149.9,23.85
6440501490dabcc13bc292e417ca410c,1,d7cdea99e6f50310c242d02f16f1f63c,966cb4760537b1404caedd472cc610a5,2018-07-18 02:45:15,509.0,41.83
644a4d69c39a2ed9ae0b84f27a442b71,1,0aabfb375647d9738ad0f7b4ea3653b1,37515688008a7a40ac93e3b2e4ab203f,2017-10-26 02:56:40,19.9,11.85
64619901c45fba79638d666058bf6be6,1,06c6e01186af8b98ee1fc9e01f9471e9,fc906263ca5083d09dce42fe02247800,2017-05-25 09:32:36,39.9,12.48
6462b86adeb33354833daece8787cb69,1,df7dd741f55a686edccf22700954e1d5,6d66611d7c44cc30ce351abc49a68421,2017-06-22 10:50:17,109.9,18.02
6471b260244ab316f8331321d689aff8,1,f1c7f353075ce59d8a6f3cf58f419c9c,37be5a7c751166fbc5f8ccba4119e043,2017-09-25 16:10:11,158.0,28.49
64930a85c555750a1f71af3d49b0c54b,1,c706d50b57c9e83293c2586d01f32445,7ecd59e5e20407131822c1a68ac59c1f,2018-05-09 17:35:15,49.99,18.28
64958fed45ad3cd3b84be03fd9ac01cd,1,e9cd877ece530798c06b7f8d31b631e3,70a12e78e608ac31179aea7f8422044b,2018-02-20 11:30:26,45.0,11.85
649a327bed5a2799967cb9c666ff06c1,1,0e2d365a247d105fefc31b17ab8706d9,ef0ace09169ac090589d85746e3e036f,2018-03-01 15:54:27,119.9,14.59
649aa2900b06d80727880b4e94da7919,1,06c950c36d589b39b34f5dc1d4a75e29,edb1ef5e36e0c8cd84eb3c9b003e486d,2018-07-18 22:30:59,480.65,54.09
64ae8cf0e642cc174881a66391200acc,1,c92f0e7b9d49a9543558d6532772441b,5dceca129747e92ff8ef7a997dc4f8ca,2017-11-30 17:13:52,147.9,43.27
64bf167fb87c4bccf7cbfde95d835ed5,1,7fab1a1472fdd934397068931f63f3ca,3d871de0142ce09b7081e2b9d1733cb1,2017-08-28 04:10:53,69.9,11.99
64cf1005615f1de47bc3715fd74f95cd,1,3570caaeaa3f5a1ae76392bb2b4155f9,7008613ea464bad5cb9b83456e1e6a8f,2017-09-14 11:40:07,58.0,17.66
64d08d57c3320c16b1e8db97bfc9b314,1,422879e10f46682990de24d770e7f83d,1f50f920176fa81dab994f9023523100,2017-07-27 16:45:17,59.9,13.44
64e32e79cb2d36bb6c9848e16fba6029,1,83d5757d175fa2b1b90e5369ce549b8e,d1b65fc7debc3361ea86b5f14c68d2e2,2017-05-10 11:35:14,149.9,16.75
64e827a2a04dc6dd5adcb685b1d26ed1,1,f18d999ffda9dade91f3c1b0fb9c7f83,fe2032dab1a61af8794248c8196565c9,2017-07-06 12:30:12,376.0,17.38
64eeb35d3ade7fcdff9fbb1ca5175bcf,1,e1588225be877a34df36d7665d1d0173,ce616e1913288884e7742faac9d981db,2018-08-20 08:15:14,8.7,15.23
650e96bb8f069e30f346534aa42860a7,1,1bbab10ac1cf79799f5c997e4817c46a,902c99f1ac505c0d18778b61bcd636f7,2018-08-14 17:05:17,39.49,8.44
65320cb291f4cacd8b0114a29eafa4c7,1,0bb7cb61f1957f79dac582ab66ccdc1f,e26901d5ab434ce92fd9b5c256820a4e,2017-05-31 18:55:17,23.9,8.72
653f05432280006916452a2fbb55b136,1,5af8f974918d5e68bc22ea894296adb6,0bb738e4d789e63e2267697c42d35a2d,2017-03-24 15:56:47,14.9,15.56
653f05432280006916452a2fbb55b136,2,5af8f974918d5e68bc22ea894296adb6,0bb738e4d789e63e2267697c42d35a2d,2017-03-24 15:56:47,14.9,15.56
6542055e71e2ba285676fe57d0822618,1,6a709b701952f3257fb1bebb4388dcc3,128639473a139ac0f3e5f5ade55873a5,2018-03-19 14:28:32,26.9,13.47
65693cc880b8cf8c5e24798b6e042e0f,1,0fc6914383c2bea767a9562c9d8b43a1,8c16d1f32a54d92897cc437244442e1b,2018-02-13 14:31:43,44.99,15.1
65744f8262c57c8b664c16aa7ec85879,1,cf6db73155e09a3583117d7dbeeab445,0241d4d5d36f10f80c644447315af0bd,2018-01-26 14:00:17,39.9,15.11
6582b7b59ad963f7a510455fb9185d1b,1,7c1bd920dbdf22470b68bde975dd3ccf,cc419e0650a3c5ba77189a1882b7556a,2017-06-23 18:42:39,59.99,11.92
658677c97b385a9be170737859d3511b,1,52c80cedd4e90108bf4fa6a206ef6b03,a1043bafd471dff536d0c462352beb48,2017-04-13 17:55:19,179.99,42.85
659931410d19a914a52ca0a46bc7992a,1,1de98461015ec4932a0459c5772f7b1f,de23c3b98a88888289c6f5cc1209054a,2017-11-23 11:30:46,169.0,12.39
65b2eeb525259ca3e5e6028075d8aa23,1,4fe644d766c7566dbc46fb851363cb3b,c31eff8334d6b3047ed34bebd4d62c36,2018-06-07 15:31:30,99.9,12.03
65e0e5b714d6228729c256106d12abd4,1,20dfc860c4bf533f00053ad778d01a66,3b872fd4747f01cc56206f2934198618,2018-02-15 02:36:59,119.9,31.87
65eb69791cdbfbd7bfee2c5f706af25d,1,b3f29e4bbae3c829f7c4231074c307ee,53e4c6e0f4312d4d2107a8c9cddf45cd,2018-06-14 12:17:33,129.0,104.09
65f4f976c2281eb3c5f69547ca21893d,1,f7d7b5c58704fb359a74580622800051,4a3ca9315b744ce9f8e9374361493884,2017-04-14 11:05:17,38.5,10.96
660020bc4184db41dc39b332230e94a6,1,dc881ef926ca402063ea142afc83874c,7aa4334be125fcdd2ba64b3180029f14,2017-09-12 08:34:28,89.99,13.65
660ad30c11df22cad81d8a3b30af6cee,1,dca9904850a1b13faa65450fbd000a3d,1da3aeb70d7989d1e6d9b0e887f97c23,2017-10-17 13:56:38,24.99,7.78
660ad30c11df22cad81d8a3b30af6cee,2,dca9904850a1b13faa65450fbd000a3d,1da3aeb70d7989d1e6d9b0e887f97c23,2017-10-17 13:56:38,24.99,7.78
663f5bad78ee236c44c5f31fc8c280cd,1,1c93cf120c0711a9ba9f0a188a52f649,a2b5b6105ea5942300631d2e76f4ffe0,2018-08-13 23:25:12,329.9,148.24
6657640ffd626be03509bc9226994b36,1,ec5a5cf28e0fbef0c5391157203ab8ce,17e34d8224d27a541263c4c64b11a56b,2018-08-23 10:50:43,49.9,18.45
6660a709a26684b66ea12d604ddf0579,1,8817f0cda3d5b42e5f949ee3be9dc80c,3c7c4a49ec3c6550809089c6a2ca9370,2017-09-28 12:30:16,13.99,7.78
667a47b3d52c6e88390b50708a061561,1,be69b1c83725cafaa993146ad08b11ca,951e8cef368f09bb3f3d03c00ca4702c,2018-08-02 13:44:35,105.99,18.84
6685b09627204e7cd04be4b077ad21d6,1,ffc9caf33e2d1e9f44e3e06da19085f7,b18dc380845b24038cfc48006478f099,2018-02-15 23:09:52,199.89,18.65
66b59bf4515765f0bcfc3e42cf2ff344,1,e489b41419c7d7d00445dc5d3c9966a4,6560211a19b47992c3666cc44a7e94c0,2017-12-08 19:30:25,159.0,14.86
66eb8c748be99c3107d318f370cd9aa2,1,a668879a637b097eb47536fdb31d3ce1,955fee9216a65b617aa5c0531780ce60,2018-04-24 23:35:09,120.0,14.27
66ee5096e9bfe7cbb6d32e170dc477b7,1,e070a61270050c4b1b704300f331cca6,66922902710d126a0e7d26b0e3805106,2018-04-26 07:15:10,56.0,16.36
66f914f1914a21decb9c8cd76cbca55f,1,3a3232c5a8df0895d04012fb058f4bbe,ef506c96320abeedfb894c34db06f478,2017-12-06 17:30:44,19.9,15.1
66fa22325222866162cfcbdc2841bab9,1,c075b8e131353552218860f1c421e4ef,f80edd2c5aaa505cc4b0a3b219abf4b8,2018-08-07 11:55:12,63.9,11.47
670ad1c6fd20977956e8ee2e09f92baa,1,e0d64dcfaa3b6db5c54ca298ae101d05,4869f7a5dfa277a7dca6462dcf3b52b2,2017-07-03 10:50:18,185.0,16.04
670c2c5576afd689e7694569bd7a16fc,1,55917ad8d492641d4910c90cc593d896,4e922959ae960d389249c378d1c939f5,2017-11-21 02:56:22,69.9,15.24
67174eff886029c2cc97d11c74eea9a7,1,40b2a43c74c26b963dd1bd05384663a0,e81e1f9c3e762e620f3fb60a51499e16,2017-12-01 21:51:28,160.0,34.92
675a27f901e5f0350eed10f052e09b60,1,233316af7adf040484dbeccfecad6042,d2374cbcbb3ca4ab1086534108cc3ab7,2018-03-26 13:15:28,81.5,13.59
675bc8cd15e6b9225582b9161288670f,1,936a034fe3b07b7ae7c87fc8ceb0749d,6560211a19b47992c3666cc44a7e94c0,2018-08-27 23:45:14,249.0,9.9
675d6533ed09bea158fd932431474b82,1,bffdb7d6bdb994823039ac983d6d30ec,70c27847eca8195c983ed7e798c56743,2018-08-05 21:24:19,238.99,16.77
67642a6b87ab5c8cdfffd5b81da8a501,1,64ff7191a8c0fb8fa9b42e947104d406,3d871de0142ce09b7081e2b9d1733cb1,2017-11-17 17:26:16,99.0,16.45
678ec27e8a4c8d92384bd0834f21b308,1,4e191b1e429b88c6eae1a014f823cb7c,11305281b50fff20ae8bb473f8e11876,2018-08-20 21:10:10,149.99,34.81
67a98da3237e4b4d8d359f32a49bb209,1,54d9ac713e253fa1fae9c8003b011c2a,955fee9216a65b617aa5c0531780ce60,2018-08-06 12:50:14,65.0,57.23
67ad8e83f26ed7bac15a552eecc412cb,1,0bcc3eeca39e1064258aa1e932269894,1f50f920176fa81dab994f9023523100,2018-07-10 17:30:13,49.9,20.99
67c8fda9d347535e923f93614f2b44e0,1,31ddb1ee64afc01b90d5025db261a737,116ccb1a1604bc88e4d234a8c23f33de,2017-12-04 03:18:25,16.0,12.69
67d24a8d137875c82f670c9e089f4a2b,1,324ec8bebfcf3f507afed8c13760f92a,6b333a05bf188ef3e1f1662a86bd9855,2018-05-16 20:30:43,599.98,145.31
67d3db1e6d9adab9c49e67e8a2e65b8f,1,67bd616e1ba0d3d3e8545f3113b0140d,e9779976487b77c6d4ac45f75ec7afe9,2018-08-06 02:45:24,14.49,7.87
67d6c5d86ba37be6774ee81dc0bed780,1,1ff18eb99f2be0ccb3fb4e39d662308f,a425f92c199eb576938df686728acd20,2018-06-21 21:59:39,97.5,18.83
67f693e898f3412e68ecfa0035a3b0e2,1,3bebad3cf2c8d1a8d3ce97174643e054,955fee9216a65b617aa5c0531780ce60,2018-08-28 02:45:16,32.0,8.38
67fc16d6dc881afa68e40df4c30d510a,1,5be51b87d3f543e942bb8299c5bd4423,6b243f80ed07b10f0e8aa0f21a205f3c,2018-04-23 05:50:17,54.9,15.26
6810c2b3b3587a83d4af69dcb68295f9,1,fec8c282124bc6f504cbc6e9ec38450a,b3b17aab11f273023a5f22ca52e1eb70,2018-04-16 20:51:32,599.0,64.25
6810c2b3b3587a83d4af69dcb68295f9,2,fec8c282124bc6f504cbc6e9ec38450a,b3b17aab11f273023a5f22ca52e1eb70,2018-04-16 20:51:32,599.0,64.25
6810c2b3b3587a83d4af69dcb68295f9,3,fec8c282124bc6f504cbc6e9ec38450a,b3b17aab11f273023a5f22ca52e1eb70,2018-04-16 20:51:32,599.0,64.25
682d2a1eb8b2676fc3337cf90c96ca8b,1,d66efed659bfd2df454da7f4c4dac4dd,955fee9216a65b617aa5c0531780ce60,2018-03-09 16:36:13,200.0,13.74
689338a5ff7fc20c596ee2695dfac8c3,1,389d119b48cf3043d311335e499d9c6b,1f50f920176fa81dab994f9023523100,2018-01-30 08:31:52,49.9,13.37
6895a2cb864a4bdb6ae98c2328666108,1,71d2e375cd7ae542240f5f335894448a,559d56f3b8f0bc2e5a9a62fe2ce2a39f,2018-08-09 23:24:20,250.0,24.97
689e8820798347950a2649f71c734bd0,1,954ed36fcf28237749ef5616ab0eff87,6560211a19b47992c3666cc44a7e94c0,2017-10-18 22:07:15,79.0,15.99
689e8820798347950a2649f71c734bd0,2,27672da99215b426dc0ced05731bccc6,6560211a19b47992c3666cc44a7e94c0,2017-10-18 22:07:15,79.0,15.99
689fb8f117f6d979dc761429176bb52f,1,50f1880f1989251727fbbfe8c0a346a6,7a67c85e85bb2ce8582c35f2203ad736,2017-09-13 12:43:24,129.99,18.16
68bb4de546513f8cdd2c1d21fc3bc114,1,ee0c1cf2fbeae95205b4aa506f1469f0,cc419e0650a3c5ba77189a1882b7556a,2018-01-16 15:54:32,53.99,15.82
68e4d7b489562de5ca0a4486d7d0c3d8,1,4ef55cfc0052b8c8c9313fd35d00289c,dbc22125167c298ef99da25668e1011f,2017-08-04 13:55:25,50.9,26.9
6912d1d57c7485dabdb724880c18671e,1,bb50f2e236e5eea0100680137654686c,f7ba60f8c3f99e7ee4042fdef03b70c4,2017-11-21 11:55:23,325.0,10.47
691ae3791090baa73a918bece7c1d443,1,24cdea192c5e345910d4fda8580576bd,2b3e4a2a3ea8e01938cabda2a3e5cc79,2017-08-07 13:30:18,127.99,18.18
6935b759d76562923a21746fce73fe75,1,d16f26b828b30dea74ce1eba8d9b396d,d6b1ce66b035a475f00c017792ff9769,2018-07-04 02:53:15,169.0,44.98
693d0d4622b8c4324e34ae71fe19a58f,1,ca36223e14b83df526098afff99de992,8f2ce03f928b567e3d56181ae20ae952,2017-11-03 03:10:13,19.0,9.34
69477156227df21c82fda29850060511,1,89b121bee266dcd25688a1ba72eefb61,2eb70248d66e0e3ef83659f71b244378,2018-05-30 02:31:26,79.9,7.42
699787f56da4a1d2e5ef4ac575681986,1,3ae88ae7de71731768a584f527dc1fb0,c6bda72e4dbf5c5866b13cb1810c6d03,2017-12-14 13:38:23,105.9,15.5
69a1237e93bbfef907c3ae4cdae74244,1,a50acd33ba7a8da8e9db65094fa990a4,8581055ce74af1daba164fdbd55a40de,2017-08-18 17:05:34,117.3,21.66
69aa05a091f9c98077f9a2ed8a2dafdd,1,36c2fb4fa746273709c373f6d6ec6796,00ee68308b45bc5e2660cd833c3f81cc,2018-01-05 20:07:02,70.0,11.73
69aa05a091f9c98077f9a2ed8a2dafdd,2,36c2fb4fa746273709c373f6d6ec6796,00ee68308b45bc5e2660cd833c3f81cc,2018-01-05 20:07:02,70.0,11.73
69b018bee00243bd10c2f8634e068f78,1,8f7f39a553ee4fad3c49f91a837dc58a,1d4587203296c8f4ad134dc286fa6db0,2018-03-16 12:31:36,34.9,18.23
69df1d467702671ed04aaa60c5996701,1,2b4609f8948be18874494203496bc318,cc419e0650a3c5ba77189a1882b7556a,2018-03-18 23:20:28,89.99,8.98
6a3e9cd3ebd3eaf6a53cb71cb50941c4,1,c3ba4e8d3cb30049213b682e751e9d00,6560211a19b47992c3666cc44a7e94c0,2017-12-06 20:15:27,95.0,16.11
6a5f6e137c8ecd4e1389645cfee6182b,1,a237de12bdf0bfe4fe220bae65a89731,6c7d50c24b3ccd2fd83b44d8bb34e073,2017-10-13 18:07:25,37.5,13.37
6a5f6e137c8ecd4e1389645cfee6182b,2,a237de12bdf0bfe4fe220bae65a89731,6c7d50c24b3ccd2fd83b44d8bb34e073,2017-10-13 18:07:25,37.5,13.37
6a7dad3734ef2c19df2e8739e4ba0e77,1,132069c6f99d20d9e0ea2b5b1143ec66,2f74af7a0ee5636f12c2336f9fffed47,2017-09-20 14:50:18,57.9,9.34
6a7f146c996d90e099636967012fdc8d,1,bb48c8fda6bcf73c9a0178fd1a1a366d,da8622b14eb17ae2831f4ac5b9dab84a,2018-03-08 17:28:28,44.9,15.1
6a8f2976398f920ad337da439b22b202,1,7efb82beff3504e95045d59c6369917d,f12d3c2a14729ae461b920c11fe20fdc,2018-05-17 11:14:05,39.15,7.39
6a98fdd0da4868008ed2b97194165cb7,1,1c2343e8f516d16e590d499476a026f3,b4ffb71f0cb1b1c3d63fad021ecf93e1,2018-08-06 04:05:40,43.0,7.56
6aad8a16f17436a086a9407258c150a4,1,a4c27cf9767fe2b589251c764b891eda,620c87c171fb2a6dd6e8bb4dec959fc6,2018-06-17 21:31:43,289.9,23.96
6ab7569ca759f8bc38432f315743fcd3,1,165f86fe8b799a708a20ee4ba125c289,7ddcbb64b5bc1ef36ca8c151f6ec77df,2017-10-31 11:28:14,146.99,13.58
6adb948b069c269ba13ff1c38ad90228,1,2ac71e1960d313613f4f4cd468c602cb,4d6d651bd7684af3fffabd5f08d12e5a,2017-05-28 21:23:02,69.9,11.99
6adcecbe14853c4a59e88f497152d83c,1,4520766ec412348b8d4caa5e8a18c464,16090f2ca825584b5a147ab24aa30c86,2018-06-26 02:31:26,27.49,18.29
6ae15bd9804be2bd1217f4583325802f,1,ba3f298a122a95c4928e8b8628e8520e,d1c281d3ae149232351cd8c8cc885f0d,2017-03-21 23:09:18,98.99,15.8
6b0918aeb353fa97d8df7b685c19e14f,1,ad53b56bfd80cb8adc160a3deaa239b9,75d34ebb1bd0bd7dde40dd507b8169c3,2017-02-14 13:33:16,142.99,18.43
6b1b8ac3b7a9f8088825fa1152811b1f,1,368c6c730842d78016ad823897a372db,1f50f920176fa81dab994f9023523100,2017-11-08 22:05:55,59.9,17.67
6b24cf0591948a0a949ee51131cb78ad,1,d6160fb7873f184099d9bc95e30376af,53243585a1d6dc2643021fd1853d8905,2017-09-04 17:50:20,1200.0,21.52
6b313b07f096e0b9354fd4f097abaed6,1,f1c7f353075ce59d8a6f3cf58f419c9c,37be5a7c751166fbc5f8ccba4119e043,2017-08-10 17:43:24,205.0,22.27
6b44342ff71a8b9c36b706c13e015cf0,1,724e311fce23cd5509319b1fd68e5622,bc2ac6b95e1accce9858528ee566c17e,2018-01-24 15:19:40,82.0,14.32
6b53b59d28af45f02a606d5ace41b854,1,558180406ec5ec2f77e01f2807180c20,431af27f296bc6519d890aa5a05fdb11,2017-08-07 10:45:13,82.9,15.33
6b62e435ad4cc81a538f9a279049f490,1,6ae38d49db7fc65ad1779828542aecba,eeb6de78f79159600292e314a77cbd18,2017-05-01 22:55:14,219.0,27.79
6b654c2dc2e7c610cb22c325fb723057,1,26a6aaf337b078349b5ec749be2e7a5e,f8db351d8c4c4c22c6835c19a46f01b0,2018-07-06 10:31:25,34.9,11.97
6b6de07ee5e837bde4aead95e9891f0e,1,7c24503a64637f3ab756ed1b44826747,0432ead42b6c8a0bdf68154add917fdf,2018-08-02 02:44:36,35.9,7.51
6b9f15e7fb964b5c9e93dd511fee8f75,1,50d1502fbc61f2be86ac6855552fc1b5,6edacfd9f9074789dad6d62ba7950b9c,2017-12-27 12:10:32,29.9,15.1
6bca1e1153602e07db22966a5b800e9c,1,236f65f769241706362f78a15083e369,4a3ccda38b2129705f3fb522db62ca31,2017-11-10 21:31:03,83.9,15.34
6bcce39be127575854779e39a50f2059,1,5a92ef8a5a2511f0d2dff3ea562700ab,270d3ef21830ad0ecf3a6c53d08a533a,2018-05-07 05:31:13,45.0,11.15
6bddfba55a760cef67198cac2bfcd0d7,1,3354a4e684f5e7199f9407db70ccd92b,7a67c85e85bb2ce8582c35f2203ad736,2018-04-03 09:35:13,89.99,18.21
6bea4b3d238b2f7104807ff9f128f7e6,1,43423cdffde7fda63d0414ed38c11a73,b1fc4f64df5a0e8b6913ab38803c57a9,2018-04-11 11:35:27,54.99,21.28
6c11e4c7d9e5f7769c8090475602f54e,1,d04857e7b4b708ee8b8b9921163edba3,9f505651f4a6abe901a56cdc21508025,2018-08-28 08:50:10,79.99,8.72
6c1e09e4c733fbc610ee1737436f8a5b,1,d2e8130fbec52f5dac0571ea1993f28a,f262cbc1c910c83959f849465454ddd3,2018-02-05 18:31:24,239.99,16.44
6c2953724cd30669e1b904e179a2346f,1,2f5e485bacfeb554bec55cd497c9bc51,4830e40640734fc1c52cd21127c341d4,2018-02-22 09:49:50,49.99,16.79
6c2df403c867a6aa913b387d92999d43,1,4298b7e67dc399c200662b569563a2b2,88460e8ebdecbfecb5f9601833981930,2018-03-09 15:09:58,149.9,13.18
6c3ebcad285020fe222c1bff5a23b15c,1,ed5122a6a757a4fea8f32a6fb95a5135,00ee68308b45bc5e2660cd833c3f81cc,2018-05-02 11:30:42,110.0,23.35
6c8638c1f5868621b0dd457371188635,1,c50ca07e9e4db9ea5011f06802c0aea0,9b013e03b2ab786505a1d3b5c0756754,2018-08-27 03:44:29,19.49,12.8
6c8c84221e424ef0729c9e08d70ad8c7,1,905b384ac5667170689505bbf30f1d07,1900267e848ceeba8fa32d80c1a5f5a8,2017-12-29 15:50:52,80.0,12.9
6c913991aedb5977cece1b1865cab730,1,aadae4da0b9feede5777009c5e1497d1,768de2a4fc06aacecb9a586ccc30746a,2017-08-16 21:50:07,32.9,16.79
6ca34a7e19802d00261e550467a965c8,1,20fcf54ae3433ede318a3587bfe559c4,3d871de0142ce09b7081e2b9d1733cb1,2017-12-26 17:29:14,79.0,13.57
6cb134bb285a64b0425d1fdaa00d4214,1,463cdd8acfe23847f35e29076df0bbbd,c3acdfac4e3e97ff87529454fbc03642,2018-07-06 20:50:21,1999.0,32.09
6cbb7541cec244760660574cd04791c8,1,652698dafbccac29d78c7ba70dceef10,44073f8b7e41514de3b7815dd0237f4f,2017-12-15 11:51:04,70.0,19.03
6cc40732b6bc944a2b6cb8aca515bfe5,1,87283a98b24f9f1ac3a31b631073cf47,cab85505710c7cb9b720bceb52b01cee,2017-08-18 20:45:14,49.9,7.78
6cd6ee8cba5c8dbddb25d90578edba0a,1,b20e4519d195d80c6d81bf3963a43d5a,dc4a0fc896dc34b0d5bfec8438291c80,2017-10-10 02:28:24,74.9,17.77
6ce893d804dc1a09876e09ef2537b8f4,1,368c6c730842d78016ad823897a372db,1f50f920176fa81dab994f9023523100,2017-11-30 15:13:44,49.0,13.44
6d1832bd42dccbd91d1ce32da7f54492,1,10698a66d71ebd12be9e8c39302c74b3,c3e1abd72a42fe690fcd89cf5720fe29,2018-07-09 07:30:58,129.97,8.49
6d1941372f0503efc3953bd3b24bb512,1,c6d339a1fa8873b1ffe76fb1b7cc10f1,c3867b4666c7d76867627c2f7fb22e21,2018-07-05 17:50:18,154.0,21.72
6d1f29a9262130c47ca823ee31e85c17,1,5b457a0222eba04e6066025115952773,c3cfdc648177fdbbbb35635a37472c53,2018-07-19 04:32:11,72.9,19.42
6d2fbf76787b9f35b1f3c3835a8a6a01,1,05a9ab81472f6bdcd910cb49b636c5b5,83deb69e889cf80f82be1dc6d5f2d486,2018-08-02 17:05:21,154.9,61.36
6d37c6659de0183777f4035151bd508a,1,ff29d8cb1cd0cd5ea37b80dac9939e1c,8b321bb669392f5163d04c59e235e066,2018-03-21 20:56:01,18.9,15.23
6d78e79c696c9f3be8ef263ead6a119b,1,16048247166ec654c76c845f308c85f5,17e34d8224d27a541263c4c64b11a56b,2018-07-04 18:16:05,113.54,18.9
6d7a867946b6ea936e0f9bff037d10a2,1,0c9ff9d8ed9b9bdd825487b3a66e05f5,8581055ce74af1daba164fdbd55a40de,2017-03-21 14:38:38,238.9,20.97
6d82fb84caeb4867e10314d00ee91ca1,1,99a4788cb24856965c36a24e339b6058,4a3ca9315b744ce9f8e9374361493884,2018-04-09 05:10:34,86.9,24.82
6dbf90ca92c05262ffcf5a7988ec31b6,1,3e442d09f9dfef002aadf31960869f65,85d9eb9ddc5d00ca9336a2219c97bb13,2017-12-10 22:53:14,31.9,14.1
6def17fbea3bc7076fe916d298c4b422,1,454157d7294823cc44ad21d4fe31474a,66dc1b1632bd6a3e508510c5b3492107,2017-08-21 15:45:17,79.0,15.3
6e163fdf1ba2f182f3a922e26d690c09,1,657247f6f60543b93e3cc708a8e6329c,7ddcbb64b5bc1ef36ca8c151f6ec77df,2018-01-29 12:29:59,248.99,60.29
6e1e856a0fa5c51efd83408e3f8d1fe3,1,083ffd30820b592e294de7ed668ff975,f8db351d8c4c4c22c6835c19a46f01b0,2017-10-31 02:28:21,45.9,8.27
6e25a89b2b006e7da0ff978bdcfe66db,1,86133a2151bd98a3ed2ad758709e6d1b,f27e33c6d29b5138fa9967bcd445b6d5,2018-08-17 02:50:25,54.9,15.48
6e25a89b2b006e7da0ff978bdcfe66db,2,86133a2151bd98a3ed2ad758709e6d1b,f27e33c6d29b5138fa9967bcd445b6d5,2018-08-17 02:50:25,54.9,15.48
6e27f04e8947d6be930769e3ce557bdf,1,69f0f3b1c89b4e731e0b691e00bfbded,3820c6537b3853be1a0687d5a60807ec,2017-03-15 01:15:09,25.0,10.96
6e3b262fc2ba819e9cfcd9e9bad5b7de,1,11c3ff6555092bf425ea842a023a7809,bfd27a966d91cfaafdb25d076585f0da,2017-04-24 11:42:13,88.0,23.17
6e41c1b023ea08cb4744bbe97eedb35c,1,bfdf2b8f64e8464211813710134b205a,b494891378bd8f4560abe576c52deacd,2018-07-04 19:11:39,124.9,20.06
6e44a8c682fac139d29384acf3a1059d,1,f494b6e2b8bd806b45b117992c959a8a,0bae85eb84b9fb3bd773911e89288d54,2018-02-01 09:53:01,63.72,17.7
6e4851de3a0a02ee3f21958e7a3a9fb5,1,ea0698c943d7a9133e6d36de68654750,c8e135e7b21ecbc36c1153a29d2f5a06,2017-03-22 20:54:44,136.0,14.72
6e56fd377b9d1f816af128295e5c1003,1,fce1a7007f115fe2b900a7592ee87c47,22c32ec35d0116ef02c281798a25bf8b,2018-02-21 08:50:40,18.0,16.79
6e56fd377b9d1f816af128295e5c1003,2,fce1a7007f115fe2b900a7592ee87c47,22c32ec35d0116ef02c281798a25bf8b,2018-02-21 08:50:40,18.0,16.79
6e56fd377b9d1f816af128295e5c1003,3,fce1a7007f115fe2b900a7592ee87c47,22c32ec35d0116ef02c281798a25bf8b,2018-02-21 08:50:40,18.0,16.79
6e57a0a9be49f002ca81bd94ec9b7021,1,73c0537a6f1d148275c69a114b2d8bf3,16090f2ca825584b5a147ab24aa30c86,2018-05-09 03:52:54,159.49,7.98
6e7d56b33e25e67ee602c9bfb9a63018,1,24e648f338846ab5a977cbe3e0638b19,59cd88080b93f3c18508673122d26169,2017-08-07 04:15:10,35.5,8.27
6e8762ed90dc2ba796c568273539cd77,1,13b39e2e8f2621e6645afa77a459f3f6,ce248b21cb2adc36282ede306b7660e5,2018-03-26 21:48:47,73.87,22.23
6e8f7f46da15fa56cb1301de370968dc,1,ffc9caf33e2d1e9f44e3e06da19085f7,b18dc380845b24038cfc48006478f099,2018-05-11 12:16:42,199.89,12.02
6e970ac8488781fb447ff2c2859168bf,1,b3e40ff639c185b9d726b4b19c17e6cd,7a67c85e85bb2ce8582c35f2203ad736,2018-01-26 14:53:03,229.99,14.16
6eb2780615aa0cfbaaef6c8d0aec411a,1,b36f3c918c91478c4559160022d3f14e,1ca7077d890b907f89be8c954a02686a,2018-01-26 14:11:53,150.0,8.3
6eda86a0f1499199eed71198fbb0e243,1,c4fc1d4489f664ce1c6c55b7089738b2,0ea22c1cfbdc755f86b9b54b39c16043,2017-05-11 20:32:56,39.9,15.1
6ef172eee30cfbfa01516ce2eb2ee68f,1,d5448c89ef7dc8228e12ae75e180ba74,89bc797e2e29667aa035d4368f9b7f92,2016-10-12 03:51:25,18.9,10.96
6f211f55f5d2168a3c9d8c60e6a89c3d,1,11e02f2cd150fa54525a1109f61ea2de,289cdb325fb7e7f891c38608bf9e0962,2018-05-17 09:35:21,115.0,15.69
6f41a6473f4122e2cdc762a8988a67f0,1,5f21301936c11698db6aee5444190da0,fe2032dab1a61af8794248c8196565c9,2017-09-13 17:23:53,149.9,9.24
6f6938612fdf53d7b863eec877c1fbfe,1,a92930c327948861c015c919a0bcb4a8,6560211a19b47992c3666cc44a7e94c0,2018-04-16 18:35:14,78.0,22.26
74b7f4373a78df8c16862d9d0875c5b4,1,b35350b4bec82c6f2935b3919be35427,d2374cbcbb3ca4ab1086534108cc3ab7,2017-07-25 07:10:13,21.9,11.85
74bbb7eea3f17308c17374bf5f572b65,1,c7b3cf9de7be95b3e09e7a63315685eb,5dceca129747e92ff8ef7a997dc4f8ca,2017-04-26 22:15:07,79.9,22.85
74d882fe8bdccca5952fbe23321ecfa7,1,9e9a222ec8c28d9ab56658263c17f16c,f12ff17ad8bbf01ec5c33b17e506649b,2018-05-23 08:17:29,136.0,23.53
74d91ba3a172d733579d4b1b56c9c3e9,1,3f212fef0e1f11b343226b633f0426df,3d8fa2f5b647373c8620330c4e077a9f,2018-07-05 20:15:13,110.0,11.79
74d9e9683c40581c6efb5d3ef994c902,1,65fd9b358b7ee029fba34839e9c35fdf,9f505651f4a6abe901a56cdc21508025,2018-08-16 05:44:10,29.99,8.37
74e98d2b01c0fd8e1357032c441f09a8,1,2b80699b25d49f30774b88420a36c55d,6d66611d7c44cc30ce351abc49a68421,2017-12-14 16:32:09,229.9,29.98
74fedc6aa056c9359846751fe21a8676,1,d285360f29ac7fd97640bf0baef03de0,2eb70248d66e0e3ef83659f71b244378,2018-07-25 09:04:01,154.91,16.18
750a504dabdd1c0910ec98db80d14ea2,1,38b5079a807bb9f22ddfa46f929accee,6560211a19b47992c3666cc44a7e94c0,2017-07-28 20:35:23,21.0,15.1
751410acff2d9dbfee9158ae8e21d6d6,1,d1f69b1b509a6f4e1fdca33101625bc8,a6bd7d1ccdac48c6b33b28596b7eb122,2018-03-15 15:31:43,679.0,56.88
7527dc48e587e3cc2071e727f32a2610,1,73bcea88583002fe12b7399af4ae60da,4869f7a5dfa277a7dca6462dcf3b52b2,2018-05-17 03:10:47,129.0,18.78
753ea01a5062671540a89514bd6b554a,1,e84997d75938765ef99930f908ceedf4,dbc22125167c298ef99da25668e1011f,2017-11-08 03:26:15,127.9,14.63
75626319165f5a98618d8916fd5c6df8,1,2028bf1b01cafb2d2b1901fca4083222,cc419e0650a3c5ba77189a1882b7556a,2017-11-13 22:06:01,56.99,14.15
75729cd39e546ea4083ab7f3859bb745,1,af9418dfcdd7f19b51906a2f32cd6bc0,da8622b14eb17ae2831f4ac5b9dab84a,2017-02-17 19:33:07,129.0,20.98
7588fbb6c9001d45b0f2bafb4be7ef56,1,6b9cd06d7020fdbbffa996fcf9707b0a,46dc3b2cc0980fb8ec44634e21d2718e,2017-10-19 17:56:25,249.99,14.63
75ddd6487d905b598d5dd7ce18351b02,1,7ba74f993dca27160dc49880d9ac56b2,4d6d651bd7684af3fffabd5f08d12e5a,2018-01-22 03:36:32,119.8,18.73
75f959697b81c9b9eeddb7499941ecaa,1,e7f85e7f0203b7b95cc1b4c21b4b070c,ceaec5548eefc6e23e6607c5435102e7,2018-08-13 10:15:18,259.99,26.8
760209837cc5c577075aeb32eb2f219f,1,349ce46a0e2e20054aa9d80c48af8816,d6b1ce66b035a475f00c017792ff9769,2018-08-19 23:50:15,169.99,23.99
76050ac42e05f52668728d3b535629f4,1,870bcc6c58e03ca658cfdd13db4bbe28,5bffbafbb22daf6d3bfc216a46db8708,2017-05-31 10:02:51,144.99,17.45
76050ac42e05f52668728d3b535629f4,2,870bcc6c58e03ca658cfdd13db4bbe28,5bffbafbb22daf6d3bfc216a46db8708,2017-05-31 10:02:51,144.99,17.45
760e70b6d3136376633a2c6369da1c69,1,d1c427060a0f73f6b889a5c7c61f2ac4,a1043bafd471dff536d0c462352beb48,2018-03-29 13:55:37,139.0,23.83
762264d81c3f54fa5e5a4e02b84eb85c,1,5cde85235c4ae7747e9b48de95178a14,17e34d8224d27a541263c4c64b11a56b,2017-10-25 22:56:21,213.39,16.24
76605cf925ed0ddb1629abe46ecf0fe7,1,ce6f74096c84567f22728c84f3d6e7fc,8160255418d5aaa7dbdc9f4c64ebda44,2018-07-02 12:08:25,114.9,23.6
76606b013751ab0fc648e671d8bbf16c,1,fc7138a8f96aee8302e42916bbbbb818,28f10b1c5e5abb9d4857745bede6147c,2018-05-07 05:55:12,10.0,7.39
7667f0eac9b433b02f42a902df87ebe7,1,0e323ee8f8dc60a0b875e9ac4daf1337,e62b2d6ac10570a035a30bafcf01d263,2017-09-25 03:30:28,49.9,8.72
767dd7bdeb5f5d8f1840145a3e898bc2,1,ac3bf6e6f3fc94d003fe0eaa8de7738d,080102cd0a76b09e0dcf55fcacc60e05,2018-05-28 18:23:01,5.18,7.71
76a08caeac523a0cc04a06f35b8e9c5c,1,422879e10f46682990de24d770e7f83d,1f50f920176fa81dab994f9023523100,2017-11-30 06:15:58,49.0,17.6
76aa4331248df0c7d222f16901a12597,1,0c9ff9d8ed9b9bdd825487b3a66e05f5,8581055ce74af1daba164fdbd55a40de,2017-06-26 10:25:11,238.9,21.64
76b5a5fc007406c38125f8d12147093f,1,9f1c3e71d56894398a42b050b07f1baa,92eb0f42c21942b6552362b9b114707d,2018-03-15 21:05:46,12.67,7.39
76b5a5fc007406c38125f8d12147093f,2,9f1c3e71d56894398a42b050b07f1baa,92eb0f42c21942b6552362b9b114707d,2018-03-15 21:05:46,12.67,7.39
76c943bbe1ddef57ebe9e810f1c108e6,1,0193fc18d9a6e9b9b0b3a41768fefa12,29e6e05b65f93bc224c644319dc52ecf,2018-08-20 22:15:13,119.9,22.77
76cd472371f3f40f4019938329d21ac7,1,74c45f01e6d11ff78ab287eb985f7343,23c38debaffe4a25a30fdbd9b586a13f,2018-04-12 03:10:38,199.0,20.73
76de574e14e58baded25a12dce8075c1,1,4a9389b1a1ad7d52963f24ce0391a08f,6750d71153f00fc58829af2a8ef1bcf1,2017-06-22 10:42:57,89.0,16.38
76fa5079bacbb2380a971adbbc40676f,1,c69dd9ac363d46d6e2ce4b11a0ee164b,8581055ce74af1daba164fdbd55a40de,2017-12-01 08:15:28,65.55,17.71
771760302216bf4e6a1e0a9e6379583f,1,7b8603501af310bf297351a4cc8cd3a5,4371b634e0efc0e22b09b52907d9d469,2018-06-11 18:31:03,88.0,19.31
773ecfb47260922193611c913a702942,1,7fb04722aba7a2b632bac8f9819796f3,f3b80352b986ab4d1057a4b724be19d0,2018-01-26 14:54:24,80.0,18.8
7742297b8ce3c16600efdeca04a70937,1,1bfe62f326ac7bec0f5a83c10cfff228,3d871de0142ce09b7081e2b9d1733cb1,2017-06-06 07:02:39,54.9,12.72
776cdb75db89297ce0fd26c15adac1a4,1,11f5b5f05fa5e1a6084d240310fac08c,04308b1ee57b6625f47df1d56f00eedf,2018-07-19 18:30:21,249.9,28.05
777e839a3f71170e58385675ce610501,1,ceb25e5f3be12c14a1c69bd9e9e0f67f,7299e27ed73d2ad986de7f7c77d919fa,2018-08-07 18:15:20,79.99,18.66
779b6f84b404177ab8f8f5cfd0137216,1,b5e13c9a353102f79c6206ff5cb61a50,a49928bcdf77c55c6d6e05e09a9b4ca5,2017-09-26 10:45:20,79.9,11.76
779b6f84b404177ab8f8f5cfd0137216,2,b5e13c9a353102f79c6206ff5cb61a50,a49928bcdf77c55c6d6e05e09a9b4ca5,2017-09-26 10:45:20,79.9,11.76
77ad790bc77b40f61485833a46bb6968,1,db5efde3ad0cc579b130d71c4b2db522,4869f7a5dfa277a7dca6462dcf3b52b2,2017-12-01 09:30:43,190.9,16.09
77d4a04d4a453d14c0a086cfd2f00fec,1,c857b96593773e940454e76efa8eabb3,cca3071e3e9bb7d12640c9fbe2301306,2017-08-21 21:45:25,51.92,16.12
77e102ecf08e057581ef2ce55c80c6c0,1,d5b703c271f43f9c588a6f512a00f77e,fa40cc5b934574b62717c68f3d678b6d,2017-01-23 12:02:28,34.9,8.72
780dfcd5aaf2662f3f6ce2201164394b,1,76f520fa5e8912001989fa3fd6530d94,29c322e3f09f886f8bacbe91dfbd979e,2018-08-30 04:05:18,18.99,28.3
780dfcd5aaf2662f3f6ce2201164394b,2,77d86f9e64c28aa93e3d46f4047646d7,29c322e3f09f886f8bacbe91dfbd979e,2018-08-30 04:05:18,29.99,28.29
780dfcd5aaf2662f3f6ce2201164394b,3,fef0dd8c53552d0f784b7cc5375a3ffe,26af45f5dfd967225a832838aa4e24a3,2018-08-28 04:05:18,33.9,28.29
780dfcd5aaf2662f3f6ce2201164394b,4,40678c9096047877fa74a25cc6f0a726,9b1f656ca3060f8af17a50d8a024b533,2018-08-29 04:05:18,12.5,28.29
7829b2091dbfa41a6b5731cbdbdffe1f,1,28e2aedad93288312a4929b8dd91ec73,f680f85bee2d253556ac91be391d2c82,2018-03-27 02:51:13,59.9,11.15
7829b2091dbfa41a6b5731cbdbdffe1f,2,28e2aedad93288312a4929b8dd91ec73,f680f85bee2d253556ac91be391d2c82,2018-03-27 02:51:13,59.9,11.15
7834f61a42c24bfd83ff86a2886344d9,1,5f21301936c11698db6aee5444190da0,fe2032dab1a61af8794248c8196565c9,2017-12-07 11:30:34,134.9,9.76
7835af1856de332f2f3c9204b740a3a2,1,a1250bbcaa645885c9165eab1573b5c6,6560211a19b47992c3666cc44a7e94c0,2017-12-29 17:48:13,49.99,14.1
7857d15c4666556ebb610d938f32eb4f,1,29427de7f8a9ee983d9dbc51cec569b4,7a67c85e85bb2ce8582c35f2203ad736,2018-02-14 11:35:26,99.99,11.9
785e8c8436f4631d009d208dd380b200,1,1a500c1549fa82451817be3577b4c49a,1fdc574883ef3b33ad41562d93f3a74a,2017-11-30 23:13:21,290.0,16.78
7860e9b8501efdbdc0be993136da3c52,1,4cb6e86e1328e77e20b5f90771683cbe,c3867b4666c7d76867627c2f7fb22e21,2017-05-26 13:55:21,104.0,16.49
787ae1110521f3a8bc19a7ac93b8c914,1,51f876eb62be778c757503cf7f8a3b74,f84a00e60c73a49e7e851c9bdca3a5bb,2018-03-15 19:35:50,9.8,15.23
788688f686c6ef04e7eb60e4ba103ffd,1,7743659ed8c624dbee1d9806c3396064,9e9b539eb2806acee3f5c28085c1db9f,2017-11-30 03:11:45,249.0,24.06
7889e9a569a5488a0c9d93381a13d5ba,1,5c3aca5c078a343b3b873362e7ac2fcc,056b4ada5bbc2c50cc7842547dda6b51,2018-07-10 15:31:13,175.99,20.42
78b0a4015f5da60b5e2371d7fea67658,1,bb7c4f517d04b6b36671d63ef0f198b0,1554a68530182680ad5c8b042c3ab563,2017-12-12 00:49:43,129.9,50.57
78d406c93c4c8fcfdc38b4b1b8842b9c,1,3634f3fec68d72a789377a5966dc289d,1cbd32d00d01bb8087a5eb088612fd9c,2018-07-26 10:05:21,61.97,13.09
78e0775b7967227a9d6f00277bed69e2,1,9ebcdd5c31b8449a7c4f89971715add2,14a08204d03bb6b6bde8029f801ae0eb,2018-04-19 03:08:29,60.0,8.29
82ae1c851b481c7c7f6fbfdfb05e5131,1,250448da216b8ed83a1afa9b092fd938,081acf3de680d554796c9cf041be7bc2,2017-12-01 15:03:04,399.5,25.12
82cefc0ed05913e6d19b9d6283dbf9cf,1,aca2eb7d00ea1a7b8ebd4e68314663af,955fee9216a65b617aa5c0531780ce60,2018-03-29 11:32:43,69.9,20.06
82edaaa3e8d63b2f7442f3f2199e3803,1,4298b7e67dc399c200662b569563a2b2,e9bc59e7b60fc3063eb2290deda4cced,2018-04-19 12:55:33,139.8,23.91
82fa967d1d3bc56f31565b771fe79181,1,b61d1388a17e3f547d2bc218df02335b,07017df32dc5f2f1d2801e579548d620,2017-03-14 15:00:44,179.99,9.63
8311aa3b9c474639d7f344868c3fe150,1,476f613bc92f3a20cf80a586fa45a232,da8622b14eb17ae2831f4ac5b9dab84a,2018-01-10 03:31:51,39.9,16.11
8328f0c360b46dfb1b46a1e9825c7fc1,1,7b024909c999cdbddc27bcd2a1eaf889,95e03ca3d4146e4011985981aeb959b9,2017-11-08 13:50:01,120.0,17.09
8337da5abde9a018a9ab51bf20aee333,1,f5d8fde6bbeab928266d4cc80eecd701,7b1222c3624aa89b9558b50a2594188c,2017-12-22 11:51:45,184.9,12.79
837fd76b391ccd40162b81fca0334e45,1,9ea1152d6d52dc57ab2ea49aa626adc1,90b36c5aeb728d5504a39f435bef0c5f,2018-07-17 10:47:18,53.0,38.64
8394892177e59c9293914e83fe4c4dfe,1,69455f41626a745aea9ee9164cb9eafd,7d13fca15225358621be4086e1eb0964,2018-06-15 20:35:13,180.0,20.23
83ac7baaa477085adfafa311103efaf5,1,71f5cad782714ec5d61a1bfa34543403,f41ce2e25237f9092cd8e6e7516c7a2f,2017-06-26 19:03:46,99.0,9.51
83ce097e3397deaca1b9af25b0e0b469,1,93a5fdb44a53e09f4a7d659420947201,4342d4b2ba6b161468c63a7e7cfce593,2018-05-24 00:36:56,129.9,23.41
83ea47ad24b5fce57aa5ade0fd069c94,1,154e7e31ebfa092203795c972e5804a6,cc419e0650a3c5ba77189a1882b7556a,2017-10-06 12:49:12,23.99,34.15
83ff9791592c2639213863eb5f08b1bb,1,3f1a741cf5591384428c1cbb0ef07ec0,36a968b544695394e4e9d7572688598f,2017-12-08 16:31:54,14.9,15.1
dc17c17282032d56b1ca7dfbb291cf07,1,9d703ce870d13f6fca072b0fca977fc1,820cc752a266cdc6c1a1e61dd4583330,2017-02-04 20:16:02,109.9,14.94
dc20710a4582a12ed1eb1504bd916272,1,e5eadf9be70a4a9fa514019542fc330a,4559697a8f7e637227c2eeaed843baff,2018-04-06 16:53:02,69.9,13.56
dc2c0025f3f86a410c2bc10ba8f350d2,1,a5db7a80a8d9c9d49050360fceb6ffd4,8b321bb669392f5163d04c59e235e066,2018-06-21 03:57:06,9.9,15.23
dc3400f2dd273de43a390ec373f09efb,1,8ca6ebfd6293a5b03f104d27c4945718,06a2c3af7b3aee5d69171b0e14f0ee87,2018-07-23 19:05:19,199.99,53.75
dc5e1551b7d2ac86019146035302062e,1,d33a74e1b6cfc152b6b3f43324d54987,9f505651f4a6abe901a56cdc21508025,2018-05-03 08:10:11,14.99,8.29
dc62c8d3266742ea5d47472b2c72b195,1,71a7800a633691de8ecdd17463335e2e,f80edd2c5aaa505cc4b0a3b219abf4b8,2017-04-28 10:02:31,59.9,24.91
dc62c8d3266742ea5d47472b2c72b195,2,71a7800a633691de8ecdd17463335e2e,f80edd2c5aaa505cc4b0a3b219abf4b8,2017-04-28 10:02:31,59.9,24.91
dc67745e87e769607de677683ab1fd08,1,da1415c61b55b4e9ea8cb19521c857df,67883baaae6134ee81b271a542613728,2018-08-02 22:55:17,149.0,9.79
dc74c9cdcf62efe4b49193373730111c,1,a1ef6deeb394537b4da00d88e6c5313a,5f5b43b2bffa8656e4bc6efeb13cc649,2017-12-04 03:31:33,99.0,16.45
dc771d8720de3625596eb0b0fa043528,1,1da4613d4f7e10e1554538b46dd16486,3d871de0142ce09b7081e2b9d1733cb1,2017-11-21 15:47:57,109.0,18.01
dc7798b2a62765a8e3a26f86c042596d,1,53b36df67ebb7c41585e8d54d6772e08,4869f7a5dfa277a7dca6462dcf3b52b2,2018-03-15 13:10:35,120.0,20.99
dc7997edb72a765e7b39dbb9be3a63a2,1,aca2eb7d00ea1a7b8ebd4e68314663af,955fee9216a65b617aa5c0531780ce60,2018-05-10 15:31:15,69.9,12.43
dc82ca767bb8a029bf346c1cb24bbdda,1,a35a9f46dcee0a67c8c7ad8493eb4135,85d9eb9ddc5d00ca9336a2219c97bb13,2017-04-28 19:15:09,27.9,20.8
dcb6b3a5dfe3c868690d213b263b6dc8,1,34a7ef14a5e7901f4a1d52e7b543c9fe,1fdc574883ef3b33ad41562d93f3a74a,2018-05-10 15:30:45,305.0,10.25
dcc0ebfe0fa59c24fd859aacb8e1f2e9,1,0129d1e9b29d3fe6833cc922374cd252,080102cd0a76b09e0dcf55fcacc60e05,2018-03-29 09:55:30,7.78,7.71
dcc0ebfe0fa59c24fd859aacb8e1f2e9,2,9f14f401fce2d9ddd450e7ce60cb7f5f,080102cd0a76b09e0dcf55fcacc60e05,2018-03-29 09:55:30,10.37,7.71
dccb282b858f9b481824964de4cda528,1,3799649bfcc7821635d757a711ae7357,86649b1632b1c0e6c0bcb2c90a8b75d8,2017-09-04 04:26:12,59.99,17.67
dcd55caf6dcb4c4a54e6f09eecdb4822,1,22bd45d50bed841763d6f7f58cb7b6ac,3c7c4a49ec3c6550809089c6a2ca9370,2017-10-19 11:28:11,13.99,11.85
dcd7bf0e4548b5a99e81cca7a7160042,1,154e7e31ebfa092203795c972e5804a6,cc419e0650a3c5ba77189a1882b7556a,2017-08-03 12:24:09,19.99,14.1
dcedb7d667c1e037b8e0a8910c6bd8a1,1,cd0efbe03468ba1f0f33c664b53747a9,a17f621c590ea0fab3d5d883e1630ec6,2017-06-20 18:25:15,17.33,11.85
dceff4e9cefb999404dd921642d20111,1,a237de12bdf0bfe4fe220bae65a89731,6c7d50c24b3ccd2fd83b44d8bb34e073,2017-09-15 15:15:24,37.5,17.6
dd0488bddbf592ba7d9855279f65af62,1,fd1e94b07608d8b4a74b0c81dd4fe10e,46dc3b2cc0980fb8ec44634e21d2718e,2017-05-11 22:02:34,379.99,21.25
dd12ffa175ee0c7931890dd19db54427,1,8c292ca193d326152e335d77176746f0,7e1fb0a3ebfb01ffb3a7dae98bf3238d,2018-01-08 14:47:34,150.0,15.8
dd1bd072c709a5e654fd047560eba5aa,1,ae5cad88462eb7b7b61401e31c45618e,ce27a3cc3c8cc1ea79d11e561e9bebb6,2017-08-29 23:06:54,15.0,15.1
dd1d5e5b6e4be8779186eb9cafd2f44d,1,4161c903c8834f814fda62d066031d74,638cba8be1fb599bbb76fd6948351eb3,2017-08-08 16:15:11,12.5,11.85
dd292af3ab66211a8d6e0e7a1ca5b03e,1,32e18e89237933ebdaaebd78a27e7fa1,ca3bd7cd9f149df75950150d010fe4a2,2018-04-17 05:48:42,26.18,14.44
dd292af3ab66211a8d6e0e7a1ca5b03e,2,32e18e89237933ebdaaebd78a27e7fa1,ca3bd7cd9f149df75950150d010fe4a2,2018-04-17 05:48:42,26.18,14.44
dd292af3ab66211a8d6e0e7a1ca5b03e,3,32e18e89237933ebdaaebd78a27e7fa1,ca3bd7cd9f149df75950150d010fe4a2,2018-04-17 05:48:42,26.18,14.44
dd292af3ab66211a8d6e0e7a1ca5b03e,4,32e18e89237933ebdaaebd78a27e7fa1,ca3bd7cd9f149df75950150d010fe4a2,2018-04-17 05:48:42,26.18,14.44
dd36773263ff4067f6b50d5a7ad9d8b8,1,601a360bd2a916ecef0e88de72a6531a,7a67c85e85bb2ce8582c35f2203ad736,2017-05-17 15:10:21,129.99,12.11
dd5371622a32b1a8fc1726facf274115,1,ab1f9387c0627dd24000bfbc54fdeee0,8b321bb669392f5163d04c59e235e066,2018-05-04 03:50:49,12.25,7.39
dd74aa86ac49c4818ea173b6a376d8de,1,87283a98b24f9f1ac3a31b631073cf47,cab85505710c7cb9b720bceb52b01cee,2018-02-08 14:30:19,49.9,11.85
dd78f560c270f1909639c11b925620ea,1,00baba5b58e274d0332a0c8a0a66f877,d3f39f05462b79a4562d35893a28f159,2018-03-16 02:30:56,47.9,12.79
dd91bcebe3c4f665242db31b800a2b59,1,f71973c922ccaab05514a36a8bc741b8,5dceca129747e92ff8ef7a997dc4f8ca,2017-06-30 16:50:19,89.9,34.79
dde867f83e689b0167785b684ab311cd,1,914323edd50192310dd03435b0e6ad65,2c9e548be18521d1c43cde1c582c6de8,2017-10-20 14:50:12,4.5,11.85
dde867f83e689b0167785b684ab311cd,2,914323edd50192310dd03435b0e6ad65,2c9e548be18521d1c43cde1c582c6de8,2017-10-20 14:50:12,4.5,11.85
dde867f83e689b0167785b684ab311cd,3,914323edd50192310dd03435b0e6ad65,2c9e548be18521d1c43cde1c582c6de8,2017-10-20 14:50:12,4.5,11.85
dde867f83e689b0167785b684ab311cd,4,914323edd50192310dd03435b0e6ad65,2c9e548be18521d1c43cde1c582c6de8,2017-10-20 14:50:12,4.5,11.85
ddf7e19dc4d5ff4be22e808142f35e5d,1,1a080577618e7fe4d9ddd8fb2b47a964,7d13fca15225358621be4086e1eb0964,2018-03-08 09:28:50,499.99,28.78
de0daebf5103477af7117c12c057b772,1,d017a2151d543a9885604dc62a3d9dcc,6560211a19b47992c3666cc44a7e94c0,2018-06-12 15:31:47,49.0,7.39
de1a0e5b80f69f235671980dc449d278,1,aed75ad669fbebd5a385ac7cc2ae7573,17f51e7198701186712e53a39c564617,2018-01-31 16:30:04,550.0,117.99
de219d6cf606e877fc9a0df6b811ab61,1,cadb69af336c16aba5c5223599821245,8b321bb669392f5163d04c59e235e066,2018-01-31 23:36:20,13.65,8.72
de3205739b43c0284c856d5bd725dc55,1,ec2d43cc59763ec91694573b31f1c29a,1c129092bf23f28a5930387c980c0dfc,2018-02-06 22:09:43,45.9,9.34
de339d3dab036509a47753ddb94f1d55,1,555c681a23ca3d3adaaf1a74122b5bcf,4869f7a5dfa277a7dca6462dcf3b52b2,2017-07-24 16:15:29,280.0,27.24
de38b62136dcb5ff40d44d807c460a8a,1,6e741443e7a0707cb99e552dc844439a,6025c79c035c3d772133b8b8238463b2,2018-07-24 17:05:17,389.0,33.59
de4d7dbc75ae286c83ca660d77ac9f77,1,aca2eb7d00ea1a7b8ebd4e68314663af,955fee9216a65b617aa5c0531780ce60,2018-02-26 19:50:44,69.9,19.98
de7a40e39e02017beee1513d57ea0467,1,08b2b99a87e01c87c200a459bb3f4bc7,4371b634e0efc0e22b09b52907d9d469,2018-04-03 10:28:45,55.0,22.97
de8d425cef1f6b298913e9fc0c451d6f,1,cec09725da5ed01471d9a505e7389d37,4d6d651bd7684af3fffabd5f08d12e5a,2017-06-12 11:05:12,69.9,11.99
de8d4b40800d2483074fe491bd25aed4,1,6cc44821f36f3156c782da72dd634e47,da8622b14eb17ae2831f4ac5b9dab84a,2018-04-04 17:50:12,99.9,21.65
deb53c75e6fc731052963598e2553698,1,aca2eb7d00ea1a7b8ebd4e68314663af,955fee9216a65b617aa5c0531780ce60,2018-04-29 21:32:02,69.9,18.6
deb8ce115f74e504ae38e7db9bdd42e6,1,aa48d4f285b37252409e6f9fcb0b8ffb,e3a386fc36e22064434e1fa256f6a9fa,2018-07-03 14:30:49,49.4,16.54
dec5c8b31036f767ced1d8a698be9a8e,1,85fd14e978b92176dd210c046abc3540,4d6d651bd7684af3fffabd5f08d12e5a,2018-04-18 17:55:27,109.0,15.51
decf73db7f53552bc92e1720be4f0995,1,fe7f10e5c9d36a294333b0c35ccc24ad,cc63f0dd2acba93ffed4fe9f8e0321fa,2018-05-28 18:31:42,85.5,14.69
deef94d95b5cf9c23e10621ad71a96b2,1,362db8a45afd47d3f54c0f34f7c828bc,00ab3eff1b5192e5f1a63bcecfee11c8,2017-03-23 11:40:26,98.0,12.08
df04e901d675a6c329be16feac866548,1,f293514e0176006f3af40d473cf24a1e,1c68394e931a64f90ea236c5ea590300,2018-04-10 09:30:19,67.9,13.6
df23ed2daa7af696a5334c284dbc13ba,1,628fb6b9d891eebd296eb3caa5bcb557,0761743cbffb25d7148189e9f1a5f03a,2018-01-22 17:37:22,39.0,15.1
df281308c4a5cd2e3f2cc5c7eb5c30c3,1,585fba465552491690a4d0ebc78ef585,7a2d2949aea47fab95fd98d6c9f618b1,2018-04-03 18:15:21,12.99,19.32
df408c5fd9ac041cb84e393a6ff9e75c,1,92c92e54ea03085ca64e3556bdc18689,7c67e1448b00f6e969d365cea6b010ab,2018-02-06 03:37:39,79.99,41.63
df410b19c3e348fb548ae68badd49827,1,8694f037a1ff62c5b61939eb818e43ab,cca3071e3e9bb7d12640c9fbe2301306,2017-01-20 23:05:01,24.9,10.96
df506acc7ef7a1311a4602005f0c982e,1,bb8fb197bdc7f3b6ce2939b5be48b19e,688756f717c462a206ad854c5027a64a,2018-07-03 17:51:07,29.9,18.31
df5cc31d446df3719dde958e4f9dd5dc,1,4bb7155e3b9b96ca2696edc357ea8dde,34056b8b55c1775a22af2331670a799c,2018-08-06 21:30:14,59.8,27.37
df7f8e668092abf15eef89b947ba2ef2,1,3516632e8f52b679ff83d1665ecc990e,e9bc59e7b60fc3063eb2290deda4cced,2017-08-01 19:30:18,75.9,12.66
df91fb38017b42722551a94382cb829a,1,9ada4c8f4e072df42ff63b30520b6975,1025f0e2d44d7041d6cf58b6550e0bfa,2018-05-02 16:53:36,150.0,22.13
dfaec723e43ffd36724e080018beeb1a,1,e95703a89b7e347a78ac894708191b36,5343d0649eca2a983820bfe93fc4d17e,2018-03-07 15:15:47,79.0,9.37
dfaec723e43ffd36724e080018beeb1a,2,e95703a89b7e347a78ac894708191b36,5343d0649eca2a983820bfe93fc4d17e,2018-03-07 15:15:47,79.0,9.37
dfaec723e43ffd36724e080018beeb1a,3,e95703a89b7e347a78ac894708191b36,5343d0649eca2a983820bfe93fc4d17e,2018-03-07 15:15:47,79.0,9.37
dfaedd65a3ca2a4cc07753c583a535d9,1,1c55a8be0613dd888ed9c039cea3d660,870d0118f7a9d85960f29ad89d5d989a,2017-07-20 22:10:12,62.9,27.82
dfafca185f2fc62924f857e85569b923,1,ccadfeab525a9eb1569983b66e5075c4,33576ec5412fb5905d876f12f33bfde6,2017-09-29 08:24:17,79.0,21.35
dfafca185f2fc62924f857e85569b923,2,ccadfeab525a9eb1569983b66e5075c4,33576ec5412fb5905d876f12f33bfde6,2017-09-29 08:24:17,79.0,21.35
dfb28e6c33c63302a23a2166674f1864,1,48ece3b2abc4abd9d02f45aca7c3476f,fb8904a8ea99f8831b64ce27db2c1765,2017-11-30 21:34:25,139.0,12.18
dfda82f701815b8d9306b1343ca3e2bd,1,89b121bee266dcd25688a1ba72eefb61,2eb70248d66e0e3ef83659f71b244378,2018-05-25 12:15:09,79.9,18.44
e006227af733ca3bcba32f5577afd6d6,1,163da86e86f0089de089399c28c3fcbb,9f505651f4a6abe901a56cdc21508025,2018-01-11 13:52:19,99.0,8.89
e033bdf3c0d77ce6a7c7ee1235c8d051,1,6d4b221ea1d6cce7090d574cfa6185ef,6d66611d7c44cc30ce351abc49a68421,2018-06-27 10:31:31,23.9,8.33
e04227003e31c861c6d5953a9ecaffb9,1,cf55509ea8edaaac1d28fdb16e48fc22,06e5eefc71ec47ae763c5c6f8db7064f,2018-06-20 11:15:30,207.25,18.38
e05e3102d6fa4071b4a80e822231596e,1,b8b426747049f2d3d6e00b486d47dedb,01fdefa7697d26ad920e9e0346d4bd1b,2017-07-03 22:30:23,104.99,19.97
e088d467c07c9879ddbdaaa9b1c51e85,1,6cda4e34e42ceee3bc219010c1333577,b335c59ab742f751a85db9c411a86739,2017-10-19 20:20:28,15.0,16.11
e54245d9ada10a3d2910565a0bc2fdbf,1,2ffdf10e724b958c0f7ea69e97d32f64,4869f7a5dfa277a7dca6462dcf3b52b2,2018-02-21 21:26:31,229.0,16.35
e54fadbb3cef276c1b184ec780d06ae2,1,0705b33fb285827a578fce4899f1b921,318f287a62ab7ac10b703ac37435a231,2017-02-16 21:48:59,22.5,11.74
e567001ce77d68566b016e7929c11bfa,1,0bcc3eeca39e1064258aa1e932269894,1f50f920176fa81dab994f9023523100,2018-01-15 21:31:33,49.9,17.6
e567001ce77d68566b016e7929c11bfa,2,0bcc3eeca39e1064258aa1e932269894,1f50f920176fa81dab994f9023523100,2018-01-15 21:31:33,49.9,17.6
e57050216cdcbc40e35c8f5667f7806e,1,af2d506fb01b724e03591349ad36b67e,4b9750c8ad28220fe6702d4ecb7c898f,2018-07-23 21:35:17,48.9,19.53
e58ed0440e44bc5b5e5cba33106e3f66,1,6f2d7833b8f0a094571ebddebdc6623a,ea8482cd71df3c1969d7b9473ff13abc,2018-01-10 14:01:29,49.99,7.78
e5ac19b38666500c28341ce6d9bb889e,1,55782cb82e0efe052da0a3da237da3b2,c003204e1ab016dfa150abc119207b24,2018-08-20 14:15:26,166.9,13.47
e5bc6c7594c02f53761ea092c5c9af1d,1,e7d5464b94c9a5963f7c686fc80145ad,58f1a6197ed863543e0136bdedb3fce2,2018-07-25 15:45:16,139.0,22.9
e5bc812e034a9041261c8637e4dc4497,1,fdff6fbfaeefd11afe77be6f416e9c4e,98dac6635aee4995d501a3972e047414,2017-07-26 14:10:15,5.9,9.34
e5bc812e034a9041261c8637e4dc4497,2,fdff6fbfaeefd11afe77be6f416e9c4e,98dac6635aee4995d501a3972e047414,2017-07-26 14:10:15,5.9,9.34
e5bc812e034a9041261c8637e4dc4497,3,fdff6fbfaeefd11afe77be6f416e9c4e,98dac6635aee4995d501a3972e047414,2017-07-26 14:10:15,5.9,9.34
e5bc812e034a9041261c8637e4dc4497,4,fdff6fbfaeefd11afe77be6f416e9c4e,98dac6635aee4995d501a3972e047414,2017-07-26 14:10:15,5.9,9.34
e5bc812e034a9041261c8637e4dc4497,5,fdff6fbfaeefd11afe77be6f416e9c4e,98dac6635aee4995d501a3972e047414,2017-07-26 14:10:15,5.9,9.34
e5bc812e034a9041261c8637e4dc4497,6,fdff6fbfaeefd11afe77be6f416e9c4e,98dac6635aee4995d501a3972e047414,2017-07-26 14:10:15,5.9,9.34
e5cf005255a551709fd938c0c57e3d6a,1,7612afaa8218e79b3011243ed9edea9c,821fb029fc6e495ca4f08a35d51e53a5,2018-03-26 12:15:48,389.0,29.58
e5d3ccacd4c9d00c28a3f328f72b254f,1,bc74f63361c15c1a5baa5b97ac432e62,7e93a43ef30c4f03f38b393420bc753a,2017-02-18 12:52:10,337.69,17.57
e5d4d06531c0f91fef9b87eb7d3b98dd,1,c8c969c3a6423f48df9fde8a13e6770b,b2479f944e1b90cf8a5de1bbfde284d6,2018-02-14 00:35:23,21.99,15.1
e5d4d06531c0f91fef9b87eb7d3b98dd,2,c8c969c3a6423f48df9fde8a13e6770b,b2479f944e1b90cf8a5de1bbfde284d6,2018-02-14 00:35:23,21.99,15.1
e5ee38b54f1a799f6e122d67768cc1b2,1,99aa268744e2967e0ed6d3b22a38eff2,52562a9f449c3dc3d53f5f5b9ed74903,2017-12-29 16:37:23,89.9,44.48
e5f9a6228c6f504115c5a514b109aaaf,1,b4fc7e84dcaf2fcf3edb234e30362929,c3867b4666c7d76867627c2f7fb22e21,2018-02-14 15:15:37,125.0,16.5
e61eef70c6a825396525e3f3d9a82ec9,1,952a2fb95f913c10c33c1e509c7b8d9a,daeb5653dd96c1b11860f72209795012,2018-06-20 18:21:32,10.9,7.71
e630382ebe09e682fd9032c7d269f62b,1,4298b7e67dc399c200662b569563a2b2,88460e8ebdecbfecb5f9601833981930,2018-04-05 11:30:20,147.9,18.92
e634ef64a41599a3ddcd8bcef955e364,1,872db866d615db59612ac933f43d6b22,701938c450705b8ae65fc923b70f35c7,2017-05-10 13:35:22,103.97,24.01
e6461bf12e723ae0324f5248219b54e6,1,fcf4c9a897ae906e5a467ebf4589dffd,44073f8b7e41514de3b7815dd0237f4f,2017-12-11 07:31:24,278.0,26.5
e670c857f8a70c9aacdf644c59980d17,1,583f158587cdecda3e8bdea694021e39,955fee9216a65b617aa5c0531780ce60,2018-04-17 20:50:54,45.0,19.32
e67c98054d83d2b7a9ba6e37eb2ca005,1,84dbf59971e2dd6aede4b0e0b1847a54,638cba8be1fb599bbb76fd6948351eb3,2017-07-06 11:24:06,20.3,8.27
e67c98054d83d2b7a9ba6e37eb2ca005,2,84dbf59971e2dd6aede4b0e0b1847a54,638cba8be1fb599bbb76fd6948351eb3,2017-07-06 11:24:06,20.3,8.27
e69f75a717d64fc5ecdfae42b2e8e086,1,e7d5464b94c9a5963f7c686fc80145ad,58f1a6197ed863543e0136bdedb3fce2,2018-07-05 22:15:14,139.0,19.07
e6a6d96ae279ae5a454516029a7c43f0,1,f2c2428aeb3fd0a6327905225c1c2444,4e7c18b98d84e05cbae3ff0ff03846c2,2018-07-17 02:43:54,169.0,126.65
e6e2b1d0f8a98dca93bfcc801eaedc3a,1,73326828aa5efe1ba096223de496f596,d13e50eaa47b4cbe9eb81465865d8cfc,2018-08-20 03:10:20,82.0,18.67
e708577dce77e8e44c1bd9534419576e,1,53b36df67ebb7c41585e8d54d6772e08,7d13fca15225358621be4086e1eb0964,2018-05-09 19:10:47,99.9,0.0
e72a5280a46ca876b0fd05c1a1ee605c,1,75d6b6963340c6063f7f4cfcccfe6a30,cc419e0650a3c5ba77189a1882b7556a,2017-09-20 20:10:21,56.99,15.15
e73a10858b70339917af3b108236c820,1,76bfc9b1b1f332cfe28e1480389a38ca,e96498ed8daaa3e9c23f7a62da76591c,2018-04-11 18:27:45,564.99,29.24
e74c8d6962373b0c0e984e97fe2fa674,1,1b4dee3e58cb87cb5a0acc54ea53db9d,7142540dd4c91e2237acb7e911c4eba2,2017-06-02 13:06:09,99.9,29.1
e761005140dd93f80bffda9f13eb3c7d,1,45dc66388e0aeec2e8baab5572f2fa44,1336efc61c316ddf92c899eb817f7cae,2017-11-21 20:26:29,36.0,12.69
e778abcc21ac8c885cf25e865e3ac49b,1,186fe07c8b8005ec6a498587ffbc1352,6560211a19b47992c3666cc44a7e94c0,2017-08-11 13:23:30,29.0,7.78
e77e25ad4185ce8fba142eafcd1442da,1,750d887c4fb151156b3c0dec3041549c,d51e0a403fe2e689ece6c73359d96e12,2017-12-19 19:10:10,495.0,28.31
e7b5bbd928c9dcaa3466502cd99b4907,1,b0961721fd839e9982420e807758a2a6,1f50f920176fa81dab994f9023523100,2018-06-04 20:31:20,49.9,19.32
e7deb83d07b89b75079627c99028d57a,1,a7d756e8f7c4b7e5b679e248a57d91ec,0ebd97a106433a45a4aebe57c1799778,2018-02-06 13:08:17,89.9,31.3
e7df3fcd195fafd25a46f580fc96c9f3,1,7822d1f226e657d5c98ce5a18bd0ad94,582d4f8675b945722eda7c0cb61ba4c7,2017-12-07 00:18:35,14.99,15.1
e81638ffb72997c5bd2c1fa0f98918ab,1,b5e13c9a353102f79c6206ff5cb61a50,a49928bcdf77c55c6d6e05e09a9b4ca5,2017-07-03 11:43:58,89.9,16.88
e8204ce4727e0579d7cebd304236bcc3,1,e282624d8c82e04983f125e167eb4521,2138ccb85b11a4ec1e37afbd1c8eda1f,2017-04-12 11:02:57,18.99,14.52
e83965852a6e35ed713250e090367ff7,1,14b47a66430c89500f18cdaaef9e0c21,7aa4334be125fcdd2ba64b3180029f14,2017-12-17 23:31:52,129.98,13.93
e84f839667bdb61865f74a90bc11ec11,1,9ba8f142d5750b47282d95c0dad1ef57,751bdc4d83a466c7206cd42e8f426b03,2018-07-31 21:04:15,79.99,8.72
e84f839667bdb61865f74a90bc11ec11,2,9ba8f142d5750b47282d95c0dad1ef57,751bdc4d83a466c7206cd42e8f426b03,2018-07-31 21:04:15,79.99,8.72
e84fc9bd9b30107feb50736a4763e483,1,70120d2f9b9193aa0030342072d8adec,92eb0f42c21942b6552362b9b114707d,2018-03-19 04:28:06,39.97,12.79
e86dc64373eaaf9fc1d9d58bfce38f2f,1,1d974de82e60d653a2d1cc79984dcec8,65febd49fd28ec955651299159b1f527,2018-05-11 09:56:02,40.99,17.93
e86dc64373eaaf9fc1d9d58bfce38f2f,2,1d974de82e60d653a2d1cc79984dcec8,65febd49fd28ec955651299159b1f527,2018-05-11 09:56:02,40.99,17.93
e86fb2abd1932ca34230cb407378e9d8,1,c41cb239626c439032c226463d082c9c,17a053fcb14bd219540cbde0df490be0,2018-03-13 15:30:43,279.9,43.82
e87543e4e7ef577c892735018fb134a8,1,9fa0c72476690fbc66bcacc498fe7fd6,e2aee0892199b1d92530e371abd825bf,2017-08-03 02:43:21,49.99,12.48
e89b13d12a0a1f7d9e4c432de0363654,1,90ba8b896e0237e45804c8da0f058dc9,f4db9b37944bcb8873e6b456ee190bbf,2017-08-23 23:10:09,129.99,12.11
e8a1a86a8e4605d1b538931af504d864,1,c4baedd846ed09b85f78a781b522f126,a1043bafd471dff536d0c462352beb48,2017-05-24 13:05:57,109.99,34.13
e8a2fe3e5e58d8ed9080188f35c108ef,1,86da2c247cca57fe5928cc175e2a65e3,b2ba3715d723d245138f291a6fe42594,2017-06-19 12:23:34,94.9,13.22
e8a9b36dea36cc9c246000b8c7cca976,1,363218ba55c610b750224f90bdd34be1,33a6f4b1e7cdc205511e76ba1b6e0186,2018-04-30 13:30:59,79.99,8.91
e8abe560216dcd35d47f6c27da0c99c6,1,bbdef93b1bffe87d66bc97697e58c1ad,5f7300535881cef3b625fd683cf7d145,2018-03-28 15:15:42,89.17,19.59
e8e805e78f96e0ff9ba477f9cc5e3448,1,ccadfeab525a9eb1569983b66e5075c4,33576ec5412fb5905d876f12f33bfde6,2017-07-19 23:23:08,79.0,15.3
e907b53c6245de45677494c2348dc8cc,1,7564c1759c04fc0a38f2aa84f7a370ee,6860153b69cc696d5dcfe1cdaaafcf62,2018-06-28 22:31:47,42.97,14.61
e90fcc2b428a70a691e3b919ec4d8726,1,88f606f44d39cbba19b301f79a51d7fd,1025f0e2d44d7041d6cf58b6550e0bfa,2017-10-23 04:08:41,53.0,23.85
e90fcc2b428a70a691e3b919ec4d8726,2,8894c64689c2a3a29e2fff744de30e46,2a261b5b644fa05f4f2700eb93544f2c,2017-10-23 04:08:41,55.0,23.85
e91e4fa5f881fa870e71c30c2c1921d5,1,53759a2ecddad2bb87a079a1f1519f73,1f50f920176fa81dab994f9023523100,2018-01-04 02:33:38,49.9,28.75
e91e4fa5f881fa870e71c30c2c1921d5,2,53759a2ecddad2bb87a079a1f1519f73,1f50f920176fa81dab994f9023523100,2018-01-04 02:33:38,49.9,28.75
e9223fe7529db1d11fac85d4140bb536,1,f7e5d0186f539b61586d7ddd247d2996,8a32e327fe2c1b3511609d81aaf9f042,2017-10-20 13:56:22,12.99,9.34
e924fd08e03d8ac96fb7bf1291eb7c9f,1,422b2bcfce6061515c2aec9ef1d2a16b,f45122a9ab94eb4f3f8953578bc0c560,2017-06-19 04:30:27,99.99,16.46
e94d2aa1b4e27a13571357d326e1694d,1,e9c1abcc7126360336d8f56d49041a8c,679769a98cfcc6da877c8486ff1c13f3,2018-01-30 15:58:02,349.0,18.2
e95634044d70b26eef37fbe32fc3ea9c,1,dbe30cd7571498ff45963ea671014c6a,17ca9b9e9b9ef8fdb529001b49ebb50f,2017-09-20 14:05:59,29.97,16.79
e980f0348ae8c85c6eb7e23e9ee42b27,1,bee2e070c39f3dd2f6883a17a5f0da45,4e922959ae960d389249c378d1c939f5,2018-03-07 19:35:25,180.0,16.01
e98a7233637d3d8e07adcf92b23daaf3,1,43423cdffde7fda63d0414ed38c11a73,b1fc4f64df5a0e8b6913ab38803c57a9,2018-04-06 13:28:34,54.99,12.44
e99ac811e8a9efe60a334a5a985ac28b,1,ec5b5cce0b8464a1c618325f35c779dc,77530e9772f57a62c906e1c21538ab82,2018-04-26 13:31:22,119.0,27.38
e99d985e66dc0f62859946b86b5beaff,1,381f27465b52fd5f9fe3b668e53c1eb7,9674754b5a0cb32b638cec001178f799,2017-08-10 18:03:28,38.0,9.34
e9a18a01a641ece17c11a804a3651208,1,d8c92e2b378d2321b7eb32ba6cf52a66,5275ca25d0358ca73864e0ae41be1320,2018-07-27 13:20:37,98.9,16.96
e9a6252140ac4d9e51867934fad095eb,1,64fb265487de2238627ce43fe8a67efc,4a3ca9315b744ce9f8e9374361493884,2018-02-09 09:55:30,92.9,21.14
ea25a7c224e8ab2c05c2425da85c033d,1,01cf7c4cffff8db0a1cbe612bd2d50a4,f7720c4fa8e3aba4546301ab80ea1f1b,2018-08-21 23:10:13,23.9,18.32
f85b47957bb21d303dabed9052490610,1,a5bbc554f75cf4afa2cd56791015ec27,955fee9216a65b617aa5c0531780ce60,2018-07-02 02:15:39,70.0,16.68
f8718b67f7469531acea685ab46722a9,1,8d139b1550c8cc91a3babc9cfe9fc147,c9c7905cffc4ef9ff9f113554423e671,2018-07-03 03:32:13,55.0,18.49
f878206572adfa47110fed4947806589,1,bb674e06dbfa1c64d429fd65dfc02f87,817f85dbb65aa3e70831d90fe75cdf89,2017-01-23 09:59:49,149.99,32.65
f87e6a448c7194cbe50fa937efad03ba,1,13db47eae724e2848e12b71a617a3a41,7d13fca15225358621be4086e1eb0964,2018-04-05 15:27:40,499.99,21.38
f8822b6085858dd513bb20e7e0c88e83,1,4858799008e3cd4fcab9c61fbc63a2a0,6edacfd9f9074789dad6d62ba7950b9c,2018-05-10 11:10:27,40.9,12.79
f888aadfaf9861131a6b24882e4c5ee4,1,11fcf75cb0f15b4e28842db20b062850,d20b021d3efdf267a402c402a48ea64b,2017-07-13 18:30:12,79.99,13.58
f8bb4d404d187c79b86ccf852dfa345e,1,2eadf6089620e82047e4d24101dc6759,5670f4db5b62c43d542e1b2d56b0cf7c,2018-06-20 21:58:24,16.88,7.39
f8d631ef8b5096ff7454bf32eb066adc,1,a8115d34a4b7b74388da609692162c37,85d9eb9ddc5d00ca9336a2219c97bb13,2018-06-13 02:31:29,35.9,15.23
f8db134d4ac3747d627adb962ec08f73,1,c1c27de6591a9eaeb865eed7b905b046,dbb9b48c841a0e39e21f98e1a6b2ec3e,2017-05-22 19:15:11,79.99,8.75
f8ff4b3861d957e056ce454bffbb4ff0,1,8c96a6969d0fad20629fec9c1ea45e02,062ce95fa2ad4dfaedfc79260130565f,2017-03-31 13:06:14,79.9,21.01
f91346a89554e0c864ce1007a89eaad9,1,c3c63b6c88b27cb29ec5d26fb0ab7182,76d64c4aca3a7baf218bf93ef7fa768d,2017-11-30 15:52:49,296.9,77.08
f93bcee6c5595d8b07ad4f799fe5b590,1,927ab43b52f8e2af38e2ab92fdd25637,1cbd50a8c52e6cf8e315c5709fab386f,2018-03-01 01:28:42,219.9,35.34
f93e43e1c7ad8105d4644ca79c6ffe21,1,2350c74f45b4009cbdab3fa73396c222,d91fb3b7d041e83b64a00a3edfb37e4f,2018-04-04 21:07:34,39.5,22.93
f94a0462cf50552772e515493550bc4e,1,437c05a395e9e47f9762e677a7068ce7,bf84056e679dbe9c69929847a40e338f,2018-02-23 13:26:38,44.98,8.72
f9604c62f4691fd43013cd1e6489e332,1,c6336fa91fbd87c359e44f5dca5a90ed,4c2b230173bb36f9b240f2b8ac11786e,2017-06-23 10:25:15,39.9,11.85
f97b2bdfbaca9c2f04722d8cbc8cc8a5,1,054515fd15bc1a2029f10de97ffa9120,e9779976487b77c6d4ac45f75ec7afe9,2018-08-13 18:45:20,43.0,18.4
f97b2bdfbaca9c2f04722d8cbc8cc8a5,2,054515fd15bc1a2029f10de97ffa9120,e9779976487b77c6d4ac45f75ec7afe9,2018-08-13 18:45:20,43.0,18.4
f97b2bdfbaca9c2f04722d8cbc8cc8a5,3,054515fd15bc1a2029f10de97ffa9120,e9779976487b77c6d4ac45f75ec7afe9,2018-08-13 18:45:20,43.0,18.4
f97b2bdfbaca9c2f04722d8cbc8cc8a5,4,054515fd15bc1a2029f10de97ffa9120,e9779976487b77c6d4ac45f75ec7afe9,2018-08-13 18:45:20,43.0,18.4
f981f066bfdadabcbba7c2dc9f076303,1,dd61e943598eec72351633dd6a72d5dc,cc419e0650a3c5ba77189a1882b7556a,2017-07-21 20:23:44,79.99,14.31
f9985288469173749a1fd05693c5aa2b,1,7cb2ff3193293db892fd5697aa99a19b,391fc6631aebcf3004804e51b40bcf1e,2018-02-08 12:51:41,24.9,12.69
f9985288469173749a1fd05693c5aa2b,2,7cb2ff3193293db892fd5697aa99a19b,391fc6631aebcf3004804e51b40bcf1e,2018-02-08 12:51:41,24.9,12.69
f9985288469173749a1fd05693c5aa2b,3,7cb2ff3193293db892fd5697aa99a19b,391fc6631aebcf3004804e51b40bcf1e,2018-02-08 12:51:41,24.9,12.69
f99f5bffbe97d450126f330cd970c5e9,1,89197eee3abe531055b90c8ab1df05cc,77530e9772f57a62c906e1c21538ab82,2018-02-22 15:30:29,299.0,26.54
f9a56a1e02546f0d1baf56f282fa0659,1,c9c455f9fd8ca66d3ff7f90a249753b4,96804ea39d96eb908e7c3afdb671bb9e,2017-10-04 03:04:44,109.95,16.53
f9a799d2f679685212cad64ee906048d,1,58f1f70c378b16f78eff44c7104aa772,3f3486b61f45078d4f31ee5e43d8c5bb,2018-03-14 02:15:42,139.99,63.01
f9d5cc83106322c8781e4cc0c0bce572,1,34b61264ecf24043cc09e6f4dbf6c0f4,b2ba3715d723d245138f291a6fe42594,2017-12-29 17:19:20,224.9,26.09
f9e86e23af5d5243b44d1eebaacc32be,1,4fe644d766c7566dbc46fb851363cb3b,c31eff8334d6b3047ed34bebd4d62c36,2018-05-07 05:55:25,99.99,12.03
f9f91e01e98440ee1e84dbcfad27fdbd,1,89e4362d74afa10ac57f8d67210132a6,a3f0b55de503387383c7b1de3ad7f678,2018-05-23 19:54:42,89.9,19.6
fa0609cc7f74568f4f0b2fe9b286e76c,1,e59dd207c69d86e890febadc796d1078,1c68394e931a64f90ea236c5ea590300,2018-02-16 20:50:37,144.41,13.14
fa13f1aebd2c53df9b0ce05ba46d9336,1,af56e0203193f066ed64cbbbbf95ae6a,ef990a83bbea832f36ebe81376335aa8,2017-12-22 20:38:30,79.9,27.41
fa630bc4aa5f6aa35485ddc68bb56edb,1,0798196b28c04c8e543322896c882902,9f505651f4a6abe901a56cdc21508025,2018-08-24 18:30:15,289.0,10.18
fa65dad1b0e818e3ccc5cb0e39231352,1,1aecdb5fa3add74e385f25c6c527a462,06532f10282704ef4c69168b914b77be,2017-04-27 09:10:13,392.55,65.44
fa666f44d0e5c50dad23a1bc4a8c2a50,1,35bc6c77029697004675d3a2ce505916,897060da8b9a21f655304d50fd935913,2017-09-26 02:36:27,155.0,52.31
fa666f44d0e5c50dad23a1bc4a8c2a50,2,98354ddeaeae40bd6b705381191a9ffc,165fc07beebdcb6190fba8a06db2a449,2017-09-26 02:36:27,150.0,31.23
fa6b736da07e6fab64807d4d37d8062d,1,c66473cee835e09bdd0edc66f628af7c,128639473a139ac0f3e5f5ade55873a5,2018-08-06 17:24:03,19.9,13.48
fa82edaf6d788f4a8a80e2f8fc4cb9b7,1,e2c843e2762213223f21e0206e3b9d9d,c013e57c075a06e5b5c48ee03c525719,2018-08-28 19:15:16,63.99,18.76
fa83e155dfa5da681c4754559e6d1043,1,b01d34f6d2545269d348181768eca049,6560211a19b47992c3666cc44a7e94c0,2017-05-25 08:03:19,55.0,15.14
fa9bb0fcd9ac91743999d13c2860dac5,1,f18e0f3757837733f36da5143ddccd73,17f51e7198701186712e53a39c564617,2018-02-05 17:50:44,1199.0,163.37
faa72e2db68f17d71fa5c725cafc53ad,1,b2545dd62c61d45d55ebaa04d1cb1e23,e48b04bf1aa1ef711caebeb7aede6180,2018-04-20 08:51:12,102.9,23.3
fac596e78a482c65c9ebe4d9f7d8eb67,1,56f096959d0abfbb601eaf570323d766,56642bcb79900e777d68e91915cb4267,2017-09-04 08:15:15,84.0,27.13
fae7ec9e7beff1d7e8ba7161738e557f,1,c816e7f68945b875d70f82b82f7b0495,dc4a0fc896dc34b0d5bfec8438291c80,2017-06-29 02:15:35,118.58,13.17
faf1b809401b186ca28936c3e1cb07aa,1,0bbdc963004d9b2fd3427ee3c5ae3608,06df0c10d34e459d9672bc77388742eb,2018-05-17 19:31:09,299.0,10.8
fb11e3f2905ee0f75ef24f40def76252,1,8c591ab0ca519558779df02023177f44,a1043bafd471dff536d0c462352beb48,2017-03-23 18:25:15,99.99,28.89
fb14d0b924669f4fedd4109bbbfbb736,1,99a4788cb24856965c36a24e339b6058,4a3ca9315b744ce9f8e9374361493884,2017-05-02 17:22:39,89.9,11.24
fb2547a335f4231f46fd7b70e9aee046,1,c6336fa91fbd87c359e44f5dca5a90ed,4c2b230173bb36f9b240f2b8ac11786e,2017-07-09 23:23:23,39.9,8.72
fb52772040f4324904abfd196ab908f8,1,ddceb6eef6af67e9fbbd4c148dbe5fd9,ceaec5548eefc6e23e6607c5435102e7,2018-04-12 15:11:50,215.0,13.41
fb7d6ea70e823cfb1afca3524282cbf9,1,53759a2ecddad2bb87a079a1f1519f73,1f50f920176fa81dab994f9023523100,2018-04-09 05:28:15,53.9,21.35
fb7d6ea70e823cfb1afca3524282cbf9,2,53759a2ecddad2bb87a079a1f1519f73,1f50f920176fa81dab994f9023523100,2018-04-09 05:28:15,53.9,21.35
fb7d6ea70e823cfb1afca3524282cbf9,3,53759a2ecddad2bb87a079a1f1519f73,1f50f920176fa81dab994f9023523100,2018-04-09 05:28:15,53.9,21.35
fb7d6ea70e823cfb1afca3524282cbf9,4,53759a2ecddad2bb87a079a1f1519f73,1f50f920176fa81dab994f9023523100,2018-04-09 05:28:15,53.9,21.35
fb7d6ea70e823cfb1afca3524282cbf9,5,53759a2ecddad2bb87a079a1f1519f73,1f50f920176fa81dab994f9023523100,2018-04-09 05:28:15,53.9,21.35
fb89dbec79bc8b1f0d12165058cb1cb3,1,419b12eaf8841add29c3503ee6cddb91,750303a20e9c56b2a6bc45cdce0b897d,2018-03-01 13:47:36,135.0,19.49
fbf2e87d7c7542aa36e1d91e5b462c60,1,c7b3b8509e06ae21abdd78b541215cda,620c87c171fb2a6dd6e8bb4dec959fc6,2018-08-08 07:04:11,119.9,18.94
fbf96285c7d996a4ddcc48002f857af1,1,214e5e86400971b7f46f64ce6c737d33,efcd8d2104f1a05d028af7bad20d974b,2017-07-31 22:30:16,69.99,19.07
fbf96285c7d996a4ddcc48002f857af1,2,723f08b94cabe91ad292a3084725903b,efcd8d2104f1a05d028af7bad20d974b,2017-07-31 22:30:16,40.0,4.77
fc10c2bcfb34da9f78f483c17714eef0,1,49edaf05a81224abe21b929ea492ccf9,54a1852d1b8f10312c55e906355666ee,2018-01-18 13:11:28,86.99,11.81
fc66f65bd879bd459e1cb14324335727,1,6a29caa68d4bc5536b4447c25de4c937,16090f2ca825584b5a147ab24aa30c86,2018-01-24 02:13:13,51.49,11.86
fc698f330ec7fb74859071cc6cb29772,1,422879e10f46682990de24d770e7f83d,1f50f920176fa81dab994f9023523100,2018-04-25 02:31:57,53.9,0.0
fc699344c004d1635c1e3a27f707c8b6,1,fb0467f650186a474da44003e623a3c4,6edacfd9f9074789dad6d62ba7950b9c,2018-06-04 23:15:24,9.9,12.79
fc719b274382a0834f125796832ab9a5,1,8f5501bc2a52a32cb42e220c855cd589,3c010235b7345c92f125d14ee232a76b,2018-07-06 13:50:31,199.0,28.34
fc94ca74e236e7bad0e7a33cd62dc474,1,cddf971ea646c184a153eb3899113d5e,aaed1309374718fdd995ee4c58c9dfcd,2017-05-12 13:25:23,20.7,15.1
fc94ca74e236e7bad0e7a33cd62dc474,2,cddf971ea646c184a153eb3899113d5e,aaed1309374718fdd995ee4c58c9dfcd,2017-05-12 13:25:23,20.7,15.1
fcaa22948cf53b9b3ff7de0c67b6391c,1,31240eaae01b43247d878f3e89996e35,8b28d096634035667e8263d57ba3368c,2018-02-14 19:55:28,24.9,11.85
fcc1d095fad4806c94b96c7bbe51188d,1,3362ea39c2b9a88dc82f2cd6f6838bcc,dfa0c4c6229ab200a4a1336b4d7128ff,2018-08-06 20:35:28,39.0,15.37
8df2f7a8d9fb8958675f795e2f71f27d,1,8a3cc0bbd52a7985b211643c48ceff4d,dbc22125167c298ef99da25668e1011f,2018-01-17 18:20:42,48.9,56.24
8e031bfad27930ae71c54bd0ee2c0cc9,1,cec09725da5ed01471d9a505e7389d37,4d6d651bd7684af3fffabd5f08d12e5a,2018-01-17 02:33:59,69.9,16.12
8e031bfad27930ae71c54bd0ee2c0cc9,2,cec09725da5ed01471d9a505e7389d37,4d6d651bd7684af3fffabd5f08d12e5a,2018-01-17 02:33:59,69.9,16.12
8e238195658d4539944106a75adb0d60,1,02ce467092b184e71d3967d29110adc1,a7f13822ceb966b076af67121f87b063,2017-05-04 20:42:15,179.96,65.49
8e43f2c9b150b717ae56640b5fb64150,1,14d2c4a849afdde0e39ffad27a1dfc56,d91fb3b7d041e83b64a00a3edfb37e4f,2018-08-08 11:15:13,44.4,12.04
8e572fc4edc8dafc89bb18bf812916e6,1,ee75970e2871fe4204cf7bcdda61d08a,04fdea0c111866e6cf812f1570d6b5bd,2018-02-01 17:31:43,95.0,19.91
8e75defef52610477f8662c16b16498a,1,bef82b9c3489736794c29f6d4a686ca6,9646c3513289980f17226a2fc4720dbd,2018-06-24 22:56:19,28.0,18.3
8e83e34d39ed0235b3460da4bd082fc8,1,95c40b993a22463c83beb5c51a03d46c,85d9eb9ddc5d00ca9336a2219c97bb13,2018-08-03 00:10:13,28.9,15.3
8e9168f5b8cbf3a8e5d2f6767cefa724,1,10070e29929f7c7d609ee3201f236b8e,8a130737016f838139d31878787a39c9,2018-04-02 22:10:26,95.2,16.64
8ec55bc714dc23ff93908bdaf8b97704,1,54d9ac713e253fa1fae9c8003b011c2a,955fee9216a65b617aa5c0531780ce60,2018-01-25 09:07:40,29.5,13.08
8ed4df9e21def5033d20475c0e568c92,1,0bbdc963004d9b2fd3427ee3c5ae3608,06df0c10d34e459d9672bc77388742eb,2018-05-18 14:09:59,299.0,16.9
8ed4df9e21def5033d20475c0e568c92,2,0bbdc963004d9b2fd3427ee3c5ae3608,06df0c10d34e459d9672bc77388742eb,2018-05-18 14:09:59,299.0,16.9
8ed8d60cc2df2b29e93a93ec47189c07,1,bd9fca6bf4bdcbf4094d7bc11415dfe5,ba90964cff9b9e0e6f32b23b82465f7b,2018-04-02 17:11:22,1099.0,41.23
8ef90bbfd83a3525620bc52b758b655d,1,4e191b1e429b88c6eae1a014f823cb7c,11305281b50fff20ae8bb473f8e11876,2017-12-06 13:55:27,159.99,21.61
8f413a1f9c167b4f6c5f891b6c7c7d27,1,cad2db5e318d7283a234c517b2f28a42,8160255418d5aaa7dbdc9f4c64ebda44,2018-01-29 16:31:32,105.9,16.5
8f4d9ae2f2a9008353f4295f2985ad76,1,47d85e3e35a3e29f93fdc12b295d520c,adcf50477d6a1f5d91bb9d54c4903cb5,2017-03-30 09:05:18,42.0,59.93
8f815207602f16cdf25a3fb1858ca6be,1,c19d5ba108c34b8255cf9a524da92bc4,4e922959ae960d389249c378d1c939f5,2017-04-11 05:55:28,75.0,11.14
8f909d2a25c1618219801a24a48871de,1,6e6752783a53e4832b969f1417ca34cf,4b1eaadf791bdbbad8c4a35b65236d52,2017-04-05 15:12:12,349.9,13.06
8f9b2d4a6cd80dc716a380365561a133,1,6480f3f31b23d41c1b8ad051c201b244,128f9bfbe4c7d5185033914b1de3d39a,2017-10-19 16:28:01,171.0,26.04
8fd10b4326b26a7131022cf8f659abef,1,bf53d80c6cb1cbf63ba17e2175d521a5,c6bda72e4dbf5c5866b13cb1810c6d03,2017-12-13 02:15:19,109.9,25.32
9036c3ce0a28353732668a2822a0a1c8,1,19c91ef95d509ea33eda93495c4d3481,06a2c3af7b3aee5d69171b0e14f0ee87,2018-06-15 02:55:00,122.99,24.99
903bf628219e968e070f205a97500735,1,2d063994ae4667cff3d6841e9d441d1d,13d058e4eeac2ce8217660b2f8a05812,2018-06-12 16:15:22,119.99,18.92
90423fbde022b7991066ba965cfe537d,1,7ce94ab189134e2d3c05f496d635419c,8b321bb669392f5163d04c59e235e066,2017-11-28 23:13:30,13.65,25.38
905b8129167452d5eb4b1bc006bb3bf6,1,d678178aa4291cd25a755a90188375c8,1025f0e2d44d7041d6cf58b6550e0bfa,2018-03-26 23:28:15,35.0,16.32
905fc82a3f92ee92e5084172bf337840,1,3354a4e684f5e7199f9407db70ccd92b,7a67c85e85bb2ce8582c35f2203ad736,2018-05-09 03:55:18,89.99,18.21
907ccd3dfa00fa686c55005689b891e1,1,3f94f864742e33fc293053063b7783fa,058fd0aa2bfdb2274e05e1ae971dabb6,2018-05-10 18:55:27,139.9,18.86
909848fc22bea821de7a92b2dc614338,1,53b36df67ebb7c41585e8d54d6772e08,7d13fca15225358621be4086e1eb0964,2018-05-10 19:35:19,99.9,0.0
9099e5808d892fd34523293254ddb621,1,f42a421aee7e5f8a70a9b68cfd53ef55,582d4f8675b945722eda7c0cb61ba4c7,2018-03-14 18:09:14,28.5,18.23
909d28f22490c6e78da3962ab7fd6286,1,d017a2151d543a9885604dc62a3d9dcc,6560211a19b47992c3666cc44a7e94c0,2018-07-24 15:25:19,49.0,15.44
90a2b2da168b833dcca42bdb705790c5,1,6ac9af102b44f348819e072be3bb57c2,5f2684dab12e59f83bef73ae57724e45,2018-04-24 14:30:54,59.9,19.39
90afb8151d6aca71ae7b52a029ebc165,1,588531f8ec37e7d5ff5b7b22ea0488f8,53243585a1d6dc2643021fd1853d8905,2017-11-09 12:56:15,1437.0,34.51
90b6cdda02bbf9ef9a404d36e11a8268,1,78efe838c04bbc568be034082200ac20,0241d4d5d36f10f80c644447315af0bd,2018-05-22 07:56:08,99.9,13.31
90b6cdda02bbf9ef9a404d36e11a8268,2,f08b29913c73e394bc8477b1e69f7762,ccf8813e5a7d6c84d865cd38bfc2b130,2018-05-23 07:56:08,102.0,13.31
90c086a01b85684eb03d4f7b99d95501,1,869a3f72ac569dae87e9ea2755d561ef,a3a38f4affed601eb87a97788c949667,2017-03-31 01:22:04,44.9,16.05
90c1f1431bde35c669aa2ccb03f78553,1,a92930c327948861c015c919a0bcb4a8,6560211a19b47992c3666cc44a7e94c0,2017-09-06 04:32:23,78.0,15.3
90c2eda21ac12f7fb2e6fe3db2b81def,1,a4aa7c1427c31344e5f7cc3d839fe562,66922902710d126a0e7d26b0e3805106,2017-09-25 03:30:56,110.0,17.25
911caddee9193485ecfacba64e139beb,1,52c80cedd4e90108bf4fa6a206ef6b03,a1043bafd471dff536d0c462352beb48,2018-08-14 21:30:21,139.0,107.3
914b9f8c467264d57ba0df4ee274dd0e,1,7fb06133a9a56c3d8a2819e9f4d45422,fcb5ace8bcc92f75707dc0f01a27d269,2018-02-06 02:35:31,136.3,9.77
914ccbb5110ed49b96c301b5fbf8d629,1,9fef57f37ae72292952e73ff9a7a3fee,f8db351d8c4c4c22c6835c19a46f01b0,2018-05-17 10:55:15,449.9,85.47
914ccbb5110ed49b96c301b5fbf8d629,2,9fef57f37ae72292952e73ff9a7a3fee,f8db351d8c4c4c22c6835c19a46f01b0,2018-05-17 10:55:15,449.9,85.47
91563e540f8b0e89389b96cf4d52296e,1,8aa6223e400af9c97b07c75993142721,1f9ab4708f3056ede07124aad39a2554,2018-05-02 21:30:24,169.9,29.37
91bf2a67e8d316444406c19cf587914a,1,0e1fa2aadc04afbf8fb30200aeba06a2,7a241947449cc45dbfda4f9d0798d9d0,2017-12-11 17:52:05,129.0,38.42
922162cabb84e44a2efa143dd96ef464,1,1afdb4e17af189582b06591ae8a031a4,6560211a19b47992c3666cc44a7e94c0,2017-08-31 19:06:02,44.0,7.78
92307d93688d9465005c2cf0b6aa7480,1,4fce0eab61e01d521044c8b071cdfead,0509040ea3fe50071181bbc359eb7738,2017-05-28 21:55:13,32.8,21.15
9247f243c8ce8daa5f7011af7f97fecb,1,a9e1892ce37ec3b694e45a58e3377556,6c7d50c24b3ccd2fd83b44d8bb34e073,2017-08-30 23:05:39,49.5,17.6
92822ff2220ab001aba01e753780cfe4,1,8828464e34fc3da3892f568218e14d61,2e7ea2aafec5835e781b21d6d1faf1f1,2018-08-23 13:15:30,69.0,34.24
9792283e8d46d73ee4a3d91fc3264a50,1,3a56185b0baa8dc98beef8ebba000b96,1025f0e2d44d7041d6cf58b6550e0bfa,2018-04-10 10:55:21,140.0,17.89
979f8ea562e84d3ed962b250fc08976f,1,f6fa93875f4a7dac03e0a22143f4d815,391fc6631aebcf3004804e51b40bcf1e,2017-06-27 17:50:17,49.95,11.85
97b7decf3d24b8e8db00cab51c75c372,1,e06f99e79036d681effa3de75989bf22,6560211a19b47992c3666cc44a7e94c0,2018-07-24 03:23:56,59.0,7.67
97bb7e5d1176813061e12ca420b8a8e2,1,ed836edc15625c202f6ba85dbbe95c3a,6560211a19b47992c3666cc44a7e94c0,2017-12-14 20:10:18,29.0,7.78
97ca549aa4a8d582d149002b880984f2,1,d401d9445df5a515a304b386278b4844,afe0067131b73e40875c9b6c10bd2e21,2017-10-02 09:24:25,104.9,21.22
97d0a7726f58ed266c7501929e1ea81d,1,0502d1a36be75bd36b452f31c6ed264a,c826c40d7b19f62a09e2d7c5e7295ee2,2018-01-11 02:34:50,69.77,11.99
982d82bc18646c6288463c134c89fc3e,1,f521813909e310116b6b2f0b11f3dd44,09f952a5f58d2285b0372551ae8f9b01,2018-08-01 02:35:13,101.0,19.9
9841304c5432e46d9cfd508835b743b1,1,cac9e5692471a0700418aa3400b9b2b1,7ea5bfa6c340f58f8e71fc1f0412b0d6,2017-11-30 09:50:57,129.99,17.48
98889198028c9110a7e574e3969b96cd,1,43ee88561093499d9e571d4db5f20b79,23613d49c3ac2bd302259e55c06c050c,2018-07-03 15:16:02,10.9,8.27
98889198028c9110a7e574e3969b96cd,2,e7593e3c84b3302e1531a715f1ded8b2,53e4c6e0f4312d4d2107a8c9cddf45cd,2018-07-02 15:16:02,49.0,33.1
98c977c116f7779360e9fecffd3860b6,1,e4aa3f3e3209009166c6b79afa8204bc,1127b7f2594683f2510f1c2c834a486b,2017-09-01 20:44:54,34.0,9.34
98c9c5c7df242bfccd1ad3510eff89f2,1,d47b66f4d980a10ae5c5aa2222928741,bba3293d6f5d5af2f415e004e8b93ae3,2018-02-08 17:31:37,779.89,21.22
98dd966a1e38eb56010bc5d422f3d3ce,1,008cff0e5792219fae03e570f980b330,530ec6109d11eaaf87999465c6afee01,2018-08-15 14:15:14,134.99,22.99
98f80eddddaaa6c3e5dea02ff36ad263,1,47cd48073d67f91f09cb5ef9496c920b,00ee68308b45bc5e2660cd833c3f81cc,2018-01-25 20:17:02,85.0,17.84
99444a1ae54c5cdeb0dc5e97b57aa6e5,1,42c99de3dc62c3687c4c7da629da3c50,f35becee938e982bd615edf8ef12bcfb,2017-08-09 18:30:18,6.99,11.85
995cb1fde464cb3683cf2902d8827a13,1,cbff1df298f7bfd7b65557cfc4133d62,8b2492b7ff4468839593fafeed55bad9,2018-07-17 21:15:19,168.48,19.28
995cb1fde464cb3683cf2902d8827a13,2,cbff1df298f7bfd7b65557cfc4133d62,8b2492b7ff4468839593fafeed55bad9,2018-07-17 21:15:19,168.48,19.28
995cb1fde464cb3683cf2902d8827a13,3,cbff1df298f7bfd7b65557cfc4133d62,8b2492b7ff4468839593fafeed55bad9,2018-07-17 21:15:19,168.48,19.28
99732cdec64edc7e27f1a79ca75c8b75,1,2d110366dd24a714cb50dddc30b4101c,9b00ed88b7fdb95d6ff76e27c1b52d16,2018-05-15 15:11:19,36.9,12.79
997c9f908691b9dc69c3b7b3a4433c65,1,196616257eff8bc851dc4fc041cbbbe9,701938c450705b8ae65fc923b70f35c7,2018-04-02 19:28:08,109.97,59.78
998c57ab2d55eb30d6de8d103034384b,1,c5d12f312c344b2c60aad2155a3e6890,e9c6969d40e6a3d2d0f90013165c2b98,2018-04-26 17:31:08,1069.0,42.61
99bd93d530d8b588cc9fe65dddee7411,1,2028bf1b01cafb2d2b1901fca4083222,cc419e0650a3c5ba77189a1882b7556a,2017-11-10 14:15:26,56.99,8.72
99c8af04316c292e23ca57d8917db2ad,1,9007d9a8a0d332c61d9dd611fa341f4b,2c9e548be18521d1c43cde1c582c6de8,2018-01-18 16:31:24,7.9,14.1
99c8af04316c292e23ca57d8917db2ad,2,9007d9a8a0d332c61d9dd611fa341f4b,2c9e548be18521d1c43cde1c582c6de8,2018-01-18 16:31:24,7.9,14.1
99cf68b71ac96d8b4c0f20dec410d8fd,1,5758144640044883abcfc4569f97b5ee,7d76b645482be4a332374e8223836592,2018-02-08 02:54:12,19.9,14.1
99d330b158a97e4b525cb725fa9571ec,1,f10a869cdfe48a282e6dc920da718e9e,abcd2cb37d46c2c8fb1bf071c859fc5b,2018-04-26 17:30:55,95.9,52.8
99db47a6842959e2064fb56a7b4c91e0,1,b532349fe46b38fbc7bb3914c1bdae07,1025f0e2d44d7041d6cf58b6550e0bfa,2018-08-15 23:30:19,35.0,19.44
99db47a6842959e2064fb56a7b4c91e0,2,b532349fe46b38fbc7bb3914c1bdae07,1025f0e2d44d7041d6cf58b6550e0bfa,2018-08-15 23:30:19,35.0,19.44
99db47a6842959e2064fb56a7b4c91e0,3,b532349fe46b38fbc7bb3914c1bdae07,1025f0e2d44d7041d6cf58b6550e0bfa,2018-08-15 23:30:19,35.0,19.44
99db775503c98bc234c5bd9e06d8593d,1,38e28b7814d36bc84b972a75dd7c5ce7,aae3bfea055532c57fb453ed3ec80b30,2017-07-03 15:35:15,32.99,7.78
99e4c7eebc4e218f0ef4729921038c19,1,d48bacc1dcd9c86bf1ed4ed2a303336c,406822777a0b9eb5c50e442dd4cd3ec5,2018-03-15 19:47:54,44.9,22.93
99ebd3bc1d6ce28d10723dc71bf6f13d,1,62d8daeee0db3a60c234c2d1bfd10651,d2374cbcbb3ca4ab1086534108cc3ab7,2017-09-04 00:35:24,24.9,11.85
9a2701b301b281b74ddeea78e0a24625,1,002552c0663708129c0019cc97552d7d,a5cba26a62b8b4d0145b68b841e62e7f,2018-07-19 20:23:45,108.0,14.1
9a50f016b349f16c4b2e42a4be02d1c3,1,6f1b3488c5314b527201978357a8d85f,240b9776d844d37535668549a396af32,2018-08-12 22:25:14,259.99,18.01
9a55824805066e5b894f07c60e254854,1,bb549d441943088b73b5c0281dbc7ba7,e333046ce6517bd8bb510291d44f0130,2017-09-01 11:44:16,115.0,13.83
9a7f882c95ae7d422db8ab15e1ee0a87,1,3ff53c0418c367eb333906f83eff8fbd,4830e40640734fc1c52cd21127c341d4,2017-08-17 14:55:17,49.0,16.11
9a815b63a6443f94d67d6c8bf970aaaf,1,b8762d562d810c2f8d7ad7e9c12957be,dbb9b48c841a0e39e21f98e1a6b2ec3e,2017-03-31 16:02:38,24.9,24.35
9a8df1603191fe8fa15788692de6f4c3,1,4ce81153410b379f2ccab68653ca5fe4,822166ed1e47908f7cfb49946d03c726,2018-01-25 13:53:56,11.24,15.1
9a8df1603191fe8fa15788692de6f4c3,2,4ce81153410b379f2ccab68653ca5fe4,822166ed1e47908f7cfb49946d03c726,2018-01-25 13:53:56,11.24,15.1
9a965cd710da5125076afbd641624600,1,0f66dd888ff5af9eba17aa59be9870d1,1336efc61c316ddf92c899eb817f7cae,2017-05-23 03:55:28,69.99,9.94
9ab1853460522b70139bf63d6715f4c2,1,f521813909e310116b6b2f0b11f3dd44,09f952a5f58d2285b0372551ae8f9b01,2018-07-31 03:10:21,101.0,19.9
9ab1853460522b70139bf63d6715f4c2,2,f521813909e310116b6b2f0b11f3dd44,09f952a5f58d2285b0372551ae8f9b01,2018-07-31 03:10:21,101.0,19.9
9ab8b682f4ecc3c07216e7376007829e,1,acd9803fca3010f5ad0f3ebefb53e5e6,7ad32824caee82087b3e2e5f33b1bf32,2018-04-26 14:30:50,199.0,13.83
9ad8a5a07627839df5c41599153d02d7,1,e0a554e92afe71fd7f9380b7b135175b,0ea22c1cfbdc755f86b9b54b39c16043,2017-08-28 07:25:20,34.9,34.15
9af9ab2e5e9932c6d31b5fb79e8c844b,1,c8c969c3a6423f48df9fde8a13e6770b,b2479f944e1b90cf8a5de1bbfde284d6,2018-03-01 21:08:06,21.99,15.1
9af9ab2e5e9932c6d31b5fb79e8c844b,2,c8c969c3a6423f48df9fde8a13e6770b,b2479f944e1b90cf8a5de1bbfde284d6,2018-03-01 21:08:06,21.99,15.1
9afd8793167c97876e93424de3f01498,1,77c0fc0c22b0e79a703aa61068b7bc7a,f805b96fa705ba7995a221f1749dc141,2017-08-14 04:04:41,299.99,22.59
9b31411d9c1c41009017a1c0a06ce069,1,d41dc2f2979f52d75d78714b378d4068,7299e27ed73d2ad986de7f7c77d919fa,2017-09-13 22:55:19,9.0,15.1
9b696fcb8112df3f6719a6a1e5648e2d,1,32aeecc02aa5adcb7f75155a80a47836,df56d7b40d437f88407c5f78b63bc328,2018-04-03 11:35:27,138.5,27.05
9b91ddcbd6cbceb83d4fd2462ca1f95e,1,f5d8f4fbc70ca2a0038b9a0010ed5cb0,48efc9d94a9834137efd9ea76b065a38,2017-01-09 14:22:02,10.9,8.72
9ba82750c563828973f933ffcd80febd,1,5432f2acb9813a9ab96418423f923eb9,9646c3513289980f17226a2fc4720dbd,2017-03-31 13:10:35,49.9,11.74
9bc38db4ef1d6f4fd1844e03b30b843e,1,77115ce07da135cd94ffef9ac16bb1b5,2138ccb85b11a4ec1e37afbd1c8eda1f,2017-12-11 16:47:31,29.99,7.78
9bd1262011363cf74478ba1d6f04ab28,1,a50acd33ba7a8da8e9db65094fa990a4,8581055ce74af1daba164fdbd55a40de,2018-04-24 21:11:16,117.3,31.96
9c0aeb926cb821f2644b956856d2d3b0,1,fad007abeaab6b8b9089a12497105ad6,977f9f63dd360c2a32ece2f93ad6d306,2018-01-25 09:08:32,90.9,50.51
9c2ba52157b36c56751de3ad0e6ec01c,1,c3ba4e8d3cb30049213b682e751e9d00,6560211a19b47992c3666cc44a7e94c0,2018-04-25 11:15:18,95.0,15.55
9c3225a3efe9fb83ea06492acb99d42c,1,dbb67791e405873b259e4656bf971246,e9bc59e7b60fc3063eb2290deda4cced,2018-08-14 15:50:19,61.4,13.77
9c3580e890d4e5c7a6f8ca754b9aff45,1,59f05ef2066d40581892a96722e9c465,5f67c6082caacb26e431a7b17940cece,2018-08-07 02:50:27,142.0,15.29
9c83e600b8c156f1b50b753f30e93634,1,6276a9c20b9182d92ffebdb0927c2653,8c16d1f32a54d92897cc437244442e1b,2017-11-07 04:10:23,49.9,34.15
9c8ffc9afe14108def96d0b1a3678eec,1,67e3279668ba06a3dd977cb31399a311,9b1ab052f5fca308ba743ac789ebb2e1,2017-04-13 22:42:43,154.19,15.25
9c9036dccc18ec72597a1abafc18d3b4,1,622bad99b4296aade0783ebecdd3fa15,376a891762bbdecbc02b4b6adec3fdda,2017-08-15 15:10:13,98.99,17.97
9c9353e8fd52f68f8442e580b5f2bba6,1,6d1d611877ca6fe8901e27ea00df988b,de23c3b98a88888289c6f5cc1209054a,2018-03-05 21:48:30,129.0,18.15
9c9f7b0c21d98c81b75246bb758c386e,1,f93213a23c50edc16c27b96333f734dc,46dc3b2cc0980fb8ec44634e21d2718e,2017-10-26 00:06:03,269.99,17.65
9cb058418ca948d8b6c3f369d031ab90,1,5411e9269501a870cabf632f05655131,3d871de0142ce09b7081e2b9d1733cb1,2017-07-31 21:45:14,99.0,13.71
9cb31e241f37e9115ca372ccb5973ece,1,b6acad95bb80b9f438b3496bfdfd8257,7d76b645482be4a332374e8223836592,2017-11-03 15:10:12,14.9,25.63
9cb899ec49b7c2411eae41cd5977de2f,1,28a0aebd7bf7ec9b31443c4cfd3e0f0c,bd0389da23d89b726abf911cccc54596,2018-01-16 14:29:22,72.89,14.45
9ce36e2fe5d89681ffcdc294ea7363ac,1,ee97db3ef647a016f3bb7376f8a3ffcd,dee656f0f566ed1aa85bd137c943f08f,2018-06-12 11:30:42,35.9,50.85
9cef759af57cfbaf537221a36730209f,1,1ec486885049bbb9b79351d150ed18c4,cab85505710c7cb9b720bceb52b01cee,2017-06-14 17:03:55,49.9,11.85
9cf5e2afa7553fb777a59471a72cd2bc,1,21fb5057dd6a737df6851a7ab7a130da,b14db04aa7881970e83ffa9426897925,2018-03-19 04:10:51,69.0,26.56
9d47e048cd4a6ff635406a2212b0a7f0,1,23ea3287091e8d1237bb93f92177a39b,9803a40e82e45418ab7fb84091af5231,2018-08-28 19:55:22,289.75,38.94
9d71dfb3ebb4e219c2d5b658c31cc476,1,d017a2151d543a9885604dc62a3d9dcc,6560211a19b47992c3666cc44a7e94c0,2017-07-14 11:25:24,49.0,14.1
9d7c75d76a63b0e133c2cc1b3b4b7faf,1,78214a7dd344600bc2506e60f9e2bbd4,6560211a19b47992c3666cc44a7e94c0,2017-04-27 11:55:10,49.0,14.52
9d83ef2eae9001ced10bfc373722a184,1,1b06c90f0a31f14d0f505323b5723a80,f8db351d8c4c4c22c6835c19a46f01b0,2017-09-28 15:29:09,55.9,16.15
9d8511a0b975c1aae5e2a9698a1ccae2,1,fc1d8637c0268af3db482c14b7ef8e75,da8622b14eb17ae2831f4ac5b9dab84a,2018-03-15 12:35:23,149.9,23.63
9d8f8e29ae80be83c9a161e3d08bb9a4,1,dca8cbb1c9d8a2db0fbc0c36b8d1a7bc,6560211a19b47992c3666cc44a7e94c0,2017-03-17 12:10:44,79.0,16.25
9d9866633100cc4ffb5fc63ee78fb52f,1,977ba64f692dbbeeb81d35ad7f953c5f,74871d19219c7d518d0090283e03c137,2018-04-11 17:09:46,47.0,7.39
9dabd200c58f609f380ecd1e44898086,1,b5a3bb1341d217322573b76c03d7b81e,12b9676b00f60f3b700e83af21824c0e,2018-06-21 21:24:02,238.0,22.97
9de38c42ea4d33af19aac6c4d6c4b146,1,259bd66612b61aa4e82ce3cde9272bbc,955fee9216a65b617aa5c0531780ce60,2018-06-14 16:31:46,25.0,12.84
9dece38ba34c2b0050efef28e85d7bde,1,67bd616e1ba0d3d3e8545f3113b0140d,e9779976487b77c6d4ac45f75ec7afe9,2018-05-18 19:12:38,14.49,18.23
9df68f730ca4706111e3d06332c5ce14,1,33fca9d59532dd4c191217a979346ab9,fe2032dab1a61af8794248c8196565c9,2017-07-06 14:23:47,248.0,13.24
9dff990dca94f688d5a005c3da5d9a6e,1,919b08607e72077425654ac5fc0b5528,2a261b5b644fa05f4f2700eb93544f2c,2018-06-13 20:31:12,70.0,45.57
9e0584f7d8ecc18347e6ce7eb7922628,1,f07c770a1f1628deda545e01082a0d6d,ca4b77513ac2040591b0d8fae6958380,2018-07-19 14:05:25,142.9,14.58
9e1b7a7d17aa42da16ee605b5fee2e0a,1,5bfcd193eb29c1c8332e2d4ca804d54f,522620dcb18a6b31cd7bdf73665113a9,2017-01-29 13:15:38,223.9,15.74
9e22fa092a2a1bb489823e54d3b48309,1,793ee3bd01e3ecec7ab94aed9aeee415,9c0e69c7bf2619675bbadf47b43f655a,2017-09-08 17:25:19,179.5,17.02
9e5fb230df649a8014388ee2cba9d347,1,7167a194119e3d3b0da13963e0417c8e,c3867b4666c7d76867627c2f7fb22e21,2017-08-11 02:25:35,152.0,25.9
9e6491dcf30125187adc8a3b5b5a571b,1,29427de7f8a9ee983d9dbc51cec569b4,7a67c85e85bb2ce8582c35f2203ad736,2017-11-08 03:31:16,99.99,18.94
9e7a3686660a2b85282c9b3e2111602e,1,e06f99e79036d681effa3de75989bf22,6560211a19b47992c3666cc44a7e94c0,2018-05-18 10:31:42,59.0,37.1
9e98bdb07065bc0ef966530ecdc91ec9,1,f26d0caaa778c717f696ce339dd7c927,0241d4d5d36f10f80c644447315af0bd,2018-07-27 02:04:17,229.0,38.97
9e99a131a8798c3985381f4f7c96d56e,1,a694f2632fae82ef419fd71587103dc9,989becdce12ebc39863c2bceab6f3ca1,2018-01-25 13:14:42,138.0,26.01
9eaeb9a3ef1fbb54f2c06d5ea38dd919,1,7d1a667dbc183583078324f912d42c6b,2089a6d640999f9b9141ac719b2af596,2018-02-26 22:08:42,112.0,12.28
9eb20359fd4673317b09e18e7c96476e,1,05a9dadb8402b6b7ae3dd28f7da187b5,522620dcb18a6b31cd7bdf73665113a9,2018-03-01 21:08:29,149.0,48.48
9f00b61adc60e20d3af1622decd2820b,1,44afebe5ba695261a126f43a4b29d814,520b493b57809f446cb0a233bb3e25c7,2017-05-22 03:30:14,90.0,38.18
9f23214f021883350f10518588c2ad74,1,2d7cd0c78354e447e9c2a37e1e287417,8b2d4ab22f42c5cfc338b846decfda60,2018-04-04 18:32:31,128.0,31.73
9f47e04f95b2bba1442d5bbf0611733e,1,3e0f398b664b26e3224c79dbf435191f,f4aba7c0bca51484c30ab7bdc34bcdd1,2017-05-15 19:42:28,49.9,11.85
9f49bd16053df810384e793386312674,1,256a9c364b75753b97bee410c9491ad8,5c030029b5916fed0986310385ec9009,2018-08-02 03:44:28,1149.0,339.59
9f625a3ed898cbfe30b9f9ef44897889,1,abef8cc12c6428d93526f5bd0f76dd0c,b64d51f0435e884e8de603b1655155ae,2018-06-20 02:57:06,17.99,7.39
9f625a3ed898cbfe30b9f9ef44897889,2,abef8cc12c6428d93526f5bd0f76dd0c,b64d51f0435e884e8de603b1655155ae,2018-06-20 02:57:06,17.99,7.39
9f699b61466717356c395dfd79ec616e,1,b1d207586fca400a2370d50a9ba1da98,1ca7077d890b907f89be8c954a02686a,2018-01-10 02:31:32,149.0,8.3
9f775377f0750b17db861c49f3bcc8d6,1,e8c6039a25765995ac7c1ec2cbef5765,3d871de0142ce09b7081e2b9d1733cb1,2018-05-24 17:17:58,29.9,18.23
9f98d6530155e3b3869f47e53834b562,1,7ab21257ee876b3897bd55046d3d81d3,b2ba3715d723d245138f291a6fe42594,2017-09-26 15:44:19,299.9,16.86
9fbb5075d54585f5a28a955a0f68b8c7,1,eb883e95b710f252cb15d0fb41d8bbe9,1025f0e2d44d7041d6cf58b6550e0bfa,2018-08-09 03:10:15,105.0,22.04
9fd4316339aa48df346fd744dc682ec9,1,ceeb4790786e93c65ce079c50c8bd6b0,2f73e04d12cdf0c945ded66bb3fcf6c7,2017-02-23 15:27:45,620.0,21.18
9fe1f3d48d5a0ba5eb84e53689b8a766,1,54e5939fcd9ae70ad0f59f612d6d29bd,48436dade18ac8b2bce089ec2a041202,2018-03-15 20:20:22,49.9,19.32
a0148d30bd60b1529214a696f8be8aea,1,9223b2f02160aacde2903cf54f396658,77530e9772f57a62c906e1c21538ab82,2017-07-24 11:30:24,99.0,18.93
a0171ff239b3463e4813e36663dac6f8,1,ae7a0b7f28e53b07d86e85f796d6e6de,827f8f69dfa529c561901c4f2e0f332f,2017-07-18 18:23:54,35.9,15.1
a0171ff239b3463e4813e36663dac6f8,2,1a57051039dca27521c83e2212042176,827f8f69dfa529c561901c4f2e0f332f,2017-07-18 18:23:54,35.9,15.1
a024d7476a847e0453984eecb8be6076,1,fbce4c4cb307679d89a3bf3d3bb353b9,c33847515fa6305ce6feb1e818569f13,2018-08-01 03:24:23,149.0,51.33
a02dc27653c8ef244fd7d8c4d5bc81f5,1,90ebb732ad20456afe8516eb5fbf75f6,bd23da7354813347129d751591d1a6e2,2018-08-06 18:50:20,299.9,34.12
a033e71a9fdc7a30404bd7a39d3ad173,1,34d94359772f0bc123b585b23014e311,bee36b4f9a2b9fdcaff6ec05df202ed0,2017-02-15 17:06:41,16.9,10.96
a045563f9a4d45a3c8669ad71edc16c7,1,e24f73b7631ee3fbb2ab700a9acaa258,0cbcee27c791afa0cdcb08587a2013a8,2018-04-04 23:10:08,115.0,23.39
a04875dac0e5be70a331df6f1abda67e,1,7a8cdb37b5d447de4dba7806a82f84d7,74c7dec0a384d8a05950e629bd23bde9,2017-10-05 17:56:13,89.9,9.19
a0aa66ea6d606142d5df626b13b033c3,1,64dad5d113076a6e59a39108fcfe1385,ba5daa4041e1f15cdf34b76e3e18a450,2018-03-07 13:15:36,23.0,7.78
a0d3b62390e72dcfd8fc6b29c1af0061,1,def080e33b38a4c756347d4665b40a7f,ba90964cff9b9e0e6f32b23b82465f7b,2018-08-17 18:43:58,299.0,13.11
a0df4863fc2e5209b03e9c603b6009ae,1,5264bb8a8395e30c0d59ac73be2c7613,2138ccb85b11a4ec1e37afbd1c8eda1f,2018-03-27 10:10:33,18.99,18.23
a11e916995a120fce0b1528d2555151b,1,c899857fb2b4a0cee39e479c1989ee3c,3d871de0142ce09b7081e2b9d1733cb1,2018-05-09 03:35:09,29.9,22.06
a19276c07c1ec9208f52e764a44acaa7,1,9e10ae46a3021a02f1692448ef9fa1db,94144541854e298c2d976cb893b81343,2017-12-06 02:26:51,34.9,15.1
a1a43def14457b1136b6fb625b7553aa,1,978859c6048ded0fa8bf3b9ea8236387,813348c996469b40f2e028d5429d3495,2018-01-07 22:37:34,15.3,8.72
a1a68e110acccf4536909795aef7dc9b,1,af35be35db4ad0dc288b571453337376,d20b021d3efdf267a402c402a48ea64b,2017-03-08 04:05:29,10.99,14.52
a1a68e110acccf4536909795aef7dc9b,2,af35be35db4ad0dc288b571453337376,d20b021d3efdf267a402c402a48ea64b,2017-03-08 04:05:29,10.99,14.52
a1ab5e252318a46e01c2429f06ce0a41,1,e5ae72c62ebfa708624f5029d609b160,e9bc59e7b60fc3063eb2290deda4cced,2017-06-29 02:30:07,61.9,16.87
a1b0f9ee69a79c509eff098467a2fbb0,1,098c663630a7a81f7d7f42a2ce0b02d7,f9d010e39375d9c91dce3f40b73a2f84,2018-03-27 20:10:30,115.0,19.41
a1b0f9ee69a79c509eff098467a2fbb0,2,5abb262996451f878f52e83d721e74dc,f9d010e39375d9c91dce3f40b73a2f84,2018-03-27 20:10:30,320.0,19.4
a1b54f30ed711d13163bfa0c07e8c847,1,7cb1e417bdc1490f948ee59caccb6e1b,6e386f64c84e482f0b9abf960797ee1b,2018-04-10 20:30:15,699.4,13.25
a1c02a2ec3f8c8cbcc331d3426ad57bb,1,bda14a918da6a4fa9168277a57d59578,6a0cbc8af2e8abd1bdfb777943d174c6,2017-08-09 16:55:10,105.9,16.37
a1ecf6ff2702a73805ca6ffa3771ab05,1,17ad136b7421ea8690fded631b651158,6560211a19b47992c3666cc44a7e94c0,2017-03-31 14:05:22,55.0,24.39
a20fd8d03db72237712932934935ab14,1,aafdd162fb3c1c192698bcee92418e37,ac3508719a1d8f5b7614b798f70af136,2018-02-05 09:09:36,39.9,16.11
a23f4025d60af6199b5eb5631b070e7f,1,1e5428c428e0f783acd6e3d94ba4ee2a,53243585a1d6dc2643021fd1853d8905,2017-12-14 16:31:19,599.0,32.47
a23f4025d60af6199b5eb5631b070e7f,2,1e5428c428e0f783acd6e3d94ba4ee2a,53243585a1d6dc2643021fd1853d8905,2017-12-14 16:31:19,599.0,32.47
a23f4025d60af6199b5eb5631b070e7f,3,1e5428c428e0f783acd6e3d94ba4ee2a,53243585a1d6dc2643021fd1853d8905,2017-12-14 16:31:19,599.0,32.47
a2456e7f02197951664897a94c87242d,1,5eb564652db742ff8f28759cd8d2652a,4e922959ae960d389249c378d1c939f5,2017-04-06 11:50:09,29.0,24.84
a24a47282e13a3896fb83d6f49403e95,1,e6407038bf83e03733094f3d6e3f92f6,c864036feaab8c1659f65ea4faebe1da,2018-07-18 02:43:53,199.9,55.48
a2719d5230c391aa396433b5cf6cc4d5,1,42a2c92a0979a949ca4ea89ec5c7b934,813348c996469b40f2e028d5429d3495,2017-11-30 20:37:41,58.9,14.13
a28afc1326ae005c8fe230354d0aee19,1,53759a2ecddad2bb87a079a1f1519f73,1f50f920176fa81dab994f9023523100,2017-11-07 09:06:23,59.9,17.67
a2a3515a501b9b77129df7bff1813e76,1,21a3fd0dcc50f6c1dbd01c2faf1db393,ad97a199236354e53fcd91a5a913e9a2,2018-01-30 19:57:27,460.0,47.68
a2cb7138f0dbd806834e29cecfa9f454,1,fe7ad3e3828f32193dfbe6359f733a8f,46dc3b2cc0980fb8ec44634e21d2718e,2018-01-10 23:11:25,159.99,27.66
a2d2af47de3679f9a5a3d9e30c46935c,1,ebad99212b472ad37b106807248d5f47,3d871de0142ce09b7081e2b9d1733cb1,2018-07-12 00:11:13,55.0,18.49
a2dd8c16ba2548569497fdc4a440b967,1,42a2c92a0979a949ca4ea89ec5c7b934,813348c996469b40f2e028d5429d3495,2017-12-19 12:50:35,58.9,14.13
a2e8f1f731b30517a6d0e1889d1c7e35,1,aef98ce647739e381bae28e004c63235,671585f5a2af58b6e276bc01003c0d2b,2018-08-17 03:10:25,40.0,13.62
a2e9aa14d517e240f6e7c7243dc1f639,1,f9b178c9fdc90bbcfbd6c6b49ed47d4c,1025f0e2d44d7041d6cf58b6550e0bfa,2018-08-20 12:44:01,70.0,57.26
a30b74313d68098f40df2741bf239601,1,f2e53dd1670f3c376518263b3f71424d,4a3ca9315b744ce9f8e9374361493884,2017-11-30 13:31:28,109.9,25.61
a31768d1614db23dfc711f738b2b774f,1,53b36df67ebb7c41585e8d54d6772e08,4869f7a5dfa277a7dca6462dcf3b52b2,2017-12-07 21:37:31,149.0,16.67
a34f7357d374e2ef18edb18881327a0e,1,43dab0384fdbf917781e1b91109bf3df,fe49ee029e61e789a1f3a5525f57ba8d,2017-12-19 16:31:00,79.9,14.31
a36a813c74f1991b48c5e3403bcebba5,1,173e9fe34bfe97f3a5e6dc57fe897b74,ba143b05f0110f0dc71ad71b4466ce92,2018-05-16 03:36:53,57.89,17.99
a37f223ddfb275821019dd70ef97b23f,1,73326828aa5efe1ba096223de496f596,d13e50eaa47b4cbe9eb81465865d8cfc,2018-08-22 14:30:15,80.9,8.73
a382cb8f8029155c37cb65eed956b494,1,69523f67543ff9ea6b1a15858fb59b3b,6560211a19b47992c3666cc44a7e94c0,2018-08-23 17:15:22,58.0,18.51
a3bb82a765bf828134959a50bdc5f8cc,1,df969ce58d2f301f941a09bc75558cd4,7a67c85e85bb2ce8582c35f2203ad736,2017-10-04 10:50:29,15.99,9.34
a3c65630607c982f54a3df86ba0ba76a,1,c3097e07a0a5de0d4b4c836d90c5a284,5656537e588803a555b8eb41f07a944b,2018-05-16 20:30:58,13.69,7.71
a3cec8fb296bfeb57c9f6265048b23ef,1,0654d3c1e3efc7e7cd9dbde9cb743df2,f918546be4bec7104d117789ba758b2b,2018-05-21 03:15:11,55.0,13.75
a3d314d074a652024b6b7ce9cf5e9275,1,f71973c922ccaab05514a36a8bc741b8,5dceca129747e92ff8ef7a997dc4f8ca,2018-01-23 17:39:22,119.9,38.47
a3d4051a7f847866e86aa7e6a7427898,1,3bf28879e1992bc098404cbf06003647,7d76b645482be4a332374e8223836592,2018-01-29 18:38:40,20.39,11.85
a3d715c13af177125a462b543a9a97f4,1,77c2aff3c37f549284828851709cedee,709e16e2b25c7474d980076c6bfc4806,2017-10-19 15:26:00,37.9,11.85
a3d715c13af177125a462b543a9a97f4,2,77c2aff3c37f549284828851709cedee,709e16e2b25c7474d980076c6bfc4806,2017-10-19 15:26:00,37.9,11.85
a3e47ceb0f0691a07708121b7a1e412c,1,35559c3265789453c74498644a9f8d6b,d66c305afaec317ebee552073a674429,2017-06-02 18:55:20,239.99,15.43
a3fe72e4a708a8e7c2d2b686d3a457ac,1,e0cf79767c5b016251fe139915c59a26,da8622b14eb17ae2831f4ac5b9dab84a,2018-01-11 17:46:57,29.9,8.11
a3fe72e4a708a8e7c2d2b686d3a457ac,2,aadff88486740e0b0ebe2be6c09476ae,da8622b14eb17ae2831f4ac5b9dab84a,2018-01-11 17:46:57,29.9,8.11
a40078ea7fe9b53ed9111085c0e9de35,1,67cb39173878fcdf21b5491230fe386b,0c7533c71df861ec58ad7ff999ed0e8d,2017-12-28 02:12:50,62.9,14.19
a409968a19f09aaa2d44cebcef64ff53,1,e84997d75938765ef99930f908ceedf4,cd6efc47efaabf134f8bdb654e10b4f1,2018-07-18 16:50:20,127.0,33.03
a42738f16ac41ee9a00fb0508283dd15,1,ae056fa650b078942afc7d9afc3199c1,620c87c171fb2a6dd6e8bb4dec959fc6,2018-04-19 08:11:53,169.9,19.07
a4277113bcf10ed364a0182042fc8155,1,573ecac44bc00133b12d7d80ed8f3fa1,994f04b3718c2bab35c2adfa8afecd2a,2018-05-10 17:10:23,44.9,23.28
a4396e55c140360b67296ee34f56752c,1,09c3a2ea33f044aebffecd6681e00133,1025f0e2d44d7041d6cf58b6550e0bfa,2018-07-31 03:55:16,40.0,23.08
a4396e55c140360b67296ee34f56752c,2,09c3a2ea33f044aebffecd6681e00133,1025f0e2d44d7041d6cf58b6550e0bfa,2018-07-31 03:55:16,40.0,23.08
a4396e55c140360b67296ee34f56752c,3,09c3a2ea33f044aebffecd6681e00133,1025f0e2d44d7041d6cf58b6550e0bfa,2018-07-31 03:55:16,40.0,23.08
a46177e85f66471bb30ef25db0461233,1,42a2c92a0979a949ca4ea89ec5c7b934,813348c996469b40f2e028d5429d3495,2018-01-29 10:53:18,58.9,17.12
a465a6d5ac23c4a20c1dd7e542352106,1,dc6217e7f9d8c15039ca95b702ce7e02,855668e0971d4dfd7bef1b6a4133b41b,2018-01-30 08:55:48,40.0,9.74
a46ca44d1b7cf49a346dbab87d2344ac,1,25d6edcd216a9ee579f19f92d694f7d5,b76dba6c951ab00dc4edf0a1aa88037e,2017-07-25 17:50:26,12.97,15.1
a4f60531f70dda57689ca2b1ede162f8,1,a703c0428c3b87676470d0432bfa8443,1ce3ae5a399804d1a87e706f8a813c3e,2018-04-10 03:09:00,69.9,19.46
a52fca56c21fd8b4564823dd3c99120c,1,f41c5473a596f099a92bd03297ab0aba,48bad451945f5227341793478d6353ea,2018-01-02 12:28:56,116.0,15.57
a531f18d52ebc430be165b4ea5a7bf5b,1,bdf87352f874c6be145c3fc27775f561,12b9676b00f60f3b700e83af21824c0e,2018-09-03 00:10:19,149.0,27.99
a53b8f28c69f039a8d9ce5c30b7367a2,1,839321c2db7b3b3eaff4944c3b052ecd,d25aa0aaacb370e912f8cf6efeba38b3,2018-07-30 11:24:30,113.89,27.75
a54a8115a2feb724778f05afb10f69e5,1,3e4176d545618ed02f382a3057de32b4,02f5837340d7eb4f653d676c7256523a,2018-01-24 19:31:07,129.99,17.16
a54dca1918f3c9eaa16ac953a5d8c9ba,1,dab2413ead0edda9967edbc9bda2a64e,ea8482cd71df3c1969d7b9473ff13abc,2018-03-21 10:50:28,29.98,12.79
a559cc2d2bc89f9eac193ae83969579e,1,2722b7e5f68e776d18fe901638034e54,3d5d0dc7073a299e31fa718ce1bc00b6,2018-07-09 16:31:18,27.9,9.13
a584b2acfafd53fc605e76baa4a5cfaf,1,12e2d17d42cd9d770771fb08675a870d,0be8ff43f22e456b4e0371b2245e4d01,2018-02-08 16:00:42,119.9,14.59
a5b16df50e965748a0f8406dd415f23c,1,437c05a395e9e47f9762e677a7068ce7,f84fa566034f5e8e880a07ec624c56af,2018-05-21 17:18:42,53.79,7.39
a5bc722e653d42e3c7e1404d4779f19d,1,6421ae053bb80dff3ceae1f217f54ed4,4eeb99008a0f59d2c7759c59f9a346eb,2018-06-22 14:30:55,930.0,21.61
a5cb0c790b2769b76dbd70429cb66d96,1,e899d44e1fbd1131a4c94b9f7bb1ff2a,725c32fa80c2faacc4fc88450d27314e,2017-12-12 14:12:29,99.98,9.51
a5d02c2843eb25d8d1be6217c7483c14,1,6d6c510f2222e168bf3b6b67e24c9535,87142160b41353c4e5fca2360caf6f92,2018-08-08 11:04:42,75.0,18.63
a5d02c2843eb25d8d1be6217c7483c14,2,6d6c510f2222e168bf3b6b67e24c9535,87142160b41353c4e5fca2360caf6f92,2018-08-08 11:04:42,75.0,18.63
a5d02c2843eb25d8d1be6217c7483c14,3,6d6c510f2222e168bf3b6b67e24c9535,87142160b41353c4e5fca2360caf6f92,2018-08-08 11:04:42,75.0,18.63
a5d02c2843eb25d8d1be6217c7483c14,4,6d6c510f2222e168bf3b6b67e24c9535,87142160b41353c4e5fca2360caf6f92,2018-08-08 11:04:42,75.0,18.63
a5e316a920122ee655d3a9fa01582514,1,7172a7870fee91850dcbcb1f4de40cfc,4a3ca9315b744ce9f8e9374361493884,2018-01-30 16:51:26,89.9,13.65
a5e316a920122ee655d3a9fa01582514,2,7172a7870fee91850dcbcb1f4de40cfc,4a3ca9315b744ce9f8e9374361493884,2018-01-30 16:51:26,89.9,13.65
a601a8f0f146d6c5689c436aaabfdbb4,1,8963eba2629ee030c4de83703c0ae020,4a3ca9315b744ce9f8e9374361493884,2017-04-25 16:22:04,199.9,17.1
a6055e208086fe169c0a0f191b43445c,1,389ccdc358e8e98aff57a6ed3e038547,99a54764c341d5dc80b4a8fac4eba3fb,2018-05-10 19:10:01,158.0,11.73
a650c3b90a4fe07df3649652c1571200,1,a8aae2d57f0b7d4b495da36a2ea21385,8bb48dc19fccaa8613b6229bf7f452a2,2017-12-12 07:53:29,105.6,17.45
a650c714762d0184be820c5e311c8d96,1,945d5b64caf3027a69078cd3254657a7,93b9a99027bd8bd6af682aff18dd19bf,2018-08-14 06:45:07,80.0,9.31
a65b4ca3851f2b54790d82614f404348,1,736f1b87428f9cfe5f5184c4ac0fbe05,1dc2de47ee26a0a5b12dc14fd6dc0dea,2018-02-28 02:08:50,55.9,16.02
a6840c3c8bb056af9cce2e2ea459769a,1,f76a9967d2129cda56d7b3be6cb5c9cf,ea8482cd71df3c1969d7b9473ff13abc,2018-03-15 02:30:21,39.9,12.79
a698966a44dec5eb80ac9c132b5d2a53,1,cfd414b4463647f58c7775eaae06893d,f8db351d8c4c4c22c6835c19a46f01b0,2018-07-30 23:05:18,79.9,18.66
a69a40da9add4ab2edf07d939ebfb7df,1,11fd9d7ba552e1d28872e008acf1e050,cb8bcce248bb1fb274ba762d8b971456,2017-06-23 13:10:11,139.9,26.26
a6cf11644446a2f66b35c06a3b61917a,1,2122804f6d118ffec73266ebf35e85d4,6aa3928696eab49a19a466e665a649fd,2018-04-18 15:55:15,70.0,15.37
a6d306fdfa4582a936be85949cf98a50,1,61e8bddb5e00dffe8bfbf972cf3fdf18,3f3486b61f45078d4f31ee5e43d8c5bb,2018-08-21 10:50:34,99.99,23.5
a6ecc5068e6e585b2dca3e496ba4b277,1,0e2d365a247d105fefc31b17ab8706d9,289cdb325fb7e7f891c38608bf9e0962,2018-07-17 14:50:16,132.2,19.03
a72251c0fe5a71feaa94ae55c2257e0d,1,2ff995aead9c63a1f37a07b3664ead37,8b9d6eec4a7eb7d0f9d579ce0b38324d,2018-05-18 00:14:30,89.0,68.55
a72cf1dee03a23942590dff282e7182f,1,62c89abe1afe3a23c17765d462718a4c,fe2032dab1a61af8794248c8196565c9,2017-10-16 09:37:58,259.0,11.03
a72ddc1e569249752806276ac7ad97b8,1,9d29a021677d35a6b84c543bbdbcf120,d32e3909cfb714fb2a6cb092c85b9c5f,2018-02-18 23:15:29,74.9,18.09
a7423cff9cc4cf6f1d6b749fd95d2aa1,1,9324d11d98d73e980e13fbd30569e9e4,5cf13accae3222c70a9cac40818ae839,2018-03-08 02:10:37,99.9,16.46
a7664a67c4bc3ba9f5ea7d49cc369034,1,0c877471e35049402bca235e06cb8063,dd7ddc04e1b6c2c614352b383efe2d36,2017-08-10 16:50:16,84.9,25.43
a769126f033474696dd593d143b450d4,1,1aaf80d4afeb6d8636711e75d02f1a7e,080102cd0a76b09e0dcf55fcacc60e05,2017-11-30 02:31:38,39.99,16.79
a77843f2d4f89986e65fc1a4c1c0957a,1,54a3b009ede4097eff76990e0fa8553c,c3867b4666c7d76867627c2f7fb22e21,2018-03-23 18:31:25,159.9,15.21
a7931d1356ebfaff87f69f952ff58208,1,1a96bfd3ef9221f2775d1eccd98a7f17,f8db351d8c4c4c22c6835c19a46f01b0,2018-08-23 22:30:12,22.9,7.42
a7931d1356ebfaff87f69f952ff58208,2,1a96bfd3ef9221f2775d1eccd98a7f17,f8db351d8c4c4c22c6835c19a46f01b0,2018-08-23 22:30:12,22.9,7.42
a7931d1356ebfaff87f69f952ff58208,3,1a96bfd3ef9221f2775d1eccd98a7f17,f8db351d8c4c4c22c6835c19a46f01b0,2018-08-23 22:30:12,22.9,7.42
a7a6f07430f4582429b12cd0c2bcfd3e,1,c6ea63369936552872ae890c82175b4b,37be5a7c751166fbc5f8ccba4119e043,2017-09-15 13:44:06,189.9,14.93
a7b3d11d05a59e62a799d50ad789abe7,1,2a88b20e4ce366edc5efac1c5764d808,abc015ebac1d283a323ca9db35ede4b9,2017-03-30 20:42:30,54.0,14.55
a7c0c5a345bb63d37fc8aafab1f86a4d,1,266cb817d01b77ace5dc383d8cfd0540,da8622b14eb17ae2831f4ac5b9dab84a,2017-02-26 06:45:01,199.9,17.43
a7c0c5a345bb63d37fc8aafab1f86a4d,2,081d21aa3dc9b583104a15fc4dfd1160,da8622b14eb17ae2831f4ac5b9dab84a,2017-02-26 06:45:01,129.9,15.1
a7ccc4df2d363b2ba9037d1ef834a250,1,e0d64dcfaa3b6db5c54ca298ae101d05,4869f7a5dfa277a7dca6462dcf3b52b2,2018-02-26 23:07:41,165.0,16.78
a7d73128b7dc2644c342e7495ebe8e3f,1,f819f0c84a64f02d3a5606ca95edd272,7d13fca15225358621be4086e1eb0964,2018-04-11 16:11:03,600.0,22.08
a7dfdfebf93719bd1ad61e569a852c31,1,7a38e463ce92bd8ee8449bde3f9ab398,7c67e1448b00f6e969d365cea6b010ab,2018-05-14 03:15:32,179.9,49.12
a8097c0d6367263ed08ac7fa6b864235,1,c075b8e131353552218860f1c421e4ef,f80edd2c5aaa505cc4b0a3b219abf4b8,2017-04-25 03:45:48,48.9,26.82
a809c12014a1497839f797359c3f6d3e,1,8934769521d632e65c27992662f05673,cb8bcce248bb1fb274ba762d8b971456,2017-12-07 23:54:01,149.9,26.33
a81be81673bee4a384c6b5468a606478,1,f819f0c84a64f02d3a5606ca95edd272,4869f7a5dfa277a7dca6462dcf3b52b2,2017-11-13 21:55:36,689.0,22.07
a85b39b522ebdc78718abeca337444a5,1,6a1c65dbbecc1ece8c22856122a774ac,1025f0e2d44d7041d6cf58b6550e0bfa,2018-07-02 14:30:48,230.0,26.59
a85c1538df5701aa9a7c6cc423bd80f4,1,d1c427060a0f73f6b889a5c7c61f2ac4,a1043bafd471dff536d0c462352beb48,2018-08-09 17:10:23,119.99,44.64
a85c8521d3ad60bf120cbacb00e099ce,1,f1b1c272713f21efd25aec03865dffe3,ccf8813e5a7d6c84d865cd38bfc2b130,2018-06-18 13:01:20,120.0,14.42
a8913a7a82fc8acaeb44c6e9909944e0,1,3193a48de17d955edc655009bfd530e3,80f2cf9abf6b5a0e5c612b5eea6646e6,2018-05-17 16:31:09,178.5,96.9
a8b6cffc34d25d7c6dea874c364232f6,1,d6aa421b9567e3e2a3a0caf8fb846cbc,99a54764c341d5dc80b4a8fac4eba3fb,2018-07-27 10:01:01,41.8,22.11
a8b78b69f09b2a198f5a89c1897f8c72,1,e3c816666a7d2a1e7fbf02651e550b78,afac9f6b0c4e5f0a7ee87e922cd0f873,2018-02-26 16:27:23,20.99,11.85
a8c73a48c9615d63b8ac5254472e9c42,1,9749139e09929de55d37e68e64b89706,cbd996ad3c1b7dc71fd0e5f5df9087e2,2018-02-09 16:29:51,59.7,15.17
a8d2e3eaad4ea714202c0dd853cca757,1,741158fada4f10d804c017c381d6925e,cca3071e3e9bb7d12640c9fbe2301306,2017-04-11 14:42:26,274.9,95.9
a9083ea133304692d6ef21706d3a7df6,1,d1c427060a0f73f6b889a5c7c61f2ac4,a1043bafd471dff536d0c462352beb48,2017-04-27 13:30:15,139.99,33.26
a916a97323dee3f33707e4a752c22c9e,1,72172e982e8b92155069e4201c92c0bb,e9779976487b77c6d4ac45f75ec7afe9,2017-07-07 09:35:21,29.49,9.27
a916ef54d66196808d8852471ef39edf,1,5e53af05c040b01584b81b3549945faf,c8467937e403e76a8ee9f0ab13f6f5ef,2018-01-31 02:57:47,29.9,14.08
a92c76269cd2be64008c82c84d6e5d48,1,7b1c12cfed7333cdc1dc8e4a20752613,f8e2c1b59cd4225a3e4fd0d013a76b93,2017-09-13 10:30:22,89.9,16.39
a92c76269cd2be64008c82c84d6e5d48,2,7b1c12cfed7333cdc1dc8e4a20752613,f8e2c1b59cd4225a3e4fd0d013a76b93,2017-09-13 10:30:22,89.9,16.39
a92e6290657082950fa4ebb6fe8141a6,1,2b4609f8948be18874494203496bc318,cc419e0650a3c5ba77189a1882b7556a,2018-05-22 16:30:10,79.99,10.36
a9383c949571ed7784f4bc07275752e9,1,19c91ef95d509ea33eda93495c4d3481,06a2c3af7b3aee5d69171b0e14f0ee87,2018-04-03 17:27:54,110.99,62.81
a967b2911a10315ea9e93191515fad0c,1,6c3effec7c8ddba466d4f03f982c7aa3,37515688008a7a40ac93e3b2e4ab203f,2018-01-19 09:55:29,27.9,11.85
b2aadb128e84058f8ff560dbe7466c1c,1,fe9dfbe7f974621789683b7b78be2a16,900ba814c251a692506d7834c1218441,2018-03-15 03:50:43,326.16,18.17
b324f4270850cbba23533b9a9d3434a9,1,1121a43969b79e65010c2a5cdd0dcb6c,febab0275244b9a49a623f0bd613ca2f,2018-04-05 03:27:28,117.8,41.3
b32669c7ee374ba5372e0824e5ec560c,1,4ba501db540524d84cc382bb041ac508,44073f8b7e41514de3b7815dd0237f4f,2018-01-16 10:32:53,189.0,16.76
b32b3375c9aee9e103b0c8ef64af9087,1,3505d914958a72baa40d2b1e0c56cd29,891071be6ba827b591264c90c2ae8a63,2017-11-30 14:37:09,19.99,7.78
b32d933cbb60baceeffff29dad694641,1,74abe2be0a975b4af328f6e69f8a5ea1,05ca864204d09595ae591b93ea9cf93d,2018-08-23 03:35:10,179.9,8.52
b3523c5c1899c917f8d8c7ba39cb5571,1,1a6706786a1ae8f9e6e4e36a3bed68ed,00ee68308b45bc5e2660cd833c3f81cc,2018-05-18 05:54:51,79.0,8.32
b39b424d0d3ee3397614f97926ed63b6,1,9a53219f889aa616af7f732ed9aa3fad,79ebd9a61bac3eaf882805ed4ecfa12a,2018-08-13 11:44:07,134.9,38.99
b3abe697965039908d3203cd063a2ce6,1,8b50a72d52d7a91fb19d19fbe069e2f2,9f505651f4a6abe901a56cdc21508025,2018-08-02 15:31:41,49.99,7.61
b3c2fc7374cd5dbb27c84f1a0315594d,1,66b7fa94628214c463164097cfbadb7c,c33847515fa6305ce6feb1e818569f13,2018-07-09 22:31:13,79.0,23.35
b3e7ea02bc00558f1ee99a2927181b4e,1,b89aa9d4a130c4556741ebc4a93d8844,8f2ce03f928b567e3d56181ae20ae952,2018-08-08 22:15:24,99.9,17.83
b409363b150c3fc8fe6dddae1bceb1d3,1,cd48f265a63e13b762601f5f794c5fca,9b013e03b2ab786505a1d3b5c0756754,2018-04-10 10:29:24,43.0,12.79
b41f51ebf23530b00f69e5602f81a653,1,b38b25d838ae0b8385e8cc68b9017644,fad44952713764836814be105382aee5,2018-02-19 00:35:33,180.0,15.01
b489f7ae130ba3fd26b0a20f8cc81c61,1,e673e90efa65a5409ff4196c038bb5af,b39d7fe263ef469605dbb32608aee0af,2018-08-22 20:49:57,129.9,23.71
b4afb7b9e849ab4cdaa2bf9994ab7829,1,cfd414b4463647f58c7775eaae06893d,f8db351d8c4c4c22c6835c19a46f01b0,2018-07-04 22:35:17,79.9,9.25
b4e381786201d38ab725a174f011ddb2,1,8f8cb7e4a7f16d339f87f8aa2711a003,850f4f8af5ea87287ac68de36e29107f,2017-12-07 20:57:22,79.9,9.37
b4eed0937529c145938bdfcb03ed14d2,1,8ec49c92046701e29cd13082ae8034eb,ebd2d60905fb58271facef5596b620d3,2017-11-09 01:35:27,169.0,17.89
b503b740e8fd1459f15b442444b2d4ee,1,b046862b2553fe4962392cdc93a2ae93,b1a81260566c1bac3114a6d124413f27,2018-05-16 09:31:04,189.9,20.3
b51636cb252c5b72813e83843f8f73d4,1,91072b0e0e5d60ea13524c273da16106,8b321bb669392f5163d04c59e235e066,2018-03-15 20:31:34,8.9,7.39
b516aaa690f572fbb0bcd7159d394115,1,334995514673fb6bae67885458b52984,53e4c6e0f4312d4d2107a8c9cddf45cd,2017-12-06 15:14:07,15.55,15.11
b519435b8a999cbefb70936aed23af56,1,061c050147b7b9fb6f088593900e8dc6,d98eec89afa3380e14463da2aabaea72,2017-05-31 23:30:14,19.99,12.48
b52312202c9a950b9054cb94fd040440,1,d3c044bd42d84a79e3b0c42662806a48,4c2b230173bb36f9b240f2b8ac11786e,2017-10-05 02:14:41,25.9,14.1
b525cb89f39363a599eef15755cf73dd,1,f71645f75bd8cf99682825bf079b8a6e,ebd2d60905fb58271facef5596b620d3,2017-10-24 03:27:05,59.9,17.67
b5292e949af082478a408f61a52eac5b,1,c41394a593b75e8e4f3d1fb5e93e151e,87b740daf17b5d1be335a64164ec6842,2017-04-27 18:42:40,999.99,97.95
b539f51f7cf6a9c1a871d2bb898cdd27,1,e55ed19897a6692649240b894020d683,082e0bf4cb865a6533b1e8e498cc0255,2018-08-20 18:10:29,48.0,77.42
b54e7e86152b2e409b6cc7080eddc990,1,9163c7e81fd68452472912c4cde810aa,b499c00f28f4b7069ff6550af8c1348a,2018-03-22 16:05:32,34.99,9.26
b58cbfb87064005d62cb9fccbc720966,1,a5341e3f8155dbb3e62323d3ea289729,ff063b022a9a0aab91bad2c9088760b7,2017-04-20 12:33:28,79.5,20.64
b5968d622fd956659480afc3320a104e,1,54d9ac713e253fa1fae9c8003b011c2a,955fee9216a65b617aa5c0531780ce60,2018-01-16 21:13:26,29.5,15.98
b5a892962efd7d07db86cf0eee45fdff,1,d2c7a1e57b8f3e74095798f867334b36,6560211a19b47992c3666cc44a7e94c0,2018-07-13 03:55:21,49.0,15.44
b5ba129c3461e787bf826b827b5a03ab,1,5fc604f5f76a23b94565f06a830fa835,cee48807215b30a12ca2ca10ffb5f250,2017-10-26 13:14:51,111.9,15.53
b5e1bf00261a7bbaddb0c3a06e63f039,1,9047a9fe0b7e4175af012bfa793890cd,e96498ed8daaa3e9c23f7a62da76591c,2018-03-15 09:10:25,199.99,19.28
b62c9d7c54bcbba4952040001348e00c,1,43423cdffde7fda63d0414ed38c11a73,b1fc4f64df5a0e8b6913ab38803c57a9,2018-04-19 15:31:32,87.67,14.4
b63262d64190314592077ae012a3e049,1,e5ea77a1575b40961598bca64f081976,4a3ca9315b744ce9f8e9374361493884,2018-08-14 15:04:28,99.9,23.5
b63d14d5b4f36c400c5a897287b48a1e,1,032e8352e7d34cc2558d4ae22132866c,5a9b3bcab695173c820e53934574ae80,2018-08-02 15:05:11,139.0,64.77
b650d7403dcbd0ea65de939ef388e69a,1,134a6fc4a713a799266ebd6a4f4008d4,08633c14ef2db992c11f840f04fad4cd,2018-05-08 16:18:52,39.9,15.23
b653d11a2d36e5f0ef423e03e28e7682,1,b11f3f1a834f8df4ca743db95563670b,296729ffb9b684050dd24836dac4494a,2018-08-09 04:23:58,59.0,18.51
b65a9099b9f6617410e0f5fb0b9e1fdc,1,7e0dc102074f8285580c9777f79c90cf,e26901d5ab434ce92fd9b5c256820a4e,2017-03-20 19:12:19,34.9,10.96
b6718d42f2393bde8ae9b32034d0384c,1,c7fd13b5e515bffdab855d0812842edb,1025f0e2d44d7041d6cf58b6550e0bfa,2017-09-11 12:05:40,78.0,12.89
b6718d42f2393bde8ae9b32034d0384c,2,c7fd13b5e515bffdab855d0812842edb,1025f0e2d44d7041d6cf58b6550e0bfa,2017-09-11 12:05:40,78.0,12.89
b68158eed8887928a1dea62a3d9fc407,1,cd974e9271f5d14639a1af02929a8be2,5a93f3ab0ef4c84ed5e1b5dbf23978bc,2018-02-23 01:49:30,116.91,34.62
b68c27cf94ce13113c69bd86e640c41f,1,368c6c730842d78016ad823897a372db,1f50f920176fa81dab994f9023523100,2017-11-05 22:44:58,59.9,13.44
b68c27cf94ce13113c69bd86e640c41f,2,368c6c730842d78016ad823897a372db,1f50f920176fa81dab994f9023523100,2017-11-05 22:44:58,59.9,13.44
b68f6efd1214a39bd3f44cf6e6ed42d8,1,5926c58c462b5d1f932ef3f0a9e37d41,c64a2aec32cc408a8a4c6d7c46017f91,2018-02-26 14:08:25,386.75,31.75
b68feda578fe41870ba7a14082ce03fa,1,72a137b85d5a1d82cde242493f118f43,ce27a3cc3c8cc1ea79d11e561e9bebb6,2017-04-11 07:30:07,32.29,8.72
b68feda578fe41870ba7a14082ce03fa,2,72a137b85d5a1d82cde242493f118f43,ce27a3cc3c8cc1ea79d11e561e9bebb6,2017-04-11 07:30:07,32.29,8.72
b69113e2cb7e946f2aca03d4eab65c0f,1,e5eadf9be70a4a9fa514019542fc330a,4559697a8f7e637227c2eeaed843baff,2018-03-13 16:15:43,69.9,23.07
b6940503a9b26d72b8b41ae29a88e0d1,1,16c4e87b98a9370a9cbc3a4658a3f45b,d23019c84ffae2d5ef2270367b8605fc,2018-05-17 14:58:20,1899.0,135.31
b6ada13d6a3410de57d6f0268420de95,1,c1f5307decb89342351bec53668cffd9,ea8482cd71df3c1969d7b9473ff13abc,2017-12-11 09:21:59,29.99,7.78
b6b01d3d01c6df1ff950084e0f9ec7f4,1,74e5e7c0ad09d8fec4d30c75a70a7799,3db66a856d18a9cba7c9241fc5221c50,2017-08-01 02:15:13,69.9,14.22
b6ec449b625527c7375b5d1801d19818,1,3b31b57a9cdf87158977c3188a8dfa5a,fe2032dab1a61af8794248c8196565c9,2018-04-09 21:49:38,329.9,21.28
b7052b027c0d0f9034f466378c59248d,1,0b3a130c2e54aecf33e3e1955fbeeb00,e3a386fc36e22064434e1fa256f6a9fa,2018-06-12 10:57:56,39.9,8.29
b7063c39fd3396dd0ad64052b0825513,1,813a30050677eb6996e12eea9ad400bf,01fdefa7697d26ad920e9e0346d4bd1b,2017-11-29 19:14:00,439.0,33.41
b7137352bdf2d8985750a6b13d49b2d4,1,4520766ec412348b8d4caa5e8a18c464,16090f2ca825584b5a147ab24aa30c86,2017-07-20 16:30:19,42.0,15.1
b7261927790781e114d3a12f39ef44c0,1,0d85c435fd60b277ffb9e9b0f88f927a,f457c46070d02cadd8a68551231220dd,2018-03-23 11:30:57,72.0,13.62
b7261927790781e114d3a12f39ef44c0,2,0d85c435fd60b277ffb9e9b0f88f927a,f457c46070d02cadd8a68551231220dd,2018-03-23 11:30:57,72.0,13.62
b7261927790781e114d3a12f39ef44c0,3,0d85c435fd60b277ffb9e9b0f88f927a,f457c46070d02cadd8a68551231220dd,2018-03-23 11:30:57,72.0,13.62
b72bd7bf1e84a4cde235a7ffcc7542ca,1,821f6f2b173248cc704e369c94228008,6ec1a01e866584bb679eb9b098345919,2018-06-14 21:55:21,420.0,85.27
b73441a4e7a49b06d7219c969e5af0ef,1,525cba66c6af7c9570d9dae3742cdb89,272f092de69afedd4d2969440b37f18f,2017-09-14 12:35:12,40.0,14.1
b73441a4e7a49b06d7219c969e5af0ef,2,525cba66c6af7c9570d9dae3742cdb89,272f092de69afedd4d2969440b37f18f,2017-09-14 12:35:12,40.0,14.1
b7379296b019454685a1d8bbd412f36a,1,18209df52bc87a69b84db4df602397c1,bc302730ea8cf49b5c74f579febb5bbf,2017-10-02 09:04:28,479.99,66.04
b75531d67f9616e9012cea103a187c8c,1,0e87ff05afa3ddd73b7920ff4587e0a4,12b9676b00f60f3b700e83af21824c0e,2017-03-20 22:23:29,238.0,28.14
b75900fba7c6652e3dc7b6ad4160fee1,1,be3e31f416559f351eff764e3cef806a,78c99c6dff4eeae5be99bf635ed21e3f,2017-08-24 02:35:25,5.99,11.85
b75900fba7c6652e3dc7b6ad4160fee1,2,be3e31f416559f351eff764e3cef806a,78c99c6dff4eeae5be99bf635ed21e3f,2017-08-24 02:35:25,5.99,11.85
b75ec2d4ba9e40634c65c4b6be946b6c,1,73654d559ec8c7b46ae0c6419cd59072,e5cbe890e679490127e9a390b46bbd20,2018-08-22 14:53:37,579.0,19.15
b760ac65b36c9bbc913c2dd94131faf3,1,52d6f0dc99f96ca1d2ddbb64146f11b0,2e1c9f22be269ef4643f826c9e650a52,2017-12-08 16:24:28,79.49,12.06
b7c08284b115aea29927fb5c60c35ee3,1,47cd48073d67f91f09cb5ef9496c920b,33a6f4b1e7cdc205511e76ba1b6e0186,2018-02-05 18:13:25,77.99,12.05
b7c32368213b1b75d2c42299f97dd088,1,6df3e292ba834323d4d8164d4c88e698,7a67c85e85bb2ce8582c35f2203ad736,2018-04-09 15:09:19,15.99,11.15
b7d49ac93afe42c4d1c6db6c1301b6d5,1,143c616ec3fe0cb065c3805cf9bd812e,b18871c324516afa228a13e8f1ef0ae9,2018-04-25 22:11:43,26.9,7.39
b7d49ac93afe42c4d1c6db6c1301b6d5,2,143c616ec3fe0cb065c3805cf9bd812e,b18871c324516afa228a13e8f1ef0ae9,2018-04-25 22:11:43,26.9,7.39
b7d49ac93afe42c4d1c6db6c1301b6d5,3,143c616ec3fe0cb065c3805cf9bd812e,b18871c324516afa228a13e8f1ef0ae9,2018-04-25 22:11:43,26.9,7.39
b7d49ac93afe42c4d1c6db6c1301b6d5,4,143c616ec3fe0cb065c3805cf9bd812e,b18871c324516afa228a13e8f1ef0ae9,2018-04-25 22:11:43,26.9,7.39
b7d49ac93afe42c4d1c6db6c1301b6d5,5,143c616ec3fe0cb065c3805cf9bd812e,b18871c324516afa228a13e8f1ef0ae9,2018-04-25 22:11:43,26.9,7.39
b7d49ac93afe42c4d1c6db6c1301b6d5,6,143c616ec3fe0cb065c3805cf9bd812e,b18871c324516afa228a13e8f1ef0ae9,2018-04-25 22:11:43,26.9,7.39
b7ee003a15e0771e300ba4fa565c1cde,1,99a4788cb24856965c36a24e339b6058,4a3ca9315b744ce9f8e9374361493884,2017-06-12 22:45:14,89.9,13.65
b80185240ef710443ca7ea53cb1cbce1,1,49cd59957f1c81427ca0b2edf5696969,d98eec89afa3380e14463da2aabaea72,2017-12-18 03:38:28,49.99,16.92
b80a30ad4fad5c35fbc7904d46cb25e6,1,b973581b7ad538c460edbf9378b173ad,7315baebc0572ff220d226283dc66728,2017-07-04 10:05:25,23.9,11.85
b826c69bf943ea295e515a1078f76086,1,bd6e6fce9ada76ea2db0f1912e8e478f,1835b56ce799e6a4dc4eddc053f04066,2018-07-26 02:44:52,56.99,19.59
b844269f8f77813365bde577805911f1,1,2b4609f8948be18874494203496bc318,cc419e0650a3c5ba77189a1882b7556a,2018-04-30 03:32:10,79.99,18.17
b86315db97d202038cd115a7785eb2c4,1,e8316a4667e5870c85e906b1f062bde1,7c67e1448b00f6e969d365cea6b010ab,2017-11-30 12:35:30,78.99,18.27
b8827e3fbdce70200068de321b62f11c,1,fcbb2b8c6eb8c27d15790d9834b253b4,77530e9772f57a62c906e1c21538ab82,2018-05-15 07:09:43,49.0,15.23
b8827e3fbdce70200068de321b62f11c,2,fcbb2b8c6eb8c27d15790d9834b253b4,77530e9772f57a62c906e1c21538ab82,2018-05-15 07:09:43,49.0,15.23
b8831de8421ce05d880cb13b8610f9c3,1,afa29d87f14911e7ddf199438b208e37,17a053fcb14bd219540cbde0df490be0,2018-08-17 15:10:22,219.9,33.33
b8831de8421ce05d880cb13b8610f9c3,2,afa29d87f14911e7ddf199438b208e37,17a053fcb14bd219540cbde0df490be0,2018-08-17 15:10:22,219.9,33.33
b88684db7b8ebb92f476c54dbdf76913,1,1e5748190b56004a34ec795670bffe4d,d12c926d74ceff0a90a21184466ce161,2017-04-04 11:55:16,119.9,14.6
b89a164ebd4447db59b194c2b4fc90fc,1,b2e22c958b453a43a650a579dcac2e43,7e93a43ef30c4f03f38b393420bc753a,2017-09-28 20:04:09,399.99,11.61
b89fe4be84bbe9ccae46504cda83162f,1,386486367c1f9d4f587a8864ccb6902b,cca3071e3e9bb7d12640c9fbe2301306,2017-06-29 00:35:26,119.9,18.09
b8a939e0425262884b50cbd95032f71b,1,46670e03948d0e1c2273c88899f27cc7,17e34d8224d27a541263c4c64b11a56b,2017-10-04 17:25:16,269.73,17.65
b8db7d2782799267ee683bb2afa7f26f,1,9a803c36a15de3fd981f42c0e4cabdea,c3cfdc648177fdbbbb35635a37472c53,2017-12-17 22:52:36,148.9,22.91
b8fe1ee18bb4fc8242cafbc4d3edb987,1,31639956e7fac87ecfd9d608040638bd,aac29b1b99776be73c3049939652091d,2017-10-12 21:14:12,70.9,26.82
b92773553b06cfc1042db69dc1a5b70b,1,99a4788cb24856965c36a24e339b6058,4a3ca9315b744ce9f8e9374361493884,2017-07-13 10:30:06,89.9,15.38
b9375e83d0e27c4aae45c4c1c7c121fd,1,c6dd917a0be2a704582055949915ab32,7a67c85e85bb2ce8582c35f2203ad736,2017-04-17 15:30:09,99.99,17.54
b95cae4001dc3efdaa739478cf9c92e4,1,d011223de539cd224b5c5c8082313d46,1025f0e2d44d7041d6cf58b6550e0bfa,2018-05-28 02:38:41,196.8,29.92
b97ca4dfeb3b285bbbd1e7a528beba92,1,3e03619d360cd44f29e094aae3c4a76b,50c9975695009e5e6473912e83a6d1da,2018-05-24 02:54:26,47.25,23.12
b99b9205eafc5fa75cfce1be7d1d9bff,1,9dfba8dfc02d7b0a915625e28ca316ba,dd7ddc04e1b6c2c614352b383efe2d36,2018-04-12 09:30:21,45.0,13.69
b99b9205eafc5fa75cfce1be7d1d9bff,2,9644a7af60743efbb41bd30c624799c5,3f9be91358837bff69df67edfa3e42e8,2018-04-12 09:30:21,129.9,12.45
b99f2ac35db6241badc2e0a4d74e79a7,1,53efd9ce31847b93ddaad249b879b88c,440dd6ab244315c632130ecfb63827b1,2017-07-19 13:30:28,97.5,29.08
b9c43f56d5318f81019ea0687d34a9ac,1,e87ed1eba20ee630499eb23fcfb5c5fa,013900e863eace745d3ec7614cab5b1a,2018-02-13 09:31:33,87.5,17.18
b9c7e6ae0060bbf1898ea61f765ca121,1,a42d9c825894f96fc6ed02610891454d,4d6d651bd7684af3fffabd5f08d12e5a,2017-07-06 21:30:16,69.9,16.12
b9e02f2f3a6648709578cdd17f31976d,1,6dceb64b44142aeb9fe7397dfefae705,6a8b085f816a1f75f92dbac6eb545f8f,2018-02-05 15:10:55,16.9,11.85
b9e60cfd587e2b40cf959a04023247a8,1,dd6a505f83dd3c6326aa9856519e0978,fa40cc5b934574b62717c68f3d678b6d,2018-02-08 13:30:41,49.9,11.85
b9ea5c162239db0802dc052780f572c9,1,9b9d1c4bd979b93c138044e032f99780,7a67c85e85bb2ce8582c35f2203ad736,2017-07-25 13:55:15,99.99,16.95
b9fdbff1d403555f4d184966b1ac398e,1,43b54d1fc56ff394092a3dff6be2d39f,c70c1b0d8ca86052f45a432a38b73958,2018-08-06 10:00:10,110.32,8.03
ba21f24f06b977e43ce37b317a6974f6,1,fb783e3e545937820b57fe539b2c5a6c,da8622b14eb17ae2831f4ac5b9dab84a,2017-09-21 10:15:22,99.9,13.72
ba65d70e8d6eebcfd0cb5d88c2497383,1,06edb72f1e0c64b14c5b79353f7abea3,391fc6631aebcf3004804e51b40bcf1e,2018-02-19 06:55:34,39.99,11.85
ba6ef427eddcdf12922391f524c053aa,1,36e5949d5ebec0e432fa58f5f3e65a54,dbb9b48c841a0e39e21f98e1a6b2ec3e,2017-02-14 15:27:02,39.9,10.96
ba6fe5e92a31200b06b69c99171eacf8,1,c4a235a34fa3361e6746f11175504a94,10264f60a8f0a4d2f30810f5c661c673,2018-06-25 21:31:39,74.9,7.78
ba905c53634f259fa5738c7307a0d092,1,8e1446d14972eb9ba34dd6273315f419,8b28d096634035667e8263d57ba3368c,2017-12-29 02:15:38,39.99,11.85
ba9626798f8c12e1f020a6d8e40b9a45,1,aef98ce647739e381bae28e004c63235,671585f5a2af58b6e276bc01003c0d2b,2018-08-01 21:44:11,40.0,17.21
baac0911f2a4d722ae9402a45b7e995f,1,921d31a1daa51460b7a95ea5f3ab64d5,0df3984f9dfb3d49ac6366acbd3bbb85,2018-05-23 17:15:24,94.88,22.37
babf3827fed8e4f27b7d8a680af07e43,1,b5e13c9a353102f79c6206ff5cb61a50,a49928bcdf77c55c6d6e05e09a9b4ca5,2017-11-03 12:55:22,89.9,17.88
baed56f3eda9223b74c6cf175f05678e,1,e145fe0be63a7cfdb3b2d57c6769cec1,d91fb3b7d041e83b64a00a3edfb37e4f,2018-03-29 02:15:31,27.5,22.06
bafb40f7e8faf993b7d5da5114f4bd56,1,007c63ae4b346920756b5adcad8095de,53e4c6e0f4312d4d2107a8c9cddf45cd,2017-06-07 19:02:50,79.99,12.26
bb2481cfc7467d4d8ee14699270dd7e8,1,e20be15ef3888b958c8a76a2f0edfc25,91f848e9f4be368f4318775aac733370,2017-06-21 11:23:15,34.99,11.85
bb39cd2f2f58e93ae10568be5cad1b58,1,21a6e49e01d1ee93aadbd8cdf776308f,7e93a43ef30c4f03f38b393420bc753a,2018-01-09 23:23:12,179.99,8.51
bb4bfc8351c7a9340b9fadd09e26be8d,1,eb973cc4544c2ff1016bcaf981ca1f18,f8db351d8c4c4c22c6835c19a46f01b0,2018-07-16 10:26:05,34.9,9.55
bb6f77e22d300a3c74436c9ea8925945,1,4293865e4ead3d446609086b4cfedb4f,da8622b14eb17ae2831f4ac5b9dab84a,2017-12-28 02:11:55,119.9,29.24
bb931b0509f3198e76b0e87ef16db694,1,313f8ed3413f949a1c0eb1cd6495ae5d,7ad32824caee82087b3e2e5f33b1bf32,2018-08-16 04:05:13,109.0,21.4
bb98ebf4863602704a934e547ca8fbee,1,05a9dadb8402b6b7ae3dd28f7da187b5,522620dcb18a6b31cd7bdf73665113a9,2018-02-23 15:45:36,149.0,25.88
bba5d3c45d232d36995ca63ee0232d7c,1,842f7a72bf72f369c31ba9ff37fb1552,c3867b4666c7d76867627c2f7fb22e21,2017-12-22 13:29:32,105.9,17.99
bbb149f610cf770685fa5169b6e9a48d,1,a2da86fa759178e9e58e54aa1a144e59,ea8482cd71df3c1969d7b9473ff13abc,2018-05-24 14:59:36,24.99,7.39
bbbaa059721d8a17be92ed10c61d2a59,1,06c38a87544301cba8b0fb5a0796383d,dd533b429f380718b70ad9922c294bae,2017-06-14 23:10:10,52.9,20.86
bbf8379df25b807eb1dabc84d060f8a2,1,99e6f14f74a00605ad9cfe8c4bb29385,850913d59ce317156b00f3705f1c3edb,2018-04-09 14:09:54,155.0,18.97
bc0feb6a96ad7552648f4183cb6ecb63,1,c7b3cf9de7be95b3e09e7a63315685eb,5dceca129747e92ff8ef7a997dc4f8ca,2017-02-27 10:06:46,79.9,22.85
bc21fd56e19626007f06da1b7f7b6c39,1,e85cdca8790ea0026ddf7316f469608a,5058e8c1e82653974541e83690655b4a,2017-11-16 21:30:55,45.99,7.78
bc238a82710ad46b0977e570ab085926,1,5fcdc30ee64ffa6bcecc39887915109f,5c243662ce92d84573bfaff24c3e3700,2018-02-14 23:27:48,106.9,21.55
bc4bfcffb1b6e4942fa9e911883e6c98,1,5a419dbf24a8c9718fe522b81c69f61a,e26901d5ab434ce92fd9b5c256820a4e,2017-05-25 10:55:14,49.9,11.85
bc549579fe8b9728bac120abd8c20174,1,89321f94e35fc6d7903d36f74e351d40,16090f2ca825584b5a147ab24aa30c86,2018-05-14 03:31:30,27.9,7.87
bc76bb0ff492abd2cfc722349f3d62a2,1,fb7a100ec8c7b34f60cec22b1a9a10e0,d98eec89afa3380e14463da2aabaea72,2017-10-17 15:29:52,49.99,14.1
bc9fdcff8d8146b6f6c58c294f047b3b,1,422879e10f46682990de24d770e7f83d,1f50f920176fa81dab994f9023523100,2018-05-07 10:55:07,53.9,0.0
bd0d8e38394d7cb075e6c93b3ebe1180,1,781afe929e3016a667f5f439afd55fce,08633c14ef2db992c11f840f04fad4cd,2018-08-14 03:05:12,109.7,8.93
bd1befc72cade5c00562b4bfd1a85485,1,6b8cf2f4f294dd4b50037f061f230fba,7178f9f4dd81dcef02f62acdf8151e01,2017-09-27 14:04:06,39.9,15.1
bd76688da0406f5c377080cc43888b5e,1,c73628b1c3144b2e0c9c88072f21a213,3f995f07c49d0d55a99d5c54957f7d81,2017-07-03 15:45:19,99.0,16.94
bd7f6df012ed820ea52bf7f46da3026e,1,ad3cad415b6ec472fcdeff903a4a2567,099095b050cfe8eb1ddff5317587e96e,2018-06-13 23:10:54,89.99,14.62
bda3c40c66117ac3211d4934f4a43ec6,1,4a25d757ff72fad7534f478c90be77e6,92eb0f42c21942b6552362b9b114707d,2018-08-09 22:04:34,12.67,7.39
bdb9bdd2b7e7f7fa3429262ba9cfeca4,1,aca2eb7d00ea1a7b8ebd4e68314663af,955fee9216a65b617aa5c0531780ce60,2018-01-12 21:48:04,69.9,24.94
bde5891c6b5d690163ceae7143c288f4,1,ec2d43cc59763ec91694573b31f1c29a,1c129092bf23f28a5930387c980c0dfc,2017-11-14 12:55:53,45.9,16.92
be2833555cf50be44d494f1fb8c95ec3,1,154e7e31ebfa092203795c972e5804a6,cc419e0650a3c5ba77189a1882b7556a,2017-07-26 22:43:23,19.99,7.78
be33eea0051d8447b4c2ed4e7ac7be35,1,01cf7c4cffff8db0a1cbe612bd2d50a4,f7720c4fa8e3aba4546301ab80ea1f1b,2018-04-30 20:30:29,16.75,15.23
be46dcfc990766bfafdcc22141c7fb2a,1,85fa36e792c259f4f0022c6966c50c1c,218f991754f360af9c2daa5e0b8e990c,2018-04-18 23:51:30,199.9,16.28
be5435c57df6900352df2542b39a99de,1,3e4176d545618ed02f382a3057de32b4,02f5837340d7eb4f653d676c7256523a,2017-12-18 18:35:24,129.99,17.16
be6eea060429ae021a46df0a1990365c,1,b7605b5b483063d12bd90a772bff9d21,4a3ca9315b744ce9f8e9374361493884,2018-02-05 18:10:34,48.0,11.85
be75f7ef5da81750d1b2364aea5e7372,1,37688aa1d7a6026150febae63af9f98a,6338ea67c41078a46ad99cc009654956,2017-06-15 02:50:41,59.9,25.7
bec18cf4e07d7c422cbbeca1ba9573f2,1,867dda95bbba37fe56fa288449fa122f,d2374cbcbb3ca4ab1086534108cc3ab7,2018-08-01 03:04:40,49.9,13.93
bedc87ce363e6bf8c8868b96b2213ae4,1,e33df02e384487f2bcd3788619f89215,53e4c6e0f4312d4d2107a8c9cddf45cd,2018-03-05 03:55:39,17.0,12.69
bedcad246f8051ae66375615a3824588,1,868b3136c5b206f91b8208fbfdf2cb7c,4a3ca9315b744ce9f8e9374361493884,2018-07-31 02:15:25,93.0,19.84
beecb33087d159cc2dc627ff4a1fb9e1,1,72ca7a219f9f5b1be88c79e3aedd0152,de23c3b98a88888289c6f5cc1209054a,2018-01-29 03:52:42,120.0,16.6
bef67738a473b9e3dafb560907533864,1,0f4a3e29a1c122f94fe4c48c49d9cfa9,955fee9216a65b617aa5c0531780ce60,2018-01-24 02:11:25,169.0,15.94
befe8fab6c34f5861b73a3645ce38e24,1,35afc973633aaeb6b877ff57b2793310,4a3ca9315b744ce9f8e9374361493884,2018-05-04 02:11:14,86.9,10.29
bf0310bae1a889330a16496d6f7b8628,1,53b36df67ebb7c41585e8d54d6772e08,4869f7a5dfa277a7dca6462dcf3b52b2,2017-08-04 13:55:23,159.9,15.87
bf11d6d45abb67220dbfb9b1f8c09efe,1,2800ef620d36d17df9b1adb26cc56a9d,3a1a1fec38dd360f15fc912e821e169d,2017-11-28 03:06:52,83.41,17.83
bf40c06bf172145e8d7d468e6de69de8,1,7148a8f67a1564b5a6c5944398357e18,c9c7905cffc4ef9ff9f113554423e671,2018-07-01 21:10:04,45.0,19.51
bf5a19905dfd112e6964d76f4b21cf35,1,f55cd6a68f96c3041176998ce1850ff3,8648b1e89e9b349e32d3741b30ec737e,2018-01-18 10:08:27,63.0,11.94
bf5d8018171eeb0788be7f1c871eb981,1,af4e4eefc358246062956d3d2930e6f8,46dc3b2cc0980fb8ec44634e21d2718e,2017-08-01 00:45:10,229.99,18.86
bf7937a823a3232d50fe7a0520ae8c0c,1,9b9d1c4bd979b93c138044e032f99780,7a67c85e85bb2ce8582c35f2203ad736,2017-10-16 16:14:40,99.99,38.25
bf7dc02ad247527a27900abb19306a3c,1,5ca6a40fbc611451486b6525c655c64b,e09887ca8c7bf8a4621ce481820414ef,2017-09-14 08:45:12,19.99,17.63
bf7dc02ad247527a27900abb19306a3c,2,2fab6789523833dd6179314d5c7da56f,e09887ca8c7bf8a4621ce481820414ef,2017-09-14 08:45:12,19.99,17.63
bf8a5f3ed4349bd5873e69a7bf24afdd,1,656e0eca68dcecf6a31b8ececfabe3e8,e9bc59e7b60fc3063eb2290deda4cced,2017-12-07 10:37:31,98.9,13.71
bf8ddc7239b0b3f5f43b0da92b85837e,1,1ed65bd74fcdbc4b99bc838f1b8583e8,0be8ff43f22e456b4e0371b2245e4d01,2017-12-11 09:12:01,79.9,8.75
bf99266f91395a536eec2caf09bad879,1,b4b817e5f2c4efc8253b4b679c653847,972d0f9cf61b499a4812cf0bfa3ad3c4,2018-01-31 09:58:29,84.44,19.83
bf9b9000c617c6eb39e6666c98f7493d,1,d63c71088e06ea00d66dc357cda91a30,4a3ca9315b744ce9f8e9374361493884,2018-04-09 05:15:28,119.9,13.28
bfa75f5b708094727e17ff4ec9bb4f1c,1,fb1e2262cc73f7ab23c5dc5cf8d78693,2a84855fd20af891be03bc5924d2b453,2018-05-28 11:31:33,219.0,29.57
bfccbf3f4c803a60b641433bc8affe01,1,422879e10f46682990de24d770e7f83d,1f50f920176fa81dab994f9023523100,2017-11-03 11:50:21,59.9,13.44
bfd57b73f299e0d78761611486a49de9,1,2c71e9b9845634cb1ea6285a8f3cbf50,612170e34b97004b3ba37eae81836b4c,2018-08-09 06:45:10,129.9,8.49
bfd5957bdfbc86a1882ee0dfa7a36a47,1,6a61a5d77a8571a0646e8c0f75f572f4,01bcc9d254a0143f0ce9791b960b2a47,2018-02-08 10:16:03,165.9,17.6
bfdf5728dc66ccaf9131885e9e39b5a2,1,b0835e7780b8ccb0ee25440576992a23,2138ccb85b11a4ec1e37afbd1c8eda1f,2017-11-17 14:35:32,15.99,7.78
c00ec2c5d2f145b694e4f478c71c5711,1,15d9c7e1411ece24a0053b1e876e4d4c,4869f7a5dfa277a7dca6462dcf3b52b2,2018-01-19 13:49:58,688.0,16.32
c02ba990f9573a840c307babf93b3416,1,b4546f52515517c7e25a51a13695c1f3,77530e9772f57a62c906e1c21538ab82,2017-09-12 04:36:04,59.9,16.86
c0412e955e8866bd36d56c196d1c9d82,1,ff50a7795bf14586aeb06610fae49095,4a3ca9315b744ce9f8e9374361493884,2017-10-25 10:35:19,119.9,12.34
c0a8c5b9536ee81202e0c08ffd9abee4,1,e53e557d5a159f5aa2c5e995dfdf244b,88460e8ebdecbfecb5f9601833981930,2018-07-11 11:51:20,78.9,13.89
c0ac92509aa6420f0f3d6f78748793e1,1,ecf60cb41ee36163755ee427f85ef680,1b8356dabde1d35e17cef975c3f82730,2017-08-28 00:50:17,18.99,15.1
c0b3a6ec68db87dd98bb317ea6835608,1,20f23f339bacbc1863017f4d0619cee4,7ecd59e5e20407131822c1a68ac59c1f,2018-06-14 03:13:13,16.99,17.06
c0c7bd9b0f4864ea4d1e2671ce38bff8,1,de480e3ae31eea2d2d97d694c43172fc,1838dd9b8977065acf51d95e0053ea7a,2018-03-05 03:55:32,28.9,15.1
c0db7d31ace61fc360a3eaa34dd3457c,1,22c5ddc22ea8cae84fc9917def682dc6,cc419e0650a3c5ba77189a1882b7556a,2018-02-22 15:50:30,56.99,8.72
c0e6a4b9d9b4fb7364f6010863708cbd,1,ec02a5d380128f7a188e9ce8f3ddd832,48436dade18ac8b2bce089ec2a041202,2017-10-04 18:49:20,132.9,43.34
c0fabfdace2df4fbd9e0e958f29a2cd7,1,e03102efbc2229024c89be731f0aedcb,2c9e548be18521d1c43cde1c582c6de8,2017-12-11 17:37:25,37.5,9.34
c0fb0c31cc56e7ddc07f5306fdff9e05,1,dd6a505f83dd3c6326aa9856519e0978,fa40cc5b934574b62717c68f3d678b6d,2017-05-11 06:35:25,49.9,20.8
c10c68068674aaf6ca04ad0387969333,1,49366a8fab2e191239a143647474e7fc,e9779976487b77c6d4ac45f75ec7afe9,2017-05-22 21:02:26,33.0,15.1
c10f283ced7431fdfdcc159b12344b11,1,d581a9097bc2a13adf46bbd864ee0d08,709e16e2b25c7474d980076c6bfc4806,2018-06-15 20:32:00,59.0,13.07
c10f283ced7431fdfdcc159b12344b11,2,d581a9097bc2a13adf46bbd864ee0d08,709e16e2b25c7474d980076c6bfc4806,2018-06-15 20:32:00,59.0,13.07
c111660003fe3dd242a376599653b22a,1,5d66715cc928aadd0074f61332698593,128639473a139ac0f3e5f5ade55873a5,2017-10-19 11:28:22,19.9,42.38
c12658dc350b49b1970455764f1137f3,1,7612afaa8218e79b3011243ed9edea9c,821fb029fc6e495ca4f08a35d51e53a5,2018-02-28 15:08:33,389.0,59.39
c14280403027095676ce13109d5e2864,1,13db47eae724e2848e12b71a617a3a41,7d13fca15225358621be4086e1eb0964,2018-03-23 07:28:21,467.0,21.15
c145341df96866c0282d832acbda1225,1,f71973c922ccaab05514a36a8bc741b8,5dceca129747e92ff8ef7a997dc4f8ca,2017-05-15 09:50:25,109.9,22.32
c158e9806f85a33877bdfd4f607b72e7,1,c388aa3cdd554588ebcc869156381ba3,9bcdfa7b615b3abb9461d9e3ad9886ae,2017-04-19 22:15:13,79.9,21.01
c1674af37cefb68196b330a473e46d7d,1,fe06d596708c590bf178cdb82aa7d48d,6d66611d7c44cc30ce351abc49a68421,2017-05-18 03:05:29,29.9,9.34
c1872cd219ab83c3a9a63cdc2f75a518,1,2ca9b05a180977644da5c44cb49c1c6c,3be634553519fb6536a03e1358e9fdc7,2018-07-26 16:00:13,42.0,17.22
c1ef9804b695d6060c0964f2c6324433,1,014a8a503291921f7b004a5215bb3c36,fa40cc5b934574b62717c68f3d678b6d,2018-02-12 11:15:50,35.99,7.78
c1f39bb1d57f413cc9d3086d546b3866,1,978ea005bbc57d3f9ee16f21056f7f63,cca3071e3e9bb7d12640c9fbe2301306,2017-09-18 14:30:32,89.65,13.65
c1fbc5439e7dfc2d85fef29b7353bbdf,1,e20be15ef3888b958c8a76a2f0edfc25,91f848e9f4be368f4318775aac733370,2017-07-26 03:45:21,34.99,15.1
c22a588780963010739e299de0a9bf51,1,31639956e7fac87ecfd9d608040638bd,aac29b1b99776be73c3049939652091d,2017-05-24 13:10:57,64.9,16.21
c230f6e954ab2b2aed5ad7458d539258,1,f30a908aadfed5d9edd5619eef796819,dc4a0fc896dc34b0d5bfec8438291c80,2017-10-02 03:35:42,125.57,13.9
c23296e1255abac91cb3a637f4f084e3,1,e503a0c255ccb611962015bac936f938,5abb8ea023c77787f2c15da891c8d384,2017-05-09 11:35:40,389.0,90.64
c2339bbec3aaccee5dfb887e03903617,1,3dd2a17168ec895c781a9191c1e95ad7,de722cd6dad950a92b7d4f82673f8833,2018-06-11 16:11:41,149.9,39.1
c23e8e36f82a11a84550ad1e7c87e24a,1,d49f9f12cae797620ffae81f5cdf0f79,bf100ecb7997df312b285358fb32f92c,2017-06-29 19:55:10,19.9,15.79
c262d9407971d247fc7683fc716ab9ab,1,a7363ecea2a94dac7cd78479fb39b0cd,54965bbe3e4f07ae045b90b0b8541f52,2017-12-01 15:01:36,120.0,23.71
c2673706bb89f4fa18b1837c6dd088e1,1,389d119b48cf3043d311335e499d9c6b,1f50f920176fa81dab994f9023523100,2018-04-02 04:08:22,53.9,21.35
c26b94aa87e95d1c1eb1b592f43eb223,1,99a4788cb24856965c36a24e339b6058,4a3ca9315b744ce9f8e9374361493884,2017-07-05 00:23:33,89.9,12.13
c26b94aa87e95d1c1eb1b592f43eb223,2,35afc973633aaeb6b877ff57b2793310,4a3ca9315b744ce9f8e9374361493884,2017-07-05 00:23:33,89.9,12.13
c277dea251cfd74bf121060769a7135a,1,826f5b971a308b08c7596b03ae80246f,6b243f80ed07b10f0e8aa0f21a205f3c,2018-08-14 00:10:24,49.9,17.28
c2e2f15f541c1823bc6d1e558f9323db,1,44291e25afe160dfe5f844da1b0f8b15,3c7c4a49ec3c6550809089c6a2ca9370,2018-02-26 07:06:48,13.99,7.78
c2e38eb887763f42dbd2417388e62b7f,1,261244fc4d0197d8772346872f5b0f5e,6c7d50c24b3ccd2fd83b44d8bb34e073,2018-02-15 14:10:30,44.88,19.23
c2e9150ecca583eb68c1e2e2b650caac,1,4deb009c36a910076a023947a7929201,8629c241b3622ac12cd4118afdc8d394,2018-05-11 16:12:36,51.81,37.05
c337be7e160adf73d51a64678b8f7ede,1,b23ede14b480ecd0dbb08e2406b3a206,25cf099de44674fde97473224f9d59ab,2017-09-19 15:05:27,36.0,22.67
c33f6b9840953ad210b51a86f6aa13a9,1,4a96de21ccfb22ebe1c56992acbbd7fc,7a241947449cc45dbfda4f9d0798d9d0,2017-06-06 15:50:22,99.99,15.45
c365542345d9e49d2a7b3bfe7b89b559,1,dd72dc91b32e2ea6de828c39c805c7a5,579891617139df7d8671d373f0669622,2018-01-04 20:10:03,32.9,15.1
c36722bf525388104790764a7917ca07,1,381169576b9f3c083a1c3261da161a3b,8c16d1f32a54d92897cc437244442e1b,2017-05-15 14:50:19,46.86,16.79
c36b0f4253481ba100d5a003cd3b6fc6,1,909b87db6cb3a7ab26bd03cc59860136,59cea8e446d3834393058e7e0666b6fb,2018-08-08 13:15:26,39.9,22.21
c37cb17f3802e061e745a83732cb1503,1,d692d19cee022f7acab76373f297ad6a,fdb9095204a334cd8872252ffec6f2db,2018-05-10 16:13:44,127.0,11.51
c37cb17f3802e061e745a83732cb1503,2,d692d19cee022f7acab76373f297ad6a,fdb9095204a334cd8872252ffec6f2db,2018-05-10 16:13:44,127.0,11.51
c3a6dc9afef5794ea4a867b5a18e0ad1,1,baff5f5a048f514e921ea530c4a7a814,e09887ca8c7bf8a4621ce481820414ef,2017-11-30 17:31:31,39.99,14.1
c3cf2a2c2e8b5cfbe960f65bf800b91a,1,af827351cc8287dd464466e8793046b0,ebd2d60905fb58271facef5596b620d3,2017-03-02 06:45:22,66.9,13.05
c3d82084f95e12ecd6cc271e0c225175,1,341141693c1995e911d0a5843f7c289b,7d13fca15225358621be4086e1eb0964,2018-08-06 18:30:19,110.0,18.87
c3e4094adfa71210e702f8e3f90b5569,1,d3d2f358e7e92dbbbc0a37d0b7435253,b335c59ab742f751a85db9c411a86739,2017-12-18 19:55:26,188.87,21.81
c3fbba8f64cc6b2e99abc0e00d5ade2b,1,27152d405eaca93403563ce6acfccfa6,7e93a43ef30c4f03f38b393420bc753a,2017-04-19 17:22:26,1375.0,25.33
c410d85093b93e495da87d8041af5ffa,1,3e442d09f9dfef002aadf31960869f65,85d9eb9ddc5d00ca9336a2219c97bb13,2018-08-01 12:10:09,28.9,15.3
c45408df26d1ce2b64518a9a9d65fd04,1,ae8465400218e5aa54535b74d9138416,7dc8c42cc750eeafea6c85712ffee9bf,2018-08-29 17:29:05,34.99,14.56
c46c54fce26cfc332abf6dc199edb7d0,1,cbcf718a3400ee5b15ac8d78559e6bb6,06a2c3af7b3aee5d69171b0e14f0ee87,2018-05-13 23:31:16,64.99,22.95
c477a36e7fcc7a915483289ed00f6ee4,1,7814c273ab16783d73a9863ebfa8b141,1025f0e2d44d7041d6cf58b6550e0bfa,2017-09-18 03:04:15,229.0,60.61
c496970811b313659dbbcfd57ffd1b42,1,515363bc1bda36afb33bb9cdde0789f3,8e34331b7eedd03be4e5d965c1956225,2018-02-15 19:50:25,30.0,15.1
c49d07f9806a006e5b310764f661e911,1,06c6e01186af8b98ee1fc9e01f9471e9,fc906263ca5083d09dce42fe02247800,2017-05-04 18:25:09,39.9,17.78
c4a1796b7d23ecebfc720e4dcd2744a2,1,ae52eeb8383b94455f0a08b1f88ad002,f457c46070d02cadd8a68551231220dd,2018-02-09 10:10:22,69.9,25.77
c4af0542c4e80ac8948b90a8e681438a,1,7af739a42fe4a870e840f2831daf1ba6,e5a3438891c0bfdb9394643f95273d8e,2018-04-04 07:07:06,20.3,7.71
c4af0542c4e80ac8948b90a8e681438a,2,cbe91f0c23e32e2de40f57e30580dc24,e5a3438891c0bfdb9394643f95273d8e,2018-04-04 07:07:06,20.3,7.71
c4c6ad1225b0e8f8c23aaf36a96431b7,1,ddad89d4353753d93ac500b1caa5bf09,391fc6631aebcf3004804e51b40bcf1e,2018-02-21 18:50:29,118.75,21.32
c4cac393cb3ff78fe2823fc2222d1f04,1,06f0e85c7892d5df893f332706340af1,3d871de0142ce09b7081e2b9d1733cb1,2017-10-26 15:35:17,179.0,82.07
c4cf1a86b458b000b27d777cb8232932,1,0a4093a4af429dc0a9334300e5c13ae5,da8622b14eb17ae2831f4ac5b9dab84a,2017-12-06 19:32:28,29.9,15.1
c4e6c7d5fa7585017ea3c7bdaa32a956,1,c747d118db61a1c79977309b0ca33ddc,d3dcf0604eabf0224fbd5948b5e02f69,2018-04-25 15:31:12,189.9,24.26
c50e5904b30d219f4f9b89ead3bab5ed,1,03fed41c5e9067007d852ff83d602753,cfa5ab0e4d3fc212fd0b3410e7081c62,2018-07-26 13:25:11,149.99,81.18
c526aa9189a06bf511e79dbc0e0e70b9,1,080a388eb2bd1051b01f6fc4ca659450,ea8482cd71df3c1969d7b9473ff13abc,2017-09-11 08:05:45,24.99,15.1
c53079ef16fa59b2fec31f6f48dfd186,1,86cbe3f62944a6ad224137e01f54c0b9,8d46553a36e68f95350a200c12f8f2e2,2017-11-13 02:14:26,16.9,17.63
c5351b62ac42d8a63b11a24ca403a30f,1,04be6baed9b1c67197a4b2dd2f5b637c,cca3071e3e9bb7d12640c9fbe2301306,2017-12-14 11:56:22,89.9,13.65
c5351b62ac42d8a63b11a24ca403a30f,2,04be6baed9b1c67197a4b2dd2f5b637c,cca3071e3e9bb7d12640c9fbe2301306,2017-12-14 11:56:22,89.9,13.65
c5351b62ac42d8a63b11a24ca403a30f,3,04be6baed9b1c67197a4b2dd2f5b637c,cca3071e3e9bb7d12640c9fbe2301306,2017-12-14 11:56:22,89.9,13.65
c5437b7b7a52d4dd0ed6fc0a1f18f7b7,1,6463e442310f2f4f321c83a32d8c662b,c70c1b0d8ca86052f45a432a38b73958,2018-06-28 12:56:48,110.32,8.03
c546a6c20db2388cfdf1f72285456a3f,1,93c480c7d11c68ba0a71e850da61b674,70a12e78e608ac31179aea7f8422044b,2018-02-09 14:56:03,149.0,15.79
c5496f84549a814974881b9f211c66f0,1,461f43be3bdf8844e65b62d9ac2c7a5a,4869f7a5dfa277a7dca6462dcf3b52b2,2017-09-04 12:35:19,169.9,12.69
c56b1a5e46d033165cc4440b9878e64b,1,e0d64dcfaa3b6db5c54ca298ae101d05,4869f7a5dfa277a7dca6462dcf3b52b2,2018-03-29 12:29:14,151.9,17.97
c56e40373799e9fb580a236fd5fc72a9,1,e3425df9bd51be69917273c9dd92ed5e,86ccac0b835037332a596a33b6949ee1,2017-06-06 10:31:31,66.89,16.23
c5883e5be24c4f0627d36a56ed34d190,1,99a4788cb24856965c36a24e339b6058,4a3ca9315b744ce9f8e9374361493884,2017-10-05 15:06:08,89.9,43.04
c5989f8c23c011b7b23df896a51fa92d,1,c7bcab3a7039340cf46705f43bab3ee2,2d50d6282f8aa2257819a77bfaa0efe0,2018-07-04 21:31:38,45.0,19.51
c5bc8257538b2c4e938a4e8836aa70b5,1,d487ef7eb97ef91db077d19473d6e5d4,53e4c6e0f4312d4d2107a8c9cddf45cd,2018-05-18 15:11:45,74.99,16.49
c5bdd8ef3c0ec420232e668302179113,1,134957eeec87be2414ac629ee0b947a4,87142160b41353c4e5fca2360caf6f92,2018-05-04 02:55:22,19.9,11.15
c5bdd8ef3c0ec420232e668302179113,2,8a3254bee785a526d548a81a9bc3c9be,96804ea39d96eb908e7c3afdb671bb9e,2018-05-07 02:55:22,0.85,22.3
c5cc268cb03043a12fe9c322246d970c,1,154e7e31ebfa092203795c972e5804a6,cc419e0650a3c5ba77189a1882b7556a,2018-01-30 09:10:51,23.99,11.85
c5d1a6481a4fb3684588a2c7fc970918,1,19c91ef95d509ea33eda93495c4d3481,06a2c3af7b3aee5d69171b0e14f0ee87,2018-07-19 10:10:10,122.99,25.21
c5d3cee440eb83e631a641c4da2ef16f,1,9b89ab91efbb4750c39864ed0262711f,4992e76a42cb3aad7a7047e0d3d7e729,2018-06-14 23:15:20,39.9,22.95
c5d3cee440eb83e631a641c4da2ef16f,2,31352e05b5f8620929e1b8bbbeda5578,4992e76a42cb3aad7a7047e0d3d7e729,2018-06-14 23:15:20,39.9,22.95
c5e7498e13b3cedcde9bbefcd98596e4,1,362b773250263786dd58670d2df42c3b,4c2b230173bb36f9b240f2b8ac11786e,2017-12-14 01:30:47,49.9,11.85
c5e7498e13b3cedcde9bbefcd98596e4,2,362b773250263786dd58670d2df42c3b,4c2b230173bb36f9b240f2b8ac11786e,2017-12-14 01:30:47,49.9,11.85
c5edb2bc00fb701345fbe2bd9aedaba4,1,ca9b2caa4f7ec65aeda5825e09dcf99c,5a8e7d5003a1f221f9e1d6e411de7c23,2018-05-10 08:30:51,59.9,19.39
c5fd2c7e23ffd8d1ca4c839b7c5596a3,1,aca2eb7d00ea1a7b8ebd4e68314663af,955fee9216a65b617aa5c0531780ce60,2017-12-05 03:18:33,75.0,20.02
c65d7f18a62db6a4aee08e5d0d24f84d,1,ae1848ad278bbd5098dea4a749b333a1,70eea00b476a314817cefde4aad4f89a,2017-12-11 01:30:48,22.0,11.85
c68482199495e3a57ca04d15b0159808,1,24541f532451ecaa85eab5b200b2b686,77530e9772f57a62c906e1c21538ab82,2018-03-15 20:28:18,49.0,13.47
c6a76def310a4f508d6b11884e8a01f5,1,40e8b425d1a26e2d9cb77363523e05ce,d93919c944be9cff128f6c9cb899eacb,2018-02-13 18:14:48,79.9,18.45
c6a8408a66e38da8f30bee8e73a34a67,1,f9aa001a859b11fd798bb386f3d07eb0,834f8533b2ecb6598dd004ff3de7203a,2017-06-26 10:45:14,89.15,13.64
c6b0f4a5ccf598922d592d8c56c044b7,1,77d9c106d2e0bc6122c9f7b991f795b4,8ae520247981aa06bc94abddf5f46d34,2018-01-18 19:29:04,195.0,16.12
c6bf92017bd40729c135b58b643f64c2,1,3f1a741cf5591384428c1cbb0ef07ec0,36a968b544695394e4e9d7572688598f,2018-08-13 07:44:53,14.9,7.39
c6d3ba7aef0216cb6c540497c845f0ba,1,1cc61b32763a4d816212b3507b6b6c59,527801b552d0077ffd170872eb49683b,2018-05-18 15:59:40,524.9,45.73
c6f232800bcc02894a679417a1a93822,1,ee5329ffbe604bebcf84b2fd7792024e,916c9de0b5ad957346eeeb12f332687e,2018-06-28 23:57:47,184.0,18.22
c6f232800bcc02894a679417a1a93822,2,ee5329ffbe604bebcf84b2fd7792024e,916c9de0b5ad957346eeeb12f332687e,2018-06-28 23:57:47,184.0,18.22
c72e248317c3bee8d95d20602d8f435c,1,c9c6fde711572c1ad99ca12728c6af00,562fc2f2c2863ab7e79a9e4388a58a14,2018-05-04 17:15:27,29.99,19.04
c73c7b94754de2363ea55ba35902321d,1,0aabfb375647d9738ad0f7b4ea3653b1,37515688008a7a40ac93e3b2e4ab203f,2017-12-07 04:38:34,24.5,11.85
c756513ece003700723bfa5e6f8abc65,1,90e72f6ceee757db03bba3a4eaef5dc4,7142540dd4c91e2237acb7e911c4eba2,2018-03-16 09:55:33,429.9,17.1
c75886866a89a0c9a04fbcd4699f3772,1,aed75ad669fbebd5a385ac7cc2ae7573,17f51e7198701186712e53a39c564617,2017-10-13 19:14:10,550.0,117.99
c77109162c3bc4ba159fa1e641f143a8,1,fed5c40c27e1c88560a9e92d82ee0825,128639473a139ac0f3e5f5ade55873a5,2018-02-22 18:50:22,19.9,12.48
c7af2f59ff42f4410a1739111dbea489,1,c19d5ba108c34b8255cf9a524da92bc4,4e922959ae960d389249c378d1c939f5,2017-06-30 08:10:07,75.0,15.28
c7b4a7a4d974418197e38cc0f6c2ea85,1,79c0ace2ccf0da036e787875a49151a4,b32be1695eb7ec5f10f72d9610a12527,2018-02-26 13:28:04,379.0,71.53
c7d2e4441e2074bed6ad0cd9ee428f3d,1,3f14d740544f37ece8a9e7bc8349797e,f457c46070d02cadd8a68551231220dd,2018-03-01 09:55:29,84.9,47.5
c7d2e4441e2074bed6ad0cd9ee428f3d,2,36f60d45225e60c7da4558b070ce4b60,88460e8ebdecbfecb5f9601833981930,2018-03-01 09:55:29,67.9,4.13
c7e358703b2248a4ee0adf815936c2d3,1,8c4254fc0b9043ade973297a789b042d,e1b12447a7563944843191754aeb5562,2018-01-11 00:59:19,28.99,16.79
c80568cc3de3ee4efd40e9329b74b233,1,29427de7f8a9ee983d9dbc51cec569b4,7a67c85e85bb2ce8582c35f2203ad736,2017-08-02 11:30:07,99.99,38.25
c8102ecf69e44a64b993aea77adad664,1,368c6c730842d78016ad823897a372db,1f50f920176fa81dab994f9023523100,2018-01-03 04:07:42,49.9,13.43
c81f74e50f0496fa39716cc77cacd460,1,cb92637d91f8267856d2143b6fc7bd9e,376a891762bbdecbc02b4b6adec3fdda,2018-03-08 23:09:22,55.0,15.83
c823a55fefe27a1092a634398c62f2a8,1,ceb9134650bd7cae74affc51800f309a,48985c61529077fa4f1e38bcff0f2ed3,2017-04-26 09:01:41,129.9,17.75
c831c64f0cd1f084f23944c0f1f9d123,1,525947dbe3304ac32bf51602f9557c12,da8622b14eb17ae2831f4ac5b9dab84a,2017-06-26 16:55:17,99.9,17.95
c85617bff1ff615fb850f55304688d60,1,700e755cb2df115278726cbf8cc322fd,54c04bdb5ec46762f8f08c7e8f86ed4a,2018-07-20 10:50:23,270.0,35.65
c8613f1f2b834e72422ddd76442f677c,1,e70bc14a36a0d1a0394cc724be815a1b,e9779976487b77c6d4ac45f75ec7afe9,2017-12-14 02:35:21,39.49,15.1
c8682e224367b603f0ac144e77fabe14,1,d04857e7b4b708ee8b8b9921163edba3,9f505651f4a6abe901a56cdc21508025,2018-06-13 11:15:40,67.99,8.88
c8a2a495848f547a4a4a26597ca9190b,1,cc52718406f03a562ccf2bf14f584887,15aac934c58d886785ac1b17953ea898,2018-01-05 14:37:31,21.0,9.54
c8cb7b0f298cd146d61e1ce533494bca,1,9437358367868e28d75ce47e393eef99,c3cfdc648177fdbbbb35635a37472c53,2017-04-11 16:50:17,110.0,20.26
c8ccd366bbf35430786a86ef073322f8,1,08c816d9a716567bf436173ef6f5f12e,5656537e588803a555b8eb41f07a944b,2018-05-11 03:35:19,19.89,18.23
c8cdd4400eb4d108c4fb6992339c9fa1,1,ea3214a6eab15e1e4c9c21932e74b607,8ae520247981aa06bc94abddf5f46d34,2018-01-11 09:08:20,219.0,16.28
c912c210c22a9527553521d8fda44563,1,181f62ad3d1d8b78fa2695f30613b444,b2ba3715d723d245138f291a6fe42594,2018-04-27 09:31:25,259.9,10.17
c9229f668c1028a77a433afa8b93f122,1,a5ae8400fc9fcacd4af585a57bbf264a,66922902710d126a0e7d26b0e3805106,2017-05-18 21:22:28,120.0,22.71
c9283076b0f196acde755765fcfaec9b,1,83b00325c13c44245b2c3a2befa62a0e,ad781527c93d00d89a11eecd9dcad7c1,2018-03-20 03:31:12,159.99,103.25
c93e4c73cba512f76817291e0de8bec4,1,f1f01d27cb8664e16d57ef4a8075f3be,46dc3b2cc0980fb8ec44634e21d2718e,2017-09-18 16:44:39,279.99,21.2
c9756139ee937be234c1aafe31b8722e,1,e729528d0513c6dfec158a515a47187b,955fee9216a65b617aa5c0531780ce60,2017-09-18 04:30:55,59.9,20.91
c99c7b68a239931777d626071e46895d,1,97407223aaefebbaeb89d285e7c64f75,fb3cfbc8a86f5d7fbb4d36b8df63f60d,2018-06-26 10:31:37,59.9,16.61
ce5ac3d77cca9ee37ace392eb33cee3f,1,99444c1e11fc38755dae86f5c67d3d1a,d2374cbcbb3ca4ab1086534108cc3ab7,2017-10-23 19:14:15,49.99,16.11
ce9924e409dde4b753e2893f0835ba62,1,d5aab5918f6581c1857e6a0c38f13e78,01fd077212124329bac32490e8ef80d9,2018-05-21 04:30:55,69.0,12.92
ce9e623dd0def1f905a5c5ba0c99f65a,1,f663f7a6fc390011dd15492f14205573,5e063e85d44b0f5c3e6ec3131103a57e,2018-07-18 10:26:00,22.9,7.42
ce9fc4b5d521bad32b0c3893b9b3788f,1,628bbcb76ac6c7d4abf432b345635f47,0bf0150d5b9d60d9cd2906003332f085,2017-11-23 03:35:48,108.9,10.62
ce9fc4b5d521bad32b0c3893b9b3788f,2,628bbcb76ac6c7d4abf432b345635f47,0bf0150d5b9d60d9cd2906003332f085,2017-11-23 03:35:48,108.9,10.62
ceaa40707ccad8de8d4dab476a970483,1,83d199d296c44101c8c3b5c9c0cce9ea,850f4f8af5ea87287ac68de36e29107f,2017-12-13 22:36:23,69.99,15.25
ceabb3e5878fd35ef9451cb2aeda20b1,1,419538c5c0c21d892928586bee1ea16a,da8622b14eb17ae2831f4ac5b9dab84a,2017-06-06 17:35:10,174.9,16.85
ceae0f133957c3337b7f630eb8bf80d9,1,829e27d905ccac1f24f6dd5c5898de89,9261d76c62caaf0b24677c2ceb7f8f20,2018-07-19 11:04:08,138.98,24.84
cefe2d9b76da44f395498c94f7f516c7,1,12087840651e83b48206b82c213b76fd,5b925e1d006e9476d738aa200751b73b,2017-12-21 01:31:09,189.0,12.53
cf1d0b87e826698d649f105224d60d8f,1,586328f570ac0b651d452f1227db4d1c,522620dcb18a6b31cd7bdf73665113a9,2017-11-21 21:55:23,79.0,16.99
cf40f4e7a565c0a50f13f0d95f3f3cc0,1,cf42d2701c959607c1875764e88c7266,fcb5ace8bcc92f75707dc0f01a27d269,2018-07-23 04:32:09,27.6,18.29
cf5b244fd1f7002efc7929be945f1d44,1,952670bc019a73f0933157ec82ff6e4f,37be5a7c751166fbc5f8ccba4119e043,2017-07-23 21:35:18,205.0,22.27
cf73e2cb1f4a9480ed70c154da3d954a,1,4ee0872b98a6a08ce8c8b65e2502842d,efcd8d2104f1a05d028af7bad20d974b,2018-01-18 02:38:33,50.0,11.85
cf76d482b013f8af6dc046a3001c1c4f,1,437c27398475365e3103e091ce518c6f,7681ef142fd2c19048da7430856b5588,2018-07-11 13:31:24,580.0,47.86
cfaa877f09b4f4bc73fc768bf5817df7,1,26b2a480ced2900a62bb9431133e95aa,d6b1ce66b035a475f00c017792ff9769,2018-05-18 11:58:32,100.0,13.14
cfc1cc329b18565c0bdb4aa77d042c93,1,f293514e0176006f3af40d473cf24a1e,1c68394e931a64f90ea236c5ea590300,2018-04-26 02:11:18,67.9,13.6
cfd0882d46442939d8457d3508170953,1,6f3b5b605d91b7439c5e3f5a8dffeea7,4869f7a5dfa277a7dca6462dcf3b52b2,2018-02-12 21:50:38,229.9,16.36
cfea2c141cacb975b65831b7ffd6d194,1,7d018f8e4f93213ba7ad276e25fe20b1,3d871de0142ce09b7081e2b9d1733cb1,2017-11-17 15:50:36,19.9,25.63
cfeb3afaa54f31d14c4d9a8107717ad8,1,b29c9ac1d3d4e8866f6c4ad814ae9591,b83cedfb587e7911540e3f576d6917ce,2017-12-11 10:42:08,128.0,9.09
cfebb97f36814d6f42de3df1e03d0210,1,af8acb9fc1592c0d00bf5b8a3d43e8e9,b19f3ca2ea475913750f25a5c37c8d8f,2018-08-07 20:24:09,125.9,21.49
cff56b4b6ab1de09fcdd6f4efa0a0fc0,1,83b00325c13c44245b2c3a2befa62a0e,ad781527c93d00d89a11eecd9dcad7c1,2018-03-21 12:50:29,159.99,32.15
d014768ef3626e852218e98382169840,1,3dfde6238edcdef675421817783b14da,0b90b6df587eb83608a64ea8b390cf07,2018-05-21 19:50:39,49.38,13.47
d02a5a29d82eed1f82be00c04745ea7c,1,da596542f9179c1021970d21d9b53b76,951e8cef368f09bb3f3d03c00ca4702c,2018-06-25 18:56:33,38.99,12.93
d050bb999c176f3275ed9876c64e0033,1,9d0bb30eed80184666c8acad23921283,1bb2bdb95f4841f1bba2c0d2cd83d3c9,2018-03-22 18:10:45,19.95,18.23
d082758d583505f358d7893ac95d4f0f,1,5a848e4ab52fd5445cdc07aab1c40e48,c826c40d7b19f62a09e2d7c5e7295ee2,2018-03-13 23:55:29,122.99,27.92
d087b8e096ca051f548e29b324272834,1,fb7a100ec8c7b34f60cec22b1a9a10e0,d98eec89afa3380e14463da2aabaea72,2018-03-13 02:31:40,49.99,22.06
d0a40dd7cfaabfc2d7f0c6de2ab71b34,1,bdc3291ab242ec1effc8eb0987850268,dbd66278cbfe1aa1000f90a217ca4695,2017-12-07 10:55:24,29.0,8.72
d0dcef5f811f8e0b4f67f1f26805a8a6,1,8458f51c49c1af4c4b388dab8810215f,955fee9216a65b617aa5c0531780ce60,2017-08-11 14:30:15,39.99,12.69
d0e25f97b5c712b13e725c274a17f44c,1,f84d16882251975d1c1d1c64d551c330,5ee7fd217d08dfe5d3e2f51f96a12c9a,2017-10-24 20:26:21,115.0,27.13
d0fb3aa60de69b80cdb04eb31fd28032,1,aca2eb7d00ea1a7b8ebd4e68314663af,955fee9216a65b617aa5c0531780ce60,2018-01-19 02:35:30,69.9,32.94
d11c4164f4abab90d9262e2f1adcabb0,1,d63c1011f49d98b976c352955b1c4bea,cc419e0650a3c5ba77189a1882b7556a,2018-07-03 02:55:21,59.99,11.44
d12a47d442a17b323b1a2cc05b2c217b,1,41c24b8ce92d1a2cac62db5edfd088b2,4869f7a5dfa277a7dca6462dcf3b52b2,2018-06-27 11:30:40,99.9,13.36
d12e769a4e50f157d2c6cdf423dd73c4,1,62bf07cdb14270c48cf42ca0312986aa,04e38a233f726ef161074ab1c9b0399a,2017-10-03 03:07:13,199.9,55.84
d1329f2d9a7c9c972b1ab5c6b7c8d3a5,1,b36f3c918c91478c4559160022d3f14e,1ca7077d890b907f89be8c954a02686a,2018-01-10 17:11:27,150.0,14.8
d16e915397932f8b3510f595170d1d6b,1,dd4c3b4ab7e001aaf385ea2e68952030,d673a59aac7a70d8b01e6902bf090a11,2018-05-15 02:54:17,29.99,18.23
d16f9a68b1aa5e1e872a86a474930835,1,61787f92f08a18258c0267e53cb9c1cb,42fb44130ac3134cde8e35cf8ec7df25,2017-02-10 10:12:38,18.9,10.96
d17257adac505bd94de0bce06cff3547,1,98ae5b3166d58f0055db5dc330ff1914,45ba18c210d42734ec52c0c1c574e9ee,2018-05-22 05:16:25,103.99,18.61
d184b9c3e16c01c0507923c0ae50d1b3,1,dc881ef926ca402063ea142afc83874c,7aa4334be125fcdd2ba64b3180029f14,2017-08-07 13:05:18,87.99,17.87
d19f4ab4bd008d9b26f5eb3afc6cc251,1,d556492cb91418b6a9d9613592b4367f,2138ccb85b11a4ec1e37afbd1c8eda1f,2017-06-05 02:42:42,18.99,7.78
d1ac79e195d42ffecfe5abe8428c6535,1,84f456958365164420cfc80fbe4c7fab,4a3ca9315b744ce9f8e9374361493884,2017-12-05 08:16:44,99.0,29.09
d1ac79e195d42ffecfe5abe8428c6535,2,84f456958365164420cfc80fbe4c7fab,4a3ca9315b744ce9f8e9374361493884,2017-12-05 08:16:44,99.0,29.09
d1ac79e195d42ffecfe5abe8428c6535,3,84f456958365164420cfc80fbe4c7fab,4a3ca9315b744ce9f8e9374361493884,2017-12-05 08:16:44,99.0,29.09
d1c2348d6bb4417cb581eb1d530ae66c,1,d0b183d64a31b20c18de673e6e1edd9d,062ce95fa2ad4dfaedfc79260130565f,2017-06-12 23:35:10,79.9,15.31
d1c433d85b26e0171d6f80a9356ae7bf,1,7315c8b2fdde9b7ce4e9fb30ddde010b,7142540dd4c91e2237acb7e911c4eba2,2017-12-11 12:38:31,84.9,13.61
d1ccdaa4ae7486e10616fe4956e7512f,1,9bf39940ea9c92c0036e06c6cd577cbd,218d46b86c1881d022bce9c68a7d4b15,2017-10-16 23:49:14,200.0,21.89
d1ea55f7318ed68dab3622af81e15141,1,8d98dedc3c19de17f1a090195e85d6b6,fa40cc5b934574b62717c68f3d678b6d,2017-08-31 20:10:20,49.9,15.1
d1f789756b59a9fb40b3becadeac90e4,1,dfb97c88e066dc22165f31648efe1312,8581055ce74af1daba164fdbd55a40de,2017-11-23 07:15:24,139.0,27.29
d1fd0b3e5098a55e5c4a672e25527b97,1,bc45f8d4954ef77dcaad81627640cb2e,391fc6631aebcf3004804e51b40bcf1e,2018-02-09 13:10:53,49.7,17.6
d2142399ae9975a18c099e642c5e48f9,1,9fc063fd34fed29ccc57b7f8e8d03388,ccc4bbb5f32a6ab2b7066a4130f114e3,2017-04-27 21:22:12,370.0,28.33
d21ad12ba64a2a372a9f78c1bcd003e6,1,a00c4d4b0d7cdb18b36fe47611c28470,e8b3a3a38279a82f0e5d006d5e5b7d2c,2018-03-02 11:31:17,259.9,14.84
d258d2c8bdc01ec0aa8a048d723bf427,1,ba2a4b4789f9736851b6a9c98d30f21d,76d5af76d0271110f9af36c92573f765,2017-12-14 12:30:26,24.9,16.11
d2651bbfae1f2a0814488eea7ff6165d,1,55782cb82e0efe052da0a3da237da3b2,c003204e1ab016dfa150abc119207b24,2018-08-16 23:04:05,166.9,27.47
d27e502287dfd6690077b513380b7fbd,1,a1efabfd513c691eeb2650e5f04e5cb6,7ddcbb64b5bc1ef36ca8c151f6ec77df,2017-12-14 15:30:50,37.99,13.08
d27e502287dfd6690077b513380b7fbd,2,a1efabfd513c691eeb2650e5f04e5cb6,7ddcbb64b5bc1ef36ca8c151f6ec77df,2017-12-14 15:30:50,37.99,13.08
e0d2a8f85504cc90d52a2ca9a8e64f28,1,4a69baa66a13d1adeb41cfe3bc0c27be,bbad7e518d7af88a0897397ffdca1979,2018-02-19 10:06:59,99.9,9.51
e0e95960e8abbd803bbd543d2225c328,1,c63ea4621680c1b0fca8864c0564bd78,de722cd6dad950a92b7d4f82673f8833,2018-05-03 04:10:45,179.9,25.39
e0ea5984952668059b3f3ef6a8554bb3,1,bdc3291ab242ec1effc8eb0987850268,dbd66278cbfe1aa1000f90a217ca4695,2018-05-23 09:30:55,26.9,16.32
e0ee14b660378f233bb2e93a868cffb6,1,f4851ffef385d506603396041da7c1d3,974cf2cb8f4b7add98709c30df02fe10,2018-02-14 13:29:26,89.99,12.13
e0f9722525043b60edddacd46709fea1,1,e5f4167c170ccd8777cbf51841b6f7f3,7722b1df1b0e383e000397b2c11e3e19,2017-05-17 22:50:21,67.9,15.23
e11ac0d86982b86bcde829263d5a38ec,1,c03500a4a72be532834b3d947821d519,f789d2c4f2c2eb38fc4373e7a4b35264,2018-03-23 20:31:47,59.99,15.3
e13d1b8079da63aa71fa8ad68b3c3586,1,a4d44eb9f68b301db3a15c9a346f395c,bfd27a966d91cfaafdb25d076585f0da,2017-06-12 10:55:12,229.0,16.35
e14ca33656133486b155bc46e5b742c1,1,f3c5f7d4a6b87b94a7ce5fa1c1b2ca10,1354d51653f645349064725ed204e85e,2017-06-16 16:50:10,90.0,7.88
e16e5b4572640ddc3de053a9b0f6432b,1,4630317645c09161b7409edb2448a828,7c67e1448b00f6e969d365cea6b010ab,2018-03-19 16:31:05,192.99,37.45
e186fd488370885035932d8efab4212f,1,de7087431dce1f95bf39105df32825cd,262237171f48e85819065498cac80d7b,2018-08-08 22:43:54,59.9,8.16
e186fd488370885035932d8efab4212f,2,de7087431dce1f95bf39105df32825cd,262237171f48e85819065498cac80d7b,2018-08-08 22:43:54,59.9,8.16
e186fd488370885035932d8efab4212f,3,de7087431dce1f95bf39105df32825cd,262237171f48e85819065498cac80d7b,2018-08-08 22:43:54,59.9,8.16
e1a90f68f1eb2b0f154dbfdace7bdab6,1,7b35ccd93a2184646c03b70326626923,d05ae8f7a5bd1d2a690a44cd079e4e27,2018-05-17 00:58:46,179.0,19.13
e1b7512618fd9b1dc5bba0cfe3a7aee4,1,187e7d92b8168c3661824809d0c5dffb,431af27f296bc6519d890aa5a05fdb11,2017-07-27 13:35:17,119.9,18.09
e1c7bc80ff13024585f11c5d149f3c8a,1,a25142a39f693df490ab9f63f3149e8f,da8622b14eb17ae2831f4ac5b9dab84a,2018-05-28 18:31:34,74.9,9.26
e1cb06b1ce820a025fed0669adf9a7f9,1,d5b703c271f43f9c588a6f512a00f77e,fa40cc5b934574b62717c68f3d678b6d,2017-05-18 23:45:10,34.9,7.78
e251afd3ced38d4de3a5ece05d615ef5,1,5c86703f3b01f9df579c3a6232bb908b,8b321bb669392f5163d04c59e235e066,2018-01-31 15:20:12,13.65,7.78
e2532fe843f45b7a1aa7ede9474ca960,1,18e2f2853af64a5c039fb829e8609da1,fa1c13f2614d7b5c4749cbc52fecda94,2018-04-09 07:28:15,154.9,7.95
e26c49bee8a495cdc21b67ab5b2d413e,1,1c5bd6a742367ec4d654a0859523e880,1f9ab4708f3056ede07124aad39a2554,2017-08-10 02:55:31,119.9,27.16
e292b3a258a40c3489d65a60b9cad848,1,6b7739f782cb37f71cc80e8151ebd6ac,dd533b429f380718b70ad9922c294bae,2017-05-22 01:05:13,19.9,17.6
e2ab87d52fec5bcac4a7a5206eba10fa,1,bb42f37fc3d9130e4a4339d24a47dd7c,da8622b14eb17ae2831f4ac5b9dab84a,2017-12-28 18:52:52,44.9,9.09
e2b2feccda2c913e120d23c72b550cca,1,ed2067a9c1f79553088a3c67b99a9f97,cbd996ad3c1b7dc71fd0e5f5df9087e2,2018-02-02 02:38:17,56.97,16.16
e2ba84b9fda1f36c6b2ae25097ef72e0,1,ee406bf28024d97771c4b1e8b7e8e219,7a67c85e85bb2ce8582c35f2203ad736,2018-03-05 15:31:10,144.99,29.41
e2f49525c9c3c8cd854d01239a6726d7,1,ba74c6b75d2ad7503175809688d5a03c,7d13fca15225358621be4086e1eb0964,2018-05-08 09:57:25,178.99,19.13
e2fca022373f1b683cf49d41e76ec1e8,1,e4d34d3dbd367b0021e5d65105870180,23a0ffca143a15b9b5bbdb7d552f626a,2018-04-08 21:28:58,85.5,22.31
e326f9904d668c8e2fce637b8b1fabe6,1,e2e2c6003104c5c3b265e60c980904d9,4deebb3199eeafb282ae33229144f94b,2018-08-02 13:44:38,149.9,30.57
e32ebf133fb19cafd04315ff6d108047,1,839321c2db7b3b3eaff4944c3b052ecd,d25aa0aaacb370e912f8cf6efeba38b3,2018-04-16 21:55:18,113.89,23.38
e3369fffb9c064e20cc82f4f612ce0ca,1,3c4e3782469a0f1ac459dc6c47ebef31,39c763cca83e654764b7a4a650fb9b7c,2018-05-10 17:10:21,60.0,15.3
e33cd806dc139902dbd4f1e2bb2d1775,1,9fbfc0d1a475bb65f9c0e39bb927a99a,ec80e49e69745ab6c14f984bf2149423,2018-04-17 19:10:47,288.0,19.9
e38994925b350c88bd9b885f0b726439,1,5072bfb5e5e1ce79d108a610b6b22642,b17b679f4f5ce2e03ce6968c62648246,2017-11-27 04:08:32,38.4,16.11
e3c2135c38233042e0bfa35a97882582,1,362917ef32b7ab0660f1d2b1111396ac,344223b2a90784f64136a8a5da012e7f,2018-01-23 22:19:35,10.9,16.79
e3c64131d3d2295829639be7b74a6533,1,44e086c4a977f37a888627b43880586c,f5a590cf36251cf1162ea35bef76fe84,2018-04-09 05:49:07,59.0,18.29
e3c67a4bac0845d3ae12bb4ba0c667f9,1,1ceecf723e6b304ffe1822e9f375fbf1,1da3aeb70d7989d1e6d9b0e887f97c23,2018-04-19 20:30:44,14.99,16.32
e422e79c353461906ac09d654bd28ad7,1,c316d99c0a8d01fc59bde7e88edf27bd,fa1c13f2614d7b5c4749cbc52fecda94,2018-03-01 23:08:00,168.9,21.98
e466da8b1fce311e8469cb62530c18a9,1,f54cd09fa7e3c0f502187f200eb84084,a416b6a846a11724393025641d4edd5e,2018-08-23 06:10:06,139.34,12.0
e4a03aa31a44aef0f584dff623119c72,1,51e3084a334ce75dc646c9c6eea90e37,8d956fec2e4337affcb520f56fd8cbfd,2018-08-20 01:30:41,24.53,15.27
e4a15d634030ab198f2c262701ef1a43,1,b6568b6f6f28973098d2856afb8832cb,7901646fdd36a55f564ffaf2dbccaaf7,2017-07-26 02:15:13,566.88,19.04
e4aac63ea6f6b75b6d91ead05207fb43,1,0105b5323d24fc655f73052694dbbb3a,2138ccb85b11a4ec1e37afbd1c8eda1f,2017-05-31 13:05:42,129.99,8.16
e4b2030986f453ba45c63a508073e3d3,1,bd59d7bffae06b0b2ee40cf5b7939626,7fc87cc3e89b3d1d5cabdca32f8485aa,2018-05-24 12:55:28,129.0,124.07
e4b35ca9f1267c27309ebb5b2afc0587,1,f71f42e2381752836563b70beb542f80,85d9eb9ddc5d00ca9336a2219c97bb13,2017-12-04 23:30:23,31.9,16.79
e4b5604780e8b0ba35b9335194254b33,1,e0d64dcfaa3b6db5c54ca298ae101d05,7d13fca15225358621be4086e1eb0964,2018-03-08 15:48:21,148.99,17.48
e4c6165044d2aacdc886826704d0ba2f,1,7dd3fec3502f7ef333da2a73e00db394,fa74b2f3287d296e9fbd2cc80f2d1cf1,2017-12-21 13:13:54,240.9,16.44
e5238e84a4c88c17a350b92645006c61,1,66471e25b47c629da4dae1bc0a52c427,13511db12ac61e2f89c53b72a944a60b,2018-07-24 16:10:26,131.0,47.22
e5277018d6ad784647a82c8d0f7f8dcd,1,53759a2ecddad2bb87a079a1f1519f73,1f50f920176fa81dab994f9023523100,2018-01-05 15:26:48,49.9,17.66
ea8d7eb561a1c07f203cd9af8c59873b,1,3bce6b72fbbfc2ec3bcffb83745cc24e,c3867b4666c7d76867627c2f7fb22e21,2017-10-27 12:56:26,26.0,11.85
ea95ceffc1f14090fa639afd7f1b0206,1,d3eacacc44cc941912e3e97ed52037c6,cee48807215b30a12ca2ca10ffb5f250,2017-12-05 13:15:43,399.99,18.5
eaa0211ae0667cb758713505ee149479,1,eaecac42c42a65691bc3662b123e884d,916748bc99315c2d202898ae58b1617e,2017-08-25 12:45:40,15.0,8.27
eac07a0dbd3a43600f76d084fb472e63,1,d79868fbfc500d54ebab71dca6ebe5b2,0b18d63d0cd1d723567903fd34a07df2,2017-09-01 16:44:31,189.9,18.58
eaec6e2d982640b10c56b8eb00049f51,1,e0cf79767c5b016251fe139915c59a26,da8622b14eb17ae2831f4ac5b9dab84a,2018-05-15 19:31:48,29.9,7.71
eb31fdfb332cea92e0b75fbe92b0a1cd,1,e95d807bbe3bf3e2147a2ebe9168b7ec,b33e7c55446eabf8fe1a42d037ac7d6d,2017-11-30 19:53:46,369.0,14.08
eb8f24cf4aa474bfe99c062aff65c4c9,1,490b7f74cbef35be4b6b69bb5f177386,9b00ed88b7fdb95d6ff76e27c1b52d16,2018-03-22 03:25:09,14.2,7.39
ebee038c5993647eb1defc78207cd187,1,ca5c923962558430573f83661dbe36d6,66922902710d126a0e7d26b0e3805106,2018-05-28 22:31:00,96.0,18.25
ec149fdcafd89d783f2942078e182e1e,1,80db55ab8514dce76cb6a22d5014b73a,4d6d651bd7684af3fffabd5f08d12e5a,2018-03-22 16:30:44,120.0,18.72
ec2a8c52ab5037c04553f10bcaccd971,1,75e229131273655c63aa4ab2fd457c0d,ce27a3cc3c8cc1ea79d11e561e9bebb6,2017-03-27 16:22:34,65.44,11.85
ec36a2bdf65bba1742263a91c4f251ae,1,361009da0572b0d1d961d347f10e09b1,4d6fb82c629c7a5028bfd973c07b05e0,2017-03-13 22:01:44,139.0,20.27
ec727bb2d54db32de3e2a4845988fe0b,1,c1f5307decb89342351bec53668cffd9,ea8482cd71df3c1969d7b9473ff13abc,2018-01-18 18:49:29,29.99,11.85
ec72b3cb886591a30fe474f7474720c8,1,4a5b6d3c24ac5f9eb93d07463ef04dba,cb3dd9ce66268c7a3ca7241ac70ab58c,2017-02-18 15:12:14,58.7,8.72
eccfa9494767cbb5849832af90431606,1,acdd9eaa79720ca045ce3768250b8e47,a416b6a846a11724393025641d4edd5e,2017-04-10 06:05:36,99.9,22.2
ece456981916b0a15389f632ca95e4c4,1,bb50f2e236e5eea0100680137654686c,f7ba60f8c3f99e7ee4042fdef03b70c4,2018-02-13 02:52:16,325.0,16.02
ecf7e61d0f5617017f9105bf07f390f6,1,c4e71b64511b959455e2107fe7859020,aced59e9b31ef866a94f9e7f29d8d418,2017-02-23 03:33:17,24.0,8.72
ed149e6c2ed9dc9748702e5e9cb7483c,1,293ee8ac0a45f559cdeba37b938fdb66,4a3ca9315b744ce9f8e9374361493884,2017-11-08 02:30:44,55.6,12.73
ed274ecbd297951203b23b1e071eb593,1,703d742887bb9267f89b675608ba7aa0,640e21a7d01df7614a3b4923e990d40c,2018-05-18 15:56:03,56.1,8.38
ed2c57fed139a0eca6a0204624201f0c,1,59089e1668cc247d055ca3f9149093fc,6a51fc556dab5f766ced6fbc860bc613,2017-04-26 17:42:25,138.9,22.44
ed2c57fed139a0eca6a0204624201f0c,2,59089e1668cc247d055ca3f9149093fc,6a51fc556dab5f766ced6fbc860bc613,2017-04-26 17:42:25,138.9,22.44
ed3b18e876bbc16bfe330cd934aa0f68,1,491067a4bc3ca4303e9fba74d629412c,5075aaa8404020ae6aa8bf4792099b41,2017-09-19 20:23:37,49.99,19.21
ed965f5b2d371fefa5afc3ded3835a0e,1,cd48f265a63e13b762601f5f794c5fca,e9779976487b77c6d4ac45f75ec7afe9,2018-02-22 02:47:42,47.49,9.94
edbcacae5cb8f20f789d86dc0cf80ade,1,a760ef0bb70c954d79e62ec6023d380c,01cf7e3d21494c41fb86034f2e714fa1,2017-02-04 18:49:35,76.05,15.79
eddf1b58726e1b53c010f681422195fc,1,76de7235ba0ddd12de1d998e1a5a1722,6c177e38df6d3f34182b1f1d427231bf,2017-08-14 15:30:17,80.0,16.0
eddf262f362444dbd097ffd397117611,1,ea44caac707f7f1325182a538007f838,855668e0971d4dfd7bef1b6a4133b41b,2017-07-26 17:25:26,50.0,11.73
ede1ae813d155e5d908cc6209fb95301,1,ebb6edef98680a55bc741b18c3c30844,f3975e8a41157005d4bcbb358678cd9b,2018-08-22 12:10:13,54.9,19.57
ee038389c9f437f7c0e2d1b105a26038,1,40c6502218c2b8ae624cd1576aac13c1,aced59e9b31ef866a94f9e7f29d8d418,2017-07-06 12:15:19,59.0,6.19
ee038389c9f437f7c0e2d1b105a26038,2,a3b68fbd8f68d8fdff1dd36cf1336b6b,aced59e9b31ef866a94f9e7f29d8d418,2017-07-06 12:15:19,210.0,30.92
ee2201177cf7e3f0d85cfb44a6a548d3,1,8a8f06e954adeacfeb28b9af2efdc354,46dc3b2cc0980fb8ec44634e21d2718e,2017-07-30 23:25:21,679.99,58.2
ee23103ab94d84788e8fb686103c0954,1,a23331d31bc426296b09f6a373f6aab5,897060da8b9a21f655304d50fd935913,2018-02-12 19:35:30,5.2,15.1
ee46e60afd0a0052089f6729df72feec,1,d0fe4295267f15ccaceac4fb233d8c9a,0db783cfcd3b73998abc6e10e59a102f,2018-03-21 03:15:37,45.9,18.23
ee5cda8e001e5e116ecfadae037c5b1e,1,64fb265487de2238627ce43fe8a67efc,53d00c40e32aeb924a84ce72b1af869d,2018-04-27 13:30:58,91.0,21.59
ee708af463026757088ec8811920ad51,1,c6ea63369936552872ae890c82175b4b,37be5a7c751166fbc5f8ccba4119e043,2017-07-14 14:23:40,205.0,18.14
ee79adbd6f648ea3c946d88fc8f3dd23,1,b27ff4b438c93e0dbc08bf543dbe31ed,5cf13accae3222c70a9cac40818ae839,2018-04-16 09:30:25,99.9,14.78
ee9ca989fc93ba09a6eddc250ce01742,1,777d2e438a1b645f3aec9bd57e92672c,4a3ca9315b744ce9f8e9374361493884,2017-05-18 16:35:21,69.9,12.83
eea030f97651f49c9f16e5c34475dcab,1,e0cf79767c5b016251fe139915c59a26,da8622b14eb17ae2831f4ac5b9dab84a,2018-04-23 06:11:36,29.9,7.71
eeb1f86a9f9c08e3eb0bbb7186dccf60,1,e070a61270050c4b1b704300f331cca6,66922902710d126a0e7d26b0e3805106,2018-08-01 16:45:37,69.9,9.62
eeb395f21c0508f1593722cd5058462b,1,d017a2151d543a9885604dc62a3d9dcc,6560211a19b47992c3666cc44a7e94c0,2017-08-03 21:34:48,49.0,15.1
eede6f786783c6fc09da4a544e83e4d8,1,7c55ea4aea1acf1ce11440010f5aa298,955fee9216a65b617aa5c0531780ce60,2018-05-07 14:54:30,399.0,13.42
eee0d370c2154116eb2fe9e4c75532e6,1,ecac1d187a5eb579329eb27d3e4d636f,44073f8b7e41514de3b7815dd0237f4f,2018-02-08 19:30:21,257.87,10.37
eeecf0540c4a674f123d57397790b15e,1,97017430754804328eb9597b7f85da03,ea8482cd71df3c1969d7b9473ff13abc,2018-04-05 06:30:11,27.99,19.04
eef924919d7199a92f9a37712b57885d,1,5f0968068096bd1129c543f3fb59604b,835f0f7810c76831d6c7d24c7a646d4d,2017-07-12 22:05:28,99.9,33.84
eef924919d7199a92f9a37712b57885d,2,b5e87f53476b0084bd9ff8ae015fe05b,835f0f7810c76831d6c7d24c7a646d4d,2017-07-12 22:05:28,99.9,0.05
ef21ebeb08690a0a1e20959c4d9f6357,1,ca112abaf32e02d400ee34f6352b8f44,903037660cf848a717166eb7a06d616e,2018-07-23 14:15:14,23.99,12.83
ef43d5664bd1ab24fd6b38b5a8ca3cf6,1,14dffa241a078aeaebaef48a49e807ca,fa40cc5b934574b62717c68f3d678b6d,2017-11-28 21:13:24,64.9,20.33
ef43d5664bd1ab24fd6b38b5a8ca3cf6,2,3ffa02e2ee2ce17abb51b4545f367e7f,fa40cc5b934574b62717c68f3d678b6d,2017-11-28 21:13:24,74.99,8.13
ef45f5b9b9146357bf702bb363b16899,1,f017f439ad87e9501378bd226f2ce26e,dbb9b48c841a0e39e21f98e1a6b2ec3e,2017-04-13 20:05:42,39.99,14.52
ef4927f51923ddcf7b75fb84f51126b7,1,57f2bc497c1a3ebe41ba7a06d78ed159,6560211a19b47992c3666cc44a7e94c0,2017-09-17 23:43:23,55.0,7.78
ef519547cb72d3ac42ff707948fdb963,1,7724d1e2711ecb5f0b7678257e1a1cc6,7ad32824caee82087b3e2e5f33b1bf32,2018-04-06 18:09:53,299.0,19.97
ef631f2168b86a6efd53a9fdfb9d4699,1,ac18c4fdc7fb66fe4d3d88dfc02d041f,6cd68b3ed6d59aaa9fece558ad360c0a,2018-01-05 07:39:21,46.5,25.38
ef8ce968377e840a2be50d7c49a1f4ce,1,d6b4d1a0d7b4224aa86e3ceff1d78217,bb7a14e229b1c95156719c3d9552eeee,2017-11-30 14:17:53,388.9,66.21
ef8f0e3dd1d5294a7bbffc78a02a21b9,1,bcac6651b527e7de1413038c0df100d7,fa1c13f2614d7b5c4749cbc52fecda94,2018-04-26 17:31:28,999.9,19.44
efa2e42246bfe580af1b33ae96edc78b,1,51d35e4714b113bccacfe7248a13375a,7ff588a03c2aeae4fbd23f9ae64b760d,2018-08-08 12:50:27,28.56,7.46
efa916a75b5d88fd21c5e217c691e81b,1,976738868bdcc86e959ba2a7b726d4d5,d1c281d3ae149232351cd8c8cc885f0d,2018-06-15 19:55:49,193.99,27.44
efab4aff7807bb9194a9f4f434820161,1,4deb009c36a910076a023947a7929201,4c61e37f664c3c88aff092aa5ac779d7,2018-03-16 11:20:25,53.89,18.26
efe7380fd1ca4f19193a35a028f0ce54,1,ac5e0fcc8e524a2889013ad21cdd816d,cd3d09fbe6e3e9ff0c0ac0c300e93ae7,2018-07-26 03:45:12,26.2,22.11
f008d12c8af46ec384fe7917b2991f7f,1,f4efad625ed5878a2e7589dfb31c747f,270297ead4c65a6cd2593960d2af6b21,2018-01-17 09:56:36,998.9,42.5
f0306b5ed43b47782c4f72497dc5e97b,1,01f1608fbd6fc5b04308ff6157326e6d,ef506c96320abeedfb894c34db06f478,2017-10-26 20:49:37,34.99,15.1
f060d1eeb07c0294f897df1ff19d4b99,1,e94df75b2e9a8b056be0c144a731f55c,5cf13accae3222c70a9cac40818ae839,2018-08-13 19:04:49,94.9,23.81
f087f83b6e2db9f35f412e6ce337a35f,1,7a10781637204d8d10485c71a6108a2e,4869f7a5dfa277a7dca6462dcf3b52b2,2018-03-01 16:30:45,204.0,18.68
f0c8f501afe22bb7a23e3721bcc6221c,1,aca2eb7d00ea1a7b8ebd4e68314663af,955fee9216a65b617aa5c0531780ce60,2018-01-30 12:33:26,69.9,19.98
f0cd188382c01c2acf331a637d869acc,1,1acb18fc869c5489d5f76abcd681165e,6d803cb79cc31c41c4c789a75933b3c7,2018-04-15 22:10:12,135.0,15.04
f0cd188382c01c2acf331a637d869acc,2,1acb18fc869c5489d5f76abcd681165e,6d803cb79cc31c41c4c789a75933b3c7,2018-04-15 22:10:12,135.0,15.04
f1212e6a9a3c4bb982fa155936732fc4,1,9545d45c37449ccbc376de3a04c66e71,431af27f296bc6519d890aa5a05fdb11,2018-04-25 14:57:00,135.9,13.99
f1495dcc4cf8d4ec585f058cedc68356,1,8f1138aa9a4a3c0127a10b19fe956cee,951e8cef368f09bb3f3d03c00ca4702c,2018-07-24 03:31:08,47.99,14.65
f14a4d4319ffc65a920a962e0532907d,1,32ce8729ae3e7d91243934373ab532ec,1127b7f2594683f2510f1c2c834a486b,2018-04-11 20:29:13,48.95,19.32
f16cbac8a72057c2daba4b64662100ba,1,7940f574701f6518fea2877012f7055e,dd4d95ba2d15c071e6c695e2ef6ce169,2018-08-07 08:44:07,437.0,62.29
f174b7bb70b31bea3dbfdf7cf9719ce5,1,590d6cb76092faa04d717fe406c66f88,4049512728d969bec69f84088b012416,2018-02-15 22:52:21,104.49,12.44
f19b9413f2deb98fbb76c8f57ca52a95,1,1c76b4e79bb358170ef2565779cecb38,aaed1309374718fdd995ee4c58c9dfcd,2017-08-03 16:45:12,23.2,15.1
f1c39491d69990f9682d8dc91e190fa5,1,8215db96a612d69839c27866feabf350,c794dab4928dd97beb41d05514441e86,2017-12-14 09:55:24,33.8,7.78
f1d6087db90cd2b8feb467f5924d4f08,1,c74e157255c4861775b6885cc14a1ced,9c4d31c7e46ab03a43fc06e3142afd4e,2018-08-21 18:23:55,459.0,11.55
f1d8785bcee63b8e0354436ac2f2a546,1,fc7f47f5160e876b754ce2b83a02c01c,562fc2f2c2863ab7e79a9e4388a58a14,2018-04-19 02:15:20,24.99,7.39
f1fef02958f49028cbdab162242010b8,1,d3e1006ba3735c0d44160026b6e0ced3,c003204e1ab016dfa150abc119207b24,2018-07-27 19:15:08,108.9,15.07
f201d0924f68c1eadbe0e527ae947481,1,aca2eb7d00ea1a7b8ebd4e68314663af,955fee9216a65b617aa5c0531780ce60,2018-04-26 18:31:34,69.9,12.43
f203ff896860dd89c812c809102145ba,1,240ab905c5d99c074894c0fb5a27979f,5cf1ec37aea089f45110c70653a166ab,2017-05-11 01:25:13,15.0,14.52
f20750eceab3ceac5ce19312fd1a12e7,1,fa381a4a9af65ea5fc8f3829214045f9,70eea00b476a314817cefde4aad4f89a,2018-04-24 09:11:32,269.9,15.36
f22420a030f491fdcaabbc5573a9ff39,1,d60c79092c4d9018a9e4f08f24b7a280,aced59e9b31ef866a94f9e7f29d8d418,2018-01-24 21:16:24,45.0,8.72
f26f92a3da58e9c771820a7b4d9a6800,1,1ec486885049bbb9b79351d150ed18c4,cab85505710c7cb9b720bceb52b01cee,2018-02-15 19:35:32,49.9,7.78
f2710c3e65b68cfc927a8aac6ecebe83,1,e95fb3a80ca294f39de925b6428f3a32,d2374cbcbb3ca4ab1086534108cc3ab7,2018-01-11 09:56:20,78.9,9.87
f2710c3e65b68cfc927a8aac6ecebe83,2,8c7fe240bfde64b6a20eec6fdb986b1b,d2374cbcbb3ca4ab1086534108cc3ab7,2018-01-11 09:56:20,68.9,21.94
f2710c3e65b68cfc927a8aac6ecebe83,3,e4c7ed7a832858c17d60ad5e38b00aba,d2374cbcbb3ca4ab1086534108cc3ab7,2018-01-11 09:56:20,72.9,6.58
f27fd91fafee87eccffe0df85538c795,1,40cc62bf0cf7aacfd12d865c196baa55,ef506c96320abeedfb894c34db06f478,2017-06-20 16:02:40,49.99,16.79
f28d2797b047549663f2e82b4afbdc1e,1,ca26080d8f0fa848c329fe732f5e34e8,3faf68a3b0af94b10bac70d86077be49,2017-05-05 18:55:12,188.99,15.09
f29b1fdd44f820a916d3f1946a88c333,1,325e75d20ca67d859f707129be35878e,b499c00f28f4b7069ff6550af8c1348a,2018-05-02 11:09:10,44.99,18.23
f29b1fdd44f820a916d3f1946a88c333,2,325e75d20ca67d859f707129be35878e,b499c00f28f4b7069ff6550af8c1348a,2018-05-02 11:09:10,44.99,18.23
f2d4c5e2504657f6ee0b76fb979dd01d,1,c38640ae3a92231abddd15f1fd863eb2,34056b8b55c1775a22af2331670a799c,2018-06-13 03:50:20,64.8,23.03
f2d872bfea08d627b7910014e94c7e3c,1,26d7ac00b95e35c6592f0c0b289179f6,cca3071e3e9bb7d12640c9fbe2301306,2017-03-17 16:22:21,34.9,14.52
f2f99bdf2e5cc73abc5e135a2ab1767e,1,bc137217dc0cb0559a1f46e0500f50b6,d673a59aac7a70d8b01e6902bf090a11,2018-04-04 16:50:20,27.9,18.23
f304e3c6d822b7221cb9df972c3ecd4b,1,1108e11fe60f34cb7f2a832d96c17137,17a053fcb14bd219540cbde0df490be0,2018-03-22 03:30:57,179.9,26.92
f30e745209cd648c475f3949b1adb2e6,1,a62e25e09e05e6faf31d90c6ec1aa3d1,634964b17796e64304cadf1ad3050fb7,2018-06-20 00:32:18,105.0,16.93
f31cf521d461f5b8b5b1456a0448495e,1,060cb19345d90064d1015407193c233d,8581055ce74af1daba164fdbd55a40de,2017-06-04 21:45:10,147.9,21.27
f31cf521d461f5b8b5b1456a0448495e,2,98d61056e0568ba048e5d78038790e77,8581055ce74af1daba164fdbd55a40de,2017-06-04 21:45:10,169.0,25.59
f3315317ae9053985e17b5378e2e6e51,1,422879e10f46682990de24d770e7f83d,1f50f920176fa81dab994f9023523100,2018-05-03 21:50:38,53.9,0.0
f338453ca69a4ab210fb2f6184e7f6ce,1,5d6be475f90ab9e808b8484a41bce57a,6edacfd9f9074789dad6d62ba7950b9c,2018-04-12 20:15:10,44.9,8.29
f36968a6fff53a64b407f705a0566478,1,3263644ec99e2ccf8b31612ba4f28b5c,c6bda72e4dbf5c5866b13cb1810c6d03,2017-12-21 12:55:49,379.9,16.41
f3730b23378f3e3415e54360e5a7c844,1,165f86fe8b799a708a20ee4ba125c289,7ddcbb64b5bc1ef36ca8c151f6ec77df,2017-11-29 23:08:24,166.99,15.92
f3753df1e0c5a22ca7c2ff5722387739,1,d86a6c48f83b045cbba6df84926a1f25,a3a38f4affed601eb87a97788c949667,2017-11-20 12:06:41,39.9,17.6
f395e98fb5c1c6ce1306e80de2fe125b,1,b6568b6f6f28973098d2856afb8832cb,7901646fdd36a55f564ffaf2dbccaaf7,2017-04-16 23:22:28,566.88,18.14
f3a3becaf45a4f7799cd93b1fdeea2c7,1,bb50f2e236e5eea0100680137654686c,f7ba60f8c3f99e7ee4042fdef03b70c4,2018-08-09 13:15:19,330.0,21.22
f3c19ec2622d12aafeb4c32621b951b2,1,821a07e1e2a0382df1f3761ae3cd435c,da8622b14eb17ae2831f4ac5b9dab84a,2017-12-19 13:12:06,119.9,18.09
f3d113574c163b8642fb44302c8fe0c9,1,9fa7e05ae5cddeb74ff2fe5046b742db,17f51e7198701186712e53a39c564617,2017-07-12 04:03:14,990.0,100.68
f425c83fa6d7f497e5f4a1c243401110,1,521a361808bedd9fffb32181e501e09b,5b179e9e8cc7ab6fd113a46ca584da81,2017-07-03 23:04:24,149.9,17.3
f4264d035517830fb75d4dfced48ceee,1,a163027285e36415230fb2e097366cd0,d6ab728cf30867cf3f1a2e216ae2f9b7,2018-05-10 06:55:13,53.0,7.39
f44845a8eeec9bf829093ad92c846c09,1,d169836257fb54117a84c70913117d6f,17e34d8224d27a541263c4c64b11a56b,2018-07-23 13:50:22,39.45,22.21
f45d4aa8bc99c39436fe3636932ea53f,1,389d119b48cf3043d311335e499d9c6b,1f50f920176fa81dab994f9023523100,2018-08-21 08:31:26,49.9,41.33
f45d4aa8bc99c39436fe3636932ea53f,2,389d119b48cf3043d311335e499d9c6b,1f50f920176fa81dab994f9023523100,2018-08-21 08:31:26,49.9,41.33
f46d498479ef20f7cbe0d471d9ca0bcd,1,cec09725da5ed01471d9a505e7389d37,4d6d651bd7684af3fffabd5f08d12e5a,2017-07-13 12:55:20,69.9,20.98
f46d498479ef20f7cbe0d471d9ca0bcd,2,cec09725da5ed01471d9a505e7389d37,4d6d651bd7684af3fffabd5f08d12e5a,2017-07-13 12:55:20,69.9,20.98
f46d498479ef20f7cbe0d471d9ca0bcd,3,cec09725da5ed01471d9a505e7389d37,4d6d651bd7684af3fffabd5f08d12e5a,2017-07-13 12:55:20,69.9,20.98
f4b76dbfe0f911217da5adaa458f5b5b,1,c00627ba53d46c497a4d302caa6d43bf,25e6ffe976bd75618accfe16cefcbd0d,2017-08-02 23:45:05,149.9,15.81
f4d8046ef75f7f0f6cb957b00531b6f6,1,7c1bd920dbdf22470b68bde975dd3ccf,cc419e0650a3c5ba77189a1882b7556a,2017-08-17 20:30:16,58.99,16.66
f51e3c7f79d1e2c076acbb6af1588b95,1,e1da02256dce4dee2207c36853547c7b,520b493b57809f446cb0a233bb3e25c7,2017-03-16 20:04:32,118.0,12.22
f5218a2401f92542f87b1de5bc3f92ff,1,727a46f0b58a9ef165af9f7ebcfebfa9,e9779976487b77c6d4ac45f75ec7afe9,2018-03-08 11:15:45,19.49,8.27
f5218a2401f92542f87b1de5bc3f92ff,2,727a46f0b58a9ef165af9f7ebcfebfa9,e9779976487b77c6d4ac45f75ec7afe9,2018-03-08 11:15:45,19.49,8.27
f54fc4773a70856861f06fd47df664aa,1,80a28a92c0530e6838d3f35cae419d34,dd7ddc04e1b6c2c614352b383efe2d36,2017-06-20 20:05:31,219.9,82.63
f5505d7f1cc35295b499bba485a876f3,1,f995f36cecde1f56edd98fc83b2b0b41,634964b17796e64304cadf1ad3050fb7,2018-06-25 17:26:35,95.0,15.77
f55863be6758b60482c4bdfa3cd016ed,1,85fd14e978b92176dd210c046abc3540,4d6d651bd7684af3fffabd5f08d12e5a,2018-01-05 15:25:52,109.9,16.14
f5812a9fb42759e8e49d17f11e9d18ad,1,37c871f73c08339b2ee4b6c03337837d,bd697db56ff8e7c9cd1abeb7f72029b2,2018-08-06 09:04:04,199.99,14.06
f5931f16ce0aba5c5f948d17919d04cc,1,fe6a9515d655fa7936b8a7c841039f34,dc317f341ab0e22f39acbd9dbf9b4a1f,2017-09-25 16:05:59,249.9,83.61
f59b0460d13be0dd48e9762851d21998,1,902746d948b5ade6ebe39e5930992bde,4b0fdb526525f9890eb145bf1534640e,2018-08-21 20:15:13,127.9,27.2
f5dd62b788049ad9fc0526e3ad11a097,1,2167c8f6252667c0eb9edd51520706a1,0bb738e4d789e63e2267697c42d35a2d,2018-06-26 07:19:05,329.0,25.24
f679d90195e7c1e11563250d98edffb6,1,7b0837837bc77c47aff31afc04286281,955fee9216a65b617aa5c0531780ce60,2018-03-07 02:50:41,500.0,18.95
f68394e0df67be098e9ed2a84109e7d7,1,3dd2a17168ec895c781a9191c1e95ad7,de722cd6dad950a92b7d4f82673f8833,2018-02-21 02:47:49,149.9,19.59
f68d9380f798cfd964305e853071c0f8,1,8a4c5d65d3fa7a37204ea7f8538f91bd,eb5b6204dde3a6e03b5f1bb8479f055b,2018-04-24 11:55:21,19.13,15.23
f6a40045364c9ef1f9405ef1d094c389,1,62d41a80c366aa2d8644e3270adf8440,25c5c91f63607446a97b143d2d535d31,2018-01-15 07:21:05,275.0,20.79
f6a40045364c9ef1f9405ef1d094c389,2,62d41a80c366aa2d8644e3270adf8440,25c5c91f63607446a97b143d2d535d31,2018-01-15 07:21:05,275.0,20.79
f6a40045364c9ef1f9405ef1d094c389,3,62d41a80c366aa2d8644e3270adf8440,25c5c91f63607446a97b143d2d535d31,2018-01-15 07:21:05,275.0,20.79
f6a40045364c9ef1f9405ef1d094c389,4,62d41a80c366aa2d8644e3270adf8440,25c5c91f63607446a97b143d2d535d31,2018-01-15 07:21:05,275.0,20.79
f6a40045364c9ef1f9405ef1d094c389,5,62d41a80c366aa2d8644e3270adf8440,25c5c91f63607446a97b143d2d535d31,2018-01-15 07:21:05,275.0,20.79
f6a62f93fc38410844863ed6a061f425,1,59f05ef2066d40581892a96722e9c465,1c68394e931a64f90ea236c5ea590300,2018-01-03 09:51:44,152.0,15.81
f6a88671e8773e56db1b3d82d29a01ce,1,4419a1c234d848b2bc86c53b222499b2,cd68562d3f44870c08922d380acae552,2017-07-17 20:43:43,119.0,12.33
f6ac794aa8cea9470250b0af77efcc17,1,72b88dcc0910a3d1db986870c1515029,83deb69e889cf80f82be1dc6d5f2d486,2018-04-19 15:31:46,94.9,15.54
f6b066fe810a20c879b7a4aa8ffd30af,1,7344630ca6c1a4917e55f35c729baa7d,db4350fd57ae30082dec7acbaacc17f9,2017-05-25 20:10:20,16.9,7.78
f6ed6898419c893a57cd88e7dbbdb2c7,1,3ac29f1f25166dcc60b97e65d9a5885c,440dd6ab244315c632130ecfb63827b1,2018-03-05 18:48:22,144.0,18.26
f6ed70efbc4d10c18ee1897b7d1a7ae2,1,306d69bdf4ce0d89bad3e622e443cf47,6560211a19b47992c3666cc44a7e94c0,2018-07-25 11:20:34,49.0,7.6
f72c493e7f65e42101baca23c7c2fd90,1,21c7ae0df2196c656289e946024f9224,ac3508719a1d8f5b7614b798f70af136,2017-08-02 18:23:46,189.95,21.82
f7361cf43f37fb3e52d766023b2a2205,1,86c43103446290e7efacad3701cd654d,6560211a19b47992c3666cc44a7e94c0,2017-05-31 09:10:18,35.0,7.78
f73b31435ce6dec43df056154c39a1ce,1,5ece1e51ece4648de249ec6e9d007fd6,da4d149c0ddbac90557103ac0a0ec356,2018-08-24 15:34:56,730.0,45.98
f7404ef9274b77e82cba63629c091e3f,1,ab328a14d2698a726fe1ed2695f5f43c,8f54d64f28a993550aa7943f12572959,2018-04-12 03:08:22,57.9,22.12
f74730419f6f2508e020bfb728606058,1,3e935c981d34489d33ea5c721ab2e14c,044668ccd5316b12a7cf0d54a156e3e9,2018-08-17 18:05:21,33.57,8.4
f74730419f6f2508e020bfb728606058,2,3e935c981d34489d33ea5c721ab2e14c,044668ccd5316b12a7cf0d54a156e3e9,2018-08-17 18:05:21,33.57,8.4
f76b26cd77226ba5e1e3c800cf1e6ff2,1,181abab3cccc131f868d3bc7a5b97fd0,97e4a63591ca439a2b8b7efd20e6e19e,2018-07-24 11:50:10,69.99,11.75
f7780ea2807db31691e83f0013294035,1,904a9e449fbfd90da738ab70ae6ca003,f262cbc1c910c83959f849465454ddd3,2018-08-01 15:35:16,59.99,7.68
f779d4c1a2d02746570b5124c38302fa,1,a50acd33ba7a8da8e9db65094fa990a4,8581055ce74af1daba164fdbd55a40de,2017-06-15 15:50:16,117.3,25.66
f7a0b8c521ea81bf3536ad4ef99fd376,1,78f29023586e374cdc3773ce0af6bd2c,960945e1a9535cbc0cd6ddd35fbe7ae8,2018-08-28 10:24:05,130.0,13.21
f7a282c5fe8addefb48793a1a8c2ea83,1,2a2d22ae30e026f1893083c8405ca522,1a3df491d1c4f1589fc2b934ada68bf2,2017-07-27 21:15:21,134.9,14.34
f7a282c5fe8addefb48793a1a8c2ea83,2,2a2d22ae30e026f1893083c8405ca522,1a3df491d1c4f1589fc2b934ada68bf2,2017-07-27 21:15:21,134.9,14.34
f7a395a125a7e8815b2b8c19bcfd6967,1,c403e106353e1aa40efe783ecb39ed7a,d2374cbcbb3ca4ab1086534108cc3ab7,2017-05-08 18:45:15,38.9,14.52
f7c13c71907b58b590da46643fda3bbc,1,35afc973633aaeb6b877ff57b2793310,4a3ca9315b744ce9f8e9374361493884,2017-07-07 13:43:47,89.9,15.38
f7c5c5ff5045e13c98901bbbf8e871d4,1,952670bc019a73f0933157ec82ff6e4f,37be5a7c751166fbc5f8ccba4119e043,2017-08-02 18:36:24,205.0,26.27
f7cc237b35aef540d178cf5c41095769,1,5c61329e1b7e18310bbc294c17cd47bb,caa9bc43a9fe8cf9c564ddd8a03cc4a6,2018-04-23 05:50:54,89.99,7.49
f7cc237b35aef540d178cf5c41095769,2,5c61329e1b7e18310bbc294c17cd47bb,caa9bc43a9fe8cf9c564ddd8a03cc4a6,2018-04-23 05:50:54,89.99,7.49
f7df648b228c22aa46208224ab0fd67d,1,d8aed41af112033ae4733abcf1f206fc,0241d4d5d36f10f80c644447315af0bd,2018-08-08 11:44:24,129.0,29.38
f7e9f0f0c92fa9d46dc73e8f6d28ab96,1,8dc3769c164b93196708d01eeca631b3,1900267e848ceeba8fa32d80c1a5f5a8,2017-11-17 00:56:08,99.99,12.2
f8033eab5248939afe7fa7feb4ac4866,1,dc4adbe80b638fa8ed7ce4d2822e05af,5f2684dab12e59f83bef73ae57724e45,2017-11-06 00:50:22,99.9,18.0
f811bab9c2621b4c181ebc2cb4605614,1,acd9803fca3010f5ad0f3ebefb53e5e6,7ad32824caee82087b3e2e5f33b1bf32,2018-03-14 11:56:35,199.0,19.27
f8327f59e5ec97d2240579e1dc6dfcdc,1,f5bb0eef3914b07a9dea355a6a3069da,ef506c96320abeedfb894c34db06f478,2018-01-03 04:12:36,25.99,7.78
f8332e57ea462615c306d9c51333b744,1,fa39c60599eb6573020f07a1b4dd38cf,0bae85eb84b9fb3bd773911e89288d54,2017-12-05 18:12:31,86.36,17.85
f838a927949e184c27e9965fdb239fcf,1,8bfcc2900410d032d52f24991311a009,dbc22125167c298ef99da25668e1011f,2018-08-08 22:30:10,39.9,13.62
fcde2f7449493b4f207a23fae117b0fb,1,0d8c64a12c0e49b2515674c031b965a1,c6218512d16fcac0af02fe92691cf274,2017-06-01 00:33:09,55.0,17.64
fce05609044e53ac3adaa8ecc88301e0,1,4025ee582ef6b8c478af3b44cf89054b,da8622b14eb17ae2831f4ac5b9dab84a,2018-01-25 15:56:16,24.9,15.1
fcea4bf64c9d15bef64a683ae2243e35,1,3af6d5f9fdb78f106c003ce49d7f0186,42b729f859728f5079499127a9c2ef37,2018-02-28 08:28:32,32.9,7.78
fcf380438c697a895901151d7a333c5c,1,d1802b79d2e79841cc2cadedd8d4e6a3,b8d890108a7a80e4f5d59eea9f362438,2017-10-25 12:26:11,29.9,9.74
fcf380438c697a895901151d7a333c5c,2,d1802b79d2e79841cc2cadedd8d4e6a3,b8d890108a7a80e4f5d59eea9f362438,2017-10-25 12:26:11,29.9,9.74
fd15c3951b25d11abd0fcc3518ef2b42,1,2597fa111c97e1e8a782d555e3a4d83e,79ebd9a61bac3eaf882805ed4ecfa12a,2018-04-26 07:30:52,69.9,19.46
fd26702a3f7ee5d86580de591ff53e3f,1,c1488892604e4ba5cff5b4eb4d595400,1554a68530182680ad5c8b042c3ab563,2017-07-11 03:04:05,38.5,17.92
fd2af1836362513c249c7ae85941141f,1,787049a00ace087394d4183387405ee1,9d5604a1f112324ad6b2aa552122e0fb,2018-02-21 22:50:31,39.0,27.2
fd2b4179de3cceb73bc884f6c19d85d0,1,4bebf188c775f30a151f05ab7501e290,6338ea67c41078a46ad99cc009654956,2017-05-19 18:45:15,31.99,34.15
fd2bcdc6e3cfe79cc7ee426bedb8d467,1,fe5827d110a9ba59d4ab407e86ccd6eb,1127b7f2594683f2510f1c2c834a486b,2018-07-24 18:30:24,19.94,7.4
fd3634dbb2f578420b7b7dc1633766ce,1,e1dc23d88d327fefb34f58df7d6be272,6edacfd9f9074789dad6d62ba7950b9c,2017-07-06 14:15:12,89.9,14.38
fd5771079a027230000ab7992a902f0c,1,e7cc48a9daff5436f63d3aad9426f28b,53243585a1d6dc2643021fd1853d8905,2018-08-27 10:10:28,199.0,10.52
fd5dcd7ef5f731d33e85a73c6a76e4a9,1,84f456958365164420cfc80fbe4c7fab,4a3ca9315b744ce9f8e9374361493884,2018-01-11 13:48:31,99.0,17.94
fd732412d4727a9a7e0d6231b2ca11ed,1,afa3a51dec198b1d14a0c19849dab3a8,3504c0cb71d7fa48d967e0e4c94d59d9,2017-08-24 19:44:26,29.9,15.79
fd7eb2117233aa5ac29e94a28e082077,1,c4ee4437696f1885d323b41852fedc8c,dfa0c4c6229ab200a4a1336b4d7128ff,2018-08-01 10:45:15,26.4,15.29
fd7eb2117233aa5ac29e94a28e082077,2,c36bf06e0eb9da82511d954d8f25114c,dfa0c4c6229ab200a4a1336b4d7128ff,2018-08-01 10:45:15,25.9,15.28
fd7f923cec63405c5df9b1f05d0572bb,1,c432f90fa332fd2e5091f2ac2d226aad,9c1c0c36cd23c20897e473901a8fb149,2018-08-16 11:35:16,124.99,22.63
fd965a5e6e0a6b5d4e631551ecd45b9c,1,f521813909e310116b6b2f0b11f3dd44,09f952a5f58d2285b0372551ae8f9b01,2018-05-16 17:55:11,97.0,12.75
fd9b6d62141f417da1ea28881ad297ed,1,f4562f701031e9ead90f426761bed162,be9a160a9011f627c3e121d076c1ec7b,2017-12-14 13:38:26,609.0,46.67
fda14ed39c4cbf5c218cad0c470ce3be,1,f15c46e2da924b1fc76fe638911262bc,522620dcb18a6b31cd7bdf73665113a9,2018-08-07 00:20:04,369.0,21.77
fda6b3dc0172753cc6d00bddb5d4a6e7,1,f4e4b2101f8c3afd7b8a8546e9d706f4,d91fb3b7d041e83b64a00a3edfb37e4f,2018-06-18 16:40:37,62.19,18.32
fdcb3d84b078ed61f1432f41e60e6aa8,1,27535386be7362e36d9e78c2afb8c0e5,94144541854e298c2d976cb893b81343,2017-10-23 17:10:52,1199.9,23.16
fdd1fb95516e360a47c2a3babcd4edd0,1,7e0dc102074f8285580c9777f79c90cf,e26901d5ab434ce92fd9b5c256820a4e,2017-04-14 02:45:18,34.9,14.52
fdf440c2e9c4b940d8bac16acb13c7c0,1,63888810573fd78e60644cdf803cd2fa,537eb890efff034a88679788b647c564,2018-03-01 17:10:22,29.9,14.1
fdf6635fc014c7f771754eefe24ff684,1,d4959e4f53f19c94abec965e966c7ca9,ac51cac5e20d69ff485a54746488ef48,2018-01-18 19:09:18,319.0,28.77
fe114439ae61b71927352b185b73550d,1,a5bbc554f75cf4afa2cd56791015ec27,955fee9216a65b617aa5c0531780ce60,2018-05-11 12:15:30,55.0,10.6
fe157fed1771944584f95dce138eefad,1,0be701e03657109a8a4d5168122777fb,8f2ce03f928b567e3d56181ae20ae952,2018-06-15 03:12:31,259.9,45.53
fe2acdc8b73107a92358adf3005a5433,1,4b05791ca096d2b0b87fd292dbd751a1,59b22a78efb79a4797979612b885db36,2017-09-07 21:50:24,26.9,15.1
fe2acdc8b73107a92358adf3005a5433,2,4b05791ca096d2b0b87fd292dbd751a1,59b22a78efb79a4797979612b885db36,2017-09-07 21:50:24,26.9,15.1
fe2c0c8f40ab6263806c513fe424fa44,1,386486367c1f9d4f587a8864ccb6902b,cca3071e3e9bb7d12640c9fbe2301306,2017-11-13 14:15:20,113.57,13.81
fe489200f721ffaeee9f708dae591569,1,a03b43c945af2e3500b0dde49fbd87c6,3b872fd4747f01cc56206f2934198618,2018-01-24 22:16:18,99.99,49.23
fe62bcdcf8ce8da3e223a41f588abdce,1,effa78286556d5e79cda2b4aba96a534,3d871de0142ce09b7081e2b9d1733cb1,2017-10-04 21:49:10,34.0,13.37
fe6de2a2f0a13307c3b9718817d14c7c,1,c2bd03501cf7f4f3a1201e6069155bc0,cca3071e3e9bb7d12640c9fbe2301306,2017-07-19 21:35:18,50.1,16.11
fe752108fc4e35deba17eca323635246,1,6a44a19c645421001ab4d4c7eb1b687f,76d64c4aca3a7baf218bf93ef7fa768d,2017-12-28 21:11:04,329.9,87.93
fe91d55ea129eb6d5a2d5fc82bcacbd0,1,6afab9e71cf3c11c8baa174027ef4312,651fe66032c9520ee5587f694908040d,2018-07-20 09:04:17,29.0,18.3
fe98cb0615a7611265d8955be5ca9497,1,e950f579a1170b4e385f734c5771e9f4,c5f7feb04a6a1fb3596322bfc3cf1917,2018-08-09 20:35:25,37.9,16.46
fe9fae71b4fa7d05f1934adc54391f8d,1,06f0e85c7892d5df893f332706340af1,3d871de0142ce09b7081e2b9d1733cb1,2018-02-21 14:46:54,189.0,32.35
fea37071a9fe1444fc1ed7f316b68478,1,7dfb24c54964f42db9b9789bdae92cc0,30a81d8cf85fb2ada1b1b094c9583a95,2018-07-06 00:30:30,34.99,7.51
fee41f55534a71ad5fd16ac61bc5281c,1,726b4e18f00255e2e63491bcba3f60b8,00ee68308b45bc5e2660cd833c3f81cc,2017-12-27 06:57:38,85.0,62.41
fef88a82df9affd47bdc67a4c8bbe4b2,1,dbb67791e405873b259e4656bf971246,00fc707aaaad2d31347cf883cd2dfe10,2018-02-25 21:32:05,79.0,15.3
fefeb61b51f4a30efa5d44a833e3a797,1,553e0e7590d3116a072507a3635d2877,1c129092bf23f28a5930387c980c0dfc,2017-12-03 23:49:49,39.45,9.34
ff0d5a38b85fbd18f685047969739467,1,f71f42e2381752836563b70beb542f80,85d9eb9ddc5d00ca9336a2219c97bb13,2017-10-18 17:49:23,31.9,14.1
ff36f4d6d98c0b2a7e70acb7d1b3f139,1,6b80b94c131c21e8a80f8139fa458329,4e7c18b98d84e05cbae3ff0ff03846c2,2017-03-29 18:35:16,109.0,57.3
ff3a6dc71d198630c018885d4049ef6b,1,925e74f05a815d63be377531002e29b3,d2374cbcbb3ca4ab1086534108cc3ab7,2017-11-22 13:55:28,48.9,11.85
ff564b0dff20427ba484d7e2efe7e7e5,1,4cac1a12a6fe9ffba4a9556dbe582e28,7ddcbb64b5bc1ef36ca8c151f6ec77df,2017-09-20 12:15:12,25.99,16.79
ff8bdeef9673478654432c723a74309b,1,1b7b45fba5ad23e8117914f8b36e6772,70eea00b476a314817cefde4aad4f89a,2018-02-27 09:31:06,159.9,20.61
ff98857a36b901baaa0dc19c6fcf65fe,1,f59871b3d9da4c64cbe41ad3dd04dc14,116ccb1a1604bc88e4d234a8c23f33de,2017-11-23 20:31:16,12.7,15.11
ff98857a36b901baaa0dc19c6fcf65fe,2,f59871b3d9da4c64cbe41ad3dd04dc14,116ccb1a1604bc88e4d234a8c23f33de,2017-11-23 20:31:16,12.7,15.11
ffa2a7fdee9759a1c69f742f0a21d371,1,e0cf79767c5b016251fe139915c59a26,da8622b14eb17ae2831f4ac5b9dab84a,2018-02-21 02:55:46,29.9,8.11
ffea5b26be781da4c215c0feb484f4fd,1,ac23312b29784c30304f2ec719891690,066a6914e1ebf3ea95a216c73a986b91,2017-06-08 17:05:17,119.99,20.08
fffb0b1a50e65c449020434fa835e078,1,e7be84ea9462aac5e2b0b08eb35ba7f1,36a968b544695394e4e9d7572688598f,2017-04-28 16:45:12,4.9,10.96
