customer_id,customer_unique_id,customer_zip_code_prefix,customer_city,customer_state
c4cdce4f982f9bb93096b4ba5cda6e5f,e172b745f906d16a3ab5ee68b06df0ae,41810,salvador,BA
8b0bffcded3c6fc1514ab88b85d78d37,f0e05d7d6a629ce2768fc7d923ee70b2,15170,tanabi,SP
c8b49d3cef4ddd3164f67ae9794b3fea,58a198cc54414ab451a411b3b286a583,26574,mesquita,RJ
d1aa5ebfc5c16caf331b1f4a1788b998,440678e8d565a7d5ddf192711617cf50,05588,sao paulo,SP
81396cde975bc2d2d859247510aa71e0,c847373ba11946ca0e30ffecda3c5be7,35920,nova era,MG
bbb9f5a943f8a29dfe08dfa1d45b1415,9861a06ae5688c18743a3645c8d40177,04718,sao paulo,SP
202cf72513728469b2956e562d56015e,96a3fdec65c97bb4195ca3be48945749,18085,sorocaba,SP
37aa35bff555a25b9de984deaa0b514d,567f80d13acb77cfc2b4e3a516925eaa,29302,cachoeiro de itapemirim,ES
806c6547c32d65555fb424fcfd309a92,6c2968debfd83322fb739be4f2e7a7b9,90660,porto alegre,RS
47f2b930037868546be2c3297f60c82a,673afc05fa081ebe870d2490a39c17e7,71670,brasilia,DF
2026b1c867563bed4845509e3020574e,214d4e74738e2c03bcb4f6bbe69a20bf,35680,itauna,MG
938d7c6ca75d21eaead497f169ac197e,56ebae6a617d81baac2e108387429255,33920,ribeirao das neves,MG
e10ac1f32d57ca783af63540d3ec375c,063f4dda9bafdaa9438900f29fe9e0a3,86703,arapongas,PR
68d8144a07678ddc6c45bf0af744e865,06befcbb6c53f601d005532bb48d7410,05016,sao paulo,SP
10534aa113c7fbf11192c2e7f2763052,4c612026edb8aa0feb52df6c4962f675,39403,montes claros,MG
d854800a320bbb07b484f76894e4638f,a813e96ecd044395587037a8314a4151,86700,arapongas,PR
e89af99c5a7a7b75b0bea8f5c0d00777,76e775d32aef370ef5cb282b747d7916,98803,santo angelo,RS
033be315f82e41697260be39939d3662,acfca8c3549ceceba9e125afc0349610,81530,curitiba,PR
dc3228becc9cda34ba2ee67aec398f88,fef4049e57292e6a12d1aa76fd65637e,31170,belo horizonte,MG
6726c2dc9955a5617dd2144d32eb986f,36d8163d058b1fef06dbe40506eb8aa4,02202,sao paulo,SP
953bf9515f1c2fa444e76ebdd43fb1a9,46c77557bf7c39b4ab3d1e16323dba9a,04581,sao paulo,SP
d4d42d766020a2cab496ebe924934162,306736007abb1d2a4766945f1ca006bc,11520,cubatao,SP
58eef387307ca6f5acbe151dbd4d1b10,70f437bf3a02c658a32b320b87e25127,06328,carapicuiba,SP
ddf98a7aaeadf47dbd2a7fa2e82eb3ed,766c81a2c833af9ca5fa917a7f1a506f,08674,suzano,SP
c5a9ffc867b51a706a06ac6e1e3fa61a,a75583a63d1dc5591fee025b0a670c9b,04116,sao paulo,SP
c352445d447e16c25ee542299b98642d,06dd5bbbb6a2fd7e3baab7f88dd3c1ea,17013,bauru,SP
799ab180cdad13095179c83089b9c94d,280277c93c199bcbf317c58cf273fbf8,02330,sao paulo,SP
ba668ea30c47e2012890846c77978d03,1f577f9d2fc2b5baa6d19772989201f2,04082,sao paulo,SP
7317f41f2cf650174af819cdb68284f0,047c439e6c563abb6ab4b9ff18298d55,64228,caxingo,PI
b8694b002470eab0f605638f4427d499,e95816344b80cf6d81799e1f75e3a456,05577,sao paulo,SP
4a0a9ff7be23502c8356f3b5fbf5472c,1131d0d5f1d88abc31671dc4d50371df,37200,lavras,MG
d4911eb6b6642de30488f78e70a9fe5d,e026ef170c6c747799d77de7b6eacc93,09751,sao bernardo do campo,SP
55295292eefde14db24c4018c8fb550a,b3d6341ff10832a54716444780256d87,05835,sao paulo,SP
0cd43fdae479c385b043dcbe71f99bbf,b71c64d5f90f3116ff65fe1327f5bc5b,45605,itabuna,BA
96215fbe32b8d5475f7ba7c4e9593dce,197df65a4abaf80e1db63bcd10d81eb3,02314,sao paulo,SP
e0ce7391d9564824f77eca9c2c99f1bd,7c778e5a4b3bd2bf2baf60e8ec9c50ae,28300,itaperuna,RJ
e608980439b12edb850750947d887089,804099e1ffeda3c487d531fbb3e65430,29045,vitoria,ES
477dbe012cf30f41f78e400b11aa5013,7314422176ee7f17fe020b8a9569b994,22770,rio de janeiro,RJ
4f1d63d35fb7c8999853b2699f5c7649,ebf7e0d43a78c81991a4c59c145c75db,13560,sao carlos,SP
c80dacf7bf207169171e7c16acacf880,9dc5c5fc0d7bc5c1499d9e36d7916c4b,08223,sao paulo,SP
9046e54eb6f0639a45d278973bad06ab,8f05d5c09f7e443a1f2390c7c900022b,25963,teresopolis,RJ
416c0bf0ad270a0ca1960aefec7ad6dc,4820f42c8203dcad5d2c17cf363048b0,01315,sao paulo,SP
28802391b537abb352ee02f689cc7abc,41fca1fccfc3da172a2fc165122218a5,13175,sumare,SP
9e360c86b97c7458c2066f452923b976,0436a3bc8327867df10aea0ee8cf8790,96020,pelotas,RS
14d869de34a3ce7e3930301dafdf02e5,a4f91098516f4a5274df6de5258c14c6,13575,sao carlos,SP
dc9919c18e50e3160afe68a91cfcbc6a,c6d44715bc4825c73c205c39646c648a,13500,rio claro,SP
4f259c289190fa3fe4f22ce16b175022,931ffb1e68127d25ba8a9285516f116f,84280,curiuva,PR
b8f8bff5816a15d1951795b05a919cce,634bba2731b949e84282ef83f2b28490,51350,recife,PE
1e7989c434504343a913116ac6f213d2,ce1d0876b7b07d81384324cb64261d5f,64218,parnaiba,PI
101bde446b970893ef813dc3e88658a1,52327e23bc5c8a9564962854d49b38a5,06142,osasco,SP
98e291daf328c08849cb0369cd861a14,a664ec600630ffc8df7fc7f4ab05f506,03134,sao paulo,SP
9f645fa658613288487fd65c3dc104ca,4ef969bb2229773bec2139a27f2187f0,38600,paracatu,MG
b2930651f79c65466a1bab5fb5baf7e5,bd260558a19c1577f663eda16fb79224,08472,sao paulo,SP
9f5a2f912f123d541a318029712fe90b,e25e370b86824ff1a40d01c259cadd98,95760,sao sebastiao do cai,RS
aa8825bc17f2b9387c3a0e0b2016f1dd,ee2aaf59280b2b6c1e4bc11f88704391,06700,cotia,SP
00650b839d32a071b1025af8ca26dd13,c573caf2e2c12c731885273e03dc5471,66055,belem,PA
819de07331adbd18c444712e08d51dc3,4779a145687aab950980bf8f709c3136,16200,birigui,SP
83730488524b0398123e465b5b9b3e7b,a13349a415096604155fba765fa21b34,29700,colatina,ES
cf60e547390ad78dba593467dcfd853c,64105b5f00ac5eff4120459da7f32cf2,89284,sao bento do sul,SC
7c6ad448c2b439bc21d9b7c43dcae72c,66667004a3cf33fa576974608b7f857f,35920,nova era,MG
1e8e836ac89751f2c688d1fbf8a3aee4,d085cc1b1cd2b4159b31dfb6543a79db,31015,belo horizonte,MG
4bf3c039809b9e6d39e8c207bb5d6325,2efd222acea6e5b2c294ea65af6424f5,96495,candiota,RS
2a6d528bdc943b263029c518703f5367,aa45ad0284650e38707f49e82b230f69,15503,votuporanga,SP
36cc031ab99b639ada133b4cb346f826,c6df3869c263531ebd51f0454a353605,96020,pelotas,RS
79c672ef1735d58585e076fb896276b3,e49047a4c83acc67477aea24e68e0d10,12324,jacarei,SP
748ccb204126f50c1afa1315a1cc0f07,95ae7a8953402f288dd9be0cdcb5e722,44075,feira de santana,BA
d262e8fcc210139d0efa2bf2a24fc0ea,be09bc14d8a3f5cb25c70ec3ab757266,58324,pitimbu,PB
c8728a6ecadbec957fde55e78ca8d03d,7a719658eed0828e426754ed3aa9eb2d,19200,pirapozinho,SP
7190e3096142c612e46f988bffd57529,345b62837e70ddbcdc88fbdf7c99f7f4,72850,luziania,GO
015bbed5b941c909ebf091ead5eb2a05,b854fe698a5384ebcadcdabe7ceebbb4,86300,cornelio procopio,PR
ba827769097443c480330d84fad09494,76ffb5b3f1186c6c8022f6047ae9ead5,74650,goiania,GO
bd989dd640bbac52bbb0fd92fb8539ac,93eac6e21b2113a6da9ab2aaec1eefba,18035,sorocaba,SP
cd4770c383b9ca3fe4a43d4dc3cdbc41,99d9b97b49018409d570352f6f42ee33,08250,sao paulo,SP
ec0c08af5c172f4e494932f5c75e4458,00dfebc9135c7228dbb2239afc214bb5,12030,taubate,SP
2d0402de72b302a2627bfbf8a1e7ea93,801f745b604d8deff64078eb05583a98,22730,rio de janeiro,RJ
72635e45d44567d9e5abd4ee714f8d6d,6db338b8c4668e9e6045c00f4666cda0,37200,lavras,MG
939e0c3e47b5402a26179847300547ca,87e10490e24f34fe5a034de34504f055,22240,rio de janeiro,RJ
d30553b51b521018932b96d1eb08d678,36431e91f6336fab411cb56087bbc8f4,22030,rio de janeiro,RJ
7a9e4631c3fa2487b3a4d1a9becf3701,0e3c753956e35026b965d9ac3590c5af,28013,campos dos goytacazes,RJ
4acd2f01ec378db9eca84598a4f4ab0c,b3d860b82d81105b87ac6614e00edc7d,14050,ribeirao preto,SP
9f26cf541e3e5cc2e1dafa5555cc78ba,4ce0576b07cb50460ec8226b4efae247,22031,rio de janeiro,RJ
c7c6c700a70e47413229de2fdea0528e,cb5c2926577bca24141260d0fd814ad1,88050,florianopolis,SC
04ab012a558c5d12ae6037840f85a860,4ce627d55383d1d22fb03e7555cbdc50,03568,sao paulo,SP
f15ad839f9310522cede84e46d072995,2c70befd43543a529e36b2189d333b83,88015,florianopolis,SC
7bebaaaa1a33db48ca58e50d6af76be1,c179057f564af5f24ea3d13b24616f19,11444,guaruja,SP
a051bfa54366e22e1e0df328c1999bfc,3ea1c0d5c92973751f10c90168fb2f52,11680,ubatuba,SP
b85e5fff3dc72b68afe4d7791b495a62,5c27983bc11adec1ea63921693b257bd,11705,praia grande,SP
c85790678eba7034f14f08ee44c67c21,ed917c786a8a3e411eae87aeca27cb27,98005,cruz alta,RS
cb567aae66e06084ca13b05acf19692e,23f60e301f61ecd6c3337b9749d68f97,04190,sao paulo,SP
18b22d597785579797e1526c9621beff,a02e009cf5e84437635e98fd7478353b,09854,sao bernardo do campo,SP
4ae48f8e3942147402a1286118601c83,dce5a2ec04713ca71d7fd432f45b70cc,28640,carmo,RJ
6c7a5e32a79b013a97a9f9421fc18349,1aadf4a9e0a37b068ca29e210986aca8,86050,londrina,PR
93c3f15b475d3800c0c2e1606edb0d97,7ba1117f6db163e3bab9c57f8b2f08a4,07750,cajamar,SP
da7ad15b4e8b7a4c99e41ce7a4a0a1d3,0ee1969ea903c6be704958e2300068b2,67200,marituba,PA
8e9bb73ffd143cbd9ac3766df76aaef9,b7f170888469e5332e43c92edd77793f,37805,juruaia,MG
0fbd8d7dd77b4aa7c3b8a93ec376a581,7db16fffcf785af3c3a7d5f623d9be65,13568,sao carlos,SP
e9ede5481d28f0d62e9ac3b6a839d7f1,9c01c455e8859823c285c9a63225b05e,37260,perdoes,MG
7bddbcc91c2a6935d6c06d3cdeced6dd,ef083f7e13f5a01aa63a89465d3b8f5c,02078,sao paulo,SP
2c0f7357417a5ffbe649bd35a797804e,693b3203dcd4cef5288c5fd8d53f0efe,12720,cruzeiro,SP
44e8a890084067f1ccc9689987c6d001,5f435bbe57e905e19378fa56b60e9d16,27580,itatiaia,RJ
487a1ff2c6a61d9df9dcd8a94c3914c2,cd6173be20a8569b0c08caa941074ee0,65058,sao luis,MA
1b00ab4ab200e2215c0913759051f47c,f2d5c06e0212bc8889908ad1160cf741,07190,guarulhos,SP
5e06bbf7e96e7db95a4c42d998405bd5,a6c30122e649c21333637e3a8656ee8d,02022,sao paulo,SP
e9ca879579f4bf6379cc71a0f0d10c2f,adcbd7364a0b76b4be25551270603452,13084,campinas,SP
11cd281d555bc011b8f9ed53d78f0d64,44bb109ed74da8a1651f3e8886eb56e5,20261,rio de janeiro,RJ
aa3e69930a8912ca423373a6b5ac4f56,8c1f36ef68d459b06466c01063b7ec19,28230,sao francisco de itabapoana,RJ
1894bfd42e8ad783c68fc0a21c685916,6862a79a2938bfda3feabe68f02e22e8,12288,cacapava,SP
7b18513ebd2fce36ff6408b7805252d6,7c08ef032b9154ec96c36da83b4a1e92,16200,birigui,SP
63433f6eb6f0a79cbb24e940d0ab17ad,6222ef69df52b4ed71be551725551cc0,82600,curitiba,PR
d6bcb58cf4ddb4688e8ff3adfd7b1458,00b1b0f856eb804d554ceab3d8f1dc35,72130,brasilia,DF
4083d0e18e1e6e07db7707782f01a4dc,4d44ad414848e6e8335235959aa15b32,92010,canoas,RS
095e83440b663f60b4fa7b13731f0a04,fb68daff9a009ca8d050e427e84c231e,88585,cerro negro,SC
2f5c5ebb61f2eeb48a990244af12827e,1cadad7b5fbc2c6f0f21ceccb1f043b1,11015,santos,SP
1fe381f4b615df3b145782822bc200af,f209031dfb73259acdff1c59053f090f,19800,assis,SP
e27a8cc9ed6af44e996a710cc9c09565,1008b3f31c6a196efdfc4c1300b72ffb,29706,colatina,ES
5584b1ace8b18cc156ce51b989fd2958,b525e356a742ac8d016275a217de225b,83206,paranagua,PR
1e5f21f18acbf4055a7da15ae09bf968,a4b00de045f5f5e70fe9b0560e70be51,05438,sao paulo,SP
da6f87409fcc1f75e9bce0ff233ace2c,657ad7b3b7a1c9c9bc3fb26bca5b6738,14781,barretos,SP
460dc8184b5df8c865de24c0a5b69fd3,68a0455356d1c5f8f28419184e72ab1c,06654,itapevi,SP
49b0b78f8fd6fc95605c46e685c4b611,d77caf275e9f22055520d5a58bf0691f,09350,maua,SP
ec5ed55d0ce3f856a71dc2eb71e82cb5,c907cc6d05b62eb09d63c63462a7fa2d,88034,florianopolis,SC
020fff139f1af3a6dff28456f386fe2d,00705dcbc0b9cad67abd658612770905,01151,sao paulo,SP
6100596c2f854c0d6769aa8a2e929f26,ca0cd77819a2427d6ca0e0d0e92de58b,17890,junqueiropolis,SP
0bb2df81f240ddaa795107ec087ca5c1,dfffec82c4dcdc371c6cc868a389f634,17030,bauru,SP
8df826101613bb32c800c08bd0b16cb2,2208d8e665794e6af2dcc9296a880a33,11900,registro,SP
49c62562aa524f7e52c41008a9f187d3,d3daedaaef0b4f26e57483ff486d864b,12505,guaratingueta,SP
530d2038f10bff32ab518da55c93cb0a,7c3bbffb69459f6a3663d85b707cd681,20241,rio de janeiro,RJ
186da0669cec6692e20f9bb2f1985aba,c514e06f93d163750257e727d01edab4,06865,itapecerica da serra,SP
9018b88fcc77a0a7fa71b70a15375239,b3a893e4b097bbf72dbb1ead256ec665,35179,santana do paraiso,MG
d6b83ccafd98258fb986afe81823a923,f0fb7b197ca6e41e0e03ffd685eaacd4,88060,florianopolis,SC
0d47b685e9e483c338f38fac97429145,0a98c14ccb634eeba0094e7b84233af2,13460,nova odessa,SP
a55e569fba97d80bf37f54ed5d227977,cc87fabf64e993d4b00b7ffdcaf7ddfd,07130,guarulhos,SP
f18f59b32ce00389ef6ecb7f801dd48d,71fc009ce466ee6964c5867aa2764ccb,73370,brasilia,DF
98e143dce6b7d3170059e38c6d9d7961,856722a47ad09f5441a308513146db19,70687,brasilia,DF
bfb9b1d3eed11407245df8870eadecc6,e6b7d4d4935d76db6efb38e40bbdd43e,08260,sao paulo,SP
9f1842d0065029e551b25e200cdae591,f68f7bd0e5df713a6663114cd8da6716,96590,santana da boa vista,RS
3afcd4f9f9411b8cb8f1d250b0a6f6c2,b6b1da1ef61aceafc708a1f8f54d9e1c,89580,fraiburgo,SC
a41c9b1adbaa6df804ab7f2593a84608,6f14cbb92ac1a10216d9cfd2e2107b6a,01135,sao paulo,SP
480f1f560457c6fab13b8c4debb7b294,c6db9403de2b66a4085a2e36224c1fed,09390,maua,SP
56add768549d86b62ee58bdc77832ea0,c723bbadd0111735c280eef81266ec6e,86470,jundiai do sul,PR
4d2063ca8a2563066b6c5fea4c9242f7,1d84ae042ab75a74c83ee89130cd9115,09990,diadema,SP
e5e64951448d14fcd1ff8d98ab5f9e71,53e800ace3a29aaaa0a5479fd990b100,18071,sorocaba,SP
236423b6751e8c624b3e72f25ca8adfd,70505686113e7a45536810bdfa15008a,15991,matao,SP
ab7d67572040ac842951475610557d96,edbdd3649ed92048f7585873507282be,41830,salvador,BA
c05ffba0ae84172ddd1098226dfd91ea,abb86f8755d3600bb1ffbd8ba0b5d6b1,21870,rio de janeiro,RJ
dae065b8336e64030d11819d033138ac,c80bc315b52899a6cfc2af82c9200962,18212,itapetininga,SP
0137f0a46fd3e941f09ead2566bd6408,f8935f608ed11f06cec5ab977057511a,88526,lages,SC
56d361be1eb9434e60410e456a56a559,feccaf856b7f457beb24494f956a7d7e,03064,sao paulo,SP
b671be06b16d469205a87c380a30a09c,6e9535f7b8f9d861b5cb705c525663ff,38680,arinos,MG
edef03bdc413c0a6511fff76b3c9e0b7,72b4d2fb4f187c185876a26264ef9490,88353,brusque,SC
83ecfad6ffb6c167292c8fca66042ea9,f8ab5ce36181ece75f0d3187871b2a16,04174,sao paulo,SP
69f245be5f53ba788480ffaa3b96d507,4565a3ba3611087c155d46bd176a6d22,35184,timoteo,MG
8ee18779cf374be7b2bebc957901b9cd,f5374a3252629ff1494472bb4b2bf68c,31155,belo horizonte,MG
c67a8cad742b0690b21e4f3dd47e5e36,e77f7054adbaaf2a2c70c13752ace48f,04324,sao paulo,SP
c17c6a65a59d3b444858f91b44800134,eb291381e2d0f9e4e40e7f1249026181,95588,xangri-la,RS
b62c66b99dc904ade0b5568a95fe904d,c983428690eb51af49b9481d2640f262,04205,sao paulo,SP
1d676b0771f334b33856636aedba43c1,fb0189729bb98a5723c53f0aa3381776,03188,sao paulo,SP
9eac01273a3af8693258b4e2cba53b68,dc6502a8fc5ef5239994a36192e7a0ca,77020,palmas,TO
b7215096d9ed6d194e700543aa624947,3e503d8b9ecd5655a605d76456c8fa11,13272,valinhos,SP
c753ddf1479aff673b07bdab010c60f1,5e77878e639ba61109799910867038be,18045,sorocaba,SP
44b6addf8f0742048c4bd7a8797db51f,f16b2f47454dd5dd97852868119e465c,95780,montenegro,RS
a62c69530073e68d2c7e8c407ee8090a,c9852be3a008869131e1f61af98832b3,56800,afogados da ingazeira,PE
a06524fca9b83c46872086690bd3ba2b,0cfd915db480acd7d9a954409cabfb1c,29315,cachoeiro de itapemirim,ES
e3ee993f5b68f60fdda5d3fb16299fd2,24fd9cec951c076195ca963c419f0d08,31680,belo horizonte,MG
099dd240798668d46c5989ed873226c2,ff62140413ed2eb86784fb43d2003e48,06083,osasco,SP
e5b2dea74bc86ced6b86f103ca99bcd9,00ecc71175078e2cac5547a5656e9622,05273,sao paulo,SP
f42e699878e3e99189d663c0818b7006,cacdc7392d5058cca242374dadf53068,06365,carapicuiba,SP
f7335df2eeca0716c89a87c5692dea34,73554a324f228b8dcce5a677f300f7a0,05448,sao paulo,SP
726e75bfe782c4674b24619653011d9d,fc9b3da58ecf5bdee93af1498aee86dd,06775,taboao da serra,SP
27b22920b041f339fc2ee118c3597c8a,6114b8aeda65706a7231e72094f8ac66,35485,rio manso,MG
a584daec24287b6e6760e3784d490d36,37ef9a394acb71843b127f61a5809022,26650,engenheiro paulo de frontin,RJ
fffeda5b6d849fbd39689bb92087f431,afbb5a642107cf6bb1ca68e863175f03,22461,rio de janeiro,RJ
0d1d5438d7f01a46c249fee6c79e7e32,56dc20e157960ab78a89f36b57a591c4,09580,sao caetano do sul,SP
c8df1b1008a30197280a8970150e1acd,2fae57f3ca05d36a322442e34f625302,06283,osasco,SP
f03e031295605d558ec6e88c413fe4b2,aaef8b9e1afb43fcdc6f1fa3fb117502,05452,sao paulo,SP
7673829d261bae4cab2db2e831d038af,67938ae5a1a2d7e95af72ab27487fb09,26525,nilopolis,RJ
69c60496cf5ee5f5a98b071c662b35c3,332bbd0a94b34ea882d7106e6fb55b9c,04747,sao paulo,SP
61cf203eb54db88ac8160700870481de,8013deb00b5333bc668f40e6018292aa,09852,sao bernardo do campo,SP
4c9bf235c8597c7db70610186af57d7a,c008cb367f9ecb0bf3225f9c0ec5bb3b,12248,sao jose dos campos,SP
7967273ffe4b8e02d0fde3762994b1de,08ecae869722212aae44bea2bffdb7ee,12230,sao jose dos campos,SP
c09962ce82ae80e545818b93530aab09,47b38e3ca4ce43247fdfc425e3dae292,07190,guarulhos,SP
755e256c7a05f319e195cde33d095d4f,cfa69922f9968e0e6271647abda09b09,64063,teresina,PI
f0d9c201d2ab5c9467693e46b2c3d40c,8aa4387fb793332a42b7d18dc067494e,40250,salvador,BA
3faee0bb2909b67bc79d9f5650f728c2,430f484aaec4eb059a1d074f4b0ef762,30360,belo horizonte,MG
7095b09dc166171c75c9e2d0afc434bf,8b2166961d2875675ef7cb5f67ab07a9,09894,sao bernardo do campo,SP
fb20d746de8b6784ad3a0b665c457c17,a23c501587d77f83f65fc18639c811fe,16015,aracatuba,SP
5faa4eb65bc3e5199c572550c81bc7bd,a78fe70bdc23cd53c7a1606a85adcfde,08191,sao paulo,SP
afa43790ae863947519d2d28d5606633,a613976be843d96194ec7aa0818abe0a,98300,palmeira das missoes,RS
9adfdc90845f16f214dd33af84f31922,4f0e70998b3d9a87900e2fa56e87ddae,54325,jaboatao dos guararapes,PE
b557ba6be35b6f40ddec0f6a151226c4,1483a42c9dfd6795fc46433318dda056,36800,carangola,MG
a16a13abd16a9d85e4b382ecdc192d33,5e9e03fb012cf675d96708ca2f6a0df5,65400,codo,MA
34a57d208c01c5a0d4cb4cfb232e647d,35276eec8c44aa4f7595449f92185dbf,13820,jaguariuna,SP
c3f9d2766e289410c0cc3a4256667bde,e94e6e62ffdd16f148f9496d32d31779,37505,itajuba,MG
1ec264df7a63b93ee299b3e17c356e3b,623674d39fd0350df92b1f91c469ba39,23075,rio de janeiro,RJ
296f5301f45389edbfbaf19581acae8d,2a277b0006a0dcbe443f6d5f307bde92,04531,sao paulo,SP
2a7b2b2d08b5bda4cdd784673a9c5fc0,a3bb825683fd40e0912a603dc155bf78,18683,lencois paulista,SP
747c9185f79880e45fd101dc65149f21,676a7f78ff21f6e3794887c4ee27ca6c,22261,rio de janeiro,RJ
e43ba73efbce0b4dd005c5d76a88629d,45a62f8ee5983a31af8d995fb68aa7dc,22040,rio de janeiro,RJ
729891ea1ef5f05ecd5a65a7d6b4efbc,e1f9aa04cc44070dd501b7293b0ba857,04052,sao paulo,SP
f5b92e56a780e1573737b5ad7d15ab19,16b2beb51d51f455428a8865562fc89e,78345,castanheira,MT
7e9d165149e0c65112e2b9118b8e6378,f7f7c86a6751896d012ebbe10e3fc6f3,13567,sao carlos,SP
0d2ff29c36a65d389738620aa2f4e145,8020cb61d67a964fdf5f246d5f6cb201,13418,piracicaba,SP
a9c9705c8059a3dc99fa74cd40e65fa0,f462519ec279167796705b908d4b5efc,45208,jequie,BA
18ea52dddd0eb6548f78b6a3545ed9a6,0ad16341f17f169081c112d019a8b22f,09351,maua,SP
a8a72553d270066753aae3e20a8d035f,814d12af84beb46ade17b81e5a01a38c,20211,rio de janeiro,RJ
2f5775a3bbdd35ec56e14f8217c990d9,b9e9a0ea97182194d0b96fc7b5cf4b8c,06160,osasco,SP
9fff124c067a8e923fbcf6cdea20ea56,adcf8fd9566b3660ea51a1b9dd2f2791,22765,rio de janeiro,RJ
758c08b6ea220ebc93f6048997872592,daeec207c0475c77016ee647a6e9c882,37701,pocos de caldas,MG
3beec086fc157dbb92da88d3eb62dd4a,8a68b098824b1f7e0a07f4d0589be32b,13484,limeira,SP
7c96fae5e749fc0e54a2e57dccdd2aa9,8244a208606e3ae694173af499a6773b,08420,sao paulo,SP
f73d378096054953caa2d69a8abceb73,5ebb4b34c5aeed7ddda4fefe8e38f64a,98200,ibiruba,RS
6906ffafae86e29b5702189e0f1442d4,caee7f23e88547be59c122d6773208f3,07793,cajamar,SP
159ac2552bf49fe290890620c02d767a,2d38423803c18db71ffaabc1915d98cf,07153,guarulhos,SP
00931b6a1ae01ead1f98d4e1d1547106,9f19c80b64945cd7abd1fb91ff5157a7,88316,itajai,SC
d793c36ce968769248cb9ea17deb90a9,a30fdaec97e8d86a018588f72937957d,26250,nova iguacu,RJ
4e29ae10918438fa42da59c0d63787bf,97ed06b829b3c3ea9eb96edfdd17e923,85685,nova prata do iguacu,PR
65444b44c0f0ed4a08ee0ad501974b39,5f8f40b744cb58ed88bf5c24638fd1d9,04633,sao paulo,SP
00b7c3578d5231b0b60a62414118652b,befb041460ac63f542e98b664f5d4d68,64235,cocal,PI
5cf62d2467f616db098ec254256a4e81,b2aa4f0117159ab81f623ce0b1e128c6,08223,sao paulo,SP
94ada3085d63aeb141e94cbf631078ce,ee045b90faf4a12331e1d98f86b71e71,51020,recife,PE
af969b5850969637f9e5c4ab94f88107,86fb382416ffb86010f61af6b21cbc74,11060,santos,SP
5239179f060acba3aae48fdc19d479ea,5d6ebee8a8bd2d5012d04e7be94ea5e6,09852,sao bernardo do campo,SP
92f24993236f99b8448fa691826dc67d,da16c6ced9b955dcfcd8b3d2ad6c26bd,12051,taubate,SP
545c79b40c22b0a53abea88e0948c862,5d8f5f50fd2c7fbe8b335d945105a37f,04548,sao paulo,SP
732594f0f8f10ebee9718cb85d2c781e,27a5574e71717459cfc3c91ed65c3a84,03178,sao paulo,SP
704fb26a9d85d9ad8fd8b167eee000fd,aff615cb1dd35d6595b30bf00097e2eb,19400,presidente venceslau,SP
58c9cac8b8d827ecd1854a007b921fca,5427d774c25f4b117d165848129fd623,74150,goiania,GO
6d9ef37528ae275f2b37f5796c8784f0,3e472e2d60f12c183ead97b03b0e8963,04777,sao paulo,SP
3c29fd050b0f03c8edd4954ff0630eb7,ed2a8c08257f47ebe412b0bd756f2912,03084,sao paulo,SP
74bee0619fc86a63d3b020f457efb338,8bf46923c2aac6f76fca2c7e19432778,04634,sao paulo,SP
2b929021a055399bece4bf1464d20343,212f3a7c16008db7bd77ef2470440c4f,21031,rio de janeiro,RJ
e45fc68e618340baf7ced09aa8e0f5f3,99a0e3cbb3c0325a005759ea88291ab1,58050,joao pessoa,PB
f58b85731b9703b5ae98a01f2ead6192,2d7593bcd45458dbaad771436dc2d91e,13409,piracicaba,SP
5eed10cc8c372ca465dd35f531fd0338,3806043cbed23b132f38fe787001d702,02981,sao paulo,SP
31ebdb35a5d7d36da53c821fcd112700,211a6f8e9bfa8b39b232bbda08e176dd,23020,rio de janeiro,RJ
91401b6902c2d084a9a8f077fde8c060,fa43c82f9d7e43f1145929b60521e9b0,70630,brasilia,DF
1a13ae9c45155eae252b87ca747618d6,aa158429a498b4afb75488e56032f193,93214,sapucaia do sul,RS
9a1afef458843a022e431f4cb304dfe9,8d50f5eadf50201ccdcedfb9e2ac8455,04045,sao paulo,SP
ae276554ae951afd264f67a513ae3b0c,eb201a31a7279f4e33a067a1338d0fd6,38017,uberaba,MG
047af869a64d9d11c79cae050dea02b3,f2b8d21b85eaa96118545d115c18f9f6,04559,sao paulo,SP
bde9ef5cd79125bf73b55d5d0ca31600,43234ad7fbde5ca583237e699ecf6941,90650,porto alegre,RS
883b1629cc252925fa1737723aa8e0c1,786303b4908dd7996061fdf6662c2e52,69089,manaus,AM
d85c5d6bf587adf9dd4852ca1d189834,1f573df1f9235d6adb61335046c51f0f,24020,niteroi,RJ
42e6dab95c5c9ff9067a6d954ccdcfbe,74838cafa70beaff741b6f16a4564080,11630,ilhabela,SP
916be9fbe6a29f9692b0383141e28ebf,5aabf2f00c4169c998bd00b0c1eff66f,21720,rio de janeiro,RJ
1c60caa82a933780279e85c4b7846bc0,7505dc7276ce28ad936c63599917ea4d,39625,itaobim,MG
bb94a3b74ba3365158625e1dd55f6642,163b85375071c14d070fec2d38655417,07261,guarulhos,SP
67370418294c2fd0ab4119292bc816d9,fd29c76b1131cc1669aa137dfe10a896,29185,fundao,ES
c1865c11ead00a1bcd19971382032e8a,5c74db72c1cdc37dc37c27542ec62542,96010,pelotas,RS
d1eae5d8fb3c1a1472eda31a5f9ff3f0,9b79aec89c7df00d67d7a0ec8a9bbb7e,05143,sao paulo,SP
e847b0edd45a9a2c2af60e1a1e34c242,2fb9fe9bc2807ec282b410038d79490f,96745,charqueadas,RS
b91129706b580d867531feec323a1fda,863586d6f6a253c43e88ef245088f3a1,09811,sao bernardo do campo,SP
07ea3ec35713ea67602562cad793eeba,83efa41fbb4c2b733a1dc5474c9073e5,29306,cachoeiro de itapemirim,ES
5893ebdeda7eec3e99a4103bc4b2fa7f,0c303bd1eccb3d9bcda642c900a8e336,36408,conselheiro lafaiete,MG
d3900943c6fb13a8d352bb50b17a4cbb,2c2f4f9aabbe8c3f2e9f95619b61374d,18403,itapeva,SP
7da9a89355550dc1056ad9d8a9a7028b,51b4a4617b0fd02694919af0136926ab,99350,victor graeff,RS
9be914d71f87403b18d4008de773d816,1f8f2b30839c516303367fe0955f69bb,02925,sao paulo,SP
450000039d50bb8c0c1d03e44875c822,ef0d6b4370be581cc86e7c5f4dfaa608,64110,jose de freitas,PI
19500cbae8a09fc49b75153c4c965f9d,017ae1edebbc1749a64a520e37633c3c,04896,sao paulo,SP
3c3e4944db82d06e6413f8111e7a7a5c,1ddc4c53473fb7a35191516f1a32a6ed,27525,resende,RJ
b206d33800162480f92693603b17751f,370eb4c13ead0fa3345d759e7c46004a,93332,novo hamburgo,RS
2f029eb28b4e6df54d4978e3d61709d8,fa188d6a540497a892423ccd1567f57b,04304,sao paulo,SP
afc09b8f0ee2950d083a5367c077b4ea,ad738ca30f935923691b794d949794aa,81530,curitiba,PR
bfc6cd805c216b8daf35a8036a275c5a,26c38dc3677a7a4fcfd2043cb9ae19d8,29055,vitoria,ES
fb53b449e82b537c318a3a742ef82dad,b0e6a81c94855e7f45b1033dac12995e,02615,sao paulo,SP
86d9162e0baa8145683f025c9164de46,2cd976730265cbaf5705ad2d586ba097,65707,pio xii,MA
bc46822a62f07f6f519876caf542661f,72b5bce23a612783406d77cbbf0586fe,97032,santa maria,RS
426ebfb18cd8d9be56b96b750c43375c,0f9332d672a06633b36446b9eddc3640,04346,sao paulo,SP
afc0bb207419f33368777e5258921f1b,222ab849f57bc2b95a8c5b27f7604f71,02230,sao paulo,SP
73a77e205798f6f820f6d70908b0be0a,6656efd9580812cee9c6b10e3574ed11,87910,santa isabel do ivai,PR
34324e7a13247e2859ac8c1d3636e3f0,effa6dc9dc21a08beb7dcf202b8ff535,16075,aracatuba,SP
c7beb17a33909571d5a71b10f71b42ce,c08baa0f88dcd77e1e66a267b58456dd,72146,brasilia,DF
cefc16cdcbd69d1ea047f70227cd2927,e19d6cb4b2c634a869a5c580395f8b26,24451,sao goncalo,RJ
91693fdec54a003591f8786b71c52fec,a2cab25fa1a8a53ba04f8e7a78594b32,31742,belo horizonte,MG
b195bc90f08a925b3fcff60a27e14e45,7bb60ba80bdf284752528b6839693554,07862,franco da rocha,SP
50458ca4ea9153ae810e6ba5e8dd6617,cea8176c58f141bd320f9a03bfc69a5a,02735,sao paulo,SP
21e3291def7e45a14942cfed084ac9f5,35faaf436abbafa5452ad20dcd70d692,64606,picos,PI
a79a3128c32bbc4b1dddfd957d17b4ae,b23384f34fd9dbcf6018e0e4084d3fd5,25233,duque de caxias,RJ
b714ada6fe694b6d0eca038f33e53305,ae69c8187043420a20556106c2e584cf,24440,sao goncalo,RJ
d6fb5169197b4c8425c26e087f268bae,810cf5b177844477a5df3a8e9d0c25a8,27963,macae,RJ
bb31f17e002c3cb7358496d89a4e3293,890c0a521330d9e50a352b918c65c3ed,75095,anapolis,GO
b2c2afb111af6e0f4fc365860ad22537,6b93b87b38cd00d88bba92e075330fc7,88111,sao jose,SC
a79c3eb63791c42b3c065e2f942d84e5,a6b16ce40addcd890ce0247ebd1edbe3,70077,brasilia,DF
50c3d604564366cc6e2e3e920cfe6a36,45c0184ce7b3cf7591d8411acd638bd3,07176,guarulhos,SP
e98065a8b5eab63b7ae08943455d7ba9,5ffce0a206a0f6e02284537a9398d127,92035,canoas,RS
ef17f9a2e7925f62d5db83763b2aa4c7,0cf73b29318798ac70404dcbfd8609b4,89204,joinville,SC
fc5e6cad3f8c6354b277b835229513d7,6f042c73539f0c6e5a1a250f331b44ba,35460,brumadinho,MG
6f145b8c9b8d449154c4c4bbf8be56ee,3b600e12e73ed271cd63917a970b17d2,89219,joinville,SC
ef1e161c896524bd9b91e77ad5e5fae4,d9647dd72c6b946acac7612123880b98,37542,estiva,MG
e08caf668d499a6d643dafd7c5cc498a,d77cf4be2654aa70ef150f8bfec076a6,91330,porto alegre,RS
712b75336797a9b64ca4ebdad576add6,da9731584b5894c687262f350ac86bec,71931,brasilia,DF
7e8b40da1dd60be07114921fe802381e,f08e73cf7f4d6403ec07e52497eb01bf,96700,sao jeronimo,RS
2f364a588ce20ad014cafdedbd623310,374f6f36f49399403bb170eb8d4cd468,12246,sao jose dos campos,SP
57bf63f1aab0e77102a9b23e53bc4446,328528c2f1990123f1c0074b312046ef,88330,balneario camboriu,SC
72f4681642ad6cbcfcb011920336f1d7,e03d7002d4845a2d2e38d8b89305bb0f,15903,guariroba,SP
fe9aa4a491ad6ee6219838c567fa3221,56af6d7020c250daa4c48c21be65574c,87895,adhemar de barros,PR
345c52fd455ccfd8077644b600840ad7,b045db9d44a52b02532dcb425be1313b,09332,maua,SP
72740dc2b626c46da39cd84cad2102bf,00a1d0d7d91c17c634d6896ce10ce1c6,60711,fortaleza,CE
0c8f1fe40f0c95b4950b37803c3ca0ad,df486f450c1381f138211159ea8c650b,72885,cidade ocidental,GO
7dc0baedb6fe189dcb7ed56ef53ee9ca,b698d3311dd55263c9254db3abd43433,12511,guaratingueta,SP
a8dddbb164f3848ad6a58dace214ed7b,2d29cee94876349c0b1c8c565e8075bd,03210,sao paulo,SP
6f33091955b66227318d0e051265e9fa,b9094a80af5d0e072d9ca833ce36c90e,01107,sao paulo,SP
af48ad11489d099769bdacaa419d6bc9,23c0dfe7de9990e4ea0fc42a7e700ca5,13206,jundiai,SP
23e9c4157d6c105f4f1b5581129d54b0,1f4b29fb78faa282b122b491ce721aaa,77725,colmeia,TO
1a655f9c2a5fd2c3e77940ffdc848989,5408b524d4f3a4ac4e9b7b52d993fae7,95940,arroio do meio,RS
6490dd4caf44e930d8192751c2625634,66a0e4ae01e565ad721e85f287a2315e,19813,assis,SP
c60a729ffd1915e57d9ac6ef86553af9,3d81d4e0977945889ce7eee309a884c5,79020,campo grande,MS
eb033b491e53ad18899061e9e19f25b2,7e53be3b41e7986cd63505b7d577b9af,09911,diadema,SP
85f4e1a23fa6be40331706e9eebbdaa1,3d75cbf8643a1c15723adb850fb5f928,04365,sao paulo,SP
bb992aa0173715b2ec5e1e3b74903743,50ee4216cf03192e364398340383f584,01239,sao paulo,SP
f9a64a6822305f6ef6d94f347af822ae,7ab70b86480a1a38416d9cffa803ba6d,02461,sao paulo,SP
86a7245fffe6a418ca1658a13ecc4531,1d532194f005426adcdf6d969640d56e,35240,conselheiro pena,MG
9a72067ed588f17196e71c5b7758ff25,6e11572b5ef68fa57369d4f33bf42a69,20745,rio de janeiro,RJ
d6819da44ecb6d2001b72d4f19ce1e4f,9d50a2e2c97122c1b2a49dc28bef2130,06236,osasco,SP
9c4532dd54ac03bf8a6a3ce7a0680e2f,6bffc0c27ac43787c33fd71822c6c58a,79095,campo grande,MS
5e23eb6b579778f0fc5450414008f4cb,1e162bd0d540248b835b737b8118bf09,65370,pindare mirim,MA
17d32607b69ff5f17724566ff49aa9fd,049bbdf2bfe5ec506d815c4b4c67695e,21831,rio de janeiro,RJ
bdebf3864c17651e6fff4ef53f155b05,d60f6870e44d4eee8976d251eb6a4772,88508,lages,SC
5f52141aca781f06028905d68b4a60d6,0fd475edfa0b61c59ecde6f89c21dedb,61920,maracanau,CE
6d6e81e5815b1fff666907cfa150a691,c2e4e0527503427aebd5c42bc5f1f6ef,01223,sao paulo,SP
6467fe19883330361d51a6b3df90ce59,4d039d16dd4cb41a442c01c5f9dfc508,29144,cariacica,ES
f0f671d4034e98cdf20f0c452d6db02b,6532316a8c1a7c7a569482db073530bb,07231,guarulhos,SP
8e78fa10bc579cfbc6f3a6569e3a06fb,70bdf52cdbff17a605ad6cf23c0dc418,02345,sao paulo,SP
651a93e609de83580b7e073e997f7631,6ffea6177ea740295d4e08a8fea2c144,03165,sao paulo,SP
3c9792a69423a23cb1fba107c5079981,a5d1c2c3d4291671247752816fd0771f,02416,sao paulo,SP
c97f40e1ef3030fe5d60dfdbc045a233,40f8c65b3ef65fefe1ab5ea61b6e0ab0,52060,recife,PE
695d206207b2d41598f8d78b77ac67af,ddcae1a0cb533f75d5e518a1e48e18cc,02969,sao paulo,SP
ddaecf48ffb07085e24bdd73389197e2,5048e402eee7fe83e8335264b693954a,23059,rio de janeiro,RJ
683c9c1fe268212d92bf51fa976d136a,74e47c7359894ed69d32ce004a3ebd2f,36880,muriae,MG
896b6dbcf9dbb72a1a2a5c4ba2308eb3,65eb842bca2b9de966e0666e0ae4963a,29700,colatina,ES
4065220eed89fd8ea2f1ba0f8986e445,288bd41dfd87f8bbf23ef5d5bff8293c,29167,serra,ES
f1d1239bf0cad23368e7729702967983,2e9baa1b5454091a7581b9c4d6e615bd,09972,diadema,SP
eb0e488592359ee385d18b209e4911b6,69a67928e55cbef75ba434ab0a4ff540,12060,taubate,SP
dade98c46f47b797913babfbda567f24,e1b59a2032b34097d0c1c8d320f40832,30150,belo horizonte,MG
9b393f101c2a58389bc8c804e560b284,8b658cda92ee9a3972c756bd9069ef24,49480,simao dias,SE
e2e2357a373755fe5504b59a4751ad44,944c20afe3359df4c4a1f060b6c7c88e,30870,belo horizonte,MG
2f38c3926fb8ba143f2741e9e7adc93f,5179b7b48c149156cb51eddfaf06b712,13020,campinas,SP
ebf46ff530343a129926adc1f831dea4,0ee57f62666561b72f2ceacad0230cbf,09530,sao caetano do sul,SP
e5ed7280cd1a3ac2ba29fd6650d8867c,206e64e8af2633a2ebe158a7fcb860db,08560,poa,SP
e3109970a3fe8021d5ff82c577ce5606,a8654e2af5da6bb72f52c22b164855e1,05528,sao paulo,SP
79de53946db384e2d7a9bd131792ad17,7ce5b57a120a2da6a804afa58ffcbfb5,39406,montes claros,MG
f7c5afab273b47ab517e096e0219b932,b6c083700ca8c135ba9f0f132930d4e8,08686,suzano,SP
f0bbb754a5855f669094d5049c09c548,30a7c7292c38ac22477fcb75306ac4ef,78600,barra do garcas,MT
3469ebe2f9aa5e08f1a85ecf20b549e0,755bdc2822a8f01cfcec19ae4dcaae66,05590,sao paulo,SP
80c74074b2a3c419ee813c0b31ef95c7,e9adf7ea1e1dbb166b5024015154104b,07191,guarulhos,SP
94cce5d77423fc7926d3af0d01f379ef,dc77e5e1396c807043f506f794d8fd1e,27915,macae,RJ
b99054fd23768e0fc903c0eab8a83442,bbbea7f167264b7236e4459dcb0a8838,22220,rio de janeiro,RJ
70ea60b3eebc4ffc330e070df05f0e00,2c77113623e849d30d75a10480b57108,24220,niteroi,RJ
545aa46e4e68df2b3b8dcc06f735e179,104ae9a43b6e639f45bd5e3bc19210f3,36205,barbacena,MG
0e114b02a45c9876080f3a9a19f51c16,000c8bdb58a29e7115cfc257230fb21b,31555,belo horizonte,MG
689ebb659ed83d0b534412e001e24611,272d474dde8221c368c57511d9150215,78015,cuiaba,MT
0ccda8ca5a2e6382c05ca6321324c14b,81332bd0a95775e25469d45e070b8e65,04401,sao paulo,SP
39592999581de2960ceaab403add3205,3d7fb21a86fa49b9dce2ac0814d6dc22,35430,ponte nova,MG
e0c77096ebcb9aedc1c613ac43e0ccfc,c7a2cdaf9d8bf3ad353e055e39024bfd,89825,xaxim,SC
65f66bced8bf7a1879abfeef1efd54e7,8f601c7d9263ca954656792b02517b3b,79130,rio brilhante,MS
8a83cd2272d6fb105959b4385ff872ec,6bb68e803ab5d836c7bdb0c3d3281953,21240,rio de janeiro,RJ
cb8adca2a68ffd5c23a6740bccf56ee7,324b9a2e37fc2ab928a842b9429c46ea,07072,guarulhos,SP
49303575e3cd5eb125afb49fb9e8da47,69f4089980dd7b42129b9e458627ec30,03423,sao paulo,SP
03cc560a190bd173cdb410ea38c6620b,76967eb50da869a312fc4adae1fa5309,02410,sao paulo,SP
649ae246f93c7482390cf748a9be70f3,a2b3dadeee49f301f5307689f05d49c2,39401,montes claros,MG
dc7302a83e9681f614bb59a515df38b3,fc19fe9ac733e36ff8227c29435c2030,15700,jales,SP
aaad67429ea7d339bdf5f71ae3ef74f6,13613cae6e3bfea8327a916246c96cc9,05108,sao paulo,SP
81ad00659acc734aa6a7eb51a27f93c3,ecb43665c8c390857cabf385d918da87,91160,porto alegre,RS
7563f36d8dcfb6a9f7a547ed430f0f23,205d12d065a7b8535ed6941b838064fc,07862,franco da rocha,SP
10c23e73ba4e0d1dba0fcb959305ecf2,58c9adbd05815ccb9c1e1ddf6a8f6124,20020,rio de janeiro,RJ
5be5d703076bbbf577ade3fdddf51e20,29bbf509bf085413d69208f1547f76e0,13871,sao joao da boa vista,SP
34c7072b051e4df2c2a048d2db72edaa,a8953e3d7677addada63eee79b91e7ff,36504,uba,MG
68ebcac94ae12019a0d4412660f8f1d9,11ce7127e348ee1d9bb75ffef00923dd,48970,senhor do bonfim,BA
db413ec55ca6ad5b093d08c564cf9a9a,c38ea92aa01ad97a67b5fdc061846fc4,20780,rio de janeiro,RJ
0446b2b06900bd31f919292a4379ffb0,eab27a5d81262bace5fc81727514d49d,03317,sao paulo,SP
f85c1412c63126bbfaa30cac5590c0aa,9e80855aee7a17e3e214da66f7d1c08f,66085,belem,PA
32d28319e13266b3b88962cd06845ce6,e3839dc99461bc42b5b169c5db72234e,88502,lages,SC
87863ad6c20c831af722c2401a1daf59,b896655e2083a1d76b7b85df8fc86e40,07998,francisco morato,SP
46f59880bf46bba55ff84044bc5873e4,bd37ac6e186acf56280b2fc1437bb981,04844,sao paulo,SP
5c7e0f8f6aa8e9d4f5703d54108df291,35bd5e295fe699acc2e24b0de1e53663,12051,taubate,SP
61fad79bfe55baa042c5fe91d8aa337f,01ca0680cddb7f4c71e3235f08cd16a2,06311,carapicuiba,SP
6daa8f0dc2e558d601f7ed53eb6188e0,2356a157ac13013e2af4979379737874,56330,petrolina,PE
56a4d10644e5aa0b23861f9e90f37a8d,7d0983269f825d3112e5a64364b1258a,69303,boa vista,RR
9937a5e470c80919fea6199a76d8bc8f,0db307a3bf5f0cf05e7a62c6c3bb942d,29101,vila velha,ES
3bb157ebb211d52c0dcae0a1261d49d8,f5d3f7d6508d52291134f9cd009eb354,49010,aracaju,SE
c0d6c154f52c6850b032cd4c63602a73,886fa36372fc4428557e3352f37ffc55,36400,conselheiro lafaiete,MG
d3b1dd5a9cafa5e8191a28f92a8f5d40,19be5923f7d998e76b9f3b1eb87c32af,88763,santa rosa de lima,SC
a95a3515eff43dcc042cd6af4c28bc7d,d3882d7abd0c66064d740d7ed04dd1ef,13073,campinas,SP
8f0f359a835944478c1c46f14fb5f2c3,a9b4929689bc74b4d8764b7214a9bbc8,48970,senhor do bonfim,BA
85e2d3f3bb3973b7d10bcd6a3e6e50ce,879f4eb9f58eadb8f2f204919b162935,25959,teresopolis,RJ
88a98577c0d60c958eaaab2bf1e57f2b,5f906880e2ce13b655bd34d324a48ea9,11930,pariquera-acu,SP
fa02a9d0399654a2a97b861ec8ef7897,9e4cec36a7f9294540b39950eade4190,35450,itabirito,MG
a9393533a76acd87a5bd1768ef52cf7f,b193a594e0171de03f8d3ba14722a7b9,88703,tubarao,SC
d023c6e72db6feaa3fe07734d7fdd17d,d4905d4ebbdae57e9c242c7ab2c57cc5,90430,porto alegre,RS
3088cc4bfafe311f1d84830808c2aa6d,2f0def88a867b9c0aabb60c561b4d640,09991,diadema,SP
8769df0587f504c9408b3d1a15fddbc1,de5b15b5269883dea3cf95f30cf7fece,04084,sao paulo,SP
6bfe1c3c2a345617bf98e5e71ecbef46,de031c302b6b340148a5ae814e393539,17012,bauru,SP
8ca53db6e60cffad03828535d1fcc1a2,b3d23d61fb01dde311c5ddc5dfde8e47,31710,belo horizonte,MG
0f676b631c8e3fe6fa181071d0a6bcfd,5851dfa7121298d4f1941f46b8ee6fa1,03896,sao paulo,SP
1de6c6c911ceda2be652cd0db03d930e,8ec31beb5c890497f1872b5986d3cc26,70773,brasilia,DF
413d2872cfbed54cae78de93afc7912e,727939c2b657e1ef6b6559b8e151e15d,88032,florianopolis,SC
a765a1a1e99445be6ccc6cca32e491b8,07df139093b720d6512c49da2980e3ee,85420,corbelia,PR
53eab182ae5eebbbc870ac6ae17d9b92,ce5c267bd53f4e6683c66f7cb5c5c067,20090,rio de janeiro,RJ
89be18e38f73e5fa754fb173d64a9bcf,7e2bb972fa73a5646c2c7f0fa3bd4895,09371,maua,SP
590e0ece7d320dac89d029c8b3b9f23a,2c2ccd48722aa6843d258a9f16f012a9,06642,jandira,SP
9b8b192da9442a84ba0a1503a3363146,cee8e1f2b6da0d4a835a0341f3d109f6,04037,sao paulo,SP
496e44431a2a9a6be2eabb10d3ffa24a,5026a05d38ac5cde9dfc41a3269f8b04,03980,sao paulo,SP
79a4c16fed29a84462e7b5c831464cca,e25ecad4f206325588f4b913642377eb,94451,viamao,RS
dee732c17e04331899e26cad25503562,a546dd0e04bed8ec619f3f8a49d493dc,14200,sao simao,SP
13f489935396f6b5311f29f6f5556d6e,6e046f72846b475feea9265ae8447835,25660,petropolis,RJ
58825d0631a6ef87590049d67b0a1ad1,17eb2dcf3b6c44be06f2212d1cb555cc,40255,salvador,BA
1f7b6a50b303ed3ba8d54c2c87f2b683,c92ef88d3d24fe868f2f1807259faa20,08599,itaquaquecetuba,SP
6cde1d78f199f11a10ff3b1673a82cb9,f9d51c7b92fa3e4402b6456d8babfb71,07911,francisco morato,SP
481b84475f6bd84bc0b83fd1ccb02e77,7ea1a12067a7dbdd71c60c9434715262,06233,osasco,SP
076523f7baf4359c0728c0bee2d8ccc1,b525fc8cce07342fb00ab3b2667c8eb9,35582,pains,MG
4c82b862da252196bc8936f210aadc8b,6d5b0e53cf8e36411759711cc484be50,23065,rio de janeiro,RJ
ac9650ff78fe1d4b99796c5caa216ad7,9af22c5b50d36322428116c8be953928,60822,fortaleza,CE
982bd9951046d28f83d0cab9fde6ea57,9164e11cf0adf65752555b50e8542f88,17509,marilia,SP
e216f6d4144d83b469cdf8c4acb1ce28,0a458d6e8e0dea254baaa2da5b9bd70e,25973,teresopolis,RJ
a5d4658c9339e6f25f8f2e7d9b5cbc24,b1c1982ae7d25948e2c9fbec7c71a17b,15400,olimpia,SP
5a5f0cac382c8ddc94653446e4270ccc,5df6ed0646d9636aa7aebebd58a16fcf,94100,gravatai,RS
ba4eec713eeb24b401bd89b380363910,aa9ca97f1eada76cd97fde1b8a4db3b6,04854,sao paulo,SP
ca57bb5656e1cdd3988f4029be71fdcb,b2cbe4e95365283e0e782b00501d1124,06382,carapicuiba,SP
6a95d327abbbcd54e780a8b44e0d17bb,b8dd0ddbf2c5ba52956dd0a656a5bfed,53441,paulista,PE
94d33f0fa325a5e1a184a1806f98793e,d681396d784770d6368f2431f65faafe,05187,sao paulo,SP
441b26b45cc685920f18a63cc112b0c6,1c92abb53bbb5683b1c47011e5837e9c,19063,presidente prudente,SP
d6028dc827eae81534f01a813de8d9f9,5375200b069935e3ff1fc2489886ec5a,13083,campinas,SP
41ebc1df9d5af975ea8582f4be95f836,0125200158c999d5813b11be482a48da,37965,jacui,MG
803996d0e510a99f243e939b6c6f705f,a53eb9109f4268d6fd8c215a2bbd1938,04006,sao paulo,SP
5793f678892bf48b7d7065fd9e0c7d7f,781ed09520279a0e04fffe46fb1dd02f,68503,maraba,PA
4c3a69a70ab3aafd4c7024377c9c9821,dbd83295ef91a610b2800dc2adc2968e,14022,ribeirao preto,SP
56be6e8c9779e4a7bd8fdf41f2dfed7d,7d39f0ad85572bb8c59a0c7a52c0bb97,04317,sao paulo,SP
ead0ce31c9e113d7632ffbe5a6f86ff3,c0a7a20dcda247d90320e44690edbfb4,03504,sao paulo,SP
1d12f3eea210892c245c9be2bd17a93c,b1f7aa0f8737c9e24aa42df4a5b1f986,09820,sao bernardo do campo,SP
88957154a87ddc5981b986ce8891453b,d7241ab927206d28af21ddc3970bc6c9,77900,tocantinopolis,TO
6d52fd2bb97581b9a3fd5998e06f5c46,1c3a2bab6b3e18d65aa3923e2ec7b5db,93224,sapucaia do sul,RS
020edf80d85585b9ccf1c48396ec32aa,df27c250c1f69adb0cf75d0342814ca1,29306,cachoeiro de itapemirim,ES
c13fb77725debf9be5e88e59125fbb0f,54df929c8defcf5055528c4fc49cba1c,02540,sao paulo,SP
5fce67dca9a87b02a48c4c507abb355b,d50da5d9949a8e29e6fdbfd6e50ed2fd,08310,sao paulo,SP
57ea4ab67c545f039981125c28fbf3ed,10098792fe3438509a12a3dbe490dc2b,62940,morada nova,CE
489bab9b8add8f1970756681d0787135,434c24725eef12f24e265ec01b1fb7da,56820,caraiba,PE
70a7136931d143222e79c6393ccc524d,d9b012054485c4c7c55102baea4aa8f6,95770,feliz,RS
600d9b62bf2359d35f0e7ff9af6ba1d4,5f3b4004326f4a56ebcc66c4e8b54525,18086,sorocaba,SP
4eee666d81e4820818ac51c38b46da8d,98468b83f97479f4e474be5a4ad3b5b8,32241,contagem,MG
ad44127de955ed1bf705d59c99a27163,c405bd6cf1561c5572c076d2d84e191e,88070,florianopolis,SC
89aac25164a5f84e4302a43721d0dfd9,3ac427a63b9d1586ffa6f85c2e924717,01238,sao paulo,SP
3e5c2c488b72c38a8c0d67227f69f30c,da8466885d64b82ff7a961870f8d9358,30330,belo horizonte,MG
a06e9a7060cee74dbde1a2d5d7117747,1c89ad9872748220ba627f9dbf36d6bc,07985,francisco morato,SP
3cc792173620bddd0eb03256cd379014,f081cf0e1afcf6b1996a3efdd9e2c043,08142,sao paulo,SP
adbf0c3f16cf7a8694225b8853458877,d1725eec600a742287e0576843723c9e,71745,brasilia,DF
47f43c0d4abe700de3511c779bc31f36,8b94771192b29512ed6cc0812471770e,80240,curitiba,PR
df6e96da5aba22aaf0e63f79c82b0e6f,1812ebb549a5b5f71bd34675faa60214,07081,guarulhos,SP
47a9436be796bd18a4c1d25e5783d048,1be2a65469a1a7f9d0ba9e66374b04fd,39703,cantagalo,MG
488e01ff31939ba46b4c8b1781c342a4,55b97b5c5da3e7ae263babf889e10426,13058,campinas,SP
3328834615c63920c7aa70de65af963c,a95b2a758b2e0748b296c6671261a38a,37706,pocos de caldas,MG
c4b2c169ecb610bcbc293e907c08081c,6c6ddfdb467b2295da700f48e3834c37,29090,vitoria,ES
d5b5f8b2c900c6a6eed9d277f88d7ac5,8bb910cd8c3b29e4acf2e94e3aaffbbf,78005,cuiaba,MT
e3f7787cf546d9eb3097e856db584f28,bee34d1f763796df23e3d2d33793f143,15750,santa albertina,SP
3146904311eaf296187c7c7768d78210,d76e210ebe61090af26f1d71d1e396b9,76958,nova brasilandia d'oeste,RO
5f0da02ddc5814e24c420575d2280df1,64f66f9fb3f3c522e310821c0d67fc89,24230,niteroi,RJ
b0c4781da345dec9877d8971c0ddfe2e,4d4c36b6e99990c45eeebd67b8804fd7,27365,barra mansa,RJ
03d1b22e6c0b53ff1ddc79c33ec96a27,22723409a576c5399280e00318fd52a8,11065,santos,SP
1dfd48301b28878efff134d241e05a29,59251607f121873632793ae7192b960a,51240,recife,PE
32dee19a706a627011743dd7c54f3c35,f520f90d97fbeb3a0fb57f8d24526388,31330,belo horizonte,MG
c9eb8a8ef99b47cda776effb97e13b63,cbb3bc292e844bceb4517a3212f6e370,02067,sao paulo,SP
5ffc28dba523459f96579e4af297055b,5a2dabee1b75af89efb14fe554b6044b,05798,sao paulo,SP
004d41e9bf012c669db1a257888d85a2,5e35d686648f9f99fd1f90161d3db93c,66087,belem,PA
9f330480093052666bd1e5b24061f510,f1709454be7d021433c7563edbc55d2c,13041,campinas,SP
83901f425d913fa2261031ae7d879018,85808a20360c40e2e09a9b176ab2ecbb,09176,santo andre,SP
c93967bb7502dedcb3d9872a427ea429,e90461ad4c3d9b2f8ad63c57200c1c0c,38706,patos de minas,MG
592da19fd99a3565762a49b2103cbd26,87fb84f6b2746de8c9de852bed945cac,07062,guarulhos,SP
6e8a9c87724e18b7e567193cdd3e4b45,8fe805d171f920bf0ae393368aad5316,69800,humaita,AM
98ef9188ce9357bd77f60150a935c7fb,c6f70f6262d971489361b0d4fb0936ed,12460,campos do jordao,SP
f7de450d64f79362f330ce89ae6ff045,7081f7f9be4363eefa6dcdb27fad2c28,04893,sao paulo,SP
3703dabac361c6249a0d8d21564fb925,edbd256c62af7487800128f3c7ac7e9b,05017,sao paulo,SP
6e99627292e6e50e897b63a3b94560eb,536ffe40fff4f9e2617f57eb1a63713f,05011,sao paulo,SP
9745530bf7ae3bd09df91feac9b7b827,528eab7339748224af6eb22ba7af1062,09350,maua,SP
b27682bd2c95905f9733e5af679c3688,57501a49368ff3a72d1eea2b0d2a5519,20260,rio de janeiro,RJ
0c045d9e471667c05202939897cde7bc,3c068da825c04776514f05089b83ef6b,13033,campinas,SP
8f7a9e47419062d350d47d945dd28cfd,3f7cab612c3246b740c1b0c698cfa868,25264,duque de caxias,RJ
4562a2d3bf681fef8f12d7c1c77a416d,a27fb7c59a5e6ecab45a6fbabafc5077,13419,piracicaba,SP
2df6fa407bea6af2e165b3dc8355d382,7f0b669932ffd8ac97d38b4dec098e47,34002,nova lima,MG
64ebc89fe827e44bf4c57f7e22676e12,dd5ed00973cd7d965333d81654bec5b4,05664,sao paulo,SP
a6fb7a48402f0b53260a6b518b2119ee,b87155c5a81fed027e17765f111875ca,18609,botucatu,SP
b362913ed32818b745caa7396e5fc17b,8b524ccdb6a4130e7ebe89eaa3e1cf06,30730,belo horizonte,MG
f1c644808cff23dee2ab83dcc9368ff2,40177afd8aa414d3cf4a9140a8f39641,02462,sao paulo,SP
54219e69237531217da7b034db98a654,11fa3e53b2e418ed264079f0b739ae68,11630,ilhabela,SP
83e4d344f3b14f96050798d2efb6032d,6dc90d194697c0674a2f3df5240acde2,36200,barbacena,MG
8b26e9f4e8dadffe40b101bea7634b9b,34559b7e3e0742c1952c9d905e0604cc,89812,chapeco,SC
c0b26f372775acfd5f2d1a8e256fb9d6,b4fde3f3fc1d0fefcc047c7fe0454c93,88400,ituporanga,SC
f327c66b64d68e69e89d4b90680787aa,031e19fc630c4121f1238716f41675c3,05849,sao paulo,SP
abbeb6ed95fec1971a0502dbc128470b,4e22025a6deef88bd555d3f198786181,09683,sao bernardo do campo,SP
4d89e7ec9a5b443f3188cb1132255b72,95c85e956d3aa612bb42a94c0872d1ed,71931,brasilia,DF
c655482e341138b41ea3240ccc43132c,27036d1c86d799c8d8ad95e02eb26c4d,25720,petropolis,RJ
260d3578e7364bc239a08277dfec894e,860fe3677604e9c382ce6a934bd74fa6,04161,sao paulo,SP
8ba2ae86c5eea9ed1d54c74edd708364,34d053f46fe2428126478bd986acb8c9,22430,rio de janeiro,RJ
4b0a27a60bf0f5c8e8c61e6bbea8aa84,45692f6db48dbb92b614ad5e8f75b1e7,32672,betim,MG
c8e76bbce6b7d189fd852f670e96262d,542b704f7dea4124cd1954d4cf4cda54,95900,lajeado,RS
b00f783912a7d0c7499f43d21afe63fb,b76911d7dc085c86b643917f728b1d1e,04084,sao paulo,SP
fc4ddaa89b9d278b397945a013b4781e,d11b90709cded87584f177163d51bb02,81935,curitiba,PR
ae5b997c142cad29cab4f9fe0ed0a02f,b247c07087a8be420ff1f398c89b2c76,91060,porto alegre,RS
63150e501182768887ac59b79c6b8546,b3dfaa749149d9ac2eec071d793c45fc,01323,sao paulo,SP
7b87e4074ae4ee57ef2f7a7df19fd937,babe411a341f68c0b7aee13ac70a38db,12244,sao jose dos campos,SP
bd9704a4da1d3d36e5eeec69f4b5af09,8c438ceb9afe35e513cf671de8a65f7e,20210,rio de janeiro,RJ
38b61dbac22e5857e3a383f837398b83,5fffdfe9c338705d09e15e03b88fc75d,38702,patos de minas,MG
40c55da090bab9a49ec1e80f4aba5232,b84366f5760f930dd0570d820fed2ac7,03336,sao paulo,SP
0d08ac02306e9499991c9d47a434c68d,8b409e78486d2995c1d435d679b7f194,22431,rio de janeiro,RJ
98b6834cd613456c3c7f38402ef94cc1,73ee63525fe8fa40efd8d24b5d07647b,71805,brasilia,DF
9279b96ee5b2b0f686e5a28d8cc1739b,b0f933c0a1bb29276744c40aaf438239,88058,florianopolis,SC
1f567c8732fb5317d6ce391624d34cb2,3556987e5b22d5372214fb48fc9fe02a,13495,iracemapolis,SP
3f909aee0033681e1321b2b5eee9cac0,6af7163030f35fa1b22196381359c58f,22290,rio de janeiro,RJ
026378e6d9977bf974a1ebe64f92cfee,2392a29dadcfcc7ce192ebadaa11a27e,08050,sao paulo,SP
09964655437e26066ed5c95ef397971a,21d2dd8393e557d9c7fd7c87eb2541c4,37200,lavras,MG
f5e54d73deacd8b5b2f5cb8558ec7059,e8cf39d77b3e26275538f302fad519ca,79011,campo grande,MS
93af7e4b75f74f04187970ba13ab3873,fdb2f8a871f180fefdf3ba06bf7ab179,95300,lagoa vermelha,RS
f4f26be1188a8977388672a08eabacbf,9a6cc6130f9a98cd08456a26fd5624c5,80610,curitiba,PR
3644d5df1c9855d164c277d91bf4a7f4,8cda74bcb48b709a90e5441e19b1d759,13160,artur nogueira,SP
79028b5530181ecc652433ad2f88df2e,d535471db72095137da93810c98af688,71650,brasilia,DF
c7d46d38693dda374be909b1fade2047,0967b32e3f4804e0fcdef60f9f1f0237,16340,luiziania,SP
96a150873b4c18818a6d9011c534abc9,cb122aa513fca4ae239b13e057b1e012,77823,araguaina,TO
715d3b0fa859b738afff1463a14395bc,3c084b2007d6efc5db0eb0ab4bbf4a92,21331,rio de janeiro,RJ
aa85716e1df710e8779a526d83d034da,bb6d9b2375143281d537eb82beeddfaa,13155,cosmopolis,SP
b0dcdd6af159e2c0b239f92dcc095d38,dba63d24ca222a17945a6aeb6e6c0ef1,02083,sao paulo,SP
f14da5aeebc8cb65ae9238a0cf5aac7f,bfd49a10df6b2c8d1015055d8b4567c3,90450,porto alegre,RS
67ecc6b957ac04df1289cbb717919aa6,2bfd646c3f848bdd2a4d16a26c57b761,28637,sumidouro,RJ
630f64fb6bc2a53c0e5d61e03761e5c4,91606840c1a34393f335ff4a96be4de6,78050,cuiaba,MT
e2436ba9192da3fdf16eaaf26d17468d,ba82cfbaef03167aacf2f85c7d928aaf,21341,rio de janeiro,RJ
eed931d3a5222a9a511d18be7fd2a5ba,24f12460aad399ba18f4ed2c2fbab65d,13070,campinas,SP
d86b488d0a9dba21fbdf4786c30ddb5d,5ca22a63e82e98f994f7c7a27635230d,18170,piedade,SP
b2cba5f59f652fdc17f0d0a6c8f63ddc,f5f70d2d2ecdad373475e565639e09fe,22790,rio de janeiro,RJ
f41cd30821b697ff6f6e7795504222e9,dba70adafbba5fd446cad12d2c588638,95034,caxias do sul,RS
ad0dbbc49ba11e1ee93a974f6be5c81f,577782f64db1967ca343d0515ba9b1d7,87083,maringa,PR
bb3288e699de01779884fda1c43734d2,abc017d3113db8f1188effb0fdf80a76,15385,ilha solteira,SP
b07884373a48a80842802d6bf097d411,426fe5ac8fe33148bc4fe8a9b96fd0c6,92990,eldorado do sul,RS
941913272005809a002595532d5ecc41,d28df41fa2c5c6b98b3d9c12985e883e,35460,brumadinho,MG
ae4cf79e3528752966e1eeb9743fee41,227800bd0c18e68802569b94952fcd96,13900,amparo,SP
413bfa6deac262b57bddf57b4d323d53,8dce96b7cd9733a89522d60fca33a9c8,04942,sao paulo,SP
a181d9739990ed390d7d9ab2565f93d1,728b3c765e2caa589411629209a4927f,42710,lauro de freitas,BA
38b9cf892706e93eddf8ec8265869722,90f718695747b51939085c20ef742241,84140,porto amazonas,PR
641d5bf17c23bb54add76ce8e47c1bd2,e9a7c645f36f06a855535135f8900fc2,02466,sao paulo,SP
1322ab99d2cdd4a0da0150a209d321c5,032b3a42598667caf2e099999b9dc1b9,92030,canoas,RS
bce53bf51af5de1bbe4963b6828fb2c0,bf088f76969a44c82e7fe6d6efae4665,04840,sao paulo,SP
ed4380ccb3b7d35ce4d7070fec436bc6,6b8f8cb70e8ad3bee8c7493d536cd341,17511,marilia,SP
f86da6175d72ff2d6a9de63342e1d303,8cda74bcb48b709a90e5441e19b1d759,13160,artur nogueira,SP
806f7c1753a3be75c708138b58666ea3,e191f967ed2ad2b93ad1c8117e6daa1a,52051,recife,PE
b4b0c0b0e3f72d82a595495c1c8b5ecf,e67fade5c7d2afb5446c930b10210434,75680,corumbaiba,GO
bc523f15892160de30ef845c2a2d406c,0c5e05aed5511ddb197f9a22d77aac00,18800,piraju,SP
37a35978aab474b5f6ca6b43cf03c19a,ecb5118a9177b2f28a53d943ef7377f1,09540,sao caetano do sul,SP
1726600c085f65e9200ef2b46f28c58a,c15e2b7e05c336326e60a103ef5c9ece,80040,curitiba,PR
b08d990513d3a4b14828642b56ae3c02,21ecf7a5d273f14a1a691b040bd4f0ab,85478,ibema,PR
0e7393ef1ebb20126cf9f31cf7259302,f5d002793fffcc5a526c05efb039e806,22221,rio de janeiro,RJ
2f6644e65ff6a076a99865af4c7201e8,3012dd6d7cbfef5b7a47840ecb85e412,03975,sao paulo,SP
5443a1b6298d7e4608e7bb7f9220102f,62ddc4fac7716e758a1958c5244ecd7e,58030,joao pessoa,PB
1ea6e83f3f7e635b07ff88693fb6e2b1,a10b49b8e43355b8804f79c3a01a5277,85817,cascavel,PR
9c2ba98b81feb86a71ba30fbc3520f28,54471308461c633773c872f5036729d7,13843,mogi-guacu,SP
cd07153a3e03b42c948bafeec3ff9b76,f911728544b289f40fd54eb9ea883c17,07054,guarulhos,SP
d8690d5619753ee8295c1a1f602d9fc0,b6b13cc209d05fd795b326da3800d9ea,22240,rio de janeiro,RJ
7dca0aae9d8b2739eae09392212f33bc,44f33f1e85a9c2fb86f0ecc6f9a74d4f,05329,sao paulo,SP
9517bc0cc0531f3b191708822d0cd1aa,0ecb483ec3b1129ea16585c65458bc73,79610,tres lagoas,MS
4b41318cee19efe66831e0b01fd2fcea,57d0ac34721e07d2a11502c8e44f3d72,17490,piratininga,SP
875bf6eb697869ad0d2cfb512e331347,040a675b82518d9f4eb2f27f18c1802e,11446,guaruja,SP
d2097ad5b2a41f250574fcb77d7515cd,d43ff2e3bd83098a3c77f36a565ea47e,13075,campinas,SP
4720c66c135564981e9f6f641d711e68,5eead08822311ebb88f08f7ae564bee3,27260,volta redonda,RJ
efe0bc8c596413f5f6193bffdf474f51,478d38d8da5b73c1ec69b8d141aca8e2,70256,brasilia,DF
c3e03d1569832dcb3cdfa2ea53369220,539be6473bbe0970149095e1e39b8163,39390,bocaiuva,MG
dce86563857a5b7113eb74dc94d07fce,54982b0c374191195d5f433c7cccae90,38780,vazante,MG
8d6592798ee09cde08208f51e7876083,cff81dae0e5355c0eb407d3be054d2ca,15040,sao jose do rio preto,SP
3f2e51e61d65ef449d876636ff3f1364,00cc2d4fcb3a1864b4f900741915aa85,22790,rio de janeiro,RJ
595db1a58f8b33d7c1358fc3d894c1a4,c75c9d7b64971896c6c147a4829bc31c,24936,marica,RJ
f76cd756cb7b70b6f769c529728596ce,312bd00f838c99265423059305d9b94f,08225,sao paulo,SP
2005babe96a6efae53dbae29be5e5f39,55e48ff127fc03e927628a26562ffc33,05050,sao paulo,SP
3e67e5961d248ae6376ee09203e05e83,3d994d29466d67fe64db3db1da5dfa81,88063,florianopolis,SC
efab7a8022b17f28b622e1895c2adc65,83a17764f6e8cb32938ccc4c94f32dab,79902,ponta pora,MS
aff091d3610e27f6a5354d603830e328,2ae0559d90d762e837cc462308970989,41810,salvador,BA
e34aebde692d331d54140c5dea6689d6,e23fe95538a07f577b6229f84d284a04,13345,indaiatuba,SP
8655fe7b7fda80004fa4c9e0cd65cd57,e4b98eebb8983cade8610c0def59f705,22630,rio de janeiro,RJ
c37e1557e41bd2262d75e5b12712720f,22150fcbc6502f84488627e3257877db,20780,rio de janeiro,RJ
0a69a5c6297718d8964fba58fbb675e7,f2d2623248546be027a13f28302413fb,06436,barueri,SP
9acb03b0d01aa03db89109d3b514e1b8,17b567e0c60975c39e239324ef4ec57c,91790,porto alegre,RS
e54f507ec1ad92aaaded5565f48f1a19,cd71400a57f722718a5cebde0944c5c0,09090,santo andre,SP
21bdd767d991e3dc7efdb6149f1e6c5e,65471beec1ab421b1328548a0fd5f232,36240,santos dumont,MG
cbcd51a7259d2e00eb88ed4ae42f9da2,4e39429218dac10ad4e57dafee3d92d4,13486,limeira,SP
5e89028e024b381dc84a13a3570decb4,2f17c5b324ad603491521b279a9ff4de,18255,quadra,SP
0f077bc300c67ba6d69ac5302b42cd3f,d142d5b5a31b037cdcf3229e94c1d0ce,09230,santo andre,SP
02bcc64ec51494bf78f5a83c1414a4eb,6be5c93f5181e7b8ad88678963bbbcea,11035,santos,SP
202a9225c9f2ef075e5813780113672d,19d202a744a6d45e8aa95fd9358f5661,50731,recife,PE
b4b7f7c1b2a1a968c55e72c5275e0c8e,72eaaf7ab48bd234c4ccab3d894b874d,38400,uberlandia,MG
ecfe85562416d50766db3afd92b0f31a,9d07108454ac139ee5523f8776a7a36c,06709,cotia,SP
6b9cd57e8da503b79dc6e58b438e77de,ee9075a8920482033d6003b4fcd420d3,79073,campo grande,MS
c79c0283008594b41e0a8a8c923d3d7a,7f2ff9fad0d6edde58ca42edf1b99bed,63900,quixada,CE
421b26251df460215626e527be273792,60c1d12c4160d4f1c05c841a8173d458,02712,sao paulo,SP
578d5098cbbe40771e1229fea98ccafd,cbcc21723b550ad904f7a7f2ee690cea,30421,belo horizonte,MG
2dd4ec81ccf99ecfa406cfb755e5ef35,7faedfe7b19e29fa030059021df2a1a1,14031,ribeirao preto,SP
dbd324a50ece1c09a1d090c01a10733b,a328b65e7a42714904e40433f231d01f,02419,sao paulo,SP
775e5b39bea2cf3e7080071ddbf9d708,bf79e2be560481b2e6014798b4331a18,13290,louveira,SP
7132d6cd03bc196b7d4ee72c6ac9bac7,93cfda1cfc2f8c36f8221ed61a566a62,79640,tres lagoas,MS
e5381e8c6c9fd17625f8ab76bee76b8d,f85414bbf5586e689f360ade9e8d905c,04140,sao paulo,SP
032dc4140d9a51a0febc693a96a44489,2780a3f7a7aa899d219b980b1a0faad2,99060,passo fundo,RS
35b18529904d8a54f3a02555e7fb80be,093867242be0187d46b7ffbd01028078,20766,rio de janeiro,RJ
cd1782de5d260d0a90737fb52bcf8a28,7c8284fefd28c44e2fe71c9c7bef64d3,13061,campinas,SP
aae2be15a6f6c5b953b34cb4fc7be29b,e114141c0860afeca11625b51c9ebfc8,20260,rio de janeiro,RJ
2281c16b24e5ab1b782509f52aa8f4b7,ab5a887e09eadc6c0a79c1ac34615c77,33030,santa luzia,MG
5147535c11cedf05fd1adbd3dfc40599,522ae54a261b1042efcdb11ace9d7a2c,13561,sao carlos,SP
350010e736cdc59d9b04c4835b38ee79,d3108956b7d3e29b613600338ad7b8dc,03961,sao paulo,SP
914ab1ff67c21c0d81ee7bb3d0e33893,508a0ed9319d4924783cd9e4829fe655,05223,sao paulo,SP
543826d02e97f00429af97e89afae353,557d34854e07834bffcd81ebb340f580,21046,rio de janeiro,RJ
eb6fe4f7dfa98e8ff658e2655a0e4815,240f601d04eca6821d5b4d9f9a7dc477,99070,passo fundo,RS
ed8281fe17bd28cb00b79f98fba9c537,165fa6c178075605309f0f6a46ee6e04,29107,vila velha,ES
44bc1775b9a28ebe3292e12b53337443,8cba4050ca73942b09cc92f25b21f05b,78840,campo verde,MT
5e5e6470cb171508e864b8fc75379c73,14c310d62bcd7be319b54b747eeaee62,39680,capelinha,MG
d8b3b1bcf1aef3174859a70001a5f3fe,c2dbde192fb1869051ad7f3b46c2d9d8,26600,paracambi,RJ
a2dbe9d0969506f1fb3b8385ad60b557,9dd4042c3044677111fd7421578a8e95,03110,sao paulo,SP
5a3bb993a582c8d3042cde231649578a,98e3117841a2431959d17808f04bf23c,13212,jundiai,SP
d45fc45398590dded7c3589089e5e04c,657a35b64b54d9b754bbfaba56d255bc,17511,marilia,SP
0d922512d7f76cba4bc96a9960a7a7c4,36ce0bb312886e4755466775a3041fbb,04327,sao paulo,SP
d7d536ccde7b524ac5a42e24b000d982,205fea0ca71690b632ed095aaf2ad12e,35290,mantena,MG
afd985a81dce5f03f9c6b167a033c7a6,66188f508ca1a7cdfa3c961bed9eef92,27110,barra do pirai,RJ
63c0e998a8a49b7937fcb229c96c968f,dc31fc8dbf3d92dd637174df2018cf5c,88075,florianopolis,SC
92dc2362ac5619266eeed4ec88234e1c,0bad4fcf13b5df627666c2f510782b66,31140,belo horizonte,MG
26d51363d20344386df9fb922a155a26,d75df1ae5a9ccbe03ab5d9c4430a24b9,36140,lima duarte,MG
277d5d2668f2e1413803830255aea28f,09828ca58472c5bbf68fb4bf44cf0b5f,20221,rio de janeiro,RJ
a130282ae152ff07a4c853008884ed9c,cc371e5fbd115ff2543923d1cd2c6ed7,07130,guarulhos,SP
5510a0757de57b34e27fd23c1942793a,42befda568ea0df110b6cec63c233bea,02801,sao paulo,SP
762b59169664d761596b65b8110298de,3d1d4c2d55117aced1b69276d407085b,04162,sao paulo,SP
2d2946312ddf1d3549995ea0d0b7801a,0aa7b4580be383e6d299b583268b3ed7,66060,belem,PA
5ba140f1494030e4f6cdbd7e7a270987,10520c7284568bbf47901ffe4fac680e,60850,fortaleza,CE
365fade8f6d6113cafba55e06ab251ab,9bfbef471a31f137c04d9e5710fb31d6,48906,juazeiro,BA
8563b07a84656ff32968702daa37c468,b8d95b1bc28f71750ada508312f1e176,25271,duque de caxias,RJ
3463ac00dc2de6d13c26ace2d43fc34d,1e8bc2faef25efa8fab9d52f1f12bf7f,04044,sao paulo,SP
c336ffa7394e94710f4ebf37935825fb,f2479bf60c965e93b1e4fbc7bb4fa0eb,14407,franca,SP
e55ce7b0d217face26f0b2126413a84d,76a5a50d60701cb6feca23fe2f1fac40,13502,rio claro,SP
a94af621ec65d8880bf1cbe777c93968,d6055e5a44700ffd1608f4c53af35abb,38500,monte carmelo,MG
8dc19ab48e501be6368547d40ab20b50,5643c90bcfe88c649de3f7f959b5e877,13466,americana,SP
741599c6251909302172689216fe2930,4efeacf716badf7f1ac290270c693319,30130,belo horizonte,MG
e2a1ff977c145d903e6dc4e6e13213f7,804066f58bd2fee2a3ed13a6216c47f3,27410,quatis,RJ
38c5ad2946f9337bf423f1ac342822e1,a6f4f84993467e946f8e1e4f3ee69fbf,12228,sao jose dos campos,SP
e8ab8f389636432382f031e90d3606bb,42832ed9903e18991afc347bb4c28dac,17050,bauru,SP
f9efa1e08ec36a3bd42cdeb68995af0b,81186688888d70a6d2f65677fe4bdcab,27963,macae,RJ
dc233f140b9e24d75d5a1eed74e21c2f,21eb9a3add596f5c87ec9a7f4a3aa2d0,95082,caxias do sul,RS
386b21caa1c9879e1f2aea59128cb479,6dc86e0006805cef06e23866562f1ff1,24431,sao goncalo,RJ
6457e3fd7f768aef7be536207c963d9f,b4e6302d59894b1620b211469c991054,03191,sao paulo,SP
1671f344bd401d0cc0ba2869cf2ae973,1f44ea8774d632324aa59b85e66eb84e,08577,itaquaquecetuba,SP
c5cb6707ec7496b205b38c522ca44bcf,aaf69d9874531387396883691760115d,02724,sao paulo,SP
2b700cb734e7009c5b736376ca57ebac,10db899e693828aac865e65f46512115,13390,rio das pedras,SP
e0d4e81ca397eea8ba6a5e9d877aba4d,c18287f3d96045bad031c170dd939c74,74883,goiania,GO
18612b0caa6abd8c64a1240be7f0c06c,81049fb7201b75daf7ddf58d24e68271,97501,uruguaiana,RS
ba9e2c8bd1a9d2a57c007283d0c60eab,08781fa71b638242ff43970d12f3942f,96700,sao jeronimo,RS
c52cc5795202c0c882ca26124712a3de,0a13963a29607bff58dff1e7c90f3147,74367,goiania,GO
b4092d7745bc3d897d5c064dc6a22ed7,dd72e3222467430aa0eb9233dbeac287,16600,pirajui,SP
a148f10ca6771ae483a760a535cd3f2e,3af1bdb7c97ac944bac8675348ab7cc2,20520,rio de janeiro,RJ
f5011243aef5abc8d53d6956ad074c66,9e4c1e8466ff1c0e9d7eaed108b74bdb,22710,rio de janeiro,RJ
41e5e8ebaf5c8d1409814afd4174567d,6b7b588213ec0b5218a8e173c34b9293,12071,taubate,SP
3a0eb9e1b206d86984425581cc2e6f58,7e1ad66cf0b136c9348d4bcfafe77a0d,04865,sao paulo,SP
ecfaf0be74377fdae1c4290dc611c9ab,052ee9dccb43ae9d47e3181d468f73e8,31990,belo horizonte,MG
1e67c4865d4e1a05a16d7ae3eb790cab,ee57d2114c202ff5b2a2c97d73180c54,64010,teresina,PI
f8578672384385a1888677c3bac69dfc,4512ec8ef3c5ef84bf0a5609da3a7f5a,71020,brasilia,DF
e6bd5e16b464734e9301c0062b36142c,0fc00f0fecdb2871823506041647306e,02989,sao paulo,SP
31beb004638ae8fbbddd66eab1a4b74e,9743f86fe8889750e37fd08b88f83a89,15400,olimpia,SP
af1d8655ed6152d15b718ceb2f7c397c,276c6b10d49760263cc9d3250f695d47,04447,sao paulo,SP
43a8f0d16dc07bbf5e34f897c36060af,2000e65767f3fd909fbbdde0378abfba,25730,petropolis,RJ
6f40b4eea56cdf857b8ebcd17d3d966f,b4b1a11b3ee17f1c046b64e52a5a8515,08040,sao paulo,SP
c02a6990593c8e099095ecef024194ea,496cda1cfb3ffd1f8d7a57c180555c51,69089,manaus,AM
be0ac06e46d02ddfeff63176906c0496,8bba1b09932dbba6f05e405be34ec7f1,05616,sao paulo,SP
2a55f5f7dd2da40cfae2c503aa7626a9,8abfc9be1958666bbc9ae549b20175c1,05614,sao paulo,SP
90a0c453124d8012f583f1bdbd77576f,68215d6b5740453cc6029d69bd017f68,12515,guaratingueta,SP
23a749a15c5fbb6adfc59210e855f02c,e6c3cfea63c4944655b1245001666f16,30130,belo horizonte,MG
2a28433a6df5eec74729ea651525a6a7,bdc164cad1141903282c7104c200f056,22735,rio de janeiro,RJ
d2086bed6bec231d8db6a6158cc4b407,ce66235f3ae695c2290c503c5bd108d1,29360,castelo,ES
47ef3da26d1d60abc77a2a3eb050991c,846e609b82156807b1141e2f4e7e29ac,30130,belo horizonte,MG
4809e9100000b2a6ce45e2bbbf3c7778,434825743a3426c100c479f571816a81,13800,mogi mirim,SP
f4c527f30d0af8124485642436b910c1,d74852399997aeed6d69e0cac91eff29,36309,sao joao del rei,MG
430dae64e910e717c1135ff28b67aad2,c3cce848055be6edcdf13a5509930333,30315,belo horizonte,MG
50f4ec7d46a714a53d430d880a9636f5,57ba03e60a4ff6b32b2b63857670d8f6,66640,belem,PA
644dbfbd91a2bcd850d57349afb60974,e46e5d0b325719473e30b453ae5d5114,70743,brasilia,DF
cd483fb7ce181dd4fc4c8c77d676536e,f8f6ed51ded0d4757a6153f5ce0f8906,88330,balneario camboriu,SC
a2c6cf15697f03b627807d18d51f0c37,e7468e276500e0e19d73bde2b165c476,13420,piracicaba,SP
82051ce87c5771da69cc903239d13ffc,d8d0eefc0e1f2e1ee67bdf6f7dec62b0,78575,juara,MT
84da83b05464fcc3d5b4e16cbc2f724e,7294e46df3e335f4c5ab90bba50b8e15,66053,belem,PA
aaaf0308dd4ee292fd6f57b4e0523cba,f1e3499ab75bf3b09eb411aea2335e10,13060,campinas,SP
e048275f9fddd7f0c183cc921274bc62,3b76c91308d1f2acacc85fd88fcad038,07022,guarulhos,SP
0f3837271c85e1d77df6c9cbd86605dc,2a98d7018ba221c3748b4c9f23a1d31c,94075,gravatai,RS
52ad40cad13b4152d0c6ccefa638d646,1e6f0994c009e61f06c1ee96f53f09c9,13165,engenheiro coelho,SP
c15a53f6fbae984bcbf4ac7bc4395cc3,6a9501d542243cbdd043c91a66795279,24210,niteroi,RJ
96c9939a5ec01aa77921f2701cade82c,f6a39cac9b20115ddf2b41a7a6318ca3,35240,conselheiro pena,MG
96853060623f0ce3cbf3624b2411256b,93f8e2006daa1a4e46cedce329f2610c,15910,monte alto,SP
51715f7447120af4a92eaa0336ed0401,73905c1f16eb0032515d636e0e20f0d6,07143,guarulhos,SP
9192efe29732cd3f91347e6cba770ce3,997c2de65d7c529ab484c7efc49a6589,49100,sao cristovao,SE
70e55dca905d5cb86c955d777ab64ab5,7e429abc5ff1b38bdb18e4d51d3f72ab,18760,cerqueira cesar,SP
d073b9710a594b0cbda0ec8fdfbf5d7a,3707f6d56402b6fc7eae5a73583149aa,79310,corumba,MS
48e60815b9a51a18b2721ea814b574b4,bd0512ab6c631a62fdc974a682600f56,78635,agua boa,MT
06061ffdb496a2030a55687e3d14d977,3f89c636b2f78ec7a2724277c9ff438b,32450,sarzedo,MG
456ae1937d2c1b366e333b0c9ad6c798,7fea7e22ffb000703e487d6c868f3fd2,13830,santo antonio de posse,SP
9b414a49c9caedb92c273141857ac918,5aef2622c33adfe3f039bf344709772f,07273,guarulhos,SP
cf61549e5a1db5a63945b94660db1d31,4ddd6dc00abb2bb78e0e750450886628,87040,maringa,PR
15f254150d0e0f1fc6358514691f65bc,4769375f521ea3f106d30d3f92f3ad3d,20940,rio de janeiro,RJ
4999b83ecd2fab104b958ce8d13714cf,490b1bdf529053ea28add3a407c0e462,01224,sao paulo,SP
54da5dbc494349153af7466f6e030d7d,d2524b4bb93d8dea03746873f83d10fe,13451,santa barbara d'oeste,SP
3ad2d436356d6e6bc9d4de67210d8715,36a3e43d0096f60dbfc000a680ec7a33,68590,jacunda,PA
a5025dca34865983e2a8276422abde37,b74a1e6e34107310b420e0ad78dd3b9e,18185,pilar do sul,SP
10d723bb23836f3aeaba6c95810b120c,6a9d8a91d30c873d11a840b69d876163,04109,sao paulo,SP
7d6a0d2bc3cd8656c1be4de50b4d73d3,e707dc75cda76b17ee5585ded1d2eb5e,85585,vere,PR
2253f352d1652c2309a1f1287bc3e740,71a06ac25e00c414c23e1cd105a2b1b5,81460,curitiba,PR
e50c85a1c5f78111be85d6d38c919a30,b8dc1446784e02a8753fba5ec915ce3c,13060,campinas,SP
ff34375909b5d34349b21a75dc6abce6,184296b5b0d9f94a842cd76b1d0d3e8e,96080,pelotas,RS
f882aaf28af48842b1ca318f520f443c,622ad62f1ec148052d38f7b1cf3245dd,09726,sao bernardo do campo,SP
8bcb81dc6c177a34281944037637621d,a46ed84670207b0eff913ae59a95c9a0,45000,vitoria da conquista,BA
9374b51947c71dfbc0cad487a541df5a,23a483df82cc141b1b260e5d4ac6fae0,09121,santo andre,SP
c12c3f999921db1622354fa4a873cd05,8f70de4f81aa890f7e35d464f5247518,86870,ivaipora,PR
c7976e50c4fa15500e08efe74193b060,f7bcba8ef48a0f0e7431aeaba2110b97,22410,rio de janeiro,RJ
0d8cf529cece1d9d7b45ade2d37a7a42,042a46a01e06938721ea9fd7fda1e758,13360,capivari,SP
2106bd665826da836965bbcb2f5f1243,d1690fc33a52a1ffdc2ecde9ee88d7c9,08320,sao paulo,SP
f9c8f1adcfa05801bc411aba910a8730,95723cf0140c6b2ae1b90adbea7c3bb4,26525,nilopolis,RJ
a99b2128d3db96e838381fe6042cdee6,311b7759da40d8d24724a882f0641308,74460,goiania,GO
fdbb5e86252d6bb9bfddaabaf1ff7f56,5bcfa017a23c7190fcdfc9fd753bd174,77006,palmas,TO
1070bdeb30f438c677f47d05bb084550,9148558735348ad15d504d4b510a0f81,96400,bage,RS
535ad20edf8f32252bb8c7786f18df1e,328ecf4ae1638481b5fd47a3d4f10501,88914,balneario arroio do silva,SC
22210021ead9f4ebb1968130b654d092,30578a4a751bc6417446003063878288,14706,bebedouro,SP
1c01770539bc4b2310a572df971ffce0,4d9f7b6479e4baec147d868726b98d07,60320,fortaleza,CE
9a7a057f5e9560593d21cf17220b04b2,dceaacb38425bbd61d7d71968bfdccda,95020,caxias do sul,RS
dc2328555ba9ecbc494b6e4214eefbfa,47e42541aea4f4511a58cdb37f45294a,07242,guarulhos,SP
746e70218aa146b8a9b9fb2fc5101860,ca1c7b496a7a43fff06ce5004a13be11,07141,guarulhos,SP
0ea00ae539e6a29390c4e1d0841352e4,b0ac5b393b78a6e8185fd3acb154748d,99150,marau,RS
33a4d61b0f6957f323a1eb332b0af535,a653b64c7e0c3dc7f8e94cb6d7781af0,24350,niteroi,RJ
5d5749f139a1bc34f1c869cf82b0784c,bb0eb657fe27f2967fc0ed7bcef6a5a7,06716,cotia,SP
a8d9188653afcf6f3069b492036c41e5,98e822621043452c53965fd383479215,29260,domingos martins,ES
e103e55c94fa14497f6d7505f13ebd0a,d08c29302907086e8fe823369542f3ae,23900,angra dos reis,RJ
989ef866c6bb297451a72dfc2ccfed23,a7f5373919003347aca47cfce7c26997,66635,belem,PA
f935073220d9b434fa07ed832985c724,b90e381f03c5c0761ec20f287472738b,08250,sao paulo,SP
1603d8a8d0f688986db6314be1264b8e,50668121fe2b136853f3db238639d4fa,24420,sao goncalo,RJ
1d20b4948a13960234e356158fb43032,a4f4a1d0758fd671e5883fb263b085f8,73062,brasilia,DF
a09ea792622cb7d5b7b82010333d8324,9c69026a562dbc87fac55903850a1b66,09181,santo andre,SP
c9eb51d4c73a71b76a9b1131ce6e5828,8400f003706b8a106fd7e2b1a7b8d77e,28895,rio das ostras,RJ
9126e0666011360bc99770026bb867f1,70a8bb8dd8372c409219e4c5e66a960d,55400,catende,PE
78f12bb3fe31d58161ee7bc04220a989,4394d455191db1f4b772872c358bd37e,13308,itu,SP
239ab1c112384e1db4049f84f588c3f4,48d600767669bc5c6db104c1c6d9690b,03757,sao paulo,SP
194f91ba65b13e35ba4883be836ecfc5,a28ecf838a6a7aabd3ea8d9db5e2e8f1,21931,rio de janeiro,RJ
5dabf0a2fac79c094e4a4e600250c386,e1a8e606cb2da21d4be728626f3a11b1,05570,sao paulo,SP
624f47203285d5306dd47b908384e50e,decd0fc3c04777e920b7933ba4af8a2a,08160,sao paulo,SP
9af2372a1e49340278e7c1ef8d749f34,8af7ac63b2efbcbd88e5b11505e8098a,78065,cuiaba,MT
79d047607f9ec18553cee7b117499d34,ad32aa55d25c7c046b06aa88451bf224,61615,caucaia,CE
997070d4812561b1a8ededcbb6c2429e,bd9849d9ba9ac9f05f53f393b1c85744,13068,campinas,SP
217dc0e0ba8d055c0d40efa62678a8a1,c455bfe3f70f6325f0d1e1ae6569ec5c,25213,duque de caxias,RJ
efc99d32a78cfb0bb489007a27da2c6e,bedfb4db4e7c3d9cb563c26ff7d7830d,36085,juiz de fora,MG
5f776a5ed2ba1e7e308db6fd7639ede1,91271495e9df36869f1fa4adf0d52c1c,49043,aracaju,SE
914bc54a99e04ce218bc7ba0c40caa8e,31d5927e37d3926c32fb963d4bf6f11a,91751,porto alegre,RS
591f3c97fbb1c6e0a5b9676b4d734a6e,2dacf652a43a1005dbebf35e57b5157e,72015,brasilia,DF
d7e0e99b9a9b470be83e59e1ad9f761b,b74c0ed048a088235713d943174eae10,15993,matao,SP
521896033ed628472193e3adccf722e4,48aa83248476ac4d2b058596436b7680,18085,sorocaba,SP
56e72c1aea322da215031c4ec20a23eb,0fc302f0e80d81d2094440d1a85bfe5a,27923,macae,RJ
0e7c1297b25050b5f624ff53aa5e8c7e,e9c2097ee3757834faa06c6411d911cb,74210,goiania,GO
f0acd4906098739719f7507162c85942,99d5d413cb5c987d03bfceba3e6728cd,23092,rio de janeiro,RJ
e5b109875eefb9d243b353dfde8552a8,d5c7ae65867cecb7df9ab0a3cd145e15,22241,rio de janeiro,RJ
0d861a5e4dd6a9079d89e1330848f0ab,c8ed31310fc440a3f8031b177f9842c3,14610,ipua,SP
0340b2de09f18a986fea9f26cc7b2d9c,57668c60f87bc896997917dace48bcac,39730,virginopolis,MG
f18cdb6c4c7b85a238a9ececbe4112e2,871a411b7d916351ed6a1a194e366507,58220,bananeiras,PB
c035da5d1169d55bb2fe42597da25385,b720d9acd2342fae4d658ae171f02d9c,30492,belo horizonte,MG
79a569c7d0617c27504aee953f5ea4ca,15784120f1ae38b286ae5659b7eacace,80320,curitiba,PR
c8f6c692a4e62702f5e636d2865dd447,79e851e4fdc2640958d35d9a8928212a,08743,mogi das cruzes,SP
f66f2668857fa2ede0a1d2147fe10bde,7c337b5cbae22f0ecb7b756873e487b9,13070,campinas,SP
9b45fdfe7e8439a4e7d2814b3eb6894c,c639b7ee0ddefaf99a2b1c87cfcd718e,40221,salvador,BA
ba800c3db2f86dbeddfb9824aa2b35ac,11e95918d6816403858e8314a3503f4c,03333,sao paulo,SP
b5bae8ef2af64a160264b103b7df0912,e063d4243d764b831758a028e25706d6,89295,rio negrinho,SC
8195e180531d326cf34077d25743fb3d,86bd509dd54e384ef4731987df8040d8,12233,sao jose dos campos,SP
2d5961372f483e6ca5478477d3289a14,37ffc4529f4914b4d8fa628ccf1a422b,29600,afonso claudio,ES
5c8dd358cd43e858e1a25ba5eb9de22b,145e12520ae65fe7e6e1ad094cac4d74,41200,salvador,BA
3a1dda1ede23d7e71753e80d7f22c2c4,df397f90c1538772d4102ef5faadb297,35160,ipatinga,MG
e3f390f6f590be2be7cc0c05cd54ece6,9475b70c3d9add279a65672fca348944,04536,sao paulo,SP
ee77f26187dacda2a0bb88236aa24bf5,30f2769b3662f1f1a6a6693b34fb1810,22410,rio de janeiro,RJ
5b7f75e63b3845cc1e306d5f667d69b7,90c876a16ad0f0187a0aa8d4f8b1377b,21775,rio de janeiro,RJ
ed07761f61ae4f4d800e246d995584dd,feb3f0df86d1e7eb2d8dd4f61637f2ed,18273,tatui,SP
05509f014a28f5b61343cbbd74b2a486,c9c7741935dc1782ad64f6cba1f956f7,59300,caico,RN
52ebfe7b40ff6cbe2db79c566f36e6bb,e3276a09829510513e2f055f953b2aed,01535,sao paulo,SP
6a122bcedf65452b1002d0fc3758c531,a75768b5d48ac8fa0f2be2d9b0a979b2,06700,cotia,SP
e879d9cc471ab8feafa1056998e6ec95,afd7b301910a6aa6251b6ddbfb3a7e64,41339,salvador,BA
309e974054989e7a4f3fc8805b3bf55e,9ca25c67e315e2a59b00eca2d4797734,20725,rio de janeiro,RJ
915324f5c372a16f2cba00005464110e,213489684133d855d27b9ae5661b468d,55014,caruaru,PE
deeec2dbc5ec2ebede3686654f7e82f0,c3c32a203917283ba3da579b7f03640c,97507,uruguaiana,RS
e0dbd977cd107f73ab95d0891194cc47,ae64133264bf0753c75d9c2f1e5d2b5e,81710,curitiba,PR
faef2f2f4a3880d56b17a30c8aa683ce,8de585ff90190c86a3316cab8e004c4d,06710,cotia,SP
1a40edb85ba950154eb344793640676b,321eddb23f1befe8aab392e953f78caa,89210,joinville,SC
51857fcd0e5ff5ad2c5462923f01026f,2059993ed5857ff3e5f8f476b6d424fb,86047,londrina,PR
1d50ef713093771ec10c3ba611db3afb,9d21e56e55199fef0823482f7d3d582d,18170,piedade,SP
d53782279acdd8fad99e3908be8bbcf1,a50f021eb5aff9d4b0538153eeda36cd,18081,sorocaba,SP
faf021149b2f194c6fab41368a338641,6c08a1ff8d15b8956488744617afc154,89670,catanduvas,SC
b842717959224c3d19977a60ecfe0567,339963d4dccb015b2e121400a0181a54,96825,santa cruz do sul,RS
cd6e6f1b097d039e246e47947cfc72af,3be210593f442102f5405aca65741910,03910,sao paulo,SP
a99bad98823fb5fd025c8cec24159b52,f9704121a4976d0e50152ac4a3cd39e3,08563,poa,SP
38e0361914e4c2f5254078d7b06e7eb7,e02fcb4bea50fa32ca80aabe3360b806,02473,sao paulo,SP
630ae1af96136635d7757c7eeeb743f4,a894c90ce6279d5906dc3b5bd52e8998,45601,itabuna,BA
5926018301827261608273eed79d5732,0b9bce4e22ab922c862c4854c69852f6,24436,sao goncalo,RJ
0bf7fba27a51200f1752bedc3fbd2628,5f9460ae8f2c16bb9e57fcb504d93108,29047,vitoria,ES
ca370b831b24aadb045f0fddf63effee,dbb9ef7b555eeb86db710f8d86d4c6fc,09631,sao bernardo do campo,SP
a83775842cfcc6236435e48b77767b1a,d36992438cf455a0810b43f8c63215a4,86047,londrina,PR
a2226a8dfaff33b185df6b024e62b443,276175229d0061ba2c4e4c6bc1f93d10,89887,palmitos,SC
9525e9588f32cbc9dd5eecd6c63da24b,ce41a50f9ff95ef577cb759483fe9165,36400,conselheiro lafaiete,MG
a807bd3f8b7f9925b6eb9d07c0f3387a,a1106332be118915070243f76a7b957d,84145,carambei,PR
32e2b0ae693a8b4699e23eebb370dea3,61bcee3f95beae3d04d367bf937703d4,16900,andradina,SP
e6dee5fa43fbcf8448111437afb29ba4,8941275a22aa22387584f66b3475403a,11950,cajati,SP
d00827c5fac201b079be8af3a7fc9f08,522c6a57e42e6b75c0db5003f6526edf,32672,betim,MG
79abc68702e3d0f4c1a2c717ebb8f08b,c3e2a2dc43446940b84168b34ad60f47,98280,panambi,RS
1b7c59aee917c754933d7e4a4a80d717,8801d8f46c6a185daf71ce112a55df67,24745,sao goncalo,RJ
618fcce72f4fa2a302ffb7cac06dd84c,dd73b672e6707bbc66ca2d839f39b52f,91130,porto alegre,RS
5d2b9a7a9bdbe47b86f680434ea11930,fee9d48a7d5e9122af7ebb105513a8fd,08616,suzano,SP
c41864640b04c08f3c49bd4b17cb2208,b7dea66177d950f0f418ce464253c1de,11740,itanhaem,SP
89a7f5483cc2b2c5c8ac274323a2150a,adb6b4e82e7e33f5bae129c361cdce17,03210,sao paulo,SP
94dbca303a9992cbe54a1a2cb78df2a5,0d51e1d665d652b294c5246222e8b716,26165,belford roxo,RJ
d1e1e6357ad88f9f2849304c44884cf0,cf836e07142971d135fa93546d3b6d63,27267,volta redonda,RJ
f6ec8e3d19c8c405c7839b0389c5bb7b,71d2dbb6d2f52d568ca9d69c815a4331,01330,sao paulo,SP
84b667a6ecf4e5e69339b7a255032ab0,70ed71b5c89d632c5beef281aa3db24f,06725,cotia,SP
251a0c3704affcfc069c2ed0ec3937b7,f2b6cdde92a3fdbc99ba551a7b60ceaa,13318,jacare,SP
265e3c18ceed2964038497b11ef3e4c7,56e3a158ef88285f2c15a83db0b13d93,04447,sao paulo,SP
c220f2e1cccbcffc95cfe20d771d33fc,91916c27ce40a9e6a60e4e0d1a20c911,30431,belo horizonte,MG
e4e7ab3f449aeb401f0216f86c2104db,13d7bd0b05e18b00f415221b3bb69348,09810,sao bernardo do campo,SP
08d221df6d6f296dc22b4332f03f3b05,917293e363eb91154646336ff3ee020a,45807,santa cruz cabralia,BA
b92f3a12fb6bfa44bda7894e6a4c45be,9b2603943f002e297559ef949c629d90,18271,tatui,SP
52e79890db8c8221861c635f6b460b1d,27aede3a816dcbe05e0fc5bc5b72f311,74835,goiania,GO
d4f7e997120818cc9db564b522ba2a80,a12085be691be9de5cb0099a94c61e1f,37713,pocos de caldas,MG
2dd21bcff00bdf23764d180e6b65e7c9,be6139b65210fe50707cbb137fb3c819,15840,itajobi,SP
704458c6514db60176c4eb59bae24d30,f8d067e9d4482d1a32805f05320800be,13040,campinas,SP
d8e4093b1a0d9885110b24a74feb6ab7,0ed7a1764f310e4becc0cba01027872e,25911,mage,RJ
9cbea85941aeae8e6a33506e066a1913,cfca8dd295c27ec0011cda055a6177f4,29165,serra,ES
3c91aa889d9a3759a470c711dc28ba7f,afc3a30409ff55e2166aff63ff557d1d,21715,rio de janeiro,RJ
c6f626e33c38ee4bac0c4fe01bf3d932,94c56721aad10773d45b0edad65be0a9,93525,novo hamburgo,RS
41a8b44b5199e1a781daa6f67b8ccb16,2cf72bd001c8e99bb77aae94a29c0d99,24358,niteroi,RJ
bb289a608c37486d57ba8130910b5135,de77fdb5b021bf7600e50591f2834338,17209,jau,SP
c7e113c903312c8a63623f58530dae9a,b4b5d05ad37bbedc757f400434454541,35560,santo antonio do monte,MG
9bad93b17d6f93ac3ec4f63c2fc3b7dc,6497054082a747cc31a97fa236f977db,04272,sao paulo,SP
76ff8620a5c98e0bb71ebd0b2ab97af7,b1fd7f78dc2341d5bede5ecf7dc953cc,27700,vassouras,RJ
dee1a312a2edd8671e8885825cbdd2a1,76a0cd11c93798fac74516330bd7bf3a,04269,sao paulo,SP
28431c7da08761c1ea2827009796a928,7cf08f01ab6a6a1365e1613989a65158,96740,arroio dos ratos,RS
e8eaf1cd83fb76f65bdf87f4ab372d59,a8eebe144722bd04a876fc7b939b79f3,13451,santa barbara d'oeste,SP
1579098c5d9e5744b0f81f652b2f3f3b,07c6a18a7a0ed9ae97808d25bbdb38fb,53080,olinda,PE
6200c299ffab28fa4ca572d91c3bfee5,4541fbedba8c98e6418834ebc4d6dde3,12216,sao jose dos campos,SP
b9085af804080645661dee18717cbee1,a5b96290eee3407f15dc3a2a2a0bbbfe,54768,camaragibe,PE
c5e16ca2f4093350809b5f66c5cdfd32,b2ee5bbc35d3e89184dd87c1d957b013,25961,teresopolis,RJ
1bb2273c4c26af24561221cfc4fbd7f1,647afdb8a120547075e55a9dfeba6bcf,08451,sao paulo,SP
36208b84575a59b68fde6b6241c10e26,823844a1234ba2724b5f2d73ff191869,86990,marialva,PR
fdbd4c985b856764d8a4a30a3cdd1d8f,3aadd4e9461f8a81bc26af2b9942294e,24931,marica,RJ
6bba8cfa429c7e0de271fd8240e49d21,97a9d89d073bc05b774b5f5d67da9401,97509,uruguaiana,RS
a19aaf0a448df405ce973d0eb03a8784,b5476a88e2344c7cf9767cb2de3b74d5,08676,suzano,SP
f13780f02c055f61a1d754d88aa1711b,59d8a88a7a0eb9d9eaecd772d07bab67,13188,hortolandia,SP
530a7c06fbc78da973f9244e585c5997,38e74ef4e3bcf3019fd22b84649bf90d,35738,prudente de morais,MG
1f8ba8b0f133a1c149229baa78d0ec49,b76fa65d01d7c65222cae9a5a97595fd,55320,lagoa do ouro,PE
54c305a3143449a2aa8906eca0c2305e,615e2b4729f14b2540218b24b4c4d8cc,45445,camamu,BA
a8e569a5a0b98b1e496270dbaae45a27,f093103a10c06aa1cd7914c7f74af3b2,13974,itapira,SP
d23d90c1f2e9ef50c8536ac262199950,f2c865ff8ec6136fca966c076e116968,95650,igrejinha,RS
a647a179b5451428127a434d0d3d094e,315f25397a360576f1218717717c4364,29055,vitoria,ES
993e7665a6812825d712d7903b645acd,49c2d9dcb3a109bd94d14454c6bef455,35171,coronel fabriciano,MG
9bc9ba55fbe97a847d41d2a0324b1ca7,aedc4538323a5fb9e9a4a31306be371c,99070,passo fundo,RS
61c045cb17074c6519d6570bf25d3288,41b4af321ed477242aebe74652fd8219,03940,sao paulo,SP
a8274fc4df4680bc6b593c95c04c766d,102934b9e265fbe945a5ca9403487612,14805,araraquara,SP
4871648597f5e905374f3740d8d3fff1,9850146693d7aada37e21032572858cc,69044,manaus,AM
fae7d84f79611f61adb4bbb2472a2c69,9a16d6330d336fd7e5a9d6ec3f14d7aa,02336,sao paulo,SP
18f5a381ca2dbd572c82906dd141edf7,fca336c860a75c90b977fd61ce8cc2d6,20940,rio de janeiro,RJ
847913f5809f26d34e7787f48094b934,03e8a26864627ee0c7fb470b46cbaee7,13090,campinas,SP
7d2b61cc089a1692568ad66cd27c8cbc,6ef8d291c09f4fb2055b2c23b8e021f1,12281,cacapava,SP
f22aca6ec39e20888a279ee104039b32,7754600deda62b788b891e7825370b52,35545,perdigao,MG
e97eb53515b9fd98a3db45f4be5e70a2,04ff09e422b47d5aafac10006708b732,18705,avare,SP
2dd14748e5c894ea5994aa40aa4fc77b,28650ae59f91b5215b7ac85371600caa,14110,bonfim paulista,SP
8671244f3c6c3af677a047146fe41707,f0588881780589c64b212087b3657fdb,04303,sao paulo,SP
d8e2eb3e9f0c4624e6774d0241e81954,58df86c1980258dbb02e4ef48abfd818,28880,barra de sao joao,RJ
1e6e86c36785c218182b1725886d9dda,cc94273bfa2941116d5ee1cc8707c7d4,19300,presidente bernardes,SP
481bc44dade5fd594cc14012ba50b262,7cb20dd79b4b5bfda52b712000a30de5,29143,cariacica,ES
6b4181b03448813620a39cf169871ab4,3d893c1bf392ef009bb06a0dcf5c6fa1,39680,capelinha,MG
1c01b6e99332e712ccd834ae02122d20,88f7972f3f521975d199f30aae8053ff,14040,ribeirao preto,SP
62a7a460fd87aa9e89758b60db626a9d,a40a29cb7943701894d72cb2f40d94de,18730,itai,SP
b55b2ee30245e129386c1777d67377cd,424307ee211c252263d3a4e712ef3bb2,69911,rio branco,AC
c1cf59e73b753e3b4b30c81472c9ac01,cdc33a601c2dd505b56daac6f43a95b8,06857,itapecerica da serra,SP
2437ed5f9121586c4399bce8f264e2e3,f0e26559ebc99fee583e3cc2c73d2ee7,75800,jatai,GO
7b26f260a1a551e1c66c5c69aec43dca,ed42af950f2aaf3044bca36c95b10247,58042,joao pessoa,PB
e3daf28a8580a00c3fb420f53aa7fb3b,92b1f753590f17656b5a15d21e2550bb,95390,pinhal da serra,RS
bdc8a93d24ec975556babebc0bdfb9c3,4df4fdcde7ba957452fe40790c80d35e,18900,santa cruz do rio pardo,SP
f0efcec882dd726dd5dca4d34d978001,ee9857ecb11a5e6d9816253601d28100,03759,sao paulo,SP
af7c572f32c17ecda4664f61721926ba,7823a8988612aff9a03896c51e2c5f7b,01238,sao paulo,SP
0a28710d39c87618a19f30a66d3a70e4,bc75c925b9f7994e23fe4ecd6f1004f8,59184,vera cruz,RN
cb2822257aa212fb6a955a2163d6012f,8dc65474d70bbbe8c488dbe695bd0e23,30850,belo horizonte,MG
6c33226d12ff402d2818d9d6c7042496,1be3bf712b172963574fe5201bae15cb,12041,taubate,SP
a0d8ff17d8ccc85262a9f8e059a03b76,1189dba988b83709e2f76ba09c64d667,22431,rio de janeiro,RJ
be2bfa73cb312a427f22e598733459d4,62ae12b121b9cb06e97458dc2b3cf4fa,01423,sao paulo,SP
7f7b5099d28accf45603fbc7a9fda452,086f85b4c326262b4fcaa419914c949a,28400,sao fidelis,RJ
ad2e63dce7420f1aea7bc997716a32ae,6a55f718c0b3331c801e3fcc31c0340d,20751,rio de janeiro,RJ
3e0d49ed5998234cb45d06c5ed7bcdf7,d4af642bd51aaa394aeced7723143daf,28470,santo antonio de padua,RJ
6c60cba0b553924964bcbf588c7fec36,6d0e13048784385ccb8e360e1567f82e,13015,campinas,SP
d81c43db155254f98cce1de0d6026bed,c9b9697cab0885ef1076c53531f686a0,33200,vespasiano,MG
fc605af68bba864d01d42be7edd4ec6e,3db9654cb5274f5b9e70960acc045dc0,20040,rio de janeiro,RJ
af78298eafb020d57a32bf087b80681f,bfca7a9e3e07df51447510ede80822ec,22750,rio de janeiro,RJ
32ea572ef909ce200bf5097211d79d22,48aee83c86f97efcbe8143093423578c,65045,sao luis,MA
6b33a31c21e3e38abf7f7745689d6ab3,93a97ded75d29ad3e94405a590b367f1,62030,sobral,CE
db3f17e47f0f17ab80d12a9bfc657dc2,fbe0b074ab1f479961b253f1db5fbb08,83823,fazenda rio grande,PR
554008a4e90d3dfef2440abf989525d5,52ebcbada3c76effbbf7f65d3db5ba80,22785,rio de janeiro,RJ
43e2c04ed657fada56adb13d4318760a,b3a6c074f4c6aa92d1f80e91ff21daa0,72430,brasilia,DF
71dcbb257571501de1dc58ac8321a39b,dd50e82d933fda90b62adbb0f15705d2,18031,sorocaba,SP
b3eb9775cff9b90a79574e3a3b992d08,1e30a6d2c624026cfe01a15a6d05e1cd,30112,belo horizonte,MG
3f9b89f44fa0f0a8a673166eb3854789,7baccc3016470ab0392c24b39461f428,89801,chapeco,SC
421af3148f6becb0b5a67a98e68987b8,aa5014f5a39d8869707206c78f15ba07,20551,rio de janeiro,RJ
c15fab5c4434b79b5646efd43c6e4cde,fbb5d435ef9a71b9fd372330ff5b46ed,03479,sao paulo,SP
02548f54167adc674352fe5b7825ffcf,93541741ba99116c5cf5773312eff953,78080,cuiaba,MT
09d35a85e870a6f5425234574a0ae1c9,61ef8f0d68325c9d33434d23239086ba,36340,resende costa,MG
e39f84b2bff6b8160f8257e7c1164c0c,fe5d59204b1e2953075779ed6a6fc20b,01139,sao paulo,SP
8229657fd11afc46e7e8c6be1636c80c,6ac52814155aa5b8da64bb30a14c6b3b,88340,camboriu,SC
beb1179c24f5eb219e9906c440fc59ff,7f531a44b470da4b21197e47de11da9a,66040,belem,PA
ac3bec5029595891991d409e6a428c29,ca000e16dc158b58dde340b818beeb83,35900,itabira,MG
3b4e125304019edf064d24a81c22815e,5f00d3845a093d4a2802457b287d2180,97574,santana do livramento,RS
af06df1640aa1b80da72dc5687ce5a92,e0684064315b305e1b1bb08e817c7a66,04514,sao paulo,SP
99741a5f43aa1794f70b18a4e60229de,f34d0bbee4bd3a113e3ea6a290277270,01327,sao paulo,SP
941ee410fbd4f99ec9e47d2067a0417f,2be03909ef3e18ac1e1fc936958e4882,20260,rio de janeiro,RJ
e91028540517d0d7c1c12fc938abed23,1d7b4eabb382e9d9df9021a1193a46e5,12216,sao jose dos campos,SP
0ede3e81d1aaa05d656b0b1214de6763,37492fc2ec2d7a29798a4a3e8531d8cd,13206,jundiai,SP
f23c4b530f6d7d421de1e38d3e0cc327,3947ca729a860c522a64a49d762baada,69980,cruzeiro do sul,AC
0f9fc50c9cc8ee06c5d2445655e4bca0,569c152d1e17fca38dc2884295641ced,41810,salvador,BA
79cb6eaafbdbcb9d443dd5ebd01e016c,6b4d70f9e0b26fb3497b1c6bc76ccf2f,29308,cachoeiro de itapemirim,ES
f97aca2b8c62877d486e8afccaac5898,57d18bc844672c5fbe879446bc1bb0c9,37006,varginha,MG
c7b636cdd628ac8e9a1815e0ea5ac5ce,f7a0a121b0e8510a4502915a2ec645da,44680,ipecaeta,BA
ac6715b330dc55b82add2607aedeced0,2d348df48232a856b5636d7951694081,79150,maracaju,MS
85d3b8bc192815c053a302118e117d92,6fc65fe658e048a790cc354ef865ce3f,20011,rio de janeiro,RJ
a8855786ce866e5aa1bf16a510c812f4,01c15633aa5baf9c6d2685354fd82747,20261,rio de janeiro,RJ
abd4f44cab431f33b0c4f242377666f4,9b5ea59cba26d0b2742910556dad49c7,77970,praia norte,TO
7a025a70305eeb3f28d6f279b2312f57,b6e3114351fe7b547195b542cb8fb006,17606,tupa,SP
ac3d7f758530a079398af1d277f48d22,c6f1615b629142d8ebc815ac300bc854,84200,jaguariaiva,PR
26e1fa61b30f55d0ad6603ce7dfa685a,11df73b7b6e5b5dc4d8b23b812d406aa,93216,sapucaia do sul,RS
250952be8a7484ea9352534be9f2b587,1cf2f742188fbab50c048fda206afbdb,14400,franca,SP
9340fee89818bd84d3a005f8fbfe5b82,394ac4de8f3acb14253c177f0e15bc58,01239,sao paulo,SP
7f0aa96805d1c2d2002d0ac60c2ac139,9e4b9c100c3b0bd37d6604be7c0e9758,89280,sao bento do sul,SC
ffeaa6d37b3691d54a01171f6562f44f,1c627eb230da69b6aac42e5cc550578f,23970,paraty,RJ
ab8f2b129e54dcdcd7b472dfd41f4712,b37c8b47a52b54d374678d4703a05ab9,03350,sao paulo,SP
f299efe8059770d577b6b06420de12a2,46493dbb6bbf7097c477eaa2ce1bb4ac,13178,sumare,SP
dd9fb9905e0a0a4f0569fd9478774b18,77d964bb8c705665411c4107f41beeef,28460,miracema,RJ
bd8382ccd7a7cc07a7b4000fde126517,f1b0142025bf7b820e475425164f84b5,65058,sao luis,MA
793c772a9aed291ade39bba058b49358,e603b5ee1479cd04670e612bd2efc91e,35240,conselheiro pena,MG
d15fcd763b3fe576eeff22682ba06302,8e5f377492eae6dbd257b1d4f099683e,13020,campinas,SP
78b2c378bfab658007bb6c5ae2b09829,1ee2784815618a9115a6f5ef12a69d1a,03507,sao paulo,SP
3faa0b42ec04b1eb50445122ce3b70d5,5238a74a89a5376a9c693cd09e3946c9,13323,salto,SP
7d2923a34828c8f767f2c6b110ddf4d3,6e1145876e0dbd91cfb65d1780c7c212,95275,nova padua,RS
9dbb563726bbfc01c1ca04df3768e5e8,2b9bd15bf8e54b231c518790c55e5f92,22431,rio de janeiro,RJ
41a657674484cf533a6cf683a1063ace,0bc9c245cd69735af23eefdd89d74e7e,09671,sao bernardo do campo,SP
2a9543cbe3f8f53d8f8a62237f3ba8f5,06111e0492566045ae9964005f551856,13590,dourado,SP
5a3c92f3f76b6d40e1899fcb3c200510,1e7494c847d6a45f6503c7ac3eb4222c,07022,guarulhos,SP
af204ae44962575977140c5d3a95b680,783ea32237d1b8d2a5d636df0c497e12,11030,santos,SP
1dcc60dd188374880a488973252e96f7,9e7b0067b40b164e01731e084fbb595a,30170,belo horizonte,MG
6d28f0fa1646cf572c403bae21daea20,ed9729f97eed9d5d163b8af5210651a8,86802,apucarana,PR
0268654157b95bbfcb8cc3622adc9c8a,767f1a70a46e047081b60f94134d7d7a,88034,florianopolis,SC
4059656b16a5a2a93e9c0516a81ec52f,0ff88f0dec35872e019c0f64daf3d1d7,34525,sabara,MG
4ad62a046c967ad05f4f28dcb8e33bff,5e9cb24410928581ed2009a03bcc07c5,16022,aracatuba,SP
0310d1eb2978431efb158b535a3c0fd7,62cdedb6061865cae9e0f33f3ecd5d16,03409,sao paulo,SP
ca5fc68d665a2ce5392fccbde3475f72,a914b2be4782207abc6758095ec9e8aa,04130,sao paulo,SP
809ad95bb436a0ababaa111dcc8064f1,ed65c8fbe88aa56e1a960486a05b1fc7,88015,florianopolis,SC
a21458e978c59c41679d6a8559bf4a85,e2d0aa27cb23d73adcaaa2a92586e091,22775,rio de janeiro,RJ
b159734fd8a05b497cb4907056824f6b,3eb7932f075743f0e50b0d9966707e6f,78270,salto do ceu,MT
685bdb800c0df843bb14d7a7a241c0df,2b09ef35e74a0c582c8d846bcb5b7665,36305,sao joao del rei,MG
359a2f5153fd7d2d178c72aa9e701e45,9f37b1215df84eae065524290b66cba6,07500,santa isabel,SP
c2d4ca05c1058ed1b1f59df1255cd148,41dabaa1150218952d2c8b00f459aa61,78435,sao jose do rio claro,MT
26bae6c90b4b6d9a7260381fd825f8b2,3bfda42ef722cb59c430e6be0b68628c,27963,macae,RJ
019017e9f8b2c0e399f1f00e6e87f306,9abae9882c1fe2471da597f874c3e09d,04709,sao paulo,SP
b400985b193841a8e9b087168b103e15,0aa203e722cc3f4b440d38e357e30e47,15220,mendonca,SP
209ff5d502f02e97bc3cd9bc444945a4,44c70b000ed410e39649139a47e7450f,85023,guarapuava,PR
1ede25f1583f9a3a558b5a69f1931459,f9a58ecfdfe297ff568ba65174d837cb,86350,santa mariana,PR
74493089cad5208903209e997a8eb9af,298888cf6c1dc18e17e944817c30d579,45790,potiragua,BA
699c53363f423420e15ad5b424eb584f,aeab624af1bceb8dfe2bd2f89b1aefa1,78360,campo novo do parecis,MT
a2149ebf1a15e45e7b38fd8e2d97c704,619fea5648fc30bc4e23d849fd5c5204,89460,canoinhas,SC
bdac7cb780e6f6c2be2b42c24c03f04f,c2172289147d52e011ad9f98ef8461d8,05359,sao paulo,SP
7836f079e1b55a81c5e3ad8c5a7d0bb3,1b7d59bc0ec530bdfd3a4db9f767d7d5,05143,sao paulo,SP
8fae727bbd9f7466b0d7169b4d5137ec,1361e34172047f2e9319340369203b44,11070,santos,SP
444d8edf88cb47c875c15356930c5e1c,8bce880e9732bc53570bf914abf0f991,04114,sao paulo,SP
6dda88ac325b7971cac6e83a5940d0ad,e03b23644f340151b1fd16d1ece08cc8,31610,belo horizonte,MG
9e5557654c1e107f0924b9f01df10579,ea7961b4e11666cb0ae9cce850b83aaa,48970,senhor do bonfim,BA
fd18e47a1f202967357c8d65c4b4a2ce,40278d2c324f238620cfa88e741bde1e,44085,feira de santana,BA
96a02af8f6191a0e35f18c123b760285,a6914c0f619536c2635520e5add5fedb,27175,pirai,RJ
203628078a2e7779fae27d1dec973b44,ae467d4f28775869a435082da2504dc2,13501,rio claro,SP
a4a98a1e1a73eb104733646f6a473d8a,2ea70c72b230071a2e130c4ec05051b2,27213,volta redonda,RJ
e11b56593ff355a003b782dd8e4ca5b5,ebc070e76fe969c12b42be78c85ce327,04847,sao paulo,SP
1e2489ff630b27c2e1d61797902467d1,9c58184d54e228e230a53169fe719aa9,28024,campos dos goytacazes,RJ
b474f5d2fa522b1ab235ad78afcc17ee,a5fba7506f3fce8f1d3fe991357a699a,28633,nova friburgo,RJ
a22f714930974165c998fb8e86250203,7d754c6548a2245a9d22657ebbc88053,31110,belo horizonte,MG
6a7ca7365d53fad7a6b7dd45406112de,c9b9e60e5338143a868611fd96e30b8f,95630,parobe,RS
e769dc265dadde9a906e2cd0e127f2d3,262e1f1e26e92e86375f86840b4ffd63,64600,picos,PI
c2d9ace6123e42fa913bd6fad131bf09,a0bb13c6e9da8e2d1af6d0b8d5b61cd1,73330,brasilia,DF
0166c4ebd26a021fe864a0b91761f50f,c3e6117687010fa03915fb7f58a03648,15130,mirassol,SP
06c629d842cb8236fceea0a9e90ccd1a,e62169ba0cb892e8e7b57e8602f8da7f,38051,uberaba,MG
1510278962879d204243606cbd1a9ede,4f2b39545ebc1f7457d44249f8d7fc7a,41680,salvador,BA
19b8609422fb5136ea6a734a121c3eeb,b40e465c7844a2ae74363a41c763de49,29160,serra,ES
aaaa1ef4f90f3cf6cd099870ea77e99a,f6255a326ff4c43107bc0f42f433be94,78850,primavera do leste,MT
30ef75ecbcfb818484c4854a8caace0f,316107d320bc2ee4b4b0d66c60cbc2a2,30840,belo horizonte,MG
4623cf76f5a83537bd7d4dcd07c213a6,922106d9e4ab35ddf6a761c6137ab813,22040,rio de janeiro,RJ
2efbd1449f54af0ad6d218984bdf65b7,5670c7ea5472c16a06b1e3f72b3849b0,03558,sao paulo,SP
1809a4d9621d6e57cbee32249da47055,eb4520b16c32518b6615f2d50f1be1bb,17022,bauru,SP
89f8ae16624249b47abccb7729c5d287,76eca5ae5af7fc520e164899105e9eb0,01240,sao paulo,SP
1379dcee952b1e41e65f13755f51e001,cd52af5135ea92fe973ec2bcded29ee6,98400,frederico westphalen,RS
f57e0db92a75b273d6a4901c2dbc4453,ee85f92931be433f1dd09fe6ff2951db,03573,sao paulo,SP
22f9f88866a23edb1a9a66be3970fcf7,350ce28b38006301c169398019915760,64018,teresina,PI
d6ea3ab260c02dc5a2d6270e7d49286d,ad7c13746d7ff7208d89765f407d40f4,66080,belem,PA
6fae532749efd824d103f027b7bf7834,7ba26610e7bab91dd883e16865d6ea67,02717,sao paulo,SP
8256ca825f52c400ad2894793c8a232d,0a576c743e8ed96b08d3de75b4d80849,17930,tupi paulista,SP
fc88f088d243fe889616273a5256d9a9,dc986ff28daaca3f8d0d08008ca08312,76822,porto velho,RO
694edc807e805eca279af219e9fb4086,91a30f7e47d6cea51afe0b1724b87119,09090,santo andre,SP
2d9d650ab42cedd47f35ce7a7e59a75a,bb5f90cb9fe4e14ba4fa8ede8fdf7e29,08310,sao paulo,SP
de8c0c2c84ae2509dfa7594c4e00a219,9ff6787921b9aecefdb9c8212ebd8679,35930,joao monlevade,MG
ffdeb329ff51afd3a45ae5dcd7239ac6,191b7046c6216a04bfa580c8e1a262e6,06775,taboao da serra,SP
bfe964865bb435b81a560ba893502540,248acdcc29adc0f9e144da53c94569f3,13290,louveira,SP
7e393e5538c26c13c74bb6fc603a59a8,3cc92975e4a97b25ed9b2bdb3b0f8d59,13635,pirassununga,SP
11d81028de401df36d24cd769fa0aef3,ab727a18f23821f22e4e41da686a62c3,89204,joinville,SC
e54968e88e7710a302367e395a6462d0,cf8cc1f67b03b2a3b4c1e5973136f12f,12940,atibaia,SP
680e474bcf01429746b374d2166f3b7b,f8e4631117f9db214b5366a49e793b9f,23045,rio de janeiro,RJ
6a6c433159ff775ba7f5ff8ec38b5b6f,b0bc6de4a99007470bbdbbf5cc502ea9,03910,sao paulo,SP
c22d78768bdaf7ac1da407717cedac93,98e922b1918b9728bdc40fb379bc8045,31655,belo horizonte,MG
749f8ac2121143cb343bc5b5767ee6e0,c2246b793e4d6481044fe69ee7ed60d5,13401,piracicaba,SP
4dc6615418c35ea2ba535531549b13ed,dff8e4f3400c163f161ee627293cc3bf,12904,braganca paulista,SP
8f29ceb9da71dd3cfe7055c0c1fb7e7d,8c43cf5ae5937637f807e5b34395a533,11750,peruibe,SP
f01c52a4a145463aae16a5017f50f11d,69ae560f1f5448b1c3b9ae3e619808af,22713,rio de janeiro,RJ
8fb755ecb504828af36b83579b201271,d756ab136b2c2da6451eb045c0629177,11628,sao sebastiao,SP
69de6e98cbd456c73122e8fd3a20554d,91d5da8c24686b483a7b08bfddf5c344,60714,fortaleza,CE
a7f4253f2a560d4035c330dcef235b74,a5c806ebe5b25d0ab1e7f0da0e17d6bc,09667,sao bernardo do campo,SP
5c1cfd3396dc73c155cbff6e8958c617,1cf241a1ae500b4a6bbb9345b6cceb6e,11250,bertioga,SP
0c7aa3b3d34237d58e07d8458c5683ba,22d75e219121547b55f0496759d32929,92420,canoas,RS
6442854d50234aa44495bcab02c5ce8b,61bc015848fdab0d072046b3f05bffc2,04840,sao paulo,SP
7aed8da5ae4e0e34226c47f3bf041956,7e69734dad7cfcbe95aa59f38095057d,06144,osasco,SP
a9e29188d7ed246d080e5cd29c308f94,faadc34b22a3d64a6037658d8f98b471,60060,fortaleza,CE
b8ae52eba45117ca56310b303a029ffb,6b5e33e3b3037f2aad8f33a7739c62be,41500,salvador,BA
86bf8cd37ddc4f324fa6d2c1607f443a,f85107d1dbc6b78bb1c784d5928c14c3,94080,gravatai,RS
cf15b6699cb95e493cd6e71431ffda1a,ac2c1b1e9acbbcf716597958ecfdddc6,88220,itapema,SC
cfc717c6474d14f341aff6a633d59df1,3abc34087edcf535bc8f5f337314d6d8,89610,herval d'oeste,SC
e014a175e1f4895640138693be508ca1,ec7f1811826ab04a27a92197bc40c888,20551,rio de janeiro,RJ
be18603bce09d123fbcb26af9ec069c5,bd250672128c616edcc1cb6d7cdbd197,03449,sao paulo,SP
3197648bc591f89b9b15d647c1ee1c0e,2a77526eb759d36db444e412962eaa99,67020,ananindeua,PA
a33988fde632872a5c5458823b9c2d01,50bb522b463517d5cdcb4ce2ac2fc610,60711,fortaleza,CE
3aa26b0090c89244c07c04d241eb30af,0aa64cf7ee29d5313f2987c05e4b09ba,17034,bauru,SP
6e7d0829bdbbcd61c6d863922f942daf,b4875644308426fc74de2a855f10c0cf,26210,nova iguacu,RJ
c40f158d06c86288d0d3f32b2984a1b9,3e56f3ccde79acce2b93147d3232e3ea,97110,santa maria,RS
dcf8829d7b09493cbfb502af2340be09,affaaa61cb2a40ab7d0e4567a37a7fab,12301,jacarei,SP
5a191290110e4563a197cf74bae3f90a,e8b7beb6a236d1cc99740a4a3632f56e,17690,bastos,SP
e7556bb00ab4ae30b6cab3df2f2172b6,b7a035bbaa15467c17b1a94adc820913,29090,vitoria,ES
a23719a98faaed0e45e77564e1ec3f47,732fcda8c52d36068fec11e6a61f73e8,11075,santos,SP
c2d6392933fe92da78c503e94c37c552,d4e365482617be6d91e1271aa793b3c2,16071,aracatuba,SP
06d59aa5dcec13f7cb753276300a499b,7cb9a6b438fe0a5f228bfd32ff9e1a11,30720,belo horizonte,MG
734061465fe7d5790e21853ba9721acc,3c55426c2c84b47034776b4eae01a1e6,05172,sao paulo,SP
63bab0b2961c9ff106d7d0b0adb18e6c,8061b08b1b77bd573f0481be1a5fc936,92480,nova santa rita,RS
ead83a4f8f7be8c3034b2e98754a6147,230a1e9f42924d41f37fd22a1d4a9707,06540,santana de parnaiba,SP
c9d83efae10ff5d47b75d591e2bbbffe,b79ef39b80b9ed000478244ff8d40cef,13083,campinas,SP
7997729f17343b6f2bb7f4e809d868ba,67569b16721a64cf1a80563a76700af7,88108,sao jose,SC
d98d984f06ada593e263ff7cb810d798,793000c4be1a654272437ec6676b78ff,75400,inhumas,GO
af0bb59abb273cac5d8691b464dfff12,8fb12357cb2cfe6d2483378ded936f04,78560,porto dos gauchos,MT
7b530dd0b6024eaf341aae361f575254,39ec76eadefb014e08df24ba7c828792,15690,indiapora,SP
fc1930db602f4e5c3ef7aed98aed36bb,e3527bddd3f016dfa0e4ae4dfc2f9ded,89140,ibirama,SC
c8ace93dcc058d6488bc06dcc239421e,bea41d6a3d56041efef1a3427ac3e94f,70670,brasilia,DF
bdb11f4359b264ea2474110e64a7ec54,af6f23ebcfaa795b732ac0a7cd27b302,13076,campinas,SP
62d50e9a714ac024c196d9548594e2aa,ba77e9b6506636dcbd03e463d4786f24,95059,caxias do sul,RS
f8ce7a62fd76b4ba3d39558b073cfdca,959f52044560818be455ea4c9f08cbfb,71050,brasilia,DF
d6ac8c7fe64eb5e59bdcdd125ce9f5ba,c798fab171e5084171bba753fd7d08b7,89220,joinville,SC
8ac1fe94e53325560257c8758c9a8f4a,ec81d1c881757b8d02f24f7a3da1a1d9,88102,sao jose,SC
eee34916bd1e46183d946404ab502a09,a834774364a7b64fd8f763bb952d55d5,38170,perdizes,MG
ff3e24884cccf9cf357f9d89890e0370,4aaa203d8d1a697f90c558099299ab7e,44054,feira de santana,BA
84c34f46136918961512c810eeb48ff3,73b4f420a9284d68e7ae8b441b0970f4,12030,taubate,SP
c7d01474e137ab202e9d31f379d6ad02,fa871e15486f566b66214a214b78576a,04571,sao paulo,SP
9bb70fa63970b9d88191a90481d551da,d2c6c89bd52a9b70417f90313b1ce4a3,87303,campo mourao,PR
6545721ab602f8dd2ed740b17f7ea8a0,b554e16287c8668cabc1d155184976b4,93220,sapucaia do sul,RS
924c8739761cf922ca7d80c2d75cb051,da94447ddb1c37b0b6070be2fa8d10f8,14390,santo antonio da alegria,SP
1a56026e25c55e895a50fc6927743c1a,97808a155820eb5b9594f0a836a589ef,13054,campinas,SP
cb75f1b57449ab6f2efb6da4648d906e,c80f174f89ac4e9b08ef6b44d3e9535c,30160,belo horizonte,MG
731a2e445bb92b757cb2fc658826d80f,34162c178a6f582b39adafe7cf883251,60530,fortaleza,CE
2186009b718b71dbcc74eb3b71600414,4d715b2115dab0e386fe81f114c7d830,24350,niteroi,RJ
c3283d189ce91fe3a6a69c7d6aa3a5e5,441f96cd207df1ec096f5e038ee22265,13820,jaguariuna,SP
dec0327d097743b1b1f013842e6b7f8c,5444e02a0c3ca5f9f52083a14ece5ffa,14990,irapua,SP
2a05b113978f1620a688760fa3873b8d,359827d8038a19e853b12277af8a10d2,09663,sao bernardo do campo,SP
3482b292984426dc8cef7892c48027b6,7b09482951912a5fb582aa19d353cfe3,21321,rio de janeiro,RJ
c658bb8cec1d8abc36b0f23ce79f49be,0d216e34840c7ca11a4ddef86e321dbc,91380,porto alegre,RS
26998418b6674006d6ef5cfc44c398ee,51560cd71e19e09f75e568dcb5666005,39750,sabinopolis,MG
b5662c2ed415c039d62566365f368635,dbba0e863ab58908c70ecffe98bdb522,01514,sao paulo,SP
fe9a30a8c40ddbb91c3399e7bd78c50f,630d405d49ee8c61534aaf26bdecf841,04724,sao paulo,SP
0c305f688ce08dc9402a2164fd6f29d6,f68cbab6cbaab1d6226e2dafed486578,74315,goiania,GO
e4c5917984666dcd1fac843b5938b6a3,8e28b7b4a7feb17c7fa88b8837aad20b,08737,mogi das cruzes,SP
4478c8dc1d77c1bfec4e97fda085f15e,8500756c12b272f7ef5504dec7a7cbe4,25995,teresopolis,RJ
657eda4e409c3207fb49f2291e11e582,f9ff64ebbdcbd3d606097327fd6b0a26,73900,posse,GO
dfff377396a4ab6e54d73dd479008d66,a842658b3fcf9836e6f9b2aa1d05d6a0,06385,carapicuiba,SP
149876e27f49d24b3c0a9d34dfc13163,79443a5ee4444ed7311f8f918d8a01e9,88750,braco do norte,SC
8511391dc75fca4d08cd7ae54a049606,0cca74f303b77a6d54a3ba9160862d1c,87043,maringa,PR
7ad81ba6ffad3deaefb12dc8097c9f5f,200d283e41698b39d36e3dbe9686d828,88220,itapema,SC
c2e3cf920b413000eca5ae4e99f0f169,421939bd58691b9212a5fdb4fff8d2b7,09570,sao caetano do sul,SP
700d485889431792d24c8e2d506a1ebb,471774533790e9e337b0a5bef4824d88,09030,santo andre,SP
73e9ca3feda9327182d698425804e4cd,1a4028a275a61303ff0de4f1aad83f64,13304,itu,SP
d8b65951c84554c80270720c9b5f1178,c6c805ba1449708b259b6da9375318ec,13201,jundiai,SP
c82367a413b58dcccbad4eb8a50e8945,2ccc5d0620e07e3b54b83848c31a08fa,29107,vila velha,ES
fc8d128a358eb85b316708c1a0fe0cd7,a1f124350296eacfe1cb2e23bbc07b40,76100,sao luis de montes belos,GO
25456ee3b0cf84658015e46686025224,a577a79cf9dde79841a2b42bc7d0e6c3,74475,goiania,GO
d67409b18fea6a27c87240f38798b20f,7de1d5c4d664f876b5ab55de437c3dd9,03425,sao paulo,SP
80f48bf1d049cdecddea8ea5086b1264,a55d6a572f9ed8a230f10665db325eac,25655,petropolis,RJ
ea27eeb8eb04badc2dbfe54cb1e54f74,1c03d4ffa32383cb2b295db7737aa02a,06395,carapicuiba,SP
99a33386a35dedf99ff14051353d0c13,071bb277b0146da77fac31e70657815e,22020,rio de janeiro,RJ
d4a482cbaeecc8d8bf7c2e5d38fc5898,dc1ebb3411fb6921b469b113b93ff80c,27320,barra mansa,RJ
c8fd59bd341fb70b98b85a0a01e4def0,5b40b6d003822b8ff229a910784fe4e5,17210,jau,SP
2ecfe1283802b15ec960b6d0c903de2c,39455b91bff049736190e059162ba61f,88058,florianopolis,SC
c9fb84e88f11e478d569305888e89920,74e776b43740a826ddbfb8677c4d6f4e,35162,ipatinga,MG
457e255722e958032b50ff72dd15a4e0,dc87b4f4f0af2ecaa16efb92ca1d34fb,41770,salvador,BA
cb67357747667b594aa6d47770e7334c,9202421110f6a19ddcf0b9b93602a0a1,29909,linhares,ES
7ca7b6bb5ab0b1ac2529e5c489cf3592,96f9779ab3aada4f274112897f433d1d,12062,taubate,SP
07b23777533ca4b2107867f3ae97dce5,222d4ec6f01f033c75dbac629c71f02a,35290,mantena,MG
0c24eb9748620ef4c1a57fbcb77f5ff6,d4bfb52232b293647e88915939ceb6ca,03227,sao paulo,SP
4356b8d02549aef5b23be49c9824ce56,8b802e7e072f89d661b088036bfdd9f8,06404,barueri,SP
f487d1e458323b7515501432ec6d8bc4,00bbfe2f540d0cfccbb098d92c503eca,21310,rio de janeiro,RJ
e67f59f16e6056646cf6ad6cb2b0ded3,77bdfd6daf1f8c734874e469950614af,31730,belo horizonte,MG
026ae2477af95b832998d23578eb4336,972a82354438a79c4b859515df4148ae,24210,niteroi,RJ
71ca22f53f754920cd75ffae69cf2343,606841106ac1ccdf9bc8e06957594c03,28896,rio das ostras,RJ
60aa677f9f9260cf5b5cc30bc921358f,a069914e4670f00ee7d2e9d70584d1f7,09790,sao bernardo do campo,SP
000f17e290c26b28549908a04cfe36c1,74541fbb7526dabecd0fc96b1192b9a7,98400,frederico westphalen,RS
97197eaa11a1e7a2cbefb2839ed58cc0,5cd0630ab0c8821d8715962cda84fc80,04857,sao paulo,SP
cd3f821b92920ff95ceb7da103502eec,1df9c9fc3c60538a1a611b6ed81bc930,12995,pinhalzinho,SP
4209c2248f1d9e2a244d179a52053ffa,91b721d32e8d30023ad17bddb6f6eee7,79083,campo grande,MS
d5ab28cc3a09431710c8b8066f168ee3,9a6e43453bf93c75cd740563c2872697,35900,itabira,MG
526309529ffe0014a0638effb87237a4,c779f2bd46086d657e4e81b54228e613,41740,salvador,BA
c41ad6dff0d077fd45ac8549be56f557,765622c306877776bbb4cc8fddee37f2,31330,belo horizonte,MG
f48208eff9563f993ac37437d8b72d35,2a0886b1f5a7dd6b2700c6c738a3defa,07022,guarulhos,SP
9f7bcb19d79216545a88e5e6aa85262a,a01378c4fbfa4a65c262a9238ad96289,02615,sao paulo,SP
d707f0c570bead47049c3a517b657b95,abb248e062ac0172f20687bc019bed89,22420,rio de janeiro,RJ
882202b66b1bc288e8fed52973389523,df7a0b6fcd30ba12f6915d3cdf516124,48790,tucano,BA
85403284bf01b8188132debd736476ed,4c75cb8f178d14bc4ca0eaa9ceacf5ae,44200,santo amaro,BA
35f840b076d79718e004c0951fe0f435,2a3d4df1de5c9feee497328298916d41,13175,sumare,SP
c68ba7c278daca261cc3ae4f90821d39,819ab4a3def491b5cbad94c02a997c7a,36010,juiz de fora,MG
5a70fb925bf88748e2ce9e6ff1fa8548,0ab255ef07d64b069eaba43466eb889e,38183,araxa,MG
6e2155e4c5218340df96c5be87f8931b,592aba1d8e1d592fc9be07cfa685e88f,36830,espera feliz,MG
d69049b6e88258a24347911b615f141d,b89e86400b3bdb89d7a801082170a668,29045,vitoria,ES
baa526bc6d733ee2f41e97e07a3a4d19,49ad24729e856d4844fc0dda641d2386,37200,lavras,MG
b508681ed2399a6483ee9e5117baa082,b896655e2083a1d76b7b85df8fc86e40,07998,francisco morato,SP
281fb8b9868caf9889214e5a8d56e271,4e5a10bd8f468ee5acc890961a2b7ce4,36570,vicosa,MG
97e26cefab033c1e46bee19ea8341fc0,699fa17462938d7808065e2254ebae3e,05351,sao paulo,SP
25c94fb991b323d4a3b9dbf96be0da22,a7c98f33d93a8e87b22acefa7a6a55b6,37130,alfenas,MG
a6fe690d5608de5a62f7d88b87fafba0,e2feae83e7cb814bfd71fa89982a9b16,01229,sao paulo,SP
accc1a016a05b961ce5954d27f8af8da,e5f15a6fa2e0bc5e4add6cd3a4a4a271,88780,imbituba,SC
fd1bf3f1f7173a9b74964be95a205282,bd53a8ea81109214d76333e818eaf509,25953,teresopolis,RJ
86f88f01dcc9599c9734faa1cb606a94,fbab790836a80473425e37664c81d984,18407,itapeva,SP
2b1aeba2eecc28cc25ea11c0fb348706,2849e49e72da42e35150234ef5a9d2cc,20735,rio de janeiro,RJ
4d6a71e3cc10bf25e81389394f4ed0b5,0f6355abd2fb808755d94a6084ee41cb,30421,belo horizonte,MG
0ff624414ba63f57af8921508338a509,5ead757839be06943952cf4e7daf3e19,18090,sorocaba,SP
40ada5e3dc4b3c488f9367c4ba39727a,4e65032f1f574189fb793bac5a867bbc,09531,sao caetano do sul,SP
e7c57cad7ca45409fc3aa34a89b51c01,ffa6acb325475c3f9816fa472652f1af,59076,natal,RN
e36beb1a691e2a8425544454f4916f5b,bcfd06ea1136c9aa8e9d8c94c1444993,65215,viana,MA
c892fd675db782773ba7aece9755b33c,9dd1a6ccc8266ee2038d259c3e717b65,03544,sao paulo,SP
de0944cfee0d3c5e328399740f56e989,4b710b383b56484557d289075e303d04,21745,rio de janeiro,RJ
de6dff97e5f1ba84a3cd9a3bc97df5f6,c8cf6cb6b838dc7a33ed199b825e8616,88735,gravatal,SC
6430b9e20f8b2acf27b7cb72406d0c87,7b08fc11e1aacd85ef2845c12a9ddb81,85960,marechal candido rondon,PR
532106a874f0e6d89668d5aa4066d9cd,92fa81dfd9136b1d242f7ba6cfe4f2f1,08576,itaquaquecetuba,SP
3966c9281e8635cdcd8a77df973b7b35,2a58a820ec648f845d0d7315f3a3ec7b,69301,boa vista,RR
5e4a6deb288ee0d277260ff584e7c2b2,e1e2dc80988ace2d050a0f4d29de7dd4,70735,brasilia,DF
dc65d433aebdabfb3e8ef0612d7a3e67,bf1fa3f5c3bb2ded620844743e4dd153,31573,belo horizonte,MG
fdd862fcaef60c5198b49bcb033c906e,faba26afea60683ac96160ea1ba409f2,15470,palestina,SP
477d25a94a52bc31e37ca4c2bd589cb0,109c0aea81864dae8cf00c471e72779a,35950,alvinopolis,MG
ab53dab22635ae74adb0baa0689afcc0,a6d070c5bb1625afedbac4c019de0176,05783,sao paulo,SP
21f9e4f6dbf8b54c4d66b6fcb3c2d837,c5769306aa1a28d590dc144eca2a9206,11065,santos,SP
f098b709bc90c53838898e66da197e4a,27dee3bb3d5d400ddea5b3cad3b11425,99470,nao-me-toque,RS
54ccd7be1a0550989644a7633454f6a9,53c36c2af9c778a798e24b9521a188cc,79833,dourados,MS
235653dc9683328943db2e5c10db3d12,a8060584a077038962852f3184a4571e,35160,ipatinga,MG
5cbe9410f3ea413f95d0858d75f0a42c,14296c52ecd7063d06a69f915d801299,15700,jales,SP
d43a4a97de399626a8a6d2a05c95a185,37f87e0ab65c1507e9479d86e2ff149e,13218,jundiai,SP
e7be4b005fa54d1d294039b73a6f2ba2,70d9c3d1a4231f842de503475e51406a,07143,guarulhos,SP
ff9602a062f03021213c2ffcfd7f7e9d,e6428c4b3e9771c097f0ec6d16fd1d96,55900,goiana,PE
39e6eb3d7b6113d9a44bed5583ec3860,33211978916fd3f524fbe438870d5756,41635,salvador,BA
48d6a6909a9bd0b2128ea79630e52d13,3f01021289a4c54f1c984262f4ba625b,03984,sao paulo,SP
28450048348e99f41971dec6257cf532,dbf7d089aafd5899c92873b49f156040,30421,belo horizonte,MG
c36b6c328033cca3190e0e45ee61b010,c1051761919d37d096f281b050c5b5e8,42808,camacari,BA
ac9b518157bd24e321650a1a3f7eaf65,5f5c947ab0e8d5a62830dd4bc0d3d7ad,18670,areiopolis,SP
f064e65677f0641ee4c4d4bfd7b006a3,38ca743e351aa23acb3bc72cc4abdd1e,58200,guarabira,PB
f0a88549dc79279163f18562c41ce81f,5df9c12190bc328ccb11b795ba6d12cb,13041,campinas,SP
83398e1c675b19d3356e5db8a6e36fe9,20953499c64c73cd9cb775731994e320,13800,mogi mirim,SP
d3ef0c42a88b099e427be86fff577e54,915a2b219a25b88ccf9a4a9849d447a1,18210,itapetininga,SP
e927a7eefdacf3a803ed90330d43f8ee,6d751fb6f222d3e4497a641a31d64676,05868,sao paulo,SP
9a0480bdb0c0c8e63a17be53e1faf91f,bdde9ce1c27b88a7fe3ef13ad6a80b5f,02217,sao paulo,SP
f76b4d4179541aaa5f17fb1dbcb34d84,17a2d93cb1aab45e3d21d5eba7daaed2,18460,itarare,SP
322f2569c4dca8ee5119d0714fc09c1e,dc352a59954067bae905d7abdd47ae49,11668,caraguatatuba,SP
d6991eab03850ca580267c3608a42ca6,6341d3fbce8289e47b4e1261026dfbd1,99955,vila langaro,RS
e72eaa64d93891becb7b33bcbb385b11,ff0d89b5aa8cbd766e14456e2bd869c7,28895,rio das ostras,RJ
83ed4f17f63c452ca60253582bd3553e,26e99ecba0051e44486072c1303403f0,18605,botucatu,SP
01cc68904d33964bd2e7bd52d10efe18,1d15c4b479b85b74daf5f6742dd3d05d,01405,sao paulo,SP
9f104fdd722cb8f30446f33a3a7e3db9,1025bf870ecc9804564c89a9607c23c8,04372,sao paulo,SP
835e2ccdab532dbb2bf4f03247d096ea,c4d0b7743758bf264b5fa44911f87f42,35770,caetanopolis,MG
1a5f1ecec258984cc83d3dde079bfffc,39d9d84ec70ae8203797be420f4d9427,38702,patos de minas,MG
2a9584c1ab5178e20f6b2761a4561cdb,1ac5b2186ab1438bb5a3f0c77e310369,13272,valinhos,SP
16378b14d4514c8c6c6821a4daa09ff8,015ba10edbe7988bff82867b4480c225,13515,charqueada,SP
60557beabb29add89b6ad201ff7ab80d,3f94c1f7e2d1dfcf8a46d01efe28abc3,30130,belo horizonte,MG
1ce361e264c832e9920f1000dd243982,ac5e2c0c69290b3fb44f7c584ff3af2f,09618,sao bernardo do campo,SP
30e20b600c72408514e38306ffc7138b,b00ea1e069481794abd873a9342fbf58,02754,sao paulo,SP
3f1e103d6039a322717941265fe39dfc,83f5d75bb2df68b3197dc0faaea3450e,72300,brasilia,DF
de95d380cf871cae8dc79670a84a1bbe,eba4578c5f557801a1a0e70e71fd6580,37120,paraguacu,MG
512ded1d728a366069702fd124de9a6c,52ab2b4a66e349e6711f86bc7c7026bd,14580,guara,SP
7e660d547620c36235229542ae7bdcdf,99e444fb749aba33094f0ffc80cbfe74,09450,rio grande da serra,SP
34425af515e189a4aa18e67c29f44e38,266bc4c355bf3b5f9797a9f3e7c114f9,03126,sao paulo,SP
bf36e212151102fe45397327fd25c235,122418b0421f2576d0cd3f22477c464b,89690,vargeao,SC
55945e7471c527fc4ff7066baeb8c477,58498d9dec038f925f6406ebdfdc36bb,21921,rio de janeiro,RJ
5dafa582b0cccfe3f6e80a91ef94a083,9cddd5e19cf32df589743ca041498b8f,24330,niteroi,RJ
87b01be0c7f4ec17eafabf5f1588c306,a3891fed6f00343446b628f274125ee4,05025,sao paulo,SP
8dba88d5e26038cb58d959f73983a975,6156e4ba15a524a5a9cda091388d7c9a,39475,sao joao das missoes,MG
fdc9ea90bfb6df0f7f53217158a3ce0d,b7ef1a0059d43c0dda7ccd863633560e,45651,ilheus,BA
5ca2a93c4bf830a3bde999890100180b,28dd1607a5e16ed5458919c2afca6476,78740,rondonopolis,MT
60ba596d2961c16b7fb6da94f60f0f31,bbf8ebcd136db1d2382c8af0715d4ca4,13050,campinas,SP
02628c7e9eed8af6043c70257a7a87c1,39cf8faf26661df0e27872cb60f9bb50,89086,indaial,SC
35349e5366b6dcd7f8a51e2bf1b3497e,f50c2f14b268b88b7a70a03454ac571e,37880,cabo verde,MG
296ab1d0d22dbc2bfcb80832953a0550,13ece232fdf1ca084551f8a7d1fa503b,36770,cataguases,MG
3bcd05ab09f9eebaf2ce4edda2e166e4,92cd44218dbb29a8c6c165fe2cf3a5d5,65075,sao luis,MA
febaa0b6a9a58299fe86ab3cc375080f,c02c7590556b24cfd689c111b7759be1,05871,sao paulo,SP
b1a32b560093cdad033bcdc59baf0949,95ef8655c117e395b5be2a5e473a6c8b,68503,maraba,PA
219a14804135f9a0b4e76c88de0b5cae,22e38ff4e27e7377d727eee723e12b00,28625,nova friburgo,RJ
836a7bfd738af688ed28899ff7e61873,3b007774b11596b904e9f1319e74de4c,15900,taquaritinga,SP
0c37de9d0308364cdcfc8c1b2c5e7d11,8afeceaa56e63d90251c475ab609dc58,36400,conselheiro lafaiete,MG
c838e44ef735bf81eaaf088eca9e4b18,97d757d6e63c1cbcaa17689df4240d22,05664,sao paulo,SP
144756e897a43ed57c52f651e830977f,71861c0aa983655274042420bc55a3cf,04823,sao paulo,SP
110d1ee2a64ac0d58f0e1161569b6ae4,9bfc3238f6d84a036965adb6cb484013,22631,rio de janeiro,RJ
f3da085c67eb4dcf31e0c457c727744a,c29b50b505bafb39d2227a97a8ab6f48,01455,sao paulo,SP
babdd387394b20e5cb5c015bbfadc9d8,01c1529c867b31e5b6c34ad4ccaab314,78770,alto garcas,MT
5e8bf0eda6937b9050cc77c6bfe223af,02c74020c2a866ea8305ee2ac8c60a33,35588,arcos,MG
83c25d4a789ac9054fa86a6e17284455,3d7140f7eb346da3202a5f121dc31f94,71060,brasilia,DF
5c2de499c8b3e854beda15e1a3962e8d,f05fa2c1130ab3c89ea4323d3bf98495,25555,sao joao de meriti,RJ
506a9747164ba320cf874723aad41c23,2557b9d6b7d5ca77ebc116062e558214,16402,lins,SP
bdd71d1ed3a12a4878d61d011209c2da,5b4b4c95a263788f6b0c147c0bc93ad3,88135,palhoca,SC
9d70473610a913bc6ae8b9b52c35459b,7d98b79446c0ebb0efc2acd85cf76559,29770,mantenopolis,ES
b47466b05aaa9bacb7b8aa2302c2b525,b2ecd194d32a51b5aefb538169362dbf,12307,jacarei,SP
1d858e0bb7f8c1a95605be259f635d86,0a2aa3b7c6edb8e0e089229ba19a285b,36830,espera feliz,MG
d29d92e86e87e8732c9558570df752ca,2ca27ef6f20adeabb3c9c3e43e7ad17b,04855,sao paulo,SP
956b98e4d6642bc3c6ceccea5aa488a9,95abd88649da5a5d03837dc62e6b2091,33400,lagoa santa,MG
e8217fb18c09c697dbf62a9ff30e812a,d8b087b8590f95a2ea8b982a78c1befb,87400,cruzeiro do oeste,PR
29e994be5ff2076a7a75bf09f73a9735,213d592a877a9874ad58cb42bf63a28c,04176,sao paulo,SP
fc041ede47154c40f55455e20c1a1954,8435a9cfc61e4cc170e657e9bce90f22,11015,santos,SP
5a1184a130531482314d389906afee6c,aaedd6c66e55a3656e8a403131599c8b,36080,juiz de fora,MG
96530093e1f224383da249e21be5787b,f20d03ab638209de28eec4076c1958ae,73015,brasilia,DF
91f62d1acc70de76856fe56e6fa04a32,840c2c21ed8379b8aaba2e5f6479b0c0,04432,sao paulo,SP
45cce495588388d074ab985f2f9b9bb4,f183cbe7ea382975291850db9c8526a7,09280,santo andre,SP
bd6292322eb6573fc98ac5931d04f5e3,b6ea04eb4b04276bb4e9731099c85443,04128,sao paulo,SP
ddcb46e5e5665d514bc10d16c528ef14,96b0783ecabf68b611d16611be39de5a,16018,aracatuba,SP
2d6696a5ad00ac738d9627cacbb49eb8,bf456d59f818a08c3d2344ad1e52ff48,94450,viamao,RS
08990861309c229653bd4f67b9c3d2d5,408cf687d61ea9854b5621fe6320f179,03313,sao paulo,SP
a4af3a9be469b173ddda8880112a8af5,2c1abdacdc7474484532eb334dbfcb13,06401,barueri,SP
f5e1e4c71ca7b28a6b61fb4db9442a8e,8f80ca0abc88b6bb5e276a1257f03848,13145,paulinia,SP
abc6a537ee9498af3b3e1b59ce2b2ea3,488f279db9261a5c5c3b765f9cb95ef6,09750,sao bernardo do campo,SP
caa7d4b440be90389f83b4f7f42a883c,84b12444366b9faa348c5111bcc9a27c,65085,sao luis,MA
0e17f21d1c39581137b6cbc8d14bea37,e2340cef700ec4ec7e6a338976b1dc13,21931,rio de janeiro,RJ
ccbd8555e574d889b4c79b3ec6f35fcd,3850ea9ef85d01dfcfa3d7001fb0b4b4,58580,serra branca,PB
b6113cb31237fc5caac3837be20c02ae,003fb95e849e71e732629d94bb92762f,14709,bebedouro,SP
80a988b23ea488add6a8c187cca076db,974693b4a023988446e32a627d49a29a,88502,lages,SC
25da133d61233ee59bc86cc5cba4a64e,69f3dab34c38c5a5cc49f4ec26b5faa9,02050,sao paulo,SP
9e3c248cecf45df8908d2eba7f718498,c933837ede8ff47cbe52b66402570389,13846,mogi-guacu,SP
f6a410defc688664c9817dbfa4017e8c,85ac6bbd9993be0819bbea3cd2bfd266,07272,guarulhos,SP
eed993e8f243582c4f4609155e4dad75,1e43268a3e70448a4006ed28057bb833,08900,guararema,SP
4b0d09b8b6d18dab1596d8f5ce5bfbee,92309fc01744d4ad163bb4878b267fd9,12246,sao jose dos campos,SP
fe86c2c022a8d1665da64dabf0ceeaea,d6b7b7b651f4a32b5c16f62c01f3b565,99150,marau,RS
b6e1a45abb82ce0e62d8a98787f46c59,e28828c260fb933fa89ccea00c48841a,09340,maua,SP
153e6d880db3cac30ecfeb13e0047841,159306b86e782097be9a4e29e3d294d3,95540,palmares do sul,RS
20c34723b9fcadecc3820144daee995e,da2168560d23ebcf1414078f7a5a5997,53140,olinda,PE
2b02213d249d2abc717cc1c6bb4e9cb0,73fa628b0fc190639f48da2667eb1381,74013,goiania,GO
6f75dd25e38631f03bdd255cce321144,ed65f711b1a15f017f5b5bb939ba1763,38036,uberaba,MG
84055878b8547a9f9944a8108146cf4f,f685c0b25dd0e6e5cc7afe41536f34c7,36037,juiz de fora,MG
e3d26d1fe9b0926a8a306b11179bbd00,a925c3e5df82fdc6082f1383d2834998,39825,ladainha,MG
905c64238c028ba8ea9cbe01d51d38b9,190865db43b4d2a34a1d72df724d1622,98700,ijui,RS
c8d6e2f404529ee75435754a20a88c9f,3c5f60f053134a5cd182e558467fdec3,26700,mendes,RJ
4cbd19ddd6ecabff61817a1dc560ee7d,5d8d6b43f3f42bcc94e23a6729ce16c3,22050,rio de janeiro,RJ
4666258a26f60758fbdbaaea7ae1173c,8ae6abc914f89e000c298ce7e6324fec,11330,sao vicente,SP
ceec04c1f9846950a467eee17ccdfb85,34962563ebeec9ee2399336065fb09e0,05351,sao paulo,SP
12009d13a46cfa0b24a454a350401daa,092232fb3902fb912c80531bc1460f75,57037,maceio,AL
42dd96f61bdf4275466cf845a61d184f,458b1248916e502eafa8a0e418c45562,84060,ponta grossa,PR
597950088114c1a9e2b27459051f40ff,dbc0a39ff0c850cd0358a1fe289095b9,13470,americana,SP
f7d8593f21cd130734e1c9da45f32924,5914429b9cb0e9fa4066c7080f4537c1,13920,pedreira,SP
7bf8183e6301c1bc4f8b012752f50749,5f50beacf921f29b16de69faccb2680a,14770,colina,SP
d6ae16638058915ff2ad94b83cc19e52,19e12e2ad467f6b5c90944392261cb8f,07024,guarulhos,SP
bffcad9683349765ee3c7984225e4402,8ad69527a8a449c920255fb203719f6c,14620,orlandia,SP
817c0a5bba6ada57e5de2262bee76be6,ad8d8c44f34222cf276abf6e905441d7,04855,sao paulo,SP
6bdc6bd2a184acd029712b3ab0037565,5f45aa4ef9b8fb99b95d33a970bb64a7,02337,sao paulo,SP
a359c4f0182f023d07b15adc33efcf57,aa0fd3e1854cda4e5b0911a24492ba14,89288,sao bento do sul,SC
9c3d64bd3fa02950338d3e23e3327bb0,830f8a8e81416d6fa0a1d297bd8bb1b5,07081,guarulhos,SP
223291591dac2cc98cea3868de7bf593,5a34ee0b4b9e4f97e41450badfaa89f8,01229,sao paulo,SP
d225478ebc7787b9b8774397fd3ae56b,e494f4ef3cef10788bbe8917c274727f,89289,sao bento do sul,SC
5336c5ee4f79f50db5090376d6023df6,cc663ef3bf03c46042bfc3cd2ed931e4,12082,taubate,SP
f7b95256f6f7513e05931fd394deb33c,af4a18e108ea1e58da4d7e49f1f41027,30666,belo horizonte,MG
9fa0823c5a0aa74a619092da448119c4,dc7834a96c0a7d00791c270c6429286a,35720,matozinhos,MG
ae4776734a6c3d0a014d64732168ade4,32d538c0f28824fcce8e8411a67e3d9d,08526,ferraz de vasconcelos,SP
66e822818cfda1db261d52e9e2a9f19e,8a1f02ffc4e03beb2a8af436331043fd,12620,piquete,SP
1bfc1883b1748812bf2b9ee4cde78deb,26c2f94aeb82cca504dec476f8e8ff70,89460,canoinhas,SC
a96336755f2a6f45496391ac601274fc,e3e3ab2390cd5f887163976be438c635,07400,aruja,SP
b095fd720a224dcf7c988f5868a99def,55077ce6a3a8fae29d1ff31f77fd0f55,15385,ilha solteira,SP
bbe4079ce54eb3663947a8e3b012a5b0,a601a970485c7ff0396bbb60146723b8,04812,sao paulo,SP
84c85128a1b73db241b00d2e02dd7a0e,66641d84d1be8eb3a653caf82fb40a9d,13484,limeira,SP
b9c84df370dea836ec452ed49cca4c78,340031e96a08c8ef82c884b9348b9dc9,11065,santos,SP
490bdfaadbbec3b4bed71410e2adbb15,a7444a1b286273cf58c731ab0903882b,04534,sao paulo,SP
bec4e5faf561fe6b4be44218d1cfd1c6,6df616876ef2151ab4a9d2e7f0632c1c,06428,barueri,SP
804101df19b9e3e6be806314f23892ce,a136639d058fc587dedd283a287474cf,03819,sao paulo,SP
bfb81194b28f60009f9fd8778747ff04,3ca7d69a2018e87e4c6a172356af2a72,24900,marica,RJ
dc21eb3a96b071672dbe53873234d108,639c8c51b4348d2191e8fc324e7f6b9d,73005,brasilia,DF
3ee7951cbdbf56ac257be470c8baa4fa,fa99df1c130d029b5cb2077284790259,18800,piraju,SP
62b59a64eb786a96516229b7f3612c72,921fa6982e780da7d9e0bb6ca11b380c,93010,sao leopoldo,RS
ddf11cd7c5aa41d78e97d674cfa535bf,c0bf7ba938c47c5b3df62b97d17d8c0b,38720,lagoa formosa,MG
cd2aeb7652a5a67b8da8c50950351f0c,c47ae12fffad89e58fd954eeb60b12df,18530,tiete,SP
6c80407cbc3d1710a3abffea674cc1f4,b7d3b4f8da39c2b27404f53ef5f74be6,17980,panorama,SP
41c4298bad8ddcba7c752f4b8defb6a9,12728eaaef44ecf87a76083fd1e442c3,20271,rio de janeiro,RJ
daa3fdea600ba786a3da7cbd4e19aa96,bd0880583be8b120d23326b57ff8943e,09060,santo andre,SP
f2fc5c6aa68766fc4dad7fcec0da798f,79187a54df6ac88e07ae63368b67c771,35970,barao de cocais,MG
1871a12ac5e835c89fa644d16d17dd22,15a8721818910eef7808af4c6f68570a,78015,cuiaba,MT
e92d980e4cbfdb9a27de31742fc2e3c0,a21b2e6d0494da284e9ca6ab7ad882a1,05784,sao paulo,SP
d5d4cab5f11cc0e7d3c3882091d815c7,244e657db66b8a10e6694fb89b932239,17320,mineiros do tiete,SP
8edf9775ff2d85510096c409785457a3,584df16fd79b2f80e09f056e2e57c89b,29936,sao mateus,ES
fa60dc846cc1ab755dd1768fc500b400,f8abc116dfd2fedc52825bae1ab37a67,01027,sao paulo,SP
e860bb31a41c537599ccaa74b1e368a3,21f964de1ed069cc84a543b1a16b98d0,87340,mambore,PR
634d74b983dd961407cac9f81d216f88,07068a7e3acd037c6fcfcb6799299658,99930,estacao,RS
553203c044ef2745380115fb3696fba2,e4435b5c7fe9595de302159fb575e171,04549,sao paulo,SP
cb4be9a063393bfe007a290302727b26,f18e5b4c9e3a327346899fe26be08297,92500,guaiba,RS
e6f7cbd1504efea2bf999b2fa1cb8679,8d2fa65d968da66afc05f2e28250c9dc,69307,boa vista,RR
a06b36afcb92e3dd94f5589baf453ec3,e97081db25f1967ef831179b1995eead,13036,campinas,SP
763c1c6bf0c0a0f2412923201495f1d9,64a13c5f6fc4822392c9f1bced88ddee,09320,maua,SP
8a2d6290feaba2aea18c2b8a5a60cc32,1c12fb820ab4fda07eb3d72f03c5ac3b,13271,valinhos,SP
95b1d607aee48796e6913f15e78fe1b6,e0b8853b235f45dfbf53e334eb8fa0d9,30840,belo horizonte,MG
54af9d31eb26ac435fa7bc914d9a30bf,7162c2cbcbe9beee103704f912a7b364,88058,florianopolis,SC
40cf2f73247ea80b023e4c63891ce67c,b221fe38e824ed28a7ccc9cb85fed6ed,22713,rio de janeiro,RJ
8a8440c5a7fd24d8bd07df72f6abf753,8241424764e0bfa6bfcb3c6cda391ac8,50680,recife,PE
83b22908078c379ad87b33bd9034ebc2,d58b4f7e679c57d0c5d0f7b8cf3e5722,03512,sao paulo,SP
93d5e378ae2f72a07db704f1f6716a7e,6384e6a7b021717616f25625b4bb0bf9,31340,belo horizonte,MG
4f55026e18d09fba60a3a17c63761094,d4b0f4506f8169b7e7dafbf815ae7371,25615,petropolis,RJ
ccdf080c53c6ea522feac09d9ea18290,8660f98f7e1f51da6cf89794f066dffe,74180,goiania,GO
937e64116b8e024eea0b4c0153692fd6,a2b57859e65116fd8c8e24fa7422bd13,12311,jacarei,SP
0fc4a56f2aa36f5d9d91323864ae0362,c8358f5d55596a47028309a991b7d9a0,09895,sao bernardo do campo,SP
ac5464f145e02f0f756666b3e8792cf7,f39c6ebf797e244ae9c657b895888974,19200,pirapozinho,SP
1748b9f945e5b64b45417d766da4e07f,1c707591f8e9763d709df72835e6ba2d,02415,sao paulo,SP
78d5661572968e9b17462be561afa42c,904a6a8c41db7927d4bb241b306e539d,84350,ortigueira,PR
e865ee96ba1d73c1bfad1dc94269fc14,bba19d9ddf6ce4663966a0cb23882ff8,89036,blumenau,SC
a22b5e829ec1ca245de827b70b0fd334,39ee0b80bea01c06c6919ec88e14ec45,13181,sumare,SP
d43e617665b9a99e6e9b0ca80101867c,4f6321b97c6e05bd8638c53e6c8f05a1,13409,piracicaba,SP
e65cbda166eab6494bd038552411332e,d9b6a81c4d9253f5879e8329d2496e22,09181,santo andre,SP
da8ba8c96cedb55c833c0371aff309bf,1485ab027957cdb7d0efcf1487bf49a1,41750,salvador,BA
c2266a67e05d07690176c1635ca2799c,76531fa9e9666a24725759d1cff317de,13251,itatiba,SP
289a6b3181d1c9b33b780b4828887995,e1b063c0b8fe26fe927985b901fd1ae4,06783,taboao da serra,SP
7d256faf9786f86ad032ffdc9554ea2d,93c25a6ad8dd65c386a6b1093b7dc642,88506,lages,SC
92e886206d327b4998f959511fa1c392,ba84c8dbb27477d850318f2a1f6e60df,30360,belo horizonte,MG
8ad17d877d2373c52b855c0eed7295bd,82c9310b1cb0030321e3bdebe7e1f0b3,05877,sao paulo,SP
468a33d90073632f3d419ec748c83fc8,26e7f29d019a18ca03fcdd0104432829,95625,imbe,RS
50e4a36718eb14d411ea14069da5ced9,344238a3c6233f04c7c8e90fa3eef711,74210,goiania,GO
08e9e9af9d6d0393d4f6b8c331adc6e7,bd72b276b5a309fa4356e528f62f1e32,06020,osasco,SP
dfcdb6bd7fd72ed1f409ae56ec40ed3e,d0c74e0e22789d2538756fea93cf5557,05726,sao paulo,SP
e49282ae3ee47bc3b2e30025544b25f5,3385d3ca16a8ea8e2124294ac08b1814,02514,sao paulo,SP
a4108f668ee0837853954a5ce287613c,cd87020fced97c9e9072952ce034249e,91160,porto alegre,RS
45d806ce5ead27ab0476dba78e3647f2,8ba4a52e218171f602f076d5eaf339c3,22745,rio de janeiro,RJ
2cd340f0483672ef400892090c549289,787dd15dd132f3707a7f82a76c542d78,75470,nova veneza,GO
ddf3c179813ab0f0034e592d4e19e331,d56c514f0a5c73224b61b2f731141d35,08210,sao paulo,SP
4236ba0e8837211a7c2d22719c96bf86,b525978184c53a6051f72e2343ffce0e,11065,santos,SP
3b3a94e8869494140c9338cf3034a920,c96dac240f97b3f694b804e6406af73d,28915,cabo frio,RJ
dcc0611ff5be7beee83892383507927a,90f50d331b6fc558d5be8c903012d56d,96030,pelotas,RS
a32651c931981f0d158f31382ebe69aa,4bbba2a307995c25e9d635cc1a9700d0,11900,registro,SP
a27ccd54971ea41b405fd5560b6cb8f1,dc8424be33dd1873250680c85a3b9376,41741,salvador,BA
8c699d5d2606b7cbfe0e3a8bbf1a3fec,c1cbf369357710c2d505dc826e12bfee,71010,brasilia,DF
d8ea195b140dbf4f97812f4848f4676e,18f4b2b0a9d6b393ffea532c2b8d6e55,27513,resende,RJ
40443fa34ffdf6e08864f0e327ba3fd5,6bde5766756765223f0bd48e7d122e68,02558,sao paulo,SP
07f4f332124614adcc64d2d0429f5fcb,e4ebbe9492aca3a7741ce0758f7e4ed6,78050,cuiaba,MT
fc849c5fbc7e2b0c7cfebc138886c693,5bbc03d010ac4dbcfdfa2018349c8f6e,28148,tocos,RJ
32e23352f904da0c1128c0e9cf4ee89e,8ce3714ee30c8b88daca6139ad938de4,89940,guaruja do sul,SC
6cd5d0756a78f12906fca5cbfb51d64e,3308bce732b62d0e3b76c8fc53efd107,11533,cubatao,SP
97dc92f1aae3a7db8b252d1b8466910e,d5faae3f913e775994e53068992969b5,70670,brasilia,DF
96b846b2e764efc19d7e33e7a482a603,7984bba13556b3f128d02b110e70ec4a,72878,valparaiso de goias,GO
f7affc6b52397ec89170a5d381b270f0,dfdffd35b1c6aa851c28fea6657be2e5,58082,joao pessoa,PB
32f7fa273af43c883fe0b290f86ca006,d968c74d2cce546cd19bea37d42af076,17050,bauru,SP
f2bd21cab03b9c3e39bce8fdecbc0eda,8f5b839b2555ac28db3da016a0cd84d0,15050,sao jose do rio preto,SP
038c357f0618e32eadd4f356a6c1229a,c81afc75422aeebd4947bdfa4d120c7f,71060,brasilia,DF
64b522c8d8d1f7acce0f99ab0bc4309e,6d9340cff66614691b64758da5a28d53,24717,sao goncalo,RJ
dfe2c56fe645cce819861d7b621661ec,5349753f92959dc075b7c0cdf664ce24,18079,sorocaba,SP
4e84e01a198b303ee368e61f8cd7c9a6,8ba1aec4519d0265ae975791ff94416f,30380,belo horizonte,MG
8dbea104c98049225865dd6fc0ea8bc6,d9f94a44ecb88e0d73fd43b158fa2ae9,03664,sao paulo,SP
fa7f8570497a9887509dbdafa8a9513e,521effe432b061eb3826b269917d5399,06018,osasco,SP
3a1500cbb61e14b125c201baaae5afa7,4e6588068c000d6f539cf24c66a96816,70390,brasilia,DF
ad312389a098ceff46ce92c4595c06d0,a3983b8b6b679c9f645e6ef9517ac98d,14802,araraquara,SP
5a99722735c9376b779993651a14101b,1c7654b568e0413ca7b8f7a891d7b26b,22221,rio de janeiro,RJ
376b286a6479ddacb9374ba88f19178b,8bc3746e85755be3cd732b6dbe4bc21a,17202,jau,SP
34624f5ee33f25e8192a7654a42ac857,1c70a019867106ec567056e97be5c22f,14883,jaboticabal,SP
a589bb2fc41fa5787691857cded23b5d,7f14bee9eea922025f59bf605488435f,93800,sapiranga,RS
80d02feec2eb2a0d3534442afe4e0e2a,485bb7a7439d2e169b88b530385db387,22450,rio de janeiro,RJ
3d17ae229f9e6faa5a5b9a03037acbb5,d385749f873ff5c52034d332f4f2618a,28927,cabo frio,RJ
d6c6231fe530ce9dcf146cb013ff74e7,c64b3c04a6122794a85f5aa1c304e815,78335,colniza,MT
e464bacc73c48134f460e289a5f0baf9,a1a9e43decb5941c1fc7f7c5fd507c5d,26600,paracambi,RJ
474815429e8d4d94b034014057ee55ce,f877af6e86082056ebb09008e563de9a,12517,guaratingueta,SP
02ddfa173e4b48752e94d36f0a12872c,22110968b7f92cb18c28664efb35375b,20260,rio de janeiro,RJ
ce48eb5adf120b207900d03d7cd52c39,f5e127d63aa0dc285c7336c96d04f4a6,05331,sao paulo,SP
12e8c8555bb112b2fed453feba6224da,1872c83694649c6b1d3bc62f8b28e1a3,14210,luis antonio,SP
896aac6741f1b66d32a3ef9a02617e90,233c8f191c45cef30af148a82ac70020,22441,rio de janeiro,RJ
ed11d279d89c44bca26fd1b29db725b5,9ee8464e78171dfec7dc9548b9bb3e59,22471,rio de janeiro,RJ
8bb04acf8749d480b0952313c6226bd8,7a8d01c31a2be6552ee739b6f9001094,20230,rio de janeiro,RJ
5d7e8485166fd2b3ed47c4e4806c7f00,54305d7de4f3dfe140762bbc301e0570,22010,rio de janeiro,RJ
98c06da4bc9caeddc4b8d92ab42b6bc7,8ffd6eb40d4628ad3d4e229b8c363a86,04296,sao paulo,SP
a73c1f73f5772cf801434bf984b0b1a7,968fac81e2c44fb6c1e3ac2a45e6a102,04685,sao paulo,SP
ba93bb3d4a9e2aec793c0f474a071ae2,d84d21b7b4970bdb535a4527ee55ac35,36016,juiz de fora,MG
7268d0d0a96aae2c0a19496f87fa9116,9d1203ca4ca5c0f27f737e9fefca219f,37004,varginha,MG
225ebef5545fbebaf3d70c1c460a5859,6d16033b6ec1b05ed1fac5f92a7bd8fc,12515,guaratingueta,SP
61ce49dcce76346660f215f28aa3ec82,16bc73d5882bc42c3a9ef2ab8a096df2,03526,sao paulo,SP
fc821401a1841453aef1515d55b09399,72ddd7936c95e245146c86902f9a9d72,08663,suzano,SP
7b0d41e836e8a4abe1293a322995251a,34bc98021d19b1f17b277e51feb07f9f,35146,sao joao do oriente,MG
893aaa512b586b2f2c106ef02ebc0d5a,9981513022a8761127f65c03c1d9d5f7,22471,rio de janeiro,RJ
3db805014861b40ee4e4e82e8d7ae5f5,e45f7706f5e37da923c14f3a4bff40c6,25882,anta,RJ
f2bd912dcfcf35f4ed1c60688bf4705d,759f139e3c6deb5c492243ae1b7b984c,11740,itanhaem,SP
50074838d31ff6a3560df49cae0d534d,4f0e9b8953834aaa3b747254ea2e11d1,89114,gaspar,SC
a0c1d01b17ff8704583831492a492a0e,4d191bb8e1eea602e77b4ab62cf4daac,30130,belo horizonte,MG
e0cd116b437ed2501f7b271190b7948f,e0a6e17e3b2690b9510807638044310c,29705,colatina,ES
8d53cffa847c8c98fc003386511020eb,7f4d4d150d120fe0dd56f11866a63f36,05890,sao paulo,SP
7d6686ade7e6f02b2f3945b36d902fa1,455b49402053f170c64a3ae7fced73d4,03080,sao paulo,SP
6bd3af263aba7459bf1e349624a1512a,bf0946e76392aad41db35b92d53f223c,36830,espera feliz,MG
6570c3201dbf324786cba23cfe64fe2d,8b322bef0201ef579bc07c39ecd9615e,89998,novo horizonte,SC
27a88f58c6d8d6be880c80c424c16202,e58c0425c86af4194fe83131da0673a0,35600,bom despacho,MG
dc31258635460c1b340ee7c16485a60b,bb0d622c231d592d46e032d3c5dca6bd,91540,porto alegre,RS
c9b05d012dcca478d0ff2ec7ff2f3693,e5eb9dba54bf897ae9ed7f99ae6dc6a0,35240,conselheiro pena,MG
6cb6c3977a3d51c6ae2bac379e4aab7a,2433dc8be3fac1e8a903e77b2bbc4ba4,23587,rio de janeiro,RJ
4e09b5a438e739bed892cb3980e5332b,4dd90242272ee2cabb138d66d95012dc,37270,campo belo,MG
677fbd5e154bdb06b0ad01bd85aa2ee3,f386a3c957c05fc9f138303155df1c32,17780,lucelia,SP
2ae5164e3ffd4418ba0b70fa40265391,0a386ee973ec0eb148815ad8a0e64b1c,13188,hortolandia,SP
84ab0b89b5dbc8b53172eaa88f08681b,85c8172f9352ed5b515ae8cfe0315bfa,89202,joinville,SC
1dc4c9fec0b8dff52815bc148005e1e2,d6848141074791f20e1143d104a780d4,70331,brasilia,DF
20b21763accd4a567f5d11bf8e89d322,eba8aa7786ed82f13d9ebd6783f2d14d,90050,porto alegre,RS
8b117077bfcf3d5f2b425c8735d78a40,628de0a99848d1183cf4bf262aebce70,30690,belo horizonte,MG
b041cec79db612cc381c5d8ab339fd99,08e477277c482ff7b46d7c67dd8bae83,07193,guarulhos,SP
e40ac6d2d8a71ed4d27468d5564b7a92,06ff8a23914822dda6b608381b316add,13604,araras,SP
fe5f640fa5130e1668a6a0beb9445bb4,c044ee35e71ce21ccbf8e1495c55c75b,91510,porto alegre,RS
fac3296ec4f116faccfa6a6d7e18b42f,4ed128a71a16c4cebc15ed8537d37ed4,15150,monte aprazivel,SP
0680214e013bf3ee08069f02ed2c0d80,514663a4e38474dff6d557ff463f67fb,23095,rio de janeiro,RJ
7d9fd47eeb21776ed93f070d71499e0a,c735c714dbe80672320182bb48bba3ba,33125,santa luzia,MG
733c183c3f9284e9e1f4886214f1b376,07212b6b20c842faac31170b9dfd66e6,37690,sapucai-mirim,MG
fc7dbe1ba57ec488749cf677f3530fa6,c61434bd5dfc10c2881bb5ecb8602d6f,19045,presidente prudente,SP
1f7908129bdd1f9bdefdd4b8aa0b1aaa,c9ec6e9a0c1cf3a1302de5b343cd901f,04521,sao paulo,SP
c377db3c410c88f51fa477a5cc0be291,cd15a11ee525fa608ed96e9bd9636baf,86010,londrina,PR
d866a4ec44fa725695311a8021e83c3f,2b406323e59105a332238e74036dd4e1,08041,sao paulo,SP
214c9a1e18b8592e8a56bfcf31514b9b,540bd689a2065b9177dedb9758cbc992,97043,santa maria,RS
571bc28cad276e1be2a13b7ecb386a44,54f8af8e578927c6f2f8631e28c91db1,97418,toropi,RS
6bbd371a1f2217cc0ad1bc185c0e2894,affff75a131ac35c7afd497ab57a6337,81825,curitiba,PR
ed9a27a69eeedb2c7a9107fbd903ec0c,abe4bd472d7df9bb5fe8bf3ea6e34e0f,51030,recife,PE
b6d4257c1b2cbcf63de24113fb2cd879,9655b8c752db36de445c5896def6225c,13257,itatiba,SP
4919bff1d1c1d952eb806540d6a7d84c,645b0d36848d2c3425707aeeb87cd8b4,80730,curitiba,PR
5d442e2ce67bda00693d989b8ee6232d,5b108d7efd70c1cba1a035f2dd7dc4da,04055,sao paulo,SP
c5ddea870873143bfa9a00611cfcc972,93bdcb31690862c4a8659799b455aef2,08773,mogi das cruzes,SP
b76b87175551ebd3a0402fc8e593571d,dfc8c1b8f452a51070d587e7faec476d,04943,sao paulo,SP
30f83ded5a1d46d831783b7f5ab3927b,3d49f761e44ebebcb158842823225597,85501,pato branco,PR
37264a2e16c50d5240898ea7f185312d,31a3090d4331b5ae638c77fb66d0f85f,03513,sao paulo,SP
0f4e6706036eec942d3b94d1d00ba58f,e3dc9a16e9ff319f01e8be00a9db6c38,68632,ulianopolis,PA
7d8983250c2d0a3ee2e1deeb1bfd9523,bef011642da0e7fe4c7c73a939dd3cd6,07251,guarulhos,SP
2c0447ab1223f91bff38da0d34153e1d,199e0c07498edac57c28ac45e7cff3ef,07241,guarulhos,SP
18dff7c2afb1ce5fb0bcbad957ef233d,d95d145a21fbfd63292105fbca7116db,13173,sumare,SP
0176ec1982f9f3aa628de3a506191769,cb97135458c20106bf438738fcc09f08,20241,rio de janeiro,RJ
c54541b6572fbb34622dad2c048ecac0,3dde25397997c85f87f7737ebf570966,53240,olinda,PE
752b19f57cd013e2bf4e3c62da5a29e5,c192180b5d1cd366f6b0d44c3d9868fe,28605,nova friburgo,RJ
87625e615967355b18866bfd41894377,aa7d65c5fe2077f8939817d6e0b4f3da,33400,lagoa santa,MG
bef299a2a64318827d1d0fc04512b405,45e5ee02a44f5afede108564a3ebbf5f,29175,serra,ES
ccce3ac024e004b2607899abecc0d9fd,e781047b6e41434da39c622e1c7f3851,08772,mogi das cruzes,SP
d5c0c9ebf69430a2905b27c44adb8900,579e881c515b588ed0190ac0a10e6633,63290,jardim,CE
7cd5270ebafd25ed42d608a9b2620eda,2593f479c73b63716f86ae83fb3c018f,60861,fortaleza,CE
fe088b708cc9258c6ac74a99a77581cd,117afdd8d1bcf43bd2039004062fea12,13346,indaiatuba,SP
e144d625b739ab69821471cc91327926,74cb1ad7e6d5674325c1f99b5ea30d82,04363,sao paulo,SP
28c37425f1127d887d7337f284080a0f,175378436e2978be55b8f4316bce4811,09431,ribeirao pires,SP
bb248d53ccfad4213d4cc085f4ea8605,37599ecc41d3ff5f4605abeb5145ea59,04840,sao paulo,SP
9e684293d3dee5021bfc836040e02a19,e5e21cbc9217a9ed56372e6088536b53,13054,campinas,SP
9477fbe4ea6010b54d7611e62df2fe46,090380f6e486f385ae5cbb6a2354d014,17064,bauru,SP
7cc4123da344ba5ca2fa23c0f7903fce,a6b38dcfe711532c6f588ca185770b2d,05417,sao paulo,SP
21558b7b6743818a6667a0bae27ad407,7f84cd18af38cea35e6427fd044e0931,02022,sao paulo,SP
3f979bbdedf57087a39ae7fed98ec7de,ca62a2278969324ffe26da3e5704d0d4,29900,linhares,ES
914ef20b010c05ea572b275471f43f29,1d84bfae762509e011e7a5c173275c17,88108,sao jose,SC
f5b43fb071bf02064396958f57e6fd87,d0eb866981b1febdc9c07eef4be63c66,75526,itumbiara,GO
441ed3a1b8e761107310bb52752cff20,d95f8e7462aae60a76390be454441bd6,27516,resende,RJ
294f90edf9d7f04ae89f4af0f2b64ed6,4f66517d8ac49edf81c5a6b15782d6bc,28735,quissama,RJ
c5ddd2d83188e82163995d19351a79b3,504fe8ffad0f9fad2bbe136cd6157925,35010,governador valadares,MG
6b6d9a374c988f07d7da7033df7b0914,95828271d6bee6d5eedcd00e639d67a6,89281,sao bento do sul,SC
f071974e65cb75a420c1530a8b0b27f4,4a6ccb379c9e5062ad3ce2324222fbf3,13181,sumare,SP
82e984ca94de36120ef7eb9388284c9e,369aacdbb8276f10ba7686ac42cce19f,29070,vitoria,ES
eea7c7cae7cb169c210ed31a5b25180c,b991b8aea12757e4417125a5eaea50c8,18700,avare,SP
b65a67a6cb9f36ff9379fcc0c88cccb8,da2a4fa0e6fbed8edc581e7f035e2bc8,95270,flores da cunha,RS
43255747b350f79ef9efb92fc90098c6,ededa340c7b875fb103e17db31733dfc,88085,florianopolis,SC
cbac4e3f2112643125519cc78eeb5325,2f068bf7cf1c0bc586d55ee256232fd1,04240,sao paulo,SP
25cdd696ed4c3f8f9b78a59a6b5cfcad,0b5d59d4daa94a3cdb4b083bd0439072,08111,sao paulo,SP
e4d5a32cc316be61bb51af386f67ba08,f97aed4553c3d4cbe1c7d195a9af2503,03819,sao paulo,SP
c0d8991a1701037d5c1085767dea67b9,7784b0eae100ac9e737e53146322cd35,54325,jaboatao dos guararapes,PE
43fe60e7ba431636df6e1c7414c2b17b,b40aae4ef6c95ad5d15cb87bb02da078,13481,limeira,SP
1731604d6fcd6fd6dbc0e2e12d552ddb,69877df46c4c120998ddf29af240e2ac,93022,sao leopoldo,RS
75d3a2981d8edde1ecc2ecac7f82e4bc,6d213380ee8f4f8ed23b9bb8c33ff12f,11030,santos,SP
1cf7dea919ba9ca8bb252c4da7cb2aed,dcc240e1acf79405edac973eaa8bacde,08290,sao paulo,SP
8c1196de2dc3d4e69e8c9e37eec5957c,37315219c68764dfe5e46f9074ddf8df,13070,campinas,SP
a2c32079da05c60d8e39eee66b12530c,5acb44e8f0ffc5e73a4166f51eede9d4,01106,sao paulo,SP
3582e2507041f4f95a243c5033699acb,c53d03f9adc99be09f81483b33682322,29470,sao jose do calcado,ES
c5b20170d6ddfe451eddcd3ac0043bff,cf7648ab92d22219a2aa8218d19ad309,94931,cachoeirinha,RS
62d3c457010afc957d955568318e6d78,7e3b6916cdc9629811177f17f7ab07ce,03118,sao paulo,SP
37fccd2d756c8564ce539cef92358880,4f5a469269f056e90e63ca3876725dbd,22230,rio de janeiro,RJ
86babf05fcecf5b9c1f1d6a9c42b49f6,6a56e8e6c20175d122a962a5e5dfcf5e,87720,paranavai,PR
4ef23a9e5190fa352f84490ee17efc3f,31c8bea35443dd560ea09d74e7970583,31525,belo horizonte,MG
282e5e59f9bed5c561e52c14586bd6c5,0ca6058958a0318f9252e5ae24d0dc47,65922,joao lisboa,MA
35a7f7f18808a0d5ca9913a8bc0304c5,084fda7ed25e2b249c425263a2197bc0,18078,sorocaba,SP
895dc6310e03a3a99b01e8224e7086a5,a4243202d5d59577f78e2c46820caae6,89520,curitibanos,SC
6b59b00f6c51f03f0b371c2942315fa6,46ae1d535796f9407468dc3de56463c3,20560,rio de janeiro,RJ
784ea06d707eeb460893a573fa879dc2,5224b7a19a39296f9ac2a9b492d08290,27332,barra mansa,RJ
41f6743f15781c8e8c3ed21c10a52c3e,ef229329a0f5fae587957b9290563ace,21330,rio de janeiro,RJ
9ccfe754c1d52a5024451022d4fcfd4f,be4c4bc52f670dbfbbef50708c607648,15050,sao jose do rio preto,SP
993a144bb2476f75dedfaaa4d1f3d213,b7bf41e97e42aae7517baf9c28887010,37960,sao tomas de aquino,MG
4fafc71715e80054ae90f1b3eb0a9110,bca2d58bb6855db63ab2542850c89270,79011,campo grande,MS
29f0540231702fda0cfdee0a310f11aa,1bd06a0c0df8b23dacfd3725d2dc0bb9,12445,pindamonhangaba,SP
5d333f71a8e4d495a82fd170d4fbb455,a244f4cea71a8cf4446a8148c6fb5bb2,88030,florianopolis,SC
d91e1ede7c32d5c62cd335c194fec439,3ebe8580732491ea32bd29cda3ad7d20,75690,caldas novas,GO
2ca9b081fd8cf85263e827dffd02446b,113271b647a5f12bd3f41c1e37f78c1d,48900,juazeiro,BA
7682165fb7924ce303e686009bd6cb9d,6dad4d8cc4ec34a6f280425543408aee,75828,chapadao do ceu,GO
0c8af5a21f97e8702d8a49fc3232036b,10543702272713afb6d70e53d48237cc,02410,sao paulo,SP
523c3fe129657579768655ed4e6e5f96,0805efe58062ce26f6f02ff0e4eae23c,04004,sao paulo,SP
97ddf73f360a8a7836067099c248a75c,5ee8605fdb8acca892845223069ef6ff,58400,campina grande,PB
71c9eb6d4ab7aa0f41ddc13c81ca0b02,965d702887d6f19ee2447de45bb1eead,05819,sao paulo,SP
8b212b9525f9e74e85e37ed6df37693e,f4a7ef6bd931f83d75d83b71c94e90df,13568,sao carlos,SP
7d0006ecf079f0df09d48b43d853ef88,b5888ddd6375b6eb28e07d26a8dd75e3,76420,niquelandia,GO
c358851c04b7a8a4d1940b1f3a316dbc,ac9b75702a29fecffab5f975e5f0a630,57052,maceio,AL
e07b59a7108cd76e53e18fe3748394ee,a3b6510e33b7691f0a4b70389d08bc5d,06080,osasco,SP
ba28f5e789469764b295ecdb66470d9b,5078b16249b55c1b790a5756a02ddfe5,85950,palotina,PR
886406e39c7527f64f34223f444bd4c4,f84ff2c65bd8fa3b84df2fccff6e6f8e,22780,rio de janeiro,RJ
3cee7236fe89c4a7cdc9fa8dbbc9a803,5f4cdf0629d79e156c7ba3a42924b3d0,99700,erechim,RS
c466c7e0ab222e3ef6c8046e96128a8d,6f5b9d1cdccc4d28f0483a612edecacf,02306,sao paulo,SP
aca18b64dfc4ffb2db3fe697768b37b2,50b82eb0295bb83fb354bb684d530caf,20251,rio de janeiro,RJ
be6c90c5799acd0fc1ca2d13d08507ed,5be26e30b1f856228e84408301e47769,05541,sao paulo,SP
3f90b03c801ce19bad60d569faa1bdc4,175100f919fc3643a0358de6e17f7e61,02441,sao paulo,SP
433d2182c7ede2cd82ab34f10ba26e2e,e1b3204295a244459bc842d95243df7a,39920,jordania,MG
8b8f446baa0a9364a2feda2c3bd81c45,cec1e2dc17f574987529f4db1a24fc9a,18130,sao roque,SP
a321fad7152b7496ab9f1ae365fdb3bd,abf8bb9089238fccdaa852c1e5a9f5d9,13920,pedreira,SP
3d20577b680eba8c0f24f1012404171b,c78cd512115cd7973b8a132893866cb6,03066,sao paulo,SP
7015c89cd26ef46ee3d23f5d8cdeb308,b59d98b269bbf0c09afdf00f422b4d3d,22260,rio de janeiro,RJ
60b20675f7175e98930880120692fb08,e9378e39ad0f015ffaf4f8ab8599a9e9,80620,curitiba,PR
4dd4748bbf9162e4690fbce101637368,b993828f3bee848d4c27a3c799d32abc,13287,vinhedo,SP
02385ca219b24812b4c7c65818e3b06a,367fc3b6dc2568f3a73ec808beae99a0,08750,mogi das cruzes,SP
36c6b4c96148d32c037b90aa0673bfcd,c30681b57912b2575b9b589371ac545c,06700,cotia,SP
3d3c463710ea6e8dd9a63c1110eeb06b,55c00c8a161d2e6d7d731dd87341ad2f,13175,sumare,SP
722a4e948bc8a8a02e9f1ea192e2052c,c6a8e859f1fed8dbaceed3503a55d48c,06036,osasco,SP
fefbefec320ab4ec0ddcf55a4901ebb2,1d3ada53d8ee64e2a68fb18fddf7e3ff,95690,rolante,RS
c05d36c6e2c9dcd92507fdc72e5ce44b,0b45aca006bbe2643cf4bcf4ed02aabd,22723,rio de janeiro,RJ
cd35dd0b8e59b051825c99ff42983181,508723a71df892b7456450d4dede6e86,25585,sao joao de meriti,RJ
5d5d33e9eb05f3287dd028e3818a9a99,c39cc614fed49af2e212d52778708a3d,02513,sao paulo,SP
5fbc79a993390667e9a461e24d9ce21c,9766c9f4171323bd388bf0ea181b6bee,46810,utinga,BA
19e0b32ab46adbf4c0a65588e5e05b4a,c968cdb924339d7a42e0c448153b72cc,21050,rio de janeiro,RJ
d9e67dbdc0e7ff5a0ccbb30c9414fbd2,dbee72d5fc5c73b8d3537534c9ff3fdf,01046,sao paulo,SP
86b9cf04766302b8138ccbd75ce345ef,9f164e3f53fd18e7a8c25fc6856c60ca,46650,barra da estiva,BA
565d4d13c6d336f46342a14f1ff9d122,acc22c5661d387052472b32523c6724f,17250,bariri,SP
7105356dc50e5957845dba6fa7ab78c5,623674d39fd0350df92b1f91c469ba39,23075,rio de janeiro,RJ
b3a04113801a5c4f023a00303023e9be,8a45b36a4159472791d282ff79c3db2b,09812,sao bernardo do campo,SP
605290d36a17bf44c7f1cd478338e0a9,9ba58531ff79372adc4b2f21ddeb236b,11025,santos,SP
fd6f61091eaa73b3f00aadc3e396c306,cf46a2e9019dd5c247afb82c68c7e28c,13339,indaiatuba,SP
f587020fb390d4db881c59e50b0ef9e9,e2af42f42a86805055a8e71af58ee71e,35400,ouro preto,MG
2dbe31925b309a88d8d2de51d094bc24,887f86da5cbf4b135d0143f292e7527c,01416,sao paulo,SP
3085208ef72d0f6c9ae2c1d7872609db,c1b0ea0ce297723495a10dfa3a49cf74,05434,sao paulo,SP
1a2c5e72ec0730bd2dc38f854761d1e3,1b153b4606cb6f4a89a5b74db2eceb6c,01423,sao paulo,SP
5086c2f81ce45b22fe989c0e741ed600,f5b34e3a92b01f98639900fb430f647f,13482,limeira,SP
166dd5897ee419fc1c7e58a26d495a29,3d5828dbc0f8025a48f9ebf72b223919,36201,barbacena,MG
e8021f8931216b1905c8c923995b6643,fd0edbfb99014b4171b76aabb574cf27,29780,sao gabriel da palha,ES
f26dc4fb2f5373199f3430bda158626c,2bc9f216f6d8aced279379467e7975fa,19807,assis,SP
21198f061f21cabd2e87f995dcf50599,e53bc27982d949bdf3b40ad42a5c6d74,04041,sao paulo,SP
a89d0a244eb36392521d02b1d5e173fc,ff0f0dd4e2a4bb1302492fe8d6880dac,78118,varzea grande,MT
ec359a502fd8a54ed98d8d607e130f65,0962210779eb78f82bd46b065a4a9b94,37900,passos,MG
312543d64e7713e1993cb0f1eb618a22,497543c6a3a99234d606cc4a9fec386b,35908,bom jesus do amparo,MG
47166f88862447ea5f8e078b2aaefb46,5d0f9e059b388d11c92560a0031b97d2,28908,cabo frio,RJ
6fdf60c9637a27c8b542aa6bd3921eb4,097519821949cb8511eabaeb389d2624,01518,sao paulo,SP
ebd1765f07bfab797475df79adb9b281,b189483dc84746a11208785fb0aaf933,13012,campinas,SP
715f6330b32864005e645e571dbb2fe8,aa2b726bca9e7a8e29ab3311b71d075e,81870,curitiba,PR
e5f65110b354e660abf6ba77dd78c4c3,763537fbd8173d949ea5b3da1d1461b7,11750,peruibe,SP
2b629d0b742814e674442efd475d0c7c,7f3b9c3de305ae8051c6c8c6d08f0133,37701,pocos de caldas,MG
65c6fbb9e8ef2c11d161d909f15d3fe4,f4bb96f382843a496d6be68b7b2b709e,11440,guaruja,SP
0f1749055e31c2093f2392e8a639e1be,506e2ff6b5a02a479e1f12b2a37deee4,94910,cachoeirinha,RS
1cee7be2a8055eeac71626608c2360b9,c0809c9e757929e7cf0a1af098fcb1f6,49090,aracaju,SE
d56fc85fbbd22594447cb37f68c02e95,a8bf743f769f980a567df950e56c4d62,49037,aracaju,SE
501da9e5d17a0a47149b7c9c6fcfe392,11ddbd9781791a2189f37255546aaf95,40155,salvador,BA
fc8cc2463a5a12c57e5fd875551460fc,6c7fb438e0e4cec80e4ccabd173f39e3,39801,teofilo otoni,MG
7908869eef5b1d617f3fbd80c10231b2,02dce383d5fe3e8c47dcbe9036f01403,07170,guarulhos,SP
7a3c61993e2404bcfa34a29e12a6ef97,3f6dbcb1be7c3ab43a38f47398532b5b,17602,tupa,SP
dfb4c38de1e1058e452e6d97af70952f,569c6f458e76d7709028f68b1c40c3be,18683,lencois paulista,SP
bea4dd01f3c88de870e94eb9447bc0d7,3e7ae105da658a01e2fa1a430464a5ae,21730,rio de janeiro,RJ
0e5743518f681d5c6341221552bfd07f,d3e9dd73153b4e3f9ff3b65502f1f962,05886,sao paulo,SP
c1b20d05e97c613b0983d4532371c13d,3eba71e7d02f6366cf22d2d68a198ed7,58031,joao pessoa,PB
728be77f30519a56da991fbe192f2572,e8153eb79bbc4e76686f313ca5402aa7,03257,sao paulo,SP
9f01e153c37aecf0d5d90321547740ab,2473904a8137a18d62708aa89dc3b7cc,22790,rio de janeiro,RJ
3a0f38c8ea7937e02d01faccb3785878,60accafbc8d06b082b4bfaa06efbdfc6,37590,jacutinga,MG
99dd4efeee255127aab6b84d50e1dda8,3af11c83a23dd9fd6c62fb44f971a564,60533,fortaleza,CE
8ed3a953186a64ad090056ee27657038,025bc857299fac3e5c699322d2a1485d,04104,sao paulo,SP
408d74d06be5d5140bb933f248de1342,8fc8e0f5ea35f5b26e2e54f23aa2b272,04851,sao paulo,SP
013f6eb268d33338ee175ffe2ed24204,10a1ad3ff5f9d18ae0ee0f0a2d6d74b1,23066,rio de janeiro,RJ
13ef9caa1bc8b42f3e24addaf15ea7be,16dff0079294d5d060b4861db3614d4c,26310,queimados,RJ
67293e4e7a70200b4c6cea94ca955442,76d6c7ba0dd378d0481c5d066fc86d23,01310,sao paulo,SP
593f33f8efcadf51ba720c187956f462,5d14ee7b654bb597bc350c7b47a4639d,01519,sao paulo,SP
a8a64714312e18e9a2688e946676653c,4082945bc678aa17c3305c6f98f02010,06753,taboao da serra,SP
8dc52e5ad5b73b2c4f559a80c7bee085,e0cafb8345b4e137805193e207797ddf,13061,campinas,SP
5e312b0d9bf5c91599eb42120e633b19,066ee6b9c6fc284260ff9a1274a82ca7,84174,castro,PR
a6213be5160f76ac6fa665067ecc8a82,06affe57122d4135e624fa1886f4ff37,29680,joao neiva,ES
5589151bd114970188a1141fbd5c8d25,9783afad41afa667522bf03656c516f3,22713,rio de janeiro,RJ
6d1f22bd0825cf224f21a5e3a5f90dee,147f79467cf3b7af14c9c1c01a21ced7,38280,iturama,MG
c6cdda931e94d2a4136ea836c96e43f1,ab9c360af9fd56c4a270822341c2d965,41830,salvador,BA
a6a0a62ce165053b536f84be26fd22c7,81173dfefc72d08cc9b859fa647edd0a,13874,sao joao da boa vista,SP
ea79db9c02e4bf4172f8cbbbc24fb0be,b8bfcf7798266fa3a7231aa544a995f3,54517,cabo de santo agostinho,PE
f26da87c662e29c4680a07cf6e7f3a97,ec6da744b820c4d98e6e74d2fee09634,29143,cariacica,ES
a907c1cc7d54627276af64647fbd61ad,5df281f84513d9fb70a2145e036f24d8,20920,rio de janeiro,RJ
d057951b2e010930970d111b015bc37d,fafe2f8e0b7065fef995698ef3809fec,74590,goiania,GO
72cea2abeebd1dd8bfce8489ba19df9c,278579bb082b2f6ce89a8a13075e0150,89812,chapeco,SC
c55751576fef472fbe91aa1fe165a581,46aa7e827e3cb537498732f920844b05,02135,sao paulo,SP
c058c2acda5bc9cf23799a92b0a3dad8,5cbcdc54ce6ed0a050d4e3ab38b1abb4,18530,tiete,SP
0ac2d5fc64bc66aaeaa727022aeb73f3,8f4dfd5a11090376a83318d419a46c18,06056,osasco,SP
1846f31738b622a163fe57dd41f2df49,21a9117f4f2d0eef9bece51e17bf1b71,16290,brauna,SP
e96d02789ac557767bf618ee7bc02854,a3964d35b345bd424ed862c468d3d8fc,95010,caxias do sul,RS
3e4be3176a580becb5d751cf0f409c31,27e86d2ae0db33b8d242c9251067d97e,96270,mostardas,RS
1af81a97080e5f84ff8390118b0e991f,247abb2be98c7d9fc9190efb37097f51,52041,recife,PE
7e4ff294ab0265ce01c7f95c357f7c07,4942690375e32ba687803558826d0347,04055,sao paulo,SP
6e68da0701c0b489f68c86b9546cfbaf,f9ecfe8b29ad6d60076a7aa07e29ed50,38400,uberlandia,MG
128fbd1489dd7982ba427dd3dc3f554f,42c5e42dc84df66865edeecafc487b40,87005,maringa,PR
1bf99cf832342c829e425a2c1a0848fb,84ba85d792b2744be79a7e535724a9c3,12318,jacarei,SP
65efe371830251eb82424c62661f1ffa,04a132a0625884998769f2855a3a57af,88063,florianopolis,SC
e36ec26bae335f7b13951d6897b8802f,752b204b9bbb2d9e3eb29b58059f7e17,09571,sao caetano do sul,SP
1874bf6cc7db3ab099a368518a32ddf4,b541410bf6a43ea5919ccdbe0d74006e,14720,taiuva,SP
0e820add2684b6f6b9c9deebb7fe5766,fae2a48e34baa8141f11dfdcc4254aa2,89245,araquari,SC
320a107d49c46f919012be351ec06cbe,b2b779eb0dedff7f9eef0770287a9979,15015,sao jose do rio preto,SP
fa64f507ec714d45b905f7330add8aca,e7f7c15d69b5365b51b4cd18f10641a1,44850,morro do chapeu,BA
05838d97b4a3948e120c9fb440374691,d7b402c756be57180fa0df36f58d8b7f,33400,lagoa santa,MG
c23fb30a729329aaf217f168be86abd8,dc8fe0db0d6125aaf30236ac95283a18,07230,guarulhos,SP
9dd8245cbdc86cf19b4e02f11c923849,3443f8095ad309eebbdc8caa8b2bf936,05351,sao paulo,SP
42247da546edf5752cf0a3259d18df38,2489c390a6cb1de08e1e8fe45df18ae0,44720,miguel calmon,BA
c50d3c4249e1bd0372df487ad95d8264,59577fd29271cf08939a80cda966158e,23075,rio de janeiro,RJ
149854f060da7beac9253cd3f0fa8c8c,6186dc604a01e69b4ee999759676162d,15130,mirassol,SP
0ce079ec4ad92f74a0cb8141907547f8,256c321af58ca588b5af1b46e42b0fb2,13171,sumare,SP
f11eb8f0b8b87510a93e3e1aa10b0ade,64ee476500a01beb94df40f97a108c50,38540,abadia dos dourados,MG
514c03e2461d472afce7f786187178de,5895fc39fdbecc7f650ad561eb1f877d,34000,nova lima,MG
05de5898b9da9365b1823e7fd23700c1,59140aa3bcfa73f0763d85370926b4fa,94010,gravatai,RS
10a718c72a2eb69c78ac4e550faffca5,fcd96ae79a049434cf546b2e7465a060,38140,prata,MG
44e17592d71531e574a502e8329fc867,bbae0b42112bb4c40da592e63c3a3b0c,36730,pirapetinga,MG
6dfbd0fd8391e9ae18140ebf6304989b,d3742f1936109883f8b0f5c07de69010,21330,rio de janeiro,RJ
b115c24fb8b1b4924ab8292b64b82405,46729d189a3f38d74c3f762dd0a52b0e,40070,salvador,BA
980ce384cf75d4d521939629585ff283,1487f8c57890183ff94a0c3905ac7edb,13600,araras,SP
4ea3819fb9f6083d7d145331fd9a0960,89664b6443669f68dbf8f76608cc1f0c,05439,sao paulo,SP
1f1ed44c44e54d94c0463089b597d2ca,72d2fe6b27c8cf1fe9395d7624500d25,04444,sao paulo,SP
05812fc855821b2f091461ede3d2a960,f9717adc1e9a300641bf9dbbbfe68024,22060,rio de janeiro,RJ
ff9ec39d2bb09243f0139f792ad1ec7b,ea6c32cd21c1105cbdc3a6e10c14a75f,89275,schroeder,SC
632e2539c6f66f8a0f559f450d24fb5a,6fbe730fa4c94402241ca28ccb5a7643,45992,teixeira de freitas,BA
fe5e93461bf25c68ba32e98e196d77a3,fac422b6713e8f7b01df7ab1b489bdff,15091,sao jose do rio preto,SP
b05545f6be20fc92df2c3302db38118b,1ddf57bdc6564226038a3f10ab881054,04619,sao paulo,SP
134224848047da7d93f50ce13565f1d1,43b81df83e4a6dd769e698e74127220d,98600,tres passos,RS
83c0fabff1a73b2196b69250cfbc1f20,4aea11b9f843ccf1562ad335ca256525,04367,sao paulo,SP
1b03f1416a15427f26e39af3d530b8f3,42b3b11ca9a34bc92c2da4a0b3275567,11701,praia grande,SP
bb6ceb135fc6c113112b7f7c8f2d946d,b8d69eda379e3c2f8a07869e0e5f547f,04305,sao paulo,SP
1633693027f6a28a4f6ee559c2950e37,7aef09d68cd18831aaacca18f264136f,22030,rio de janeiro,RJ
0004164d20a9e969af783496f3408652,104bdb7e6a6cdceaa88c3ea5fa6b2b93,13272,valinhos,SP
44b26067709f0e4966a16aa621ad73eb,4440347c82849cd13be225a1cafba6ba,13221,varzea paulista,SP
cbd8e50ddd632c2457b5b6340498e211,7adc15c4b9311265f52ff75519301a23,27937,macae,RJ
625c9edc2789a4f2d40a660df7d69b5c,494f1f463bcd36a662f93567af509cbf,38600,paracatu,MG
fda187c74a59672dfd4c786231565791,c48f157c4de3d58b5087490cd61d97a8,30421,belo horizonte,MG
bc337d05e7219a4b2408a28c4e269790,7f14f0141917d360c6ebab50c74ae87f,86078,londrina,PR
83f3342b0ee6f0c116666610ec70e082,ef615978504f00be4e6e171ca068e160,72669,brasilia,DF
44c14ab4c4d0144041d639254fcf13d9,45e749ae45014495eefade857b8728c0,28740,conceicao de macabu,RJ
bdeebe7a66f7c942b84dc2d2a5daa9e3,a53c5bbb7be8b7a0f586d31c2bc499ef,13338,indaiatuba,SP
96d93b5cda637617dcceb8e7059b19c9,8ae3278d853e838e308cd77922061cfd,60867,fortaleza,CE
ee1ab380ee6e7ce7c3b2ce566a9f13db,daadb0073a2182647d0c98ced587b7df,22630,rio de janeiro,RJ
fdbed455fe5a8f3029c4b4bfe8ad5500,1cddb7d991b8549ced2e2b5a783ff5ca,01046,sao paulo,SP
1efebd69ab836c96419c1606dc79c1bc,097bafa0b6b397c9695473e39934bdc7,13470,americana,SP
bd7e4adf6e77f5253a23a8b3290b19eb,57bec49bc6a112c32e7ce4ee4b77181a,87035,maringa,PR
34d9abbd51f86b7faec4fb8bd8a630d5,a48ce24144099b583b6150e0f69712d4,24465,sao goncalo,RJ
8430f7e352ca68176149c17ddcbdad1b,32539c368b3b9fa70283a7bce0f23909,85807,cascavel,PR
3ee53bd204feee730d2a84ddf5e52997,e1d0eca650e05f1e10cad6bce9b48e0a,72415,brasilia,DF
6d869e6b0b62654adddfa7f8dcc8f2f4,27364ade3735aa4e6883d94ee1c48f44,04571,sao paulo,SP
9dd11f3718d972116eec267c2c2e317f,8f2fa110f45a5b5592f1593842b7e87d,05334,sao paulo,SP
209beaa8ad584bf64b28ddc0d66fd7b0,6b8941cebbb590b81f8fb7aeb5acf048,09521,sao caetano do sul,SP
b6dcf411c45cbe8e176562028c22851f,3b8e55d989da7e111ac23c543bda2a79,07749,caieiras,SP
1c62440cda77a9850bf3e546d3518c7d,25d1543be15063a4ad5c8cf854edb131,29066,vitoria,ES
a90a58018ba607a42d2f0c56857fe3d8,a9d48a4ebcfccf43476b48f55e09df1b,01230,sao paulo,SP
82161fa730414d7236334ed880197d6b,c980aa5650bb3185c61950ac9099190d,01135,sao paulo,SP
bf9a6df07d36ad102a5bb34767855b44,765a9027d2ee6f5151e958a3da143286,49900,propria,SE
78003bdedb0e24f82a2027221622ed27,60e75f3fa543f352de295b479191fecd,13506,rio claro,SP
a503450e1372c0ed9209725cf9dac71e,4926b889467f4920ec3c0ba7e13d7dd1,81210,curitiba,PR
9872961494c04c3939cc4fa43bfaeb75,2fafff68ec29779e3b19a41f71fba0bb,17800,adamantina,SP
d757f3fd109b21e730d6ca8c9df50908,fa9303ece2a915a96dc99ddd16da25b3,13010,campinas,SP
f2dd08d67a0f435788ea8ed3e5225590,ed068241cea82c7b9d6885ab97dd96a8,23580,rio de janeiro,RJ
301e3c6f124f0fe3f01113bac52ca361,c88c20de057349c1ac37ff886bfb9a36,13450,santa barbara d'oeste,SP
399c6c81654067bed2b65f0265f1282b,990e718a0f1677e3e5bb21eae3aa6b65,35500,divinopolis,MG
0277e884f6fcd7d9610836744bc7e8a5,70f9736b687cf33ed2b9d8942eacb498,81220,curitiba,PR
7d672a0d32d9d7fb5b3ac68e6a49078b,0ef74915f9bd7ef70668a50d59b635aa,04828,sao paulo,SP
db6e5ae977b1bf6f0dd591cf101e73f1,c396d1334ba8f1ce91954289ef4a3547,04012,sao paulo,SP
582f3b5944cd433da07eaf7d52118ee5,aa31b44b8f011f8315061462b8279b38,04915,sao paulo,SP
d5c4b58a55c169788888d911886912ac,bc644a9f7c63f64ed38dd63229571e8c,22775,rio de janeiro,RJ
5c2d2f13c3e67d89c5faa17f344d65de,9e36bbbf93c3c8bb9b0a7efca22ec80b,08410,sao paulo,SP
51436e563c50b518d0ca230003396172,d26623f4bca067633cd1b3f0d1f584a5,28633,nova friburgo,RJ
69009aaf4e400602c05b1da3989ca40b,87a309826a8cbca2e5cdc9c0e60a0129,38400,uberlandia,MG
b157c66d52ff134b00bdc84727922d69,b7855cf80639e10495a65b5ecae8a14d,09310,maua,SP
18831a00cca3d14bdfd8af6ae001d417,fb371ed530387b49b5618f75cb1c6886,15400,olimpia,SP
d615aea633470f9686f84cec51940be8,37e80198ecac0062c926db959cd2d3e1,99010,passo fundo,RS
f253023c8f1e0fa8abc68b0180cf96a8,7cd148c92a7b9203793efe0844c45e52,95700,bento goncalves,RS
ac57edb936ba767e31cdfd3d727932d6,c613d08c38745b67cc5aff94e3fc04b2,67130,ananindeua,PA
558d10ad25cf808e1f3e532951991954,d22c0c336aba5e843663824265447a5b,57330,lagoa da canoa,AL
a0195318f72f8d70c69675aff4c48f60,b7737cd1c12adf6a0bc2de497ce2935d,13090,campinas,SP
3a6968ced25621f86fc2ad61f2eb90e8,191ecb8e7c6ebe1d8c812e2523c8c89a,25750,petropolis,RJ
e352109d03e19b783b09b739a370a5f3,623f793edcfd07606238ea16fad4fc96,13160,artur nogueira,SP
bbd5d813124f5a0eb2103ce1624a24d2,5df67415bfbd99c59fb5b85feb11b9b5,28360,bom jesus do itabapoana,RJ
dc5e8db48a49602f506e67b843668d72,e21bea57967ffc7bdc8b07558e09685e,22750,rio de janeiro,RJ
77f94a8479757404d1c14a4ff16a23a7,982b0a3006185dcf754de593350cc8b4,36820,divino,MG
2bbf2cd73c694493b5360050d798f5bb,fc1e008cd6a65d0e5dc8c0bc61213d52,04107,sao paulo,SP
8a97f6fb59a5e99ae5d9e14c7d8040d5,7f691d94a2f8318d4b02a1bb4e1a73bd,11700,praia grande,SP
432f2e83c75cd332b78bf80f85c4b9d8,b40e4649a88cc75bb78bd53984cfa3dd,88303,itajai,SC
ea85147faff1d8207aa36ac8a66d972d,c4a0864ef7d2deb7cdb86898faf6ffa6,13803,mogi mirim,SP
d24a42b429025967e6db9734a049d995,bf99b40f4ff449da94ac2760849fe1ce,01501,sao paulo,SP
369681dede08381d68cdbc2e76f226d6,b92646aea30af5f5e4c6aa65c84fd547,84265,telemaco borba,PR
225008b45eaf94a20275ae749fc63983,4aaa6da3253312636e7fe14e63d1d190,18105,sorocaba,SP
89924b0fa5ff89c9df5c6acc7694004e,579e29145534444eb1d20a7ce35e3310,07152,guarulhos,SP
b900f2bd9386de222c68a931a68c2ade,baf538b50226c3145a41aec103c62901,91550,porto alegre,RS
f03ee1479f8cf2a655f477c17ac01ff9,ded5296d8ca7da9e88d37cb60b69bdf0,13348,indaiatuba,SP
c48f80d49ae289dd9a54abcec2ba76bd,2bca9b243e976aed908e12f74fb30370,60192,fortaleza,CE
5257f21744aca789f334058a11c2fb42,5270cffd29ac266ad0acc6bf4261321c,13565,sao carlos,SP
95b18ed2e0c4328d80daed9047b6d995,191525912e1a31a97bf8b481ce852f75,11712,praia grande,SP
36e3ef8fb933d8bb9d41919db6838486,02c163ec34a9218f6f3e1e1a7b9aeb28,84015,ponta grossa,PR
7a9f83795de1c16c6be36870eccd9b10,ec3ab0699881efd1743623c05e1f7ad6,90610,porto alegre,RS
1add0e650dfd0225736b13fd211566f3,85ae65a77d7d2d4043b907366a00e5ed,13323,salto,SP
db913a930f7150edd2c9d735b27df1b1,ae3b6c7fda9a934098987e72e12aa613,29800,barra de sao francisco,ES
9e0b227113c81f8f7091ab121ac98796,55310366b1116f6cf157b304213b24e7,13450,santa barbara d'oeste,SP
19f1813fb62eb7c453af714dc1211d73,6dbe8af63482be15d8b0ec1b9dd31a29,44840,tapiramuta,BA
bbb9cd869774a135413dc0aa80e698d6,696a9665730c55724c4ec4e4ae357fbf,04116,sao paulo,SP
e28dd4261bed9c7ba89ecaf411b88f7c,b6aa1d5781553afaa244c3e42246d93c,88302,itajai,SC
7094766b39435a8925152a0f675449ec,5a6e80d57bdde6b3a600cfae0c2f5e43,07160,guarulhos,SP
efe0f347fe4acd9f2fc67cad55efdd91,33162235fe25408e12a053052136ce91,95560,torres,RS
4487ca94364334677a4a0d66975cb980,2f2ab1b5055acca714e38c613a4f2763,09020,santo andre,SP
5364f18dbadca7f50016ad6da7a39436,e425e8c3a6a56a0d0cf04b08cf40ad58,29305,cachoeiro de itapemirim,ES
80ab6bbd8027f608ce6fdd8eeba13c3b,adc01bff75c8f595b059d6939bc30c6f,03622,sao paulo,SP
6f3edfd86311ca018da6e04aef89fe79,268b69a36c23ad6124117eb74e6c0891,82600,curitiba,PR
d1d4697472a54768704161ab0d713a1f,5d9f42453f12815981c981caf51a9b30,20520,rio de janeiro,RJ
a9c3ea5497bff2eea60207db6c513717,6d86f9c3afc2b72cf354b507f4b70527,03572,sao paulo,SP
cf0304dde7ffc7558549d28bfd192416,14b24b9cfd122ce1f873c7834185b603,28660,bom jardim,RJ
79a8a1cf74f02d3c312f7543733b8c85,82e408d35b53ac7fd55751ae4986079e,14801,araraquara,SP
4883322c6fd5bdaa2beb408d27427ea4,723f7b82c924b4d6cf97925277f199c3,12721,cruzeiro,SP
816cbea969fe5b689b39cfc97a506742,85c835d128beae5b4ce8602c491bf385,38017,uberaba,MG
652084fec8b64f212491016127526bcf,a914b2be4782207abc6758095ec9e8aa,04130,sao paulo,SP
a829af0c8a5e125dafae1be7a814f72f,751920d667ce98fcbc28cc75463d8f35,72241,brasilia,DF
f114414231ebd557e92bf1cd7c4f94c8,730429260d582e3fb07a6a36ec45a1e3,22710,rio de janeiro,RJ
bb5fc5de2c32b73753d3663397e7a056,1883e6f6e7da56b180416cbe13ec15ff,22765,rio de janeiro,RJ
7c21bd5b2cbccfd0cb432b73153afb1f,746aa3b45e53bd2ae0d40fabac5d591d,04583,sao paulo,SP
2d9491955f2aaa6964262a95b669b034,60f6e8ce5b18e216ab74cd00567f7934,09550,sao caetano do sul,SP
143e1e9cc9c731abaaed1c15ab5d7b74,22c06071db2334723b044af55873ee8b,22763,rio de janeiro,RJ
09f5cf3f546f034dba3dffbe08fe48ec,8488e3d79708291f8c8e013e42ca07ff,02752,sao paulo,SP
615186aa8a5e60ec87fa86010f582551,3dd8bad00a85a50913d473d27f26ecc8,15735,aparecida d'oeste,SP
c222cf7a226c9cafb1bedfa622b01bf0,541c0b7ffb3a98de3ad16dfb4388aa61,13295,itupeva,SP
fbece8dafc6de4b62cef0d4df0228e7c,3f1a1465cabd220ace8f6680154ec82d,24340,niteroi,RJ
7cbaa85e0ebac50c20576511d07df810,f84801ef20e81430e9a4dac0554bc875,24240,niteroi,RJ
ed4e522d0b167af01b227afe8bf28fe6,8c0ebe91fb2bb5d69bee5e16dc4db5f6,29157,cariacica,ES
bff87edaf15e6cfa480094a5717d9f0b,bc1d009bce2f69958b6039bb30c0df01,18086,sorocaba,SP
a652f27bc38cb4869b7d5d82902c0b16,2c82b177d38aab12878490fd1658434e,83321,pinhais,PR
397010ff25567bfea9f77fb921c4d90f,8f57542916bc546e32ae566f90301036,74986,aparecida de goiania,GO
a1c991feff10a10e9c9e4d0bad6fe1e9,da15d74b6a2c61280c0307cc93b32876,27351,barra mansa,RJ
b723c6719289f4eec0e10d6955c475b5,ce9249921183ab01a54d24cde8931072,06440,barueri,SP
e16b5a59a6a1f4a9e047efc6ca0af440,3e48bba0b7cb5cecafebde1c1bf0da58,20550,rio de janeiro,RJ
a7df6cb7a8debf4132e292cb793cd105,a6ab5ca8fff52f24a55a34760b5764f4,65031,sao luis,MA
36925ecfeecb282ef82fe8dc4cdee8e8,c3496e2536d8347b97f7afe5d7d211ab,35138,alpercata,MG
9a96f3c8f835ca51e5aed5672e0d034a,7c2319db8cb7fb0ad63870ceffc112bc,04750,sao paulo,SP
fc17baf4dcd77a8e52ccf15b42f82c2e,da533dfdc1a3ab068ab6107f443c6a9f,21670,rio de janeiro,RJ
a1e7727063333b459f6851aeafe375c9,249a77df6b4d0acdceb5b87959ad5902,50860,recife,PE
26191a202fc7627d6498f61acefe4203,771b863c9d789aa3178dcb5e4531fe5d,04854,sao paulo,SP
620b061788ebe9ad22a09053ec126c55,f5dd0cbcaa85d711336d4b3d964e24f0,36050,juiz de fora,MG
796250d5ab26277f5ae5951b76056972,ac67e3fa6a28e9d07ab5d9ffc5f677ee,14700,bebedouro,SP
d821071edc6be2316b5bb7b4bc6d6b12,2689e9b6c08672fdd48762a648c6303c,25660,petropolis,RJ
a31825d0c893a0c13dd57cd8a6e22b93,d4fc20e1e64c163d80e25a900d9c26c3,68376,altamira,PA
a317108e17ac2499f40ad853aa533810,8324412b9a4741da0795da63955680f7,29650,santa teresa,ES
1384d3df457e46094af875fc6b89e44a,0f6371fc9c2e78818a6e7aa33022a506,18120,mairinque,SP
98e08f2301967f4d4cac5614b75f9a9a,477e9e4b4f7a9951dc2ae220b507f308,74620,goiania,GO
5d9ffaa41b4cbbe75aaa44cf0d5a8770,b659cd169fc6bc95af0bb457f844df0c,14092,ribeirao preto,SP
1febac15f771b57bdc7420f8b19176a6,abd84878fc14079ab3b561fa01189254,14781,barretos,SP
719f9d5899f3d358cb2c624ca2bb18e8,245c870b2ffc61c7cbf173b9b1667dcd,68380,sao felix do xingu,PA
37b891af1e46170207e5e0dcb2f88dd8,9cd376adbdfaaafcac4c330f970fba56,89295,rio negrinho,SC
e745e8122599d453a0b96fbf6047a476,ef3e32f1b8658891add797672f995cc5,31980,belo horizonte,MG
c1937fb00658a73317253a822b2a52b6,8f6893474a8fa78446db9f5e01b95c63,47240,pilao arcado,BA
1d96ca9c6b79fe73bcad683eb98a4c56,67b800182488717f1a9f89cf8b71c75a,21010,rio de janeiro,RJ
cc3f92b228ae744c6082f549933ab3aa,0a857baa1f1ad0e24256004c2b16729b,36025,juiz de fora,MG
578c6b9a577d79103c6328de248eea5e,87db600753c78160792e4fbfde4a3025,13417,piracicaba,SP
2543192afb3af76708145bdcb29c53a8,d36404b1339bbf652263cd7743554493,71660,brasilia,DF
d106e0cf032240aa997b079d58974bfd,475cab480951109dec3ad6f770167fa5,06236,osasco,SP
7aef00cf795aa8c47871a0d42735ec6d,26ffa3cfe15b987b017872a163c38118,88048,florianopolis,SC
8f1a8643c245e8b74e2e6535ca5c4e19,a05b92eef689283a24ff812eb827471a,01041,sao paulo,SP
507928d99b23819eb6e79e0772dbbadf,c3d2e6a31d293b7c5ab0ad354a87619e,42700,lauro de freitas,BA
148befba8d61a3c03523b7384f853ed7,e33ec0696943d2c82575e5aaebe3cf05,05790,sao paulo,SP
f7224426a8a68eda1674c2b84be34da2,e0836a97eaae86ac4adc26fbb334a527,13026,campinas,SP
69cf4a24c1d0f920d30e57a9375ec0f7,74d331122a116cb1689a0ee6e646979e,04310,sao paulo,SP
a466f770c7ac6f01ace59cd8afff5e19,b87e0c543a60cd19ae2f5568a69b8bf0,38610,unai,MG
c57c16abec4fbb154792e80e491a6fe6,d526a3f383aa9c70d2a70fe41e1872d5,06845,embu das artes,SP
fb62d928d6792220442f770dce17a56c,2ea8c62d224b6ecc5fae77c0fe0358d5,01523,sao paulo,SP
8d61ec6452053b7b174af0627f83d6ca,d105a60a6dee61fad9cb8b0e649a49ad,30570,belo horizonte,MG
28a8b3e9e93103e57dfbe8df0cdbce5f,0509ab034845adb0b4c91b6f0e7b7260,05705,sao paulo,SP
8a70aa71714e9dacc4dac1a4c4b336b9,8ec7c3f5fc32980576acba1a45289133,87200,cianorte,PR
5c6aa01a2dd25458cc58481f40a25bc3,b8afa4cad0bdf65ef872d1de79951b1a,06890,sao lourenco da serra,SP
913c6ff534af922ec4d21dc7f1b2db49,e3b3a4ba653452aae6636ea6ca0d078b,09450,rio grande da serra,SP
7e29d996caf508b65825f57600ebef69,7415e06e610d97fcc5307a0cefc9238f,73251,brasilia,DF
7dd5baf5ba6884882bc08f0f35384644,b2c6414f2d15d0d0904379c6f8ec4ccd,06703,cotia,SP
08fa67bf8d7cc2241741f62794ad0b45,8a2f8c899fc35a0b0bfc55e1f2f827ba,20541,rio de janeiro,RJ
e5dc45000419ca258d65667325b488fa,0d03df54fa1bc915b35ab60dde36e6f3,04316,sao paulo,SP
d57500bee542441e296bd152fc8773cf,88a8f123107a063acbdd1c90f3d8adea,77480,alvorada,TO
2254b94e0f630fbf407e03563b0747c5,0ecb7751a7060a4fa039126fd7c30323,11680,ubatuba,SP
2144d50aff3ee4a90c2a037d1de4cb93,74c71b05534700daecf8314443e929a9,18740,taquarituba,SP
7d35377fa3e76abaa30c36099cdc7ff5,d9b47b30b869af9e139bec926d0b57f9,22290,rio de janeiro,RJ
2f32a98fe19fbf324593daea7c67fc39,81865792a5df52436b4e759b4ba21412,22230,rio de janeiro,RJ
94038129d7563a93b534f34df9b25ad0,ebd65ce1d1f8f8d58443bc086a49d464,28890,rio das ostras,RJ
8085a9af46f619bc25966f151a362b0d,98758d88bf4b8eef1372ddee45d63178,57250,campo alegre,AL
666c901345a407213ee5493214b87fc0,4c96fe3f1bd797b86a71953f09b6c72d,85900,toledo,PR
212a8577b07fe0659c5eb09277983ae3,1c6fde1c16dd7df4cb45f6d281ff76bf,35032,governador valadares,MG
32cb76fcd6568cb229f05d3e1e77bc4e,0c23bb2288df01f6eee54fc8a5a99afb,20740,rio de janeiro,RJ
5af78bf1a82a2660d1e3fd78c645f58f,f006d7920bd71c252f61ec355eb50dcb,06712,cotia,SP
0b82ef8137cfb5f47ebcc41131c03663,334099ce6fb2daf71f1077d6442eb9a5,15105,potirendaba,SP
e9c5b5a2ac7092e9cea253d18528ac0f,86bb795b2c858e2ca3bc6271de923619,06794,taboao da serra,SP
c68f1a0b156eeb49b2b3168e4ab55681,2aeb1b7d567e9e232a56cd0b80ec94fa,95200,vacaria,RS
65d82c4a61c5d879633df01f1352ba2a,9d8d6c0bbaaff906a6aa2a8f184b2834,75391,trindade,GO
2a745e8af300fef33809279a23cc912b,9b656d0bb956f6e0af4dc9ab2104e16b,04524,sao paulo,SP
eb48ab464500f361c68e031087e573cd,1128c1fa085cce5576a2aef4b694a1b4,29700,colatina,ES
961c0a5afe936135ac6ebb1ddef7ce09,5cd55d08a32945da1f132c88d3a22934,03930,sao paulo,SP
983286740ff2d1fd74d499fd1a711de7,a2b6e488aad29c0bb3621a5a9c5a9d41,83010,sao jose dos pinhais,PR
0d3be98fd17e4f6b118f90a23637c4c8,3da952ce80be94f390086f4f4dcf4f21,86975,mandaguari,PR
287727ec8b614d295c75cc4f52d401ac,9f777bbc0c01b969aad3ddc2894fd54a,06655,itapevi,SP
2832de5584863f66a54e271f2988811c,0eed530520c4e0d16bb7a48c219bb8c6,65973,sao joao do paraiso,MA
c93425583027046f9893dcd578aa6e22,1cac7cd9062c193f2f317b4689302d68,06663,itapevi,SP
8d0bbe35e14a529f293e0c550c4f6374,c2b67a0c02ae8f9a02f3fbbd6e478dc1,22640,rio de janeiro,RJ
6124c09496fb12b9864ce0fa6673e6b2,afe72600b2dc9fba539d82b5cb7b2544,11707,praia grande,SP
686ce156cefdae2f46a1b7917d96ef18,a75aa5d4850de07bb3cee8e9db5ea229,17015,bauru,SP
b3137029b6e1d3d2e172a8725c0d3e5b,d4b56c2e202ff3096477f92a0daef341,08411,sao paulo,SP
019b7076acf0ef17a372c02e8b170cb4,1077150be9a3addfe85f0b44a1497c89,14403,franca,SP
6152d0774bbbf74f7140541c0569dafa,12f5d6e1cbf93dafd9dcc19095df0b3d,82200,curitiba,PR
1a84d26e0b91518f76c51b59bb3e9408,118be57d1b7de439453a0c6625ad7934,41815,salvador,BA
d4217fcb991f5bc95ee2f5d7fd903cad,74b8021516f25eb91f5b4e704a2cd671,48355,itamira,BA
b10b53dacf64f37db15bdc334d3adf3a,0a9c698221c58550d4fc01a3499be461,13330,indaiatuba,SP
4bd62c9ef8238366a55babd065151b46,c8876e76a6699cc5b0fdc20df213283e,08240,sao paulo,SP
f104b5445c31fb5895fac27d95a3293b,8bc3d44aa4dd9ed3829ce1fb6633ef13,89620,campos novos,SC
26414d88442f62fcbd8a39607b9211e4,b0dfdc982b3c158fdf0c6327dd9325a0,08615,suzano,SP
60316082457ca4288ed89e75c9f9d50f,4ac2c632ad4eb06bde1abf92c3aeb44a,27197,pinheiral,RJ
8c65f37a2cb3d0bedced14e105742bae,b44c3e3d672e8d4fa98b45abb3c38d66,28928,cabo frio,RJ
3dc99b2fcf41c0898cfc7f38c2fefe5e,970e5961383615662043afa2d9c68802,30880,belo horizonte,MG
072a4d5c91be7fd81a21c401668a27a0,f27b6301acd2953a9cf320c1be3eeb7b,86800,apucarana,PR
eb1db1addc49bbf82c8ce7668681cd07,645153adc47a2b420c17687062c364bb,09251,santo andre,SP
7a465ba4f33678a7fb092c30546ff6c7,9eaca38be18096a01e0dd2ed123d9b0d,20511,rio de janeiro,RJ
9b019db873f6ac74abb726288163456d,5935068f0f9725d0106bd02cae7ce4c0,06900,embu-guacu,SP
5859cd71917f97747721166e9289fe6e,053e68c25ace8722da8c06b60e4fa769,65076,sao luis,MA
15c62eb8af4d9d9c525c34c7a57529bd,5b8b8afbf37c38e18e196e47078854ed,06363,carapicuiba,SP
627118c4a3a8765bf653b5a4748fec00,212a3a6f818e3482f3b7a69c8e6de6c6,64057,teresina,PI
839b34274b35a7d587a82f2d22d4adb9,c6c1e34c95f90df749addda9751d51d9,04476,sao paulo,SP
a8a21122dd385225c248e304c8497b18,1be00084f4412958838a4888bed98678,45700,itapetinga,BA
f704f5612200fcc94627abfc094464bf,ff3794e415eb6ff21999bc4465de4205,33600,pedro leopoldo,MG
217344c7c334e16c8e76551b4b240c1d,584455f2e1e703ad4ea6618f833ff1ac,86460,abatia,PR
6327876b7962247ee1bc5ed656164735,6e8ea825d9f2edbf2a6e5531fc09d702,35057,governador valadares,MG
3f0c48f253e225011b3618be8e43ec50,1aa85ba28c3cd559b28ce5f7f147eeb9,03188,sao paulo,SP
68d54b6b1f24a481a2f472046153c118,f279afbabcada13572ae412aab63644d,29066,vitoria,ES
92f8771418e7b8dff78750306809ecea,18aa81b516fd270cfdbb7b414773077e,01202,sao paulo,SP
9f29d5f541fd53a2d1557e678130dc8a,702a9e0609d9b31710506b3f2130ce53,04216,sao paulo,SP
888d2ebe1af2a8c93c75dae5dfc23719,721d1092e1a6460c67e6a0e691d899a3,69900,rio branco,AC
d987c893b8289f93fe16dc44e8410eaa,804a9029cb64df6f7fafb8c1280401f0,13087,campinas,SP
17b0a5b70ea69cbaa9623c8946d85bc2,c375bfda01d6951d71d1dcbb50b13ad3,31050,belo horizonte,MG
ea9e72efe082008da9a82676a5d0c345,64df076fb557552498049bb07ed1cd5f,22610,rio de janeiro,RJ
4d545e854893ff8e7bed40e22bd55ab0,28c7e3fb75d7ce1e496dc539443b71da,24210,niteroi,RJ
df3647cd1abeadb6a0fe143deb1b8cd2,07d980dc24f39e66a3398573341d8820,02226,sao paulo,SP
efb0c18b84807aa7fa6b1fb5a4a04134,ebc6432a8feeeaebb32a5cb7ebb336e3,74690,goiania,GO
17224e2103f611bab48b1c5df0949d81,e72953f6ea9d26fbee12baac9761e7aa,31270,belo horizonte,MG
518af708e03d6d2aabb44bcb48133025,447023b653ed5089b09829917557b190,22735,rio de janeiro,RJ
1147cfa7db718ca80236195d7fbf7dcd,57b628f46c00f9a7358e5e875d5b4dd0,29167,serra,ES
06fcb5edf767ce55050fd0475a708a7b,b49eb1c0d84f11ad82fd02cc75a15c0c,03313,sao paulo,SP
d3286ca43aa21423c6045b2806ca8e56,acd02fc85cf6339f896c161af2b6abcd,96083,pelotas,RS
61260c512475ab1d7519b332199e8c1d,7606dff35bbe8c1d4166e6d77d235a26,05626,sao paulo,SP
f52048aa7c7272e8cf66d63f3e5957ce,194c6a0b77582e915c1a11c7312df8ed,09950,diadema,SP
90f65e1539426f18ab1941841d728c72,8ffa5e9fcc3da23113128e94d1c75706,36520,visconde do rio branco,MG
4ae7657c4b99ad33c3b842f5f0decd86,c3a2541d3d73ffdf5c42dc6ed3a781c0,45620,sao jose da vitoria,BA
ab404258ad36d371346b5fd3942490cb,ff6e1283173ae3fdce65e4db958b5721,22450,rio de janeiro,RJ
63818bdafc7f8f42cbe050738e7910d5,e7f27438064df83b2bb025f27416aa20,26041,nova iguacu,RJ
10a59de74df59fc077830fdd95db4a56,f410e6ebfc47e16373907ddb53acbca5,66095,belem,PA
d506a6e68d7d209947cc3fb558a3a09c,ae53a87a257f8e54795af6ff434e443b,45445,camamu,BA
ae98e7ef8bbb639184da4566b1e7f19e,8886966f79ad4b54b06c2fbbd66b6b5e,84400,prudentopolis,PR
ba092dd1f1d597c938f27492a0912d03,c154216d425e50fa232a228f6b9616bd,75920,santa helena de goias,GO
dadfdba2f1a53778ac008daad465d544,065102c8bb5cf4f308cd356e74343c2c,65680,passagem franca,MA
c702d44160f436c39dc122a2c9e22d2e,327ff3d5520c8dfd8b296d95d6335a6e,86970,corumbatai do sul,PR
00502500a53243e07961383bf1a6fa82,bace01b0aa7c98f2a7fce9db19555eb9,05894,sao paulo,SP
1e4943bca6e827e979f0bf51fcbc2853,fef5a424234be7d8ea8ef9a0855fe235,74275,goiania,GO
ef3a66154372e62de501a93651f293da,59444f6f085c003842225067881d5e03,09330,maua,SP
7b07b69535a74728a0b01adb13414b46,1369b1aab007b998d44cec7ff9446f8b,88048,florianopolis,SC
610886edefcf1ab6711acc4e94f45637,ee1aeaff4b31c4005fa61944d11ba51d,85867,foz do iguacu,PR
5d07a551ce2ce8238665f00d1562ccce,e8b2ddf269a0bbd62d12e93d29ec147d,89803,chapeco,SC
cb40a9918ea5f312c3e82e50c7b0fe46,fe1677ade6fc207802fd2afb2bd6bfb2,89295,rio negrinho,SC
feba7fb74fbd42ad8797ac9346f33c9d,73269ef3cdc4c31ed2abac95f13c9ec5,05025,sao paulo,SP
abfb0f5c3e33e9758046fd150f11f8d7,c4c08ab2afba13d215da7d3ab31859f1,37950,sao sebastiao do paraiso,MG
e135e7b246c8d48ffed49bfc61c0f6c8,4372e5fa60912ce319a7a75a8c3ce61f,03065,sao paulo,SP
b04387f66716ae227cca39f8ad86ddf9,d006d6b9951bc8e4dc6953e57e050cf2,77021,palmas,TO
28f681fea55229c3b5e12ef1950cd1c8,96e0a3dc18eb70075aaebc344c88db27,87045,maringa,PR
868abd036b449e8e53761765bf59bbbf,232446d0f746e3bd076d1072135e941f,88036,florianopolis,SC
5d331fc00285ec90e2352cde35a6fd70,2c70b5a29ca88d9082063ab6ee3ead17,27258,volta redonda,RJ
eddc5ddb5496488dfdf0c96258861610,a77624d942e45fee80179e4359203d0b,32661,betim,MG
c8264ac3fe404850da5ff804eb71d719,6d28f57652e4507db7b08764b0fbc789,18607,botucatu,SP
032a544bbe984490f6ff7450e3c8b0bc,eb240714223915add224beff2d844e53,19026,presidente prudente,SP
68fb4226ef248268b7c3d7effd5d7613,7c6da23b9cf5dcb8d2d0891b01e6ccf8,30411,belo horizonte,MG
58a556973edd562151f3346d527427bf,e9b52a3e2e946860b103b1b30fa86429,01050,sao paulo,SP
6a0bd57121101b39e6305fb2bb48d9b8,c6cbf9074ebc61e2b1b30154c797cb85,11533,cubatao,SP
f1b74f95f4688eaabb23a8b1bd55b8e3,302ed30f087f0a5a6d680c7e34ec130b,72316,brasilia,DF
da14c1c81592a7684449799d51f43823,415e7620220b7c3846baf46db27e51c3,76330,jaragua,GO
d6c52e7cfae2c1fda93a81b706555188,76b194442fc813ff3951595ba43e9dc2,46100,brumado,BA
436d3faf6f9b9df23510f8f9c5dd6680,af74995bb6b6c462ae5f865ba234eadb,30492,belo horizonte,MG
668a13c83c83233ec67fd29942380da7,3b757b2d4351aae134b2f7e7bb9b156a,13468,americana,SP
add5785e010249251e3af691ab7341b9,84e7f7ff867ca2ebcdbe1f789aa7d2f5,02846,sao paulo,SP
36ee1c55ea025fdce1759f64ad07aab7,55d85d60b231b851c2001e8743ce1d52,30820,belo horizonte,MG
bb4cc8d0f3fb64a9accea9301b1a028d,3309e9a88a0d0c6dbfb059643175b047,65800,balsas,MA
6b9a33f401d8354c5d02e52e111716ba,8558dcd2a96e1bf5875a4d37e40e9a5c,13345,indaiatuba,SP
04750bd159f6ee54d7ad858b8887128f,bfcc6bd0edfda4e6c7926e6c5924ec3d,78043,cuiaba,MT
a3330b2d3f699a9c58b15e33e602c544,d7f3b71a1eafef2f0426b506977d6327,22430,rio de janeiro,RJ
24201200dd7b24c594a08859553bea30,c5363e7bcb401bf6d3b412e21c0068f5,06160,osasco,SP
a644fc187f3195dc7a9d70db929a3d9d,be2f9e6ba2ea6b4cf1ffe993ba2e6078,02960,sao paulo,SP
458c071cf2f55e076014cb868bff55fe,abfe742e782fb10f5c824fcb849e5cd1,18071,sorocaba,SP
8588989971302386a38473265806affb,7ce330c8fb25941d71f6484680ca3cfe,07700,caieiras,SP
5720eea9974f8afc6b0d50060fac2622,3128a821781720a6515f8952671b1452,09974,diadema,SP
9ee66eb44f775d666d668af72dc76499,c9d3d62eee5be8ce2cd9a94d188c965a,94150,gravatai,RS
dfa8a1b565b79938d84942f83d88a2f7,630331e73a79ae9a2ba821bd326ea298,88850,forquilhinha,SC
4d36af0b2f66083f21a8f7d549647d6a,e2fa02776abcbf7246ffd18f58e120ea,58010,joao pessoa,PB
fe86f452d3595048dd7000032a0283aa,0dd1099800bbca6e6509b5edccf6aa67,14600,sao joaquim da barra,SP
74e5dd0462887a0d6b683b422c6b1b3c,679c4e66e0b305bd2b020589777af388,41650,salvador,BA
a938af9f18a3121d6729480532cb755e,70efc62d78bc99c55122135b875a386f,96201,rio grande,RS
f79c9ce96b5c0d7c708917616a0ba2fe,f33407700cab2fab56dbf90a859ca270,35179,santana do paraiso,MG
2879df7ed1e90a3f0bad2a69eaa904ba,7295713e93df7db1a459e49cc02013ab,36083,juiz de fora,MG
4388a78467a347df7bae385d0cdd93bd,74dd84d3790c6d58bf1f465e5732abe3,35500,divinopolis,MG
b856cb85055fc8f310de189eafa4ec23,1699440c9d88d5a00a38c526e2eb4397,18440,itabera,SP
6f25d98f3f9e03ef507d02ee33430e21,91bd1731b3e980852cf59e0309295129,04510,sao paulo,SP
24028518ee858cc4f850f074cbfe803c,2cbd0beb1dd4199ac66be37f3a4421dc,78450,nova mutum,MT
9777095cf095a5260473d23063c063c9,9cec8e7b4238494aca2d2db6f39909b2,13419,piracicaba,SP
3a6be57061ebc68cc00b74186fe7ce5c,e219b0bc946fdfc38e565de1bf6e0936,73770,alto paraiso de goias,GO
fc9d7084d2cc48f7ac064716b2e922d4,5bb41c66b286c78644c2756893c86583,13087,campinas,SP
73522d9ec5b4e4b71550fc64f77cfa27,4d402e51f4e8a128657c7ac78b59bfb2,39560,salinas,MG
e6e13fc085719134e62cd5f74902b352,aefa196089a576f2f12e20483d2a76c3,35182,timoteo,MG
2a612257efe760db38fa27d6e45f9d6f,b43b59147bb1d34fbeab3eba7b7fe372,01442,sao paulo,SP
6cec3bf613919f962b9f8492aa4d404e,2b0feb2d152b5341f51f1d6333dcdc36,25807,tres rios,RJ
6308df43e19f572096086928db705f23,2c50af4ba02025d2f9256d89723d3c18,87225,japura,PR
a4949b565894a3d5c85b947cc27148ae,8c43c9ab1ca9f3d2d748a055186a0627,36772,cataguases,MG
908e309daba56744e5547669c5e0aff0,c6e03a8f511b7765fd06c2bcf591f9e7,05012,sao paulo,SP
9baa3ebdd47ab308b0a043a9ff5a9f10,22b4408591f16ff65d3ec1617c27b634,05017,sao paulo,SP
a0c4d64629ab08b4c1491e9117e0d3fb,438893251f6db27e5340abd586145bd8,78010,cuiaba,MT
91cc176c80a752e26946e32b24b00194,0fa1bfd1b1968bde55b4a82dfa5e600c,06184,osasco,SP
ab2ca35483e4e5cdba8d5ec252beab98,48e9301956fcfe86dd5dd7acac05863d,86812,apucarana,PR
84caf560da4490d5fa39fa676442304f,20ba2d4380b84306d894aec13ef08bc7,14740,viradouro,SP
ee4919c10e807a1ac1d48c9314950830,6410fc47b07ce0eba57124655246f19c,08465,sao paulo,SP
88be8e039439308b5ec70c4994293485,75a2adfe9f86d401f24b5fe2eb9a582c,12951,atibaia,SP
30fe36e40e801f6f55cce8ee4aae9da3,419fa4c55bcc7754a965e67a57fb3f7d,13732,mococa,SP
3e345e7e395a3ddd11abf786d6d74e3e,f8c6e78ad5467fb3a1e2e08aaf7d4755,96810,santa cruz do sul,RS
d54371af4fe03138c67f7ad33c8986f2,520db1718625ccf431f0979af42bae89,98280,panambi,RS
d10cd8cffde7523db8d9053b5599580a,f07259cdfc60ea06d875f66863cfe7ff,05007,sao paulo,SP
903f32aafd0c0b8f44467b505107d153,be9a181fe55cd448322d67120fac3843,22610,rio de janeiro,RJ
848a2f352884465ed67fceee37d858b6,b500edaf94c2514921c6de910ffeffb1,20730,rio de janeiro,RJ
66138f93472ce2d46ee1e3d7c716a51c,f0f25e4076f56c818856f368f7928ae7,48730,conceicao do coite,BA
e8999e45e374e1ce4ff7ef09d5995931,cb20c38b0f4e21f80689d1c1aed466ac,09941,diadema,SP
1367595e0b2e19af7d65497c6332de14,419013301b30ef6f2c7f5e9bb779bfbd,17013,bauru,SP
89b38155c3932e00912173b7aef3dc94,0df819a6668caa4c8f1ecb03f1e868a6,28909,cabo frio,RJ
9aa7354b0719e5e51822b84828b73dd5,c29405183182ce277b873efcc3eefa7b,91450,porto alegre,RS
3ac3d7c491b558c46250c70bf4d7d5f4,2a180de94cf2fdb46378f2b7b7eb2e7c,09634,sao bernardo do campo,SP
ec3032c0af9490ab5427a43ac0b0c426,6561676775904903758a14bb66463ed0,25710,petropolis,RJ
fb1442fddb3de56fa6ff095c77b296e7,906b39303c8095e6ddec2189c4757317,36570,vicosa,MG
7ca386d94fad690a5c2db60793eaf51e,44c35839a44ad4a9690a25279f2204c7,41815,salvador,BA
e198ea664c0323a3e9806e09dd3eecef,c080aa09c43bfdbb4a346864d75e2c45,26900,miguel pereira,RJ
6dfe81f46e43ef19ff6eccfa55ceba6e,ccd1d932428f7e3f89424eefb30f16e0,13484,limeira,SP
6fc2f5ad517b6d8f74b12e58397f6615,6adb43365bd88fd6b87a63fe174f42ed,65715,lago da pedra,MA
e9b488a1f1dd0ff995f1a64e87026fbf,66f9cd42dbdb0ddbee6319d654643068,11722,praia grande,SP
9fe715c3b27abd3049313efce3e0683d,aeaa630606c8233521e8f80411f82f5c,09195,santo andre,SP
08f632ba547ce8a3f9d4efe3028a216e,4291db0da71914754618cd789aebcd56,18570,conchas,SP
fc095837bc58e78ea02238dc7d6d3e0c,00ab8b4d83051d5a41842abe7ff473fc,13331,indaiatuba,SP
a890c03e9d0445e3f23f331a4fa21a1c,aadc40788e65bfd96c733803daeebbcd,41100,salvador,BA
1b9fb3a5ba819d423e454654ab33b595,0c039ec32706287926596428d240686f,06535,santana de parnaiba,SP
7646338721482cc1c3429c76ae261c94,b8c6b346f7d03ec4b422622476ed05f1,03961,sao paulo,SP
4cd81e890532dc8cf4ee9c2667629e43,218cfff9dc92d8ada9f47343cb1c82b2,01140,sao paulo,SP
b73365f2845e82a0339730921895e5da,895426eb9b03b8f386d336cfefea0311,79004,campo grande,MS
221dcdad673d808783fa3ca936233e18,5caeab5f6d9a40d8198aa29ef969e9fa,13930,serra negra,SP
1689035e6f367ae9398fa8ba436b9885,35265d972a3f3e1c348e8c280ae3afd4,38017,uberaba,MG
32cb7327d17784d2cff0134d28892d72,346055bf530d7571d961f13f03462613,15400,olimpia,SP
75d2b9b168cf65e5c1865ce4d1745ebb,8ff5aa814e184a85fb224908206b03b4,24040,niteroi,RJ
1e7ea825371e137f8b709a077b486f99,06ee95df85ab27db04eebc85ce42e3df,04362,sao paulo,SP
d7b7917cfa60997e23f7bb56c0055729,a73a341aa868b255594a9857c8e59772,69901,rio branco,AC
15597c6e1060d323ac01f89a332903d7,c7affe3256d61970764c0dc02a321775,14780,barretos,SP
aca362e0744d36fb0975539a8b8aab37,c8f25042cc8c47c3dee2541f1ca92b93,04552,sao paulo,SP
0ca5257ba1280eb54d0e7c5823f8f9b4,e5f48bc167ddec4bc538a97e9d689ddb,02324,sao paulo,SP
3b6dc76e9598654bd9fc7a898ed4813c,82586394e0357210f5182218326d9110,06455,barueri,SP
e826caec2782e3a3787294d13a77c2e8,eabe386c422d6fc8ab991f7284efad70,70333,brasilia,DF
d94f717fa5e77c3d7b16ee7cccdfe45e,bb9e3b6a4a25010f208120cf009c9d9b,68740,castanhal,PA
a8bf87cfcbec9e129b0a2e9c56c2a95a,94482ff46f667b068968b375e434222e,99470,nao-me-toque,RS
2e704319d4930866cfa99a7508fe0351,b2c4a9d12d0668cb2b33fd90c0a44fd8,25745,petropolis,RJ
5d6ddc4e70e7d06e3b32e2ebd658de6c,b0f3a98136fb0e22d808f855bd430970,92020,canoas,RS
3500a1438f295a3fc24450868008c78d,1d466475d14ffdab3cfd97901b81065e,89825,xaxim,SC
9951d99835f50c491d724e5be22150e3,c459f4dd69a0d9468e3e170cf0c26d8f,21012,rio de janeiro,RJ
454cb2e166521abd12850178f0fbc238,d56e3978365296a8ccce72ba1abb59d9,24742,sao goncalo,RJ
7f59e76c0aa7ffa96374216e3fa5a4d5,0c71fffae3b89f1f4c7afd556f5d29b1,93220,sapucaia do sul,RS
129ae9b07360545f7752ed4251ea5041,772280d084fdf8e95c1e7b2321de7f30,03950,sao paulo,SP
2a340b549b324ad89196ca8bf908addb,fda24ba4c4b35af5ce3f4a752cd8dd38,78050,cuiaba,MT
1c4c32e3591a802adaf5bab2f8645097,76db01944e8aac8cf2d2a7ff92b41d1d,26263,nova iguacu,RJ
8ec1004a0848f47f8a538b9b6ea7e0b4,cffde569725a574542b11dfdc2b9d054,96745,charqueadas,RS
6608dac8561577f1f1a18ff05e9d1dc7,c7c439a7b0dae4d7385c6d7037e7b714,39400,montes claros,MG
97de1f2c8777fcb7d6000cda55786124,b32880dc4e86d9393b420f4881d01364,56640,custodia,PE
cd4260e37ba9618a2aca53bd78ca9a8d,d4ca9703236542dd52098a27ba2e0dbe,67033,ananindeua,PA
6119b42d0975a0c383c5f59f5ae0fa4e,6d0d61a2ea5f4fd88d56aec722fbbcb8,97800,sao luiz gonzaga,RS
4f92392f2442e7f7d9b6a055eb042ce5,4767f3ef86357503d1047cabfff57309,05438,sao paulo,SP
d6351c9f1d835238f1e2e76ea7472b87,0e4cb268bd62da7db135af6349b4fc2a,14860,barrinha,SP
213573df8c484028f3492fa3548074da,06a52782a04f0086d16b9c22d0e29438,79826,dourados,MS
8678ce9bb3f23410f28b6caa0813528a,49cee01774f85ef576192e1038cf9cc6,95800,venancio aires,RS
6ad49c06783cc69b736c128ca0b4ad49,88227aadf23f5817850b5d6190ec5c93,88048,florianopolis,SC
f30c0c7f51b2c606e9322117d57acba7,1be9308e311ddd714615d3b8a1065394,68580,itupiranga,PA
8caf4f50077ccb67b019d85c42b48046,fe66cdddc79a564c2ced2d5ea0f62e7b,75460,neropolis,GO
ab4b8303e74ab12496148fbbe9d20aab,7cf88b97623f81b77328e4c519db0bee,74840,goiania,GO
c778451490bd2d62f6748492ed4068ac,ec243bf26b7986b3aa3d3e60c02405dc,30575,belo horizonte,MG
dd1a12426ed78bacc77fd02911ed1117,cd92e3479a44768cff5131401bd9464c,01124,sao paulo,SP
edfbb085020a29b6fc4d25f1627b2256,202f843062a4797946e077cd797f9d41,13056,campinas,SP
3c7715574eb863d82a63267e28c264c4,c3b9ecc5d90125a61bae63c6f036d144,18050,sorocaba,SP
a6137fdb179b9e20c03ff14f13137f5c,4ed04fe8de9a1dda86302595443ec7c8,22750,rio de janeiro,RJ
5fe9534ea2fcc99fcd42e7d1d8ab9910,7350eb1027dc074d9aa8c12d581de324,04704,sao paulo,SP
2432c837b254b9f016e2e901f69afddd,dd24eb60ec1ada8b5201cbe4bba11346,04042,sao paulo,SP
65471c6b61a3b6c236f8900f2582973c,10c4eb850774c7549ac6cb061ae4a68b,96065,pelotas,RS
5c07b546af2a42f6928364333d76b067,221c3292d151e7301d985ea6f605cd22,29161,serra,ES
9184be9401fc9b2bf61cf71bc64e8a2e,418b52303f8ba25bdf11d39ae6512ecf,24030,niteroi,RJ
3ba38209ae8f27771c90ec6b410f2043,91798cca876208ae649532488494682b,88915,maracana,SC
4603b60ea92a73e8a68c72269d5a88a5,e72349ea9d80575588369384df6f8250,04052,sao paulo,SP
1c1ad3c35a22aac00ba2c90156b27e8d,36c034eca79dee8e369009094ae56cb6,13221,varzea paulista,SP
83ced71889769885f9a06748fc0364fd,b08d7c8bbee2f760ad889bcaae2bc5af,07190,guarulhos,SP
2b98b520582527503b1ccb5aec7949a4,9915c0d033db436c5476434b2d7bd7e2,17900,dracena,SP
3687139e02b5d30a66b9bcdf2cba3bcd,55872b85c9b6f0da7e65499fd110dadc,29192,aracruz,ES
5feb65652220fea019c7efd7146849d4,54c04569682d546b81f081b5b62a9d88,11706,praia grande,SP
9c23b7d709b58ec30527be9dfe96e023,1639e6ada2baa26e2d51c0acdafb7fbb,27313,barra mansa,RJ
a318808661dad5e6db0b829df0e827d9,9b63e87d9898dbee664c3a1105cb1186,04301,sao paulo,SP
171ae8e795dd2c91e66baee8f796c92b,afc1dfb40708596d7245490341c87efd,07985,francisco morato,SP
adaf22826d5921da0c7f050ca0015c4f,960f3d06dd3ce9d5b1093462141e596d,13030,campinas,SP
afdadbcbb99c6cd9d3c3307f6e87d700,e5d8a6ff9438c843fb93082546f5335d,18017,sorocaba,SP
17b84775b092425883616b88bc1bbba2,35f1161ab7820558312737df4d402295,38190,sacramento,MG
8242a1cee3edc3b94095009410aa4118,5e732fcaff5c30c596874db41704415c,05415,sao paulo,SP
1018405e6c2d86a48cd8ea8f2ca0ebaf,3e55d286eef9b4650f9d00204bed24bf,89260,jaragua do sul,SC
a8358cb0d9cfc5497bc084dd0adefda3,6ae69697335279530fcccf75cfe38726,40285,salvador,BA
d3ca3a344d5f960ad6733ccc5b27005c,f4b13435b9071903e0d4598e330a0bce,12603,lorena,SP
da2115c0723c07a68e9062f4d5aad9f3,11a3886a88ad8f64f417bc4ccaa4e901,13820,jaguariuna,SP
79a56011969e883c937c20c880433c52,fc6c4366d8c7ff8b035b3c328b641c74,42805,camacari,BA
81e59183c23c411880fcbdcb19637687,b89b00450934b0e7c6ea86d98c84f09f,96015,pelotas,RS
04802886a43fe74bd00496abf197b3a6,971c2c9f771f31f9e88687edf04f37c1,08773,mogi das cruzes,SP
8373e304bb40cc92bef250618085d7b5,b46f11188baa6cf5efbce28f16846b88,18681,lencois paulista,SP
73a2cd1d3f8cbdf473fcda863a049218,b77c65845ceb7b1b280a7c6f137e82d4,20756,rio de janeiro,RJ
1312052710d8669c61d9d6d07f5664c3,9c73c3022f4c8591feb2fb7bfb013de0,03104,sao paulo,SP
04c87355ded588f31f753951fd7e4af0,c88c65274af4cadc8b55eedcbc9d9581,04005,sao paulo,SP
4fb0754d75e8871c0d64fc12772bf609,92cacd5d8e7a748b2a50db01988535b8,18540,porto feliz,SP
73cbcead38309070bf1ad4ad60c8f638,fa21132f1239479db4816f53feb7221c,61700,aquiraz,CE
cdb4b652db32f3d644367ed686fbbff7,6b01d3bfa7c7a79abfb824f97c7c6809,45656,ilheus,BA
929895edb644a1fbb7636ae6555fdf43,57d549a3a27257ebfc933d60c52e4a42,86010,londrina,PR
d2bc0da79a4e2ae1e11523f27454311b,8cabd14272f05262621ffa151546bac6,28633,nova friburgo,RJ
430cd3039a62d75b60289fae0c1ba8ad,614423b293d86daa567ee11742ee21b9,09070,santo andre,SP
783e2e76dbf44c28f7034104a0d8140b,3fc38cc525568f74580977683ec6d4ad,22760,rio de janeiro,RJ
bf08885e81c08228779ba7da3beb7e2f,c83f58d28fcf031a2c3227efb7c0b9ba,01455,sao paulo,SP
f2f4eb1a9dd538dbe28987f5d42e9857,0032ca69771a7758ce643258bb9e4ac7,02242,sao paulo,SP
fadde80c0077197b4568c6b8649b3be1,bedcde6f1ccae8e9228a013a94d094a4,89225,joinville,SC
968c31ee3af93b0eae7defaac4296e8e,89d5d31136b243b2dbd52555ec37374c,18147,aracariguama,SP
a6041a9fbc2ec5b2dee5219b469893ba,54ae160dc850008bb5c8831ac9d81669,60135,fortaleza,CE
bee0caa1c2c4ec9867df20ceef6b5a7e,1ccfde12876df28c319e196c38f0ccde,44571,santo antonio de jesus,BA
bf45a4524fffba803efa07f225cdfda5,3ab6e6bb3eb3f63eb5c90244ce03f925,20231,rio de janeiro,RJ
299ee5cfb15f32e8b06e6e1acb6ad111,08abc94144c8cfcd16597e7dbeefea0f,02998,sao paulo,SP
690834a6694434cfb474ee30305154f4,498011a635721ea1682b150ec0d1494e,08040,sao paulo,SP
4a1bc15d1237a794eb2d89f1516fae88,0f353525357083cc19531bb61d5594e6,25560,sao joao de meriti,RJ
58550909176303c05f37a9f3a3e913cd,ad79377cfe4283dfba93ba8c545437af,94085,gravatai,RS
85b3cf7f68020f420f26122e3bb6febd,ec3b59d5cf447823fc0f72645e64329c,12243,sao jose dos campos,SP
d516b3d67e888a60101647dc1c73edad,a889c50fed679f7833b0278c43e8e33c,35790,curvelo,MG
5437187d982bf848574521be6e2f15ed,2e4fbd9d1d988bd69581e1e52b9bf606,08553,poa,SP
365b0f8d41438069e3d02ca7cb0e1f35,cbe063493a222cb17024ff0285b4ecb6,85810,cascavel,PR
73cb441c896a460a30affe43bff3df82,d355afc67927984cd3dc896414197c47,13274,valinhos,SP
5d6c8ab30ef2d0469ae465f4fc0df0e7,574d2baf4c0842db3c07cc8e144d727c,01036,sao paulo,SP
aa2ec7384c816e5766350628002e4f43,eaf28e2a9e480045288eb9019c5ba909,54410,jaboatao dos guararapes,PE
b7c6a7b4843f3e00ff86559c717db968,6f9abbcdcab984ae0fdd1a45c74ff6a7,06783,taboao da serra,SP
985b35e7309802e954547d2f6fdfe9e9,dc9863265867f212dad7dd6847c73c6d,35300,caratinga,MG
0ec94dc37e4e44d1b7a9eddf4a8a3da9,e515dfc7b46b0281f0462ef9be3823f8,01222,sao paulo,SP
79c50087220a5bc7f7d990c39aad78e7,b94ac78ce96618e7e546f0efa55fcb22,89580,fraiburgo,SC
bf404bca8019b05975e935847f83af10,ab1bdba8df24adf29999304a1aa0b200,02516,sao paulo,SP
3258445d69ee63eac4af6749b70a0305,dc0654eb4b744b2c238dced422fe1d54,01046,sao paulo,SP
fa9db18cb6fd65d306a4d710799111a8,786abe8655280c105e08af1030cd3738,09941,diadema,SP
75aa63f557126fb8f7fbe7bdf01e6fc8,9af2c271654a36a48beefe342ba6208a,94970,cachoeirinha,RS
87e3b43896edfc6786a0d8ab36a14202,46b312cdfe6ba42f507279a1fe2362df,24220,niteroi,RJ
e2120686ad347caa15e31d9fba78aade,cae9b1648059f203b6d1eb95d2d285b6,03732,sao paulo,SP
28026498023f3d6b3d8167d07ba85cdd,dcf5d7c33ca32896fcb5c0bdb1aa7e96,34001,nova lima,MG
e2fe7e66eea033448291e758ade41374,7f026b691ea1412764f542864a478e63,78250,pontes e lacerda,MT
c470810bfc23c2293a7d75a7200cf99f,bc112b2d320a73189173fd2d4e6be36c,27916,macae,RJ
ead3600e85d8eb332081f04815d0f381,af91c7ead5c3c8525f0e9d7bc5623bae,13274,valinhos,SP
d5e402ca01e47b8e4834992e6548515c,4ea1bbf0b25c4fe6b6da52bf3205411f,06707,cotia,SP
9f0a88b6c6f7d32816f8c1ebc97f7dba,cfc147212a57916518fff40e7d8599b7,39401,montes claros,MG
799ce5c7f8435dfa3b4a7cb61670a5d3,55358388564c39b1d171621395ea2544,57010,maceio,AL
be8629dff2b09053a8d2b1d40f1b1b37,5d6222887465eb9455b65d76d5954089,79530,alcinopolis,MS
2b4ee808fb510ba674b47f509fa03c38,72e04faf6ff73703f70f49289a895dd4,95555,capao da canoa,RS
52a9800a9341855f5ebf8b0b8b1fd906,ac13a41fc49bcb3bdcd86142b8ffc0f0,04560,sao paulo,SP
7fb8817553c00e571f674768c10a7bb8,1c412bf88a8b68772474dfa27ecb73a1,17511,marilia,SP
31da376c4c7b0521c09dd837f634f0bb,4d2ea1640c539a0b2735d29f11a6e409,13360,capivari,SP
9c8ce3bdfe54ce63fa2411fd302c6b61,e22b87062cc9b978bb48207454385d0e,05723,sao paulo,SP
2645421a41e015b1818b76759bf2c49a,804f67315cabb9737efa7e3a046f4fd1,32210,contagem,MG
811304598ea0c428e694dd8a6ded84d1,cb18f08f70479ab42bef6dab2dca1188,87704,paranavai,PR
b0804e19ba8017080fdf4bff1e1418da,090205c09bf0cdda0499ce3922bcfb16,05058,sao paulo,SP
bc055e45589b741155daa6a4831abcd9,0b40c5fdca0a59513655cfefc311aba5,23078,rio de janeiro,RJ
345a9015c65f954a3828232dce3a2d0e,62fb3f833ed1971036f81095987cf3ac,45455,itamari,BA
edb1c5c35746b4a1d65ad8a98fa84570,b012fc925ed2691641a07ec86d2e9805,12242,sao jose dos campos,SP
a2e1b81e95b64a49c8715043ec2bf878,d81bc4bbe85d4432bbd96d5241268903,07793,cajamar,SP
19fe071421f0c3e88b95a638f494d4a7,3bcfb921ad1e10ee41c67dee1dc7aeab,11075,santos,SP
99ca4697c2a9ce3fad29f8d3baa229c2,be644febf72ce4766556be7295f940e9,27910,macae,RJ
3ace63287bc8b41172016c06a5093808,25e6bea0f352b9c61d1bed324da0f5cb,95670,gramado,RS
55c883877ae7ffd119c0661e7413818b,4d575f2c02a1bb5802924ac4c13d66c2,02992,sao paulo,SP
4264cfb1465f313419a9c2dad9e511d8,120fea94e5d7c2df66150b475a07ff2c,97050,santa maria,RS
f6188d661010819b1eac0c417e0c4cdf,46732b93e98cb6b04a44917b50666a64,01532,sao paulo,SP
42d417a2a29a4bff0208fb79bce1320f,979067619fb9e126e60b8f9c100ec5b5,05206,sao paulo,SP
80828141e564cd43c7278737dbb337f4,742496f1962d7565d3adc374d5d49cf9,29900,linhares,ES
b34f8bf1893070905ec951cad8dc1865,775cd7b4ebb9974edbbbb60d7b63f5a4,20910,rio de janeiro,RJ
d9287300a4a22b52cebc3186370089bb,2ba5aad8891eb124bb9a2ba96e4f98d6,32600,betim,MG
24192468c9479052129e9b1d34baeafb,e2239e7dee5d62927638a34ab66ab14a,02975,sao paulo,SP
598b8b0e223d238b639c7bcfa7fb6ca1,47544c4d42f988172faedb4b05231671,35669,papagaios,MG
d1e65403f8fe29061b2180137a35323a,42a4998f500d5379b66cf4ea7730472b,88502,lages,SC
96bfde50d61dc1365adc0293abfbf8f3,2bd9d2f3cc5d99b1b3d9ff5acd81bd5e,36240,santos dumont,MG
5d1ac35d928dd8d9f9d1418aba5f4579,4b96021dd080de09f50154101eba1987,83370,antonina,PR
82becb9786935b5880aad883239d6f98,1270e6aadca40eec66377905fff931e2,81920,curitiba,PR
404beeaac7834e583f80a31179f6d3f1,f6b302dfdccd73ddaa8be6c08baea909,20771,rio de janeiro,RJ
bc7e3a34cf955557bd1c2ee568aa9cf1,5bbaaecaceed3b7b0b5226efd514ff96,07500,santa isabel,SP
60a9c78e3568017be691575628c8c141,df1f63ae64a8a2cb1453e9149769adf1,78065,cuiaba,MT
d728e1d8c703abb8872d83b85532ccb6,c72f575d8a7079b640681f88a4005933,89460,canoinhas,SC
4a9d0f36e6f227f870724fa9ee2ac10b,37b1f3a3fa26950775e6ee42344d22d4,29108,vila velha,ES
aa7885fdaef957a25806339d446c2a71,64c28dc9ff718fe40c400931515eef4a,30520,belo horizonte,MG
8c1fc4f0160463f7192647792d749b83,ba3268546f10cb154754bf784a9553e7,67133,ananindeua,PA
eb744ed77ced9d7b54a6f212098e644b,d2caf4729e0ae98d5c19e9173ee29e24,56328,petrolina,PE
433d2e1477547cc3eec3981cadaade64,cc9e620e6696dce1f29a24c07a0ab5e3,24412,sao goncalo,RJ
7754a974b02485c72aa600f3dbfc8dc7,0ce241b0c2193bbd8386fac69b03d104,89708,concordia,SC
5cec9498555333d107bea6a6ccd9e2f9,e7fa56c65e33a37a9b56c6062748fe18,99200,guapore,RS
a03851354f0d59c91b9796815d5ec52e,c2e79de2c0a7751e26564a3917f9e86d,04137,sao paulo,SP
60ba10cea61a934e043ef4fb6b60ff04,5680dec85a00c09c2e06be55ca959d39,76382,goianesia,GO
3cea18522d4d87f0397edbbbc5ce28e0,aadd69366d3b2ff8d40da4f079a4fcf7,46830,andarai,BA
fde2046a30e872623e820431b3ec04a6,9a418bbb6aa5db28d91f0e306cac5311,60850,fortaleza,CE
5f5559367c34af05d2b0c45d01b768fc,4ed7d341dd01b155473c7262debfcacb,95012,caxias do sul,RS
7713f374a02bd9712b22f044340d22a1,93530b95a65ff2938d0dce7089566766,39400,montes claros,MG
daf556572d5a32abdf0ef68f7a9c3d10,ecdbc4bf2201c807294c7d8c4b777032,13348,indaiatuba,SP
801bb18cc4e4328bfe7c8094fba43fd4,4620f724ea1b3f418e1c692306edd170,14708,bebedouro,SP
a623f9c1f640ca6742364b726e5efda5,d4129cddc2babfee6e14d81e2317d7ae,18022,sorocaba,SP
af20e4d9bc9c5a59eca2afb75030eb4a,8d174d46566bd4824dea80be4d00a2ce,27325,barra mansa,RJ
ed01365fc6f6e098879c03ae23b0d743,b496a7b69bb36b2db22e69121824b7d1,79085,campo grande,MS
425303cf0383f08e3aeac0ef4f6dac7e,3f83cc6482add73101d5d76634baca96,23560,rio de janeiro,RJ
dc5cdaee8fb928470e237d86e3a75459,58f5a0b391493cf37a8c32956f14d6d1,72430,brasilia,DF
62286ca771b7e7fc40c28aca1a8a4278,54b860479701b0143d801783b6e87ed4,23934,angra dos reis,RJ
e6428b88ea8513d718bb4199f280cd77,003800162424b7b5b3d75c9cf22a66e7,44059,feira de santana,BA
400d32a746957150cd0cfba06292d6eb,443f448c4d85ca3947e9b0eb4cdccffb,01122,sao paulo,SP
e4338d62c76f8fe7406c55071f50e440,4cfb89ebdba119ac83d7abfe4f47a63c,37143,serrania,MG
57c2f085b05b55969f44246acdf2b5ae,b6fe953d815119f9d1f1a4e19f5d8277,68376,altamira,PA
1435bc9dbfa94236680b508f50c9722a,9b69530e0634e85ed714be31be339682,02842,sao paulo,SP
a12b256adc8a574b2ef0bec1edaea319,9de8d8f634de6e6aef706a91280cd76a,63860,madalena,CE
0b625a2816bc92763dff9538ee30414a,7c109fe64245f4bbb7a68a877c45f637,07141,guarulhos,SP
df60888bb018eac1edeaf5694b830029,e89bf89e2621b5aeb4c181e69a8c6952,91380,porto alegre,RS
9cb13b3ed746886e379ad84688f99fc7,10f4306628fa1506df83021241006689,89300,mafra,SC
ec3ec417b16fb18d288705ec41bdd297,288ae9eef8aea0a10244894a9688b226,13327,salto,SP
fc9fdbf5a26b1399e70bb3666cf7f9e6,5d323409404dee6bdb0f6cf9ef828dae,22763,rio de janeiro,RJ
1e7cd41ad33991231a3bf8a82c39fb00,c7baae5b46c524b9722a60b5a1903a3d,54450,jaboatao dos guararapes,PE
20c7acb4293846ac1674cad47f98ca2a,d95cb4bc2a58546a89b7bce7413758f3,95555,capao da canoa,RS
5d3a8bfe360fccb31768010c5a8910b8,2604117c1b7f93e6dc4ee94a32098440,18550,boituva,SP
d6658fb848aa2854c95128fd08d39c52,410a0462acba9ae869f84450fae8a4ea,03041,sao paulo,SP
75119e7aa32e3e42fbd019b09af7e7e1,b6ed057c95d8ed2ca7df910ef50674c1,26520,nilopolis,RJ
cf8eccf3a8f869c99693c1acb74363b8,b2d4826e07798c984939a26b80682f8f,53401,paulista,PE
df0cd48862bf18ac12632f80ea972fc0,408824e155b544df61cfa5dc5e700625,05414,sao paulo,SP
398058a183d74d961177b370d76e443f,73ca1df39b2c255f31b8bfe5afca510e,26020,nova iguacu,RJ
affd1614dbd9b0feb6e820039adc1380,c852771f2cefe326d415b44e855e6bc7,03128,sao paulo,SP
b8355c60d2d4ed37c4a50fbd96d629cf,951c6c9f82c03f9664a62fbba21297e8,25060,duque de caxias,RJ
db4dd80011bdd47248da15fd40fb05f0,8f26f35594e51e7c9c4617be011581fa,02376,sao paulo,SP
752a1e24b22edf31a897379138ad174d,66ee4f46c50e9c8bde4931382f12b0ea,88132,palhoca,SC
1388e1cc63c2fa01f850f63372eb3737,15e4c7c20b79fcad58b0010d4eae87b0,06150,osasco,SP
0a564cb06b5914890ac8f1664ece017e,96fc491a6ce0aa111de859fcb5411da9,24730,sao goncalo,RJ
4373e14c9a936c5033553ff232ab132f,61a35167059f7f151c45fcc9d6e68da2,96180,camaqua,RS
db75f12c87289bb25391baf511352864,adc19274ee64f1d91ef57bdab658002e,19013,presidente prudente,SP
b28df93f277b995d67fd7b31e40a932e,8d19a071f7a43b7c1bb71f878864d6e2,20745,rio de janeiro,RJ
7d4024a33d15af87c7e47ee51976b556,92192378ac0be15fe85e3ac5e188df1b,63010,juazeiro do norte,CE
9ca3c3cb222efba635805f6fefc8961e,bed6914e1b13e7291330c42e4b5ee73d,05567,sao paulo,SP
47c34bcae24080749be1315ad1fc2bb4,7b3303f316a91c177cf7c00df7b1f265,04651,sao paulo,SP
249ead6a60c68710994208dc93955831,cb0deab009a7424c2962dae5cb0eb300,11045,santos,SP
61e0a1c860e5435b337e567bd32e21ea,a50b1120bb17428b4033a6b7df88be30,06273,osasco,SP
1265cfcc7c176a1d00fb743e2aac6d7c,3c8df6d8c7347b27f57b29b3a1a7c33a,54352,jaboatao dos guararapes,PE
6d57ec6cb7ed54490d99bf28d64aca94,9f0d0fb71d7bc7118f796cd153025e35,11070,santos,SP
621d89fb61292d49317f4a4562a11f49,d3882d7abd0c66064d740d7ed04dd1ef,13073,campinas,SP
e3d025dfd872e46859d611e7a73f6c2d,b855f7dba22eda6194da91c68e5ead90,13201,jundiai,SP
e6c59c09cb529c3f49bf5aa8e345d2e8,1c627932574a6b9f2a6eeb5820c13492,29930,sao mateus,ES
620af7c2756e6781cc62555738216d00,f017e93e7fce79d6da306003273644c4,12501,guaratingueta,SP
8feffbf725adf0e97ba87c57d4920bf8,2c062277d1bc994eb32e7cad86190278,13502,rio claro,SP
39158ecf3ff6201bdab0f2bed9f00149,0dbd8b3deefed9b0862939c75149df9c,13050,campinas,SP
5da45c1f98656331089701cb8f850153,e528ecbe1477d5b1772eee90ff2e9420,87355,juranda,PR
80c666119b87238e8635dde95dd66b29,e214e2446b3ca1e58f8b3cc5f466e096,18017,sorocaba,SP
20f702c2259af2ba44a9bde3ecaaeb27,795c1622cf7a53d63d324e862349d01c,82315,curitiba,PR
9cc17bb45c605dc49e16aeb5ae3be739,ac0dbe4690cc1531621c13593ca9e4fd,05782,sao paulo,SP
a8a702b6be013bb059beb57f4f555800,f1bb00cce253873aa7ad968dd4ba10a5,22030,rio de janeiro,RJ
6eb257a208b7082dbd96413e6d139602,df419aa863d47a311b6c563225f898bb,12244,sao jose dos campos,SP
001a57041f56400917a187dd74e6cbc1,163b27a06a32c2fa565927170b59b5d4,02512,sao paulo,SP
b924b981ecd4493825f0c54db5b4be8c,70fc98f125c985e6582a3ef22a1a8bc2,12282,cacapava,SP
cf707e5e149e0b146eaa8e9184d169f2,d8cd82807a4410f5091fa7e41b0dad0d,72876,valparaiso de goias,GO
4fc2eee158c87c2236c2ff71dcad76f6,79302df457d7a5a5a89e534698c5f705,14790,guaira,SP
969f78e4502fe4fc9d432ce2f34d01a0,5f4039e5919fcd7aad44678707157660,22040,rio de janeiro,RJ
d8f3e586c5a006d51f26fa3de177ef19,a3d0e18c2fe7a415099f73e5dd10b34b,95020,caxias do sul,RS
1d99106cca82c25870ca45588226c83d,cb7b3d5af1bfcd40c4a52520285373ec,21380,rio de janeiro,RJ
0b39d705dbfe16398432a7a048591853,afb7052400f007bf6c166de1c9f683fe,09110,santo andre,SP
d1b370c90ad7dacb840010a6e89c7e89,29fbb2801362f8857a80e4c1a0c74aa5,31710,belo horizonte,MG
18dbb42d3322bd536fae68ae41640e0e,cbbdfa950c932203f98dff23007d0182,04261,sao paulo,SP
4c0341861a46551270437871eac71e73,3db6e5afa8e8178a29afc729855315e2,21371,rio de janeiro,RJ
8e0d5257ac46d3f8ef385707ee27fd0e,4e9b39f2d300bc02c1d462ad82c6a6a5,16025,aracatuba,SP
a43b9483961041642fa607e74f87b912,5322efc4ed651ee4f92b9e07d4af5eaf,60541,fortaleza,CE
d49398157dec1751afd66073d61c5443,cf5312d1e36fd9513965c68fe57619a3,13736,mococa,SP
da9c8d08ff43e0e3f90bdb93eaded55f,5fcd606cdcc2c5994b9c80240d683ab9,32185,contagem,MG
b84999d47cecf126835a23650ee4ecb8,04efac4a29eec2c5662b65e87291ec38,70254,brasilia,DF
7552d6beabc937e96acf4875b7482344,f3c82a25093541dfbbef3d800ef384bc,75804,jatai,GO
a8a812ac63050ceaaaa30a9fa3a0db1e,526af4bf24e80b6d5a2972540b61fd85,84168,castro,PR
a64419c8fdc7dd35d0a4464d48f70134,7d4ca42c3be6f3136eb3aae4832be53f,03606,sao paulo,SP
b4f2638b64d93172899e3628f0f71345,18dbec3c15cdc251484d441e4a2603d5,05705,sao paulo,SP
b590f36d80cdf38b073103b882dcb2b3,f230d1849c8edb84787aaf2e01aa965a,29702,colatina,ES
37cb0c403b8adef6c53a9d10cb9abcf0,31c6dd92c95904f1273cbf65758ee92e,37780,caldas,MG
e9c74734e04f65160a26264b5524a3dc,9044c1fa9dd82b9792f6d2faf209c131,14803,araraquara,SP
fd82f1f6243134cada673eb5c862ee33,cf3a8065c7324bd183ae9bc8ae4c9d9f,26215,nova iguacu,RJ
69eefc7588679e6d4a880f2eb9866b5a,7f3900c3b410283fecc31825f9c4e0b6,01306,sao paulo,SP
d204659d7a7e5e8d95820be143be3acc,4db3433d4120d35d83d6947cc2c78c82,60160,fortaleza,CE
8e15432cb70519851d493b9dce73707c,c3cd83d323f6babbf0a03609bb7d54a3,30170,belo horizonte,MG
170613a781d065db789a866ce2281435,d8da053d4cb055920f2667f2ba038f0c,09841,sao bernardo do campo,SP
c618ee064d6aed1a5548cd0146342e68,d7016f58746bf6791f034be174ecf37a,83331,pinhais,PR
d2898df8d7ab23976854d61a684ef6bd,d3d63c9f8b2eef8ff6bb504adf833fa2,06236,osasco,SP
f4fb69d52b1b631b812eba9e26749994,ec6622c76335108858cb40492e5fe0d0,93700,campo bom,RS
002b5342c72978cf0aba6aae1f5d5293,76e5f3bca2b1f5c510c41563c2ea31a4,22775,rio de janeiro,RJ
6f1591e62e5032b3d97250dbbead7b08,c4e1547a72a3ccc8fddc8df99fa53348,28010,campos dos goytacazes,RJ
4514de42f20ab295bfb4509ce083b763,570d69ff587dc3a79d90851c0bbc80a2,78300,tangara da serra,MT
ed6d5239528458c1a45a3b15105ea27e,836713957002e55fe78f04567a7823b1,07500,santa isabel,SP
3996e5a92621e3e3261b0b4fe47734a1,e1314eebef590787ab23c5e5f7da0bfe,12502,guaratingueta,SP
77dc1be4c4766a308f7c7516b732a825,ea6f35445410a3f7e74c018be1642995,59151,parnamirim,RN
5e68ff4fe28a8fc50beaece056586fe6,fe50fc8b1e7d06fc87e9e25522832f22,86450,quatigua,PR
90bfdc2f88cc435b7a16812d26984214,4de57ea3234dcc6fed4cda27058b9572,38950,ibia,MG
ce40914475f12c24e87e57bca904be45,b46ace6f12b26ad64443c557953aee62,75071,anapolis,GO
4fdf851814f8f40bdc1a2973b759566e,b88c3bbbc58730f55e8fcd1405c67a8c,65066,sao luis,MA
3f164ed2911cd505baca4a985fa57fcf,657900a4a1fe79706fa95a9f1f2ce628,04942,sao paulo,SP
90a58b8dfd590f9303aab89bfb08a33b,d44c19aefc1789bd4aa346b92b851c0d,28040,campos dos goytacazes,RJ
33cb709a35a14f28d9783682d9ec187e,8b67ca0fb59c9b4c11a9e6112a27b5fd,89201,joinville,SC
3532ba38a3fd242259a514ac2b6ae6b6,4fa4365000c7090fcb8cad5713c6d3db,01151,sao paulo,SP
f1db37fa9a45df4db594466b460e647e,a85fe8e2dad4dad74c7cc3f0801e8de4,29160,serra,ES
d6d663ce0537715bec2020af3d3c9045,ba87a137c5191264841e0be40e53f4ed,37800,guaxupe,MG
462edc38c8e3268231131fbce3347b86,75dff8d19787e21eca5888a3b2ec5e6b,88930,turvo,SC
ccd67b62873f83da80201df2bc4dcf3f,027f4dabd2ab93d782fd604ade3f9f1b,38300,ituiutaba,MG
554f93da437c4a70aed87dbd4f3dbe0f,2117d57582b39d2fd28487500a733d7b,88802,criciuma,SC
1677478f9e63c2843cfc7acb65976463,0b6d4f036c07e10854affe43fc4e718c,33855,ribeirao das neves,MG
9c2fc7e2f1765c15b18e8c25c08eedf3,f7d3d2b24fee56ba3e280a12122c11ed,35969,catas altas,MG
bb3342921d11b66656454f40f1c34650,b10723759be6e098b3da24b991c99ddc,35180,timoteo,MG
0e31b4f03534cff1a85edca3eec8841b,1f33932920384e451c1f95e931ed6ea2,05353,sao paulo,SP
f4fe2dbe94714c74fce3fa1bd21b5e03,39104edef5e46d7b8c61848cc95e6d97,08694,suzano,SP
025dc05e57480935ecde93b27e3c283d,95638fd4dc72dcc7800e9303a073c38d,08615,suzano,SP
44207bd279cce3ea4df67d246f816533,7d8728a536552b955c9a2844e64f6824,86975,mandaguari,PR
b72884b762d45943f29b2b0a10cccc7b,98eda808a1a1f5eae63872339947363b,18460,itarare,SP
127237a4aa0bd9ecc09015f781c9fc27,6b27bfed0a7785feb3bb08725e057947,03693,sao paulo,SP
4a30fabb5431e637b6a8ef606e9ea9ba,d0d4353d1421222170ece6bc8d2802c2,30770,belo horizonte,MG
a7669839a9034fe81cbc46797f0b4f61,b75acdce1eac184bad37d6f19326f5a5,18131,sao roque,SP
23982a817b35161e034f66e8dabadbd3,fc4a4bf80d30dba464c23fe130adef97,79820,dourados,MS
66c7d377394b98ffbf45ede7f96d5c07,41cdb26d1a0145f92b2fa8ea92b9cd0b,57010,maceio,AL
b6db31d15c20b950ea5002e99486a1f1,55836600036b58714e3e52f3921fc36d,35267,central de santa helena,MG
feaad759d81ebdfbb1bb6d805eac5da1,7d0687ed097422bd5a290b232348931d,65760,presidente dutra,MA
7e3721f04862909bc9e85394898019f4,09b8764214c6d69d7b1bccf9148f335a,89229,joinville,SC
e61d98019b18172feeca8225d11ab03a,8e156a93b5817cbe414f32d08abc5993,03931,sao paulo,SP
72d4944fcf1d48d6098ae39caa4f4bf4,38341f2f75bff8417f79ed83c391630d,14140,cravinhos,SP
b151c788c2414af65c8c4ffac1a594e3,9ff7c7ec579329774397b8a7df7c688b,36887,muriae,MG
37dab02dba724717bf07e823bcc44742,6874d746fe41f4483251e73539dda86c,71680,brasilia,DF
7d4bcc989710ee664b406819ce808a90,21c0739878ec2e4e65c5e466188ef607,85819,cascavel,PR
3f4c0f7e7fb59e7411dfb858748e45c3,72feb591ae452672531b88c4fab94797,70234,brasilia,DF
df8127289fba9af36ada908b0a42b538,e7092fa42929a17f78c5f5406c08e215,70864,brasilia,DF
66fcc26a7306112192f93dce340df792,dce12a6ba3b9baf1c59b36bb33c71ce2,95900,lajeado,RS
143352eb1597de8926f839bf52f82ea0,023d978a84bb97e195d5562279a7b285,28995,saquarema,RJ
9915051c0eb60afd11c7a49cb9ea8f8e,f1577fe8a499651c3de5f2221dde3e90,88040,florianopolis,SC
f8342792b37394f1efe85d0e78ae1775,e631ae7b47da2b7d002f0978aef5b7c5,14096,ribeirao preto,SP
e4e5ff953eaae46ad6d35088e9db153f,c2dd0c2c04f270a0ce042946d1e1857d,97542,alegrete,RS
ec05a6d8558c6455f0cbbd8a420ad34f,13467e882eb3a701826435ee4424f2bd,18520,cerquilho,SP
b2ea611fe31cd36edad1b142cea0a9ab,d20bf42c71d4c30b705408781633e42f,04716,sao paulo,SP
6e0cfceb2d49f48738767d48272a8ea8,4c2fca8629c137347d177109a9a755bc,58701,patos,PB
96f541133e6a0139ab3b3e58143eac6a,2a757c51bd33a1445dce2cbe6859e032,05641,sao paulo,SP
e66de6386879967a7fb922ddb088609f,86a78c9e5114f4ed30887d4fd8153d9e,27963,macae,RJ
72c9fcbee3deb52caf82f27187887616,6b383324d91b86a77b78116f947fa8e1,13232,campo limpo paulista,SP
fac62f659b6e79c9004f4df20f81e56c,0f5f1f84c0b3477566faed7897d4c89a,37410,tres coracoes,MG
a95a14821505950abf17a562b31d1bf9,1a15eecd72a08e1134ba406c7a7998e6,02122,sao paulo,SP
c2a42c6cf2c1a14683e01d64890e8ae5,f1f86427a5f379d6da9837b1302603a5,26210,nova iguacu,RJ
12eb27c5c8983f8b65f4e79bfb579572,faaea6cd36c9cd073b6624711a378386,38600,paracatu,MG
dfe414a11599a003b95ff5ccffb8627a,6346380213f9631ecc10a8ade07d5944,55002,caruaru,PE
0e67345e8ee5736220fb34c1109f125e,b63efef43750080cac3e023e0b57cd72,80330,curitiba,PR
5b4650bd59b6448a8c97c16df472c6e2,928c4a731accb535e97f15703d78718c,13670,santa rita do passa quatro,SP
16b1ae6ede88a77e625443ab2ae0da09,2f5363def350b4982ad15a60b8f43202,39740,guanhaes,MG
0293c0d1c4c6c83fd6eff23e4cd1ca31,15c604d9414247f54e8d3f28a7ba9fcf,38026,uberaba,MG
1c37132d043014c19670796be17b81cc,920ad49c4269296bc149e5baaccdea37,40150,salvador,BA
be36c3eb3390bd59d4848e5b7054d5da,d3b7dad5b2d683e7d2aa4cc0269f997f,30260,belo horizonte,MG
1d4411212e90d6a24fd2d09f74878b48,69aedec762e21e5aaca6eba2e635dcfb,09780,sao bernardo do campo,SP
5c39546ec48df2747323d3356a6c4720,a5048a786b49d3222af059e7ee925efd,74533,goiania,GO
273cba7d43266b9fb2737824de113e43,5895fc50ddbefe47f969acd6a51e6b64,38600,paracatu,MG
73c65731f86095845be2da68f658284d,15a52a044cbf18c87283f8c460ad5ccf,18150,ibiuna,SP
fe2f3701874bc7c2a8e1509621366717,5ef5ee5db0d3088844b10293c5535a95,60192,fortaleza,CE
a6a3ccd6981f76577a6cfcac362430b2,815392b735eba3589a02408bce170947,72002,brasilia,DF
a9929fa5f092ace247a1ea0a3469bbee,4654e5ef29b043f05bbd28af25225a50,41680,salvador,BA
acd2c9cdf9e713033bf01c4ca5917b4b,db6c555a3966c0da423ff7a0ae9cb6b8,89010,blumenau,SC
73395b6c08f8e6f156a7c9327a32ad7f,85bf7bef06444b28bbc95ef68980bb64,01410,sao paulo,SP
e5a8aaccb766e00177b0a587979cc814,b89917b120a313e3cbc951e4122f1e5c,09250,santo andre,SP
a4a8f70c6e841e099bc5106ea46bf078,c98eaf6318576ddb750855f2ad449403,79091,campo grande,MS
e5c572f3eee5a867a24d9e70b1f45c05,88649e41fbe394406a26172086142a12,72450,brasilia,DF
15a93aab211662aef57e579c573c6f02,084281f321e4fd4e18336de035169c54,13190,monte mor,SP
87c195c16ba427c0f0f60d6d6d67a312,31c9035341cb7e0645f2f6531616efd2,04809,sao paulo,SP
65b14237885b3972ebec28c0f7dd2220,78d26ae26b5bb9cb398edc7384d3c15f,13142,paulinia,SP
83e0ab53251715a17d58356fd6567675,461833ffb72f0fe0511a801c96d58350,30660,belo horizonte,MG
919aa64a6d7c36fe7b543e67a44aa203,b7ec380a938b8be3e45ab4d6871e3bcc,84061,ponta grossa,PR
6036479ceafa4aab3dc585f1a05772e8,a72dedb6e6e4b341fb3517746878a04f,30270,belo horizonte,MG
fc2b715f699d791561d8330e42ac7350,3579e804c1e8a6b228783ddb27f6b02c,99025,passo fundo,RS
c353c61f1db7085071135afad6006ff3,7f0a32f4af1dd3e5f0c45a633ace40ba,29304,cachoeiro de itapemirim,ES
e3378b4e8219f3f5f90a6515a9a57136,d85b7be2e745afddc1cc3cecf6bd9cd9,15870,catigua,SP
6d275f56d920b05452973c63fadf039b,0773a40bcc6706540cb39337886f3a4e,09181,santo andre,SP
af19987afaab941ddba949ef09e2b393,23d8f6988fc85e2debfa559262178b05,45400,valenca,BA
80dd6889d1cd0b80f9ff71789a835f18,e1953c90ac89e51d2a22932191ce0c43,07140,guarulhos,SP
7dbbcbff88444c3fcce705d185a3c024,cc89b537cb7f19d25792c3234673146e,14781,barretos,SP
80c0276f1c674e7b026d5a39799afaa4,271d3cdd872021b1b6669ad93e8b856b,06317,carapicuiba,SP
7a7d13d8c12d08f68dcdd14385e7c1c1,22b34225782cfc9df038af966053dd91,01452,sao paulo,SP
4730b6f81e02460ea4b9d1217c4d6367,94ef3a6f3865a461f86a01a23d78c374,12220,sao jose dos campos,SP
d02f55b09f69dde4c0ac66e778039993,52563c0dc9f758424f26b9f226d568e5,88240,sao joao batista,SC
feb9f770bdcc1711e9dd4996adea10fa,030059570d2bf6147d5d70cd727c3697,59071,natal,RN
d3f73e9f703dd22bee2dd83ed43c60b9,1a5dddc88f6096f9e310ddf216235152,01529,sao paulo,SP
7282e7e28bca4c8d52bee1bef2b4dcd4,d26d2fc438ec98cf77465c211a4f843b,52020,recife,PE
6b750fd410ccd959db815b48cd0b5804,f4c6d45e65010a466b54a470dbeddfcd,13012,campinas,SP
290ee0188edbd0ea99a9bcde6c7d8e1b,ecf034665697bb068f20143aa3fd4e8e,85909,toledo,PR
808cfcd5c83849bfb0c7bf25edd97b2b,646c703dd1be852b9cee57b21b4a5a6c,39404,montes claros,MG
be914b8a12f44c21a6a7070f585e2e42,886aeeb2ed14cfff6830116322de8e4f,88200,tijucas,SC
3830cb83469e25f0bce76b907d9b61c2,868c9f663c937835c57ce088c876d111,71691,brasilia,DF
68fa28baf59e30e1b833f9a21c35ba14,eab1b2c0dedd19664d1f3dceb49b83cc,70878,brasilia,DF
21e1730d52b736bd20ae6c338e2d52b1,9c6d91038516f711fbe3e9ce6aa1e0e8,88111,sao jose,SC
da4668d04be436501614b38d36f72375,a127a2a637b81760814c5e7194db4a36,74363,goiania,GO
0883816eb4425537f417d5d63553ab8c,9299b9e27e97571a5ddc3725b9186536,05351,sao paulo,SP
659affc86c33bd8d4a7a551a1d721c59,3ee11a73167d6fd1652d5016cdeb760d,88490,paulo lopes,SC
86154d1d9f7bfa63c082686f2c694d94,8cfe342553b4a1db7bc8ba9e2f98b596,33145,santa luzia,MG
a0af680b53dd9ddc1df27ee4a01fe25e,c233b70d51175e6c74cae2c48b6a9185,66813,belem,PA
436f56dcdaacb0a631a8dded7fd62bdd,f99d6dcdeb904bc1feb8750a1a6a47ea,95650,igrejinha,RS
d9e2f992cd2607e140ce5bd507a2b8ac,e1095e7068a10b429a780484faace57a,06454,barueri,SP
25c02365611124c7e9a013edc5c26584,7af5f8dedeb7639610202d270fad5a5c,08505,ferraz de vasconcelos,SP
3ba9c5d370d75552c16eeb2a2b643683,c7e765b6bedfd58f045cd1ca76800264,07803,franco da rocha,SP
9ebea34aad885332b9eaaea955f03f1b,0e34fe58dd1b1c21e609e454fa8aad64,95870,bom retiro do sul,RS
4abe2ccb6ff7688f9b478818219d1387,eb7a8b5f0111928b9e16d4a2899fb4d3,38705,patos de minas,MG
40e7a663ffaa7aa2f2ad20d6d40d6b14,c69e5a82eb301db90128811f6ef51125,13360,capivari,SP
1062d9c6d405aeb42ec6fa9b937238a7,2dee0e87b84b55e9879355315c11eb03,20510,rio de janeiro,RJ
8366ba08152f16bb9b8534350e085166,57bb2889dd7a0bc0cc733019ec8dcf41,13468,americana,SP
1ace86e495109913f0b2700bd7247b61,d03ef07218f01af47507ef451e478ffe,13070,campinas,SP
917149651e472bef5b609eb58e742eb4,572e9e13a44a5e4ac5c42e74b324244f,75705,catalao,GO
5c9c326c6ba02d6301cb8c68292316f0,84bf9ae18880da8c86213d17a1bf9f4c,13473,americana,SP
3ce7468170f59905cc4073cf015f8dcf,45637ad4d507de55bd4373a9765a1a16,11015,santos,SP
103a3e0dc4ce3737213fa7c10a839e5c,5c9f8eb104e412ca09525d20441de41a,31615,belo horizonte,MG
944eac17089e8ffd72fee9cd656c5444,70dcf88bcd194342f831ca90699732cb,29500,alegre,ES
335a327d8f2f15e0cc36a493218b1c30,3bc228867a23226ae5ad926447fa056f,26165,belford roxo,RJ
364b5d0bd02e707f4b99a50ef4493acf,eada2898fcabf90622098764ecede505,87020,maringa,PR
d7165639dc4a682258711343560a17d3,eac51d2355307babc49fe52bc8b7d336,35700,sete lagoas,MG
9711ec758b9270ff19adfc9bec1b4a09,11b7fdce69f834712e6cf8f9995ff674,86400,jacarezinho,PR
68d895c89ddc53350772bb822d6275b6,e85be0be583739e17f45229af03108eb,13230,campo limpo paulista,SP
2e7a7949ed59755832f8877b154bb202,700740bf9157a830e0728f14d64282bf,36080,juiz de fora,MG
c7056bea560b2728d84ba5e1e1472bf0,4348c2ef355f086668e014f0a3e08cd6,22281,rio de janeiro,RJ
f4ebae603a379d4055a61c782a2afcfa,4af357f97cd86fcf18dcad50c1fd5bbe,30230,belo horizonte,MG
6d881a0eb7e8fc2621fc8dc52dcdc756,7513be49da156baab381b48bad34f6c9,85604,francisco beltrao,PR
ac9c7c7db86f7b99d3cf8e7e1d025fd9,3c1cede1be4ddd48d683880f48cb8754,87890,terra rica,PR
d663f3d2620ac39c3fcbafebccf8f166,14e9ea3061b651f3b1932ac3858ab6ba,76730,matrincha,GO
9e032eba20d95669b5f4c47f016f4240,901a3256e6c9c3dc7a8dcb183e6dad6b,05145,sao paulo,SP
58431adea9b3704f65eb48603e5ae23d,45a6c20b61c333d14bf69950f4d7e627,96030,pelotas,RS
efcff0dedc5aad0606ae815bbb9ccad7,00cc8551c0621bc65a440e836bb652d7,08230,sao paulo,SP
ae13ef7e41b712ff329871b5760be19e,8e55c22eb0bb9dd6ba7f349989ad4dee,06266,osasco,SP
0d34dca8c8a02afc52be8689c8774af6,bd8ee6a65c4d647953792da821444580,04543,sao paulo,SP
71efc8423141b34577e6c63aefddd5bc,7b59754e7f6def50a5afd6028a896f0a,08589,itaquaquecetuba,SP
cc803a2c412833101651d3f90ca7de24,a229eba70ec1c2abef51f04987deb7a5,24020,niteroi,RJ
b846152f6ca2bc8c18c46c3247c33426,1650819cd492bbf4b9d189c7d4126475,59080,natal,RN
19e9dac43eee8df98092482fdce676da,2fbe21ee78c83f908ed47ba9f4a74121,13203,jundiai,SP
cef102e266fd2812ecd629b5da0d4dc6,2cf17aab29f83986b5ecc3fb90a245ca,35540,oliveira,MG
e0f3dd75a709236dd86a35204e6bd69e,a5395e8d9e7aff63ed0bcf6177b10f3c,92500,guaiba,RS
3dd397d7407cf9ab3713d1432a3759b6,a89041fc8a904bd25e9f126169cbd94d,17026,bauru,SP
48a01175afae9a275b3b57ccd21da366,08de67bdeb6f90e74f025279510dbca2,08557,poa,SP
3fe12eb6707de1cd2018e8e0297caa98,12cc9a54117a13caabe6385600058649,13720,sao jose do rio pardo,SP
284e326e8a71e55bdb0b210ddfabaa27,79e12483f9b14c3254db94bd137a4b70,49047,aracaju,SE
d62ce7b0c4485a242887d93be6d20872,f9dbe8ef6911fa7708aaf13d1be3ad75,77900,tocantinopolis,TO
08b56a0a9c6eff4619a9a141b4dd37e2,915e75e4cb2d49ca4f2f11df06c57b06,38415,uberlandia,MG
ddb57a86c9720a54e2b7394c7112162b,009890d2f2b15df1267ed7f90f45fc4e,73840,campos belos,GO
b5e5834e0ea55cdba7835b12c756f94b,42e35f263bfc894dd0d9a3114c608b9f,13515,charqueada,SP
c5aa7855884fd94df7d46d99cd88072f,371fb2f33bf1c61a176e937e60c401c7,20735,rio de janeiro,RJ
6856d69929a7b81e1531ae0c49054921,4a38e46e39c8f291d2af43eeb17eadcc,45400,valenca,BA
185edadac2611dfd19643314264719be,7ca19647e1200895475475186a3e072e,57052,maceio,AL
f35de5e4afc2f0462050170cb553321f,808a5a2c8bcfc49beffe17ad060ce6f2,14051,ribeirao preto,SP
c96b4cfef71ae1ab097480c18abc21e2,59c4294186b35d084e67f0112c7a1449,85803,cascavel,PR
87cfbc9db7f2dc260b8f0022377909ef,bc7bdb9c1a238074b218f190a3e1e5bb,05847,sao paulo,SP
b71d390fe8dc57d420c1e5bf672fe8ee,1857dc02a1a6e7de4bf05a01ef3debd5,06333,carapicuiba,SP
b32986c4d47912105f4a9cc6d0b3f631,5f132d5af113ff04d9c0e72d1b611fcd,96020,pelotas,RS
de3f106541e9cf42f36a02b78a4ecc5b,f997a9a613238f71bd6e26eedf7bcd1b,36026,juiz de fora,MG
d8f5ece0bb8f177a047fad8e3639ffbd,ed7517fb70cea5f19d8d0e730eb828f3,78050,cuiaba,MT
c7e19323cb9b0dc5b4859f5a03e861d0,28b39d50ca5eb56730010f8ed2dff7c4,30320,belo horizonte,MG
8ad2cd280907b0111796b6218d3fe67c,f7b4ed4662743e6d6f05652b7479c8d3,24340,niteroi,RJ
0dbfdb203a06e44a110c7eb98a4ca78a,6553076c837d75296c3b99d7c2019478,89254,jaragua do sul,SC
aabb289abf4c3277937c216d0729f36d,3e4bda3508f163eb549f0f146b08ed7f,22763,rio de janeiro,RJ
b78ba44ee52b74b9dbe30c8a533d23df,9eb7d30b5661dd9e5e2333954d84e02a,18860,timburi,SP
546c4d8cb9e45e600960e1b04f49db65,0dab841685c250499b36d81dbb570ab8,65302,santa ines,MA
8c20d9bfbc96c5d39025d77a3ba83d7f,eae0a83d752b1dd32697e0e7b4221656,48410,cicero dantas,BA
95b0cd118d1f2dea54bdd21f996daf24,9986f84c4435413d786144313d73f8af,21932,rio de janeiro,RJ
b43c81ced7435c5212e787b5b4c93513,1cd0f75768cb5e08c884390c8bee0507,01316,sao paulo,SP
01c622ea29f8ca6980b1ff07eadff0f0,bb8b45af552ac1d5252391f7c1fc8d33,29113,vila velha,ES
f6a7e0ba6be36e5fdf7f15cdb3d21df2,ed480e084c6798511ec82137ec2aadcf,85851,foz do iguacu,PR
7e630d15d865b2701e663c2a6dec9079,738ffcf1017b584e9d2684b36e07469c,65055,sao luis,MA
98235737c9dddb3db5fe5a9b1af8918b,ddcbd9c87bce192fc14812129a7894da,03268,sao paulo,SP
9a033d3ece10a355d14111f8dabc115a,b67b789e0fba679332dea99a8d881001,03312,sao paulo,SP
8ee3752ed676be5e448ebda2266e87e5,d669236ac05e274f48c19d950f806bae,13063,campinas,SP
b342ca79f686b55a788bc622595ad4a1,d3ab6a0f035b6b09b9862540148ba972,88390,barra velha,SC
cd81681e520d4adf01f08d9ddda810f5,bb0bf868d17f4a4df92d699358bfb585,08599,itaquaquecetuba,SP
b90bea4e34cc5dcd221deeaa6f645aac,974932780b89f782ecfebf9b83840dbf,38700,patos de minas,MG
de281e7aa3ddf4dfa36b4253ce263ed7,9bd37e786ab07a6d839e98b20df52c7b,09170,santo andre,SP
452bba6986ea29efd283237ca1ba0725,b3c9445cc66162bfdcc1722a36133322,07097,guarulhos,SP
ed064a574e08a0062cf08d485375c9d0,1d89dac71bba7665752a6e92475eacf7,88380,balneario picarras,SC
a01b1970efe8b573e00c01cf5ef8b758,5edb5e94dde197f8fd914eec2975b891,06543,santana de parnaiba,SP
ce84bc58b9f9dfb7fcb0b5da67c99087,12a841021b037fbe7d3c859e776ddb8b,86802,apucarana,PR
b44a611059f1fdd8ddcdaea0b3f2483e,a7ca51c5d161c34444a45ff503b78b0c,64001,teresina,PI
5d6004e74b751b9f762bbabc16b77bb9,d28f6dc192949c1cdd325d991ae60276,09251,santo andre,SP
52f4c321b23906ab009a2ecb6ad7dced,e754668f3f7a5d516e15a2ce78c42097,89510,cacador,SC
585593d76e71aa8bcabac6773c2c3de7,4a2df408882c707548be413cc5a1b656,11055,santos,SP
566f3ca7161fa95dae551c144c67443a,15dee872ef52b3a3caf055b45a946194,19780,quata,SP
6c6151509750f656712f230f8ea8c3a0,5fc7e4fb64cdafd77b732ffe2e9dbf32,29285,piuma,ES
a8a9e48facf3dc7bdd3bb6d63c4efa54,433859f050123271b261cbdf54c6c1b1,13504,rio claro,SP
7b7d563426a10b8b26bfc679be70fbd8,3a38c5469df621ba4fa026396ff4ce3d,35901,itabira,MG
2a4d4ee2aa215919b261827389e59ddf,153d5632321e12f7744e1c258d553167,18076,sorocaba,SP
3b11d54278a86bfa191ef947e654c9cb,cef42836ff25476d55c9a3e58f8da99d,72878,valparaiso de goias,GO
f41d2058b5f03c36e81d18a58878e876,8ee6a26c817c3600f866d0bbd6ae4065,24110,niteroi,RJ
63880f01e6552a098dc27ff21a302661,577b7f80f2468173232c5453fb614279,13214,jundiai,SP
6401917f6b9f31fb91791bd2ce2783c8,c83903beebfa7bffbbc0a9a897a744b7,08696,suzano,SP
2f20e98344b75554e78a681c992cb5d3,22b99efa9116be57aac5b00ee65f097b,05547,sao paulo,SP
cd482c40033b2a1107deb3d9a10d14f7,073f638e451a08d06f9b120b813cf03b,99700,erechim,RS
46402f6f38e465b425db684e5987718c,958fcbab6e3dd6055d6d399ba25fb366,01030,sao paulo,SP
e878acf1e2ac4373cca11582ccb97184,2c1a6c1186bc841ec6cee5f9c6bdd7a9,12460,campos do jordao,SP
40b0a541aebe1001973a84d4109de91c,2f1285ef465dd07f5dce44b512e20759,22250,rio de janeiro,RJ
a64f98b1b0d8e2ca4cba10a0a2adb3c8,48fb6bd698dd6bdd87a263c713f0b1e0,32405,ibirite,MG
fd453c63f0f4d5bcc17d43c076dba510,3b97119ab53db4ae0144dff13c2ee26b,89135,apiuna,SC
1db2189def22e420ab1b634c13b49566,f366a3124d2ad33fb13d2dee2bca9c73,07042,guarulhos,SP
e517764f936509d128d13b3997f6f3f6,c2f4000af590250833394cf820c00a56,24431,sao goncalo,RJ
d21a1b30f682a1faa9cccc16d674eacf,ce6adb9b3e23ca6736f4b3d6038385f6,24731,sao goncalo,RJ
462025be11ad81e8138837f833b827c9,b6f0d82c95b4010de67a90cb4cf462cd,25020,duque de caxias,RJ
57b1284ee4544b378d7f1d5cc857815c,3aabe94a40f7ea96cbe29d76aff751de,06455,barueri,SP
e823a77c1eaef4c7664b0f4e4d275fb6,018ca9b2c9f793a0e43e75d6a3eca86a,29102,vila velha,ES
7e7664514011a7ae9513d462d7e61493,c2e56075778d827440c7f4c6e77bd4ed,19010,presidente prudente,SP
1fa16395beca89233661543954ca6cf1,61181b9bc9188678b5991d89064dd961,76970,pimenta bueno,RO
b5ad922d0e543779627a2550706c73e0,1c1d8d4d37aa80baf2759482c6c379f9,21321,rio de janeiro,RJ
8c5128dd6ef4e8221c2a6121b2df459d,fb485c0feba34a134c01dddb334d36ba,15115,bady bassitt,SP
80c3315cd9ff9d91afc63a7028c50712,e78187213bc8a0ac295b98485bbe9441,93265,esteio,RS
66a4949b286c198a1894aa79014469aa,0bca8aada9a6e07bf544ae6e4e611131,02055,sao paulo,SP
5ac248f34549732cdb204497ba80a838,61b1e7f9316e833654768a4c8cba3625,02883,sao paulo,SP
748d0a448acf0d2296b277ab8f8d451d,2b5b9e6b6fceda761d529dfbe20dd8d9,08160,sao paulo,SP
59c202534c0e0e5088cdd5fc3b27e728,dca366d7bb4bc4db53c0e749d4dfce44,38240,itapagipe,MG
7f808ce649c66a61c4a2ef4a19c2e86d,5a3531b7eea38fd8bbc318e7683d0219,13604,araras,SP
3c76e57147c243724b1ece52f3977775,724ad23e4c2c0c50207af074c3eaceae,92410,canoas,RS
52c14344945f0f7b97a43d120ee86d17,2f9d7d6dfebe59656d4385f4a90b6d00,17400,garca,SP
fd49e9ce1d624c2b1dab02c05ae03838,9f872ec70ea057ea42d0bc6481e47e53,72243,brasilia,DF
0977ccfa0b60832ce18f226b73853918,c7f92ff58170af8b2f1aaaed398645b2,20031,rio de janeiro,RJ
4a9b7895e4e89363cf2eac11cef10004,3a5bf02296df646f02cc7eb85ca65fb5,13091,campinas,SP
36a1aa63bf2ebcd4911e026092700610,41cdec60499a15f95558eaddabee958b,03685,sao paulo,SP
47b8d87db17a0601172636ee6597a1b8,2d1bc24b43d17b316e19f87c1291c7ce,13806,mogi mirim,SP
459d2dd32c51b04f7abbeeaea3e7817b,c419ea1f189b80201bc1f4d1b18dd8a7,06351,carapicuiba,SP
1863b95f5438f793f49ba1c6995860e7,9505478f17728ead3868963955a4f6cb,11668,caraguatatuba,SP
5498bd0b82115fdefdf65bb638d581c7,bcfe461638ea7b39d10e2c805fa78ed1,13040,campinas,SP
accb4b4ad075d07a833eacca116071c7,f139f07dd192b4c3a1b21082a9c632a2,36900,manhuacu,MG
ba3d3c02e06168e577af7ef349c9313d,719a735ece4d49f8f918d1fdd319cb2f,95900,lajeado,RS
6d97521e6f45280a193f48c4b7cd5ee0,befbeab8f1517ed8323e81acd8d4d289,05143,sao paulo,SP
215ecd6d28192482775b68824432464d,8f77e5f1eec0ba7ee4db6db5e8e50b05,14883,jaboticabal,SP
a35a1b563beadc6e07728160500da9eb,803c7901a46efc90aec32e744c008b4a,13505,rio claro,SP
810d6e6ff6e67c94075b39488b77632c,384d6654ad80e9f1426b7a4ef9e40997,13145,paulinia,SP
4803684a58eb452daa4190b0e1aff8fe,7e8444fb4d74e0b442515b38a13de897,04156,sao paulo,SP
d906dd7f11e40617aba6e03961da0f05,6ef7fc39ea0027cf824a8f0ed2f5acd2,29169,serra,ES
65670d2a7a79a95d26d61265a6123af1,b34319e6e3b4ca65bd3d0990d9ec340c,18404,itapeva,SP
29fe12563a56d3735707d3faed2c7292,b3ce9054e198f044775f1b8b581c7911,05782,sao paulo,SP
092389b0ad58d08590243690dc4db793,1ba9f0980fa83e3f8815eeb8c8afd14e,01013,sao paulo,SP
fbcc01ea41e282f7de6a6161940f32b2,a9fe72dc8ea106e59176f5a9c4b84ea5,12305,jacarei,SP
90ba3da08cd3de66690ac220e19e6cc3,4d8247e1052e4c90d4f61adbba817df1,45990,teixeira de freitas,BA
1961a41144dc48610f2e2da84b0507fe,7e66a5be4404c9c180b1dae1adb09083,05749,sao paulo,SP
15277d2b8246076738b151b03cd2ca0b,3060855a01a873a1ee2c98b56089f624,91180,porto alegre,RS
5f794585ed532b5bc3fb53e0a25b56f1,f8b9e4272782335bb786879d4026069b,01422,sao paulo,SP
8101bf533d228dfb0d83efbbcf75df7d,e8c8def5450ce0cd1d3bc4f724aa48c5,82980,curitiba,PR
e0f3079d7a5f0cf9284ff3476dd2672d,53cf88168394be38b3aa9aabf0e11364,14600,sao joaquim da barra,SP
7a31a88e9adffee30ba900e25f51eb77,1a30d100192e3a5ad31164bf0dc90d9a,25870,comendador levy gasparian,RJ
59e42a0f4ed79508f022aca1f2f87e25,630e7d4236d6daef990ce5cced20ad12,05202,sao paulo,SP
39256804b05cde32ac8f5ed003645f6b,0b940c9e78e70637166bf09d0629dca2,02611,sao paulo,SP
c552b308fd0baf657702d0eba4ee3b65,483247a7e4e366070d789c739369f5cb,15053,sao jose do rio preto,SP
c1f4934a2867529428088c9305287625,30e269835796f0c3a4df81efc2ecdb8a,95860,taquari,RS
1c90d2c27dabbe23f3e469b3776499be,49919ff65086c0e6b0d059c96befc234,13309,itu,SP
3260ff8e858a718c0da2fbe6cf28403b,a97c042b3f5c435286cbf868b509a98a,15870,catigua,SP
6107b1307038a1ce0780b1ac1653fceb,444ef91f64035ec08c91762a0144eea4,36016,juiz de fora,MG
204d0477c079846f2a02ee4d0b15e267,8550e6d95d00cbf99526dae086244929,07600,mairipora,SP
d4a41ac59d9d6532649a6eec0e27b7e6,12b520f789d8500b12b821dbba81a5c3,51020,recife,PE
40b4a5ba496a0d550201b2cef9bed5b9,4d4baa8318904ba2e6aa4c939d170877,04941,sao paulo,SP
352ef4ddf555009bf60410fa9b80bc81,b692c48b13766e198a7e69f0be036bfb,19034,presidente prudente,SP
a3404c079e22a0ff2079ae7aaca9fbd1,3afef9e1ed529afc9cb4d1360e8d13fd,74360,goiania,GO
94b0aab2e79d1fba20520b2cef320dc5,134966dc47d2dd9329d09a427c5c6b21,52041,recife,PE
68e39b15a421a9bbc7df0dd39c3a2bff,8d73f2a7154dc80a4dbbf37dfd3d2263,88780,imbituba,SC
630a8c52c651e607568d25a1da038105,f52352802781534d27e044dc93ca9710,96790,barra do ribeiro,RS
776f08a4e825c406004d9e30e2096d17,e3d27297e7073784eb43c4ab3f1288fb,11630,ilhabela,SP
16982a113ebc20e88b9459911012b11f,28da99e178f274876e3052c1740c6c87,18720,paranapanema,SP
c5970e2db96b55db5e00f6df2f4dfe73,f825a8ebdd0b29d03e40c19075c8502a,09895,sao bernardo do campo,SP
63564735564a758d8f7a00dd5ff769a7,44398604748742d719bcc524c9bec731,81825,curitiba,PR
57227045173898a44efa3707ce0d7399,4bbba2a307995c25e9d635cc1a9700d0,11900,registro,SP
057889390a3726625f9f6a3a907df9ba,1c2ab4555681455845e74d0d3062fefc,13043,campinas,SP
69669ffeb8cceacaeba748ae8e50af0b,84361b81a9f8f82a4fca001001442302,13400,piracicaba,SP
2c0a50f85601b8f4dc450e4d824ab203,6d149b1a1273e3be961f6579f979d91e,22793,rio de janeiro,RJ
bccfe06250055c135abf6de08a1b64f4,a5bfa72dd72f6b4a64286ae84022c7e7,13419,piracicaba,SP
12d6c8927ce18ddc37dc9e74ec9dec83,725ac83d391c3bb912446c52f2507295,01406,sao paulo,SP
dd9e4c1eca6003eba8ada3a5b1484563,ccc16e746038bfefb5825bd6d55a6f37,18200,itapetininga,SP
881cde96227ba4ff44f52daa470b497a,a84ef2a637db68d83ae9c3ff6568a923,51111,recife,PE
c7b61613579c9bdffb328c60b8b6c148,8c8bec7ddbe8141f7af8f4b8be692be4,26020,nova iguacu,RJ
0f8fecafd09b11360afb11f83bd0afbe,8f06e4e06ee6805f1b7ec21c78a2fbe8,70293,brasilia,DF
d0019ad7e1264a69c1120123e9f3feef,02c443d096d234acef0e1b00d625daa7,74375,goiania,GO
e4f40bdeaa197235f19f136666ffbaa9,994aad8dfed8763cbc0123b0aed99285,93540,novo hamburgo,RS
9d221cb5b002dc5134af790b0014afb7,88c0873dc8073ec49376fa08e49bac90,70070,brasilia,DF
b2b6a80eb03f1c08201222ebdc059442,507e84b160e854dd263c6ae6fafadce0,41335,salvador,BA
9d4990db1cc3fde3a88bddc0a8d7e548,b46c28c9303dcfee5b1fdcfad41c76a4,12070,taubate,SP
a086fa78ca272b05a6404f91bb04928c,2801e91a3596e4d07f4b73435c12c739,13905,amparo,SP
2798b51a189b8834e9d8d5907659a4bb,b6bf354e3f1ec6dee74be0ca2b9aea61,05319,sao paulo,SP
e118e14ed443bc9e2ea96b5bbe09ab14,69abb2ee87ff90e275add4e8fbf84ca0,38401,uberlandia,MG
71b5cbb958bd657c21d085a0d8d93ed4,368b1c6eaef1672cbb9415f450cfadb4,35160,ipatinga,MG
8d632afbccd84514a99517b239113320,681405a99faf3ac8afc2dc018a3f67bb,36800,carangola,MG
a89cadca9c9e913ed236af9991cfd22d,ff11b38f483df431276354a0215d0435,85010,guarapuava,PR
eba3f6407778bb04d46966a1d80f84b9,323f8f14acb90e50f86f1885b6b53c6d,13219,jundiai,SP
ffa8a2de48bb3fb30f0452c34d3b978d,1479d41bbd302e37d1316c996c1f55ae,38407,uberlandia,MG
78d427634ec98904f8cace487db29329,f8663f86a3c70a3707bb032e51c56f31,50110,recife,PE
468fff96eab377a97c5bcf8f998bf2c2,81f15c3d31946bb70742cd4407307439,35500,divinopolis,MG
ea7becdb889ee3d9418066a63f95871d,a408d11b37d0e58052343c66fa7ff65d,13990,espirito santo do pinhal,SP
7d503fdcb60c50cbd8159964b13654c3,689d5db2a334474069029dfe6c556e1f,18160,salto de pirapora,SP
676dc133e16631c5a4329fa53d7bfe3d,5a864ed43d66c0df7fb841732847b343,78510,itauba,MT
8d00fc5403278a6891ef59df8faf0b76,7354ca4d03d5f8e5f06454d3f4e46380,07044,guarulhos,SP
ef546a9e08a36c4b877691daccbc4304,4aa1f32110cbeb6c40b0c0f368557803,90810,porto alegre,RS
319e3c9ffdbeda213ed5d491e3166502,9c339f12bc8355cffd6dc8ee37e90c5c,88070,florianopolis,SC
bd1a3e41c0ddbd5cf6166db3c1c4bfc8,798f729c0e84364a01e4400f004cb865,02325,sao paulo,SP
814ce562d2427d9ab15fc001a783d2f7,99bd83b8cefdaa2b4b9e24df303999e5,04851,sao paulo,SP
1b68647cee091c5dcf4f7200ba5dd760,9ebb078703bce2d1db28c206d2aae886,59151,parnamirim,RN
c69a08ef1c07bde2bbcab44dce1bd0b6,336e748851ceb9da362d2d5e0b2f4b85,44054,feira de santana,BA
0c5be6b354afcc24ff40642e4538268a,4f44a385b3f93b433eaa7936b1ae045f,13506,rio claro,SP
065faa2d1bb6b297ca28a01d32519efb,cfda48fcb774a1d0a9ad6f7863d74e3d,71015,brasilia,DF
b2378e4329384d595b08676b7d631a48,d3504143c68ade90385518dd26d7ac05,12229,sao jose dos campos,SP
06c6f4eaf3c4f75577aced1da71c244f,5ec139ae8a8a28c349ba778d9f012f9e,24903,marica,RJ
eb1f5775cb6c152c959d5a76a8204baa,4f8cc6471488ecd895f2073b868929dd,27916,macae,RJ
cb9c54b41211784a001abd06fb239c1f,b6f2686c1fd471e313ef86b3fced0f21,02082,sao paulo,SP
da27f48eeb029c62720ef773ab95806c,6903f2c210906ee7731be7bc8360a036,05468,sao paulo,SP
4f7a71f3048222b151b6ae9d4bc15e6b,1d0be6ff723818bb810023b236405017,22795,rio de janeiro,RJ
3cbc10c378a99a32e776a9f5798ddc2e,7bbb72600aeb53240baf8c52b5239758,83503,almirante tamandare,PR
e13f009104ff6db9e8722ff60788a3c7,95f225051e0d3ec011afce7cc422668f,18016,sorocaba,SP
3bd20660108e168d60e24b450d49cdfc,503d30fa21fa8ed00a5d9fafdf669426,04005,sao paulo,SP
ef6b2b4d3dafcaff444be4b56e9edcf8,9361f66eb5cc5b3ae26947ad3363cbd2,97501,uruguaiana,RS
64e2ba6c3e485261327eedd7e735765d,d82138f0faf0c61621fe4148460871f3,03982,sao paulo,SP
2ef489da4e9da946da422e562cd90860,6b145fab208e8a2789163bfece8a42fc,05707,sao paulo,SP
003a75d228dc67cb2918e40c2aacc4bf,2c66c0b1075c04c7f6e113de9e3a89d9,84035,ponta grossa,PR
358f8584c61ba2913efea575fcbbcf53,64eef43fc64eadc40c6c2f3bcda28908,94030,gravatai,RS
81b4ba946ec6aedee06c4cbcdced1842,e0cb4325937c0c62650b445eccdf5912,25953,teresopolis,RJ
cae200229793aeda0a81dd5f40759b88,269f54ac8e3ae6bd6a6b04cd481e6071,11701,praia grande,SP
c059e9c054e8b1d94fc946fa5fe0973f,ea380526efa213bda379c0c3b0f3e0d3,79100,campo grande,MS
d5a4979618ec6fe5b7f120ccb95821c6,b826ee59f1655f2ae8e6d494b87ab2e2,09341,maua,SP
e749ef65bf52337f19fbf21c4b61c53e,cb7106f50549ecd55912065380de8324,08490,sao paulo,SP
29b77c09f86219ff14e66f31852f9b6b,bd26f91b19a11754e2f83d570af96b88,05084,sao paulo,SP
b3b41a1b2f4447baf0ff13137fb8d088,48b3e837aaaef45f7240180c09147441,95680,canela,RS
50a5d464f230e492ff0a2f91340e3312,5d1647e11cd6258045c598fae437387d,37800,guaxupe,MG
9a55894987e54a4047c4bf61210cd35d,0f471888397d821f0110b58b1e693eec,36707,ribeiro junqueira,MG
ffdaff86e5834cb843ada60a745d4222,3b9de7fdd14fc3a254f14c1e28f236e4,12060,taubate,SP
5ad5c913900581e3ebd6c20ba68c5760,c1dee395f06cd4d5e5162385873bfb15,27510,resende,RJ
cba10f2bbe92f7f14a7c042facc2d358,237c54da8ac0f9508bcb961073e9ab1a,13825,holambra,SP
30a24f9ae9b1c9d81ba626ab81dc7e4e,7ea75f24b48b0d129fb3bc47e9510ec5,21240,rio de janeiro,RJ
9ca914c4150b88e8beb5e6b27107326e,2a676b89e64d2a9f55b6e81190cd29f5,58735,teixeira,PB
18e8c826c91f467ecc07f9e1447b8860,ab736d55394003ef6b944de2cfd3de13,83045,sao jose dos pinhais,PR
784218b26424ee2726401c5e73df14d3,9c05287bdc440e6109e6174e2879699f,35190,iapu,MG
615222e0c8a4e524ce32eacd567c1bb9,7a773eaab5f2b50df2816eb00848283a,13070,campinas,SP
629bbe764de5c93b4e09588c9cd13904,10ff87cba5d2038586223d82aa0f0027,28051,campos dos goytacazes,RJ
ec7fb2a79382a4ecec04ada695ca0b57,ea09b32bf96ba057088e140c6bec60da,04911,sao paulo,SP
e779303d9317edc7bce9f584ccaa59e3,c5afdb21fdb0a3e8c4a55742dfe7c644,55700,limoeiro,PE
d2cbd9146c1cee46f887d3731fee7e89,650f7ae068374c90be1549e3b258b886,24315,niteroi,RJ
b1f0a629f39ec410be67ab09638095c4,c8c66a09a6402e1799afa3064a0ade6e,22071,rio de janeiro,RJ
0cecd74a34f636f301b750123dd4dd3c,06a52782a04f0086d16b9c22d0e29438,79826,dourados,MS
e2793697038f61d6ceb3ae89e93d0dab,81d28d6f543e444ae5d57bab7fe69d32,81630,curitiba,PR
999e3c7a67f519385382c467f76c5393,6a53109a98162e696df52f83d20a2c03,83060,sao jose dos pinhais,PR
3c8863310a791b2426da5c04de18e70c,49dae64c051e825501a36b1765f893ac,93330,novo hamburgo,RS
39627b5018f045c6237bd64635234d65,2fe85096af3a84e576d8cbd30e32bbf4,27255,volta redonda,RJ
6b133c9c523952f6b66bed7cc86b3db6,b8e747dc04b312915b987395c843dc82,25060,duque de caxias,RJ
f70caac357fd937a7c229b019eec9110,d014f51b7dd542baedb3b0699a2a53ba,02515,sao paulo,SP
b56bc2668907de41b2e651b6d9e7a36d,fbacf55907cfeeab0f1cb05ac31c429e,02372,sao paulo,SP
cc9ff086a2bd5f8a324fce11bcd7055a,552f4c68fcae04382aef330ece516f4e,28610,nova friburgo,RJ
a43dbb1bf6bf0370736768de1e7210a8,c3ecd543e25337bbc4396de872d8c333,14025,ribeirao preto,SP
a3841b3e4a14793967fb8b112db2c81e,3b0745c48a097ed671e15d6172db3c58,14160,sertaozinho,SP
3c90bb0fba16e889f898e2da1df5fb32,95206211b1daa20267e50fdd46555802,78643,querencia,MT
0323c00b72fc475ff52ece9884f47b42,b9cbbf60909f0c9cf6c6da8ba451b6bf,18740,taquarituba,SP
a5efc13305474c8a533b4222cb176d4f,0710e0c85fe7cb494d624e0863782e46,46650,barra da estiva,BA
ca6daade283e024f6638daaef1dcb5fe,ddfd8ae362d7f783fbbbf4a4d0b2c0ad,55032,caruaru,PE
67183b1b66db8358614f86d20c62294f,4a9371a7a620ff0a9d2edb76f90ac26f,13504,rio claro,SP
197a2a6a77da93f678ea0d379f21da0a,6ba987d564bad1f9da8e14b9d3b71c8f,08042,sao paulo,SP
af67b2b2d0c9bf64c5337d46fcacaa00,a00e1d460f1901194e1db1ec8abaebcf,04552,sao paulo,SP
2bd2bb24b32d017bb23235299984f0b7,9579583ea574e24b89b5585666fa0e2e,11075,santos,SP
f08339cfb2ba529657df3cbd1d94e895,ec60b148601d9e3276b8d6b4b3425e33,29143,cariacica,ES
9670f4d666e901ffcd28269d0096d000,6fcd50e12046b301e483777bcfbdf964,27972,macae,RJ
338ceb7a4e121b2cf002f41b325d76d4,88945f497a68b0df94f5384be8b3e5ef,12460,campos do jordao,SP
2a51c71933c7ab32a41cf66b2c797882,fbc317241aa884a4ddbc83dea4f481ca,89520,curitibanos,SC
ab1164a1a23cff7f1638eaa9585ca518,dd49b43b7c5dc2dba635edf62e8feca8,59064,natal,RN
a7c6653654e36720ded54cb3f92432a3,fe81bb32c243a86b2f86fbf053fe6140,01453,sao paulo,SP
f5d9b89ce7c2abbca426c36ae04e613d,520c218945cca2a6218aa55dd0886b0f,35700,sete lagoas,MG
309f516c4449dbadf7ebaa01e00bbed3,3e93e73cdacdde61472f583e51cf2374,04361,sao paulo,SP
e424f099ba16554747def169a15b2b4f,4623e25513fd0f0b829ab393b98e08fd,83560,itaperucu,PR
90e8a15802c871cf927f0b4ce81e0947,30c5afe4a2db74f859bba633686399f1,11075,santos,SP
a85c4ce1598da0a210287d8af78326f8,7b086205e0980572490b511b015d82b7,09581,sao caetano do sul,SP
dee57da8651049f63370bb487fed6615,cf54a1aa8d1c6a5c89a1e006503fe3b4,36570,vicosa,MG
8a6d71ee4abd5374542ced36a5c53e40,4ca9b63a52fb1557ae6877c4129a8bb9,71680,brasilia,DF
51dcfe10205819fd2d3294782a1065cc,28cbc0c01e29398e9a2114221ee8d25a,05577,sao paulo,SP
4b2ef9e978a3fb2cf7ea6ca5f7792dd9,b48c5a138371da90badcbc94338b2afa,45615,buerarema,BA
b49bc6198b41271f01eb19d926735803,e61c0875b9c2aad711c8faeab36c7a21,07044,guarulhos,SP
4296db81df225793d5229d71e003ae39,9e3cc1906aa2db29c30aecb2d642a41d,91320,porto alegre,RS
6164f45c309a294c6835a4c8dd5ab0a4,ad6780efb9500f433294fb26028a2477,57720,pindoba,AL
e2a24090f81ea85d218b542924f6b753,c9078918b2b196cb006c38e256c0ebd7,04581,sao paulo,SP
8f02b2e57bef69fcfb71e63b5246c62b,0e477943b7bf8f1c61e86a17f1caaece,31530,belo horizonte,MG
2d90e35c08e9844be3e33d7be88d5d7b,bfc84496b1100cbbd83a6f8087526168,03585,sao paulo,SP
83f3fbb00f10d67c1a2a0173c6b49b23,149dbdb469dfff54f9927c31d44363dd,63050,juazeiro do norte,CE
022f4d871399246624c353f06712cb75,5666d6c780d86bdc41dbbd57783d0f49,18134,sao roque,SP
75601f6db2d74a6760995934349dd9b3,dd8f744bb19aa7cca564c0cdff9141c4,35181,timoteo,MG
e7e6da2ddce69ab0bf01d7ed4dbd0856,b6b2c3c8fd76769b478618a3c2505009,80030,curitiba,PR
92bb62cc05b986e591f8c0c3dc76f844,2b36582948057afaf22d40843b540cf1,08225,sao paulo,SP
bb8bd97c39739129411746c4ca7c754f,990302c82284e848fd5985e4f0c917ad,07114,guarulhos,SP
7083d00488ab9bbc6d8791c7a6858692,f3e7c76af882dada4f25a26ebd82af7e,85012,guarapuava,PR
c3794a4836b0f1f979c4c6916f500abc,720d9ddb844db4c54e3f36252844ba22,08031,sao paulo,SP
0e452884350c12f7a85429773c5b6472,3f96ec9fd3b78b09de19e97f366189c1,68537,canaa dos carajas,PA
9da570dd0f573074ad3458b7ba281a62,b24333c20b1082ee734cd5c25c2991b4,37704,pocos de caldas,MG
090714c98b63c1520d2e5150bf6c4f5c,9ed172a6d7193653699555d95b34ea91,27274,volta redonda,RJ
f34e32b8604090d1c2a7f3b04c834807,785a8a410d6fc9661d66f7218a87229d,69900,rio branco,AC
6316ea86c8694f41021cfe91287144b2,98e412e3a2ba56fe1f1290be3d5c7144,50010,recife,PE
41b73e4199c7fb14607fb96d55cfbd8f,8010e45d033ddc3d9ceeaf0c1b9b9b16,13052,campinas,SP
a854caf1b1cc61e8c864be51d1e4338a,b49c6054a90ec037a2a818566c8bb909,57220,feliz deserto,AL
71e4f35b8320ed3493a88df6af9f6651,2b100d3737ff053e5003640064ee6ad8,30570,belo horizonte,MG
be55f2be3c967a6b77b75158d8d6260d,61e20081e2cdb77bcf311d438c3528a6,35447,barra longa,MG
3974a6bc5940a75b412517171f7b3255,b4f8412ed6aa9aa7a396c1740421ed5b,16013,aracatuba,SP
f2a5ed507918ca3ac831b7d38590141f,54d0581e27042d4f305886d5469fc635,69919,rio branco,AC
5509b11339d759e867ea2dfb58075def,64a0c655ad06c17b74fba89554a17d98,58027,joao pessoa,PB
d3a2623a3fa9bc2041ea7b6aae6789bc,2cc77e01e4bbfd980f5c6728b16abfff,93600,estancia velha,RS
822a469c601a7639db315155a642410d,0cba50542577373c3715ebc396f759b1,01548,sao paulo,SP
3052550ac063656f49a00f2f6a177a4e,b11d1683fcfdef46a2130606418c7116,89520,curitibanos,SC
035702d60604fde0df3e3d975fcc3aa2,7f8112eefdcd5f49770d46f5b140445d,09831,sao bernardo do campo,SP
bb837c97a08ecdabcf131bfd33098c27,2910d75e440fa3665195c16cefeb5618,13825,holambra,SP
5e5a06b0ae9a6725d60e2f59f4bb4a90,745601331a6ee2e18ade3bce1eb1228d,30320,belo horizonte,MG
b2cbce849410403be11de7f51dc04ac0,7bf5c9596fc39d41078cb46a86b23831,22260,rio de janeiro,RJ
9c3fb1109b44bd639e335faff15da8b4,9dc8677aad8c73d78a4193d99d056e72,64800,floriano,PI
8b4639324f4de248b5196a893aaad0eb,221492f5b34169eb3973e16b81f59b26,58038,joao pessoa,PB
0ab3d6b4dbec9970125fb421e7d69f75,36e3f35b8c181c500cef1d51c6a43d11,20540,rio de janeiro,RJ
5b547dd68c1218f594ed1c26bea5d0fa,af28edb107ee446a0bcd79b2b199b996,95180,farroupilha,RS
ed12242ad54c1e72af61e6f7faa4ef09,263baeebdd1d811cb0c3496c1de697e6,11340,sao vicente,SP
1661d19b3ecbfcabf7d551f2d0ad2733,7c0e4a6359c6ff5cd0384f461562c59b,20050,rio de janeiro,RJ
5ef2d0d20efcd63c0d0af8b7bd1fe3c0,80595d3bad09de090bc650cda167cb33,86925,borrazopolis,PR
348e683217ee0e2946f846ba75105e62,08757efd409ffae44fa531f49b144b2c,08450,sao paulo,SP
35fd70b44c6c7abfd28a469e9a85f0cd,0c2c1b3fc4d9f572b89df735dc57bce4,06717,cotia,SP
a5870c43e5dc9630238f6e1af26c5b3a,5ff9e64f6be73f43f62bc8ad827bcc25,18900,santa cruz do rio pardo,SP
dd9e67da549dc5e972c31efc37cede6b,ea7aaabcca90bd3be893efc30babd138,35790,curvelo,MG
752ce9de228d0aa05ded6c88c1b176df,160323ca3c6c7ff39742d1a949ff2df6,21931,rio de janeiro,RJ
ff6f39a2a4be2c5fe2e1f334a984361c,0c7b7ce4f8dc862f259a4eb3298d46d0,21910,rio de janeiro,RJ
7882d91898341a59ddd07cc20b613d40,1762922315d21b4fd5205f8f9c0676fb,85410,nova aurora,PR
a311ee3ace919e91f7bfe39b98976f57,8aa3d3adeb6cd2fb1419a3b60166eedf,16370,promissao,SP
12fd551b8fcfa9432c62a084ffb4a34b,f7a61703fc84ca6a1ff7438a7ae26758,04913,sao paulo,SP
c6ad98f73419be6655a1f88f97e8c5d2,e75ed76f494fbab8e9383b40c1a75d6a,79090,campo grande,MS
1a44c1aae0f913d13800d568e453dc64,43d1016933affbeab125de3eb876ed27,11609,sao sebastiao,SP
7f6dac815cfedce002223f96e81506ca,3afc35abd693ca1d18989f0165776d5d,16300,penapolis,SP
d2f49302a19fe5eb90d76e10870e334b,463ee5171d66178b9eb84bd05294840d,78780,alto araguaia,MT
16322e237a07158592862b5d6d91642d,ed42ccde391485cde5b0699b84b5c070,04515,sao paulo,SP
0ccb4c74c8bb23990e7430fa72df436e,45cabbb00b49a581e07756f58b367642,11676,caraguatatuba,SP
2d5c7d1250eefd0b786eaefdeaba91bd,79d38893c966642b3c3ff1fe02d76552,80050,curitiba,PR
5f0fdca1383e271d2ba9daae64f119e2,b971e07b7b4fe82479905d2e6a137814,37997,claraval,MG
9aa2c4bac83761140a8703ebdf9e49bd,949921a7831eb8901f75baf57d1853bf,07174,guarulhos,SP
48898c590cea82870dd37261da197a08,b69f9ad29b1302bb2378999ea4fd7352,04102,sao paulo,SP
f225771a2f46c4efd6ab6967f5c23070,7e43696e1ae594af82dd11f481dc232e,97070,santa maria,RS
8787ba68a8789a9f9e2491e011573d10,80afb728b839222d372e52f2ad23f731,04138,sao paulo,SP
dbf67ffbea0a80040ea2b6cde14ea06f,e1aee958411b38ccf9fe3b9334dfedb6,91220,porto alegre,RS
ced1e88369d78a9ed35b69777a7a1008,6b8ae10a3b04e5828f3ca481565e2317,05408,sao paulo,SP
62805c7202ebae4415d403475af64b12,070864e2a7406d03f7071e27dd46d21e,07793,cajamar,SP
b6623d5bf68c77aaaa0033d082ef2e96,598219425972fccc56733fc7919793a6,96200,rio grande,RS
194022ce695cffb81d8a6aea3c050fbf,c9a9bc3271d78f39fe16405e17aa36bd,58135,esperanca,PB
6449320114e2ba8f64ab1c0481b0a60b,06171ada9d20ee81d698c39fddf04264,13219,jundiai,SP
2cb5c5492e971898f891f51efdf57042,ff88dcb0fdf8854d0eadfa10ea548aa2,68798,santa barbara do para,PA
3c5d9be5e99aa56b2b5b0c9d4a2072ef,0a49071dae14394fdacf99fdda9dedb4,26030,nova iguacu,RJ
0ec7fc82a014f62c13bf934aa074185d,f7f66c1c5d97e5e51a60423cdaa4254c,18046,sorocaba,SP
17f569b832ebe61b0af0d5005f5fd6f7,5516a01cd9074eebb614c48d6fcac88a,78285,sao jose dos quatro marcos,MT
c09557607b4707656905142f3e80c1be,8d0e4982b1986eb1d5953cde05580a37,57046,maceio,AL
1e08f7d9d8d9ed7ddbfaa122a1a86b61,d2c4c472beca80e05876a243c56a2bae,14110,bonfim paulista,SP
d004cba3f9bec60369b26eed8b97d594,6491c7db55287e7f4e3ab56919742153,38408,uberlandia,MG
887a7f0cf91952bc799bc7a555262389,ef42d0634eedeca8960208b282f1c6fe,03572,sao paulo,SP
e2777962242ff48994c639668573a8ab,4632e6cd7606a309d6c2c02671dd3b0e,35770,caetanopolis,MG
ad7c772f08c612130e912d8055a3e636,c3941f00544eb66f8a36472a2fcd00ef,09060,santo andre,SP
c289a8b97cf8f2002294264da18523aa,3ad1b2ca0afbff16e86276e107bd0b10,98920,horizontina,RS
75bd6136ed4f7970c0d1ce767102fd7b,73ab295c673249d521d8cb4ade92682c,74367,goiania,GO
fe15baa89a27d9486370adc29d11983a,8b9d39691aea5534157f8cbdd46bf404,38500,monte carmelo,MG
35b3a6efcd9d3b5c26ffc5267711d101,6d884f62681147d301bb0517fb0c50e2,30130,belo horizonte,MG
f802cd630bf91e3ac28c73f26e1a9f94,7a88128cf4f06d5ee259d5f410ffdd19,28500,cantagalo,RJ
35b1a3161577151979b495f826641469,47911c12fe5b77683f7cb593c027c479,05212,sao paulo,SP
9b8ea202f406114ad504c7a3147cffd4,7c30e0700f372e000e2d6c0672ff0fdf,11025,santos,SP
2323671c2d6713135f3ac686457b04d4,e54013f22b11ceeaa5ee9a0d51076047,37505,itajuba,MG
8d4ec82c5c44cbe0d410ea9fc01c1060,980d5cf1712cfdb0b336e4a1244dbcba,13630,pirassununga,SP
4d1bb9a4d16191ced3d0d1c473ccbc97,e271fa40aa8fea4e0f304b3768b65d6a,03069,sao paulo,SP
890a87ab82ebd8875ee62996b9c6f067,1a8ecc893934298c06d6a0c425edce64,78255,jauru,MT
48e0af4eb65ad95cd0f6235295d56b74,d38f1d8959db62f6ac6b940b6639ba64,80620,curitiba,PR
7a95bccde135bf0facd1744d129d19a4,dc64886bb8a17fdcc594cab6ceac092b,13903,amparo,SP
63f67968b5526d5ba25ad48e9e487873,6226735364f81ba783e917c9b4b941f7,86770,santa fe,PR
aaeab2e85bf09f0054194d80783a4cbc,54b6018925eb8978e66b7afe03853e87,09260,santo andre,SP
5ed9935669cb1a6a81a20282f48a5ce6,1ed1f7f1679bee0089061c9db1bd783a,02306,sao paulo,SP
75321717fe3af2a3148090d18c699f9d,be83d747a325c0b259b6717700622e36,55158,belo jardim,PE
c450725dd74fe776455b35682c2544dc,dfd3ea7867213f5cb78aedcac86b8fd7,12917,braganca paulista,SP
8d04d2021a6a3e1e48b0c6ce1c6bdacf,af598bb6b0f5cdc1ef888ed8059f764e,06780,taboao da serra,SP
2446493153fbd0d91d59db97bd08daf3,b4550db0dd0acc01ee218ec3aef8ffea,11045,santos,SP
b4540c2dc69a6c13c4e5d921a1d3c0af,b25d1e7fe5bd10c28191ec8b2b6d374b,90050,porto alegre,RS
3174268a8b7e3f6eca7629f077ce08ca,b66611b74047f43bcabe8262694b1c59,29450,apiaca,ES
b1cd5fb9df0c995339f00947da09aa8c,cc30806e46501a4ee6f39db712313142,74333,goiania,GO
074ed25364c115f9e35c10d260b87780,f00c99264fb9ffc45921e4d276e0da00,88063,florianopolis,SC
04eafb40a16989307464f27f1fed8907,d0b9a20f4efe329f146c1954fb3fb019,88380,balneario picarras,SC
ab8f0f8aebb8b6b7369a7aee659fdcb1,ddaf2f63748bd1251f364fb511cf6fe4,96083,pelotas,RS
e24936459392dc2e3f09cfacc083fbfe,978b2c4adaf76833873cf3f16c08882a,11025,santos,SP
7dd79bd17d2be396ffdaabb3244e4213,afe9cdc000a97004ac5e560d40c4ce6a,79009,campo grande,MS
a0b55aa995eb0a19a2b9279fa4bddf68,56ebc4d93c2221f75b8463737f8cc7d2,03726,sao paulo,SP
0db2a08a5e01142f41c443c3cead862c,e8a89cb5ce83d81147477839ecdf00a3,13460,nova odessa,SP
43eabd043baaab5f73193fae5eae4af9,2250f262fc767f785309548438ace190,63500,iguatu,CE
9350fd9c2e40200b1651587dfe717a95,d9eb6dd0bcaf27e1ae1dd8dea0c3c0a5,35171,coronel fabriciano,MG
868c8d7f05eb9513ff234b3bf243f073,26b6cdb1528246ada071a629dac5fee1,31910,belo horizonte,MG
7ea1796cd1883cc423df9b9a5483db94,ba8fc10a6f9dfeac29f4e92e7e9ee833,05857,sao paulo,SP
4aa4b0bc224d904c78b9416cf90bc686,9d215ac353daeef73aee872460338e3e,41345,salvador,BA
2109b137face1d5d20a2517cac0f284e,5a99c21d6cfa38e2d98690b4d8fd9584,11030,santos,SP
0a3bc6054705cbcbc069154c83ab3df4,3b880d16945e9d8fca79af632c433ced,26562,mesquita,RJ
91a40cc40254f748df9028c2cfce3e69,7ac1053db56152bf433d6249602a69de,38400,uberlandia,MG
0eff840a67ceab65fe61ccffdb12e3f3,8523dbf8d5d81b9b1e723c2a7631a9a4,13843,mogi-guacu,SP
b692fb160782271845b7c858cbd9c1df,46a3729194f6f9d113c57f7f87bb89d9,06766,taboao da serra,SP
46a7d2bbdb489fd43bf82d7a5e6114db,6ad2d388e636f671af18d5937bb146b8,22715,rio de janeiro,RJ
b7fc8e04ed80320673fef972447e3551,7e5aba6beeb48db16a709208fe83a312,04087,sao paulo,SP
3c27fa120474684a56b31d04e55b7bcb,bcdd861afc9de5f6ed2cd79055522336,94950,cachoeirinha,RS
cb85674de3108f718d4b6b608ee2f0da,bb85b098c288f4b18c0c014e85e0c93e,38408,uberlandia,MG
bf814c71e0db62efbaa06968cc9c6763,b533f9ea6bc2a0fa5ed31e37155a3ea1,84400,prudentopolis,PR
7a963c3034d1ada261ac346c56843264,3e22b56a93b927838bf912d4a7a218bc,36420,ouro branco,MG
4ddab76c82c365030cacb12a8e953dc4,e45db642e7d86b11ad9991a32a961032,24710,sao goncalo,RJ
49fbaec7f8c365d12595c7b6cb6db285,0a1cc18f6cc79796094e6ebae4ff4f62,39670,itamarandiba,MG
9194b81f653a21ddac05211e071c9d7f,6505382a6c43c538aba29d966f31e175,13273,valinhos,SP
0f16a3bf59027a68aaea6d31286e28b5,059fa076fac3b456fd6592d4f7142b9e,22743,rio de janeiro,RJ
1f7c9b36c4bfd9aa8a08226240efc406,5a257ff7c89ca232969c9ab7ca083f48,24451,sao goncalo,RJ
f9dddb829b92d4226e458efff3c49047,1db5a4cac90b737fdbb54364c96a4cd0,30840,belo horizonte,MG
39b0cdba89a7af6e2fbd09107e21a69a,855b8c3196705a9f1d8b459103d7f97c,13160,artur nogueira,SP
8310ed73d01e240966ac0b8127bc68b9,dbbeccb05223aeb715c459c496258f4e,45848,itabela,BA
589a6c40ceea171e948f150c1d4c498e,90b91ff6c02bfa1b06450addfc9e4bff,13308,itu,SP
8bca3a85b44a76353af3b18cffb13b2b,e375ec312dc8f13ae8424527ca2397d8,69312,boa vista,RR
4b2c763f9ab82adb060b50e0db39846e,bcc9b7f2405bb685ba307f82623af694,02242,sao paulo,SP
b9d52ad17ca3a9b3a1b97f8ca19ad4a1,0096c9cb600a08e601f7c2be6734531a,07417,aruja,SP
482da0f3d74585e56f424bacb4d3741c,041caba6a63ace5818387698ea85cdb2,07050,guarulhos,SP
ab6c885fe5639e705ab6ad8237e88c96,2f118e666b41b76a61d8cdbbc19f7735,16210,bilac,SP
4b353a0617c3d6d44a3b134843fb6414,02248d5e7ec365ab4fe76975be1449a6,12321,jacarei,SP
f78e8d1d24e5a4f1b1219e6ae1416aca,0cbcf91ef2dd6dfcce9ee63c8772dc97,08140,sao paulo,SP
ef1a418be86c78a53772a03837ca33e0,a094a6c432a9738d5b69481a80347458,12241,sao jose dos campos,SP
eab8d39b5241abcb22eebeca69547491,585eb4f23058fdf743cacc442469e263,04081,sao paulo,SP
477497012d509132e418c5ec5e69d109,df001020819b71231acfa0791136320f,17526,marilia,SP
aa71b21388b99444414a772acde9f6aa,a84aedfb37c3efee9824a9d9362a9e65,37800,guaxupe,MG
6a19aac11f8b7b0541420cfd0b4bd3a5,d1981eeaa8c24e4bd6fc72c5b8edbc80,20541,rio de janeiro,RJ
31d3512e7bed81e370160150fa1b0235,aa6136c2c6f68032e96438b83be84056,96071,pelotas,RS
acd6861e100c050c81cbb4bdadc416a0,135aeeb265211eaab86614a666b6da98,06700,cotia,SP
8771de6e9f494e14aae9646f2a348fbe,820baf6643ab8d7743ec78b4f7c72f33,71939,brasilia,DF
0c3c9fbd68d650006c7eef90d8d1f37c,ec80353a38ff10fe2b7bdf17101093d1,65110,sao jose de ribamar,MA
136dbac56cabaf131db79d6032ade0c2,97b408a555f76002001e4f673f6fe8c0,37902,passos,MG
248d1931b65b96ec2f5c89fa83111862,93e6766a936c1c64bd4bc1fbab0b3db8,12609,lorena,SP
d3588db32cf2e767d97e157a9b9a753b,a965a10f2becee90e286f026cbce4dac,06023,osasco,SP
a0e5d53655b9f400cffca490636e2fb6,4929827e4a14baad89f74cc64b9c1341,07260,guarulhos,SP
8943a36516635e4916eb25668432071e,7b2f661532726780d00fa5288d857219,52170,recife,PE
134a1bdf2deb906cf9e47363d42a8ff5,cdd45fb154adbdf5d21bd65edeb2976f,66087,belem,PA
99411e9599f8b7a90f2a362b874b66ca,aaa0fa0d6f239f72e8067326c6a134fa,96360,pedro osorio,RS
d147a2516941f9b1fa511da01902a86b,b285b91655e36b0a7a42a791af572c15,61932,maracanau,CE
b8e0eaf8dc01916ba959fcd6f786791e,a2b5cee68ef8dabc2e76c5136fba7cfe,09341,maua,SP
6d3daf88dad3c59f48f9ec367fc43a78,7d23ca9b9d5f41298ec3ccbb2ff637d8,74810,goiania,GO
8216dbb58369d7e43239401a4a9e4f0b,cf9e80827ab4c21f3ec735ef8b3ca263,40470,salvador,BA
259e07ebcf2a6be5fcd98f01099eb7f4,79a7807093e30526f4087b6f11eded81,18132,sao roque,SP
bf5fb5962bc4f22122214e62fa266098,323ff9fd6b4a3edcdf3039e1fb213eb6,76400,uruacu,GO
74d841cb5ec776ad34ebc824ad9906ce,de0fcbf13e92c68080d909e87da3b510,04517,sao paulo,SP
fce71f731eee55cf8aa62f8fcd6c43bd,eb35b5ff8f4bf6de268f9d338fccf0fb,27197,pinheiral,RJ
91739a15398e9d413c09e118fa63cd00,fbb000a7e40ca66c11582e563fade962,03817,sao paulo,SP
018c9981e6704cf8fff79db3332a12f7,ff01a1330fa29f94b4d69e4259f6f3e2,24934,marica,RJ
f07aa6675ef85cbacaafe5ffc8e17f8c,757bad2b90b64c441cbc7c9e9a1cc421,03728,sao paulo,SP
7ca3b9ef13b93f0aeea91fc136aa9d18,f4cd22c5af30233740964d7aad3efee3,64490,regeneracao,PI
f08306b95370e8d5f0d97b71229284b6,f140f377d666848e3712b51a2734d120,87013,maringa,PR
a20aec4e64fc5b7ae68c9648c147a324,4bb711b39caba79bf164ff9cf467880b,95170,farroupilha,RS
d33885da5770ce864e8c39b0e8e5dcd6,f2acee9c80354f580f8e28fbd2f5abec,88015,florianopolis,SC
9242bfaac795e3df1a0ed8105dd3fd86,95f6791a1ec23d95cd3a3103aa63b2f0,02992,sao paulo,SP
8963214440da51e55f9662749ddb81c7,dc93a795711b06b177aba91bddb79be8,04530,sao paulo,SP
8d728722e525d9c57d445ac0b8aab301,26496794f5aacd2ca15912eb6decd217,60822,fortaleza,CE
70d5b566fed999d6368bff3a8da63e56,9dbe75b8fae867304de2035d63f6f62f,88330,balneario camboriu,SC
65e486b530298fa033cc7dc5cf3e6fb1,b162b6f50e3bf0e06cf147e30b2209ce,34800,caete,MG
f439a62be9d46893925dc9c101e2b80a,9ce6ae078350732e8632e29fcf2db082,08245,sao paulo,SP
af1f25102280108074d2a310ffe4bd1e,d8914408a1f960155489582d080bb52a,21941,rio de janeiro,RJ
0351668263fb4722095bb1db517004f0,9bb8248ea4f097bd7420bbcce016840e,37704,pocos de caldas,MG
f4dd96cb420c457ddfe5059609035b9f,881b414b317ce75bddc5d2a8167da37f,09015,santo andre,SP
35c8b0889f907434cf3cc776569ba7e2,52efcb176610d4fb077f11a8703f5443,23030,rio de janeiro,RJ
1936a22b0b2f39a03bf3fc96bf6b8fcd,1077b81a9864eda12e553f91e27a6f1f,27274,volta redonda,RJ
f19491cb3a8be9c839adf9b302da4076,d1bc2e7c514ea94310b532b08a24c892,37165,campo do meio,MG
c57e8c7a4bcef288ef247e0641416bee,1c63862deab8439f00d7a269b42a5a97,36301,sao joao del rei,MG
e6524d179f40e399f0b96daff7c66e34,c89bf34fc80645a368b02f697356c141,13905,amparo,SP
f943587b68f16e53870a00ce97931e54,072f2800542357c2e5b662518a319c25,18460,itarare,SP
4b4e11c84fed713098490bfed5839f33,28f1b1ef2a53e1e27904a5dc9f6d5e7b,24342,niteroi,RJ
f80fc8c638c8616af8789ae5e751ff13,aef1ae2be9b88cd849660049539ac801,74843,goiania,GO
a3dff9a630a63b528b2fbed1bc448fbe,1b4a29b662a69713ac6501b2877602ca,01508,sao paulo,SP
29631b630037329464b18f738028aa02,4a49477d780d1c894cc32a0075f2d8a9,23575,rio de janeiro,RJ
7bb3c8543858843a15bcb87b0926e0dc,4f6eb3ed7e15c93c03dd46af4299801c,89036,blumenau,SC
cc3848d804d534ed7492ed16935f2cac,462688d928e54e7304bf33065613bbdb,13420,piracicaba,SP
8c847a3d8d8f7b7fde182ad0f4857b83,9a1ab866d950aa4cb024750c183b5d15,06317,carapicuiba,SP
9d8630f8610246a55ea552bfabc443ae,ef611df19e9c9de4f90fadd632473c50,14600,sao joaquim da barra,SP
13f36458253f2a3f64986d7f918df945,d3bf3986a2abdb37cd39d13f62b134de,88015,florianopolis,SC
6c24d5af84017a7f107d5339f00e25e3,1f7fccff258c4c642f0cc302fc49e592,02279,sao paulo,SP
1cff04e5f7309d1e3439088588d45794,95fc0e6f6939f521e44a588ff18eacb9,12960,nazare paulista,SP
ef1ed1347404166e73e8f3977ffcbca0,21effa61d72771ba8315ab56ce7fb7ac,03807,sao paulo,SP
1df2f2f697518a767cd4db5023bfb241,2171c5c7c1fd7429ccca74054e7d3cb3,13330,indaiatuba,SP
7bdb98610c7d1bcb98046b29d8ee2f67,a92605ec492805540520d3a73aaeeb6e,91350,porto alegre,RS
6a8f9fcd9f9fa3a59d9813fefaff6a44,c207c1d4888e8931dc9a70d17700714c,04747,sao paulo,SP
684df909d5291739f7da3c9d991680d4,9ca2a14f0722294f9fcee61185904820,28180,cardoso moreira,RJ
5845a9b62ccc752c9fdfd407511f79c8,e5f013dc763f4b96b9618a9dc2ca636c,29057,vitoria,ES
86cc0af6acddf198ff26add9318add1d,9bffb252d8d222cbc853b4f36773d42d,13920,pedreira,SP
5fab3587c62eb407975fa62dc9f9559d,2280fe5969608d9e69005f011ce7dc5f,36036,juiz de fora,MG
afd30cfb38a43959c5e6eb496446bc6d,681b21ae86592e7aedfce424ddbe86a0,58038,joao pessoa,PB
f2c27ef5248a5235d79ed601b5840a50,36a352838395c11da3e1c6990c0328a8,88132,palhoca,SC
0fe5a97d856c6e12e88270cd49d08b2a,565bb6799d52aa72690c24fe85231598,23550,rio de janeiro,RJ
b3e091c31147aa119a2679a245a4fd9f,1c21a64d75f6dd1bfe6208d209317dce,20040,rio de janeiro,RJ
88127bd777dd3e53ec9a97bfefbb9954,e345f64f7ac1f647ddda5d0adc85e745,22290,rio de janeiro,RJ
e02f5d3db6a97933d8d9a4dfc6a69ea4,a28f925403b733be252893d297ffcd69,63030,juazeiro do norte,CE
6376861fae7d317b580afe9fd232f707,d14e1e166fb16cddd134d643c1b5d1bd,30190,belo horizonte,MG
107a43f9c1860b4116fbf0519f888c3c,de6d0cc54acbe9c1a7d7967e29fbb899,68741,castanhal,PA
0f4fa1eb4a17044d57731292c86838fd,abb63d37cf15e36bbade3c9a0a3b8e18,28030,campos dos goytacazes,RJ
d350a613608b1daf059e9ecf45d0aa54,53e9c392877777b537c258b8bc281845,11705,praia grande,SP
a7ef64352fb7fdebc2f7a65c0ad75325,30d2d6693d77801c2bcdfafbba202462,28908,cabo frio,RJ
01c9d951957a4e8c098d7ba50e8a3f9c,38019b1f69a4650e3a47d014d3e7ef12,02082,sao paulo,SP
44a838eb7c573fe810820c3f440bf4f0,61c67ca191fb209bf1313682f850123f,20040,rio de janeiro,RJ
8f8bb707c5803bbdf5c57fb926b79156,69e153a22aec26236b01d02d97406801,41217,salvador,BA
e6373b38f5b4317a6754f63bcb8c6509,f0df1b5072b713a0140e2713e9b0b5e4,82530,curitiba,PR
55345989bcd31ff1780e6b2365bcf078,3c6a129878a1d2276b8ba85df461d8dc,35660,para de minas,MG
a798f977cebe547066d7d5beea1b4268,b92895d3c630f73c328d30c92c21677e,09852,sao bernardo do campo,SP
ea96be5147863f2b3ae58b00983a6d09,71a92c4502fc684eb2d5dfde66931cf4,18290,buri,SP
2f10dc6ea31f47d7ce69dcc713ca6e07,ffbcd1715dfbead64e1b896044d73c76,09761,sao bernardo do campo,SP
0c51809f15295468c70058026d64a711,72117da49c65cc26df0bb7246a4c16af,14403,franca,SP
bc6b9c888681765f177cacee35b6157d,6a326f2cc3adfd1a93e2e033530c653a,95044,caxias do sul,RS
6767bbfe747b0ea4c29acafe65ced23f,a50e4381387b52fc0e4f6ca4e0b8c7f6,22743,rio de janeiro,RJ
cb1a900268da8bd68454273b2ddddf4e,f84091bcef4578cc81f75b3a3149ce76,13800,mogi mirim,SP
5499897b58c3ec629f6e695d644177aa,8de0e4a912103b23048a17d20767c2b1,93212,sapucaia do sul,RS
5ee4cc1b4dedc9348f723426dc534c3f,0d9532b1b41cbde24cff07c7b76a89e5,82940,curitiba,PR
e91dcb655cec02c3277a5c66bac74e04,33a8e758256b78d3cfffc86c2245c8e4,13607,araras,SP
3cebb5418614be0993ffaab8fd88b066,e55d96f088e39aebedb3e743aca6d313,33400,lagoa santa,MG
824841f5112b77c04e832f5a46c2d733,903da68ad12a13ea58f14a292c0c50c6,12320,jacarei,SP
16c76d3580c1549d2415b039b962ffee,839aeb4091438508f25004314b33cdae,13085,campinas,SP
6e82a7813cfd686eca3f3d7ce6705d62,ba67519b222a6e58df751e01586e84ea,38400,uberlandia,MG
31f96a7faffd537b8ceef28d305cd375,80b6a368bb78dea2539249804957a779,14780,barretos,SP
4a63a260154fea565815aa2eace75155,22bb5f27e6defb0d50a0cf5162891129,88036,florianopolis,SC
a960ce8d18bec9e2d50a9b2a930515ff,386afcd4a65f713fd2f292a7a9fc45ef,63113,crato,CE
e2dc5811df11785799b8d6f1cf883f78,9a200825c9446733d069a82b7f5047d4,91030,porto alegre,RS
fbd922e9f5bf7801d5158eca21b27c26,e292ce879d657c57ba04028dda21fba9,48905,juazeiro,BA
c0cdc356a67598956b73ccce36edc86f,473ee5a301fe8ca129bc93d5eb7c8bf6,81460,curitiba,PR
5d2ecc47dc9030d919de8dda2bbc3a97,e945bd6ead612da3f86f3a6ca06543e0,09290,santo andre,SP
ed3a94d132e06f96fa99c1f1640496db,b632c70b9c2c062dfacbad69e08f6563,62900,russas,CE
fa15e89eb4e9dd71dc106178ecbbeb15,dd8e2c08c5d813c743effe9800b97a0e,06622,jandira,SP
d962481ccf3e97521018974422943966,164440f70c5ac5ad2f0029b7b44405ca,02440,sao paulo,SP
1083e818f31ccc3ffe523edf73b71df8,ada50f14fbe12c323a186812798725d6,89190,taio,SC
340525290b9d4ff2e6c145fa85918d39,1ca06486b67575a0fd2c9024db21bd99,89218,joinville,SC
7a704fc433bd27f103e167b4898c831d,0f113dd39658562f828e51410f67de15,13348,indaiatuba,SP
67fc18dd86245cfd653233ab73bc0887,8145c44bb7bf41f8f909ad6bf2e8567e,06435,barueri,SP
774aa06c60fb3845b46b5d97508521f3,44b8fd6a07abfd7a2bf9a3d698d5cf60,09404,ribeirao pires,SP
0b6f35a17065f42b4737c5978235e61a,c186b8803a338a3bb82a7ccb0d9008d4,25510,sao joao de meriti,RJ
4deff69c14a8ec4b5489328936af4214,37a8368e257edcccfe97f0edc7c72a96,29163,serra,ES
a48363bb61734f93041fbc103db9fe74,c07ca85bf9d30020143ff9debce16f46,06708,cotia,SP
80d1b0a1bf64b3976917a886a2dd62dd,5eef461e1881783a821d431b83d84a4c,04074,sao paulo,SP
21c0c4d41202817c20b246e5a5070ac4,0795cff5bef0159340da9d6f7aeeb99d,89896,itapiranga,SC
094341831b5ed4a4bf31a5d068bf485c,178e608a51a1033918913882d44a1e1e,33025,santa luzia,MG
1ad0dece6980bfb8fa8c3264637b77d9,9829beaaa12bacf208e129f2098913f7,73850,cristalina,GO
a9262f07bdf485ee87c6780a830ff83a,bf3d0b96c5568f51f70c45ac9c5f7278,06900,embu-guacu,SP
00694a1bf2da47e37b2bd3193eeae839,be062ffc58427d6c959180b68a67471d,12241,sao jose dos campos,SP
d52952f17a55695f6713b15d38c9af52,70d396f72bac7521d4546cb16cf4358b,97845,dezesseis de novembro,RS
b82b741535cb05a2dd990dc926db9a17,3acb4dcdeafc0df3064a7096d5458836,08762,mogi das cruzes,SP
3e6dfa790a707f380c06b3cc7377d744,62427dae018e2e825db2d1b95522d5ab,39260,varzea da palma,MG
e123e4ba94ecaa31147de27b7823547a,01525fe1e0d8e9616b2503260671d20d,29705,colatina,ES
802bcca31830ba447d6ffc3d71d5da80,c2bc57ea0f154bfbe8271a8c5d816d24,08557,poa,SP
d78f6069da55a04e77ac324ab187c2aa,c316b265607f1c464373e41abd702fd2,78780,alto araguaia,MT
5b170a1fa36d54e1a28fa50d6dca899f,831d3bb8c57b889a07aa4628a1a7e772,13212,jundiai,SP
1d5f7303f8a2248f42cf919af8d77cc3,f7ac7452ae241a5a36aaf9542c2428d5,86750,iguaracu,PR
1a270bd3424ebc7805d5e63c51957e12,61277dd809247a27f8d6f208b0bfeec4,76200,ipora,GO
bc673b29705cd8b01f9238a1dd8fdf3c,22d5281d79e54f3fe69b327fab808a26,96065,pelotas,RS
719e9763c8714da3c5a628d3de455ae8,447c020c99b8f3d3d0b6703d8790787e,13322,salto,SP
3a740ce117005b41daf0b3fa535b1dc7,4746432412e3484e8db19d5ac859841b,31260,belo horizonte,MG
64ad3c86c789e4ec8abda9f287bdacb4,dcf8ab9bc34d2f516f07ed071efdbe99,36046,juiz de fora,MG
bfea4a98ad57e429a31dab20bfe4375f,13fe2bd5cd6f09642f395ae04faa6b66,05665,sao paulo,SP
b86c70a0b240c0af80126a3ae79db4f8,c04141ca04cea1a280f56532ee49f5be,38170,perdizes,MG
c9f60908f2a9d84ff48f4650386eca94,abf410b2ca80a64cc2836e9f2d5d2ee5,06542,santana de parnaiba,SP
870a2ecbfbb1a8ab339c721efb886732,0425594ce6ced4d5634136ca63b98a27,02202,sao paulo,SP
9bf5369cd6c87944bc8586fca188efcf,15a6fabd8c57509ef6244ef21f9aa892,09171,santo andre,SP
b30192224acb66749e127b1e0c733d0f,c25d2fb6d22e04ce43c3652e3cacadad,22770,rio de janeiro,RJ
047a3fba37e3a757da4c9e67f0d110d3,d0af32188351a712457b3c6956da3c08,13806,mogi-mirim,SP
a61eb5acd0c3d2cb6a77f19c5935f0d7,ff9d224757c28c708ee4b5d66e2ca120,48900,juazeiro,BA
0b724a70ab89854f2f367fd0a41f1974,9230d476bb769173246f63a45d0000f5,13155,cosmopolis,SP
887a4af9b36671b35fac1219972a48db,94855d95a7421bcdae0e93a17e800945,86730,astorga,PR
a0ce4f6c04746a55b96b6344e07cceb1,cb5945cac103ca5023f09f3d8a70c7ef,53370,olinda,PE
91449a9f90feafcbfcb06adfa94f268e,206707511ef20c9605442006b8be234d,44840,tapiramuta,BA
fb44731890feab95ab8f71e54fcf3dc1,3876502c5a57f6a711f7a179801b16bd,77410,gurupi,TO
58636319a78146d1c98f4602f0839597,9f22fc34b3a0ddb490ca358d91062097,09910,diadema,SP
3ae6743add4443f5c662c762fad84f5b,97cf699c406cbe08617ab64b6edb0836,12233,sao jose dos campos,SP
b4fd3585cfff96f1762daa6a4c375895,6bfe4618e750145c9acc9987f9ba161c,72415,brasilia,DF
c4dc2f61b3a3548a9a879a265f8fdc92,bc5d06f01d205ccbe00aa95fc6672f0b,06447,barueri,SP
e060cc4070c78bb9c40c42771b995c68,00d96f54b90a6ffbe7361bcfdb85b0ba,29055,vitoria,ES
f072965e658fe6c9591cc88d5b6cd9fe,e10662a3c58883158721bcdbeda7dc78,13034,campinas,SP
091644e5b77192246134faa0a042a356,3d6ccc45f51d061c0632fb284770be14,12227,sao jose dos campos,SP
00ba7e4052ff6531f4e8aa0b0054318b,e46d6bcd22d95a9d167d807372d08add,13097,campinas,SP
953a4515d1eff98c3269cc3c42fcb779,61a9153088a4f16da81e88b864f7f0e7,13290,louveira,SP
51def764e5bbf0192ed1d8130cfce208,18310cb961d1f20bbaf428b22dc0e92d,20031,rio de janeiro,RJ
da108bc410acffb1400cf9caea65a332,ffec490ab531184a483efe2eedd68908,79091,campo grande,MS
72393b3af85fd0a02c785d385657a7e4,91a94e14af94f4ec7c8a29fba54d8243,93880,ararica,RS
73910b1013f7de5548a01ebc4792cf57,9e34a80e7b253af2ba1e258996dc3be3,37640,extrema,MG
9b1681324bf50ce1be7d23adb7416d3b,ea3074b990300d10be9cd57de434e133,09390,maua,SP
d6ef3328eedc908b44e74cc119e4af95,56230a25a1d71c48091eeae2e4024ade,04711,sao paulo,SP
234811afd212dd6c872ab11ca0eaf804,66c87d25828d3391f31eb04e585eaedd,13322,salto,SP
b13e1cfb791357c9519b5bdf6077e922,fc6c2db1e5fc8d4e826df52031c08dc6,87305,campo mourao,PR
a63fcd0e94a363c54647f26b254c6ee1,6aa3ab340cfc5f655a56e30d3285d753,02836,sao paulo,SP
8af31be19cce9c206cf14041082401d9,76472792d33f4c68457baca4d21fe0fd,66811,belem,PA
f96605120e03b2562298bbd2495d85f8,e5a069c00f4befe38d804cfc989ac919,26167,belford roxo,RJ
bbf72dd998cf3a7eead87da199b0bafd,8066fbdade39660254866b743cf22ec8,45848,itabela,BA
59e0d4564a850e47541812e373226501,3fbe5c847861e240fd6800517172694b,09780,sao bernardo do campo,SP
824f3575a98b7382fdaf20c8a67737ab,42c81f944761257c8df3b028e6b738cd,13460,nova odessa,SP
7b270ebc87c25c8404348c10ff80a80e,324a22205906aa2612a33e63c00ca8bb,31130,belo horizonte,MG
aba076c2e9967ef85e1f469444497298,830ec4bec4a5b574b3830e2242096439,01534,sao paulo,SP
1d40bf2da4a31578ce877c16addb89ac,60402d2ed0a99c9a8af5882ef0cf686c,87380,janiopolis,PR
f12f332ebbf1b1f68126b31bcc25429b,0adb179862977c93a9db8246e5e35970,35032,governador valadares,MG
ee76d186862db08ec487d67f0e5c7bc4,03b2cffef7bf1140a4dc136a673d6b11,14403,franca,SP
9a3a72f79c865e8d4778890226b127ef,d79ee1eeb9558345e7bbfd63a5350c7e,86860,jardim alegre,PR
2e64e5e8249adfb083002ba9557ad24a,83a3745968ab3d20063d8a5e801e9144,96745,charqueadas,RS
583f92cf005d530fb347398860f184c4,f4f57b6d32475f5a23596ecc34772860,59625,mossoro,RN
0b9e85491c194a97516c87f30a93abfa,cf50302e77f7141c5923c3bc84ceffaf,36884,muriae,MG
ce5ffe8a8840252e27f3e8d915bb52ab,bdcedf5204dfdd6fdf061f18affecab0,01533,sao paulo,SP
a03826b12390e0e13d71e2b420537298,7455b590c7515f6660d00332f6935f48,30820,belo horizonte,MG
ca55286eb1f92efc0b7b26632ff9645a,e95604d9da7d8c72fe4335fd3ab9b292,24756,sao goncalo,RJ
6804cebe528d82cfccaad1143fefbd38,035b968ba397e88fb108e40bc65de2b4,02612,sao paulo,SP
1b821d88761e953317becd1561e7d434,e57ace179a6a6c54f4c3d7c6f95f9f47,78635,agua boa,MT
0f3303966706b6737bc7a6a198d9caef,9bdce68d2e28700a6eec0cf066db9676,87053,maringa,PR
214218d25a570354c72674ee539a0857,7e546e83656dd4c1c2cdd1dfd0d31344,34800,caete,MG
c6018222eb46fd32b78fa3300a9636d5,52ce367c1150483f14d7cadb64838ac3,08473,sao paulo,SP
1e2624f5ee714374913f28e768ed0f60,5aaa50ef35dab9710bb7e8aa411f388d,58015,joao pessoa,PB
57de838eef2ecc95a8b6040a6a5157df,ae1c9c0f22ad209413028f81af2bf3c1,79420,camapua,MS
2079230c765a88530822a34a4cec2aa0,53b30ca78efb2b7efcd3f9e461587eb2,30210,belo horizonte,MG
d9f9425a078997c63496609bbd812501,af3729c6e1d8559e4362e34fca43987a,78075,cuiaba,MT
11d25c17e5a4fc7c1fa5d93fd8864e69,acc374bd9024806a83121b1d2565db2f,96214,rio grande,RS
f5afa12435f1d113ad3e53d1fbbcdaa9,ebeaa56fbd251db9fe6d26e599b375ed,04191,sao paulo,SP
33e9f4b9cf16be89234b0eac5a37173c,e32aa4e5230e4f78cd989b979fc4279b,87203,cianorte,PR
ac4481e756b60f32c809a56fc36471e9,94b0e4bd4388699a0edf525edb0972f5,29136,viana,ES
6e37091e698b4eededd017fa87a1ce5b,d1b1a515d00c439c119352339757376c,37520,pedralva,MG
a6d5d3636fac08d83cdda01174465f15,291c3f1c62fd6345dc10eba6b50fc6f5,28970,araruama,RJ
8a8f4a93942a74ef55e00021748bf25c,1c6003f7ae093e364f4217237e88cdaa,04890,sao paulo,SP
d857da430914a545da2201e96e5bce9c,d0e376592a3036444738ee6a426785c1,04675,sao paulo,SP
10a5943f74a8f7f9a8e3785ac0a01cea,0c5e290d64f5149ee73d9cc080d15028,21760,rio de janeiro,RJ
ae8d66e811a5685e813d4fabe3b805a6,7c67f115342d01560cd438fad6346a3c,19700,paraguacu paulista,SP
f51367b72c767679f023f314616c1e6f,54f3534b06647f1edaf5eea3d12c698f,35162,ipatinga,MG
f3721694bcec86501e4a19cf459d3b28,b845ca585648feec8dccd229c0ce48ee,38700,patos de minas,MG
b9cadcd6906737e12a04a48dfd818a90,53798a00c6c13be66996cc6058fbe339,95190,sao marcos,RS
5848ef3f994e18c5121d291e0daedc81,7e59d854b9bb4cbb2c85fcd93877c694,08527,ferraz de vasconcelos,SP
fb1583c423fa1bb0c93f03d1dd0b9622,3fcc995279b3ef5e452cbc40e06aef5b,15060,sao jose do rio preto,SP
73c2df352cbd86c80f9aaa6da043d2f1,cfa872ed9da801b38016e10d18653b97,80410,curitiba,PR
97ae9af8fd08e9d6027793548cf1f4e1,70c976663a07ebfd35d81c6179258391,03081,sao paulo,SP
04eab1d81968c50de538547eaa7ce532,ede8f3660e869a9ae3b6f9c68ce47ab5,15091,sao jose do rio preto,SP
ee8ccd2ba674c9e779e88e96a2595936,770834d5e75dfa9c6f81de0791da6715,04543,sao paulo,SP
d7413590f94e1fa23e820721e53e013d,4daa117393e38a804850e13486899605,11025,santos,SP
3a43094a902edb6ab100101182c5c2f0,1971de7b2eeea48051111fe229d3f7e2,04284,sao paulo,SP
ae5ba6d5577f1b5e2db6fa6d96a9dbd9,3f221c8e33a9afc371b1d9f0c142e93f,13625,santa cruz da conceicao,SP
0fbcccee7916948cfe0c96fc1d19ea00,04da0a4a4eddc5463976425307e42b7d,04251,sao paulo,SP
55fc561cdd959beb7c1b679f4f42c732,d5ef13f67eb8a4287538c0b0e8eae171,18603,botucatu,SP
bc7eb769eeb68a51edf0205462dc15de,db5926d4ade42690095dd9e633ca8e5b,89082,indaial,SC
98e5352560be36e212fd37586d7f6409,c4c088737a539f84fab061a3299dfe58,22753,rio de janeiro,RJ
5bf659be3540f83e2f8f4dd67fd1dcfd,c14b11702328f44976fafe3706b60c7b,25745,petropolis,RJ
79183c117e87633c8857a8e01127a18e,f353f13d3d9a5295b9e2771d68bf71ab,37701,pocos de caldas,MG
641cc3ed9b805233ffd9d29dba7f7370,d970a2354b55cfb67fa5840b9b4936ed,81690,curitiba,PR
b9f66f0da7f1dcb542b44a18581c8aaa,a5ab54f360315caf862b190789e3c4b5,17690,bastos,SP
ab90b1f7d064000a9389493c14ec0232,4e3422c5b69f6a3a867b1a3ddf3f5299,24230,niteroi,RJ
e35fd9b6c85b42d4c8461db5f1b4afc6,a8dfa2f7cc4201b705d78520400bf47a,30775,belo horizonte,MG
d9919a807634bcd9e9e474117595f7d9,b60ebccd69ad3836830dd0e407c4cd13,81870,curitiba,PR
2a8ca956e86443110f087a53ae82b52f,0ea5a9c83f775d940ef00bbbcef347cf,88138,palhoca,SC
0994f4004d043a6b92949b75744e0e52,8087ebdbfc13d2aef5f18e68f0f83509,88708,tubarao,SC
08c5351a6aca1c1589a38f244edeee9d,b7d76e111c89f7ebf14761390f0f7d17,69309,boa vista,RR
f858513de32fba312a3e5a156f2c8908,dea2be93aff1f97cf26583b4928107b8,02402,sao paulo,SP
e9f46540ef118e5937bafbb8bbcaa09b,3e725d14ef3c693cf7fb787dfb82b229,05183,sao paulo,SP
891e43360de6c95937fde8f4d6672658,8e4e4ceda64e14b101cab139610ec8c4,03977,sao paulo,SP
889c0258aef3619626b02c8ee0343cde,a6ef5389c39bf0bc6bce36232eab586a,13800,mogi mirim,SP
ac5d9952787cc10cb1cee5d1f68c0b4d,fef8b9e7aa9a91bd365f533daf35b33e,31842,belo horizonte,MG
6e27bba7912469fdd0527f2c6c8ea100,1fbd81e4d0a0cf9125ca038b43533b7f,28500,cantagalo,RJ
ae8db3ad1465ebe372f722f5d3dd5739,d6f2fb3970b1a584b2f88ed42edbfdb0,03156,sao paulo,SP
eb097f0bc1c67934f3172862f49f082d,3932bd59c5d6ff8874b63212ecb459f0,05761,sao paulo,SP
787b495451c8e31d9383f73a96184115,f9378d80f9470dd70eff36b8795811d6,88506,lages,SC
55f7adf99fd2a2c01af34e2dfa272c9f,f9ae226291893fda10af7965268fb7f6,07131,guarulhos,SP
7a0a62073458a64b47eefca7f10df997,1e205cb5b560915fb3923bb9bdc41d93,05662,sao paulo,SP
6c3e9edd435212d79004e2328c4fe0ba,90e57819e51c6f3f589ee122451616fe,03976,sao paulo,SP
3a6593692ab61c6618b23ddce7347ceb,002eb8b96288f3804e21d2777ac29895,32655,betim,MG
f521a7efe39c29935169acd2d1074f76,47e7ed66ea0473c633633d75c8aa07d4,17350,igaracu do tiete,SP
d81352b3fa189b687428ee79b94491a7,aff1a2ccef42609734df1e8ae42feb91,78025,cuiaba,MT
cc5eb0cc159057a89bf808454eab21ca,88e7bfd576fd00983d375746cdcac123,09851,sao bernardo do campo,SP
8ac0a23bbeb76d7c5244660c19f9d552,e7d5de91fe8d6cebf5cbe74b9dae01bc,07950,francisco morato,SP
6624813688ccf41b6807e77a9f194c2b,e6a357e59fe2d9269e1a87bd55f0425f,09971,diadema,SP
078ea5f10bc5c1fc06b34ee38c7ed24c,4de1b8a190af808d50df62c07a75c2ec,22030,rio de janeiro,RJ
dd1b84a7286eb4524d52af4256c0ba24,cce5e8188bf42ffb3bb5b18ff58f5965,07261,guarulhos,SP
47159eaf5092747bb560f38b5acdd0da,6cfbad53d4f179f70fa6016ae164296e,06867,itapecerica da serra,SP
f6990f08f8262f1a0a9db4839fdd4109,bbd9055963c1d7ed19a03ace1db72f96,15807,catanduva,SP
5eecda6ad529c01c64a0dc71cfc02f17,14836decc7195459c2fb090c8173fac6,04827,sao paulo,SP
e242cc31bb959efeb371ef849627593f,f0426ee5a4561237113a62b40855f80d,84600,uniao da vitoria,PR
6d2eff8b896317be39088c57f793c025,4a4e1fe09026d5e9a8fef9f18ca402c3,66120,belem,PA
9c5a04b217ec8c874f1ef224f8847bf7,6d018916b5735920ff598291edfa8c89,53090,olinda,PE
2f2b54617adfcebcaba988cf6a78ef7a,31a27168afac5428a9dbaaa041af2082,70687,brasilia,DF
569d0542c214c1f833112efb87157c01,9b9f9eb886f72924c825f89b68266efc,82530,curitiba,PR
9e9d917a4dcbc69e41a7772dbe236713,bdef31d99f26ca1e24b0372bfec8db7a,13600,araras,SP
389efb68674e38efb4ce37a9b72ca36f,e2f6bab7ca0c3df4cdbddfea495732dc,69057,manaus,AM
6c21cc8db9c67fb803014381d506cb29,acb77cf957357d4e770e8f809495da98,04635,sao paulo,SP
54d0cdd30e650c9f5abdb8ee917dca6b,5254cf3932add60ef66f9730b2315cc9,17540,ocaucu,SP
511ccb3aafea18b48241f081b07dbba3,eaa604ab9f816252edb7a8d297f932e5,35051,governador valadares,MG
dbe0f00a51158c7c60c7de899c9562d9,733f89dbe1cd8580321aacd8766dd437,13286,vinhedo,SP
fdeef3ab1f545e40afb89b67d3979118,02ba802031bd2351ccc570b0d7581592,09941,diadema,SP
679d4ea2fbd7a090a67bde09ad348e8e,9c0e3b85d08c322f8cd16873942b0dea,35182,timoteo,MG
3ebeba9f61602359f1c6ff15d88d31fb,0537b5ab20888f8cb3f5e2c1dec3841d,27923,macae,RJ
f6963c402e9578d2b2d1739e5fc00e39,947a9b8fcdeb84f01cca81018d99f5f8,79603,tres lagoas,MS
7d6e327dc7acc214784c12a1848a4c0c,a4933e2aee9bd54eb7ee6d33bd68e6fb,77006,palmas,TO
b7f9b875753a063ace2e4ac9b0531a69,1ce879e096d3c38f230acdab7165332e,04269,sao paulo,SP
64573453bdba984df0f2255736f776ba,ee8436246016d74854f12810cc105ce0,13160,artur nogueira,SP
57a6216eb0afc73e36832f630331ffc0,f8843ee8151578cf0f7f2679ea859023,85700,barracao,PR
48ee4490f797cdb00bf00f9255351ee4,36c2f8a28196fc5987d669d8e043178a,94198,gravatai,RS
135366749a34710bc46eb15cb5db3531,055e3d2a2a5a60055ea33e135227bf99,68543,floresta do araguaia,PA
ad2b0a762916fd035a887d161c19445b,b586d4a0d17d6300b4eb8da5f043c556,58297,rio tinto,PB
a5d6b2f5be2eca026d50b24773ef1113,651cd1b09c19982ff7e2174ff41ff18c,14770,colina,SP
dd3de1d94c4a7be4f1be8984e936f004,f54f82238917d57a362322d78f272dbe,26443,japeri,RJ
4b5ea9d1e61ab5eba117fd91eb7862b9,4a3fb4e575d9d1d9d2fc18007e0eb9fd,62590,itarema,CE
f6707ad9321dba0eba6285da8c77b7e4,d0cca06294eeb5485945d73603e8b949,13040,campinas,SP
99dbdde50aa099bb65865d1d444bea15,0ceb75853abfb1e768f2c87d8b89efd0,21370,rio de janeiro,RJ
13f048312e6fe99823667c83ba371c8d,4ff80d3874e8499842e1672707540a73,14400,franca,SP
f9186c4eba8c803ac493a2ea4a189fc7,0ef86c70dde0066d9348655fc4e95470,01229,sao paulo,SP
4867e76ef4bdc75f3ffa97fd17ff7c30,0a33cf6799b4df9890e2319f566adf63,13084,campinas,SP
ec33d3fc0f4da0b41f352f62cbaed8dd,a6affac0f40ec67759b4452a848445a9,79074,campo grande,MS
befb9c2cbe0ffcea1a14e6be4f71cc9c,8d21edcc71e72f7f25167cc5276b7559,25268,duque de caxias,RJ
ac7c0515474bc3f9cf19474ee4d228eb,2e84e96b60a44cf2226f416f7b56d031,41321,salvador,BA
dd2b489e0d54de04ef56427126b0d480,c38c7a58e8f7e3509fa51119a3a0973a,18025,sorocaba,SP
74f3420d05bc68c7aca52b3b73fc9ae2,2f2fb0ce185e0a8b0f7b54b2a955ecd2,99700,erechim,RS
01fb9c979f94a851f92484ae6d6bc41d,2ce5ab213c50be66dd4b323e0cdd09ef,15780,santa rita d'oeste,SP
6f8a90f42a1120e42bf3db98b595040f,89a1e0a84aba551138fef6fcf098964b,41290,salvador,BA
a52734ee63bbdd3515b91c523b2063ec,be6142cc0f610cf3fdf18d60f2498894,13806,mogi-mirim,SP
e92d90e8ad82e5d8a8e3dafa9586b298,0b7caf7ff956cc070a821dbff941242e,88132,palhoca,SC
a40455e8783b666b28e506a7ccd93389,facc087c068e6e5424422d532c1cf738,20271,rio de janeiro,RJ
5681c6fa141b43aaa13277dd0fd30b76,6edb6d37f4e385515f898b31dafe8fde,89270,guaramirim,SC
6fac8a7f89a9c17f55520dc1f6ff2c88,9cee985fec14f8cc2368f17ac2abea8f,18087,sorocaba,SP
35cc86e02062cda7f52208ab92493200,f34a975fbd9146962c2a2171c158df34,06435,barueri,SP
42e4ba168ec81ad850d53a5cfd176cf2,987d5b010e191df912565bf4380c4000,05419,sao paulo,SP
e2bfd0a3a3e2677586821cb7f3a27d07,9c5378dd26d0e55f55eba2e800765a6b,44730,caem,BA
26e8e802cb73999e3590693b1f97a00a,e529e4cbddbbb69c9a8a938f097085f6,39500,monte azul,MG
6dcc24988b3cf3be1c025f5e6d17fe49,2a7ba86bfe5b3b196de840ad96adb597,03579,sao paulo,SP
4cb3cebdeb4cd995bf7aa8d6a2311734,82241754c9cda9fc1cd569cd663b5dec,36700,leopoldina,MG
993d3aaa8f72c48c09cfe10946eb7c6b,05378bc3a8e9dd6da066418c0e156a0c,88340,camboriu,SC
d8b1047c56cbd858aa50fb5bf85976cf,187c74ed70b218f20052e4cd81c535a4,21235,rio de janeiro,RJ
c3e8db626762eb8fb15e22b7dcc79283,d8cc3231a8eda4409875bb69bb91f594,13060,campinas,SP
011263a2375678dc8d8fcda1c3e11cd9,c6781a2c32fe1084d3aaa4eaba5f11e0,36500,uba,MG
d4f33d75831b7cfcfb2cbede8e0c7cbb,aef1db2c61a9e712fe5a0ab9fa4f56be,18708,avare,SP
4c756f2c4da833ba391a526d128e1fbf,707464f6fc1bb8238162a2ed443d226a,22743,rio de janeiro,RJ
6a2e3e4639c96b312ab2bf09548fb2a7,6f7f41a4dd72618dc4b328329ef1182c,12241,sao jose dos campos,SP
18a0e3a650bfc5f55df2c50a0af08378,092efb5efa2f61b05793f71115ca2469,03281,sao paulo,SP
73910c380c76a4dca24e4e6bfdad16e2,119cb28909c55bbc281118dd8a086906,22713,rio de janeiro,RJ
1aac2b5adf8aec2c00fe67d06aa8ebc2,96fab6e511253d619ab79a63c31b29c4,08240,sao paulo,SP
a786efe0406935f2855160ab59901712,ed377ac5da552cf327d3f28c350fbbe5,96700,sao jeronimo,RS
06201fb5b7821133eab9fe2113d7e6b5,8704d77f2ebfc69c6059aa7954b10c5d,96070,pelotas,RS
510afdc891236e163630afa457975472,4473c7b8da89833fc08fcd3443faea81,21230,rio de janeiro,RJ
46b385c6d972b73cbcf797a8b16c072d,b2d2b4204f7fc4b4aeca38e3cd680a7e,13083,campinas,SP
1be3deb75d2f1f4fdfbd22c4650136f6,d144a54689821ddb869b47752b536cef,28941,sao pedro da aldeia,RJ
3581cfadb118ba1d36cffc71b47efa39,b1e12d161a96fad9fd17d98cb73e619e,25620,petropolis,RJ
cfda40ca8dd0a5d486a9635b611b398a,3bc508d482a402715be4d5cf4020cc81,13170,sumare,SP
01208d73b8f2d0e10347aae1242a12fa,ad5db7237bf82b05272008e7ff2ce225,70355,brasilia,DF
36215c1129f4b3642a7cd36350c00d44,325dfeb1809ea61290f5d3f2adafcda7,58036,joao pessoa,PB
d812a9b5f458bcf0843f65dd9f5253ef,5adb335dc5587a3e8a1518e1a28761d5,13010,campinas,SP
9d0de91dce95d8fa5c802759b2a6b871,fce2110c3a46dbae270b60645bf932a1,30642,belo horizonte,MG
b80ecede4483f7ca92378b5b0903bb6e,aa69091f4d619f53b251229ddc31aa8e,03590,sao paulo,SP
24ef921a5c32a36263d909a364456f0f,1992146816d350e4fe382d9dc72932ab,14140,cravinhos,SP
b4f9dd42f0acb4d7ca92cc9eddf4d56c,79f8edc55e3d120e51eadb6ef67776cb,05767,sao paulo,SP
0eab5c860fac0aff7a9ef8f11deced68,8b4fb50121e80492650750b1f1356b83,06020,osasco,SP
0ed7a6b94c234ca60cb9c4812c1fd044,6d97028799b1d0a91160e11d45cfeb7b,39730,virginopolis,MG
8881342d751d2d1f75196259e19b25ad,789554c10861def772c48f37a41dde08,76100,sao luis de montes belos,GO
7a692b1ff18c8c21156b886e02e80040,c8befcc96d8aeb7181c618aa56d9d624,07500,santa isabel,SP
ed0af0bffd15b256920c280aee9e5dde,ef29319e9bf960c436e9a2d94a9e4193,37690,sapucai-mirim,MG
ed1d3344630551529af3894e65b1ca57,5cda4f6c416dc05d4ed3cb81592d8b76,12221,sao jose dos campos,SP
cc6047333b8307011b59de309487b678,f2c91a2cf8ce8e8cd3c26cc26fa7bdf4,76300,ceres,GO
246ecd502d6e6d53f5103fdc161c2e6c,34268e8d4f9c080f23029cd9274bebce,39800,teofilo otoni,MG
76696c96f4cfa5fbaa17fdcced323c9b,bd66c00af90ff5a3bb62a0c9639921ba,62170,mucambo,CE
b3d3bd9297ddef4e81dc0f8661d605d4,722f06d0d1882a157cc59c93da7e3a61,30380,belo horizonte,MG
05cf99f3501b95c29357f026d4383c6e,b9098ca31829018dfe8aa187630aa829,04821,sao paulo,SP
aa19484ec6282b1a5a8a73035bb402ed,947bb4afae73d38f9abf4505d5876995,28020,campos dos goytacazes,RJ
fcf0a8e930625f8e0e76ee66eba88402,4e12422635d70f004d852b15b3614751,03201,sao paulo,SP
db147afc51da134594884b8ad4364d35,2887c7322bdeddcfc666b5f2d9c545d5,87300,campo mourao,PR
6d036be2310d04cd23d731538e7379df,920df3435f8c6487bd257a04369c09be,31748,belo horizonte,MG
8bd366ffda4873f0d2e1b9112041718a,a7f8b23aaf522616c6c7daa2a3753247,58045,joao pessoa,PB
